visitorid,event_rows,known_category_event_rows,unknown_category_event_rows,category_coverage,category_coverage_flag,zero_view_denominator,zero_known_category_denominator,view_event_rows,snapshot_id
172,38,36,2,0.9473684210526315,1,0,0,33,snapshot_20150919T025947Z
186,4,4,0,1.0,1,0,0,2,snapshot_20150919T025947Z
264,7,7,0,1.0,1,0,0,3,snapshot_20150919T025947Z
419,6,4,2,0.6666666666666666,1,0,0,4,snapshot_20150919T025947Z
539,7,7,0,1.0,1,0,0,4,snapshot_20150919T025947Z
627,19,19,0,1.0,1,0,0,17,snapshot_20150919T025947Z
795,16,12,4,0.75,1,0,0,14,snapshot_20150919T025947Z
914,3,3,0,1.0,1,0,0,1,snapshot_20150919T025947Z
964,8,8,0,1.0,1,0,0,6,snapshot_20150919T025947Z
1032,7,7,0,1.0,1,0,0,5,snapshot_20150919T025947Z
1636,3,0,3,0.0,0,0,1,2,snapshot_20150919T025947Z
1765,14,14,0,1.0,1,0,0,11,snapshot_20150919T025947Z
2019,32,31,1,0.96875,1,0,0,27,snapshot_20150919T025947Z
2133,3,0,3,0.0,0,0,1,1,snapshot_20150919T025947Z
2216,5,5,0,1.0,1,0,0,3,snapshot_20150919T025947Z
2242,19,18,1,0.9473684210526315,1,0,0,17,snapshot_20150919T025947Z
2468,4,0,4,0.0,0,0,1,2,snapshot_20150919T025947Z
2519,16,16,0,1.0,1,0,0,14,snapshot_20150919T025947Z
2598,5,5,0,1.0,1,0,0,2,snapshot_20150919T025947Z
2646,9,9,0,1.0,1,0,0,7,snapshot_20150919T025947Z
2807,5,5,0,1.0,1,0,0,4,snapshot_20150919T025947Z
3048,2,0,2,0.0,0,1,1,0,snapshot_20150919T025947Z
3104,48,35,13,0.7291666666666666,1,0,0,44,snapshot_20150919T025947Z
3171,4,4,0,1.0,1,0,0,2,snapshot_20150919T025947Z
3174,5,4,1,0.8,1,0,0,3,snapshot_20150919T025947Z
3251,3,3,0,1.0,1,0,0,1,snapshot_20150919T025947Z
3258,26,26,0,1.0,1,0,0,18,snapshot_20150919T025947Z
3404,8,8,0,1.0,1,0,0,6,snapshot_20150919T025947Z
3465,8,8,0,1.0,1,0,0,2,snapshot_20150919T025947Z
3581,3,3,0,1.0,1,0,0,1,snapshot_20150919T025947Z
3847,5,5,0,1.0,1,0,0,3,snapshot_20150919T025947Z
3896,3,3,0,1.0,1,0,0,1,snapshot_20150919T025947Z
3926,14,11,3,0.7857142857142857,1,0,0,8,snapshot_20150919T025947Z
3936,17,17,0,1.0,1,0,0,14,snapshot_20150919T025947Z
4061,4,4,0,1.0,1,0,0,2,snapshot_20150919T025947Z
4101,26,11,15,0.4230769230769231,1,0,0,18,snapshot_20150919T025947Z
4113,17,13,4,0.7647058823529411,1,0,0,15,snapshot_20150919T025947Z
4115,8,8,0,1.0,1,0,0,4,snapshot_20150919T025947Z
4241,3,3,0,1.0,1,0,0,1,snapshot_20150919T025947Z
4368,10,10,0,1.0,1,0,0,8,snapshot_20150919T025947Z
4537,10,9,1,0.9,1,0,0,5,snapshot_20150919T025947Z
4606,7,3,4,0.42857142857142855,1,0,0,3,snapshot_20150919T025947Z
4694,6,4,2,0.6666666666666666,1,0,0,2,snapshot_20150919T025947Z
4899,6,6,0,1.0,1,0,0,4,snapshot_20150919T025947Z
5042,13,13,0,1.0,1,0,0,7,snapshot_20150919T025947Z
5061,3,3,0,1.0,1,0,0,1,snapshot_20150919T025947Z
5117,11,9,2,0.8181818181818182,1,0,0,9,snapshot_20150919T025947Z
5207,12,12,0,1.0,1,0,0,10,snapshot_20150919T025947Z
5423,3,3,0,1.0,1,0,0,1,snapshot_20150919T025947Z
5703,10,10,0,1.0,1,0,0,6,snapshot_20150919T025947Z
5939,4,4,0,1.0,1,0,0,2,snapshot_20150919T025947Z
6029,29,0,29,0.0,0,0,1,27,snapshot_20150919T025947Z
6190,3,0,3,0.0,0,0,1,1,snapshot_20150919T025947Z
6265,1,1,0,1.0,1,1,0,0,snapshot_20150919T025947Z
6390,3,3,0,1.0,1,1,0,0,snapshot_20150919T025947Z
6431,4,4,0,1.0,1,0,0,2,snapshot_20150919T025947Z
6468,18,18,0,1.0,1,0,0,10,snapshot_20150919T025947Z
6618,4,4,0,1.0,1,0,0,2,snapshot_20150919T025947Z
6699,104,0,104,0.0,0,0,1,92,snapshot_20150919T025947Z
6750,9,9,0,1.0,1,0,0,7,snapshot_20150919T025947Z
6855,4,4,0,1.0,1,0,0,2,snapshot_20150919T025947Z
6911,3,3,0,1.0,1,0,0,1,snapshot_20150919T025947Z
6952,14,14,0,1.0,1,0,0,8,snapshot_20150919T025947Z
6955,3,3,0,1.0,1,0,0,1,snapshot_20150919T025947Z
6958,266,266,0,1.0,1,0,0,77,snapshot_20150919T025947Z
7016,9,7,2,0.7777777777777778,1,0,0,5,snapshot_20150919T025947Z
7244,4,4,0,1.0,1,0,0,1,snapshot_20150919T025947Z
7330,5,0,5,0.0,0,0,1,3,snapshot_20150919T025947Z
7633,6,6,0,1.0,1,0,0,4,snapshot_20150919T025947Z
7773,2,2,0,1.0,1,0,0,1,snapshot_20150919T025947Z
7969,17,5,12,0.29411764705882354,1,0,0,15,snapshot_20150919T025947Z
8043,10,10,0,1.0,1,0,0,6,snapshot_20150919T025947Z
8083,8,8,0,1.0,1,0,0,6,snapshot_20150919T025947Z
8314,2,0,2,0.0,0,0,1,1,snapshot_20150919T025947Z
8411,11,11,0,1.0,1,0,0,7,snapshot_20150919T025947Z
8516,9,6,3,0.6666666666666666,1,0,0,7,snapshot_20150919T025947Z
8670,12,12,0,1.0,1,0,0,10,snapshot_20150919T025947Z
8731,9,9,0,1.0,1,0,0,5,snapshot_20150919T025947Z
8876,3,0,3,0.0,0,0,1,1,snapshot_20150919T025947Z
8914,38,9,29,0.23684210526315788,1,0,0,35,snapshot_20150919T025947Z
9079,8,8,0,1.0,1,0,0,4,snapshot_20150919T025947Z
9099,6,6,0,1.0,1,0,0,4,snapshot_20150919T025947Z
9145,23,23,0,1.0,1,0,0,11,snapshot_20150919T025947Z
9155,3,3,0,1.0,1,1,0,0,snapshot_20150919T025947Z
9235,2,2,0,1.0,1,0,0,1,snapshot_20150919T025947Z
9498,6,6,0,1.0,1,0,0,4,snapshot_20150919T025947Z
9519,3,3,0,1.0,1,0,0,1,snapshot_20150919T025947Z
10023,11,11,0,1.0,1,0,0,7,snapshot_20150919T025947Z
10248,3,3,0,1.0,1,0,0,1,snapshot_20150919T025947Z
10443,3,3,0,1.0,1,0,0,1,snapshot_20150919T025947Z
10539,9,9,0,1.0,1,0,0,7,snapshot_20150919T025947Z
10560,4,0,4,0.0,0,0,1,3,snapshot_20150919T025947Z
10685,3,0,3,0.0,0,0,1,1,snapshot_20150919T025947Z
11172,6,6,0,1.0,1,0,0,4,snapshot_20150919T025947Z
11209,22,14,8,0.6363636363636364,1,0,0,13,snapshot_20150919T025947Z
11248,13,5,8,0.38461538461538464,1,0,0,6,snapshot_20150919T025947Z
11287,4,4,0,1.0,1,0,0,2,snapshot_20150919T025947Z
11333,52,48,4,0.9230769230769231,1,0,0,47,snapshot_20150919T025947Z
11438,4,4,0,1.0,1,0,0,2,snapshot_20150919T025947Z
11462,20,20,0,1.0,1,0,0,18,snapshot_20150919T025947Z
11508,6,6,0,1.0,1,0,0,4,snapshot_20150919T025947Z
12046,13,2,11,0.15384615384615385,1,0,0,2,snapshot_20150919T025947Z
12067,5,5,0,1.0,1,0,0,4,snapshot_20150919T025947Z
12134,2,2,0,1.0,1,1,0,0,snapshot_20150919T025947Z
12148,31,25,6,0.8064516129032258,1,0,0,25,snapshot_20150919T025947Z
12295,5,0,5,0.0,0,0,1,3,snapshot_20150919T025947Z
12356,62,54,8,0.8709677419354839,1,0,0,60,snapshot_20150919T025947Z
12506,7,7,0,1.0,1,0,0,3,snapshot_20150919T025947Z
12579,165,124,41,0.7515151515151515,1,0,0,140,snapshot_20150919T025947Z
13151,10,10,0,1.0,1,0,0,4,snapshot_20150919T025947Z
13240,3,3,0,1.0,1,0,0,1,snapshot_20150919T025947Z
13455,19,13,6,0.6842105263157895,1,0,0,13,snapshot_20150919T025947Z
13764,5,5,0,1.0,1,0,0,3,snapshot_20150919T025947Z
13833,17,17,0,1.0,1,0,0,11,snapshot_20150919T025947Z
14618,4,4,0,1.0,1,0,0,2,snapshot_20150919T025947Z
14796,5,5,0,1.0,1,0,0,2,snapshot_20150919T025947Z
14885,6,5,1,0.8333333333333334,1,0,0,4,snapshot_20150919T025947Z
14903,5,5,0,1.0,1,0,0,3,snapshot_20150919T025947Z
15218,2,2,0,1.0,1,0,0,1,snapshot_20150919T025947Z
15299,6,6,0,1.0,1,0,0,4,snapshot_20150919T025947Z
15318,3,3,0,1.0,1,0,0,1,snapshot_20150919T025947Z
15653,19,19,0,1.0,1,0,0,15,snapshot_20150919T025947Z
15852,3,3,0,1.0,1,0,0,1,snapshot_20150919T025947Z
16158,5,5,0,1.0,1,0,0,3,snapshot_20150919T025947Z
16357,5,4,1,0.8,1,0,0,3,snapshot_20150919T025947Z
16655,11,10,1,0.9090909090909091,1,0,0,7,snapshot_20150919T025947Z
16766,3,3,0,1.0,1,0,0,1,snapshot_20150919T025947Z
16945,3,3,0,1.0,1,0,0,1,snapshot_20150919T025947Z
16975,3,3,0,1.0,1,0,0,1,snapshot_20150919T025947Z
17028,17,3,14,0.17647058823529413,1,0,0,15,snapshot_20150919T025947Z
17067,7,0,7,0.0,0,0,1,5,snapshot_20150919T025947Z
17476,39,39,0,1.0,1,0,0,20,snapshot_20150919T025947Z
17569,3,3,0,1.0,1,0,0,1,snapshot_20150919T025947Z
17591,15,15,0,1.0,1,0,0,11,snapshot_20150919T025947Z
17629,11,10,1,0.9090909090909091,1,0,0,6,snapshot_20150919T025947Z
17676,274,250,24,0.9124087591240876,1,0,0,179,snapshot_20150919T025947Z
17746,4,3,1,0.75,1,0,0,2,snapshot_20150919T025947Z
17800,4,4,0,1.0,1,0,0,2,snapshot_20150919T025947Z
17857,12,12,0,1.0,1,0,0,10,snapshot_20150919T025947Z
17970,6,6,0,1.0,1,0,0,4,snapshot_20150919T025947Z
18024,16,15,1,0.9375,1,0,0,15,snapshot_20150919T025947Z
18029,3,1,2,0.3333333333333333,1,0,0,1,snapshot_20150919T025947Z
18032,3,0,3,0.0,0,0,1,1,snapshot_20150919T025947Z
18060,10,0,10,0.0,0,0,1,7,snapshot_20150919T025947Z
18195,5,0,5,0.0,0,0,1,2,snapshot_20150919T025947Z
18197,13,13,0,1.0,1,0,0,10,snapshot_20150919T025947Z
18424,27,27,0,1.0,1,0,0,21,snapshot_20150919T025947Z
18573,25,23,2,0.92,1,0,0,19,snapshot_20150919T025947Z
18688,4,3,1,0.75,1,0,0,2,snapshot_20150919T025947Z
19052,6,6,0,1.0,1,0,0,4,snapshot_20150919T025947Z
19206,5,5,0,1.0,1,0,0,2,snapshot_20150919T025947Z
19268,4,4,0,1.0,1,0,0,2,snapshot_20150919T025947Z
19500,2,2,0,1.0,1,1,0,0,snapshot_20150919T025947Z
19506,18,18,0,1.0,1,0,0,15,snapshot_20150919T025947Z
19512,2,2,0,1.0,1,0,0,1,snapshot_20150919T025947Z
19832,19,19,0,1.0,1,0,0,17,snapshot_20150919T025947Z
19967,31,16,15,0.5161290322580645,1,0,0,29,snapshot_20150919T025947Z
20099,9,0,9,0.0,0,0,1,8,snapshot_20150919T025947Z
20167,7,7,0,1.0,1,0,0,4,snapshot_20150919T025947Z
20389,5,5,0,1.0,1,0,0,3,snapshot_20150919T025947Z
20815,4,4,0,1.0,1,0,0,2,snapshot_20150919T025947Z
20984,8,8,0,1.0,1,0,0,6,snapshot_20150919T025947Z
21048,4,4,0,1.0,1,0,0,2,snapshot_20150919T025947Z
21070,7,7,0,1.0,1,0,0,5,snapshot_20150919T025947Z
21079,3,3,0,1.0,1,0,0,1,snapshot_20150919T025947Z
21302,5,5,0,1.0,1,0,0,3,snapshot_20150919T025947Z
21574,10,10,0,1.0,1,0,0,8,snapshot_20150919T025947Z
21610,30,29,1,0.9666666666666667,1,0,0,21,snapshot_20150919T025947Z
21712,58,41,17,0.7068965517241379,1,0,0,37,snapshot_20150919T025947Z
21976,11,2,9,0.18181818181818182,1,0,0,9,snapshot_20150919T025947Z
22079,4,4,0,1.0,1,0,0,2,snapshot_20150919T025947Z
22090,4,4,0,1.0,1,0,0,2,snapshot_20150919T025947Z
22276,10,10,0,1.0,1,0,0,8,snapshot_20150919T025947Z
22596,3,3,0,1.0,1,0,0,1,snapshot_20150919T025947Z
22666,6,6,0,1.0,1,0,0,4,snapshot_20150919T025947Z
22778,10,10,0,1.0,1,0,0,6,snapshot_20150919T025947Z
22944,6,6,0,1.0,1,0,0,4,snapshot_20150919T025947Z
22990,58,32,26,0.5517241379310345,1,0,0,33,snapshot_20150919T025947Z
22998,14,12,2,0.8571428571428571,1,0,0,12,snapshot_20150919T025947Z
23076,35,34,1,0.9714285714285714,1,0,0,29,snapshot_20150919T025947Z
23497,5,0,5,0.0,0,0,1,3,snapshot_20150919T025947Z
23645,3,3,0,1.0,1,0,0,1,snapshot_20150919T025947Z
23730,4,4,0,1.0,1,0,0,2,snapshot_20150919T025947Z
23964,2,0,2,0.0,0,1,1,0,snapshot_20150919T025947Z
24067,5,5,0,1.0,1,0,0,2,snapshot_20150919T025947Z
24142,3,3,0,1.0,1,0,0,1,snapshot_20150919T025947Z
24166,3,3,0,1.0,1,0,0,1,snapshot_20150919T025947Z
24409,15,15,0,1.0,1,0,0,11,snapshot_20150919T025947Z
24644,25,25,0,1.0,1,0,0,22,snapshot_20150919T025947Z
24662,3,0,3,0.0,0,0,1,1,snapshot_20150919T025947Z
24688,9,9,0,1.0,1,0,0,7,snapshot_20150919T025947Z
24722,22,19,3,0.8636363636363636,1,0,0,16,snapshot_20150919T025947Z
24840,28,28,0,1.0,1,0,0,18,snapshot_20150919T025947Z
25040,3,0,3,0.0,0,0,1,1,snapshot_20150919T025947Z
25081,3,3,0,1.0,1,0,0,1,snapshot_20150919T025947Z
25094,3,3,0,1.0,1,0,0,1,snapshot_20150919T025947Z
25156,26,19,7,0.7307692307692307,1,0,0,21,snapshot_20150919T025947Z
25481,4,4,0,1.0,1,0,0,2,snapshot_20150919T025947Z
25809,8,8,0,1.0,1,0,0,5,snapshot_20150919T025947Z
25896,7,7,0,1.0,1,0,0,3,snapshot_20150919T025947Z
25922,50,14,36,0.28,1,0,0,45,snapshot_20150919T025947Z
26032,4,0,4,0.0,0,0,1,2,snapshot_20150919T025947Z
26189,13,13,0,1.0,1,0,0,11,snapshot_20150919T025947Z
26533,11,7,4,0.6363636363636364,1,0,0,5,snapshot_20150919T025947Z
26626,12,12,0,1.0,1,0,0,8,snapshot_20150919T025947Z
26761,8,8,0,1.0,1,0,0,6,snapshot_20150919T025947Z
26872,5,5,0,1.0,1,0,0,3,snapshot_20150919T025947Z
26923,6,6,0,1.0,1,0,0,4,snapshot_20150919T025947Z
27197,4,4,0,1.0,1,0,0,2,snapshot_20150919T025947Z
27326,29,29,0,1.0,1,0,0,27,snapshot_20150919T025947Z
27360,22,22,0,1.0,1,0,0,20,snapshot_20150919T025947Z
27695,27,27,0,1.0,1,0,0,21,snapshot_20150919T025947Z
27851,16,15,1,0.9375,1,0,0,8,snapshot_20150919T025947Z
28085,3,3,0,1.0,1,0,0,1,snapshot_20150919T025947Z
28161,7,2,5,0.2857142857142857,1,0,0,5,snapshot_20150919T025947Z
28308,5,5,0,1.0,1,0,0,3,snapshot_20150919T025947Z
28387,23,23,0,1.0,1,0,0,21,snapshot_20150919T025947Z
28524,3,0,3,0.0,0,0,1,1,snapshot_20150919T025947Z
28791,4,4,0,1.0,1,0,0,2,snapshot_20150919T025947Z
28797,4,4,0,1.0,1,0,0,2,snapshot_20150919T025947Z
28896,5,4,1,0.8,1,0,0,3,snapshot_20150919T025947Z
29529,8,8,0,1.0,1,0,0,6,snapshot_20150919T025947Z
29531,5,0,5,0.0,0,0,1,3,snapshot_20150919T025947Z
29659,7,1,6,0.14285714285714285,1,0,0,6,snapshot_20150919T025947Z
29744,15,15,0,1.0,1,0,0,8,snapshot_20150919T025947Z
29757,24,24,0,1.0,1,0,0,18,snapshot_20150919T025947Z
29802,44,44,0,1.0,1,0,0,38,snapshot_20150919T025947Z
29835,3,3,0,1.0,1,0,0,1,snapshot_20150919T025947Z
30374,6,6,0,1.0,1,0,0,3,snapshot_20150919T025947Z
30438,5,5,0,1.0,1,0,0,3,snapshot_20150919T025947Z
30633,11,11,0,1.0,1,0,0,9,snapshot_20150919T025947Z
30687,3,3,0,1.0,1,0,0,2,snapshot_20150919T025947Z
30812,2,2,0,1.0,1,0,0,1,snapshot_20150919T025947Z
30824,11,0,11,0.0,0,0,1,10,snapshot_20150919T025947Z
31149,5,5,0,1.0,1,0,0,3,snapshot_20150919T025947Z
31236,5,5,0,1.0,1,0,0,3,snapshot_20150919T025947Z
31314,20,19,1,0.95,1,0,0,18,snapshot_20150919T025947Z
31359,4,4,0,1.0,1,0,0,2,snapshot_20150919T025947Z
31557,6,6,0,1.0,1,0,0,4,snapshot_20150919T025947Z
31613,17,14,3,0.8235294117647058,1,0,0,15,snapshot_20150919T025947Z
31645,53,53,0,1.0,1,0,0,40,snapshot_20150919T025947Z
31677,3,3,0,1.0,1,0,0,1,snapshot_20150919T025947Z
31741,4,4,0,1.0,1,1,0,0,snapshot_20150919T025947Z
31798,8,8,0,1.0,1,0,0,4,snapshot_20150919T025947Z
31843,3,3,0,1.0,1,0,0,1,snapshot_20150919T025947Z
31874,6,6,0,1.0,1,0,0,5,snapshot_20150919T025947Z
31929,7,7,0,1.0,1,0,0,4,snapshot_20150919T025947Z
31936,6,6,0,1.0,1,0,0,4,snapshot_20150919T025947Z
32119,4,4,0,1.0,1,0,0,2,snapshot_20150919T025947Z
32160,9,0,9,0.0,0,0,1,5,snapshot_20150919T025947Z
32358,19,19,0,1.0,1,0,0,15,snapshot_20150919T025947Z
32378,22,6,16,0.2727272727272727,1,0,0,18,snapshot_20150919T025947Z
32432,19,16,3,0.8421052631578947,1,0,0,18,snapshot_20150919T025947Z
32596,10,10,0,1.0,1,0,0,8,snapshot_20150919T025947Z
32787,6,0,6,0.0,0,0,1,2,snapshot_20150919T025947Z
32895,12,12,0,1.0,1,0,0,8,snapshot_20150919T025947Z
32904,14,12,2,0.8571428571428571,1,0,0,12,snapshot_20150919T025947Z
33196,13,10,3,0.7692307692307693,1,0,0,7,snapshot_20150919T025947Z
33308,3,3,0,1.0,1,0,0,1,snapshot_20150919T025947Z
33350,9,9,0,1.0,1,0,0,7,snapshot_20150919T025947Z
33571,4,4,0,1.0,1,0,0,2,snapshot_20150919T025947Z
33608,3,3,0,1.0,1,0,0,1,snapshot_20150919T025947Z
33717,3,3,0,1.0,1,0,0,1,snapshot_20150919T025947Z
33889,18,18,0,1.0,1,0,0,15,snapshot_20150919T025947Z
33895,3,3,0,1.0,1,0,0,1,snapshot_20150919T025947Z
33946,10,10,0,1.0,1,0,0,6,snapshot_20150919T025947Z
34059,12,12,0,1.0,1,0,0,10,snapshot_20150919T025947Z
34157,4,4,0,1.0,1,0,0,2,snapshot_20150919T025947Z
34200,4,4,0,1.0,1,0,0,2,snapshot_20150919T025947Z
34381,6,6,0,1.0,1,0,0,4,snapshot_20150919T025947Z
34519,10,10,0,1.0,1,0,0,6,snapshot_20150919T025947Z
34570,32,32,0,1.0,1,0,0,30,snapshot_20150919T025947Z
34598,10,7,3,0.7,1,0,0,6,snapshot_20150919T025947Z
34630,4,4,0,1.0,1,0,0,2,snapshot_20150919T025947Z
34648,3,3,0,1.0,1,0,0,1,snapshot_20150919T025947Z
34665,31,24,7,0.7741935483870968,1,0,0,28,snapshot_20150919T025947Z
34667,7,7,0,1.0,1,0,0,4,snapshot_20150919T025947Z
34705,6,0,6,0.0,0,0,1,4,snapshot_20150919T025947Z
34825,3,3,0,1.0,1,0,0,1,snapshot_20150919T025947Z
34850,3,3,0,1.0,1,0,0,1,snapshot_20150919T025947Z
34923,5,5,0,1.0,1,0,0,3,snapshot_20150919T025947Z
34951,13,0,13,0.0,0,0,1,5,snapshot_20150919T025947Z
34955,8,7,1,0.875,1,0,0,6,snapshot_20150919T025947Z
35112,5,5,0,1.0,1,0,0,3,snapshot_20150919T025947Z
35157,3,3,0,1.0,1,0,0,1,snapshot_20150919T025947Z
35186,6,6,0,1.0,1,0,0,4,snapshot_20150919T025947Z
35339,56,25,31,0.44642857142857145,1,0,0,51,snapshot_20150919T025947Z
35623,13,13,0,1.0,1,0,0,5,snapshot_20150919T025947Z
36007,8,4,4,0.5,1,0,0,6,snapshot_20150919T025947Z
36250,9,9,0,1.0,1,0,0,7,snapshot_20150919T025947Z
36310,4,4,0,1.0,1,0,0,2,snapshot_20150919T025947Z
36450,10,0,10,0.0,0,0,1,8,snapshot_20150919T025947Z
36502,17,17,0,1.0,1,0,0,11,snapshot_20150919T025947Z
36640,3,3,0,1.0,1,0,0,1,snapshot_20150919T025947Z
36682,6,6,0,1.0,1,0,0,4,snapshot_20150919T025947Z
36707,8,8,0,1.0,1,0,0,4,snapshot_20150919T025947Z
36866,12,6,6,0.5,1,0,0,8,snapshot_20150919T025947Z
36989,4,0,4,0.0,0,0,1,2,snapshot_20150919T025947Z
37093,29,20,9,0.6896551724137931,1,0,0,25,snapshot_20150919T025947Z
37183,3,3,0,1.0,1,0,0,1,snapshot_20150919T025947Z
37191,3,3,0,1.0,1,0,0,1,snapshot_20150919T025947Z
37288,6,6,0,1.0,1,0,0,4,snapshot_20150919T025947Z
37382,11,4,7,0.36363636363636365,1,0,0,9,snapshot_20150919T025947Z
37574,3,3,0,1.0,1,0,0,1,snapshot_20150919T025947Z
37845,4,4,0,1.0,1,0,0,2,snapshot_20150919T025947Z
37972,5,5,0,1.0,1,0,0,2,snapshot_20150919T025947Z
38015,861,596,265,0.6922183507549361,1,0,0,852,snapshot_20150919T025947Z
38102,10,9,1,0.9,1,0,0,7,snapshot_20150919T025947Z
38103,25,25,0,1.0,1,0,0,10,snapshot_20150919T025947Z
38245,2,2,0,1.0,1,0,0,1,snapshot_20150919T025947Z
38711,8,8,0,1.0,1,0,0,3,snapshot_20150919T025947Z
38878,4,1,3,0.25,1,0,0,2,snapshot_20150919T025947Z
39203,14,14,0,1.0,1,0,0,12,snapshot_20150919T025947Z
39272,5,5,0,1.0,1,0,0,3,snapshot_20150919T025947Z
39467,2,2,0,1.0,1,1,0,0,snapshot_20150919T025947Z
39480,19,19,0,1.0,1,0,0,11,snapshot_20150919T025947Z
39706,6,1,5,0.16666666666666666,1,0,0,4,snapshot_20150919T025947Z
39985,4,4,0,1.0,1,0,0,1,snapshot_20150919T025947Z
40024,3,3,0,1.0,1,1,0,0,snapshot_20150919T025947Z
40050,17,15,2,0.8823529411764706,1,0,0,15,snapshot_20150919T025947Z
40175,11,9,2,0.8181818181818182,1,0,0,9,snapshot_20150919T025947Z
40251,4,4,0,1.0,1,0,0,2,snapshot_20150919T025947Z
40353,12,10,2,0.8333333333333334,1,0,0,10,snapshot_20150919T025947Z
40618,3,2,1,0.6666666666666666,1,0,0,2,snapshot_20150919T025947Z
40802,16,9,7,0.5625,1,0,0,13,snapshot_20150919T025947Z
40879,3,3,0,1.0,1,0,0,1,snapshot_20150919T025947Z
41016,17,11,6,0.6470588235294118,1,0,0,16,snapshot_20150919T025947Z
41098,3,3,0,1.0,1,0,0,1,snapshot_20150919T025947Z
41278,8,5,3,0.625,1,0,0,6,snapshot_20150919T025947Z
41386,4,0,4,0.0,0,0,1,2,snapshot_20150919T025947Z
41416,1,1,0,1.0,1,1,0,0,snapshot_20150919T025947Z
41529,7,0,7,0.0,0,0,1,4,snapshot_20150919T025947Z
41903,8,8,0,1.0,1,0,0,6,snapshot_20150919T025947Z
42011,6,6,0,1.0,1,0,0,4,snapshot_20150919T025947Z
42040,6,6,0,1.0,1,0,0,4,snapshot_20150919T025947Z
42059,4,0,4,0.0,0,0,1,2,snapshot_20150919T025947Z
42168,3,3,0,1.0,1,0,0,1,snapshot_20150919T025947Z
42192,3,0,3,0.0,0,0,1,1,snapshot_20150919T025947Z
42261,3,3,0,1.0,1,0,0,1,snapshot_20150919T025947Z
42326,5,5,0,1.0,1,0,0,3,snapshot_20150919T025947Z
42435,16,0,16,0.0,0,0,1,13,snapshot_20150919T025947Z
42552,158,130,28,0.8227848101265823,1,0,0,129,snapshot_20150919T025947Z
42669,2,2,0,1.0,1,0,0,1,snapshot_20150919T025947Z
42857,4,4,0,1.0,1,0,0,3,snapshot_20150919T025947Z
42942,42,42,0,1.0,1,0,0,40,snapshot_20150919T025947Z
43176,18,13,5,0.7222222222222222,1,0,0,14,snapshot_20150919T025947Z
43354,26,16,10,0.6153846153846154,1,0,0,24,snapshot_20150919T025947Z
43393,7,2,5,0.2857142857142857,1,0,0,4,snapshot_20150919T025947Z
43605,4,1,3,0.25,1,0,0,2,snapshot_20150919T025947Z
43643,10,10,0,1.0,1,0,0,8,snapshot_20150919T025947Z
43687,3,3,0,1.0,1,0,0,1,snapshot_20150919T025947Z
43770,6,6,0,1.0,1,0,0,4,snapshot_20150919T025947Z
43775,7,7,0,1.0,1,0,0,3,snapshot_20150919T025947Z
43804,3,3,0,1.0,1,0,0,1,snapshot_20150919T025947Z
44326,3,3,0,1.0,1,0,0,1,snapshot_20150919T025947Z
44566,3,3,0,1.0,1,0,0,2,snapshot_20150919T025947Z
44880,13,13,0,1.0,1,0,0,9,snapshot_20150919T025947Z
44885,4,4,0,1.0,1,0,0,2,snapshot_20150919T025947Z
45018,101,101,0,1.0,1,0,0,96,snapshot_20150919T025947Z
45113,4,4,0,1.0,1,0,0,2,snapshot_20150919T025947Z
45183,10,7,3,0.7,1,0,0,8,snapshot_20150919T025947Z
45270,13,13,0,1.0,1,0,0,11,snapshot_20150919T025947Z
45512,5,1,4,0.2,1,0,0,3,snapshot_20150919T025947Z
45825,11,11,0,1.0,1,0,0,7,snapshot_20150919T025947Z
45870,8,8,0,1.0,1,0,0,4,snapshot_20150919T025947Z
45969,6,6,0,1.0,1,0,0,4,snapshot_20150919T025947Z
46167,7,0,7,0.0,0,0,1,4,snapshot_20150919T025947Z
46535,109,87,22,0.7981651376146789,1,0,0,94,snapshot_20150919T025947Z
46568,3,3,0,1.0,1,0,0,1,snapshot_20150919T025947Z
46748,8,8,0,1.0,1,0,0,7,snapshot_20150919T025947Z
46805,16,14,2,0.875,1,0,0,12,snapshot_20150919T025947Z
46841,7,7,0,1.0,1,0,0,5,snapshot_20150919T025947Z
47004,4,4,0,1.0,1,0,0,2,snapshot_20150919T025947Z
47029,4,0,4,0.0,0,0,1,1,snapshot_20150919T025947Z
47153,3,3,0,1.0,1,0,0,2,snapshot_20150919T025947Z
47197,10,10,0,1.0,1,0,0,8,snapshot_20150919T025947Z
47433,7,7,0,1.0,1,0,0,4,snapshot_20150919T025947Z
47467,6,6,0,1.0,1,0,0,4,snapshot_20150919T025947Z
47582,5,5,0,1.0,1,0,0,3,snapshot_20150919T025947Z
47803,38,31,7,0.8157894736842105,1,0,0,28,snapshot_20150919T025947Z
48168,10,10,0,1.0,1,0,0,9,snapshot_20150919T025947Z
48245,7,7,0,1.0,1,0,0,5,snapshot_20150919T025947Z
48703,3,3,0,1.0,1,0,0,1,snapshot_20150919T025947Z
48728,5,5,0,1.0,1,0,0,1,snapshot_20150919T025947Z
48768,3,3,0,1.0,1,0,0,2,snapshot_20150919T025947Z
48820,181,170,11,0.9392265193370166,1,0,0,88,snapshot_20150919T025947Z
48896,3,0,3,0.0,0,0,1,1,snapshot_20150919T025947Z
49120,4,4,0,1.0,1,0,0,2,snapshot_20150919T025947Z
49158,38,33,5,0.868421052631579,1,0,0,36,snapshot_20150919T025947Z
49266,6,6,0,1.0,1,0,0,5,snapshot_20150919T025947Z
49275,3,3,0,1.0,1,0,0,1,snapshot_20150919T025947Z
49347,7,7,0,1.0,1,0,0,5,snapshot_20150919T025947Z
49384,11,4,7,0.36363636363636365,1,0,0,9,snapshot_20150919T025947Z
50340,4,4,0,1.0,1,0,0,2,snapshot_20150919T025947Z
50467,10,2,8,0.2,1,0,0,7,snapshot_20150919T025947Z
50555,6,6,0,1.0,1,0,0,4,snapshot_20150919T025947Z
50687,4,1,3,0.25,1,0,0,2,snapshot_20150919T025947Z
50847,6,6,0,1.0,1,0,0,4,snapshot_20150919T025947Z
50921,34,15,19,0.4411764705882353,1,0,0,30,snapshot_20150919T025947Z
51304,2,2,0,1.0,1,1,0,0,snapshot_20150919T025947Z
51591,4,4,0,1.0,1,0,0,2,snapshot_20150919T025947Z
51595,11,5,6,0.45454545454545453,1,0,0,7,snapshot_20150919T025947Z
51613,3,3,0,1.0,1,0,0,1,snapshot_20150919T025947Z
51670,9,9,0,1.0,1,0,0,7,snapshot_20150919T025947Z
51676,2,0,2,0.0,0,0,1,1,snapshot_20150919T025947Z
51831,12,0,12,0.0,0,0,1,8,snapshot_20150919T025947Z
51951,5,5,0,1.0,1,0,0,3,snapshot_20150919T025947Z
52108,5,5,0,1.0,1,0,0,4,snapshot_20150919T025947Z
52183,6,6,0,1.0,1,0,0,4,snapshot_20150919T025947Z
52305,2,2,0,1.0,1,0,0,1,snapshot_20150919T025947Z
52363,30,29,1,0.9666666666666667,1,0,0,28,snapshot_20150919T025947Z
52406,3,3,0,1.0,1,0,0,1,snapshot_20150919T025947Z
52452,6,6,0,1.0,1,0,0,4,snapshot_20150919T025947Z
52484,3,3,0,1.0,1,0,0,1,snapshot_20150919T025947Z
52493,4,4,0,1.0,1,0,0,2,snapshot_20150919T025947Z
52674,5,1,4,0.2,1,0,0,3,snapshot_20150919T025947Z
52701,11,11,0,1.0,1,0,0,9,snapshot_20150919T025947Z
52860,3,3,0,1.0,1,0,0,1,snapshot_20150919T025947Z
52940,6,6,0,1.0,1,0,0,3,snapshot_20150919T025947Z
52967,12,12,0,1.0,1,0,0,10,snapshot_20150919T025947Z
53051,11,11,0,1.0,1,0,0,4,snapshot_20150919T025947Z
53164,7,7,0,1.0,1,0,0,3,snapshot_20150919T025947Z
53181,5,5,0,1.0,1,0,0,3,snapshot_20150919T025947Z
53691,3,3,0,1.0,1,0,0,1,snapshot_20150919T025947Z
53842,862,272,590,0.31554524361948955,1,0,0,729,snapshot_20150919T025947Z
53925,6,6,0,1.0,1,0,0,4,snapshot_20150919T025947Z
53982,34,28,6,0.8235294117647058,1,0,0,27,snapshot_20150919T025947Z
54002,6,1,5,0.16666666666666666,1,0,0,4,snapshot_20150919T025947Z
54007,8,5,3,0.625,1,0,0,6,snapshot_20150919T025947Z
54011,4,4,0,1.0,1,0,0,2,snapshot_20150919T025947Z
54017,3,3,0,1.0,1,0,0,2,snapshot_20150919T025947Z
54032,2,2,0,1.0,1,0,0,1,snapshot_20150919T025947Z
54121,3,3,0,1.0,1,0,0,1,snapshot_20150919T025947Z
54210,5,2,3,0.4,1,0,0,3,snapshot_20150919T025947Z
54493,5,5,0,1.0,1,0,0,1,snapshot_20150919T025947Z
54524,16,16,0,1.0,1,0,0,10,snapshot_20150919T025947Z
54535,33,0,33,0.0,0,0,1,24,snapshot_20150919T025947Z
54639,13,13,0,1.0,1,0,0,7,snapshot_20150919T025947Z
54672,7,0,7,0.0,0,0,1,5,snapshot_20150919T025947Z
54845,3,3,0,1.0,1,0,0,1,snapshot_20150919T025947Z
54958,7,7,0,1.0,1,0,0,4,snapshot_20150919T025947Z
54960,2,2,0,1.0,1,1,0,0,snapshot_20150919T025947Z
55018,6,3,3,0.5,1,0,0,4,snapshot_20150919T025947Z
55023,11,4,7,0.36363636363636365,1,0,0,9,snapshot_20150919T025947Z
55135,4,4,0,1.0,1,0,0,2,snapshot_20150919T025947Z
55270,16,15,1,0.9375,1,0,0,14,snapshot_20150919T025947Z
55389,213,121,92,0.568075117370892,1,0,0,193,snapshot_20150919T025947Z
55599,5,5,0,1.0,1,0,0,2,snapshot_20150919T025947Z
55609,3,0,3,0.0,0,0,1,1,snapshot_20150919T025947Z
55697,5,1,4,0.2,1,0,0,3,snapshot_20150919T025947Z
55838,29,12,17,0.41379310344827586,1,0,0,23,snapshot_20150919T025947Z
55843,4,3,1,0.75,1,0,0,2,snapshot_20150919T025947Z
55897,10,10,0,1.0,1,0,0,8,snapshot_20150919T025947Z
56096,2,2,0,1.0,1,0,0,1,snapshot_20150919T025947Z
56203,2,2,0,1.0,1,1,0,0,snapshot_20150919T025947Z
56312,5,5,0,1.0,1,0,0,3,snapshot_20150919T025947Z
56332,7,6,1,0.8571428571428571,1,0,0,5,snapshot_20150919T025947Z
56541,8,8,0,1.0,1,0,0,5,snapshot_20150919T025947Z
56645,15,14,1,0.9333333333333333,1,0,0,13,snapshot_20150919T025947Z
56745,6,6,0,1.0,1,0,0,4,snapshot_20150919T025947Z
56775,35,14,21,0.4,1,0,0,31,snapshot_20150919T025947Z
56971,9,9,0,1.0,1,0,0,7,snapshot_20150919T025947Z
57006,2,0,2,0.0,0,1,1,0,snapshot_20150919T025947Z
57088,9,9,0,1.0,1,0,0,7,snapshot_20150919T025947Z
57111,8,6,2,0.75,1,0,0,5,snapshot_20150919T025947Z
57246,8,0,8,0.0,0,0,1,7,snapshot_20150919T025947Z
57499,6,6,0,1.0,1,0,0,4,snapshot_20150919T025947Z
57559,3,3,0,1.0,1,0,0,1,snapshot_20150919T025947Z
57739,3,0,3,0.0,0,0,1,1,snapshot_20150919T025947Z
57905,732,468,264,0.639344262295082,1,0,0,636,snapshot_20150919T025947Z
57925,3,3,0,1.0,1,0,0,1,snapshot_20150919T025947Z
57929,6,6,0,1.0,1,0,0,5,snapshot_20150919T025947Z
58013,4,4,0,1.0,1,0,0,2,snapshot_20150919T025947Z
58024,16,10,6,0.625,1,0,0,14,snapshot_20150919T025947Z
58074,17,14,3,0.8235294117647058,1,0,0,15,snapshot_20150919T025947Z
58597,20,20,0,1.0,1,0,0,16,snapshot_20150919T025947Z
58730,10,9,1,0.9,1,0,0,7,snapshot_20150919T025947Z
58740,8,8,0,1.0,1,0,0,6,snapshot_20150919T025947Z
58970,5,5,0,1.0,1,0,0,3,snapshot_20150919T025947Z
59209,11,11,0,1.0,1,0,0,9,snapshot_20150919T025947Z
59291,17,17,0,1.0,1,0,0,14,snapshot_20150919T025947Z
59399,4,0,4,0.0,0,0,1,2,snapshot_20150919T025947Z
59604,3,3,0,1.0,1,0,0,1,snapshot_20150919T025947Z
59776,5,5,0,1.0,1,0,0,3,snapshot_20150919T025947Z
59784,10,10,0,1.0,1,0,0,6,snapshot_20150919T025947Z
59803,3,3,0,1.0,1,0,0,1,snapshot_20150919T025947Z
59832,6,5,1,0.8333333333333334,1,0,0,4,snapshot_20150919T025947Z
60025,19,18,1,0.9473684210526315,1,0,0,18,snapshot_20150919T025947Z
60099,3,3,0,1.0,1,0,0,1,snapshot_20150919T025947Z
60497,13,13,0,1.0,1,0,0,10,snapshot_20150919T025947Z
60568,4,4,0,1.0,1,0,0,3,snapshot_20150919T025947Z
60711,11,11,0,1.0,1,0,0,5,snapshot_20150919T025947Z
60790,3,3,0,1.0,1,0,0,1,snapshot_20150919T025947Z
61323,11,0,11,0.0,0,0,1,9,snapshot_20150919T025947Z
61334,6,6,0,1.0,1,0,0,3,snapshot_20150919T025947Z
61635,3,3,0,1.0,1,0,0,2,snapshot_20150919T025947Z
61720,14,14,0,1.0,1,0,0,12,snapshot_20150919T025947Z
61806,7,4,3,0.5714285714285714,1,0,0,5,snapshot_20150919T025947Z
62004,8,8,0,1.0,1,0,0,6,snapshot_20150919T025947Z
62058,4,3,1,0.75,1,0,0,2,snapshot_20150919T025947Z
62139,10,4,6,0.4,1,0,0,6,snapshot_20150919T025947Z
62155,7,0,7,0.0,0,0,1,5,snapshot_20150919T025947Z
62330,7,7,0,1.0,1,0,0,5,snapshot_20150919T025947Z
62368,5,5,0,1.0,1,0,0,3,snapshot_20150919T025947Z
62377,6,6,0,1.0,1,0,0,4,snapshot_20150919T025947Z
62434,3,3,0,1.0,1,0,0,1,snapshot_20150919T025947Z
62489,10,9,1,0.9,1,0,0,7,snapshot_20150919T025947Z
62602,9,9,0,1.0,1,0,0,7,snapshot_20150919T025947Z
62656,7,7,0,1.0,1,0,0,5,snapshot_20150919T025947Z
62679,5,5,0,1.0,1,0,0,3,snapshot_20150919T025947Z
62694,8,8,0,1.0,1,0,0,6,snapshot_20150919T025947Z
62701,6,6,0,1.0,1,0,0,4,snapshot_20150919T025947Z
62762,5,0,5,0.0,0,0,1,3,snapshot_20150919T025947Z
62893,6,0,6,0.0,0,0,1,4,snapshot_20150919T025947Z
62990,4,4,0,1.0,1,0,0,2,snapshot_20150919T025947Z
63140,3,3,0,1.0,1,0,0,2,snapshot_20150919T025947Z
63156,3,3,0,1.0,1,0,0,1,snapshot_20150919T025947Z
63181,4,4,0,1.0,1,0,0,2,snapshot_20150919T025947Z
63208,3,0,3,0.0,0,0,1,1,snapshot_20150919T025947Z
63274,21,8,13,0.38095238095238093,1,0,0,14,snapshot_20150919T025947Z
63351,4,4,0,1.0,1,0,0,2,snapshot_20150919T025947Z
63475,36,25,11,0.6944444444444444,1,0,0,34,snapshot_20150919T025947Z
63786,4,4,0,1.0,1,1,0,0,snapshot_20150919T025947Z
64099,3,0,3,0.0,0,0,1,1,snapshot_20150919T025947Z
64444,1,1,0,1.0,1,1,0,0,snapshot_20150919T025947Z
64575,10,10,0,1.0,1,0,0,8,snapshot_20150919T025947Z
64763,16,16,0,1.0,1,0,0,12,snapshot_20150919T025947Z
64931,205,120,85,0.5853658536585366,1,0,0,188,snapshot_20150919T025947Z
65124,6,5,1,0.8333333333333334,1,0,0,4,snapshot_20150919T025947Z
65149,3,3,0,1.0,1,0,0,1,snapshot_20150919T025947Z
65210,2,2,0,1.0,1,1,0,0,snapshot_20150919T025947Z
65249,5,5,0,1.0,1,0,0,3,snapshot_20150919T025947Z
65471,19,7,12,0.3684210526315789,1,0,0,18,snapshot_20150919T025947Z
65737,2,2,0,1.0,1,1,0,0,snapshot_20150919T025947Z
65740,8,8,0,1.0,1,0,0,4,snapshot_20150919T025947Z
65927,8,8,0,1.0,1,0,0,6,snapshot_20150919T025947Z
66052,3,3,0,1.0,1,0,0,1,snapshot_20150919T025947Z
66139,2,2,0,1.0,1,0,0,1,snapshot_20150919T025947Z
66238,4,4,0,1.0,1,0,0,2,snapshot_20150919T025947Z
66313,5,0,5,0.0,0,0,1,4,snapshot_20150919T025947Z
66317,6,6,0,1.0,1,0,0,4,snapshot_20150919T025947Z
67015,4,4,0,1.0,1,0,0,1,snapshot_20150919T025947Z
67264,14,14,0,1.0,1,0,0,10,snapshot_20150919T025947Z
67301,20,6,14,0.3,1,0,0,18,snapshot_20150919T025947Z
67370,6,6,0,1.0,1,0,0,5,snapshot_20150919T025947Z
67712,32,27,5,0.84375,1,0,0,27,snapshot_20150919T025947Z
67744,7,7,0,1.0,1,0,0,2,snapshot_20150919T025947Z
67803,4,0,4,0.0,0,0,1,2,snapshot_20150919T025947Z
68085,15,0,15,0.0,0,0,1,11,snapshot_20150919T025947Z
68087,10,7,3,0.7,1,0,0,7,snapshot_20150919T025947Z
68318,11,9,2,0.8181818181818182,1,0,0,6,snapshot_20150919T025947Z
68418,8,8,0,1.0,1,0,0,7,snapshot_20150919T025947Z
68449,3,3,0,1.0,1,0,0,1,snapshot_20150919T025947Z
68557,21,19,2,0.9047619047619048,1,0,0,16,snapshot_20150919T025947Z
68601,6,6,0,1.0,1,0,0,4,snapshot_20150919T025947Z
68646,3,3,0,1.0,1,0,0,1,snapshot_20150919T025947Z
68748,4,4,0,1.0,1,0,0,2,snapshot_20150919T025947Z
68759,7,7,0,1.0,1,0,0,5,snapshot_20150919T025947Z
68804,6,0,6,0.0,0,0,1,4,snapshot_20150919T025947Z
69044,7,7,0,1.0,1,0,0,3,snapshot_20150919T025947Z
69072,5,5,0,1.0,1,0,0,3,snapshot_20150919T025947Z
69301,13,10,3,0.7692307692307693,1,0,0,9,snapshot_20150919T025947Z
69442,38,38,0,1.0,1,0,0,19,snapshot_20150919T025947Z
69543,5,0,5,0.0,0,0,1,1,snapshot_20150919T025947Z
69645,15,15,0,1.0,1,0,0,11,snapshot_20150919T025947Z
69804,12,11,1,0.9166666666666666,1,0,0,11,snapshot_20150919T025947Z
69880,6,1,5,0.16666666666666666,1,0,0,4,snapshot_20150919T025947Z
69982,4,4,0,1.0,1,0,0,2,snapshot_20150919T025947Z
70570,3,3,0,1.0,1,0,0,1,snapshot_20150919T025947Z
70678,5,0,5,0.0,0,0,1,2,snapshot_20150919T025947Z
70888,4,4,0,1.0,1,0,0,2,snapshot_20150919T025947Z
70999,7,7,0,1.0,1,0,0,3,snapshot_20150919T025947Z
71167,15,15,0,1.0,1,0,0,13,snapshot_20150919T025947Z
71192,15,14,1,0.9333333333333333,1,0,0,13,snapshot_20150919T025947Z
71272,17,16,1,0.9411764705882353,1,0,0,13,snapshot_20150919T025947Z
71586,4,4,0,1.0,1,0,0,3,snapshot_20150919T025947Z
71689,5,5,0,1.0,1,0,0,3,snapshot_20150919T025947Z
71746,2,2,0,1.0,1,1,0,0,snapshot_20150919T025947Z
71753,5,5,0,1.0,1,0,0,2,snapshot_20150919T025947Z
71927,4,0,4,0.0,0,0,1,2,snapshot_20150919T025947Z
72155,5,5,0,1.0,1,0,0,4,snapshot_20150919T025947Z
72194,19,19,0,1.0,1,0,0,16,snapshot_20150919T025947Z
72232,4,0,4,0.0,0,0,1,2,snapshot_20150919T025947Z
72254,22,21,1,0.9545454545454546,1,0,0,11,snapshot_20150919T025947Z
72302,8,8,0,1.0,1,0,0,3,snapshot_20150919T025947Z
72373,19,18,1,0.9473684210526315,1,0,0,12,snapshot_20150919T025947Z
72569,5,2,3,0.4,1,0,0,3,snapshot_20150919T025947Z
72783,3,3,0,1.0,1,0,0,1,snapshot_20150919T025947Z
72828,19,19,0,1.0,1,0,0,16,snapshot_20150919T025947Z
72944,2,2,0,1.0,1,0,0,1,snapshot_20150919T025947Z
73029,3,3,0,1.0,1,0,0,2,snapshot_20150919T025947Z
73292,20,20,0,1.0,1,0,0,16,snapshot_20150919T025947Z
73306,34,34,0,1.0,1,0,0,22,snapshot_20150919T025947Z
73341,7,7,0,1.0,1,0,0,5,snapshot_20150919T025947Z
73356,7,7,0,1.0,1,0,0,6,snapshot_20150919T025947Z
73483,5,5,0,1.0,1,0,0,4,snapshot_20150919T025947Z
73501,15,15,0,1.0,1,0,0,14,snapshot_20150919T025947Z
73567,6,6,0,1.0,1,0,0,3,snapshot_20150919T025947Z
73635,3,3,0,1.0,1,0,0,1,snapshot_20150919T025947Z
73645,30,20,10,0.6666666666666666,1,0,0,28,snapshot_20150919T025947Z
73679,4,4,0,1.0,1,0,0,2,snapshot_20150919T025947Z
73819,7,7,0,1.0,1,0,0,5,snapshot_20150919T025947Z
73856,29,23,6,0.7931034482758621,1,0,0,24,snapshot_20150919T025947Z
73867,9,9,0,1.0,1,0,0,6,snapshot_20150919T025947Z
73963,10,10,0,1.0,1,0,0,8,snapshot_20150919T025947Z
74080,6,6,0,1.0,1,0,0,4,snapshot_20150919T025947Z
74260,7,7,0,1.0,1,0,0,5,snapshot_20150919T025947Z
74280,4,4,0,1.0,1,0,0,2,snapshot_20150919T025947Z
74404,7,7,0,1.0,1,0,0,5,snapshot_20150919T025947Z
74483,33,28,5,0.8484848484848485,1,0,0,31,snapshot_20150919T025947Z
74699,7,7,0,1.0,1,0,0,6,snapshot_20150919T025947Z
74832,4,4,0,1.0,1,0,0,2,snapshot_20150919T025947Z
74920,24,24,0,1.0,1,0,0,20,snapshot_20150919T025947Z
75424,74,72,2,0.972972972972973,1,0,0,52,snapshot_20150919T025947Z
75595,20,19,1,0.95,1,0,0,18,snapshot_20150919T025947Z
75630,31,29,2,0.9354838709677419,1,0,0,25,snapshot_20150919T025947Z
75653,3,0,3,0.0,0,0,1,1,snapshot_20150919T025947Z
75826,10,3,7,0.3,1,0,0,8,snapshot_20150919T025947Z
76124,6,5,1,0.8333333333333334,1,0,0,4,snapshot_20150919T025947Z
76301,6,6,0,1.0,1,0,0,3,snapshot_20150919T025947Z
76347,4,4,0,1.0,1,0,0,2,snapshot_20150919T025947Z
76475,2,2,0,1.0,1,0,0,1,snapshot_20150919T025947Z
76565,10,0,10,0.0,0,0,1,7,snapshot_20150919T025947Z
76757,1883,1127,756,0.5985130111524164,1,0,0,1402,snapshot_20150919T025947Z
76913,3,3,0,1.0,1,0,0,1,snapshot_20150919T025947Z
77032,7,7,0,1.0,1,0,0,3,snapshot_20150919T025947Z
77215,13,13,0,1.0,1,0,0,8,snapshot_20150919T025947Z
77253,15,6,9,0.4,1,0,0,12,snapshot_20150919T025947Z
77261,7,7,0,1.0,1,0,0,5,snapshot_20150919T025947Z
77268,18,15,3,0.8333333333333334,1,0,0,16,snapshot_20150919T025947Z
77524,20,20,0,1.0,1,0,0,17,snapshot_20150919T025947Z
77659,18,12,6,0.6666666666666666,1,0,0,13,snapshot_20150919T025947Z
77669,6,6,0,1.0,1,0,0,4,snapshot_20150919T025947Z
77868,6,6,0,1.0,1,0,0,4,snapshot_20150919T025947Z
78006,3,3,0,1.0,1,0,0,1,snapshot_20150919T025947Z
78067,4,4,0,1.0,1,0,0,2,snapshot_20150919T025947Z
78383,7,7,0,1.0,1,0,0,4,snapshot_20150919T025947Z
78476,2,2,0,1.0,1,0,0,1,snapshot_20150919T025947Z
78755,3,3,0,1.0,1,0,0,1,snapshot_20150919T025947Z
78878,5,0,5,0.0,0,0,1,3,snapshot_20150919T025947Z
78882,3,3,0,1.0,1,0,0,1,snapshot_20150919T025947Z
79201,4,0,4,0.0,0,0,1,2,snapshot_20150919T025947Z
79279,3,3,0,1.0,1,0,0,1,snapshot_20150919T025947Z
79312,3,3,0,1.0,1,0,0,2,snapshot_20150919T025947Z
79452,10,10,0,1.0,1,0,0,6,snapshot_20150919T025947Z
79566,7,7,0,1.0,1,0,0,3,snapshot_20150919T025947Z
79681,20,17,3,0.85,1,0,0,18,snapshot_20150919T025947Z
79721,9,9,0,1.0,1,0,0,3,snapshot_20150919T025947Z
79743,9,9,0,1.0,1,0,0,4,snapshot_20150919T025947Z
80034,12,12,0,1.0,1,0,0,10,snapshot_20150919T025947Z
80204,11,11,0,1.0,1,0,0,3,snapshot_20150919T025947Z
80244,3,3,0,1.0,1,0,0,1,snapshot_20150919T025947Z
80267,12,12,0,1.0,1,0,0,10,snapshot_20150919T025947Z
80364,6,6,0,1.0,1,0,0,3,snapshot_20150919T025947Z
80434,5,1,4,0.2,1,0,0,3,snapshot_20150919T025947Z
80580,4,4,0,1.0,1,0,0,2,snapshot_20150919T025947Z
80604,3,3,0,1.0,1,0,0,1,snapshot_20150919T025947Z
80635,8,8,0,1.0,1,0,0,6,snapshot_20150919T025947Z
80964,3,3,0,1.0,1,0,0,1,snapshot_20150919T025947Z
81526,3,3,0,1.0,1,0,0,1,snapshot_20150919T025947Z
81638,4,4,0,1.0,1,0,0,1,snapshot_20150919T025947Z
81688,5,0,5,0.0,0,0,1,3,snapshot_20150919T025947Z
81742,27,27,0,1.0,1,0,0,21,snapshot_20150919T025947Z
81811,39,19,20,0.48717948717948717,1,0,0,34,snapshot_20150919T025947Z
82009,4,4,0,1.0,1,0,0,2,snapshot_20150919T025947Z
82051,12,12,0,1.0,1,0,0,10,snapshot_20150919T025947Z
82084,15,15,0,1.0,1,0,0,13,snapshot_20150919T025947Z
82251,5,5,0,1.0,1,0,0,3,snapshot_20150919T025947Z
82318,7,7,0,1.0,1,0,0,1,snapshot_20150919T025947Z
82581,5,5,0,1.0,1,0,0,3,snapshot_20150919T025947Z
82759,11,11,0,1.0,1,0,0,9,snapshot_20150919T025947Z
82819,3,0,3,0.0,0,0,1,1,snapshot_20150919T025947Z
83052,4,4,0,1.0,1,0,0,2,snapshot_20150919T025947Z
83319,17,3,14,0.17647058823529413,1,0,0,14,snapshot_20150919T025947Z
83368,15,1,14,0.06666666666666667,1,0,0,13,snapshot_20150919T025947Z
83600,28,28,0,1.0,1,0,0,20,snapshot_20150919T025947Z
83748,14,14,0,1.0,1,0,0,12,snapshot_20150919T025947Z
83823,3,3,0,1.0,1,0,0,1,snapshot_20150919T025947Z
84233,21,21,0,1.0,1,0,0,16,snapshot_20150919T025947Z
84275,6,6,0,1.0,1,0,0,4,snapshot_20150919T025947Z
84327,41,38,3,0.926829268292683,1,0,0,40,snapshot_20150919T025947Z
84494,4,4,0,1.0,1,0,0,2,snapshot_20150919T025947Z
84580,17,14,3,0.8235294117647058,1,0,0,15,snapshot_20150919T025947Z
84646,13,13,0,1.0,1,0,0,10,snapshot_20150919T025947Z
84660,7,7,0,1.0,1,0,0,5,snapshot_20150919T025947Z
84928,16,16,0,1.0,1,0,0,13,snapshot_20150919T025947Z
85201,34,34,0,1.0,1,0,0,24,snapshot_20150919T025947Z
85383,4,4,0,1.0,1,1,0,0,snapshot_20150919T025947Z
85555,4,4,0,1.0,1,0,0,2,snapshot_20150919T025947Z
85658,6,2,4,0.3333333333333333,1,0,0,4,snapshot_20150919T025947Z
85734,1461,1056,405,0.7227926078028748,1,0,0,1420,snapshot_20150919T025947Z
85916,6,6,0,1.0,1,0,0,4,snapshot_20150919T025947Z
86005,9,7,2,0.7777777777777778,1,0,0,7,snapshot_20150919T025947Z
86049,5,5,0,1.0,1,0,0,3,snapshot_20150919T025947Z
86082,3,3,0,1.0,1,0,0,1,snapshot_20150919T025947Z
86123,4,4,0,1.0,1,0,0,2,snapshot_20150919T025947Z
86403,3,3,0,1.0,1,0,0,1,snapshot_20150919T025947Z
86444,8,8,0,1.0,1,0,0,5,snapshot_20150919T025947Z
86609,4,4,0,1.0,1,0,0,2,snapshot_20150919T025947Z
86669,12,11,1,0.9166666666666666,1,0,0,9,snapshot_20150919T025947Z
86690,4,4,0,1.0,1,0,0,2,snapshot_20150919T025947Z
86810,2,2,0,1.0,1,1,0,0,snapshot_20150919T025947Z
86982,9,9,0,1.0,1,0,0,7,snapshot_20150919T025947Z
87226,9,9,0,1.0,1,0,0,6,snapshot_20150919T025947Z
87364,6,0,6,0.0,0,0,1,4,snapshot_20150919T025947Z
87380,9,9,0,1.0,1,0,0,7,snapshot_20150919T025947Z
87559,6,6,0,1.0,1,0,0,4,snapshot_20150919T025947Z
87660,14,13,1,0.9285714285714286,1,0,0,12,snapshot_20150919T025947Z
87886,4,4,0,1.0,1,0,0,2,snapshot_20150919T025947Z
87891,3,3,0,1.0,1,0,0,2,snapshot_20150919T025947Z
88182,16,16,0,1.0,1,0,0,14,snapshot_20150919T025947Z
88183,9,9,0,1.0,1,0,0,8,snapshot_20150919T025947Z
88361,3,3,0,1.0,1,0,0,1,snapshot_20150919T025947Z
88427,4,4,0,1.0,1,0,0,2,snapshot_20150919T025947Z
88696,13,0,13,0.0,0,0,1,11,snapshot_20150919T025947Z
88841,15,5,10,0.3333333333333333,1,0,0,12,snapshot_20150919T025947Z
88920,13,13,0,1.0,1,0,0,10,snapshot_20150919T025947Z
89000,18,18,0,1.0,1,0,0,16,snapshot_20150919T025947Z
89237,3,3,0,1.0,1,0,0,1,snapshot_20150919T025947Z
89426,60,57,3,0.95,1,0,0,54,snapshot_20150919T025947Z
89656,3,0,3,0.0,0,0,1,1,snapshot_20150919T025947Z
89783,8,8,0,1.0,1,0,0,5,snapshot_20150919T025947Z
89882,8,8,0,1.0,1,0,0,6,snapshot_20150919T025947Z
90080,10,0,10,0.0,0,0,1,8,snapshot_20150919T025947Z
90093,3,3,0,1.0,1,0,0,1,snapshot_20150919T025947Z
90186,8,6,2,0.75,1,0,0,6,snapshot_20150919T025947Z
90253,6,0,6,0.0,0,0,1,4,snapshot_20150919T025947Z
90352,4,4,0,1.0,1,0,0,2,snapshot_20150919T025947Z
90496,22,13,9,0.5909090909090909,1,0,0,17,snapshot_20150919T025947Z
90565,4,4,0,1.0,1,0,0,2,snapshot_20150919T025947Z
90902,7,7,0,1.0,1,0,0,6,snapshot_20150919T025947Z
91370,8,7,1,0.875,1,0,0,6,snapshot_20150919T025947Z
91900,26,21,5,0.8076923076923077,1,0,0,24,snapshot_20150919T025947Z
91913,2,2,0,1.0,1,0,0,1,snapshot_20150919T025947Z
92098,5,0,5,0.0,0,0,1,3,snapshot_20150919T025947Z
92159,9,9,0,1.0,1,0,0,7,snapshot_20150919T025947Z
92347,16,13,3,0.8125,1,0,0,14,snapshot_20150919T025947Z
92384,25,0,25,0.0,0,0,1,21,snapshot_20150919T025947Z
93232,3,0,3,0.0,0,0,1,1,snapshot_20150919T025947Z
93328,3,3,0,1.0,1,0,0,1,snapshot_20150919T025947Z
93424,5,5,0,1.0,1,0,0,3,snapshot_20150919T025947Z
93652,4,4,0,1.0,1,0,0,2,snapshot_20150919T025947Z
93887,3,0,3,0.0,0,0,1,1,snapshot_20150919T025947Z
93978,4,4,0,1.0,1,0,0,2,snapshot_20150919T025947Z
94030,21,21,0,1.0,1,0,0,13,snapshot_20150919T025947Z
94071,21,20,1,0.9523809523809523,1,0,0,19,snapshot_20150919T025947Z
94177,3,3,0,1.0,1,0,0,1,snapshot_20150919T025947Z
94182,7,7,0,1.0,1,0,0,5,snapshot_20150919T025947Z
94235,8,8,0,1.0,1,0,0,6,snapshot_20150919T025947Z
94463,4,4,0,1.0,1,1,0,0,snapshot_20150919T025947Z
94529,21,20,1,0.9523809523809523,1,0,0,18,snapshot_20150919T025947Z
94751,12,2,10,0.16666666666666666,1,0,0,8,snapshot_20150919T025947Z
94832,7,7,0,1.0,1,0,0,5,snapshot_20150919T025947Z
94994,5,1,4,0.2,1,0,0,3,snapshot_20150919T025947Z
95059,6,6,0,1.0,1,0,0,4,snapshot_20150919T025947Z
95090,3,3,0,1.0,1,0,0,1,snapshot_20150919T025947Z
95161,9,9,0,1.0,1,0,0,7,snapshot_20150919T025947Z
95233,4,1,3,0.25,1,0,0,2,snapshot_20150919T025947Z
95536,6,6,0,1.0,1,0,0,1,snapshot_20150919T025947Z
95794,9,9,0,1.0,1,0,0,7,snapshot_20150919T025947Z
96196,7,7,0,1.0,1,0,0,5,snapshot_20150919T025947Z
96387,6,6,0,1.0,1,0,0,4,snapshot_20150919T025947Z
96558,12,12,0,1.0,1,0,0,10,snapshot_20150919T025947Z
96640,3,3,0,1.0,1,0,0,1,snapshot_20150919T025947Z
96705,20,16,4,0.8,1,0,0,16,snapshot_20150919T025947Z
96947,2,2,0,1.0,1,0,0,1,snapshot_20150919T025947Z
97209,3,0,3,0.0,0,0,1,1,snapshot_20150919T025947Z
97480,3,3,0,1.0,1,0,0,1,snapshot_20150919T025947Z
97675,46,46,0,1.0,1,0,0,31,snapshot_20150919T025947Z
97865,4,4,0,1.0,1,0,0,2,snapshot_20150919T025947Z
97992,4,3,1,0.75,1,0,0,2,snapshot_20150919T025947Z
98071,150,89,61,0.5933333333333334,1,0,0,121,snapshot_20150919T025947Z
98093,17,17,0,1.0,1,0,0,15,snapshot_20150919T025947Z
98364,2,2,0,1.0,1,0,0,1,snapshot_20150919T025947Z
98371,13,0,13,0.0,0,0,1,11,snapshot_20150919T025947Z
98492,5,5,0,1.0,1,0,0,3,snapshot_20150919T025947Z
98499,71,0,71,0.0,0,0,1,66,snapshot_20150919T025947Z
98772,4,4,0,1.0,1,0,0,1,snapshot_20150919T025947Z
98799,6,0,6,0.0,0,0,1,4,snapshot_20150919T025947Z
98887,4,4,0,1.0,1,0,0,3,snapshot_20150919T025947Z
99015,4,1,3,0.25,1,0,0,2,snapshot_20150919T025947Z
99081,3,3,0,1.0,1,0,0,1,snapshot_20150919T025947Z
99160,19,19,0,1.0,1,0,0,17,snapshot_20150919T025947Z
99569,3,3,0,1.0,1,0,0,1,snapshot_20150919T025947Z
99589,3,3,0,1.0,1,0,0,1,snapshot_20150919T025947Z
99634,9,9,0,1.0,1,0,0,6,snapshot_20150919T025947Z
99661,2,2,0,1.0,1,1,0,0,snapshot_20150919T025947Z
99743,3,3,0,1.0,1,0,0,2,snapshot_20150919T025947Z
99830,40,36,4,0.9,1,0,0,34,snapshot_20150919T025947Z
99915,4,4,0,1.0,1,0,0,2,snapshot_20150919T025947Z
99962,5,5,0,1.0,1,0,0,3,snapshot_20150919T025947Z
100012,3,3,0,1.0,1,0,0,1,snapshot_20150919T025947Z
100020,5,5,0,1.0,1,0,0,3,snapshot_20150919T025947Z
100067,4,4,0,1.0,1,0,0,2,snapshot_20150919T025947Z
100198,6,6,0,1.0,1,0,0,4,snapshot_20150919T025947Z
100439,74,72,2,0.972972972972973,1,0,0,72,snapshot_20150919T025947Z
100459,5,4,1,0.8,1,0,0,3,snapshot_20150919T025947Z
100539,3,3,0,1.0,1,0,0,1,snapshot_20150919T025947Z
100790,9,9,0,1.0,1,0,0,7,snapshot_20150919T025947Z
100809,11,11,0,1.0,1,0,0,3,snapshot_20150919T025947Z
100840,3,3,0,1.0,1,0,0,1,snapshot_20150919T025947Z
100852,7,7,0,1.0,1,0,0,5,snapshot_20150919T025947Z
100894,10,10,0,1.0,1,0,0,7,snapshot_20150919T025947Z
100988,6,5,1,0.8333333333333334,1,0,0,2,snapshot_20150919T025947Z
101161,10,8,2,0.8,1,0,0,7,snapshot_20150919T025947Z
101175,194,171,23,0.8814432989690721,1,0,0,150,snapshot_20150919T025947Z
101483,8,3,5,0.375,1,0,0,6,snapshot_20150919T025947Z
101633,3,3,0,1.0,1,0,0,1,snapshot_20150919T025947Z
101747,3,3,0,1.0,1,0,0,1,snapshot_20150919T025947Z
101821,3,3,0,1.0,1,0,0,1,snapshot_20150919T025947Z
102019,9,9,0,1.0,1,0,0,6,snapshot_20150919T025947Z
102227,3,3,0,1.0,1,0,0,1,snapshot_20150919T025947Z
102454,4,4,0,1.0,1,0,0,3,snapshot_20150919T025947Z
102507,9,9,0,1.0,1,0,0,3,snapshot_20150919T025947Z
102636,3,3,0,1.0,1,0,0,1,snapshot_20150919T025947Z
102676,4,4,0,1.0,1,0,0,2,snapshot_20150919T025947Z
102742,24,18,6,0.75,1,0,0,22,snapshot_20150919T025947Z
102877,10,9,1,0.9,1,0,0,8,snapshot_20150919T025947Z
102957,9,9,0,1.0,1,0,0,7,snapshot_20150919T025947Z
103171,4,0,4,0.0,0,0,1,2,snapshot_20150919T025947Z
103408,3,3,0,1.0,1,0,0,1,snapshot_20150919T025947Z
103637,68,65,3,0.9558823529411765,1,0,0,57,snapshot_20150919T025947Z
103744,10,10,0,1.0,1,0,0,9,snapshot_20150919T025947Z
103808,7,7,0,1.0,1,0,0,5,snapshot_20150919T025947Z
103993,6,6,0,1.0,1,0,0,2,snapshot_20150919T025947Z
104058,22,22,0,1.0,1,0,0,11,snapshot_20150919T025947Z
104182,4,4,0,1.0,1,0,0,2,snapshot_20150919T025947Z
104260,6,6,0,1.0,1,0,0,4,snapshot_20150919T025947Z
104434,4,4,0,1.0,1,0,0,2,snapshot_20150919T025947Z
104522,5,5,0,1.0,1,0,0,3,snapshot_20150919T025947Z
104560,5,5,0,1.0,1,0,0,3,snapshot_20150919T025947Z
104815,7,0,7,0.0,0,0,1,5,snapshot_20150919T025947Z
104850,4,0,4,0.0,0,0,1,2,snapshot_20150919T025947Z
104866,5,5,0,1.0,1,0,0,3,snapshot_20150919T025947Z
104929,3,3,0,1.0,1,0,0,1,snapshot_20150919T025947Z
104974,67,44,23,0.6567164179104478,1,0,0,57,snapshot_20150919T025947Z
105003,5,5,0,1.0,1,0,0,3,snapshot_20150919T025947Z
105033,10,8,2,0.8,1,0,0,8,snapshot_20150919T025947Z
105090,4,4,0,1.0,1,0,0,2,snapshot_20150919T025947Z
105164,10,10,0,1.0,1,0,0,8,snapshot_20150919T025947Z
105283,3,3,0,1.0,1,0,0,1,snapshot_20150919T025947Z
105465,10,10,0,1.0,1,0,0,9,snapshot_20150919T025947Z
105552,3,3,0,1.0,1,0,0,1,snapshot_20150919T025947Z
105693,6,6,0,1.0,1,0,0,5,snapshot_20150919T025947Z
105729,7,7,0,1.0,1,0,0,6,snapshot_20150919T025947Z
105795,3,3,0,1.0,1,0,0,1,snapshot_20150919T025947Z
105857,5,5,0,1.0,1,0,0,3,snapshot_20150919T025947Z
106106,6,6,0,1.0,1,0,0,4,snapshot_20150919T025947Z
106381,5,5,0,1.0,1,0,0,3,snapshot_20150919T025947Z
106470,5,5,0,1.0,1,0,0,3,snapshot_20150919T025947Z
106515,3,2,1,0.6666666666666666,1,0,0,2,snapshot_20150919T025947Z
106554,1,0,1,0.0,0,1,1,0,snapshot_20150919T025947Z
106626,5,5,0,1.0,1,0,0,2,snapshot_20150919T025947Z
106733,3,3,0,1.0,1,0,0,1,snapshot_20150919T025947Z
107007,3,3,0,1.0,1,0,0,1,snapshot_20150919T025947Z
107025,6,0,6,0.0,0,0,1,4,snapshot_20150919T025947Z
107314,3,3,0,1.0,1,0,0,1,snapshot_20150919T025947Z
107692,18,18,0,1.0,1,0,0,16,snapshot_20150919T025947Z
107797,7,7,0,1.0,1,0,0,5,snapshot_20150919T025947Z
107935,5,5,0,1.0,1,0,0,3,snapshot_20150919T025947Z
107944,13,13,0,1.0,1,0,0,10,snapshot_20150919T025947Z
107998,2,2,0,1.0,1,0,0,1,snapshot_20150919T025947Z
108101,2,0,2,0.0,0,0,1,1,snapshot_20150919T025947Z
108464,3,0,3,0.0,0,0,1,1,snapshot_20150919T025947Z
108570,2,2,0,1.0,1,0,0,1,snapshot_20150919T025947Z
108759,52,33,19,0.6346153846153846,1,0,0,44,snapshot_20150919T025947Z
108813,3,3,0,1.0,1,0,0,1,snapshot_20150919T025947Z
108868,4,4,0,1.0,1,1,0,0,snapshot_20150919T025947Z
108972,15,13,2,0.8666666666666667,1,0,0,12,snapshot_20150919T025947Z
108997,28,28,0,1.0,1,0,0,25,snapshot_20150919T025947Z
109095,4,4,0,1.0,1,0,0,2,snapshot_20150919T025947Z
109106,8,3,5,0.375,1,0,0,7,snapshot_20150919T025947Z
109184,20,20,0,1.0,1,0,0,9,snapshot_20150919T025947Z
109246,7,6,1,0.8571428571428571,1,0,0,5,snapshot_20150919T025947Z
109293,5,5,0,1.0,1,0,0,3,snapshot_20150919T025947Z
109357,101,67,34,0.6633663366336634,1,0,0,46,snapshot_20150919T025947Z
109408,7,7,0,1.0,1,0,0,5,snapshot_20150919T025947Z
109433,4,4,0,1.0,1,0,0,2,snapshot_20150919T025947Z
109662,21,21,0,1.0,1,0,0,19,snapshot_20150919T025947Z
109670,4,3,1,0.75,1,0,0,2,snapshot_20150919T025947Z
109717,2,0,2,0.0,0,1,1,0,snapshot_20150919T025947Z
109721,4,4,0,1.0,1,0,0,2,snapshot_20150919T025947Z
109826,3,0,3,0.0,0,0,1,1,snapshot_20150919T025947Z
109850,19,19,0,1.0,1,0,0,13,snapshot_20150919T025947Z
109926,3,3,0,1.0,1,0,0,1,snapshot_20150919T025947Z
109982,5,5,0,1.0,1,0,0,3,snapshot_20150919T025947Z
110014,6,6,0,1.0,1,0,0,4,snapshot_20150919T025947Z
110090,5,5,0,1.0,1,0,0,3,snapshot_20150919T025947Z
110227,4,4,0,1.0,1,0,0,1,snapshot_20150919T025947Z
110412,14,14,0,1.0,1,0,0,10,snapshot_20150919T025947Z
110481,3,3,0,1.0,1,0,0,1,snapshot_20150919T025947Z
110561,10,10,0,1.0,1,0,0,7,snapshot_20150919T025947Z
110606,4,4,0,1.0,1,0,0,2,snapshot_20150919T025947Z
110660,5,5,0,1.0,1,0,0,3,snapshot_20150919T025947Z
110905,8,8,0,1.0,1,0,0,6,snapshot_20150919T025947Z
111080,8,8,0,1.0,1,0,0,6,snapshot_20150919T025947Z
111209,29,28,1,0.9655172413793104,1,0,0,27,snapshot_20150919T025947Z
111325,5,0,5,0.0,0,0,1,3,snapshot_20150919T025947Z
111382,5,5,0,1.0,1,0,0,3,snapshot_20150919T025947Z
111668,4,3,1,0.75,1,0,0,2,snapshot_20150919T025947Z
111748,3,3,0,1.0,1,0,0,1,snapshot_20150919T025947Z
112167,4,4,0,1.0,1,0,0,3,snapshot_20150919T025947Z
112253,3,3,0,1.0,1,0,0,1,snapshot_20150919T025947Z
112257,2,2,0,1.0,1,0,0,1,snapshot_20150919T025947Z
112323,14,13,1,0.9285714285714286,1,0,0,11,snapshot_20150919T025947Z
112417,15,15,0,1.0,1,0,0,13,snapshot_20150919T025947Z
112518,6,0,6,0.0,0,0,1,4,snapshot_20150919T025947Z
112578,3,3,0,1.0,1,0,0,1,snapshot_20150919T025947Z
112596,6,1,5,0.16666666666666666,1,0,0,4,snapshot_20150919T025947Z
112757,19,19,0,1.0,1,0,0,13,snapshot_20150919T025947Z
112855,4,4,0,1.0,1,0,0,2,snapshot_20150919T025947Z
113028,5,5,0,1.0,1,0,0,3,snapshot_20150919T025947Z
113137,47,12,35,0.2553191489361702,1,0,0,38,snapshot_20150919T025947Z
113314,2,2,0,1.0,1,1,0,0,snapshot_20150919T025947Z
113592,4,4,0,1.0,1,0,0,2,snapshot_20150919T025947Z
113634,4,4,0,1.0,1,0,0,2,snapshot_20150919T025947Z
113995,11,8,3,0.7272727272727273,1,0,0,8,snapshot_20150919T025947Z
114108,4,4,0,1.0,1,0,0,2,snapshot_20150919T025947Z
114349,3,3,0,1.0,1,0,0,1,snapshot_20150919T025947Z
114403,6,6,0,1.0,1,0,0,4,snapshot_20150919T025947Z
114450,3,3,0,1.0,1,0,0,1,snapshot_20150919T025947Z
114828,8,8,0,1.0,1,0,0,6,snapshot_20150919T025947Z
114903,4,4,0,1.0,1,0,0,2,snapshot_20150919T025947Z
114915,6,6,0,1.0,1,0,0,4,snapshot_20150919T025947Z
115055,6,6,0,1.0,1,0,0,4,snapshot_20150919T025947Z
115257,70,70,0,1.0,1,0,0,60,snapshot_20150919T025947Z
115417,23,13,10,0.5652173913043478,1,0,0,21,snapshot_20150919T025947Z
115573,4,4,0,1.0,1,0,0,2,snapshot_20150919T025947Z
115977,7,0,7,0.0,0,0,1,5,snapshot_20150919T025947Z
116086,12,6,6,0.5,1,0,0,8,snapshot_20150919T025947Z
116095,18,18,0,1.0,1,0,0,14,snapshot_20150919T025947Z
116133,20,20,0,1.0,1,0,0,18,snapshot_20150919T025947Z
116236,3,3,0,1.0,1,1,0,0,snapshot_20150919T025947Z
116272,5,5,0,1.0,1,0,0,3,snapshot_20150919T025947Z
116322,5,5,0,1.0,1,0,0,3,snapshot_20150919T025947Z
116458,3,3,0,1.0,1,0,0,1,snapshot_20150919T025947Z
116728,1,1,0,1.0,1,1,0,0,snapshot_20150919T025947Z
116771,8,8,0,1.0,1,0,0,6,snapshot_20150919T025947Z
116830,4,4,0,1.0,1,0,0,2,snapshot_20150919T025947Z
116997,14,12,2,0.8571428571428571,1,0,0,12,snapshot_20150919T025947Z
117236,14,14,0,1.0,1,0,0,12,snapshot_20150919T025947Z
117422,9,9,0,1.0,1,0,0,5,snapshot_20150919T025947Z
117436,17,7,10,0.4117647058823529,1,0,0,15,snapshot_20150919T025947Z
117934,16,6,10,0.375,1,0,0,10,snapshot_20150919T025947Z
117973,7,7,0,1.0,1,0,0,5,snapshot_20150919T025947Z
118071,5,5,0,1.0,1,0,0,4,snapshot_20150919T025947Z
118129,16,15,1,0.9375,1,0,0,8,snapshot_20150919T025947Z
118200,14,14,0,1.0,1,0,0,12,snapshot_20150919T025947Z
118234,3,3,0,1.0,1,0,0,1,snapshot_20150919T025947Z
118274,11,11,0,1.0,1,0,0,9,snapshot_20150919T025947Z
118319,2,2,0,1.0,1,1,0,0,snapshot_20150919T025947Z
118450,5,5,0,1.0,1,0,0,3,snapshot_20150919T025947Z
118487,4,0,4,0.0,0,0,1,2,snapshot_20150919T025947Z
118543,9,9,0,1.0,1,0,0,7,snapshot_20150919T025947Z
118580,18,6,12,0.3333333333333333,1,0,0,16,snapshot_20150919T025947Z
118594,10,10,0,1.0,1,0,0,8,snapshot_20150919T025947Z
118734,8,8,0,1.0,1,0,0,6,snapshot_20150919T025947Z
118831,7,7,0,1.0,1,0,0,4,snapshot_20150919T025947Z
118899,21,20,1,0.9523809523809523,1,0,0,17,snapshot_20150919T025947Z
118926,3,3,0,1.0,1,0,0,1,snapshot_20150919T025947Z
119044,3,3,0,1.0,1,0,0,1,snapshot_20150919T025947Z
119084,2,2,0,1.0,1,0,0,1,snapshot_20150919T025947Z
119139,14,14,0,1.0,1,0,0,12,snapshot_20150919T025947Z
119168,4,4,0,1.0,1,0,0,2,snapshot_20150919T025947Z
119328,4,4,0,1.0,1,0,0,2,snapshot_20150919T025947Z
119362,4,4,0,1.0,1,0,0,2,snapshot_20150919T025947Z
119389,40,40,0,1.0,1,0,0,9,snapshot_20150919T025947Z
119446,6,6,0,1.0,1,0,0,4,snapshot_20150919T025947Z
119455,4,0,4,0.0,0,0,1,2,snapshot_20150919T025947Z
119531,3,3,0,1.0,1,0,0,1,snapshot_20150919T025947Z
119578,25,25,0,1.0,1,0,0,21,snapshot_20150919T025947Z
119770,11,8,3,0.7272727272727273,1,0,0,9,snapshot_20150919T025947Z
119781,2,2,0,1.0,1,0,0,1,snapshot_20150919T025947Z
119827,9,6,3,0.6666666666666666,1,0,0,5,snapshot_20150919T025947Z
120036,3,3,0,1.0,1,0,0,1,snapshot_20150919T025947Z
120226,21,8,13,0.38095238095238093,1,0,0,15,snapshot_20150919T025947Z
120331,8,8,0,1.0,1,0,0,6,snapshot_20150919T025947Z
120444,10,10,0,1.0,1,0,0,4,snapshot_20150919T025947Z
120511,3,0,3,0.0,0,0,1,1,snapshot_20150919T025947Z
120532,16,6,10,0.375,1,0,0,13,snapshot_20150919T025947Z
120601,5,4,1,0.8,1,0,0,3,snapshot_20150919T025947Z
120699,6,6,0,1.0,1,0,0,2,snapshot_20150919T025947Z
120959,11,0,11,0.0,0,0,1,9,snapshot_20150919T025947Z
121179,3,3,0,1.0,1,0,0,1,snapshot_20150919T025947Z
121214,9,9,0,1.0,1,0,0,7,snapshot_20150919T025947Z
121299,13,13,0,1.0,1,0,0,5,snapshot_20150919T025947Z
121320,23,22,1,0.9565217391304348,1,0,0,18,snapshot_20150919T025947Z
121322,26,16,10,0.6153846153846154,1,0,0,24,snapshot_20150919T025947Z
121370,5,5,0,1.0,1,0,0,3,snapshot_20150919T025947Z
121481,14,14,0,1.0,1,0,0,11,snapshot_20150919T025947Z
121688,37,32,5,0.8648648648648649,1,0,0,15,snapshot_20150919T025947Z
121714,6,0,6,0.0,0,0,1,4,snapshot_20150919T025947Z
121775,5,5,0,1.0,1,0,0,3,snapshot_20150919T025947Z
121914,125,94,31,0.752,1,0,0,120,snapshot_20150919T025947Z
121951,3,3,0,1.0,1,0,0,1,snapshot_20150919T025947Z
122126,6,6,0,1.0,1,0,0,4,snapshot_20150919T025947Z
122153,5,5,0,1.0,1,0,0,3,snapshot_20150919T025947Z
122239,6,6,0,1.0,1,0,0,4,snapshot_20150919T025947Z
122329,11,11,0,1.0,1,0,0,8,snapshot_20150919T025947Z
122337,3,3,0,1.0,1,0,0,1,snapshot_20150919T025947Z
122347,21,21,0,1.0,1,0,0,20,snapshot_20150919T025947Z
122385,14,14,0,1.0,1,0,0,12,snapshot_20150919T025947Z
122478,7,7,0,1.0,1,0,0,5,snapshot_20150919T025947Z
122552,13,12,1,0.9230769230769231,1,0,0,11,snapshot_20150919T025947Z
122568,2,2,0,1.0,1,1,0,0,snapshot_20150919T025947Z
122598,4,4,0,1.0,1,0,0,2,snapshot_20150919T025947Z
122700,19,17,2,0.8947368421052632,1,0,0,16,snapshot_20150919T025947Z
122728,4,4,0,1.0,1,0,0,2,snapshot_20150919T025947Z
122929,3,3,0,1.0,1,0,0,1,snapshot_20150919T025947Z
123031,4,4,0,1.0,1,0,0,2,snapshot_20150919T025947Z
123036,5,0,5,0.0,0,0,1,2,snapshot_20150919T025947Z
123291,4,4,0,1.0,1,0,0,2,snapshot_20150919T025947Z
123533,6,6,0,1.0,1,0,0,4,snapshot_20150919T025947Z
123702,15,14,1,0.9333333333333333,1,0,0,13,snapshot_20150919T025947Z
123724,5,5,0,1.0,1,0,0,3,snapshot_20150919T025947Z
124102,43,37,6,0.8604651162790697,1,0,0,35,snapshot_20150919T025947Z
124114,10,10,0,1.0,1,0,0,7,snapshot_20150919T025947Z
124220,5,5,0,1.0,1,0,0,3,snapshot_20150919T025947Z
124269,8,7,1,0.875,1,0,0,4,snapshot_20150919T025947Z
124489,2,2,0,1.0,1,0,0,1,snapshot_20150919T025947Z
124511,4,4,0,1.0,1,0,0,2,snapshot_20150919T025947Z
124971,19,19,0,1.0,1,0,0,17,snapshot_20150919T025947Z
125048,8,8,0,1.0,1,0,0,6,snapshot_20150919T025947Z
125098,3,3,0,1.0,1,0,0,1,snapshot_20150919T025947Z
125197,4,4,0,1.0,1,0,0,2,snapshot_20150919T025947Z
125208,6,5,1,0.8333333333333334,1,0,0,4,snapshot_20150919T025947Z
125307,34,33,1,0.9705882352941176,1,0,0,32,snapshot_20150919T025947Z
125643,2,2,0,1.0,1,0,0,1,snapshot_20150919T025947Z
125651,4,0,4,0.0,0,0,1,1,snapshot_20150919T025947Z
125728,10,10,0,1.0,1,0,0,4,snapshot_20150919T025947Z
125769,5,0,5,0.0,0,0,1,3,snapshot_20150919T025947Z
125998,3,3,0,1.0,1,0,0,1,snapshot_20150919T025947Z
126139,67,66,1,0.9850746268656716,1,0,0,65,snapshot_20150919T025947Z
126230,5,5,0,1.0,1,0,0,3,snapshot_20150919T025947Z
126393,7,1,6,0.14285714285714285,1,0,0,5,snapshot_20150919T025947Z
126643,4,4,0,1.0,1,0,0,2,snapshot_20150919T025947Z
126771,4,4,0,1.0,1,0,0,2,snapshot_20150919T025947Z
126779,6,0,6,0.0,0,0,1,2,snapshot_20150919T025947Z
126834,14,14,0,1.0,1,0,0,7,snapshot_20150919T025947Z
127240,4,0,4,0.0,0,1,1,0,snapshot_20150919T025947Z
127366,12,7,5,0.5833333333333334,1,0,0,10,snapshot_20150919T025947Z
127425,5,5,0,1.0,1,0,0,2,snapshot_20150919T025947Z
127452,8,8,0,1.0,1,0,0,4,snapshot_20150919T025947Z
127579,8,8,0,1.0,1,0,0,6,snapshot_20150919T025947Z
127718,2,2,0,1.0,1,0,0,1,snapshot_20150919T025947Z
127910,7,7,0,1.0,1,0,0,3,snapshot_20150919T025947Z
128066,4,4,0,1.0,1,0,0,2,snapshot_20150919T025947Z
128147,25,25,0,1.0,1,0,0,21,snapshot_20150919T025947Z
128188,9,9,0,1.0,1,0,0,6,snapshot_20150919T025947Z
128223,8,8,0,1.0,1,0,0,6,snapshot_20150919T025947Z
128491,9,9,0,1.0,1,0,0,7,snapshot_20150919T025947Z
128578,4,0,4,0.0,0,0,1,3,snapshot_20150919T025947Z
128727,21,21,0,1.0,1,0,0,17,snapshot_20150919T025947Z
129046,3,3,0,1.0,1,0,0,1,snapshot_20150919T025947Z
129095,2,2,0,1.0,1,1,0,0,snapshot_20150919T025947Z
129198,6,6,0,1.0,1,0,0,4,snapshot_20150919T025947Z
129237,7,3,4,0.42857142857142855,1,0,0,5,snapshot_20150919T025947Z
129434,5,5,0,1.0,1,0,0,3,snapshot_20150919T025947Z
129438,7,1,6,0.14285714285714285,1,0,0,6,snapshot_20150919T025947Z
129443,8,4,4,0.5,1,0,0,7,snapshot_20150919T025947Z
129642,5,5,0,1.0,1,0,0,3,snapshot_20150919T025947Z
129689,9,9,0,1.0,1,0,0,8,snapshot_20150919T025947Z
129708,4,4,0,1.0,1,0,0,1,snapshot_20150919T025947Z
129811,4,4,0,1.0,1,0,0,1,snapshot_20150919T025947Z
129940,20,20,0,1.0,1,0,0,18,snapshot_20150919T025947Z
130028,8,8,0,1.0,1,0,0,4,snapshot_20150919T025947Z
130293,33,33,0,1.0,1,0,0,29,snapshot_20150919T025947Z
130294,5,5,0,1.0,1,0,0,3,snapshot_20150919T025947Z
130478,4,0,4,0.0,0,0,1,2,snapshot_20150919T025947Z
130492,47,17,30,0.3617021276595745,1,0,0,34,snapshot_20150919T025947Z
130658,3,3,0,1.0,1,0,0,1,snapshot_20150919T025947Z
130847,6,6,0,1.0,1,0,0,3,snapshot_20150919T025947Z
130917,3,0,3,0.0,0,0,1,1,snapshot_20150919T025947Z
130968,7,0,7,0.0,0,0,1,5,snapshot_20150919T025947Z
130983,8,8,0,1.0,1,0,0,3,snapshot_20150919T025947Z
131371,20,20,0,1.0,1,0,0,13,snapshot_20150919T025947Z
131578,8,8,0,1.0,1,0,0,6,snapshot_20150919T025947Z
131595,8,5,3,0.625,1,0,0,6,snapshot_20150919T025947Z
131725,4,1,3,0.25,1,0,0,2,snapshot_20150919T025947Z
131764,2,2,0,1.0,1,1,0,0,snapshot_20150919T025947Z
131768,7,7,0,1.0,1,0,0,4,snapshot_20150919T025947Z
131861,6,6,0,1.0,1,0,0,4,snapshot_20150919T025947Z
131954,8,7,1,0.875,1,0,0,6,snapshot_20150919T025947Z
132066,212,207,5,0.9764150943396226,1,0,0,190,snapshot_20150919T025947Z
132168,2,2,0,1.0,1,1,0,0,snapshot_20150919T025947Z
132277,10,10,0,1.0,1,0,0,5,snapshot_20150919T025947Z
132645,34,34,0,1.0,1,0,0,33,snapshot_20150919T025947Z
132676,114,9,105,0.07894736842105263,1,0,0,74,snapshot_20150919T025947Z
132727,7,7,0,1.0,1,0,0,2,snapshot_20150919T025947Z
132804,7,7,0,1.0,1,0,0,5,snapshot_20150919T025947Z
132823,10,10,0,1.0,1,0,0,8,snapshot_20150919T025947Z
132829,17,16,1,0.9411764705882353,1,0,0,15,snapshot_20150919T025947Z
132882,4,4,0,1.0,1,0,0,2,snapshot_20150919T025947Z
133120,4,0,4,0.0,0,0,1,2,snapshot_20150919T025947Z
133166,12,12,0,1.0,1,0,0,8,snapshot_20150919T025947Z
133456,9,7,2,0.7777777777777778,1,0,0,7,snapshot_20150919T025947Z
133632,4,4,0,1.0,1,0,0,2,snapshot_20150919T025947Z
133645,14,13,1,0.9285714285714286,1,0,0,11,snapshot_20150919T025947Z
133777,10,10,0,1.0,1,0,0,6,snapshot_20150919T025947Z
133817,4,4,0,1.0,1,0,0,2,snapshot_20150919T025947Z
134169,8,8,0,1.0,1,0,0,6,snapshot_20150919T025947Z
134248,16,14,2,0.875,1,0,0,12,snapshot_20150919T025947Z
134290,8,7,1,0.875,1,0,0,5,snapshot_20150919T025947Z
134360,5,5,0,1.0,1,0,0,3,snapshot_20150919T025947Z
134407,39,20,19,0.5128205128205128,1,0,0,30,snapshot_20150919T025947Z
134524,18,11,7,0.6111111111111112,1,0,0,16,snapshot_20150919T025947Z
134586,3,0,3,0.0,0,0,1,2,snapshot_20150919T025947Z
134685,32,24,8,0.75,1,0,0,28,snapshot_20150919T025947Z
134805,4,4,0,1.0,1,0,0,2,snapshot_20150919T025947Z
134868,3,3,0,1.0,1,0,0,1,snapshot_20150919T025947Z
135153,23,23,0,1.0,1,0,0,21,snapshot_20150919T025947Z
135201,3,3,0,1.0,1,0,0,1,snapshot_20150919T025947Z
135511,3,3,0,1.0,1,0,0,1,snapshot_20150919T025947Z
135719,27,27,0,1.0,1,0,0,17,snapshot_20150919T025947Z
135738,25,25,0,1.0,1,0,0,23,snapshot_20150919T025947Z
135931,4,4,0,1.0,1,0,0,3,snapshot_20150919T025947Z
135997,14,11,3,0.7857142857142857,1,0,0,12,snapshot_20150919T025947Z
136002,9,8,1,0.8888888888888888,1,0,0,6,snapshot_20150919T025947Z
136280,1,1,0,1.0,1,1,0,0,snapshot_20150919T025947Z
136630,9,1,8,0.1111111111111111,1,0,0,7,snapshot_20150919T025947Z
136855,6,6,0,1.0,1,0,0,4,snapshot_20150919T025947Z
136903,13,5,8,0.38461538461538464,1,0,0,12,snapshot_20150919T025947Z
137011,38,38,0,1.0,1,0,0,30,snapshot_20150919T025947Z
137057,22,21,1,0.9545454545454546,1,0,0,20,snapshot_20150919T025947Z
137110,4,4,0,1.0,1,0,0,2,snapshot_20150919T025947Z
137223,4,4,0,1.0,1,0,0,3,snapshot_20150919T025947Z
137285,19,19,0,1.0,1,0,0,14,snapshot_20150919T025947Z
137452,3,3,0,1.0,1,0,0,1,snapshot_20150919T025947Z
137613,3,0,3,0.0,0,0,1,1,snapshot_20150919T025947Z
137876,10,10,0,1.0,1,0,0,7,snapshot_20150919T025947Z
138021,39,39,0,1.0,1,0,0,31,snapshot_20150919T025947Z
138131,1611,975,636,0.6052141527001862,1,0,0,1231,snapshot_20150919T025947Z
138304,3,3,0,1.0,1,0,0,1,snapshot_20150919T025947Z
138322,3,3,0,1.0,1,0,0,1,snapshot_20150919T025947Z
138391,5,1,4,0.2,1,0,0,3,snapshot_20150919T025947Z
138458,7,7,0,1.0,1,0,0,5,snapshot_20150919T025947Z
138992,11,11,0,1.0,1,0,0,9,snapshot_20150919T025947Z
139064,3,3,0,1.0,1,0,0,1,snapshot_20150919T025947Z
139392,4,4,0,1.0,1,0,0,3,snapshot_20150919T025947Z
139696,7,3,4,0.42857142857142855,1,0,0,4,snapshot_20150919T025947Z
139805,7,7,0,1.0,1,0,0,5,snapshot_20150919T025947Z
139850,16,16,0,1.0,1,0,0,6,snapshot_20150919T025947Z
139891,2,2,0,1.0,1,1,0,0,snapshot_20150919T025947Z
140115,8,8,0,1.0,1,0,0,6,snapshot_20150919T025947Z
140378,10,10,0,1.0,1,0,0,8,snapshot_20150919T025947Z
140568,2,0,2,0.0,0,1,1,0,snapshot_20150919T025947Z
140572,20,20,0,1.0,1,0,0,18,snapshot_20150919T025947Z
140810,4,4,0,1.0,1,0,0,2,snapshot_20150919T025947Z
140884,10,7,3,0.7,1,0,0,8,snapshot_20150919T025947Z
141016,3,0,3,0.0,0,0,1,1,snapshot_20150919T025947Z
141135,8,8,0,1.0,1,0,0,6,snapshot_20150919T025947Z
141660,27,22,5,0.8148148148148148,1,0,0,17,snapshot_20150919T025947Z
141701,3,0,3,0.0,0,0,1,1,snapshot_20150919T025947Z
141790,3,3,0,1.0,1,0,0,1,snapshot_20150919T025947Z
141812,5,4,1,0.8,1,0,0,3,snapshot_20150919T025947Z
141819,7,7,0,1.0,1,0,0,5,snapshot_20150919T025947Z
141889,3,3,0,1.0,1,0,0,1,snapshot_20150919T025947Z
141905,3,2,1,0.6666666666666666,1,0,0,1,snapshot_20150919T025947Z
142099,19,19,0,1.0,1,0,0,17,snapshot_20150919T025947Z
142284,2,2,0,1.0,1,0,0,1,snapshot_20150919T025947Z
142511,15,13,2,0.8666666666666667,1,0,0,13,snapshot_20150919T025947Z
142611,4,4,0,1.0,1,0,0,2,snapshot_20150919T025947Z
142649,20,19,1,0.95,1,0,0,18,snapshot_20150919T025947Z
142785,63,44,19,0.6984126984126984,1,0,0,61,snapshot_20150919T025947Z
143054,3,3,0,1.0,1,0,0,1,snapshot_20150919T025947Z
143059,9,9,0,1.0,1,0,0,3,snapshot_20150919T025947Z
143136,4,0,4,0.0,0,0,1,2,snapshot_20150919T025947Z
143174,4,4,0,1.0,1,0,0,2,snapshot_20150919T025947Z
143229,4,4,0,1.0,1,0,0,2,snapshot_20150919T025947Z
143361,3,3,0,1.0,1,0,0,1,snapshot_20150919T025947Z
143411,7,7,0,1.0,1,0,0,4,snapshot_20150919T025947Z
143585,6,6,0,1.0,1,0,0,4,snapshot_20150919T025947Z
143630,5,5,0,1.0,1,0,0,3,snapshot_20150919T025947Z
143679,6,6,0,1.0,1,0,0,3,snapshot_20150919T025947Z
143811,3,3,0,1.0,1,0,0,1,snapshot_20150919T025947Z
144274,22,17,5,0.7727272727272727,1,0,0,18,snapshot_20150919T025947Z
144291,14,12,2,0.8571428571428571,1,0,0,12,snapshot_20150919T025947Z
144378,11,11,0,1.0,1,0,0,9,snapshot_20150919T025947Z
144508,21,10,11,0.47619047619047616,1,0,0,19,snapshot_20150919T025947Z
144513,10,10,0,1.0,1,0,0,5,snapshot_20150919T025947Z
144730,3,3,0,1.0,1,0,0,1,snapshot_20150919T025947Z
144849,32,32,0,1.0,1,0,0,23,snapshot_20150919T025947Z
145261,6,6,0,1.0,1,0,0,2,snapshot_20150919T025947Z
145274,11,11,0,1.0,1,0,0,6,snapshot_20150919T025947Z
145473,4,4,0,1.0,1,0,0,1,snapshot_20150919T025947Z
145492,7,7,0,1.0,1,0,0,4,snapshot_20150919T025947Z
145494,6,6,0,1.0,1,0,0,4,snapshot_20150919T025947Z
145611,3,0,3,0.0,0,0,1,1,snapshot_20150919T025947Z
145936,9,9,0,1.0,1,0,0,5,snapshot_20150919T025947Z
146419,5,1,4,0.2,1,0,0,2,snapshot_20150919T025947Z
146458,2,2,0,1.0,1,0,0,1,snapshot_20150919T025947Z
146479,5,5,0,1.0,1,0,0,3,snapshot_20150919T025947Z
146505,4,4,0,1.0,1,0,0,2,snapshot_20150919T025947Z
146522,12,0,12,0.0,0,0,1,10,snapshot_20150919T025947Z
146547,12,12,0,1.0,1,0,0,1,snapshot_20150919T025947Z
146643,39,39,0,1.0,1,0,0,30,snapshot_20150919T025947Z
146698,97,83,14,0.8556701030927835,1,0,0,84,snapshot_20150919T025947Z
146997,18,18,0,1.0,1,0,0,14,snapshot_20150919T025947Z
147096,9,0,9,0.0,0,0,1,7,snapshot_20150919T025947Z
147248,6,6,0,1.0,1,0,0,3,snapshot_20150919T025947Z
147290,1,1,0,1.0,1,1,0,0,snapshot_20150919T025947Z
147585,11,9,2,0.8181818181818182,1,0,0,9,snapshot_20150919T025947Z
147808,4,4,0,1.0,1,0,0,2,snapshot_20150919T025947Z
147954,4,4,0,1.0,1,0,0,2,snapshot_20150919T025947Z
148192,3,3,0,1.0,1,0,0,1,snapshot_20150919T025947Z
148227,3,3,0,1.0,1,0,0,1,snapshot_20150919T025947Z
148244,5,5,0,1.0,1,0,0,1,snapshot_20150919T025947Z
148264,3,0,3,0.0,0,0,1,1,snapshot_20150919T025947Z
148402,4,4,0,1.0,1,0,0,2,snapshot_20150919T025947Z
148453,5,5,0,1.0,1,0,0,3,snapshot_20150919T025947Z
148485,5,4,1,0.8,1,0,0,3,snapshot_20150919T025947Z
148531,3,3,0,1.0,1,0,0,1,snapshot_20150919T025947Z
148602,3,3,0,1.0,1,0,0,1,snapshot_20150919T025947Z
148615,4,4,0,1.0,1,0,0,3,snapshot_20150919T025947Z
148658,9,0,9,0.0,0,0,1,7,snapshot_20150919T025947Z
148811,18,18,0,1.0,1,0,0,16,snapshot_20150919T025947Z
148853,5,0,5,0.0,0,0,1,3,snapshot_20150919T025947Z
148923,4,4,0,1.0,1,0,0,3,snapshot_20150919T025947Z
149166,3,3,0,1.0,1,0,0,1,snapshot_20150919T025947Z
149194,8,8,0,1.0,1,0,0,6,snapshot_20150919T025947Z
149420,8,7,1,0.875,1,0,0,6,snapshot_20150919T025947Z
149673,25,14,11,0.56,1,0,0,22,snapshot_20150919T025947Z
149854,24,22,2,0.9166666666666666,1,0,0,15,snapshot_20150919T025947Z
149978,20,16,4,0.8,1,0,0,14,snapshot_20150919T025947Z
149990,9,8,1,0.8888888888888888,1,0,0,7,snapshot_20150919T025947Z
150133,35,19,16,0.5428571428571428,1,0,0,32,snapshot_20150919T025947Z
150184,10,10,0,1.0,1,0,0,8,snapshot_20150919T025947Z
150421,6,6,0,1.0,1,0,0,4,snapshot_20150919T025947Z
150651,71,61,10,0.8591549295774648,1,0,0,52,snapshot_20150919T025947Z
150737,21,21,0,1.0,1,0,0,19,snapshot_20150919T025947Z
150928,2,2,0,1.0,1,0,0,1,snapshot_20150919T025947Z
150983,4,4,0,1.0,1,0,0,2,snapshot_20150919T025947Z
151077,7,7,0,1.0,1,0,0,4,snapshot_20150919T025947Z
151138,2,2,0,1.0,1,0,0,1,snapshot_20150919T025947Z
151280,7,7,0,1.0,1,0,0,5,snapshot_20150919T025947Z
151448,6,6,0,1.0,1,0,0,4,snapshot_20150919T025947Z
151476,5,5,0,1.0,1,0,0,1,snapshot_20150919T025947Z
151498,4,4,0,1.0,1,0,0,2,snapshot_20150919T025947Z
151740,6,6,0,1.0,1,0,0,4,snapshot_20150919T025947Z
151847,14,13,1,0.9285714285714286,1,0,0,12,snapshot_20150919T025947Z
152089,7,7,0,1.0,1,0,0,5,snapshot_20150919T025947Z
152357,10,10,0,1.0,1,0,0,6,snapshot_20150919T025947Z
152381,8,3,5,0.375,1,0,0,6,snapshot_20150919T025947Z
152404,3,1,2,0.3333333333333333,1,0,0,1,snapshot_20150919T025947Z
152420,16,13,3,0.8125,1,0,0,8,snapshot_20150919T025947Z
152693,200,174,26,0.87,1,0,0,191,snapshot_20150919T025947Z
152793,11,11,0,1.0,1,0,0,9,snapshot_20150919T025947Z
152887,3,3,0,1.0,1,0,0,1,snapshot_20150919T025947Z
152891,9,9,0,1.0,1,0,0,7,snapshot_20150919T025947Z
152902,2,2,0,1.0,1,1,0,0,snapshot_20150919T025947Z
152963,3024,2820,204,0.9325396825396826,1,0,0,2304,snapshot_20150919T025947Z
153018,4,4,0,1.0,1,0,0,2,snapshot_20150919T025947Z
153118,10,10,0,1.0,1,0,0,2,snapshot_20150919T025947Z
153121,7,7,0,1.0,1,0,0,5,snapshot_20150919T025947Z
153312,4,4,0,1.0,1,0,0,2,snapshot_20150919T025947Z
153431,18,2,16,0.1111111111111111,1,0,0,14,snapshot_20150919T025947Z
153514,4,3,1,0.75,1,0,0,2,snapshot_20150919T025947Z
153536,5,5,0,1.0,1,0,0,3,snapshot_20150919T025947Z
153711,7,0,7,0.0,0,0,1,4,snapshot_20150919T025947Z
153780,12,12,0,1.0,1,0,0,7,snapshot_20150919T025947Z
153934,3,3,0,1.0,1,0,0,1,snapshot_20150919T025947Z
154116,19,19,0,1.0,1,0,0,14,snapshot_20150919T025947Z
154155,13,13,0,1.0,1,0,0,9,snapshot_20150919T025947Z
154217,7,2,5,0.2857142857142857,1,0,0,3,snapshot_20150919T025947Z
154352,4,4,0,1.0,1,0,0,2,snapshot_20150919T025947Z
154454,19,18,1,0.9473684210526315,1,0,0,17,snapshot_20150919T025947Z
154476,3,3,0,1.0,1,0,0,1,snapshot_20150919T025947Z
154503,9,9,0,1.0,1,0,0,7,snapshot_20150919T025947Z
154559,10,10,0,1.0,1,0,0,8,snapshot_20150919T025947Z
154613,3,3,0,1.0,1,0,0,1,snapshot_20150919T025947Z
154662,51,24,27,0.47058823529411764,1,0,0,37,snapshot_20150919T025947Z
154689,12,8,4,0.6666666666666666,1,0,0,9,snapshot_20150919T025947Z
154766,4,4,0,1.0,1,0,0,2,snapshot_20150919T025947Z
154771,3,3,0,1.0,1,0,0,1,snapshot_20150919T025947Z
154919,13,13,0,1.0,1,0,0,7,snapshot_20150919T025947Z
154959,4,4,0,1.0,1,0,0,2,snapshot_20150919T025947Z
154970,18,0,18,0.0,0,0,1,11,snapshot_20150919T025947Z
155060,4,4,0,1.0,1,0,0,2,snapshot_20150919T025947Z
155086,41,41,0,1.0,1,0,0,29,snapshot_20150919T025947Z
155171,66,65,1,0.9848484848484849,1,0,0,54,snapshot_20150919T025947Z
155278,3,1,2,0.3333333333333333,1,0,0,2,snapshot_20150919T025947Z
155340,8,8,0,1.0,1,0,0,6,snapshot_20150919T025947Z
155701,7,4,3,0.5714285714285714,1,0,0,4,snapshot_20150919T025947Z
155977,6,6,0,1.0,1,0,0,4,snapshot_20150919T025947Z
156002,3,3,0,1.0,1,0,0,1,snapshot_20150919T025947Z
156036,5,5,0,1.0,1,0,0,3,snapshot_20150919T025947Z
156382,3,3,0,1.0,1,0,0,1,snapshot_20150919T025947Z
156391,13,13,0,1.0,1,0,0,11,snapshot_20150919T025947Z
156453,3,3,0,1.0,1,0,0,1,snapshot_20150919T025947Z
156622,3,0,3,0.0,0,0,1,1,snapshot_20150919T025947Z
156674,4,0,4,0.0,0,0,1,2,snapshot_20150919T025947Z
156700,11,10,1,0.9090909090909091,1,0,0,6,snapshot_20150919T025947Z
156883,2,2,0,1.0,1,1,0,0,snapshot_20150919T025947Z
156957,9,0,9,0.0,0,0,1,6,snapshot_20150919T025947Z
156973,2,0,2,0.0,0,0,1,1,snapshot_20150919T025947Z
157119,5,2,3,0.4,1,0,0,1,snapshot_20150919T025947Z
157122,5,5,0,1.0,1,0,0,3,snapshot_20150919T025947Z
157195,10,10,0,1.0,1,0,0,5,snapshot_20150919T025947Z
157419,29,26,3,0.896551724137931,1,0,0,17,snapshot_20150919T025947Z
157482,3,3,0,1.0,1,0,0,1,snapshot_20150919T025947Z
157614,7,6,1,0.8571428571428571,1,0,0,5,snapshot_20150919T025947Z
157616,22,20,2,0.9090909090909091,1,0,0,20,snapshot_20150919T025947Z
157737,6,0,6,0.0,0,0,1,4,snapshot_20150919T025947Z
157882,6,5,1,0.8333333333333334,1,0,0,4,snapshot_20150919T025947Z
157998,11,11,0,1.0,1,0,0,9,snapshot_20150919T025947Z
158090,4,4,0,1.0,1,0,0,2,snapshot_20150919T025947Z
158161,17,7,10,0.4117647058823529,1,0,0,15,snapshot_20150919T025947Z
158287,49,15,34,0.30612244897959184,1,0,0,46,snapshot_20150919T025947Z
158456,6,4,2,0.6666666666666666,1,0,0,4,snapshot_20150919T025947Z
158533,38,31,7,0.8157894736842105,1,0,0,32,snapshot_20150919T025947Z
158558,9,8,1,0.8888888888888888,1,0,0,5,snapshot_20150919T025947Z
158701,20,17,3,0.85,1,0,0,12,snapshot_20150919T025947Z
158720,15,15,0,1.0,1,0,0,8,snapshot_20150919T025947Z
159004,5,5,0,1.0,1,0,0,3,snapshot_20150919T025947Z
159030,4,4,0,1.0,1,0,0,2,snapshot_20150919T025947Z
159619,31,30,1,0.967741935483871,1,0,0,25,snapshot_20150919T025947Z
159827,4,4,0,1.0,1,0,0,3,snapshot_20150919T025947Z
160095,3,3,0,1.0,1,0,0,1,snapshot_20150919T025947Z
160369,7,7,0,1.0,1,0,0,5,snapshot_20150919T025947Z
160371,10,8,2,0.8,1,0,0,8,snapshot_20150919T025947Z
160561,3,3,0,1.0,1,0,0,1,snapshot_20150919T025947Z
160821,34,33,1,0.9705882352941176,1,0,0,32,snapshot_20150919T025947Z
160862,2,2,0,1.0,1,0,0,1,snapshot_20150919T025947Z
161047,10,10,0,1.0,1,0,0,7,snapshot_20150919T025947Z
161529,3,3,0,1.0,1,0,0,1,snapshot_20150919T025947Z
161617,17,17,0,1.0,1,0,0,9,snapshot_20150919T025947Z
161626,6,6,0,1.0,1,0,0,4,snapshot_20150919T025947Z
161675,11,9,2,0.8181818181818182,1,0,0,9,snapshot_20150919T025947Z
161883,5,5,0,1.0,1,0,0,3,snapshot_20150919T025947Z
161926,7,0,7,0.0,0,0,1,3,snapshot_20150919T025947Z
162009,5,5,0,1.0,1,0,0,3,snapshot_20150919T025947Z
162313,4,3,1,0.75,1,0,0,2,snapshot_20150919T025947Z
162385,27,18,9,0.6666666666666666,1,0,0,24,snapshot_20150919T025947Z
162448,8,2,6,0.25,1,0,0,6,snapshot_20150919T025947Z
162576,4,4,0,1.0,1,0,0,2,snapshot_20150919T025947Z
162815,3,0,3,0.0,0,0,1,1,snapshot_20150919T025947Z
162932,4,4,0,1.0,1,0,0,2,snapshot_20150919T025947Z
163049,241,209,32,0.8672199170124482,1,0,0,235,snapshot_20150919T025947Z
163083,5,5,0,1.0,1,0,0,2,snapshot_20150919T025947Z
163156,22,22,0,1.0,1,0,0,18,snapshot_20150919T025947Z
163365,23,0,23,0.0,0,0,1,21,snapshot_20150919T025947Z
163561,2410,1176,1234,0.4879668049792531,1,0,0,2194,snapshot_20150919T025947Z
163632,10,10,0,1.0,1,0,0,6,snapshot_20150919T025947Z
163691,5,5,0,1.0,1,0,0,4,snapshot_20150919T025947Z
163700,7,7,0,1.0,1,0,0,4,snapshot_20150919T025947Z
163711,22,22,0,1.0,1,0,0,11,snapshot_20150919T025947Z
163836,3,3,0,1.0,1,0,0,1,snapshot_20150919T025947Z
164002,8,8,0,1.0,1,0,0,4,snapshot_20150919T025947Z
164303,5,5,0,1.0,1,0,0,3,snapshot_20150919T025947Z
164630,5,5,0,1.0,1,0,0,3,snapshot_20150919T025947Z
164985,8,7,1,0.875,1,0,0,6,snapshot_20150919T025947Z
164995,13,13,0,1.0,1,0,0,9,snapshot_20150919T025947Z
165003,11,6,5,0.5454545454545454,1,0,0,10,snapshot_20150919T025947Z
165257,6,6,0,1.0,1,0,0,5,snapshot_20150919T025947Z
165440,2,2,0,1.0,1,1,0,0,snapshot_20150919T025947Z
165696,6,6,0,1.0,1,0,0,4,snapshot_20150919T025947Z
165710,2,2,0,1.0,1,1,0,0,snapshot_20150919T025947Z
165718,4,4,0,1.0,1,0,0,2,snapshot_20150919T025947Z
165843,29,29,0,1.0,1,0,0,22,snapshot_20150919T025947Z
166027,14,14,0,1.0,1,0,0,7,snapshot_20150919T025947Z
166173,18,11,7,0.6111111111111112,1,0,0,15,snapshot_20150919T025947Z
166371,7,6,1,0.8571428571428571,1,0,0,6,snapshot_20150919T025947Z
166590,62,60,2,0.967741935483871,1,0,0,55,snapshot_20150919T025947Z
166605,6,5,1,0.8333333333333334,1,0,0,4,snapshot_20150919T025947Z
166787,7,0,7,0.0,0,0,1,6,snapshot_20150919T025947Z
167086,3,3,0,1.0,1,0,0,1,snapshot_20150919T025947Z
167101,4,4,0,1.0,1,0,0,2,snapshot_20150919T025947Z
167336,3,3,0,1.0,1,0,0,1,snapshot_20150919T025947Z
167394,3,3,0,1.0,1,0,0,1,snapshot_20150919T025947Z
167489,61,49,12,0.8032786885245902,1,0,0,56,snapshot_20150919T025947Z
167506,3,3,0,1.0,1,0,0,1,snapshot_20150919T025947Z
167511,17,16,1,0.9411764705882353,1,0,0,11,snapshot_20150919T025947Z
167556,10,3,7,0.3,1,0,0,8,snapshot_20150919T025947Z
167876,11,11,0,1.0,1,0,0,8,snapshot_20150919T025947Z
167887,7,7,0,1.0,1,0,0,5,snapshot_20150919T025947Z
168008,3,3,0,1.0,1,0,0,1,snapshot_20150919T025947Z
168135,2,2,0,1.0,1,1,0,0,snapshot_20150919T025947Z
168272,10,0,10,0.0,0,0,1,7,snapshot_20150919T025947Z
168289,5,0,5,0.0,0,0,1,3,snapshot_20150919T025947Z
168505,9,9,0,1.0,1,0,0,7,snapshot_20150919T025947Z
168684,3,3,0,1.0,1,0,0,1,snapshot_20150919T025947Z
168685,157,36,121,0.22929936305732485,1,0,0,145,snapshot_20150919T025947Z
168761,3,3,0,1.0,1,0,0,2,snapshot_20150919T025947Z
168889,3,3,0,1.0,1,0,0,1,snapshot_20150919T025947Z
168932,10,9,1,0.9,1,0,0,8,snapshot_20150919T025947Z
169103,5,4,1,0.8,1,0,0,3,snapshot_20150919T025947Z
169111,3,0,3,0.0,0,0,1,1,snapshot_20150919T025947Z
169151,21,21,0,1.0,1,0,0,8,snapshot_20150919T025947Z
169328,5,5,0,1.0,1,0,0,3,snapshot_20150919T025947Z
169369,26,0,26,0.0,0,0,1,17,snapshot_20150919T025947Z
169436,3,3,0,1.0,1,0,0,1,snapshot_20150919T025947Z
169486,7,6,1,0.8571428571428571,1,0,0,4,snapshot_20150919T025947Z
169576,7,7,0,1.0,1,0,0,5,snapshot_20150919T025947Z
169589,9,9,0,1.0,1,1,0,0,snapshot_20150919T025947Z
169803,5,5,0,1.0,1,0,0,3,snapshot_20150919T025947Z
169902,6,6,0,1.0,1,0,0,4,snapshot_20150919T025947Z
170096,7,7,0,1.0,1,0,0,5,snapshot_20150919T025947Z
170130,7,7,0,1.0,1,0,0,5,snapshot_20150919T025947Z
170470,55,11,44,0.2,1,0,0,23,snapshot_20150919T025947Z
170618,10,6,4,0.6,1,0,0,4,snapshot_20150919T025947Z
170791,8,8,0,1.0,1,0,0,4,snapshot_20150919T025947Z
171070,3,3,0,1.0,1,0,0,1,snapshot_20150919T025947Z
171135,21,21,0,1.0,1,0,0,15,snapshot_20150919T025947Z
171174,3,3,0,1.0,1,0,0,1,snapshot_20150919T025947Z
171308,3,3,0,1.0,1,0,0,2,snapshot_20150919T025947Z
171376,8,8,0,1.0,1,0,0,5,snapshot_20150919T025947Z
171457,5,5,0,1.0,1,0,0,3,snapshot_20150919T025947Z
171560,4,0,4,0.0,0,0,1,2,snapshot_20150919T025947Z
171598,9,0,9,0.0,0,0,1,8,snapshot_20150919T025947Z
171688,20,3,17,0.15,1,0,0,17,snapshot_20150919T025947Z
171693,4,0,4,0.0,0,0,1,2,snapshot_20150919T025947Z
171718,203,197,6,0.9704433497536946,1,0,0,123,snapshot_20150919T025947Z
171743,5,0,5,0.0,0,0,1,3,snapshot_20150919T025947Z
171785,4,0,4,0.0,0,0,1,2,snapshot_20150919T025947Z
172015,2,2,0,1.0,1,1,0,0,snapshot_20150919T025947Z
172104,6,0,6,0.0,0,0,1,4,snapshot_20150919T025947Z
172132,39,36,3,0.9230769230769231,1,0,0,37,snapshot_20150919T025947Z
172244,51,35,16,0.6862745098039216,1,0,0,49,snapshot_20150919T025947Z
172467,12,12,0,1.0,1,0,0,8,snapshot_20150919T025947Z
172623,3,0,3,0.0,0,0,1,2,snapshot_20150919T025947Z
172634,4,1,3,0.25,1,0,0,2,snapshot_20150919T025947Z
173019,11,11,0,1.0,1,0,0,9,snapshot_20150919T025947Z
173056,32,32,0,1.0,1,0,0,21,snapshot_20150919T025947Z
173405,15,15,0,1.0,1,0,0,14,snapshot_20150919T025947Z
173494,5,5,0,1.0,1,0,0,3,snapshot_20150919T025947Z
173517,4,4,0,1.0,1,0,0,2,snapshot_20150919T025947Z
173657,10,10,0,1.0,1,0,0,6,snapshot_20150919T025947Z
173863,800,762,38,0.9525,1,0,0,734,snapshot_20150919T025947Z
173931,25,25,0,1.0,1,0,0,23,snapshot_20150919T025947Z
174405,6,6,0,1.0,1,0,0,4,snapshot_20150919T025947Z
174494,4,4,0,1.0,1,0,0,3,snapshot_20150919T025947Z
174823,8,8,0,1.0,1,0,0,6,snapshot_20150919T025947Z
174972,194,194,0,1.0,1,0,0,160,snapshot_20150919T025947Z
174983,5,0,5,0.0,0,0,1,2,snapshot_20150919T025947Z
175106,16,16,0,1.0,1,0,0,9,snapshot_20150919T025947Z
175586,1,1,0,1.0,1,1,0,0,snapshot_20150919T025947Z
175709,34,34,0,1.0,1,0,0,31,snapshot_20150919T025947Z
175771,9,7,2,0.7777777777777778,1,0,0,7,snapshot_20150919T025947Z
175801,139,128,11,0.920863309352518,1,0,0,113,snapshot_20150919T025947Z
175822,2,2,0,1.0,1,1,0,0,snapshot_20150919T025947Z
175888,8,8,0,1.0,1,0,0,6,snapshot_20150919T025947Z
175890,19,18,1,0.9473684210526315,1,0,0,15,snapshot_20150919T025947Z
175940,4,0,4,0.0,0,0,1,2,snapshot_20150919T025947Z
176153,2,2,0,1.0,1,1,0,0,snapshot_20150919T025947Z
176356,12,11,1,0.9166666666666666,1,0,0,10,snapshot_20150919T025947Z
176379,5,0,5,0.0,0,0,1,3,snapshot_20150919T025947Z
176491,4,4,0,1.0,1,0,0,2,snapshot_20150919T025947Z
176615,3,3,0,1.0,1,0,0,1,snapshot_20150919T025947Z
176878,3,2,1,0.6666666666666666,1,1,0,0,snapshot_20150919T025947Z
176892,9,5,4,0.5555555555555556,1,0,0,7,snapshot_20150919T025947Z
176939,3,3,0,1.0,1,0,0,1,snapshot_20150919T025947Z
176986,3,3,0,1.0,1,0,0,1,snapshot_20150919T025947Z
177211,64,63,1,0.984375,1,0,0,48,snapshot_20150919T025947Z
177257,2,2,0,1.0,1,1,0,0,snapshot_20150919T025947Z
177488,2,2,0,1.0,1,0,0,1,snapshot_20150919T025947Z
177537,3,3,0,1.0,1,0,0,1,snapshot_20150919T025947Z
177547,3,0,3,0.0,0,0,1,1,snapshot_20150919T025947Z
178066,3,3,0,1.0,1,0,0,1,snapshot_20150919T025947Z
178281,5,5,0,1.0,1,0,0,3,snapshot_20150919T025947Z
178888,8,8,0,1.0,1,0,0,6,snapshot_20150919T025947Z
178902,13,13,0,1.0,1,0,0,3,snapshot_20150919T025947Z
178925,10,3,7,0.3,1,0,0,8,snapshot_20150919T025947Z
179034,2,2,0,1.0,1,1,0,0,snapshot_20150919T025947Z
179091,12,12,0,1.0,1,0,0,10,snapshot_20150919T025947Z
179210,5,5,0,1.0,1,0,0,3,snapshot_20150919T025947Z
179314,31,28,3,0.9032258064516129,1,0,0,18,snapshot_20150919T025947Z
179353,6,6,0,1.0,1,0,0,2,snapshot_20150919T025947Z
179362,15,5,10,0.3333333333333333,1,0,0,13,snapshot_20150919T025947Z
179448,8,8,0,1.0,1,0,0,6,snapshot_20150919T025947Z
179772,56,45,11,0.8035714285714286,1,0,0,50,snapshot_20150919T025947Z
179972,17,17,0,1.0,1,0,0,15,snapshot_20150919T025947Z
180133,4,0,4,0.0,0,0,1,2,snapshot_20150919T025947Z
180275,5,5,0,1.0,1,0,0,3,snapshot_20150919T025947Z
180504,7,1,6,0.14285714285714285,1,0,0,5,snapshot_20150919T025947Z
180648,4,4,0,1.0,1,0,0,2,snapshot_20150919T025947Z
180776,3,3,0,1.0,1,0,0,1,snapshot_20150919T025947Z
180810,3,0,3,0.0,0,0,1,1,snapshot_20150919T025947Z
180818,3,3,0,1.0,1,0,0,1,snapshot_20150919T025947Z
181041,3,3,0,1.0,1,0,0,1,snapshot_20150919T025947Z
181252,15,0,15,0.0,0,0,1,14,snapshot_20150919T025947Z
181318,16,9,7,0.5625,1,0,0,14,snapshot_20150919T025947Z
181723,16,16,0,1.0,1,0,0,14,snapshot_20150919T025947Z
181727,3,3,0,1.0,1,0,0,2,snapshot_20150919T025947Z
181771,3,0,3,0.0,0,0,1,1,snapshot_20150919T025947Z
181889,4,4,0,1.0,1,0,0,2,snapshot_20150919T025947Z
181972,3,3,0,1.0,1,0,0,1,snapshot_20150919T025947Z
182047,3,3,0,1.0,1,0,0,1,snapshot_20150919T025947Z
182055,10,10,0,1.0,1,0,0,6,snapshot_20150919T025947Z
182143,10,0,10,0.0,0,0,1,4,snapshot_20150919T025947Z
182156,18,14,4,0.7777777777777778,1,0,0,10,snapshot_20150919T025947Z
182406,3,3,0,1.0,1,0,0,1,snapshot_20150919T025947Z
182428,2,2,0,1.0,1,0,0,1,snapshot_20150919T025947Z
182451,3,3,0,1.0,1,0,0,1,snapshot_20150919T025947Z
182582,8,8,0,1.0,1,0,0,6,snapshot_20150919T025947Z
182637,10,10,0,1.0,1,0,0,8,snapshot_20150919T025947Z
182994,3,0,3,0.0,0,0,1,1,snapshot_20150919T025947Z
183206,2,2,0,1.0,1,0,0,1,snapshot_20150919T025947Z
183620,11,9,2,0.8181818181818182,1,0,0,7,snapshot_20150919T025947Z
184607,4,4,0,1.0,1,0,0,2,snapshot_20150919T025947Z
184974,4,4,0,1.0,1,0,0,2,snapshot_20150919T025947Z
185025,2,0,2,0.0,0,1,1,0,snapshot_20150919T025947Z
185172,13,10,3,0.7692307692307693,1,0,0,9,snapshot_20150919T025947Z
185242,4,0,4,0.0,0,0,1,2,snapshot_20150919T025947Z
185269,11,6,5,0.5454545454545454,1,0,0,8,snapshot_20150919T025947Z
185483,4,4,0,1.0,1,0,0,2,snapshot_20150919T025947Z
185552,9,9,0,1.0,1,0,0,7,snapshot_20150919T025947Z
185564,23,18,5,0.782608695652174,1,0,0,13,snapshot_20150919T025947Z
185643,5,5,0,1.0,1,0,0,3,snapshot_20150919T025947Z
185790,21,21,0,1.0,1,0,0,12,snapshot_20150919T025947Z
185928,45,45,0,1.0,1,0,0,41,snapshot_20150919T025947Z
185947,5,5,0,1.0,1,0,0,3,snapshot_20150919T025947Z
185971,2,2,0,1.0,1,1,0,0,snapshot_20150919T025947Z
186080,18,18,0,1.0,1,0,0,15,snapshot_20150919T025947Z
186223,3,3,0,1.0,1,0,0,1,snapshot_20150919T025947Z
186445,38,34,4,0.8947368421052632,1,0,0,36,snapshot_20150919T025947Z
186588,16,2,14,0.125,1,0,0,13,snapshot_20150919T025947Z
186733,4,4,0,1.0,1,0,0,2,snapshot_20150919T025947Z
186774,9,9,0,1.0,1,0,0,7,snapshot_20150919T025947Z
186927,42,42,0,1.0,1,0,0,28,snapshot_20150919T025947Z
187035,7,5,2,0.7142857142857143,1,0,0,5,snapshot_20150919T025947Z
187196,5,5,0,1.0,1,0,0,3,snapshot_20150919T025947Z
187302,9,9,0,1.0,1,0,0,7,snapshot_20150919T025947Z
187327,5,5,0,1.0,1,0,0,3,snapshot_20150919T025947Z
187404,4,3,1,0.75,1,0,0,2,snapshot_20150919T025947Z
187536,8,8,0,1.0,1,0,0,6,snapshot_20150919T025947Z
187991,19,19,0,1.0,1,0,0,15,snapshot_20150919T025947Z
188096,4,4,0,1.0,1,0,0,2,snapshot_20150919T025947Z
188116,36,36,0,1.0,1,0,0,20,snapshot_20150919T025947Z
188120,5,5,0,1.0,1,0,0,3,snapshot_20150919T025947Z
188270,7,7,0,1.0,1,0,0,5,snapshot_20150919T025947Z
188684,45,32,13,0.7111111111111111,1,0,0,42,snapshot_20150919T025947Z
188716,17,17,0,1.0,1,0,0,10,snapshot_20150919T025947Z
189240,11,11,0,1.0,1,0,0,8,snapshot_20150919T025947Z
189377,14,14,0,1.0,1,0,0,11,snapshot_20150919T025947Z
189381,3,3,0,1.0,1,0,0,1,snapshot_20150919T025947Z
189384,29,28,1,0.9655172413793104,1,0,0,25,snapshot_20150919T025947Z
189473,120,114,6,0.95,1,0,0,119,snapshot_20150919T025947Z
189702,31,31,0,1.0,1,0,0,30,snapshot_20150919T025947Z
189838,10,10,0,1.0,1,0,0,9,snapshot_20150919T025947Z
189934,27,27,0,1.0,1,0,0,22,snapshot_20150919T025947Z
190037,5,5,0,1.0,1,0,0,3,snapshot_20150919T025947Z
190159,4,4,0,1.0,1,0,0,2,snapshot_20150919T025947Z
190644,5,5,0,1.0,1,0,0,2,snapshot_20150919T025947Z
190672,33,0,33,0.0,0,0,1,27,snapshot_20150919T025947Z
190678,4,4,0,1.0,1,0,0,2,snapshot_20150919T025947Z
190756,4,4,0,1.0,1,0,0,2,snapshot_20150919T025947Z
190867,3,0,3,0.0,0,0,1,1,snapshot_20150919T025947Z
190940,5,5,0,1.0,1,0,0,3,snapshot_20150919T025947Z
191153,3,3,0,1.0,1,0,0,1,snapshot_20150919T025947Z
191439,2,2,0,1.0,1,0,0,1,snapshot_20150919T025947Z
191448,4,4,0,1.0,1,0,0,1,snapshot_20150919T025947Z
191477,7,7,0,1.0,1,0,0,3,snapshot_20150919T025947Z
191576,3,3,0,1.0,1,0,0,1,snapshot_20150919T025947Z
191632,5,5,0,1.0,1,0,0,3,snapshot_20150919T025947Z
191637,61,61,0,1.0,1,0,0,47,snapshot_20150919T025947Z
191886,12,12,0,1.0,1,0,0,8,snapshot_20150919T025947Z
191952,6,0,6,0.0,0,0,1,4,snapshot_20150919T025947Z
191994,9,8,1,0.8888888888888888,1,0,0,7,snapshot_20150919T025947Z
192030,3,3,0,1.0,1,0,0,1,snapshot_20150919T025947Z
192298,16,16,0,1.0,1,0,0,14,snapshot_20150919T025947Z
192352,8,8,0,1.0,1,0,0,5,snapshot_20150919T025947Z
192511,10,10,0,1.0,1,0,0,8,snapshot_20150919T025947Z
192595,9,7,2,0.7777777777777778,1,0,0,7,snapshot_20150919T025947Z
192619,2,2,0,1.0,1,0,0,1,snapshot_20150919T025947Z
192890,14,14,0,1.0,1,0,0,3,snapshot_20150919T025947Z
193036,16,14,2,0.875,1,0,0,14,snapshot_20150919T025947Z
193126,2,2,0,1.0,1,0,0,1,snapshot_20150919T025947Z
193268,40,40,0,1.0,1,0,0,34,snapshot_20150919T025947Z
193622,2,2,0,1.0,1,0,0,1,snapshot_20150919T025947Z
193864,6,6,0,1.0,1,0,0,4,snapshot_20150919T025947Z
193924,6,6,0,1.0,1,0,0,3,snapshot_20150919T025947Z
193936,6,6,0,1.0,1,0,0,4,snapshot_20150919T025947Z
194416,3,0,3,0.0,0,0,1,1,snapshot_20150919T025947Z
194560,26,25,1,0.9615384615384616,1,0,0,24,snapshot_20150919T025947Z
194644,4,4,0,1.0,1,0,0,2,snapshot_20150919T025947Z
194818,2,2,0,1.0,1,1,0,0,snapshot_20150919T025947Z
195248,2,2,0,1.0,1,0,0,1,snapshot_20150919T025947Z
195534,4,0,4,0.0,0,0,1,3,snapshot_20150919T025947Z
195623,20,20,0,1.0,1,0,0,18,snapshot_20150919T025947Z
195657,4,4,0,1.0,1,0,0,2,snapshot_20150919T025947Z
195721,20,10,10,0.5,1,0,0,12,snapshot_20150919T025947Z
195807,6,6,0,1.0,1,0,0,5,snapshot_20150919T025947Z
195911,13,13,0,1.0,1,0,0,11,snapshot_20150919T025947Z
195919,5,5,0,1.0,1,0,0,3,snapshot_20150919T025947Z
196024,6,6,0,1.0,1,0,0,2,snapshot_20150919T025947Z
196046,4,4,0,1.0,1,0,0,2,snapshot_20150919T025947Z
196080,15,8,7,0.5333333333333333,1,0,0,13,snapshot_20150919T025947Z
196114,18,12,6,0.6666666666666666,1,0,0,16,snapshot_20150919T025947Z
196128,40,37,3,0.925,1,0,0,35,snapshot_20150919T025947Z
196181,16,15,1,0.9375,1,0,0,10,snapshot_20150919T025947Z
196502,5,5,0,1.0,1,0,0,3,snapshot_20150919T025947Z
196902,3,3,0,1.0,1,0,0,1,snapshot_20150919T025947Z
197230,5,0,5,0.0,0,0,1,3,snapshot_20150919T025947Z
197290,3,3,0,1.0,1,0,0,1,snapshot_20150919T025947Z
197366,4,4,0,1.0,1,0,0,2,snapshot_20150919T025947Z
197491,4,4,0,1.0,1,0,0,2,snapshot_20150919T025947Z
197547,6,6,0,1.0,1,0,0,4,snapshot_20150919T025947Z
197548,3,0,3,0.0,0,0,1,1,snapshot_20150919T025947Z
197559,6,0,6,0.0,0,0,1,4,snapshot_20150919T025947Z
197591,6,4,2,0.6666666666666666,1,0,0,4,snapshot_20150919T025947Z
197686,31,28,3,0.9032258064516129,1,0,0,28,snapshot_20150919T025947Z
197879,3,0,3,0.0,0,0,1,1,snapshot_20150919T025947Z
197926,2,2,0,1.0,1,1,0,0,snapshot_20150919T025947Z
197971,4,4,0,1.0,1,0,0,2,snapshot_20150919T025947Z
198045,10,4,6,0.4,1,0,0,5,snapshot_20150919T025947Z
198145,5,5,0,1.0,1,0,0,3,snapshot_20150919T025947Z
198153,536,362,174,0.6753731343283582,1,0,0,494,snapshot_20150919T025947Z
198270,956,903,53,0.944560669456067,1,0,0,741,snapshot_20150919T025947Z
198299,88,73,15,0.8295454545454546,1,0,0,74,snapshot_20150919T025947Z
198573,19,19,0,1.0,1,0,0,9,snapshot_20150919T025947Z
198764,2,2,0,1.0,1,0,0,1,snapshot_20150919T025947Z
198921,10,9,1,0.9,1,0,0,8,snapshot_20150919T025947Z
199033,3,3,0,1.0,1,0,0,1,snapshot_20150919T025947Z
199153,9,9,0,1.0,1,0,0,7,snapshot_20150919T025947Z
199297,10,9,1,0.9,1,0,0,8,snapshot_20150919T025947Z
199473,7,7,0,1.0,1,0,0,5,snapshot_20150919T025947Z
199880,3,0,3,0.0,0,0,1,1,snapshot_20150919T025947Z
199919,20,12,8,0.6,1,0,0,15,snapshot_20150919T025947Z
199929,7,7,0,1.0,1,0,0,5,snapshot_20150919T025947Z
200073,7,7,0,1.0,1,0,0,3,snapshot_20150919T025947Z
200161,5,0,5,0.0,0,0,1,3,snapshot_20150919T025947Z
200262,4,4,0,1.0,1,0,0,2,snapshot_20150919T025947Z
200329,4,3,1,0.75,1,0,0,2,snapshot_20150919T025947Z
200442,18,17,1,0.9444444444444444,1,0,0,13,snapshot_20150919T025947Z
200454,9,9,0,1.0,1,0,0,7,snapshot_20150919T025947Z
200559,15,15,0,1.0,1,0,0,7,snapshot_20150919T025947Z
200742,5,5,0,1.0,1,0,0,3,snapshot_20150919T025947Z
200824,4,2,2,0.5,1,0,0,1,snapshot_20150919T025947Z
201005,5,4,1,0.8,1,0,0,3,snapshot_20150919T025947Z
201024,4,4,0,1.0,1,0,0,2,snapshot_20150919T025947Z
201183,11,11,0,1.0,1,0,0,6,snapshot_20150919T025947Z
201495,28,0,28,0.0,0,0,1,20,snapshot_20150919T025947Z
201690,5,0,5,0.0,0,0,1,3,snapshot_20150919T025947Z
201718,6,5,1,0.8333333333333334,1,0,0,4,snapshot_20150919T025947Z
202009,5,1,4,0.2,1,0,0,3,snapshot_20150919T025947Z
202080,30,30,0,1.0,1,0,0,22,snapshot_20150919T025947Z
202290,6,6,0,1.0,1,0,0,4,snapshot_20150919T025947Z
202410,41,27,14,0.6585365853658537,1,0,0,38,snapshot_20150919T025947Z
202449,3,3,0,1.0,1,0,0,1,snapshot_20150919T025947Z
202825,2,2,0,1.0,1,0,0,1,snapshot_20150919T025947Z
202835,10,10,0,1.0,1,0,0,8,snapshot_20150919T025947Z
203017,26,25,1,0.9615384615384616,1,0,0,23,snapshot_20150919T025947Z
203051,25,23,2,0.92,1,0,0,18,snapshot_20150919T025947Z
203197,4,4,0,1.0,1,0,0,2,snapshot_20150919T025947Z
203225,4,4,0,1.0,1,0,0,2,snapshot_20150919T025947Z
203482,3,0,3,0.0,0,0,1,1,snapshot_20150919T025947Z
203490,48,48,0,1.0,1,0,0,21,snapshot_20150919T025947Z
203525,2,2,0,1.0,1,0,0,1,snapshot_20150919T025947Z
203561,2,0,2,0.0,0,0,1,1,snapshot_20150919T025947Z
203639,6,6,0,1.0,1,0,0,2,snapshot_20150919T025947Z
203828,15,12,3,0.8,1,0,0,11,snapshot_20150919T025947Z
203851,29,29,0,1.0,1,0,0,27,snapshot_20150919T025947Z
203955,5,5,0,1.0,1,0,0,3,snapshot_20150919T025947Z
203974,3,3,0,1.0,1,0,0,1,snapshot_20150919T025947Z
204097,21,21,0,1.0,1,0,0,19,snapshot_20150919T025947Z
204101,6,6,0,1.0,1,0,0,4,snapshot_20150919T025947Z
204180,6,0,6,0.0,0,0,1,3,snapshot_20150919T025947Z
204276,4,4,0,1.0,1,0,0,1,snapshot_20150919T025947Z
204328,4,4,0,1.0,1,0,0,3,snapshot_20150919T025947Z
204341,2,2,0,1.0,1,1,0,0,snapshot_20150919T025947Z
204392,7,7,0,1.0,1,0,0,6,snapshot_20150919T025947Z
204458,7,7,0,1.0,1,0,0,5,snapshot_20150919T025947Z
204496,3,3,0,1.0,1,0,0,1,snapshot_20150919T025947Z
204831,6,6,0,1.0,1,0,0,4,snapshot_20150919T025947Z
204853,9,9,0,1.0,1,0,0,6,snapshot_20150919T025947Z
204995,3,3,0,1.0,1,0,0,1,snapshot_20150919T025947Z
205085,3,3,0,1.0,1,0,0,1,snapshot_20150919T025947Z
205139,35,34,1,0.9714285714285714,1,0,0,33,snapshot_20150919T025947Z
205203,6,6,0,1.0,1,0,0,4,snapshot_20150919T025947Z
205453,30,30,0,1.0,1,0,0,28,snapshot_20150919T025947Z
205501,28,28,0,1.0,1,0,0,25,snapshot_20150919T025947Z
206021,2,0,2,0.0,0,0,1,1,snapshot_20150919T025947Z
206078,26,1,25,0.038461538461538464,1,0,0,24,snapshot_20150919T025947Z
206238,3,3,0,1.0,1,0,0,1,snapshot_20150919T025947Z
206291,4,4,0,1.0,1,0,0,2,snapshot_20150919T025947Z
207043,3,3,0,1.0,1,0,0,1,snapshot_20150919T025947Z
207157,7,7,0,1.0,1,0,0,5,snapshot_20150919T025947Z
207360,8,8,0,1.0,1,0,0,6,snapshot_20150919T025947Z
207663,27,27,0,1.0,1,0,0,17,snapshot_20150919T025947Z
207737,5,5,0,1.0,1,0,0,3,snapshot_20150919T025947Z
207917,2,2,0,1.0,1,1,0,0,snapshot_20150919T025947Z
208352,6,6,0,1.0,1,0,0,4,snapshot_20150919T025947Z
208452,5,5,0,1.0,1,0,0,3,snapshot_20150919T025947Z
208539,3,3,0,1.0,1,0,0,1,snapshot_20150919T025947Z
208560,10,10,0,1.0,1,0,0,6,snapshot_20150919T025947Z
208662,42,42,0,1.0,1,0,0,36,snapshot_20150919T025947Z
208678,17,16,1,0.9411764705882353,1,0,0,14,snapshot_20150919T025947Z
208998,5,0,5,0.0,0,0,1,4,snapshot_20150919T025947Z
209170,9,0,9,0.0,0,0,1,7,snapshot_20150919T025947Z
209317,16,15,1,0.9375,1,0,0,14,snapshot_20150919T025947Z
209372,5,5,0,1.0,1,0,0,3,snapshot_20150919T025947Z
209395,3,3,0,1.0,1,0,0,1,snapshot_20150919T025947Z
209415,15,8,7,0.5333333333333333,1,0,0,13,snapshot_20150919T025947Z
209453,6,6,0,1.0,1,0,0,5,snapshot_20150919T025947Z
209550,6,6,0,1.0,1,0,0,4,snapshot_20150919T025947Z
209557,6,6,0,1.0,1,0,0,4,snapshot_20150919T025947Z
209591,5,4,1,0.8,1,0,0,3,snapshot_20150919T025947Z
209895,2,2,0,1.0,1,1,0,0,snapshot_20150919T025947Z
209918,9,0,9,0.0,0,0,1,5,snapshot_20150919T025947Z
209959,7,1,6,0.14285714285714285,1,0,0,5,snapshot_20150919T025947Z
209964,8,6,2,0.75,1,0,0,4,snapshot_20150919T025947Z
210176,53,23,30,0.4339622641509434,1,0,0,51,snapshot_20150919T025947Z
210282,7,7,0,1.0,1,0,0,5,snapshot_20150919T025947Z
210349,4,4,0,1.0,1,0,0,2,snapshot_20150919T025947Z
210388,5,5,0,1.0,1,0,0,3,snapshot_20150919T025947Z
210644,9,8,1,0.8888888888888888,1,0,0,4,snapshot_20150919T025947Z
210860,7,2,5,0.2857142857142857,1,0,0,6,snapshot_20150919T025947Z
211122,6,6,0,1.0,1,0,0,4,snapshot_20150919T025947Z
211130,3,3,0,1.0,1,0,0,1,snapshot_20150919T025947Z
211211,9,5,4,0.5555555555555556,1,0,0,7,snapshot_20150919T025947Z
211269,13,0,13,0.0,0,0,1,10,snapshot_20150919T025947Z
211278,3,3,0,1.0,1,0,0,1,snapshot_20150919T025947Z
211300,4,4,0,1.0,1,0,0,3,snapshot_20150919T025947Z
211412,59,51,8,0.864406779661017,1,0,0,46,snapshot_20150919T025947Z
211550,7,7,0,1.0,1,0,0,5,snapshot_20150919T025947Z
211574,7,7,0,1.0,1,0,0,3,snapshot_20150919T025947Z
211590,2,2,0,1.0,1,1,0,0,snapshot_20150919T025947Z
211706,15,15,0,1.0,1,0,0,8,snapshot_20150919T025947Z
211887,6,0,6,0.0,0,0,1,4,snapshot_20150919T025947Z
212213,8,8,0,1.0,1,0,0,6,snapshot_20150919T025947Z
212442,15,0,15,0.0,0,0,1,10,snapshot_20150919T025947Z
212610,9,9,0,1.0,1,0,0,7,snapshot_20150919T025947Z
212886,4,4,0,1.0,1,0,0,2,snapshot_20150919T025947Z
213089,5,5,0,1.0,1,0,0,3,snapshot_20150919T025947Z
213098,4,4,0,1.0,1,0,0,1,snapshot_20150919T025947Z
213137,3,3,0,1.0,1,0,0,1,snapshot_20150919T025947Z
213145,376,298,78,0.7925531914893617,1,0,0,326,snapshot_20150919T025947Z
213213,3,0,3,0.0,0,0,1,1,snapshot_20150919T025947Z
213240,4,4,0,1.0,1,0,0,2,snapshot_20150919T025947Z
213276,10,10,0,1.0,1,0,0,7,snapshot_20150919T025947Z
213323,3,3,0,1.0,1,0,0,1,snapshot_20150919T025947Z
213330,2,1,1,0.5,1,0,0,1,snapshot_20150919T025947Z
213378,3,3,0,1.0,1,0,0,1,snapshot_20150919T025947Z
213393,17,15,2,0.8823529411764706,1,0,0,13,snapshot_20150919T025947Z
213467,16,16,0,1.0,1,0,0,14,snapshot_20150919T025947Z
213518,8,3,5,0.375,1,0,0,7,snapshot_20150919T025947Z
213865,3,3,0,1.0,1,0,0,1,snapshot_20150919T025947Z
213901,4,4,0,1.0,1,0,0,2,snapshot_20150919T025947Z
213910,3,3,0,1.0,1,0,0,1,snapshot_20150919T025947Z
214083,3,3,0,1.0,1,0,0,1,snapshot_20150919T025947Z
214105,6,6,0,1.0,1,0,0,2,snapshot_20150919T025947Z
214193,6,6,0,1.0,1,0,0,2,snapshot_20150919T025947Z
214421,15,0,15,0.0,0,0,1,12,snapshot_20150919T025947Z
214426,4,4,0,1.0,1,0,0,2,snapshot_20150919T025947Z
214479,10,10,0,1.0,1,1,0,0,snapshot_20150919T025947Z
214762,2,2,0,1.0,1,1,0,0,snapshot_20150919T025947Z
214786,3,3,0,1.0,1,0,0,1,snapshot_20150919T025947Z
214957,21,20,1,0.9523809523809523,1,0,0,19,snapshot_20150919T025947Z
214985,3,0,3,0.0,0,0,1,1,snapshot_20150919T025947Z
215049,49,49,0,1.0,1,0,0,37,snapshot_20150919T025947Z
215082,3,3,0,1.0,1,0,0,1,snapshot_20150919T025947Z
215257,3,3,0,1.0,1,0,0,1,snapshot_20150919T025947Z
215474,3,3,0,1.0,1,0,0,1,snapshot_20150919T025947Z
215703,4,4,0,1.0,1,0,0,2,snapshot_20150919T025947Z
215902,4,4,0,1.0,1,0,0,2,snapshot_20150919T025947Z
216020,10,10,0,1.0,1,0,0,8,snapshot_20150919T025947Z
216160,7,7,0,1.0,1,0,0,5,snapshot_20150919T025947Z
216471,26,26,0,1.0,1,0,0,22,snapshot_20150919T025947Z
216650,3,0,3,0.0,0,0,1,1,snapshot_20150919T025947Z
216662,8,8,0,1.0,1,0,0,4,snapshot_20150919T025947Z
216984,3,3,0,1.0,1,0,0,1,snapshot_20150919T025947Z
216994,10,6,4,0.6,1,0,0,7,snapshot_20150919T025947Z
217089,4,2,2,0.5,1,0,0,3,snapshot_20150919T025947Z
217214,6,6,0,1.0,1,0,0,4,snapshot_20150919T025947Z
217419,16,15,1,0.9375,1,0,0,12,snapshot_20150919T025947Z
217712,32,29,3,0.90625,1,0,0,30,snapshot_20150919T025947Z
217773,8,5,3,0.625,1,0,0,7,snapshot_20150919T025947Z
217982,6,0,6,0.0,0,0,1,3,snapshot_20150919T025947Z
218081,24,20,4,0.8333333333333334,1,0,0,22,snapshot_20150919T025947Z
218217,24,0,24,0.0,0,0,1,21,snapshot_20150919T025947Z
218274,4,4,0,1.0,1,0,0,2,snapshot_20150919T025947Z
218469,5,5,0,1.0,1,0,0,3,snapshot_20150919T025947Z
218640,10,7,3,0.7,1,0,0,8,snapshot_20150919T025947Z
218648,254,225,29,0.8858267716535433,1,0,0,208,snapshot_20150919T025947Z
218658,6,6,0,1.0,1,0,0,4,snapshot_20150919T025947Z
218828,598,570,28,0.9531772575250836,1,0,0,575,snapshot_20150919T025947Z
218871,3,3,0,1.0,1,0,0,1,snapshot_20150919T025947Z
219013,6,0,6,0.0,0,0,1,5,snapshot_20150919T025947Z
219105,3,3,0,1.0,1,0,0,2,snapshot_20150919T025947Z
219332,40,40,0,1.0,1,0,0,38,snapshot_20150919T025947Z
219588,11,11,0,1.0,1,0,0,7,snapshot_20150919T025947Z
219768,2,2,0,1.0,1,0,0,1,snapshot_20150919T025947Z
219788,38,33,5,0.868421052631579,1,0,0,15,snapshot_20150919T025947Z
219874,7,7,0,1.0,1,0,0,5,snapshot_20150919T025947Z
219932,4,4,0,1.0,1,0,0,2,snapshot_20150919T025947Z
220099,3,3,0,1.0,1,0,0,1,snapshot_20150919T025947Z
220296,3,1,2,0.3333333333333333,1,0,0,2,snapshot_20150919T025947Z
220300,3,3,0,1.0,1,0,0,1,snapshot_20150919T025947Z
220379,4,1,3,0.25,1,0,0,3,snapshot_20150919T025947Z
220386,3,0,3,0.0,0,0,1,1,snapshot_20150919T025947Z
220404,9,9,0,1.0,1,0,0,7,snapshot_20150919T025947Z
220481,4,4,0,1.0,1,0,0,2,snapshot_20150919T025947Z
220840,33,27,6,0.8181818181818182,1,0,0,27,snapshot_20150919T025947Z
220911,5,5,0,1.0,1,0,0,3,snapshot_20150919T025947Z
220948,7,5,2,0.7142857142857143,1,0,0,5,snapshot_20150919T025947Z
221046,3,3,0,1.0,1,0,0,2,snapshot_20150919T025947Z
221055,9,7,2,0.7777777777777778,1,0,0,7,snapshot_20150919T025947Z
221099,13,13,0,1.0,1,0,0,9,snapshot_20150919T025947Z
221176,7,0,7,0.0,0,0,1,5,snapshot_20150919T025947Z
221190,3,3,0,1.0,1,0,0,1,snapshot_20150919T025947Z
221211,3,3,0,1.0,1,0,0,2,snapshot_20150919T025947Z
221249,12,10,2,0.8333333333333334,1,0,0,7,snapshot_20150919T025947Z
221331,10,10,0,1.0,1,0,0,8,snapshot_20150919T025947Z
221662,15,15,0,1.0,1,0,0,13,snapshot_20150919T025947Z
221764,3,0,3,0.0,0,0,1,1,snapshot_20150919T025947Z
221809,6,2,4,0.3333333333333333,1,0,0,4,snapshot_20150919T025947Z
221868,14,11,3,0.7857142857142857,1,0,0,10,snapshot_20150919T025947Z
221900,2,1,1,0.5,1,0,0,1,snapshot_20150919T025947Z
221998,6,6,0,1.0,1,0,0,4,snapshot_20150919T025947Z
222046,129,95,34,0.7364341085271318,1,0,0,94,snapshot_20150919T025947Z
222174,9,9,0,1.0,1,0,0,5,snapshot_20150919T025947Z
222350,4,2,2,0.5,1,0,0,2,snapshot_20150919T025947Z
222411,2,2,0,1.0,1,1,0,0,snapshot_20150919T025947Z
222425,6,6,0,1.0,1,0,0,4,snapshot_20150919T025947Z
222459,44,19,25,0.4318181818181818,1,0,0,42,snapshot_20150919T025947Z
222475,4,4,0,1.0,1,0,0,2,snapshot_20150919T025947Z
222534,10,10,0,1.0,1,0,0,8,snapshot_20150919T025947Z
222570,8,8,0,1.0,1,0,0,6,snapshot_20150919T025947Z
222575,4,4,0,1.0,1,0,0,2,snapshot_20150919T025947Z
222696,3,3,0,1.0,1,0,0,1,snapshot_20150919T025947Z
223283,2,2,0,1.0,1,1,0,0,snapshot_20150919T025947Z
223303,8,7,1,0.875,1,0,0,6,snapshot_20150919T025947Z
223493,3,3,0,1.0,1,0,0,1,snapshot_20150919T025947Z
223972,9,9,0,1.0,1,0,0,6,snapshot_20150919T025947Z
223996,21,9,12,0.42857142857142855,1,0,0,17,snapshot_20150919T025947Z
224248,6,6,0,1.0,1,0,0,4,snapshot_20150919T025947Z
224497,5,5,0,1.0,1,0,0,3,snapshot_20150919T025947Z
224553,4,3,1,0.75,1,0,0,2,snapshot_20150919T025947Z
224732,13,13,0,1.0,1,0,0,6,snapshot_20150919T025947Z
224773,4,4,0,1.0,1,0,0,2,snapshot_20150919T025947Z
224777,12,12,0,1.0,1,0,0,8,snapshot_20150919T025947Z
224781,5,5,0,1.0,1,0,0,4,snapshot_20150919T025947Z
224841,7,4,3,0.5714285714285714,1,0,0,4,snapshot_20150919T025947Z
224855,10,10,0,1.0,1,0,0,5,snapshot_20150919T025947Z
224928,7,5,2,0.7142857142857143,1,0,0,2,snapshot_20150919T025947Z
225006,12,3,9,0.25,1,0,0,10,snapshot_20150919T025947Z
225030,4,4,0,1.0,1,0,0,2,snapshot_20150919T025947Z
225043,9,1,8,0.1111111111111111,1,0,0,4,snapshot_20150919T025947Z
225053,2,2,0,1.0,1,0,0,1,snapshot_20150919T025947Z
225109,4,4,0,1.0,1,0,0,2,snapshot_20150919T025947Z
225267,8,8,0,1.0,1,0,0,6,snapshot_20150919T025947Z
225607,6,6,0,1.0,1,0,0,4,snapshot_20150919T025947Z
225633,3,3,0,1.0,1,0,0,1,snapshot_20150919T025947Z
225737,7,4,3,0.5714285714285714,1,0,0,5,snapshot_20150919T025947Z
225810,4,4,0,1.0,1,0,0,2,snapshot_20150919T025947Z
225852,7,7,0,1.0,1,0,0,4,snapshot_20150919T025947Z
225865,6,6,0,1.0,1,0,0,4,snapshot_20150919T025947Z
225936,11,9,2,0.8181818181818182,1,0,0,9,snapshot_20150919T025947Z
225990,2,2,0,1.0,1,1,0,0,snapshot_20150919T025947Z
226068,3,3,0,1.0,1,0,0,1,snapshot_20150919T025947Z
226075,6,6,0,1.0,1,0,0,4,snapshot_20150919T025947Z
226080,13,12,1,0.9230769230769231,1,0,0,10,snapshot_20150919T025947Z
226088,10,10,0,1.0,1,0,0,8,snapshot_20150919T025947Z
226117,3,3,0,1.0,1,0,0,1,snapshot_20150919T025947Z
226251,8,8,0,1.0,1,0,0,5,snapshot_20150919T025947Z
226296,6,6,0,1.0,1,0,0,4,snapshot_20150919T025947Z
226308,8,6,2,0.75,1,0,0,6,snapshot_20150919T025947Z
226445,16,6,10,0.375,1,0,0,14,snapshot_20150919T025947Z
226547,3,3,0,1.0,1,0,0,1,snapshot_20150919T025947Z
226726,4,4,0,1.0,1,0,0,2,snapshot_20150919T025947Z
226943,2,2,0,1.0,1,1,0,0,snapshot_20150919T025947Z
226999,6,6,0,1.0,1,0,0,4,snapshot_20150919T025947Z
227054,6,1,5,0.16666666666666666,1,0,0,4,snapshot_20150919T025947Z
227091,692,316,376,0.45664739884393063,1,0,0,573,snapshot_20150919T025947Z
227174,8,7,1,0.875,1,0,0,7,snapshot_20150919T025947Z
227343,11,11,0,1.0,1,0,0,8,snapshot_20150919T025947Z
227571,6,1,5,0.16666666666666666,1,0,0,4,snapshot_20150919T025947Z
227781,73,73,0,1.0,1,0,0,59,snapshot_20150919T025947Z
227926,22,19,3,0.8636363636363636,1,0,0,12,snapshot_20150919T025947Z
228040,13,12,1,0.9230769230769231,1,0,0,11,snapshot_20150919T025947Z
228175,3,3,0,1.0,1,0,0,1,snapshot_20150919T025947Z
228280,29,19,10,0.6551724137931034,1,0,0,24,snapshot_20150919T025947Z
228608,3,3,0,1.0,1,1,0,0,snapshot_20150919T025947Z
228610,17,1,16,0.058823529411764705,1,0,0,15,snapshot_20150919T025947Z
228703,4,3,1,0.75,1,0,0,2,snapshot_20150919T025947Z
229076,5,5,0,1.0,1,0,0,3,snapshot_20150919T025947Z
229157,1070,595,475,0.5560747663551402,1,0,0,1065,snapshot_20150919T025947Z
229291,5,5,0,1.0,1,0,0,3,snapshot_20150919T025947Z
229321,5,5,0,1.0,1,0,0,3,snapshot_20150919T025947Z
229432,19,17,2,0.8947368421052632,1,0,0,13,snapshot_20150919T025947Z
229502,5,5,0,1.0,1,0,0,4,snapshot_20150919T025947Z
229737,12,8,4,0.6666666666666666,1,0,0,8,snapshot_20150919T025947Z
229841,13,13,0,1.0,1,0,0,11,snapshot_20150919T025947Z
229868,3,3,0,1.0,1,0,0,1,snapshot_20150919T025947Z
229872,6,0,6,0.0,0,0,1,4,snapshot_20150919T025947Z
230215,32,29,3,0.90625,1,0,0,26,snapshot_20150919T025947Z
230233,2,2,0,1.0,1,0,0,1,snapshot_20150919T025947Z
230237,5,5,0,1.0,1,0,0,2,snapshot_20150919T025947Z
230380,12,11,1,0.9166666666666666,1,0,0,9,snapshot_20150919T025947Z
230478,6,0,6,0.0,0,0,1,4,snapshot_20150919T025947Z
230498,9,9,0,1.0,1,0,0,7,snapshot_20150919T025947Z
230526,25,22,3,0.88,1,0,0,20,snapshot_20150919T025947Z
230847,37,37,0,1.0,1,0,0,33,snapshot_20150919T025947Z
231047,18,18,0,1.0,1,0,0,15,snapshot_20150919T025947Z
231131,5,5,0,1.0,1,0,0,3,snapshot_20150919T025947Z
231156,2,2,0,1.0,1,1,0,0,snapshot_20150919T025947Z
231275,15,15,0,1.0,1,0,0,11,snapshot_20150919T025947Z
231565,3,0,3,0.0,0,0,1,1,snapshot_20150919T025947Z
231570,24,13,11,0.5416666666666666,1,0,0,17,snapshot_20150919T025947Z
231740,10,10,0,1.0,1,0,0,8,snapshot_20150919T025947Z
231908,3,3,0,1.0,1,0,0,1,snapshot_20150919T025947Z
232097,5,5,0,1.0,1,0,0,3,snapshot_20150919T025947Z
232133,3,0,3,0.0,0,0,1,1,snapshot_20150919T025947Z
232227,16,1,15,0.0625,1,0,0,14,snapshot_20150919T025947Z
232235,6,6,0,1.0,1,0,0,4,snapshot_20150919T025947Z
232275,12,9,3,0.75,1,0,0,10,snapshot_20150919T025947Z
232278,13,13,0,1.0,1,0,0,11,snapshot_20150919T025947Z
232309,8,8,0,1.0,1,1,0,0,snapshot_20150919T025947Z
232337,13,12,1,0.9230769230769231,1,0,0,11,snapshot_20150919T025947Z
232491,3,3,0,1.0,1,0,0,1,snapshot_20150919T025947Z
232605,6,0,6,0.0,0,0,1,4,snapshot_20150919T025947Z
232636,3,3,0,1.0,1,0,0,1,snapshot_20150919T025947Z
233038,4,4,0,1.0,1,0,0,2,snapshot_20150919T025947Z
233054,8,8,0,1.0,1,0,0,6,snapshot_20150919T025947Z
233092,4,3,1,0.75,1,0,0,2,snapshot_20150919T025947Z
233156,11,10,1,0.9090909090909091,1,0,0,8,snapshot_20150919T025947Z
233297,19,16,3,0.8421052631578947,1,0,0,13,snapshot_20150919T025947Z
233323,2,2,0,1.0,1,1,0,0,snapshot_20150919T025947Z
233349,3,3,0,1.0,1,0,0,1,snapshot_20150919T025947Z
233733,3,3,0,1.0,1,0,0,1,snapshot_20150919T025947Z
233862,3,0,3,0.0,0,0,1,1,snapshot_20150919T025947Z
233899,4,4,0,1.0,1,0,0,2,snapshot_20150919T025947Z
233979,182,160,22,0.8791208791208791,1,0,0,158,snapshot_20150919T025947Z
234161,4,4,0,1.0,1,0,0,2,snapshot_20150919T025947Z
234318,3,0,3,0.0,0,0,1,1,snapshot_20150919T025947Z
234475,8,7,1,0.875,1,0,0,6,snapshot_20150919T025947Z
234593,72,70,2,0.9722222222222222,1,0,0,66,snapshot_20150919T025947Z
234870,5,5,0,1.0,1,0,0,3,snapshot_20150919T025947Z
234941,29,14,15,0.4827586206896552,1,0,0,23,snapshot_20150919T025947Z
235067,15,15,0,1.0,1,0,0,13,snapshot_20150919T025947Z
235387,7,7,0,1.0,1,0,0,5,snapshot_20150919T025947Z
235392,6,3,3,0.5,1,0,0,2,snapshot_20150919T025947Z
235460,7,7,0,1.0,1,0,0,5,snapshot_20150919T025947Z
235498,6,6,0,1.0,1,0,0,4,snapshot_20150919T025947Z
235560,4,0,4,0.0,0,0,1,2,snapshot_20150919T025947Z
235606,3,3,0,1.0,1,0,0,1,snapshot_20150919T025947Z
235906,3,3,0,1.0,1,0,0,1,snapshot_20150919T025947Z
236158,5,5,0,1.0,1,0,0,3,snapshot_20150919T025947Z
236211,4,4,0,1.0,1,0,0,2,snapshot_20150919T025947Z
236213,16,15,1,0.9375,1,0,0,12,snapshot_20150919T025947Z
236229,4,4,0,1.0,1,0,0,2,snapshot_20150919T025947Z
236392,12,12,0,1.0,1,0,0,8,snapshot_20150919T025947Z
236507,3,0,3,0.0,0,0,1,1,snapshot_20150919T025947Z
236545,7,7,0,1.0,1,0,0,3,snapshot_20150919T025947Z
236747,4,4,0,1.0,1,0,0,2,snapshot_20150919T025947Z
236800,4,4,0,1.0,1,0,0,2,snapshot_20150919T025947Z
236963,5,5,0,1.0,1,0,0,4,snapshot_20150919T025947Z
237072,2,2,0,1.0,1,1,0,0,snapshot_20150919T025947Z
237262,3,3,0,1.0,1,0,0,1,snapshot_20150919T025947Z
237278,4,0,4,0.0,0,0,1,2,snapshot_20150919T025947Z
237286,3,3,0,1.0,1,0,0,2,snapshot_20150919T025947Z
237326,8,8,0,1.0,1,0,0,4,snapshot_20150919T025947Z
237408,6,6,0,1.0,1,0,0,4,snapshot_20150919T025947Z
237434,4,4,0,1.0,1,0,0,3,snapshot_20150919T025947Z
237467,9,9,0,1.0,1,0,0,8,snapshot_20150919T025947Z
237497,28,19,9,0.6785714285714286,1,0,0,26,snapshot_20150919T025947Z
237521,9,1,8,0.1111111111111111,1,0,0,7,snapshot_20150919T025947Z
237573,11,11,0,1.0,1,0,0,9,snapshot_20150919T025947Z
237614,2,2,0,1.0,1,1,0,0,snapshot_20150919T025947Z
237865,13,12,1,0.9230769230769231,1,0,0,7,snapshot_20150919T025947Z
237886,4,4,0,1.0,1,0,0,2,snapshot_20150919T025947Z
238199,20,20,0,1.0,1,0,0,16,snapshot_20150919T025947Z
238270,4,4,0,1.0,1,0,0,2,snapshot_20150919T025947Z
238300,7,7,0,1.0,1,0,0,5,snapshot_20150919T025947Z
238432,3,3,0,1.0,1,0,0,1,snapshot_20150919T025947Z
238437,18,17,1,0.9444444444444444,1,0,0,16,snapshot_20150919T025947Z
238442,18,18,0,1.0,1,0,0,16,snapshot_20150919T025947Z
238511,9,9,0,1.0,1,0,0,7,snapshot_20150919T025947Z
238722,7,7,0,1.0,1,0,0,5,snapshot_20150919T025947Z
238781,3,3,0,1.0,1,0,0,1,snapshot_20150919T025947Z
238831,3,0,3,0.0,0,0,1,1,snapshot_20150919T025947Z
238847,15,8,7,0.5333333333333333,1,0,0,13,snapshot_20150919T025947Z
239279,4,4,0,1.0,1,0,0,2,snapshot_20150919T025947Z
239319,45,45,0,1.0,1,0,0,42,snapshot_20150919T025947Z
239362,14,14,0,1.0,1,0,0,12,snapshot_20150919T025947Z
239439,2,2,0,1.0,1,1,0,0,snapshot_20150919T025947Z
239564,20,20,0,1.0,1,0,0,11,snapshot_20150919T025947Z
239825,4,4,0,1.0,1,0,0,2,snapshot_20150919T025947Z
239974,4,4,0,1.0,1,0,0,2,snapshot_20150919T025947Z
240176,5,5,0,1.0,1,0,0,4,snapshot_20150919T025947Z
240222,2,2,0,1.0,1,1,0,0,snapshot_20150919T025947Z
240290,7,7,0,1.0,1,0,0,5,snapshot_20150919T025947Z
240463,5,0,5,0.0,0,0,1,3,snapshot_20150919T025947Z
240496,4,2,2,0.5,1,0,0,2,snapshot_20150919T025947Z
240556,10,3,7,0.3,1,0,0,5,snapshot_20150919T025947Z
240564,4,3,1,0.75,1,0,0,2,snapshot_20150919T025947Z
240645,7,7,0,1.0,1,0,0,5,snapshot_20150919T025947Z
240800,4,4,0,1.0,1,0,0,2,snapshot_20150919T025947Z
240998,53,43,10,0.8113207547169812,1,0,0,19,snapshot_20150919T025947Z
241145,60,60,0,1.0,1,0,0,56,snapshot_20150919T025947Z
241246,9,8,1,0.8888888888888888,1,0,0,5,snapshot_20150919T025947Z
241356,28,28,0,1.0,1,0,0,24,snapshot_20150919T025947Z
241583,25,23,2,0.92,1,0,0,19,snapshot_20150919T025947Z
241743,2,2,0,1.0,1,0,0,1,snapshot_20150919T025947Z
241863,7,4,3,0.5714285714285714,1,0,0,5,snapshot_20150919T025947Z
242105,42,42,0,1.0,1,0,0,35,snapshot_20150919T025947Z
242485,6,6,0,1.0,1,0,0,4,snapshot_20150919T025947Z
242520,3,3,0,1.0,1,0,0,1,snapshot_20150919T025947Z
242567,3,3,0,1.0,1,0,0,1,snapshot_20150919T025947Z
242654,23,23,0,1.0,1,0,0,17,snapshot_20150919T025947Z
242663,4,4,0,1.0,1,0,0,2,snapshot_20150919T025947Z
242740,6,6,0,1.0,1,0,0,4,snapshot_20150919T025947Z
242826,15,15,0,1.0,1,0,0,11,snapshot_20150919T025947Z
242861,4,4,0,1.0,1,0,0,2,snapshot_20150919T025947Z
242985,3,3,0,1.0,1,0,0,1,snapshot_20150919T025947Z
243025,36,30,6,0.8333333333333334,1,0,0,29,snapshot_20150919T025947Z
243070,15,15,0,1.0,1,0,0,9,snapshot_20150919T025947Z
243182,4,4,0,1.0,1,0,0,2,snapshot_20150919T025947Z
243572,6,0,6,0.0,0,0,1,4,snapshot_20150919T025947Z
243592,4,1,3,0.25,1,0,0,2,snapshot_20150919T025947Z
243636,17,16,1,0.9411764705882353,1,0,0,13,snapshot_20150919T025947Z
243939,8,7,1,0.875,1,0,0,6,snapshot_20150919T025947Z
244123,10,10,0,1.0,1,1,0,0,snapshot_20150919T025947Z
244468,91,91,0,1.0,1,0,0,86,snapshot_20150919T025947Z
244531,11,11,0,1.0,1,0,0,8,snapshot_20150919T025947Z
244553,9,8,1,0.8888888888888888,1,0,0,7,snapshot_20150919T025947Z
244556,4,4,0,1.0,1,0,0,3,snapshot_20150919T025947Z
244583,5,5,0,1.0,1,0,0,3,snapshot_20150919T025947Z
244603,4,0,4,0.0,0,0,1,2,snapshot_20150919T025947Z
244756,454,429,25,0.9449339207048458,1,0,0,443,snapshot_20150919T025947Z
244835,6,6,0,1.0,1,0,0,2,snapshot_20150919T025947Z
244838,12,10,2,0.8333333333333334,1,0,0,10,snapshot_20150919T025947Z
244853,19,10,9,0.5263157894736842,1,0,0,11,snapshot_20150919T025947Z
245293,34,27,7,0.7941176470588235,1,0,0,23,snapshot_20150919T025947Z
245608,3,3,0,1.0,1,0,0,1,snapshot_20150919T025947Z
245765,4,4,0,1.0,1,0,0,2,snapshot_20150919T025947Z
245770,8,6,2,0.75,1,0,0,6,snapshot_20150919T025947Z
245823,26,14,12,0.5384615384615384,1,0,0,20,snapshot_20150919T025947Z
245983,7,7,0,1.0,1,0,0,5,snapshot_20150919T025947Z
246158,7,2,5,0.2857142857142857,1,0,0,3,snapshot_20150919T025947Z
246235,4,4,0,1.0,1,0,0,3,snapshot_20150919T025947Z
246785,23,23,0,1.0,1,0,0,7,snapshot_20150919T025947Z
246796,33,29,4,0.8787878787878788,1,0,0,25,snapshot_20150919T025947Z
246828,7,7,0,1.0,1,0,0,3,snapshot_20150919T025947Z
246992,3,3,0,1.0,1,0,0,1,snapshot_20150919T025947Z
247005,4,0,4,0.0,0,0,1,2,snapshot_20150919T025947Z
247024,3,3,0,1.0,1,0,0,1,snapshot_20150919T025947Z
247235,1698,1445,253,0.8510011778563016,1,0,0,1401,snapshot_20150919T025947Z
247247,5,0,5,0.0,0,0,1,3,snapshot_20150919T025947Z
247560,5,5,0,1.0,1,0,0,3,snapshot_20150919T025947Z
247916,4,4,0,1.0,1,0,0,2,snapshot_20150919T025947Z
247967,3,3,0,1.0,1,0,0,1,snapshot_20150919T025947Z
248411,11,11,0,1.0,1,0,0,6,snapshot_20150919T025947Z
248428,8,6,2,0.75,1,0,0,7,snapshot_20150919T025947Z
248503,3,0,3,0.0,0,0,1,1,snapshot_20150919T025947Z
248599,48,48,0,1.0,1,0,0,37,snapshot_20150919T025947Z
248671,11,1,10,0.09090909090909091,1,0,0,5,snapshot_20150919T025947Z
248679,295,275,20,0.9322033898305084,1,0,0,234,snapshot_20150919T025947Z
248810,3,0,3,0.0,0,0,1,1,snapshot_20150919T025947Z
248845,3,3,0,1.0,1,0,0,1,snapshot_20150919T025947Z
248848,13,5,8,0.38461538461538464,1,0,0,8,snapshot_20150919T025947Z
248925,12,12,0,1.0,1,0,0,8,snapshot_20150919T025947Z
249017,5,4,1,0.8,1,0,0,4,snapshot_20150919T025947Z
249053,4,4,0,1.0,1,0,0,2,snapshot_20150919T025947Z
249061,8,0,8,0.0,0,0,1,6,snapshot_20150919T025947Z
249074,3,3,0,1.0,1,0,0,1,snapshot_20150919T025947Z
249247,3,3,0,1.0,1,0,0,1,snapshot_20150919T025947Z
249286,3,0,3,0.0,0,0,1,2,snapshot_20150919T025947Z
249439,4,4,0,1.0,1,0,0,2,snapshot_20150919T025947Z
249658,4,4,0,1.0,1,0,0,2,snapshot_20150919T025947Z
249902,3,0,3,0.0,0,0,1,1,snapshot_20150919T025947Z
250080,2,2,0,1.0,1,1,0,0,snapshot_20150919T025947Z
250139,3,3,0,1.0,1,1,0,0,snapshot_20150919T025947Z
250146,11,11,0,1.0,1,0,0,4,snapshot_20150919T025947Z
250187,14,14,0,1.0,1,0,0,11,snapshot_20150919T025947Z
250252,10,10,0,1.0,1,0,0,6,snapshot_20150919T025947Z
250357,40,19,21,0.475,1,0,0,37,snapshot_20150919T025947Z
250372,30,28,2,0.9333333333333333,1,0,0,24,snapshot_20150919T025947Z
250393,3,2,1,0.6666666666666666,1,0,0,1,snapshot_20150919T025947Z
250437,7,0,7,0.0,0,0,1,5,snapshot_20150919T025947Z
250527,9,9,0,1.0,1,0,0,7,snapshot_20150919T025947Z
250678,3,3,0,1.0,1,0,0,2,snapshot_20150919T025947Z
250943,24,23,1,0.9583333333333334,1,0,0,22,snapshot_20150919T025947Z
251091,7,5,2,0.7142857142857143,1,0,0,4,snapshot_20150919T025947Z
251707,35,34,1,0.9714285714285714,1,0,0,30,snapshot_20150919T025947Z
251892,10,8,2,0.8,1,0,0,8,snapshot_20150919T025947Z
251942,4,1,3,0.25,1,0,0,2,snapshot_20150919T025947Z
252249,4,4,0,1.0,1,0,0,3,snapshot_20150919T025947Z
252258,8,8,0,1.0,1,0,0,4,snapshot_20150919T025947Z
252415,5,5,0,1.0,1,0,0,3,snapshot_20150919T025947Z
252492,9,9,0,1.0,1,0,0,6,snapshot_20150919T025947Z
252812,3,3,0,1.0,1,0,0,1,snapshot_20150919T025947Z
252840,17,14,3,0.8235294117647058,1,0,0,13,snapshot_20150919T025947Z
252977,17,17,0,1.0,1,0,0,15,snapshot_20150919T025947Z
253004,4,0,4,0.0,0,0,1,2,snapshot_20150919T025947Z
253109,7,7,0,1.0,1,0,0,3,snapshot_20150919T025947Z
253213,6,5,1,0.8333333333333334,1,0,0,2,snapshot_20150919T025947Z
253328,7,7,0,1.0,1,0,0,5,snapshot_20150919T025947Z
253365,8,0,8,0.0,0,0,1,4,snapshot_20150919T025947Z
253371,7,7,0,1.0,1,0,0,4,snapshot_20150919T025947Z
253391,5,0,5,0.0,0,0,1,3,snapshot_20150919T025947Z
253399,2,2,0,1.0,1,0,0,1,snapshot_20150919T025947Z
253756,4,0,4,0.0,0,0,1,2,snapshot_20150919T025947Z
253867,32,32,0,1.0,1,0,0,30,snapshot_20150919T025947Z
253920,3,3,0,1.0,1,0,0,1,snapshot_20150919T025947Z
253924,18,14,4,0.7777777777777778,1,0,0,16,snapshot_20150919T025947Z
254126,4,4,0,1.0,1,0,0,2,snapshot_20150919T025947Z
254130,21,20,1,0.9523809523809523,1,0,0,19,snapshot_20150919T025947Z
254146,11,6,5,0.5454545454545454,1,0,0,6,snapshot_20150919T025947Z
254328,119,20,99,0.16806722689075632,1,0,0,87,snapshot_20150919T025947Z
254367,2,2,0,1.0,1,1,0,0,snapshot_20150919T025947Z
254579,3,3,0,1.0,1,0,0,1,snapshot_20150919T025947Z
254621,3,3,0,1.0,1,0,0,1,snapshot_20150919T025947Z
254754,3,3,0,1.0,1,0,0,1,snapshot_20150919T025947Z
254893,16,4,12,0.25,1,0,0,11,snapshot_20150919T025947Z
255006,5,5,0,1.0,1,0,0,3,snapshot_20150919T025947Z
255309,2,0,2,0.0,0,0,1,1,snapshot_20150919T025947Z
255389,5,5,0,1.0,1,0,0,3,snapshot_20150919T025947Z
255393,28,19,9,0.6785714285714286,1,0,0,24,snapshot_20150919T025947Z
255918,15,15,0,1.0,1,0,0,7,snapshot_20150919T025947Z
256094,14,14,0,1.0,1,0,0,10,snapshot_20150919T025947Z
256429,7,7,0,1.0,1,0,0,5,snapshot_20150919T025947Z
256465,7,6,1,0.8571428571428571,1,0,0,5,snapshot_20150919T025947Z
256505,4,4,0,1.0,1,0,0,2,snapshot_20150919T025947Z
256544,12,0,12,0.0,0,0,1,3,snapshot_20150919T025947Z
256726,3,3,0,1.0,1,0,0,1,snapshot_20150919T025947Z
256781,9,3,6,0.3333333333333333,1,0,0,7,snapshot_20150919T025947Z
256821,7,7,0,1.0,1,0,0,5,snapshot_20150919T025947Z
256877,2,2,0,1.0,1,0,0,1,snapshot_20150919T025947Z
256880,8,7,1,0.875,1,0,0,5,snapshot_20150919T025947Z
257248,8,8,0,1.0,1,0,0,5,snapshot_20150919T025947Z
257291,10,10,0,1.0,1,0,0,8,snapshot_20150919T025947Z
257462,7,7,0,1.0,1,0,0,5,snapshot_20150919T025947Z
257726,5,5,0,1.0,1,0,0,1,snapshot_20150919T025947Z
257912,7,7,0,1.0,1,0,0,5,snapshot_20150919T025947Z
258107,3,3,0,1.0,1,0,0,2,snapshot_20150919T025947Z
258317,54,53,1,0.9814814814814815,1,0,0,50,snapshot_20150919T025947Z
258336,6,6,0,1.0,1,0,0,4,snapshot_20150919T025947Z
258434,3,0,3,0.0,0,0,1,1,snapshot_20150919T025947Z
258502,9,9,0,1.0,1,0,0,7,snapshot_20150919T025947Z
258538,6,0,6,0.0,0,0,1,4,snapshot_20150919T025947Z
259050,3,3,0,1.0,1,0,0,1,snapshot_20150919T025947Z
259169,5,5,0,1.0,1,0,0,3,snapshot_20150919T025947Z
259178,3,3,0,1.0,1,0,0,1,snapshot_20150919T025947Z
259214,6,6,0,1.0,1,0,0,4,snapshot_20150919T025947Z
259278,54,48,6,0.8888888888888888,1,0,0,41,snapshot_20150919T025947Z
259305,4,4,0,1.0,1,0,0,3,snapshot_20150919T025947Z
259827,5,5,0,1.0,1,0,0,3,snapshot_20150919T025947Z
259928,76,40,36,0.5263157894736842,1,0,0,74,snapshot_20150919T025947Z
260032,4,0,4,0.0,0,0,1,2,snapshot_20150919T025947Z
260491,3,0,3,0.0,0,0,1,1,snapshot_20150919T025947Z
260578,4,4,0,1.0,1,0,0,2,snapshot_20150919T025947Z
260753,13,0,13,0.0,0,0,1,11,snapshot_20150919T025947Z
260868,3,0,3,0.0,0,0,1,1,snapshot_20150919T025947Z
260971,11,10,1,0.9090909090909091,1,0,0,9,snapshot_20150919T025947Z
261238,19,19,0,1.0,1,0,0,10,snapshot_20150919T025947Z
261301,16,16,0,1.0,1,0,0,14,snapshot_20150919T025947Z
261325,8,8,0,1.0,1,0,0,6,snapshot_20150919T025947Z
261362,3,0,3,0.0,0,0,1,1,snapshot_20150919T025947Z
261507,4,4,0,1.0,1,0,0,2,snapshot_20150919T025947Z
261643,6,5,1,0.8333333333333334,1,0,0,4,snapshot_20150919T025947Z
261667,4,4,0,1.0,1,0,0,2,snapshot_20150919T025947Z
261693,8,8,0,1.0,1,0,0,6,snapshot_20150919T025947Z
261694,3,3,0,1.0,1,0,0,1,snapshot_20150919T025947Z
261793,6,6,0,1.0,1,0,0,4,snapshot_20150919T025947Z
261807,4,4,0,1.0,1,0,0,2,snapshot_20150919T025947Z
261883,5,5,0,1.0,1,0,0,2,snapshot_20150919T025947Z
261889,3,3,0,1.0,1,0,0,1,snapshot_20150919T025947Z
261902,10,10,0,1.0,1,0,0,6,snapshot_20150919T025947Z
262357,142,139,3,0.9788732394366197,1,0,0,135,snapshot_20150919T025947Z
262508,11,11,0,1.0,1,0,0,9,snapshot_20150919T025947Z
262607,2,2,0,1.0,1,1,0,0,snapshot_20150919T025947Z
263161,5,5,0,1.0,1,0,0,2,snapshot_20150919T025947Z
263205,2,2,0,1.0,1,0,0,1,snapshot_20150919T025947Z
263391,11,4,7,0.36363636363636365,1,0,0,7,snapshot_20150919T025947Z
263462,4,4,0,1.0,1,0,0,1,snapshot_20150919T025947Z
263733,6,6,0,1.0,1,0,0,3,snapshot_20150919T025947Z
263746,21,21,0,1.0,1,0,0,19,snapshot_20150919T025947Z
263783,14,11,3,0.7857142857142857,1,0,0,11,snapshot_20150919T025947Z
263974,5,2,3,0.4,1,0,0,4,snapshot_20150919T025947Z
264044,4,4,0,1.0,1,0,0,3,snapshot_20150919T025947Z
264190,92,73,19,0.7934782608695652,1,0,0,86,snapshot_20150919T025947Z
264361,3,3,0,1.0,1,0,0,1,snapshot_20150919T025947Z
264398,3,3,0,1.0,1,0,0,1,snapshot_20150919T025947Z
264597,4,0,4,0.0,0,0,1,2,snapshot_20150919T025947Z
264607,2,2,0,1.0,1,0,0,1,snapshot_20150919T025947Z
264653,8,8,0,1.0,1,0,0,6,snapshot_20150919T025947Z
264716,11,4,7,0.36363636363636365,1,0,0,8,snapshot_20150919T025947Z
264734,9,9,0,1.0,1,0,0,7,snapshot_20150919T025947Z
264810,4,4,0,1.0,1,0,0,2,snapshot_20150919T025947Z
264847,4,4,0,1.0,1,0,0,3,snapshot_20150919T025947Z
264883,14,14,0,1.0,1,0,0,10,snapshot_20150919T025947Z
264899,3,1,2,0.3333333333333333,1,0,0,2,snapshot_20150919T025947Z
265273,10,5,5,0.5,1,0,0,7,snapshot_20150919T025947Z
265295,4,4,0,1.0,1,0,0,1,snapshot_20150919T025947Z
265486,49,29,20,0.5918367346938775,1,0,0,45,snapshot_20150919T025947Z
265568,3,3,0,1.0,1,0,0,1,snapshot_20150919T025947Z
265643,31,31,0,1.0,1,0,0,29,snapshot_20150919T025947Z
265645,4,0,4,0.0,0,0,1,2,snapshot_20150919T025947Z
265778,16,16,0,1.0,1,0,0,7,snapshot_20150919T025947Z
265832,7,6,1,0.8571428571428571,1,0,0,5,snapshot_20150919T025947Z
265897,25,25,0,1.0,1,0,0,19,snapshot_20150919T025947Z
265968,10,7,3,0.7,1,0,0,8,snapshot_20150919T025947Z
266201,3,3,0,1.0,1,0,0,2,snapshot_20150919T025947Z
266350,12,11,1,0.9166666666666666,1,0,0,10,snapshot_20150919T025947Z
266417,74,65,9,0.8783783783783784,1,0,0,70,snapshot_20150919T025947Z
266464,8,7,1,0.875,1,0,0,6,snapshot_20150919T025947Z
266582,3,0,3,0.0,0,0,1,1,snapshot_20150919T025947Z
266610,9,9,0,1.0,1,0,0,7,snapshot_20150919T025947Z
266666,48,33,15,0.6875,1,0,0,46,snapshot_20150919T025947Z
266693,3,3,0,1.0,1,0,0,1,snapshot_20150919T025947Z
266762,3,3,0,1.0,1,0,0,1,snapshot_20150919T025947Z
266892,13,13,0,1.0,1,0,0,11,snapshot_20150919T025947Z
267116,8,8,0,1.0,1,0,0,6,snapshot_20150919T025947Z
267136,17,17,0,1.0,1,0,0,15,snapshot_20150919T025947Z
267357,25,22,3,0.88,1,0,0,23,snapshot_20150919T025947Z
267731,4,4,0,1.0,1,0,0,2,snapshot_20150919T025947Z
267735,4,4,0,1.0,1,0,0,2,snapshot_20150919T025947Z
267818,3,3,0,1.0,1,0,0,1,snapshot_20150919T025947Z
267822,11,9,2,0.8181818181818182,1,0,0,9,snapshot_20150919T025947Z
267861,2,2,0,1.0,1,0,0,1,snapshot_20150919T025947Z
267973,3,1,2,0.3333333333333333,1,1,0,0,snapshot_20150919T025947Z
268155,23,23,0,1.0,1,0,0,18,snapshot_20150919T025947Z
268221,2,2,0,1.0,1,0,0,1,snapshot_20150919T025947Z
268239,8,8,0,1.0,1,0,0,6,snapshot_20150919T025947Z
268264,7,7,0,1.0,1,0,0,5,snapshot_20150919T025947Z
268342,4,0,4,0.0,0,0,1,2,snapshot_20150919T025947Z
268385,4,4,0,1.0,1,0,0,2,snapshot_20150919T025947Z
268428,20,12,8,0.6,1,0,0,15,snapshot_20150919T025947Z
268430,13,13,0,1.0,1,0,0,12,snapshot_20150919T025947Z
268571,2,2,0,1.0,1,1,0,0,snapshot_20150919T025947Z
268657,11,11,0,1.0,1,0,0,7,snapshot_20150919T025947Z
268741,5,0,5,0.0,0,0,1,3,snapshot_20150919T025947Z
268994,1,1,0,1.0,1,1,0,0,snapshot_20150919T025947Z
268999,50,50,0,1.0,1,0,0,48,snapshot_20150919T025947Z
269109,2,2,0,1.0,1,0,0,1,snapshot_20150919T025947Z
269127,210,147,63,0.7,1,0,0,170,snapshot_20150919T025947Z
269245,6,6,0,1.0,1,0,0,4,snapshot_20150919T025947Z
269284,3,3,0,1.0,1,0,0,1,snapshot_20150919T025947Z
269434,3,3,0,1.0,1,0,0,1,snapshot_20150919T025947Z
269448,5,5,0,1.0,1,0,0,3,snapshot_20150919T025947Z
269618,6,6,0,1.0,1,0,0,4,snapshot_20150919T025947Z
269635,4,0,4,0.0,0,0,1,2,snapshot_20150919T025947Z
269813,3,3,0,1.0,1,0,0,1,snapshot_20150919T025947Z
269879,4,4,0,1.0,1,0,0,2,snapshot_20150919T025947Z
270248,8,8,0,1.0,1,0,0,6,snapshot_20150919T025947Z
270362,14,5,9,0.35714285714285715,1,0,0,10,snapshot_20150919T025947Z
270464,15,15,0,1.0,1,0,0,11,snapshot_20150919T025947Z
270492,5,1,4,0.2,1,0,0,3,snapshot_20150919T025947Z
270562,5,5,0,1.0,1,0,0,3,snapshot_20150919T025947Z
270632,3,3,0,1.0,1,0,0,1,snapshot_20150919T025947Z
270876,3,0,3,0.0,0,0,1,1,snapshot_20150919T025947Z
271086,6,6,0,1.0,1,0,0,4,snapshot_20150919T025947Z
271333,4,4,0,1.0,1,0,0,1,snapshot_20150919T025947Z
271410,7,7,0,1.0,1,0,0,5,snapshot_20150919T025947Z
271466,8,8,0,1.0,1,0,0,6,snapshot_20150919T025947Z
271486,14,14,0,1.0,1,0,0,7,snapshot_20150919T025947Z
271719,7,6,1,0.8571428571428571,1,0,0,6,snapshot_20150919T025947Z
271800,4,0,4,0.0,0,0,1,2,snapshot_20150919T025947Z
271884,17,15,2,0.8823529411764706,1,0,0,15,snapshot_20150919T025947Z
272096,4,0,4,0.0,0,0,1,2,snapshot_20150919T025947Z
272457,12,7,5,0.5833333333333334,1,0,0,6,snapshot_20150919T025947Z
272853,13,10,3,0.7692307692307693,1,0,0,9,snapshot_20150919T025947Z
272883,41,41,0,1.0,1,0,0,32,snapshot_20150919T025947Z
273341,34,31,3,0.9117647058823529,1,0,0,26,snapshot_20150919T025947Z
273362,10,10,0,1.0,1,0,0,8,snapshot_20150919T025947Z
273385,4,0,4,0.0,0,0,1,2,snapshot_20150919T025947Z
273406,35,31,4,0.8857142857142857,1,0,0,22,snapshot_20150919T025947Z
273431,5,4,1,0.8,1,0,0,3,snapshot_20150919T025947Z
273600,35,34,1,0.9714285714285714,1,0,0,23,snapshot_20150919T025947Z
273630,9,9,0,1.0,1,0,0,5,snapshot_20150919T025947Z
273697,6,6,0,1.0,1,0,0,4,snapshot_20150919T025947Z
273772,48,48,0,1.0,1,0,0,37,snapshot_20150919T025947Z
273814,5,5,0,1.0,1,0,0,3,snapshot_20150919T025947Z
273853,4,4,0,1.0,1,0,0,2,snapshot_20150919T025947Z
273910,32,32,0,1.0,1,0,0,21,snapshot_20150919T025947Z
274064,12,5,7,0.4166666666666667,1,0,0,9,snapshot_20150919T025947Z
274152,4,4,0,1.0,1,0,0,2,snapshot_20150919T025947Z
274515,3,0,3,0.0,0,0,1,1,snapshot_20150919T025947Z
274886,3,3,0,1.0,1,0,0,1,snapshot_20150919T025947Z
274980,8,8,0,1.0,1,0,0,4,snapshot_20150919T025947Z
274981,45,34,11,0.7555555555555555,1,0,0,43,snapshot_20150919T025947Z
275428,5,5,0,1.0,1,0,0,4,snapshot_20150919T025947Z
275692,5,5,0,1.0,1,0,0,1,snapshot_20150919T025947Z
275715,5,5,0,1.0,1,0,0,3,snapshot_20150919T025947Z
275823,5,5,0,1.0,1,0,0,3,snapshot_20150919T025947Z
275832,7,7,0,1.0,1,0,0,5,snapshot_20150919T025947Z
275833,18,18,0,1.0,1,0,0,16,snapshot_20150919T025947Z
275836,4,4,0,1.0,1,0,0,2,snapshot_20150919T025947Z
275846,3,3,0,1.0,1,0,0,1,snapshot_20150919T025947Z
276016,4,4,0,1.0,1,0,0,2,snapshot_20150919T025947Z
276034,28,22,6,0.7857142857142857,1,0,0,21,snapshot_20150919T025947Z
276149,48,27,21,0.5625,1,0,0,46,snapshot_20150919T025947Z
276165,17,6,11,0.35294117647058826,1,0,0,14,snapshot_20150919T025947Z
276207,2,2,0,1.0,1,0,0,1,snapshot_20150919T025947Z
276382,5,5,0,1.0,1,0,0,3,snapshot_20150919T025947Z
276464,2,0,2,0.0,0,0,1,1,snapshot_20150919T025947Z
276579,3,3,0,1.0,1,0,0,1,snapshot_20150919T025947Z
276809,3,3,0,1.0,1,0,0,1,snapshot_20150919T025947Z
277349,4,4,0,1.0,1,0,0,2,snapshot_20150919T025947Z
277476,7,2,5,0.2857142857142857,1,0,0,5,snapshot_20150919T025947Z
277488,16,16,0,1.0,1,0,0,13,snapshot_20150919T025947Z
277576,7,7,0,1.0,1,0,0,5,snapshot_20150919T025947Z
277873,3,3,0,1.0,1,0,0,1,snapshot_20150919T025947Z
277968,5,4,1,0.8,1,0,0,4,snapshot_20150919T025947Z
278041,2,2,0,1.0,1,0,0,1,snapshot_20150919T025947Z
278088,4,4,0,1.0,1,0,0,1,snapshot_20150919T025947Z
278097,7,7,0,1.0,1,0,0,5,snapshot_20150919T025947Z
278171,4,3,1,0.75,1,0,0,2,snapshot_20150919T025947Z
278265,3,3,0,1.0,1,0,0,2,snapshot_20150919T025947Z
278574,4,4,0,1.0,1,0,0,2,snapshot_20150919T025947Z
278647,3,3,0,1.0,1,0,0,1,snapshot_20150919T025947Z
278771,9,9,0,1.0,1,0,0,5,snapshot_20150919T025947Z
278831,9,0,9,0.0,0,0,1,7,snapshot_20150919T025947Z
278940,14,10,4,0.7142857142857143,1,0,0,4,snapshot_20150919T025947Z
278967,6,6,0,1.0,1,0,0,5,snapshot_20150919T025947Z
279034,4,4,0,1.0,1,0,0,2,snapshot_20150919T025947Z
279142,4,4,0,1.0,1,0,0,1,snapshot_20150919T025947Z
279193,4,4,0,1.0,1,0,0,2,snapshot_20150919T025947Z
279406,104,57,47,0.5480769230769231,1,0,0,85,snapshot_20150919T025947Z
279466,3,3,0,1.0,1,0,0,2,snapshot_20150919T025947Z
279677,25,25,0,1.0,1,0,0,22,snapshot_20150919T025947Z
279856,7,7,0,1.0,1,0,0,4,snapshot_20150919T025947Z
279876,6,6,0,1.0,1,0,0,2,snapshot_20150919T025947Z
280031,3,3,0,1.0,1,0,0,1,snapshot_20150919T025947Z
280361,23,23,0,1.0,1,0,0,7,snapshot_20150919T025947Z
280692,14,14,0,1.0,1,0,0,12,snapshot_20150919T025947Z
280722,3,0,3,0.0,0,0,1,1,snapshot_20150919T025947Z
280750,7,7,0,1.0,1,0,0,5,snapshot_20150919T025947Z
280912,3,0,3,0.0,0,0,1,1,snapshot_20150919T025947Z
281161,2,2,0,1.0,1,0,0,1,snapshot_20150919T025947Z
281202,9,8,1,0.8888888888888888,1,0,0,7,snapshot_20150919T025947Z
281359,4,0,4,0.0,0,0,1,2,snapshot_20150919T025947Z
281553,9,9,0,1.0,1,0,0,5,snapshot_20150919T025947Z
281703,6,6,0,1.0,1,0,0,4,snapshot_20150919T025947Z
281778,3,3,0,1.0,1,0,0,1,snapshot_20150919T025947Z
281978,3,3,0,1.0,1,0,0,1,snapshot_20150919T025947Z
282233,22,0,22,0.0,0,0,1,20,snapshot_20150919T025947Z
282289,11,11,0,1.0,1,0,0,6,snapshot_20150919T025947Z
282440,14,14,0,1.0,1,0,0,10,snapshot_20150919T025947Z
282705,3,3,0,1.0,1,0,0,1,snapshot_20150919T025947Z
282887,7,7,0,1.0,1,0,0,4,snapshot_20150919T025947Z
283269,11,10,1,0.9090909090909091,1,0,0,9,snapshot_20150919T025947Z
283477,40,40,0,1.0,1,0,0,10,snapshot_20150919T025947Z
283553,100,100,0,1.0,1,0,0,91,snapshot_20150919T025947Z
283568,4,4,0,1.0,1,0,0,2,snapshot_20150919T025947Z
283604,11,11,0,1.0,1,0,0,9,snapshot_20150919T025947Z
283621,54,53,1,0.9814814814814815,1,0,0,42,snapshot_20150919T025947Z
283858,3,3,0,1.0,1,0,0,1,snapshot_20150919T025947Z
284251,3,3,0,1.0,1,0,0,1,snapshot_20150919T025947Z
284451,9,0,9,0.0,0,0,1,7,snapshot_20150919T025947Z
284631,7,0,7,0.0,0,0,1,5,snapshot_20150919T025947Z
284767,3,3,0,1.0,1,0,0,1,snapshot_20150919T025947Z
285368,194,194,0,1.0,1,0,0,184,snapshot_20150919T025947Z
285372,4,4,0,1.0,1,0,0,2,snapshot_20150919T025947Z
285918,8,2,6,0.25,1,0,0,7,snapshot_20150919T025947Z
286535,4,3,1,0.75,1,0,0,3,snapshot_20150919T025947Z
286553,3,3,0,1.0,1,0,0,1,snapshot_20150919T025947Z
286616,2252,1439,813,0.63898756660746,1,0,0,2057,snapshot_20150919T025947Z
286780,10,5,5,0.5,1,0,0,8,snapshot_20150919T025947Z
286790,5,5,0,1.0,1,0,0,3,snapshot_20150919T025947Z
286923,5,5,0,1.0,1,0,0,3,snapshot_20150919T025947Z
287007,16,16,0,1.0,1,0,0,12,snapshot_20150919T025947Z
287022,5,0,5,0.0,0,0,1,3,snapshot_20150919T025947Z
287434,26,14,12,0.5384615384615384,1,0,0,24,snapshot_20150919T025947Z
287470,5,5,0,1.0,1,0,0,3,snapshot_20150919T025947Z
287930,5,0,5,0.0,0,0,1,1,snapshot_20150919T025947Z
287996,4,3,1,0.75,1,0,0,2,snapshot_20150919T025947Z
288003,4,4,0,1.0,1,0,0,2,snapshot_20150919T025947Z
288061,6,6,0,1.0,1,0,0,2,snapshot_20150919T025947Z
288362,5,3,2,0.6,1,0,0,2,snapshot_20150919T025947Z
288422,3,0,3,0.0,0,0,1,1,snapshot_20150919T025947Z
288474,5,5,0,1.0,1,0,0,3,snapshot_20150919T025947Z
288488,2,2,0,1.0,1,1,0,0,snapshot_20150919T025947Z
288615,25,25,0,1.0,1,0,0,24,snapshot_20150919T025947Z
288665,6,6,0,1.0,1,0,0,3,snapshot_20150919T025947Z
288699,8,8,0,1.0,1,0,0,6,snapshot_20150919T025947Z
288843,5,5,0,1.0,1,0,0,3,snapshot_20150919T025947Z
288932,35,35,0,1.0,1,0,0,24,snapshot_20150919T025947Z
288956,7,4,3,0.5714285714285714,1,0,0,4,snapshot_20150919T025947Z
289019,18,12,6,0.6666666666666666,1,0,0,14,snapshot_20150919T025947Z
289113,10,10,0,1.0,1,0,0,7,snapshot_20150919T025947Z
289401,3,3,0,1.0,1,0,0,1,snapshot_20150919T025947Z
289418,8,8,0,1.0,1,0,0,6,snapshot_20150919T025947Z
289481,9,9,0,1.0,1,0,0,7,snapshot_20150919T025947Z
289491,3,3,0,1.0,1,0,0,1,snapshot_20150919T025947Z
289743,10,10,0,1.0,1,0,0,8,snapshot_20150919T025947Z
290073,3,3,0,1.0,1,0,0,1,snapshot_20150919T025947Z
290201,5,5,0,1.0,1,0,0,3,snapshot_20150919T025947Z
290203,6,6,0,1.0,1,0,0,4,snapshot_20150919T025947Z
290246,5,5,0,1.0,1,0,0,3,snapshot_20150919T025947Z
290356,10,10,0,1.0,1,0,0,8,snapshot_20150919T025947Z
290528,6,6,0,1.0,1,0,0,4,snapshot_20150919T025947Z
290565,7,6,1,0.8571428571428571,1,0,0,5,snapshot_20150919T025947Z
290976,2,2,0,1.0,1,1,0,0,snapshot_20150919T025947Z
291195,7,5,2,0.7142857142857143,1,0,0,5,snapshot_20150919T025947Z
291283,7,7,0,1.0,1,0,0,3,snapshot_20150919T025947Z
291284,6,1,5,0.16666666666666666,1,0,0,4,snapshot_20150919T025947Z
291285,2,2,0,1.0,1,1,0,0,snapshot_20150919T025947Z
291472,14,8,6,0.5714285714285714,1,0,0,10,snapshot_20150919T025947Z
291482,6,5,1,0.8333333333333334,1,0,0,1,snapshot_20150919T025947Z
291938,3,0,3,0.0,0,0,1,1,snapshot_20150919T025947Z
291984,4,4,0,1.0,1,0,0,2,snapshot_20150919T025947Z
292065,3,0,3,0.0,0,0,1,1,snapshot_20150919T025947Z
292102,16,16,0,1.0,1,0,0,7,snapshot_20150919T025947Z
292344,57,56,1,0.9824561403508771,1,0,0,53,snapshot_20150919T025947Z
292365,8,0,8,0.0,0,0,1,4,snapshot_20150919T025947Z
292466,8,1,7,0.125,1,0,0,6,snapshot_20150919T025947Z
292675,11,0,11,0.0,0,0,1,9,snapshot_20150919T025947Z
292706,8,8,0,1.0,1,0,0,4,snapshot_20150919T025947Z
292806,4,4,0,1.0,1,0,0,2,snapshot_20150919T025947Z
293077,15,14,1,0.9333333333333333,1,0,0,12,snapshot_20150919T025947Z
293206,6,4,2,0.6666666666666666,1,0,0,4,snapshot_20150919T025947Z
293501,4,4,0,1.0,1,0,0,2,snapshot_20150919T025947Z
293600,6,6,0,1.0,1,0,0,4,snapshot_20150919T025947Z
294027,3,3,0,1.0,1,0,0,1,snapshot_20150919T025947Z
294088,31,21,10,0.6774193548387096,1,0,0,27,snapshot_20150919T025947Z
294152,4,4,0,1.0,1,0,0,2,snapshot_20150919T025947Z
294255,23,23,0,1.0,1,0,0,13,snapshot_20150919T025947Z
294269,2,2,0,1.0,1,0,0,1,snapshot_20150919T025947Z
294308,6,6,0,1.0,1,0,0,2,snapshot_20150919T025947Z
294377,25,4,21,0.16,1,0,0,24,snapshot_20150919T025947Z
294572,17,17,0,1.0,1,0,0,15,snapshot_20150919T025947Z
294613,2,2,0,1.0,1,1,0,0,snapshot_20150919T025947Z
294706,3,3,0,1.0,1,0,0,2,snapshot_20150919T025947Z
294970,4,3,1,0.75,1,0,0,2,snapshot_20150919T025947Z
294978,5,5,0,1.0,1,0,0,3,snapshot_20150919T025947Z
294981,4,4,0,1.0,1,0,0,2,snapshot_20150919T025947Z
295158,29,14,15,0.4827586206896552,1,0,0,21,snapshot_20150919T025947Z
295182,4,0,4,0.0,0,0,1,2,snapshot_20150919T025947Z
295185,4,0,4,0.0,0,0,1,3,snapshot_20150919T025947Z
295217,4,0,4,0.0,0,0,1,2,snapshot_20150919T025947Z
295220,36,29,7,0.8055555555555556,1,0,0,33,snapshot_20150919T025947Z
295358,5,5,0,1.0,1,0,0,2,snapshot_20150919T025947Z
295384,34,32,2,0.9411764705882353,1,0,0,32,snapshot_20150919T025947Z
295435,9,9,0,1.0,1,0,0,7,snapshot_20150919T025947Z
295588,45,43,2,0.9555555555555556,1,0,0,41,snapshot_20150919T025947Z
295727,36,36,0,1.0,1,0,0,34,snapshot_20150919T025947Z
295742,11,11,0,1.0,1,0,0,9,snapshot_20150919T025947Z
296024,5,5,0,1.0,1,0,0,3,snapshot_20150919T025947Z
296167,6,4,2,0.6666666666666666,1,0,0,4,snapshot_20150919T025947Z
296218,4,4,0,1.0,1,0,0,2,snapshot_20150919T025947Z
296267,3,3,0,1.0,1,0,0,1,snapshot_20150919T025947Z
296401,13,13,0,1.0,1,0,0,9,snapshot_20150919T025947Z
296424,13,0,13,0.0,0,0,1,11,snapshot_20150919T025947Z
296431,73,65,8,0.8904109589041096,1,0,0,71,snapshot_20150919T025947Z
296575,8,8,0,1.0,1,0,0,3,snapshot_20150919T025947Z
296577,9,6,3,0.6666666666666666,1,0,0,5,snapshot_20150919T025947Z
296947,5,2,3,0.4,1,0,0,3,snapshot_20150919T025947Z
297008,3,3,0,1.0,1,0,0,1,snapshot_20150919T025947Z
297120,12,0,12,0.0,0,0,1,8,snapshot_20150919T025947Z
297634,22,22,0,1.0,1,0,0,20,snapshot_20150919T025947Z
297639,6,4,2,0.6666666666666666,1,0,0,4,snapshot_20150919T025947Z
297795,4,4,0,1.0,1,0,0,2,snapshot_20150919T025947Z
297868,3,3,0,1.0,1,0,0,1,snapshot_20150919T025947Z
298070,3,3,0,1.0,1,0,0,1,snapshot_20150919T025947Z
298140,2,2,0,1.0,1,1,0,0,snapshot_20150919T025947Z
298235,3,3,0,1.0,1,0,0,1,snapshot_20150919T025947Z
298508,7,7,0,1.0,1,0,0,3,snapshot_20150919T025947Z
298539,3,3,0,1.0,1,0,0,1,snapshot_20150919T025947Z
298911,7,7,0,1.0,1,0,0,5,snapshot_20150919T025947Z
299049,5,1,4,0.2,1,0,0,4,snapshot_20150919T025947Z
299094,7,1,6,0.14285714285714285,1,0,0,5,snapshot_20150919T025947Z
299259,3,3,0,1.0,1,0,0,1,snapshot_20150919T025947Z
299518,2,0,2,0.0,0,0,1,1,snapshot_20150919T025947Z
299636,2,2,0,1.0,1,0,0,1,snapshot_20150919T025947Z
299720,22,16,6,0.7272727272727273,1,0,0,14,snapshot_20150919T025947Z
299845,18,18,0,1.0,1,0,0,16,snapshot_20150919T025947Z
300055,7,7,0,1.0,1,0,0,4,snapshot_20150919T025947Z
300118,7,7,0,1.0,1,0,0,5,snapshot_20150919T025947Z
300210,2,2,0,1.0,1,0,0,1,snapshot_20150919T025947Z
300259,7,4,3,0.5714285714285714,1,0,0,5,snapshot_20150919T025947Z
300272,3,3,0,1.0,1,0,0,1,snapshot_20150919T025947Z
300311,3,0,3,0.0,0,0,1,2,snapshot_20150919T025947Z
300384,4,4,0,1.0,1,0,0,2,snapshot_20150919T025947Z
300421,3,3,0,1.0,1,0,0,1,snapshot_20150919T025947Z
300506,3,3,0,1.0,1,0,0,2,snapshot_20150919T025947Z
300882,3,0,3,0.0,0,0,1,1,snapshot_20150919T025947Z
300941,6,5,1,0.8333333333333334,1,0,0,4,snapshot_20150919T025947Z
301177,3,3,0,1.0,1,0,0,1,snapshot_20150919T025947Z
301189,16,16,0,1.0,1,0,0,14,snapshot_20150919T025947Z
301201,7,7,0,1.0,1,0,0,5,snapshot_20150919T025947Z
301341,4,4,0,1.0,1,0,0,2,snapshot_20150919T025947Z
301487,3,3,0,1.0,1,0,0,1,snapshot_20150919T025947Z
301496,19,17,2,0.8947368421052632,1,0,0,11,snapshot_20150919T025947Z
301846,15,1,14,0.06666666666666667,1,0,0,13,snapshot_20150919T025947Z
302022,3,3,0,1.0,1,0,0,2,snapshot_20150919T025947Z
302094,5,4,1,0.8,1,0,0,3,snapshot_20150919T025947Z
302183,10,10,0,1.0,1,0,0,7,snapshot_20150919T025947Z
302190,10,10,0,1.0,1,0,0,6,snapshot_20150919T025947Z
302394,4,4,0,1.0,1,0,0,2,snapshot_20150919T025947Z
302488,5,5,0,1.0,1,0,0,3,snapshot_20150919T025947Z
302544,4,1,3,0.25,1,0,0,2,snapshot_20150919T025947Z
302769,26,6,20,0.23076923076923078,1,0,0,19,snapshot_20150919T025947Z
303083,10,10,0,1.0,1,0,0,6,snapshot_20150919T025947Z
303100,10,9,1,0.9,1,0,0,8,snapshot_20150919T025947Z
303182,3,3,0,1.0,1,0,0,1,snapshot_20150919T025947Z
303244,2,2,0,1.0,1,1,0,0,snapshot_20150919T025947Z
303381,356,335,21,0.9410112359550562,1,0,0,241,snapshot_20150919T025947Z
303406,7,7,0,1.0,1,0,0,5,snapshot_20150919T025947Z
303412,20,20,0,1.0,1,0,0,7,snapshot_20150919T025947Z
303436,3,3,0,1.0,1,0,0,1,snapshot_20150919T025947Z
303466,36,17,19,0.4722222222222222,1,0,0,34,snapshot_20150919T025947Z
303469,6,3,3,0.5,1,0,0,3,snapshot_20150919T025947Z
303480,26,26,0,1.0,1,0,0,25,snapshot_20150919T025947Z
303586,9,5,4,0.5555555555555556,1,0,0,7,snapshot_20150919T025947Z
303706,10,10,0,1.0,1,0,0,8,snapshot_20150919T025947Z
304325,26,25,1,0.9615384615384616,1,0,0,23,snapshot_20150919T025947Z
304328,7,7,0,1.0,1,0,0,6,snapshot_20150919T025947Z
304654,3,0,3,0.0,0,0,1,2,snapshot_20150919T025947Z
304854,4,4,0,1.0,1,0,0,2,snapshot_20150919T025947Z
304883,13,13,0,1.0,1,0,0,9,snapshot_20150919T025947Z
305234,4,0,4,0.0,0,0,1,2,snapshot_20150919T025947Z
305404,10,0,10,0.0,0,0,1,6,snapshot_20150919T025947Z
305493,7,3,4,0.42857142857142855,1,0,0,3,snapshot_20150919T025947Z
305506,16,16,0,1.0,1,0,0,14,snapshot_20150919T025947Z
305782,6,6,0,1.0,1,0,0,4,snapshot_20150919T025947Z
305819,3,3,0,1.0,1,0,0,1,snapshot_20150919T025947Z
306049,10,10,0,1.0,1,0,0,8,snapshot_20150919T025947Z
306294,4,4,0,1.0,1,0,0,2,snapshot_20150919T025947Z
306462,6,6,0,1.0,1,0,0,5,snapshot_20150919T025947Z
306586,9,9,0,1.0,1,0,0,6,snapshot_20150919T025947Z
306731,10,10,0,1.0,1,0,0,8,snapshot_20150919T025947Z
306738,5,5,0,1.0,1,0,0,3,snapshot_20150919T025947Z
306821,4,0,4,0.0,0,0,1,2,snapshot_20150919T025947Z
306887,10,4,6,0.4,1,0,0,8,snapshot_20150919T025947Z
307169,6,6,0,1.0,1,0,0,4,snapshot_20150919T025947Z
307264,29,29,0,1.0,1,0,0,27,snapshot_20150919T025947Z
307276,12,6,6,0.5,1,0,0,10,snapshot_20150919T025947Z
307488,3,3,0,1.0,1,0,0,1,snapshot_20150919T025947Z
307607,12,12,0,1.0,1,0,0,8,snapshot_20150919T025947Z
307781,4,4,0,1.0,1,0,0,2,snapshot_20150919T025947Z
307797,5,5,0,1.0,1,0,0,3,snapshot_20150919T025947Z
307943,3,3,0,1.0,1,0,0,1,snapshot_20150919T025947Z
308096,12,12,0,1.0,1,0,0,11,snapshot_20150919T025947Z
308204,6,3,3,0.5,1,0,0,5,snapshot_20150919T025947Z
308270,7,7,0,1.0,1,0,0,6,snapshot_20150919T025947Z
308342,6,0,6,0.0,0,0,1,4,snapshot_20150919T025947Z
308392,5,5,0,1.0,1,0,0,3,snapshot_20150919T025947Z
308421,16,16,0,1.0,1,0,0,7,snapshot_20150919T025947Z
308437,3,3,0,1.0,1,0,0,1,snapshot_20150919T025947Z
308506,16,14,2,0.875,1,0,0,14,snapshot_20150919T025947Z
308563,60,60,0,1.0,1,0,0,59,snapshot_20150919T025947Z
308565,9,9,0,1.0,1,0,0,7,snapshot_20150919T025947Z
308623,3,3,0,1.0,1,0,0,1,snapshot_20150919T025947Z
308817,8,5,3,0.625,1,0,0,7,snapshot_20150919T025947Z
308859,5,5,0,1.0,1,0,0,3,snapshot_20150919T025947Z
309192,7,7,0,1.0,1,0,0,5,snapshot_20150919T025947Z
309265,7,7,0,1.0,1,0,0,5,snapshot_20150919T025947Z
309435,38,22,16,0.5789473684210527,1,0,0,36,snapshot_20150919T025947Z
309647,7,6,1,0.8571428571428571,1,0,0,5,snapshot_20150919T025947Z
309763,34,34,0,1.0,1,0,0,28,snapshot_20150919T025947Z
309843,3,3,0,1.0,1,0,0,1,snapshot_20150919T025947Z
309864,2,2,0,1.0,1,1,0,0,snapshot_20150919T025947Z
309939,13,5,8,0.38461538461538464,1,0,0,12,snapshot_20150919T025947Z
310032,6,6,0,1.0,1,0,0,2,snapshot_20150919T025947Z
310277,11,11,0,1.0,1,0,0,8,snapshot_20150919T025947Z
310326,4,4,0,1.0,1,0,0,2,snapshot_20150919T025947Z
310353,19,1,18,0.05263157894736842,1,0,0,16,snapshot_20150919T025947Z
310425,5,5,0,1.0,1,0,0,3,snapshot_20150919T025947Z
310432,10,10,0,1.0,1,0,0,8,snapshot_20150919T025947Z
310500,22,18,4,0.8181818181818182,1,0,0,20,snapshot_20150919T025947Z
310685,10,6,4,0.6,1,0,0,4,snapshot_20150919T025947Z
310748,9,9,0,1.0,1,0,0,7,snapshot_20150919T025947Z
310789,3,3,0,1.0,1,0,0,1,snapshot_20150919T025947Z
310867,7,7,0,1.0,1,0,0,5,snapshot_20150919T025947Z
310883,3,3,0,1.0,1,0,0,1,snapshot_20150919T025947Z
311205,140,70,70,0.5,1,0,0,111,snapshot_20150919T025947Z
311402,5,5,0,1.0,1,0,0,3,snapshot_20150919T025947Z
311522,14,14,0,1.0,1,0,0,13,snapshot_20150919T025947Z
311640,7,7,0,1.0,1,0,0,5,snapshot_20150919T025947Z
311886,10,10,0,1.0,1,0,0,7,snapshot_20150919T025947Z
312000,25,25,0,1.0,1,0,0,23,snapshot_20150919T025947Z
312036,8,8,0,1.0,1,0,0,6,snapshot_20150919T025947Z
312082,4,4,0,1.0,1,0,0,2,snapshot_20150919T025947Z
312100,4,4,0,1.0,1,0,0,2,snapshot_20150919T025947Z
312164,5,5,0,1.0,1,0,0,3,snapshot_20150919T025947Z
312233,3,3,0,1.0,1,0,0,1,snapshot_20150919T025947Z
312459,16,16,0,1.0,1,0,0,12,snapshot_20150919T025947Z
312582,10,10,0,1.0,1,0,0,2,snapshot_20150919T025947Z
312587,5,5,0,1.0,1,0,0,4,snapshot_20150919T025947Z
312771,13,13,0,1.0,1,0,0,10,snapshot_20150919T025947Z
312976,2,2,0,1.0,1,1,0,0,snapshot_20150919T025947Z
313075,4,3,1,0.75,1,0,0,2,snapshot_20150919T025947Z
313138,3,0,3,0.0,0,0,1,1,snapshot_20150919T025947Z
313179,5,5,0,1.0,1,0,0,3,snapshot_20150919T025947Z
313267,14,14,0,1.0,1,0,0,12,snapshot_20150919T025947Z
313346,3,3,0,1.0,1,0,0,1,snapshot_20150919T025947Z
313350,3,3,0,1.0,1,0,0,1,snapshot_20150919T025947Z
313563,8,8,0,1.0,1,0,0,6,snapshot_20150919T025947Z
314377,4,4,0,1.0,1,0,0,2,snapshot_20150919T025947Z
314388,5,5,0,1.0,1,0,0,3,snapshot_20150919T025947Z
314475,11,11,0,1.0,1,0,0,9,snapshot_20150919T025947Z
314555,3,3,0,1.0,1,0,0,1,snapshot_20150919T025947Z
314683,6,6,0,1.0,1,0,0,4,snapshot_20150919T025947Z
314747,5,5,0,1.0,1,0,0,3,snapshot_20150919T025947Z
314809,23,9,14,0.391304347826087,1,0,0,20,snapshot_20150919T025947Z
315018,6,6,0,1.0,1,0,0,4,snapshot_20150919T025947Z
315028,5,5,0,1.0,1,0,0,3,snapshot_20150919T025947Z
315252,5,4,1,0.8,1,0,0,3,snapshot_20150919T025947Z
315490,13,13,0,1.0,1,0,0,11,snapshot_20150919T025947Z
315721,2,2,0,1.0,1,0,0,1,snapshot_20150919T025947Z
315753,15,15,0,1.0,1,0,0,13,snapshot_20150919T025947Z
315951,5,3,2,0.6,1,0,0,3,snapshot_20150919T025947Z
316041,4,4,0,1.0,1,0,0,3,snapshot_20150919T025947Z
316151,7,7,0,1.0,1,0,0,4,snapshot_20150919T025947Z
316213,30,23,7,0.7666666666666667,1,0,0,23,snapshot_20150919T025947Z
316216,10,10,0,1.0,1,0,0,8,snapshot_20150919T025947Z
316850,1752,1197,555,0.6832191780821918,1,0,0,1684,snapshot_20150919T025947Z
316968,8,8,0,1.0,1,0,0,5,snapshot_20150919T025947Z
317190,22,22,0,1.0,1,0,0,20,snapshot_20150919T025947Z
317198,8,8,0,1.0,1,0,0,6,snapshot_20150919T025947Z
317233,21,21,0,1.0,1,0,0,17,snapshot_20150919T025947Z
317553,3,3,0,1.0,1,0,0,1,snapshot_20150919T025947Z
317601,4,4,0,1.0,1,0,0,2,snapshot_20150919T025947Z
317833,27,27,0,1.0,1,0,0,22,snapshot_20150919T025947Z
317906,5,5,0,1.0,1,1,0,0,snapshot_20150919T025947Z
318197,4,4,0,1.0,1,0,0,2,snapshot_20150919T025947Z
318471,3,3,0,1.0,1,0,0,1,snapshot_20150919T025947Z
318506,14,0,14,0.0,0,0,1,11,snapshot_20150919T025947Z
318843,5,5,0,1.0,1,0,0,2,snapshot_20150919T025947Z
319380,19,3,16,0.15789473684210525,1,0,0,16,snapshot_20150919T025947Z
319457,4,4,0,1.0,1,0,0,2,snapshot_20150919T025947Z
319468,4,0,4,0.0,0,0,1,2,snapshot_20150919T025947Z
319482,14,7,7,0.5,1,0,0,7,snapshot_20150919T025947Z
319880,5,5,0,1.0,1,0,0,3,snapshot_20150919T025947Z
320097,6,5,1,0.8333333333333334,1,0,0,4,snapshot_20150919T025947Z
320142,24,24,0,1.0,1,0,0,18,snapshot_20150919T025947Z
320192,23,23,0,1.0,1,0,0,21,snapshot_20150919T025947Z
320195,3,3,0,1.0,1,0,0,1,snapshot_20150919T025947Z
320205,6,6,0,1.0,1,0,0,4,snapshot_20150919T025947Z
320272,5,5,0,1.0,1,0,0,2,snapshot_20150919T025947Z
320434,10,7,3,0.7,1,0,0,5,snapshot_20150919T025947Z
320547,16,16,0,1.0,1,0,0,11,snapshot_20150919T025947Z
320626,3,3,0,1.0,1,1,0,0,snapshot_20150919T025947Z
320871,11,0,11,0.0,0,0,1,9,snapshot_20150919T025947Z
320928,11,11,0,1.0,1,0,0,9,snapshot_20150919T025947Z
320993,9,8,1,0.8888888888888888,1,0,0,6,snapshot_20150919T025947Z
321061,22,20,2,0.9090909090909091,1,0,0,14,snapshot_20150919T025947Z
321109,3,0,3,0.0,0,0,1,1,snapshot_20150919T025947Z
321381,98,86,12,0.8775510204081632,1,0,0,94,snapshot_20150919T025947Z
321418,6,2,4,0.3333333333333333,1,0,0,4,snapshot_20150919T025947Z
321452,9,8,1,0.8888888888888888,1,0,0,7,snapshot_20150919T025947Z
321555,3,3,0,1.0,1,0,0,2,snapshot_20150919T025947Z
321571,10,10,0,1.0,1,0,0,8,snapshot_20150919T025947Z
321577,15,15,0,1.0,1,0,0,11,snapshot_20150919T025947Z
321588,3,3,0,1.0,1,0,0,1,snapshot_20150919T025947Z
321756,2,0,2,0.0,0,0,1,1,snapshot_20150919T025947Z
321766,33,32,1,0.9696969696969697,1,0,0,31,snapshot_20150919T025947Z
321851,4,4,0,1.0,1,0,0,2,snapshot_20150919T025947Z
322055,3,0,3,0.0,0,0,1,1,snapshot_20150919T025947Z
322310,10,10,0,1.0,1,0,0,6,snapshot_20150919T025947Z
322355,6,6,0,1.0,1,0,0,4,snapshot_20150919T025947Z
322407,42,33,9,0.7857142857142857,1,0,0,39,snapshot_20150919T025947Z
322411,3,3,0,1.0,1,0,0,2,snapshot_20150919T025947Z
322645,7,7,0,1.0,1,0,0,5,snapshot_20150919T025947Z
322733,3,3,0,1.0,1,0,0,1,snapshot_20150919T025947Z
322871,14,14,0,1.0,1,0,0,9,snapshot_20150919T025947Z
323143,4,0,4,0.0,0,0,1,2,snapshot_20150919T025947Z
323221,4,0,4,0.0,0,0,1,2,snapshot_20150919T025947Z
323507,8,8,0,1.0,1,0,0,3,snapshot_20150919T025947Z
323687,16,12,4,0.75,1,0,0,10,snapshot_20150919T025947Z
323691,3,3,0,1.0,1,0,0,1,snapshot_20150919T025947Z
323896,4,4,0,1.0,1,0,0,2,snapshot_20150919T025947Z
323945,3,3,0,1.0,1,0,0,1,snapshot_20150919T025947Z
324330,56,46,10,0.8214285714285714,1,0,0,54,snapshot_20150919T025947Z
324620,5,5,0,1.0,1,0,0,3,snapshot_20150919T025947Z
324681,12,12,0,1.0,1,0,0,10,snapshot_20150919T025947Z
325061,3,0,3,0.0,0,0,1,2,snapshot_20150919T025947Z
325157,8,8,0,1.0,1,0,0,6,snapshot_20150919T025947Z
325188,6,5,1,0.8333333333333334,1,0,0,4,snapshot_20150919T025947Z
325190,5,5,0,1.0,1,0,0,3,snapshot_20150919T025947Z
325393,27,13,14,0.48148148148148145,1,0,0,25,snapshot_20150919T025947Z
325589,3,3,0,1.0,1,0,0,1,snapshot_20150919T025947Z
325641,5,5,0,1.0,1,0,0,3,snapshot_20150919T025947Z
325687,7,7,0,1.0,1,0,0,3,snapshot_20150919T025947Z
325833,13,8,5,0.6153846153846154,1,0,0,6,snapshot_20150919T025947Z
326049,16,16,0,1.0,1,0,0,11,snapshot_20150919T025947Z
326233,3,3,0,1.0,1,0,0,1,snapshot_20150919T025947Z
326274,3,0,3,0.0,0,0,1,1,snapshot_20150919T025947Z
326304,11,11,0,1.0,1,0,0,9,snapshot_20150919T025947Z
326595,5,5,0,1.0,1,0,0,3,snapshot_20150919T025947Z
326689,3,3,0,1.0,1,0,0,1,snapshot_20150919T025947Z
327031,13,13,0,1.0,1,0,0,7,snapshot_20150919T025947Z
327094,22,5,17,0.22727272727272727,1,0,0,19,snapshot_20150919T025947Z
327098,3,3,0,1.0,1,0,0,1,snapshot_20150919T025947Z
327302,3,3,0,1.0,1,0,0,1,snapshot_20150919T025947Z
327372,4,4,0,1.0,1,0,0,2,snapshot_20150919T025947Z
327414,18,14,4,0.7777777777777778,1,0,0,13,snapshot_20150919T025947Z
327437,73,48,25,0.6575342465753424,1,0,0,65,snapshot_20150919T025947Z
327493,4,0,4,0.0,0,0,1,2,snapshot_20150919T025947Z
327548,2,2,0,1.0,1,1,0,0,snapshot_20150919T025947Z
327581,3,1,2,0.3333333333333333,1,0,0,1,snapshot_20150919T025947Z
327687,6,6,0,1.0,1,0,0,2,snapshot_20150919T025947Z
327734,4,4,0,1.0,1,0,0,2,snapshot_20150919T025947Z
327932,4,4,0,1.0,1,0,0,2,snapshot_20150919T025947Z
328055,11,11,0,1.0,1,1,0,0,snapshot_20150919T025947Z
328126,2,2,0,1.0,1,1,0,0,snapshot_20150919T025947Z
328219,5,0,5,0.0,0,0,1,1,snapshot_20150919T025947Z
328309,1,1,0,1.0,1,1,0,0,snapshot_20150919T025947Z
328322,5,5,0,1.0,1,0,0,2,snapshot_20150919T025947Z
328364,4,4,0,1.0,1,0,0,2,snapshot_20150919T025947Z
328466,3,0,3,0.0,0,0,1,1,snapshot_20150919T025947Z
328736,14,14,0,1.0,1,0,0,10,snapshot_20150919T025947Z
328795,15,15,0,1.0,1,0,0,13,snapshot_20150919T025947Z
328911,10,10,0,1.0,1,0,0,8,snapshot_20150919T025947Z
329044,6,6,0,1.0,1,0,0,4,snapshot_20150919T025947Z
329154,11,11,0,1.0,1,0,0,10,snapshot_20150919T025947Z
329190,29,29,0,1.0,1,0,0,25,snapshot_20150919T025947Z
329317,28,28,0,1.0,1,0,0,18,snapshot_20150919T025947Z
329397,8,7,1,0.875,1,0,0,5,snapshot_20150919T025947Z
329490,3,3,0,1.0,1,0,0,1,snapshot_20150919T025947Z
329879,27,4,23,0.14814814814814814,1,0,0,23,snapshot_20150919T025947Z
329963,10,10,0,1.0,1,0,0,8,snapshot_20150919T025947Z
330035,4,4,0,1.0,1,0,0,2,snapshot_20150919T025947Z
330222,6,6,0,1.0,1,0,0,4,snapshot_20150919T025947Z
330412,10,10,0,1.0,1,0,0,6,snapshot_20150919T025947Z
330418,9,5,4,0.5555555555555556,1,0,0,7,snapshot_20150919T025947Z
330461,7,7,0,1.0,1,0,0,5,snapshot_20150919T025947Z
330462,7,1,6,0.14285714285714285,1,0,0,5,snapshot_20150919T025947Z
330565,8,8,0,1.0,1,0,0,7,snapshot_20150919T025947Z
330628,3,3,0,1.0,1,0,0,1,snapshot_20150919T025947Z
330672,17,17,0,1.0,1,0,0,12,snapshot_20150919T025947Z
330675,12,2,10,0.16666666666666666,1,0,0,10,snapshot_20150919T025947Z
330865,36,36,0,1.0,1,0,0,15,snapshot_20150919T025947Z
330959,7,5,2,0.7142857142857143,1,0,0,5,snapshot_20150919T025947Z
331000,4,4,0,1.0,1,0,0,3,snapshot_20150919T025947Z
331162,3,3,0,1.0,1,0,0,1,snapshot_20150919T025947Z
331270,9,9,0,1.0,1,0,0,3,snapshot_20150919T025947Z
331366,67,66,1,0.9850746268656716,1,0,0,61,snapshot_20150919T025947Z
331610,1,1,0,1.0,1,1,0,0,snapshot_20150919T025947Z
331639,4,4,0,1.0,1,0,0,2,snapshot_20150919T025947Z
331673,9,9,0,1.0,1,0,0,4,snapshot_20150919T025947Z
331713,4,3,1,0.75,1,0,0,3,snapshot_20150919T025947Z
331807,14,4,10,0.2857142857142857,1,0,0,12,snapshot_20150919T025947Z
331815,3,0,3,0.0,0,0,1,1,snapshot_20150919T025947Z
331925,70,69,1,0.9857142857142858,1,0,0,43,snapshot_20150919T025947Z
331980,28,26,2,0.9285714285714286,1,0,0,26,snapshot_20150919T025947Z
332225,4,4,0,1.0,1,0,0,2,snapshot_20150919T025947Z
332232,4,4,0,1.0,1,0,0,2,snapshot_20150919T025947Z
332997,3,3,0,1.0,1,0,0,1,snapshot_20150919T025947Z
333147,3,3,0,1.0,1,0,0,1,snapshot_20150919T025947Z
333296,19,19,0,1.0,1,0,0,11,snapshot_20150919T025947Z
333607,28,28,0,1.0,1,0,0,26,snapshot_20150919T025947Z
333746,5,5,0,1.0,1,0,0,1,snapshot_20150919T025947Z
334079,17,16,1,0.9411764705882353,1,0,0,16,snapshot_20150919T025947Z
334292,3,3,0,1.0,1,0,0,1,snapshot_20150919T025947Z
334469,4,4,0,1.0,1,0,0,1,snapshot_20150919T025947Z
334471,50,44,6,0.88,1,0,0,43,snapshot_20150919T025947Z
334518,18,18,0,1.0,1,0,0,15,snapshot_20150919T025947Z
334686,9,9,0,1.0,1,0,0,3,snapshot_20150919T025947Z
334690,10,10,0,1.0,1,0,0,4,snapshot_20150919T025947Z
334748,15,15,0,1.0,1,0,0,14,snapshot_20150919T025947Z
334971,3,3,0,1.0,1,0,0,1,snapshot_20150919T025947Z
335184,3,3,0,1.0,1,0,0,1,snapshot_20150919T025947Z
335188,10,4,6,0.4,1,0,0,8,snapshot_20150919T025947Z
335297,8,6,2,0.75,1,0,0,6,snapshot_20150919T025947Z
335628,8,7,1,0.875,1,0,0,6,snapshot_20150919T025947Z
335768,7,6,1,0.8571428571428571,1,0,0,5,snapshot_20150919T025947Z
336088,6,0,6,0.0,0,0,1,4,snapshot_20150919T025947Z
336149,5,5,0,1.0,1,0,0,2,snapshot_20150919T025947Z
336290,8,6,2,0.75,1,0,0,4,snapshot_20150919T025947Z
336360,10,10,0,1.0,1,0,0,6,snapshot_20150919T025947Z
336577,7,4,3,0.5714285714285714,1,0,0,5,snapshot_20150919T025947Z
336596,3,3,0,1.0,1,0,0,1,snapshot_20150919T025947Z
336757,9,9,0,1.0,1,0,0,7,snapshot_20150919T025947Z
336940,37,37,0,1.0,1,0,0,35,snapshot_20150919T025947Z
337282,4,4,0,1.0,1,0,0,2,snapshot_20150919T025947Z
337316,3,3,0,1.0,1,0,0,1,snapshot_20150919T025947Z
337338,4,4,0,1.0,1,0,0,2,snapshot_20150919T025947Z
337411,5,0,5,0.0,0,0,1,3,snapshot_20150919T025947Z
337718,2,2,0,1.0,1,0,0,1,snapshot_20150919T025947Z
337843,43,40,3,0.9302325581395349,1,0,0,38,snapshot_20150919T025947Z
338364,18,2,16,0.1111111111111111,1,0,0,16,snapshot_20150919T025947Z
338429,3,3,0,1.0,1,0,0,1,snapshot_20150919T025947Z
338801,7,7,0,1.0,1,0,0,5,snapshot_20150919T025947Z
338911,5,5,0,1.0,1,0,0,1,snapshot_20150919T025947Z
339526,117,117,0,1.0,1,0,0,62,snapshot_20150919T025947Z
339765,4,0,4,0.0,0,0,1,2,snapshot_20150919T025947Z
339811,4,4,0,1.0,1,0,0,2,snapshot_20150919T025947Z
339944,10,10,0,1.0,1,0,0,8,snapshot_20150919T025947Z
340001,10,2,8,0.2,1,0,0,6,snapshot_20150919T025947Z
340007,4,4,0,1.0,1,0,0,2,snapshot_20150919T025947Z
340182,13,11,2,0.8461538461538461,1,0,0,9,snapshot_20150919T025947Z
340196,3,3,0,1.0,1,0,0,1,snapshot_20150919T025947Z
340689,13,13,0,1.0,1,0,0,11,snapshot_20150919T025947Z
340753,74,74,0,1.0,1,0,0,70,snapshot_20150919T025947Z
340941,4,4,0,1.0,1,0,0,2,snapshot_20150919T025947Z
341098,9,9,0,1.0,1,0,0,7,snapshot_20150919T025947Z
341179,4,4,0,1.0,1,0,0,2,snapshot_20150919T025947Z
341188,9,0,9,0.0,0,0,1,7,snapshot_20150919T025947Z
341195,7,0,7,0.0,0,0,1,5,snapshot_20150919T025947Z
341353,7,7,0,1.0,1,0,0,5,snapshot_20150919T025947Z
341418,3,3,0,1.0,1,0,0,1,snapshot_20150919T025947Z
341443,13,13,0,1.0,1,0,0,7,snapshot_20150919T025947Z
341476,5,2,3,0.4,1,0,0,3,snapshot_20150919T025947Z
341714,3,3,0,1.0,1,0,0,1,snapshot_20150919T025947Z
341900,89,83,6,0.9325842696629213,1,0,0,80,snapshot_20150919T025947Z
342236,5,4,1,0.8,1,0,0,4,snapshot_20150919T025947Z
342244,3,3,0,1.0,1,0,0,1,snapshot_20150919T025947Z
342306,17,11,6,0.6470588235294118,1,0,0,12,snapshot_20150919T025947Z
342381,4,4,0,1.0,1,0,0,1,snapshot_20150919T025947Z
342540,11,11,0,1.0,1,0,0,9,snapshot_20150919T025947Z
342640,4,4,0,1.0,1,0,0,1,snapshot_20150919T025947Z
342707,22,4,18,0.18181818181818182,1,0,0,18,snapshot_20150919T025947Z
343016,6,6,0,1.0,1,0,0,4,snapshot_20150919T025947Z
343137,398,331,67,0.8316582914572864,1,0,0,394,snapshot_20150919T025947Z
343221,9,9,0,1.0,1,0,0,7,snapshot_20150919T025947Z
343270,14,13,1,0.9285714285714286,1,0,0,12,snapshot_20150919T025947Z
343274,3,3,0,1.0,1,0,0,1,snapshot_20150919T025947Z
343283,6,6,0,1.0,1,0,0,4,snapshot_20150919T025947Z
343404,4,3,1,0.75,1,0,0,2,snapshot_20150919T025947Z
343412,3,3,0,1.0,1,0,0,1,snapshot_20150919T025947Z
343559,23,18,5,0.782608695652174,1,0,0,15,snapshot_20150919T025947Z
343659,78,78,0,1.0,1,0,0,77,snapshot_20150919T025947Z
343835,3,3,0,1.0,1,0,0,1,snapshot_20150919T025947Z
343950,7,6,1,0.8571428571428571,1,0,0,5,snapshot_20150919T025947Z
344013,4,4,0,1.0,1,0,0,2,snapshot_20150919T025947Z
344271,4,4,0,1.0,1,0,0,3,snapshot_20150919T025947Z
344293,14,12,2,0.8571428571428571,1,0,0,9,snapshot_20150919T025947Z
344688,2,2,0,1.0,1,1,0,0,snapshot_20150919T025947Z
344727,15,12,3,0.8,1,0,0,11,snapshot_20150919T025947Z
344959,4,0,4,0.0,0,0,1,1,snapshot_20150919T025947Z
345160,34,34,0,1.0,1,0,0,30,snapshot_20150919T025947Z
345244,9,9,0,1.0,1,0,0,4,snapshot_20150919T025947Z
345276,226,186,40,0.8230088495575221,1,0,0,204,snapshot_20150919T025947Z
345425,10,10,0,1.0,1,0,0,8,snapshot_20150919T025947Z
345558,3,3,0,1.0,1,0,0,1,snapshot_20150919T025947Z
345560,22,22,0,1.0,1,0,0,20,snapshot_20150919T025947Z
345673,5,5,0,1.0,1,0,0,3,snapshot_20150919T025947Z
345781,8,0,8,0.0,0,0,1,6,snapshot_20150919T025947Z
345850,2,2,0,1.0,1,1,0,0,snapshot_20150919T025947Z
345939,3,3,0,1.0,1,0,0,1,snapshot_20150919T025947Z
346127,39,39,0,1.0,1,0,0,31,snapshot_20150919T025947Z
346132,13,13,0,1.0,1,0,0,6,snapshot_20150919T025947Z
346166,6,0,6,0.0,0,0,1,4,snapshot_20150919T025947Z
346276,4,4,0,1.0,1,0,0,2,snapshot_20150919T025947Z
346288,2,2,0,1.0,1,1,0,0,snapshot_20150919T025947Z
346346,7,6,1,0.8571428571428571,1,0,0,6,snapshot_20150919T025947Z
346366,9,9,0,1.0,1,0,0,7,snapshot_20150919T025947Z
346435,4,4,0,1.0,1,0,0,2,snapshot_20150919T025947Z
346453,4,4,0,1.0,1,0,0,2,snapshot_20150919T025947Z
346597,181,121,60,0.6685082872928176,1,0,0,158,snapshot_20150919T025947Z
346615,5,0,5,0.0,0,0,1,3,snapshot_20150919T025947Z
346657,3,3,0,1.0,1,0,0,1,snapshot_20150919T025947Z
346760,5,5,0,1.0,1,0,0,3,snapshot_20150919T025947Z
346832,3,3,0,1.0,1,0,0,1,snapshot_20150919T025947Z
346862,9,9,0,1.0,1,0,0,4,snapshot_20150919T025947Z
346907,13,11,2,0.8461538461538461,1,0,0,11,snapshot_20150919T025947Z
346981,10,9,1,0.9,1,0,0,8,snapshot_20150919T025947Z
347176,8,8,0,1.0,1,0,0,6,snapshot_20150919T025947Z
347354,5,0,5,0.0,0,0,1,3,snapshot_20150919T025947Z
347454,4,4,0,1.0,1,0,0,2,snapshot_20150919T025947Z
347598,31,21,10,0.6774193548387096,1,0,0,18,snapshot_20150919T025947Z
347610,47,20,27,0.425531914893617,1,0,0,32,snapshot_20150919T025947Z
347686,11,11,0,1.0,1,0,0,9,snapshot_20150919T025947Z
347697,3,3,0,1.0,1,0,0,1,snapshot_20150919T025947Z
347756,13,8,5,0.6153846153846154,1,0,0,9,snapshot_20150919T025947Z
347814,5,5,0,1.0,1,0,0,3,snapshot_20150919T025947Z
347819,3,0,3,0.0,0,1,1,0,snapshot_20150919T025947Z
347937,8,7,1,0.875,1,0,0,6,snapshot_20150919T025947Z
347953,3,3,0,1.0,1,0,0,1,snapshot_20150919T025947Z
347996,4,4,0,1.0,1,0,0,2,snapshot_20150919T025947Z
348025,5,5,0,1.0,1,0,0,3,snapshot_20150919T025947Z
348159,3,3,0,1.0,1,0,0,1,snapshot_20150919T025947Z
348256,3,3,0,1.0,1,0,0,1,snapshot_20150919T025947Z
348399,6,6,0,1.0,1,0,0,3,snapshot_20150919T025947Z
348484,13,6,7,0.46153846153846156,1,0,0,10,snapshot_20150919T025947Z
348579,9,9,0,1.0,1,0,0,7,snapshot_20150919T025947Z
348755,3,3,0,1.0,1,0,0,1,snapshot_20150919T025947Z
348983,7,7,0,1.0,1,0,0,1,snapshot_20150919T025947Z
348985,3,3,0,1.0,1,0,0,2,snapshot_20150919T025947Z
349186,3,3,0,1.0,1,0,0,2,snapshot_20150919T025947Z
349352,3,3,0,1.0,1,0,0,1,snapshot_20150919T025947Z
349390,2,2,0,1.0,1,1,0,0,snapshot_20150919T025947Z
349686,4,1,3,0.25,1,0,0,2,snapshot_20150919T025947Z
349713,15,15,0,1.0,1,0,0,11,snapshot_20150919T025947Z
349879,3,0,3,0.0,0,1,1,0,snapshot_20150919T025947Z
350026,15,15,0,1.0,1,0,0,12,snapshot_20150919T025947Z
350045,5,5,0,1.0,1,0,0,3,snapshot_20150919T025947Z
350176,3,3,0,1.0,1,0,0,1,snapshot_20150919T025947Z
350453,4,4,0,1.0,1,0,0,2,snapshot_20150919T025947Z
350566,1524,708,816,0.4645669291338583,1,0,0,1276,snapshot_20150919T025947Z
350678,5,5,0,1.0,1,0,0,4,snapshot_20150919T025947Z
350733,11,11,0,1.0,1,0,0,9,snapshot_20150919T025947Z
350839,7,7,0,1.0,1,0,0,5,snapshot_20150919T025947Z
351199,5,5,0,1.0,1,0,0,2,snapshot_20150919T025947Z
351211,8,8,0,1.0,1,0,0,3,snapshot_20150919T025947Z
351630,2,2,0,1.0,1,1,0,0,snapshot_20150919T025947Z
351661,4,4,0,1.0,1,0,0,2,snapshot_20150919T025947Z
351730,16,14,2,0.875,1,0,0,13,snapshot_20150919T025947Z
351979,1,1,0,1.0,1,1,0,0,snapshot_20150919T025947Z
352193,3,0,3,0.0,0,0,1,1,snapshot_20150919T025947Z
353070,7,6,1,0.8571428571428571,1,0,0,5,snapshot_20150919T025947Z
353096,19,17,2,0.8947368421052632,1,0,0,18,snapshot_20150919T025947Z
353143,5,4,1,0.8,1,0,0,3,snapshot_20150919T025947Z
353262,4,2,2,0.5,1,0,0,2,snapshot_20150919T025947Z
353389,3,0,3,0.0,0,0,1,1,snapshot_20150919T025947Z
353643,9,9,0,1.0,1,0,0,7,snapshot_20150919T025947Z
353891,8,8,0,1.0,1,0,0,7,snapshot_20150919T025947Z
353930,3,3,0,1.0,1,0,0,1,snapshot_20150919T025947Z
354324,3,3,0,1.0,1,0,0,1,snapshot_20150919T025947Z
354368,6,6,0,1.0,1,0,0,4,snapshot_20150919T025947Z
354436,7,7,0,1.0,1,0,0,5,snapshot_20150919T025947Z
354447,11,10,1,0.9090909090909091,1,0,0,7,snapshot_20150919T025947Z
354554,8,8,0,1.0,1,0,0,3,snapshot_20150919T025947Z
354579,14,14,0,1.0,1,0,0,10,snapshot_20150919T025947Z
354660,5,5,0,1.0,1,0,0,2,snapshot_20150919T025947Z
354704,3,3,0,1.0,1,0,0,1,snapshot_20150919T025947Z
354751,2,2,0,1.0,1,0,0,1,snapshot_20150919T025947Z
354752,8,8,0,1.0,1,0,0,6,snapshot_20150919T025947Z
354764,4,4,0,1.0,1,0,0,2,snapshot_20150919T025947Z
354766,8,8,0,1.0,1,0,0,2,snapshot_20150919T025947Z
355053,4,4,0,1.0,1,0,0,2,snapshot_20150919T025947Z
355056,6,6,0,1.0,1,0,0,4,snapshot_20150919T025947Z
355146,9,6,3,0.6666666666666666,1,0,0,2,snapshot_20150919T025947Z
355297,5,5,0,1.0,1,0,0,3,snapshot_20150919T025947Z
355334,4,4,0,1.0,1,0,0,2,snapshot_20150919T025947Z
355392,5,5,0,1.0,1,0,0,4,snapshot_20150919T025947Z
355706,21,12,9,0.5714285714285714,1,0,0,18,snapshot_20150919T025947Z
355834,24,17,7,0.7083333333333334,1,0,0,14,snapshot_20150919T025947Z
355934,3,3,0,1.0,1,0,0,1,snapshot_20150919T025947Z
356231,12,11,1,0.9166666666666666,1,0,0,10,snapshot_20150919T025947Z
356300,4,4,0,1.0,1,0,0,1,snapshot_20150919T025947Z
356329,6,6,0,1.0,1,0,0,4,snapshot_20150919T025947Z
356340,3,3,0,1.0,1,0,0,1,snapshot_20150919T025947Z
356571,3,3,0,1.0,1,0,0,1,snapshot_20150919T025947Z
356818,12,12,0,1.0,1,0,0,8,snapshot_20150919T025947Z
356890,2,2,0,1.0,1,0,0,1,snapshot_20150919T025947Z
357181,5,0,5,0.0,0,0,1,3,snapshot_20150919T025947Z
357339,4,4,0,1.0,1,0,0,2,snapshot_20150919T025947Z
357597,3,0,3,0.0,0,0,1,2,snapshot_20150919T025947Z
357740,13,13,0,1.0,1,0,0,12,snapshot_20150919T025947Z
358407,3,0,3,0.0,0,0,1,1,snapshot_20150919T025947Z
358516,194,149,45,0.7680412371134021,1,0,0,165,snapshot_20150919T025947Z
358631,2,2,0,1.0,1,1,0,0,snapshot_20150919T025947Z
358674,4,1,3,0.25,1,0,0,3,snapshot_20150919T025947Z
358806,12,12,0,1.0,1,0,0,8,snapshot_20150919T025947Z
359044,2,2,0,1.0,1,0,0,1,snapshot_20150919T025947Z
359094,8,8,0,1.0,1,0,0,6,snapshot_20150919T025947Z
359145,10,10,0,1.0,1,0,0,8,snapshot_20150919T025947Z
359146,3,3,0,1.0,1,0,0,1,snapshot_20150919T025947Z
359293,6,6,0,1.0,1,0,0,5,snapshot_20150919T025947Z
359448,4,4,0,1.0,1,0,0,2,snapshot_20150919T025947Z
359647,6,6,0,1.0,1,0,0,4,snapshot_20150919T025947Z
359681,16,12,4,0.75,1,0,0,12,snapshot_20150919T025947Z
359742,4,1,3,0.25,1,0,0,2,snapshot_20150919T025947Z
359890,6,0,6,0.0,0,0,1,4,snapshot_20150919T025947Z
359914,25,25,0,1.0,1,0,0,22,snapshot_20150919T025947Z
359960,4,4,0,1.0,1,0,0,2,snapshot_20150919T025947Z
360237,5,1,4,0.2,1,0,0,3,snapshot_20150919T025947Z
360394,6,6,0,1.0,1,0,0,4,snapshot_20150919T025947Z
360552,11,5,6,0.45454545454545453,1,0,0,7,snapshot_20150919T025947Z
360742,8,8,0,1.0,1,0,0,6,snapshot_20150919T025947Z
360945,4,4,0,1.0,1,0,0,3,snapshot_20150919T025947Z
361041,391,287,104,0.7340153452685422,1,0,0,389,snapshot_20150919T025947Z
361066,5,5,0,1.0,1,0,0,3,snapshot_20150919T025947Z
361291,6,3,3,0.5,1,0,0,4,snapshot_20150919T025947Z
361302,2,2,0,1.0,1,0,0,1,snapshot_20150919T025947Z
361339,10,10,0,1.0,1,0,0,8,snapshot_20150919T025947Z
361387,15,2,13,0.13333333333333333,1,0,0,13,snapshot_20150919T025947Z
361527,9,0,9,0.0,0,0,1,7,snapshot_20150919T025947Z
361876,8,6,2,0.75,1,0,0,4,snapshot_20150919T025947Z
361960,4,4,0,1.0,1,0,0,2,snapshot_20150919T025947Z
362141,21,0,21,0.0,0,0,1,18,snapshot_20150919T025947Z
362910,9,2,7,0.2222222222222222,1,0,0,7,snapshot_20150919T025947Z
363277,16,16,0,1.0,1,0,0,12,snapshot_20150919T025947Z
363402,16,16,0,1.0,1,0,0,14,snapshot_20150919T025947Z
363577,7,7,0,1.0,1,0,0,5,snapshot_20150919T025947Z
363924,8,8,0,1.0,1,0,0,6,snapshot_20150919T025947Z
364073,9,9,0,1.0,1,0,0,8,snapshot_20150919T025947Z
364212,4,0,4,0.0,0,0,1,2,snapshot_20150919T025947Z
364536,2,2,0,1.0,1,0,0,1,snapshot_20150919T025947Z
364726,12,0,12,0.0,0,0,1,10,snapshot_20150919T025947Z
364892,3,3,0,1.0,1,0,0,1,snapshot_20150919T025947Z
365060,23,23,0,1.0,1,0,0,21,snapshot_20150919T025947Z
365135,12,7,5,0.5833333333333334,1,0,0,10,snapshot_20150919T025947Z
365136,3,3,0,1.0,1,0,0,1,snapshot_20150919T025947Z
365194,7,7,0,1.0,1,0,0,2,snapshot_20150919T025947Z
365315,28,1,27,0.03571428571428571,1,0,0,23,snapshot_20150919T025947Z
365347,5,5,0,1.0,1,0,0,3,snapshot_20150919T025947Z
365832,4,4,0,1.0,1,0,0,2,snapshot_20150919T025947Z
365845,7,7,0,1.0,1,0,0,5,snapshot_20150919T025947Z
365905,23,23,0,1.0,1,0,0,19,snapshot_20150919T025947Z
365962,52,52,0,1.0,1,0,0,43,snapshot_20150919T025947Z
366202,5,5,0,1.0,1,0,0,2,snapshot_20150919T025947Z
366204,4,4,0,1.0,1,0,0,2,snapshot_20150919T025947Z
366331,8,8,0,1.0,1,0,0,5,snapshot_20150919T025947Z
366364,2,0,2,0.0,0,0,1,1,snapshot_20150919T025947Z
366382,16,16,0,1.0,1,0,0,11,snapshot_20150919T025947Z
366436,13,7,6,0.5384615384615384,1,0,0,10,snapshot_20150919T025947Z
366464,4,4,0,1.0,1,0,0,2,snapshot_20150919T025947Z
366509,4,4,0,1.0,1,0,0,2,snapshot_20150919T025947Z
366614,17,15,2,0.8823529411764706,1,0,0,16,snapshot_20150919T025947Z
366681,13,0,13,0.0,0,0,1,9,snapshot_20150919T025947Z
366706,3,0,3,0.0,0,0,1,1,snapshot_20150919T025947Z
366742,6,6,0,1.0,1,0,0,4,snapshot_20150919T025947Z
366799,6,6,0,1.0,1,0,0,2,snapshot_20150919T025947Z
366911,28,24,4,0.8571428571428571,1,0,0,27,snapshot_20150919T025947Z
367079,17,17,0,1.0,1,0,0,15,snapshot_20150919T025947Z
367087,7,6,1,0.8571428571428571,1,0,0,4,snapshot_20150919T025947Z
367291,8,0,8,0.0,0,0,1,6,snapshot_20150919T025947Z
367301,28,23,5,0.8214285714285714,1,0,0,25,snapshot_20150919T025947Z
367329,5,5,0,1.0,1,0,0,3,snapshot_20150919T025947Z
367376,5,5,0,1.0,1,0,0,3,snapshot_20150919T025947Z
367485,7,7,0,1.0,1,0,0,5,snapshot_20150919T025947Z
367586,10,7,3,0.7,1,0,0,9,snapshot_20150919T025947Z
367862,4,4,0,1.0,1,0,0,2,snapshot_20150919T025947Z
367987,114,23,91,0.20175438596491227,1,0,0,104,snapshot_20150919T025947Z
368033,7,7,0,1.0,1,0,0,5,snapshot_20150919T025947Z
368241,3,3,0,1.0,1,0,0,1,snapshot_20150919T025947Z
368444,4,4,0,1.0,1,0,0,2,snapshot_20150919T025947Z
368499,7,7,0,1.0,1,0,0,4,snapshot_20150919T025947Z
368611,7,0,7,0.0,0,0,1,5,snapshot_20150919T025947Z
368787,7,7,0,1.0,1,0,0,4,snapshot_20150919T025947Z
368807,5,5,0,1.0,1,0,0,3,snapshot_20150919T025947Z
368819,6,6,0,1.0,1,0,0,1,snapshot_20150919T025947Z
369102,4,4,0,1.0,1,0,0,2,snapshot_20150919T025947Z
369168,18,17,1,0.9444444444444444,1,0,0,13,snapshot_20150919T025947Z
369254,6,6,0,1.0,1,0,0,4,snapshot_20150919T025947Z
369374,6,6,0,1.0,1,0,0,4,snapshot_20150919T025947Z
369432,6,4,2,0.6666666666666666,1,0,0,4,snapshot_20150919T025947Z
369433,3,3,0,1.0,1,0,0,2,snapshot_20150919T025947Z
369533,9,9,0,1.0,1,0,0,7,snapshot_20150919T025947Z
369557,4,0,4,0.0,0,0,1,2,snapshot_20150919T025947Z
369973,3,3,0,1.0,1,0,0,1,snapshot_20150919T025947Z
370007,9,8,1,0.8888888888888888,1,0,0,7,snapshot_20150919T025947Z
370053,7,7,0,1.0,1,0,0,5,snapshot_20150919T025947Z
370154,3,3,0,1.0,1,0,0,1,snapshot_20150919T025947Z
370237,23,11,12,0.4782608695652174,1,0,0,19,snapshot_20150919T025947Z
370331,8,7,1,0.875,1,0,0,6,snapshot_20150919T025947Z
370541,4,0,4,0.0,0,0,1,2,snapshot_20150919T025947Z
370552,4,0,4,0.0,0,0,1,1,snapshot_20150919T025947Z
370681,13,13,0,1.0,1,0,0,9,snapshot_20150919T025947Z
370723,20,9,11,0.45,1,0,0,17,snapshot_20150919T025947Z
370759,10,10,0,1.0,1,0,0,8,snapshot_20150919T025947Z
370800,55,41,14,0.7454545454545455,1,0,0,52,snapshot_20150919T025947Z
370863,4,0,4,0.0,0,0,1,2,snapshot_20150919T025947Z
370928,5,5,0,1.0,1,0,0,3,snapshot_20150919T025947Z
371540,10,10,0,1.0,1,0,0,8,snapshot_20150919T025947Z
371604,701,567,134,0.8088445078459344,1,0,0,595,snapshot_20150919T025947Z
371606,2345,1922,423,0.8196162046908315,1,0,0,2141,snapshot_20150919T025947Z
371654,12,12,0,1.0,1,0,0,10,snapshot_20150919T025947Z
371700,6,6,0,1.0,1,0,0,3,snapshot_20150919T025947Z
371711,6,6,0,1.0,1,0,0,4,snapshot_20150919T025947Z
371733,5,5,0,1.0,1,0,0,3,snapshot_20150919T025947Z
371760,7,7,0,1.0,1,0,0,5,snapshot_20150919T025947Z
371941,2,0,2,0.0,0,0,1,1,snapshot_20150919T025947Z
372048,3,3,0,1.0,1,0,0,1,snapshot_20150919T025947Z
372352,5,5,0,1.0,1,0,0,3,snapshot_20150919T025947Z
372354,4,4,0,1.0,1,0,0,2,snapshot_20150919T025947Z
372447,7,7,0,1.0,1,0,0,3,snapshot_20150919T025947Z
372549,14,3,11,0.21428571428571427,1,0,0,12,snapshot_20150919T025947Z
372609,5,5,0,1.0,1,0,0,3,snapshot_20150919T025947Z
372661,6,6,0,1.0,1,0,0,4,snapshot_20150919T025947Z
372687,10,10,0,1.0,1,0,0,7,snapshot_20150919T025947Z
372748,29,0,29,0.0,0,0,1,23,snapshot_20150919T025947Z
373098,4,4,0,1.0,1,0,0,3,snapshot_20150919T025947Z
373182,3,3,0,1.0,1,0,0,1,snapshot_20150919T025947Z
373194,12,12,0,1.0,1,0,0,9,snapshot_20150919T025947Z
373274,18,1,17,0.05555555555555555,1,0,0,15,snapshot_20150919T025947Z
373601,5,5,0,1.0,1,0,0,3,snapshot_20150919T025947Z
373850,16,14,2,0.875,1,0,0,14,snapshot_20150919T025947Z
373852,11,11,0,1.0,1,0,0,5,snapshot_20150919T025947Z
373906,9,9,0,1.0,1,0,0,7,snapshot_20150919T025947Z
373992,9,9,0,1.0,1,0,0,7,snapshot_20150919T025947Z
374076,4,4,0,1.0,1,0,0,2,snapshot_20150919T025947Z
374417,9,9,0,1.0,1,0,0,7,snapshot_20150919T025947Z
374477,7,7,0,1.0,1,0,0,4,snapshot_20150919T025947Z
374586,3,3,0,1.0,1,0,0,1,snapshot_20150919T025947Z
374587,4,4,0,1.0,1,0,0,2,snapshot_20150919T025947Z
374700,14,14,0,1.0,1,0,0,12,snapshot_20150919T025947Z
374805,13,10,3,0.7692307692307693,1,0,0,5,snapshot_20150919T025947Z
374903,4,0,4,0.0,0,0,1,2,snapshot_20150919T025947Z
374927,6,5,1,0.8333333333333334,1,0,0,4,snapshot_20150919T025947Z
374933,19,8,11,0.42105263157894735,1,0,0,15,snapshot_20150919T025947Z
375068,6,6,0,1.0,1,0,0,2,snapshot_20150919T025947Z
375095,4,4,0,1.0,1,0,0,2,snapshot_20150919T025947Z
375110,10,4,6,0.4,1,0,0,8,snapshot_20150919T025947Z
375608,7,6,1,0.8571428571428571,1,0,0,4,snapshot_20150919T025947Z
375703,8,2,6,0.25,1,0,0,6,snapshot_20150919T025947Z
375760,3,3,0,1.0,1,0,0,1,snapshot_20150919T025947Z
375772,9,4,5,0.4444444444444444,1,0,0,7,snapshot_20150919T025947Z
375934,4,4,0,1.0,1,0,0,1,snapshot_20150919T025947Z
376236,8,6,2,0.75,1,0,0,6,snapshot_20150919T025947Z
376250,5,5,0,1.0,1,0,0,2,snapshot_20150919T025947Z
376440,42,42,0,1.0,1,0,0,39,snapshot_20150919T025947Z
376507,3,3,0,1.0,1,0,0,1,snapshot_20150919T025947Z
376557,6,6,0,1.0,1,0,0,4,snapshot_20150919T025947Z
376591,5,5,0,1.0,1,0,0,3,snapshot_20150919T025947Z
376721,10,10,0,1.0,1,0,0,3,snapshot_20150919T025947Z
376837,7,3,4,0.42857142857142855,1,0,0,5,snapshot_20150919T025947Z
376897,3,3,0,1.0,1,0,0,2,snapshot_20150919T025947Z
376905,3,3,0,1.0,1,0,0,1,snapshot_20150919T025947Z
377073,2,2,0,1.0,1,0,0,1,snapshot_20150919T025947Z
377478,5,5,0,1.0,1,0,0,3,snapshot_20150919T025947Z
377483,3,0,3,0.0,0,0,1,1,snapshot_20150919T025947Z
377569,7,7,0,1.0,1,0,0,6,snapshot_20150919T025947Z
377699,5,5,0,1.0,1,0,0,3,snapshot_20150919T025947Z
377978,17,15,2,0.8823529411764706,1,0,0,13,snapshot_20150919T025947Z
377992,9,0,9,0.0,0,0,1,6,snapshot_20150919T025947Z
378296,2,2,0,1.0,1,0,0,1,snapshot_20150919T025947Z
378396,36,22,14,0.6111111111111112,1,0,0,33,snapshot_20150919T025947Z
379008,12,0,12,0.0,0,0,1,8,snapshot_20150919T025947Z
379036,6,6,0,1.0,1,0,0,4,snapshot_20150919T025947Z
379058,162,105,57,0.6481481481481481,1,0,0,130,snapshot_20150919T025947Z
379092,9,9,0,1.0,1,0,0,5,snapshot_20150919T025947Z
379340,10,10,0,1.0,1,0,0,8,snapshot_20150919T025947Z
379363,3,3,0,1.0,1,0,0,1,snapshot_20150919T025947Z
379562,2,2,0,1.0,1,0,0,1,snapshot_20150919T025947Z
379698,3,3,0,1.0,1,0,0,1,snapshot_20150919T025947Z
379844,5,5,0,1.0,1,0,0,3,snapshot_20150919T025947Z
379864,3,3,0,1.0,1,0,0,1,snapshot_20150919T025947Z
379894,43,16,27,0.37209302325581395,1,0,0,41,snapshot_20150919T025947Z
379925,26,26,0,1.0,1,0,0,17,snapshot_20150919T025947Z
379932,166,0,166,0.0,0,0,1,133,snapshot_20150919T025947Z
380118,5,0,5,0.0,0,0,1,3,snapshot_20150919T025947Z
380635,6,6,0,1.0,1,0,0,4,snapshot_20150919T025947Z
381031,10,10,0,1.0,1,0,0,8,snapshot_20150919T025947Z
381045,8,8,0,1.0,1,0,0,5,snapshot_20150919T025947Z
381122,2,2,0,1.0,1,1,0,0,snapshot_20150919T025947Z
381186,23,11,12,0.4782608695652174,1,0,0,21,snapshot_20150919T025947Z
381222,3,0,3,0.0,0,0,1,1,snapshot_20150919T025947Z
381263,6,6,0,1.0,1,0,0,4,snapshot_20150919T025947Z
381345,9,6,3,0.6666666666666666,1,0,0,3,snapshot_20150919T025947Z
381439,11,11,0,1.0,1,0,0,9,snapshot_20150919T025947Z
381504,11,10,1,0.9090909090909091,1,0,0,8,snapshot_20150919T025947Z
381564,2,2,0,1.0,1,1,0,0,snapshot_20150919T025947Z
381825,5,5,0,1.0,1,0,0,3,snapshot_20150919T025947Z
381872,16,16,0,1.0,1,0,0,13,snapshot_20150919T025947Z
381944,22,22,0,1.0,1,0,0,20,snapshot_20150919T025947Z
382286,4,4,0,1.0,1,1,0,0,snapshot_20150919T025947Z
382299,54,54,0,1.0,1,0,0,50,snapshot_20150919T025947Z
382460,3,3,0,1.0,1,0,0,1,snapshot_20150919T025947Z
382473,5,5,0,1.0,1,0,0,3,snapshot_20150919T025947Z
382509,3,0,3,0.0,0,0,1,1,snapshot_20150919T025947Z
382599,13,13,0,1.0,1,0,0,9,snapshot_20150919T025947Z
382721,6,3,3,0.5,1,0,0,4,snapshot_20150919T025947Z
382731,2,2,0,1.0,1,0,0,1,snapshot_20150919T025947Z
382750,7,7,0,1.0,1,0,0,5,snapshot_20150919T025947Z
382808,4,4,0,1.0,1,0,0,2,snapshot_20150919T025947Z
382902,3,3,0,1.0,1,0,0,1,snapshot_20150919T025947Z
382922,6,6,0,1.0,1,0,0,4,snapshot_20150919T025947Z
383087,21,21,0,1.0,1,0,0,19,snapshot_20150919T025947Z
383168,4,4,0,1.0,1,0,0,2,snapshot_20150919T025947Z
383271,4,4,0,1.0,1,0,0,2,snapshot_20150919T025947Z
383676,7,7,0,1.0,1,0,0,5,snapshot_20150919T025947Z
383786,39,38,1,0.9743589743589743,1,0,0,34,snapshot_20150919T025947Z
384025,5,5,0,1.0,1,0,0,3,snapshot_20150919T025947Z
384126,18,18,0,1.0,1,0,0,6,snapshot_20150919T025947Z
384289,10,10,0,1.0,1,0,0,8,snapshot_20150919T025947Z
384345,6,6,0,1.0,1,0,0,4,snapshot_20150919T025947Z
384466,12,11,1,0.9166666666666666,1,0,0,8,snapshot_20150919T025947Z
384535,4,4,0,1.0,1,0,0,2,snapshot_20150919T025947Z
384851,6,6,0,1.0,1,0,0,2,snapshot_20150919T025947Z
385071,15,15,0,1.0,1,0,0,13,snapshot_20150919T025947Z
385345,8,3,5,0.375,1,0,0,5,snapshot_20150919T025947Z
385414,3,3,0,1.0,1,0,0,1,snapshot_20150919T025947Z
385715,6,6,0,1.0,1,0,0,3,snapshot_20150919T025947Z
385779,4,4,0,1.0,1,0,0,2,snapshot_20150919T025947Z
385857,9,9,0,1.0,1,0,0,4,snapshot_20150919T025947Z
386187,26,26,0,1.0,1,0,0,23,snapshot_20150919T025947Z
386503,8,0,8,0.0,0,0,1,6,snapshot_20150919T025947Z
386656,18,13,5,0.7222222222222222,1,0,0,16,snapshot_20150919T025947Z
386745,9,9,0,1.0,1,0,0,7,snapshot_20150919T025947Z
386777,3,0,3,0.0,0,0,1,1,snapshot_20150919T025947Z
386796,7,7,0,1.0,1,0,0,5,snapshot_20150919T025947Z
386842,5,4,1,0.8,1,0,0,3,snapshot_20150919T025947Z
386976,3,3,0,1.0,1,0,0,1,snapshot_20150919T025947Z
387037,4,3,1,0.75,1,0,0,2,snapshot_20150919T025947Z
387144,153,131,22,0.8562091503267973,1,0,0,112,snapshot_20150919T025947Z
387388,15,15,0,1.0,1,0,0,11,snapshot_20150919T025947Z
387466,21,19,2,0.9047619047619048,1,0,0,17,snapshot_20150919T025947Z
387516,2,2,0,1.0,1,0,0,1,snapshot_20150919T025947Z
387521,4,4,0,1.0,1,0,0,2,snapshot_20150919T025947Z
387538,4,0,4,0.0,0,0,1,2,snapshot_20150919T025947Z
387601,8,8,0,1.0,1,0,0,6,snapshot_20150919T025947Z
387860,3,3,0,1.0,1,0,0,1,snapshot_20150919T025947Z
387929,4,4,0,1.0,1,0,0,2,snapshot_20150919T025947Z
387931,4,4,0,1.0,1,0,0,2,snapshot_20150919T025947Z
388066,5,5,0,1.0,1,0,0,3,snapshot_20150919T025947Z
388182,8,8,0,1.0,1,0,0,5,snapshot_20150919T025947Z
388255,8,8,0,1.0,1,0,0,5,snapshot_20150919T025947Z
388441,5,5,0,1.0,1,0,0,3,snapshot_20150919T025947Z
388461,7,7,0,1.0,1,0,0,3,snapshot_20150919T025947Z
388556,681,607,74,0.8913362701908958,1,0,0,680,snapshot_20150919T025947Z
388612,76,27,49,0.35526315789473684,1,0,0,68,snapshot_20150919T025947Z
388679,2,2,0,1.0,1,0,0,1,snapshot_20150919T025947Z
388893,54,40,14,0.7407407407407407,1,0,0,51,snapshot_20150919T025947Z
389030,13,6,7,0.46153846153846156,1,0,0,11,snapshot_20150919T025947Z
389058,8,8,0,1.0,1,0,0,4,snapshot_20150919T025947Z
389066,4,3,1,0.75,1,0,0,3,snapshot_20150919T025947Z
389069,4,4,0,1.0,1,0,0,2,snapshot_20150919T025947Z
389287,6,6,0,1.0,1,0,0,4,snapshot_20150919T025947Z
389361,9,9,0,1.0,1,0,0,7,snapshot_20150919T025947Z
389441,3,3,0,1.0,1,0,0,1,snapshot_20150919T025947Z
389503,6,6,0,1.0,1,0,0,5,snapshot_20150919T025947Z
389532,937,419,518,0.4471718249733191,1,0,0,818,snapshot_20150919T025947Z
389694,26,26,0,1.0,1,0,0,22,snapshot_20150919T025947Z
389757,5,5,0,1.0,1,0,0,3,snapshot_20150919T025947Z
389780,14,14,0,1.0,1,0,0,10,snapshot_20150919T025947Z
389947,5,5,0,1.0,1,0,0,3,snapshot_20150919T025947Z
390022,41,34,7,0.8292682926829268,1,0,0,35,snapshot_20150919T025947Z
390023,28,28,0,1.0,1,0,0,21,snapshot_20150919T025947Z
390258,10,10,0,1.0,1,0,0,8,snapshot_20150919T025947Z
390314,4,4,0,1.0,1,0,0,2,snapshot_20150919T025947Z
390426,17,17,0,1.0,1,0,0,13,snapshot_20150919T025947Z
390499,9,9,0,1.0,1,0,0,3,snapshot_20150919T025947Z
390547,31,14,17,0.45161290322580644,1,0,0,25,snapshot_20150919T025947Z
390625,4,4,0,1.0,1,0,0,2,snapshot_20150919T025947Z
390743,4,4,0,1.0,1,1,0,0,snapshot_20150919T025947Z
390770,2,2,0,1.0,1,1,0,0,snapshot_20150919T025947Z
390888,9,9,0,1.0,1,0,0,6,snapshot_20150919T025947Z
390933,3,3,0,1.0,1,0,0,1,snapshot_20150919T025947Z
391066,67,25,42,0.373134328358209,1,0,0,62,snapshot_20150919T025947Z
391094,4,4,0,1.0,1,0,0,3,snapshot_20150919T025947Z
391231,5,5,0,1.0,1,0,0,2,snapshot_20150919T025947Z
391258,3,3,0,1.0,1,0,0,1,snapshot_20150919T025947Z
391281,11,10,1,0.9090909090909091,1,0,0,8,snapshot_20150919T025947Z
391300,2,2,0,1.0,1,0,0,1,snapshot_20150919T025947Z
391329,9,0,9,0.0,0,0,1,5,snapshot_20150919T025947Z
391446,4,0,4,0.0,0,0,1,2,snapshot_20150919T025947Z
391657,19,10,9,0.5263157894736842,1,0,0,11,snapshot_20150919T025947Z
391814,24,24,0,1.0,1,0,0,19,snapshot_20150919T025947Z
391939,24,3,21,0.125,1,0,0,20,snapshot_20150919T025947Z
391980,4,0,4,0.0,0,0,1,2,snapshot_20150919T025947Z
392246,6,6,0,1.0,1,0,0,1,snapshot_20150919T025947Z
392296,4,4,0,1.0,1,0,0,2,snapshot_20150919T025947Z
392404,3,3,0,1.0,1,1,0,0,snapshot_20150919T025947Z
392448,2,2,0,1.0,1,0,0,1,snapshot_20150919T025947Z
392507,4,4,0,1.0,1,0,0,2,snapshot_20150919T025947Z
392739,2,2,0,1.0,1,0,0,1,snapshot_20150919T025947Z
392741,3,3,0,1.0,1,0,0,1,snapshot_20150919T025947Z
392826,30,26,4,0.8666666666666667,1,0,0,25,snapshot_20150919T025947Z
392947,3,3,0,1.0,1,0,0,1,snapshot_20150919T025947Z
393085,3,3,0,1.0,1,0,0,1,snapshot_20150919T025947Z
393237,9,6,3,0.6666666666666666,1,0,0,3,snapshot_20150919T025947Z
393239,4,0,4,0.0,0,0,1,2,snapshot_20150919T025947Z
393334,3,3,0,1.0,1,0,0,1,snapshot_20150919T025947Z
393480,7,0,7,0.0,0,0,1,3,snapshot_20150919T025947Z
393598,3,3,0,1.0,1,0,0,1,snapshot_20150919T025947Z
393634,9,0,9,0.0,0,0,1,7,snapshot_20150919T025947Z
393733,3,3,0,1.0,1,0,0,1,snapshot_20150919T025947Z
393947,4,4,0,1.0,1,0,0,2,snapshot_20150919T025947Z
393972,20,19,1,0.95,1,0,0,11,snapshot_20150919T025947Z
394054,7,7,0,1.0,1,0,0,5,snapshot_20150919T025947Z
394294,5,5,0,1.0,1,0,0,3,snapshot_20150919T025947Z
394366,3,3,0,1.0,1,0,0,1,snapshot_20150919T025947Z
394489,6,6,0,1.0,1,0,0,4,snapshot_20150919T025947Z
394686,9,2,7,0.2222222222222222,1,0,0,7,snapshot_20150919T025947Z
394989,13,10,3,0.7692307692307693,1,0,0,8,snapshot_20150919T025947Z
395411,8,6,2,0.75,1,0,0,6,snapshot_20150919T025947Z
395510,4,4,0,1.0,1,0,0,2,snapshot_20150919T025947Z
395522,15,5,10,0.3333333333333333,1,0,0,11,snapshot_20150919T025947Z
395552,27,27,0,1.0,1,0,0,19,snapshot_20150919T025947Z
395585,5,5,0,1.0,1,0,0,2,snapshot_20150919T025947Z
395626,5,5,0,1.0,1,0,0,3,snapshot_20150919T025947Z
395650,7,7,0,1.0,1,0,0,6,snapshot_20150919T025947Z
395664,4,1,3,0.25,1,0,0,2,snapshot_20150919T025947Z
395684,4,3,1,0.75,1,0,0,2,snapshot_20150919T025947Z
395745,3,0,3,0.0,0,0,1,1,snapshot_20150919T025947Z
395920,11,11,0,1.0,1,0,0,9,snapshot_20150919T025947Z
395979,4,1,3,0.25,1,0,0,2,snapshot_20150919T025947Z
396040,11,11,0,1.0,1,0,0,9,snapshot_20150919T025947Z
396151,4,0,4,0.0,0,0,1,2,snapshot_20150919T025947Z
396571,52,52,0,1.0,1,0,0,31,snapshot_20150919T025947Z
396709,6,6,0,1.0,1,0,0,4,snapshot_20150919T025947Z
396761,13,13,0,1.0,1,0,0,8,snapshot_20150919T025947Z
397078,5,5,0,1.0,1,0,0,3,snapshot_20150919T025947Z
397091,19,15,4,0.7894736842105263,1,0,0,17,snapshot_20150919T025947Z
397111,5,1,4,0.2,1,0,0,3,snapshot_20150919T025947Z
397272,6,6,0,1.0,1,0,0,4,snapshot_20150919T025947Z
397297,3,3,0,1.0,1,0,0,2,snapshot_20150919T025947Z
397350,13,13,0,1.0,1,0,0,10,snapshot_20150919T025947Z
397522,6,6,0,1.0,1,0,0,4,snapshot_20150919T025947Z
397573,5,5,0,1.0,1,0,0,4,snapshot_20150919T025947Z
397620,8,8,0,1.0,1,0,0,6,snapshot_20150919T025947Z
397639,3,3,0,1.0,1,0,0,1,snapshot_20150919T025947Z
397729,6,5,1,0.8333333333333334,1,0,0,4,snapshot_20150919T025947Z
397738,15,15,0,1.0,1,0,0,11,snapshot_20150919T025947Z
398144,5,5,0,1.0,1,0,0,3,snapshot_20150919T025947Z
398205,37,35,2,0.9459459459459459,1,0,0,19,snapshot_20150919T025947Z
398227,5,5,0,1.0,1,0,0,4,snapshot_20150919T025947Z
398617,15,15,0,1.0,1,0,0,12,snapshot_20150919T025947Z
398756,15,8,7,0.5333333333333333,1,0,0,13,snapshot_20150919T025947Z
398779,4,4,0,1.0,1,0,0,2,snapshot_20150919T025947Z
399094,6,4,2,0.6666666666666666,1,0,0,4,snapshot_20150919T025947Z
399290,5,5,0,1.0,1,0,0,3,snapshot_20150919T025947Z
399822,3,3,0,1.0,1,0,0,1,snapshot_20150919T025947Z
400159,57,52,5,0.9122807017543859,1,0,0,48,snapshot_20150919T025947Z
400271,6,6,0,1.0,1,0,0,4,snapshot_20150919T025947Z
400596,3,3,0,1.0,1,0,0,1,snapshot_20150919T025947Z
400676,127,67,60,0.5275590551181102,1,0,0,122,snapshot_20150919T025947Z
400737,2,2,0,1.0,1,1,0,0,snapshot_20150919T025947Z
400788,3,3,0,1.0,1,0,0,1,snapshot_20150919T025947Z
400794,9,1,8,0.1111111111111111,1,0,0,6,snapshot_20150919T025947Z
400870,3,3,0,1.0,1,0,0,1,snapshot_20150919T025947Z
400991,3,3,0,1.0,1,0,0,2,snapshot_20150919T025947Z
401220,6,6,0,1.0,1,0,0,4,snapshot_20150919T025947Z
401323,9,9,0,1.0,1,0,0,6,snapshot_20150919T025947Z
401480,4,0,4,0.0,0,0,1,2,snapshot_20150919T025947Z
401663,3,3,0,1.0,1,0,0,1,snapshot_20150919T025947Z
401855,7,3,4,0.42857142857142855,1,0,0,4,snapshot_20150919T025947Z
401860,6,6,0,1.0,1,0,0,4,snapshot_20150919T025947Z
401899,4,4,0,1.0,1,0,0,2,snapshot_20150919T025947Z
401979,13,10,3,0.7692307692307693,1,0,0,6,snapshot_20150919T025947Z
402224,4,4,0,1.0,1,0,0,2,snapshot_20150919T025947Z
402233,4,4,0,1.0,1,0,0,2,snapshot_20150919T025947Z
402416,8,3,5,0.375,1,0,0,2,snapshot_20150919T025947Z
402529,3,3,0,1.0,1,0,0,1,snapshot_20150919T025947Z
403042,16,16,0,1.0,1,0,0,15,snapshot_20150919T025947Z
403341,4,1,3,0.25,1,0,0,2,snapshot_20150919T025947Z
403374,6,0,6,0.0,0,0,1,4,snapshot_20150919T025947Z
403492,24,24,0,1.0,1,0,0,16,snapshot_20150919T025947Z
403643,16,16,0,1.0,1,0,0,14,snapshot_20150919T025947Z
403777,8,7,1,0.875,1,0,0,6,snapshot_20150919T025947Z
403958,2,2,0,1.0,1,1,0,0,snapshot_20150919T025947Z
404036,14,14,0,1.0,1,0,0,9,snapshot_20150919T025947Z
404061,25,24,1,0.96,1,0,0,22,snapshot_20150919T025947Z
404146,4,4,0,1.0,1,0,0,2,snapshot_20150919T025947Z
404403,539,367,172,0.6808905380333952,1,0,0,443,snapshot_20150919T025947Z
404798,7,0,7,0.0,0,0,1,5,snapshot_20150919T025947Z
404907,8,8,0,1.0,1,0,0,6,snapshot_20150919T025947Z
404945,5,5,0,1.0,1,0,0,3,snapshot_20150919T025947Z
405120,6,6,0,1.0,1,0,0,3,snapshot_20150919T025947Z
405156,40,23,17,0.575,1,0,0,31,snapshot_20150919T025947Z
405190,7,0,7,0.0,0,0,1,5,snapshot_20150919T025947Z
405676,10,10,0,1.0,1,0,0,8,snapshot_20150919T025947Z
405759,4,4,0,1.0,1,0,0,2,snapshot_20150919T025947Z
405804,10,0,10,0.0,0,0,1,4,snapshot_20150919T025947Z
405816,2,2,0,1.0,1,1,0,0,snapshot_20150919T025947Z
406203,6,6,0,1.0,1,0,0,3,snapshot_20150919T025947Z
406325,11,8,3,0.7272727272727273,1,0,0,9,snapshot_20150919T025947Z
406338,1,1,0,1.0,1,1,0,0,snapshot_20150919T025947Z
406584,18,5,13,0.2777777777777778,1,0,0,16,snapshot_20150919T025947Z
406902,12,12,0,1.0,1,0,0,9,snapshot_20150919T025947Z
407086,2,2,0,1.0,1,0,0,1,snapshot_20150919T025947Z
407277,4,4,0,1.0,1,1,0,0,snapshot_20150919T025947Z
407393,13,13,0,1.0,1,0,0,12,snapshot_20150919T025947Z
407522,3,3,0,1.0,1,0,0,1,snapshot_20150919T025947Z
407615,3,3,0,1.0,1,0,0,1,snapshot_20150919T025947Z
407633,9,0,9,0.0,0,0,1,4,snapshot_20150919T025947Z
407740,3,3,0,1.0,1,0,0,1,snapshot_20150919T025947Z
407747,8,8,0,1.0,1,0,0,4,snapshot_20150919T025947Z
407750,3,3,0,1.0,1,0,0,1,snapshot_20150919T025947Z
407800,23,22,1,0.9565217391304348,1,0,0,19,snapshot_20150919T025947Z
407882,84,69,15,0.8214285714285714,1,0,0,78,snapshot_20150919T025947Z
408063,72,72,0,1.0,1,0,0,64,snapshot_20150919T025947Z
408181,8,7,1,0.875,1,0,0,6,snapshot_20150919T025947Z
408300,16,3,13,0.1875,1,0,0,12,snapshot_20150919T025947Z
408446,3,3,0,1.0,1,0,0,1,snapshot_20150919T025947Z
408630,11,9,2,0.8181818181818182,1,0,0,9,snapshot_20150919T025947Z
408637,7,4,3,0.5714285714285714,1,0,0,6,snapshot_20150919T025947Z
408762,9,8,1,0.8888888888888888,1,0,0,7,snapshot_20150919T025947Z
408865,7,4,3,0.5714285714285714,1,0,0,5,snapshot_20150919T025947Z
408951,11,3,8,0.2727272727272727,1,0,0,9,snapshot_20150919T025947Z
409239,3,0,3,0.0,0,0,1,1,snapshot_20150919T025947Z
409412,5,5,0,1.0,1,0,0,3,snapshot_20150919T025947Z
409446,3,0,3,0.0,0,0,1,1,snapshot_20150919T025947Z
409635,7,7,0,1.0,1,0,0,3,snapshot_20150919T025947Z
409649,14,13,1,0.9285714285714286,1,0,0,10,snapshot_20150919T025947Z
409799,2,2,0,1.0,1,1,0,0,snapshot_20150919T025947Z
409939,1,0,1,0.0,0,1,1,0,snapshot_20150919T025947Z
410094,5,5,0,1.0,1,0,0,3,snapshot_20150919T025947Z
410170,3,3,0,1.0,1,0,0,1,snapshot_20150919T025947Z
410314,3,3,0,1.0,1,1,0,0,snapshot_20150919T025947Z
410385,11,9,2,0.8181818181818182,1,0,0,8,snapshot_20150919T025947Z
410452,19,19,0,1.0,1,0,0,15,snapshot_20150919T025947Z
410479,5,0,5,0.0,0,0,1,3,snapshot_20150919T025947Z
410486,15,15,0,1.0,1,0,0,12,snapshot_20150919T025947Z
410594,5,2,3,0.4,1,0,0,2,snapshot_20150919T025947Z
410663,8,0,8,0.0,0,0,1,6,snapshot_20150919T025947Z
410791,4,4,0,1.0,1,0,0,2,snapshot_20150919T025947Z
410801,2,2,0,1.0,1,0,0,1,snapshot_20150919T025947Z
410841,41,29,12,0.7073170731707317,1,0,0,33,snapshot_20150919T025947Z
411182,4,4,0,1.0,1,0,0,2,snapshot_20150919T025947Z
411302,2,2,0,1.0,1,1,0,0,snapshot_20150919T025947Z
411554,4,4,0,1.0,1,0,0,2,snapshot_20150919T025947Z
411703,9,9,0,1.0,1,0,0,7,snapshot_20150919T025947Z
411798,4,4,0,1.0,1,1,0,0,snapshot_20150919T025947Z
412091,6,1,5,0.16666666666666666,1,0,0,4,snapshot_20150919T025947Z
412092,4,4,0,1.0,1,0,0,2,snapshot_20150919T025947Z
412120,9,7,2,0.7777777777777778,1,0,0,7,snapshot_20150919T025947Z
412234,10,10,0,1.0,1,0,0,6,snapshot_20150919T025947Z
412239,5,5,0,1.0,1,0,0,3,snapshot_20150919T025947Z
412249,4,4,0,1.0,1,0,0,2,snapshot_20150919T025947Z
412298,13,13,0,1.0,1,0,0,10,snapshot_20150919T025947Z
412353,2,0,2,0.0,0,1,1,0,snapshot_20150919T025947Z
412374,3,3,0,1.0,1,0,0,1,snapshot_20150919T025947Z
412403,5,0,5,0.0,0,0,1,2,snapshot_20150919T025947Z
412611,47,41,6,0.8723404255319149,1,0,0,12,snapshot_20150919T025947Z
412692,7,7,0,1.0,1,0,0,4,snapshot_20150919T025947Z
412758,3,3,0,1.0,1,0,0,1,snapshot_20150919T025947Z
412781,7,7,0,1.0,1,0,0,4,snapshot_20150919T025947Z
413096,2,2,0,1.0,1,0,0,1,snapshot_20150919T025947Z
413174,5,5,0,1.0,1,0,0,3,snapshot_20150919T025947Z
413313,7,6,1,0.8571428571428571,1,0,0,5,snapshot_20150919T025947Z
413498,6,6,0,1.0,1,0,0,4,snapshot_20150919T025947Z
413676,8,3,5,0.375,1,0,0,6,snapshot_20150919T025947Z
413758,16,9,7,0.5625,1,0,0,10,snapshot_20150919T025947Z
413841,8,8,0,1.0,1,0,0,7,snapshot_20150919T025947Z
413938,6,6,0,1.0,1,0,0,4,snapshot_20150919T025947Z
414189,27,27,0,1.0,1,0,0,23,snapshot_20150919T025947Z
414249,42,42,0,1.0,1,0,0,18,snapshot_20150919T025947Z
414307,4,4,0,1.0,1,0,0,3,snapshot_20150919T025947Z
414326,2,0,2,0.0,0,0,1,1,snapshot_20150919T025947Z
414380,30,30,0,1.0,1,0,0,27,snapshot_20150919T025947Z
414480,4,4,0,1.0,1,0,0,2,snapshot_20150919T025947Z
414616,12,11,1,0.9166666666666666,1,0,0,9,snapshot_20150919T025947Z
415080,9,9,0,1.0,1,0,0,7,snapshot_20150919T025947Z
415285,17,17,0,1.0,1,0,0,15,snapshot_20150919T025947Z
415316,6,6,0,1.0,1,0,0,4,snapshot_20150919T025947Z
415345,3,3,0,1.0,1,0,0,1,snapshot_20150919T025947Z
415453,70,68,2,0.9714285714285714,1,0,0,65,snapshot_20150919T025947Z
415471,8,0,8,0.0,0,0,1,5,snapshot_20150919T025947Z
415617,11,2,9,0.18181818181818182,1,0,0,9,snapshot_20150919T025947Z
415676,3,3,0,1.0,1,0,0,1,snapshot_20150919T025947Z
415859,9,7,2,0.7777777777777778,1,0,0,8,snapshot_20150919T025947Z
415893,3,3,0,1.0,1,0,0,1,snapshot_20150919T025947Z
415923,4,4,0,1.0,1,0,0,2,snapshot_20150919T025947Z
416108,2,2,0,1.0,1,0,0,1,snapshot_20150919T025947Z
416295,2,2,0,1.0,1,0,0,1,snapshot_20150919T025947Z
416308,3,3,0,1.0,1,0,0,1,snapshot_20150919T025947Z
416426,3,3,0,1.0,1,0,0,1,snapshot_20150919T025947Z
416496,585,499,86,0.852991452991453,1,0,0,385,snapshot_20150919T025947Z
416697,5,5,0,1.0,1,0,0,3,snapshot_20150919T025947Z
416702,5,5,0,1.0,1,0,0,3,snapshot_20150919T025947Z
416882,5,5,0,1.0,1,0,0,2,snapshot_20150919T025947Z
417076,14,12,2,0.8571428571428571,1,0,0,12,snapshot_20150919T025947Z
417153,4,4,0,1.0,1,0,0,2,snapshot_20150919T025947Z
417161,9,7,2,0.7777777777777778,1,0,0,7,snapshot_20150919T025947Z
417215,3,3,0,1.0,1,0,0,1,snapshot_20150919T025947Z
417312,309,145,164,0.4692556634304207,1,0,0,251,snapshot_20150919T025947Z
417594,10,7,3,0.7,1,0,0,4,snapshot_20150919T025947Z
418092,16,16,0,1.0,1,0,0,14,snapshot_20150919T025947Z
418115,4,4,0,1.0,1,0,0,2,snapshot_20150919T025947Z
418229,6,6,0,1.0,1,0,0,4,snapshot_20150919T025947Z
418307,4,4,0,1.0,1,0,0,2,snapshot_20150919T025947Z
418591,5,4,1,0.8,1,0,0,4,snapshot_20150919T025947Z
418630,11,11,0,1.0,1,0,0,7,snapshot_20150919T025947Z
418715,24,24,0,1.0,1,0,0,19,snapshot_20150919T025947Z
418745,16,16,0,1.0,1,0,0,13,snapshot_20150919T025947Z
418774,3,0,3,0.0,0,0,1,1,snapshot_20150919T025947Z
418867,5,5,0,1.0,1,0,0,1,snapshot_20150919T025947Z
418925,11,11,0,1.0,1,0,0,9,snapshot_20150919T025947Z
418959,6,6,0,1.0,1,0,0,4,snapshot_20150919T025947Z
418973,6,6,0,1.0,1,0,0,5,snapshot_20150919T025947Z
419048,4,3,1,0.75,1,0,0,2,snapshot_20150919T025947Z
419333,5,5,0,1.0,1,0,0,3,snapshot_20150919T025947Z
419475,3,3,0,1.0,1,0,0,1,snapshot_20150919T025947Z
419532,3,3,0,1.0,1,0,0,1,snapshot_20150919T025947Z
419535,2,0,2,0.0,0,1,1,0,snapshot_20150919T025947Z
419612,5,4,1,0.8,1,0,0,3,snapshot_20150919T025947Z
420421,5,5,0,1.0,1,0,0,3,snapshot_20150919T025947Z
420548,8,8,0,1.0,1,0,0,6,snapshot_20150919T025947Z
420572,4,4,0,1.0,1,0,0,2,snapshot_20150919T025947Z
420780,5,5,0,1.0,1,0,0,4,snapshot_20150919T025947Z
420807,6,5,1,0.8333333333333334,1,0,0,4,snapshot_20150919T025947Z
420941,4,4,0,1.0,1,0,0,2,snapshot_20150919T025947Z
421085,7,7,0,1.0,1,0,0,5,snapshot_20150919T025947Z
421133,1,1,0,1.0,1,1,0,0,snapshot_20150919T025947Z
421440,6,6,0,1.0,1,0,0,4,snapshot_20150919T025947Z
421656,12,12,0,1.0,1,0,0,10,snapshot_20150919T025947Z
422045,22,20,2,0.9090909090909091,1,0,0,18,snapshot_20150919T025947Z
422169,5,5,0,1.0,1,0,0,3,snapshot_20150919T025947Z
422291,5,5,0,1.0,1,0,0,3,snapshot_20150919T025947Z
422603,12,12,0,1.0,1,0,0,8,snapshot_20150919T025947Z
422618,8,8,0,1.0,1,0,0,6,snapshot_20150919T025947Z
422668,43,41,2,0.9534883720930233,1,0,0,39,snapshot_20150919T025947Z
422745,8,7,1,0.875,1,0,0,5,snapshot_20150919T025947Z
422787,5,5,0,1.0,1,0,0,3,snapshot_20150919T025947Z
422894,14,14,0,1.0,1,0,0,10,snapshot_20150919T025947Z
423185,8,8,0,1.0,1,0,0,6,snapshot_20150919T025947Z
423686,4,0,4,0.0,0,0,1,2,snapshot_20150919T025947Z
423912,9,0,9,0.0,0,0,1,7,snapshot_20150919T025947Z
424432,8,6,2,0.75,1,0,0,6,snapshot_20150919T025947Z
424452,9,3,6,0.3333333333333333,1,0,0,8,snapshot_20150919T025947Z
424472,14,14,0,1.0,1,0,0,6,snapshot_20150919T025947Z
424643,4,4,0,1.0,1,0,0,2,snapshot_20150919T025947Z
424706,7,7,0,1.0,1,0,0,5,snapshot_20150919T025947Z
424759,3,3,0,1.0,1,0,0,1,snapshot_20150919T025947Z
424807,4,0,4,0.0,0,0,1,3,snapshot_20150919T025947Z
424884,3,3,0,1.0,1,0,0,1,snapshot_20150919T025947Z
424955,4,4,0,1.0,1,0,0,3,snapshot_20150919T025947Z
425069,11,9,2,0.8181818181818182,1,0,0,7,snapshot_20150919T025947Z
425131,7,7,0,1.0,1,0,0,5,snapshot_20150919T025947Z
425356,61,53,8,0.8688524590163934,1,0,0,58,snapshot_20150919T025947Z
425428,6,6,0,1.0,1,0,0,4,snapshot_20150919T025947Z
425539,10,1,9,0.1,1,0,0,5,snapshot_20150919T025947Z
425614,3,3,0,1.0,1,1,0,0,snapshot_20150919T025947Z
425648,3,3,0,1.0,1,0,0,1,snapshot_20150919T025947Z
425801,8,8,0,1.0,1,0,0,6,snapshot_20150919T025947Z
426015,6,5,1,0.8333333333333334,1,0,0,4,snapshot_20150919T025947Z
426059,3,0,3,0.0,0,0,1,1,snapshot_20150919T025947Z
426208,4,4,0,1.0,1,0,0,2,snapshot_20150919T025947Z
426226,8,8,0,1.0,1,0,0,6,snapshot_20150919T025947Z
426297,5,0,5,0.0,0,0,1,3,snapshot_20150919T025947Z
427158,3,3,0,1.0,1,0,0,1,snapshot_20150919T025947Z
427234,3,3,0,1.0,1,0,0,1,snapshot_20150919T025947Z
427346,4,0,4,0.0,0,0,1,2,snapshot_20150919T025947Z
427353,4,4,0,1.0,1,0,0,2,snapshot_20150919T025947Z
427421,3,3,0,1.0,1,0,0,1,snapshot_20150919T025947Z
427504,79,73,6,0.9240506329113924,1,0,0,73,snapshot_20150919T025947Z
427583,3,3,0,1.0,1,0,0,1,snapshot_20150919T025947Z
427619,7,7,0,1.0,1,0,0,5,snapshot_20150919T025947Z
427622,48,48,0,1.0,1,0,0,44,snapshot_20150919T025947Z
427675,8,0,8,0.0,0,0,1,6,snapshot_20150919T025947Z
427724,7,7,0,1.0,1,0,0,3,snapshot_20150919T025947Z
427756,8,8,0,1.0,1,0,0,6,snapshot_20150919T025947Z
427854,5,5,0,1.0,1,0,0,3,snapshot_20150919T025947Z
427943,2,2,0,1.0,1,1,0,0,snapshot_20150919T025947Z
427949,5,1,4,0.2,1,0,0,3,snapshot_20150919T025947Z
428022,5,5,0,1.0,1,0,0,3,snapshot_20150919T025947Z
428189,2,2,0,1.0,1,0,0,1,snapshot_20150919T025947Z
428220,5,5,0,1.0,1,0,0,3,snapshot_20150919T025947Z
428251,3,0,3,0.0,0,0,1,1,snapshot_20150919T025947Z
428397,2,2,0,1.0,1,1,0,0,snapshot_20150919T025947Z
428415,4,4,0,1.0,1,0,0,2,snapshot_20150919T025947Z
428516,12,6,6,0.5,1,0,0,10,snapshot_20150919T025947Z
428853,9,9,0,1.0,1,0,0,7,snapshot_20150919T025947Z
428870,6,0,6,0.0,0,0,1,4,snapshot_20150919T025947Z
428886,5,5,0,1.0,1,0,0,3,snapshot_20150919T025947Z
428964,3,3,0,1.0,1,0,0,1,snapshot_20150919T025947Z
428976,3,3,0,1.0,1,0,0,1,snapshot_20150919T025947Z
429035,90,90,0,1.0,1,0,0,58,snapshot_20150919T025947Z
429126,2,0,2,0.0,0,0,1,1,snapshot_20150919T025947Z
429139,7,7,0,1.0,1,0,0,5,snapshot_20150919T025947Z
429169,29,24,5,0.8275862068965517,1,0,0,27,snapshot_20150919T025947Z
429195,3,3,0,1.0,1,0,0,1,snapshot_20150919T025947Z
429213,6,6,0,1.0,1,0,0,2,snapshot_20150919T025947Z
429418,21,0,21,0.0,0,0,1,18,snapshot_20150919T025947Z
429461,7,7,0,1.0,1,0,0,4,snapshot_20150919T025947Z
429610,2,2,0,1.0,1,0,0,1,snapshot_20150919T025947Z
429764,2,2,0,1.0,1,1,0,0,snapshot_20150919T025947Z
430099,19,19,0,1.0,1,0,0,17,snapshot_20150919T025947Z
430152,7,7,0,1.0,1,0,0,5,snapshot_20150919T025947Z
430186,10,10,0,1.0,1,0,0,8,snapshot_20150919T025947Z
430190,2,2,0,1.0,1,0,0,1,snapshot_20150919T025947Z
430234,16,16,0,1.0,1,0,0,13,snapshot_20150919T025947Z
430569,2,2,0,1.0,1,0,0,1,snapshot_20150919T025947Z
430663,12,12,0,1.0,1,0,0,3,snapshot_20150919T025947Z
430822,10,10,0,1.0,1,0,0,6,snapshot_20150919T025947Z
430907,6,0,6,0.0,0,0,1,4,snapshot_20150919T025947Z
430913,37,37,0,1.0,1,0,0,10,snapshot_20150919T025947Z
430945,43,43,0,1.0,1,0,0,41,snapshot_20150919T025947Z
431138,10,9,1,0.9,1,0,0,8,snapshot_20150919T025947Z
431790,7,4,3,0.5714285714285714,1,0,0,5,snapshot_20150919T025947Z
431811,3,3,0,1.0,1,0,0,1,snapshot_20150919T025947Z
431937,6,6,0,1.0,1,0,0,4,snapshot_20150919T025947Z
431941,4,4,0,1.0,1,0,0,2,snapshot_20150919T025947Z
431956,19,9,10,0.47368421052631576,1,0,0,17,snapshot_20150919T025947Z
432060,4,0,4,0.0,0,0,1,2,snapshot_20150919T025947Z
432140,4,4,0,1.0,1,0,0,2,snapshot_20150919T025947Z
432335,10,10,0,1.0,1,0,0,8,snapshot_20150919T025947Z
432343,48,0,48,0.0,0,0,1,45,snapshot_20150919T025947Z
432345,5,5,0,1.0,1,0,0,3,snapshot_20150919T025947Z
432404,25,25,0,1.0,1,0,0,19,snapshot_20150919T025947Z
432499,14,10,4,0.7142857142857143,1,0,0,10,snapshot_20150919T025947Z
432569,4,4,0,1.0,1,0,0,2,snapshot_20150919T025947Z
432644,4,4,0,1.0,1,0,0,2,snapshot_20150919T025947Z
432814,3,3,0,1.0,1,0,0,1,snapshot_20150919T025947Z
433031,5,0,5,0.0,0,0,1,3,snapshot_20150919T025947Z
433067,14,10,4,0.7142857142857143,1,0,0,10,snapshot_20150919T025947Z
433111,7,7,0,1.0,1,0,0,3,snapshot_20150919T025947Z
433148,3,0,3,0.0,0,0,1,1,snapshot_20150919T025947Z
433256,2,2,0,1.0,1,0,0,1,snapshot_20150919T025947Z
433471,5,0,5,0.0,0,0,1,2,snapshot_20150919T025947Z
433583,132,120,12,0.9090909090909091,1,0,0,120,snapshot_20150919T025947Z
433786,4,4,0,1.0,1,0,0,2,snapshot_20150919T025947Z
433791,7,7,0,1.0,1,0,0,3,snapshot_20150919T025947Z
434180,9,9,0,1.0,1,0,0,5,snapshot_20150919T025947Z
434250,5,5,0,1.0,1,0,0,3,snapshot_20150919T025947Z
434317,57,53,4,0.9298245614035088,1,0,0,55,snapshot_20150919T025947Z
434333,4,0,4,0.0,0,0,1,2,snapshot_20150919T025947Z
434418,63,59,4,0.9365079365079365,1,0,0,56,snapshot_20150919T025947Z
434489,7,7,0,1.0,1,0,0,5,snapshot_20150919T025947Z
434493,9,2,7,0.2222222222222222,1,0,0,7,snapshot_20150919T025947Z
434507,2,2,0,1.0,1,0,0,1,snapshot_20150919T025947Z
434563,3,3,0,1.0,1,0,0,2,snapshot_20150919T025947Z
434601,4,4,0,1.0,1,0,0,2,snapshot_20150919T025947Z
434803,40,40,0,1.0,1,0,0,23,snapshot_20150919T025947Z
434900,12,0,12,0.0,0,0,1,10,snapshot_20150919T025947Z
434902,2,2,0,1.0,1,1,0,0,snapshot_20150919T025947Z
435019,9,0,9,0.0,0,0,1,6,snapshot_20150919T025947Z
435041,18,17,1,0.9444444444444444,1,0,0,16,snapshot_20150919T025947Z
435104,9,9,0,1.0,1,0,0,7,snapshot_20150919T025947Z
435144,8,7,1,0.875,1,0,0,7,snapshot_20150919T025947Z
435336,2,2,0,1.0,1,0,0,1,snapshot_20150919T025947Z
435495,3,0,3,0.0,0,0,1,1,snapshot_20150919T025947Z
435603,4,4,0,1.0,1,0,0,2,snapshot_20150919T025947Z
435940,14,7,7,0.5,1,0,0,12,snapshot_20150919T025947Z
435977,18,12,6,0.6666666666666666,1,0,0,14,snapshot_20150919T025947Z
436023,4,0,4,0.0,0,0,1,2,snapshot_20150919T025947Z
436334,7,1,6,0.14285714285714285,1,0,0,5,snapshot_20150919T025947Z
436380,8,8,0,1.0,1,0,0,5,snapshot_20150919T025947Z
436517,3,3,0,1.0,1,0,0,1,snapshot_20150919T025947Z
436639,4,4,0,1.0,1,0,0,2,snapshot_20150919T025947Z
436662,11,10,1,0.9090909090909091,1,0,0,9,snapshot_20150919T025947Z
436797,5,5,0,1.0,1,0,0,3,snapshot_20150919T025947Z
436967,3,3,0,1.0,1,0,0,1,snapshot_20150919T025947Z
437102,10,9,1,0.9,1,0,0,7,snapshot_20150919T025947Z
437906,11,7,4,0.6363636363636364,1,0,0,10,snapshot_20150919T025947Z
437984,1,1,0,1.0,1,1,0,0,snapshot_20150919T025947Z
438222,3,3,0,1.0,1,0,0,1,snapshot_20150919T025947Z
438357,5,4,1,0.8,1,0,0,3,snapshot_20150919T025947Z
438441,311,262,49,0.842443729903537,1,0,0,222,snapshot_20150919T025947Z
438605,3,3,0,1.0,1,0,0,1,snapshot_20150919T025947Z
438780,22,22,0,1.0,1,0,0,6,snapshot_20150919T025947Z
439626,5,5,0,1.0,1,0,0,2,snapshot_20150919T025947Z
439737,5,3,2,0.6,1,0,0,3,snapshot_20150919T025947Z
439811,28,22,6,0.7857142857142857,1,0,0,16,snapshot_20150919T025947Z
440136,3,3,0,1.0,1,0,0,1,snapshot_20150919T025947Z
440213,5,0,5,0.0,0,0,1,3,snapshot_20150919T025947Z
440289,4,1,3,0.25,1,0,0,2,snapshot_20150919T025947Z
440481,2,2,0,1.0,1,1,0,0,snapshot_20150919T025947Z
440486,30,1,29,0.03333333333333333,1,0,0,28,snapshot_20150919T025947Z
440612,30,10,20,0.3333333333333333,1,0,0,26,snapshot_20150919T025947Z
440630,8,8,0,1.0,1,0,0,6,snapshot_20150919T025947Z
440666,3,3,0,1.0,1,0,0,1,snapshot_20150919T025947Z
440745,5,5,0,1.0,1,0,0,3,snapshot_20150919T025947Z
440802,17,17,0,1.0,1,0,0,11,snapshot_20150919T025947Z
440899,21,19,2,0.9047619047619048,1,0,0,19,snapshot_20150919T025947Z
440941,2,2,0,1.0,1,1,0,0,snapshot_20150919T025947Z
441024,34,33,1,0.9705882352941176,1,0,0,23,snapshot_20150919T025947Z
441318,9,7,2,0.7777777777777778,1,0,0,7,snapshot_20150919T025947Z
441381,6,6,0,1.0,1,0,0,4,snapshot_20150919T025947Z
441470,5,0,5,0.0,0,0,1,3,snapshot_20150919T025947Z
441506,7,7,0,1.0,1,0,0,3,snapshot_20150919T025947Z
441527,7,7,0,1.0,1,0,0,5,snapshot_20150919T025947Z
441641,18,0,18,0.0,0,0,1,16,snapshot_20150919T025947Z
441688,19,18,1,0.9473684210526315,1,0,0,17,snapshot_20150919T025947Z
441737,3,3,0,1.0,1,0,0,1,snapshot_20150919T025947Z
441782,4,4,0,1.0,1,0,0,2,snapshot_20150919T025947Z
441858,32,20,12,0.625,1,0,0,28,snapshot_20150919T025947Z
442319,3,3,0,1.0,1,0,0,1,snapshot_20150919T025947Z
442692,3,0,3,0.0,0,0,1,2,snapshot_20150919T025947Z
442771,16,13,3,0.8125,1,0,0,14,snapshot_20150919T025947Z
442882,4,0,4,0.0,0,0,1,2,snapshot_20150919T025947Z
442911,5,5,0,1.0,1,0,0,3,snapshot_20150919T025947Z
443006,5,5,0,1.0,1,0,0,3,snapshot_20150919T025947Z
443013,4,4,0,1.0,1,0,0,2,snapshot_20150919T025947Z
443200,3,0,3,0.0,0,0,1,1,snapshot_20150919T025947Z
443581,8,1,7,0.125,1,0,0,6,snapshot_20150919T025947Z
443938,29,11,18,0.3793103448275862,1,0,0,27,snapshot_20150919T025947Z
444320,6,6,0,1.0,1,0,0,4,snapshot_20150919T025947Z
444359,4,4,0,1.0,1,0,0,2,snapshot_20150919T025947Z
444654,3,3,0,1.0,1,0,0,1,snapshot_20150919T025947Z
444847,13,12,1,0.9230769230769231,1,0,0,9,snapshot_20150919T025947Z
445175,5,0,5,0.0,0,0,1,2,snapshot_20150919T025947Z
445226,3,3,0,1.0,1,0,0,1,snapshot_20150919T025947Z
445245,4,4,0,1.0,1,0,0,2,snapshot_20150919T025947Z
445564,3,3,0,1.0,1,0,0,2,snapshot_20150919T025947Z
445764,3,3,0,1.0,1,0,0,1,snapshot_20150919T025947Z
446044,8,7,1,0.875,1,0,0,5,snapshot_20150919T025947Z
446062,4,0,4,0.0,0,0,1,2,snapshot_20150919T025947Z
446206,20,14,6,0.7,1,0,0,14,snapshot_20150919T025947Z
446252,8,8,0,1.0,1,0,0,6,snapshot_20150919T025947Z
446421,6,1,5,0.16666666666666666,1,0,0,4,snapshot_20150919T025947Z
446543,4,4,0,1.0,1,0,0,2,snapshot_20150919T025947Z
446718,4,4,0,1.0,1,0,0,2,snapshot_20150919T025947Z
446730,19,18,1,0.9473684210526315,1,0,0,17,snapshot_20150919T025947Z
446744,6,6,0,1.0,1,0,0,4,snapshot_20150919T025947Z
446931,14,9,5,0.6428571428571429,1,0,0,9,snapshot_20150919T025947Z
446985,6,6,0,1.0,1,0,0,1,snapshot_20150919T025947Z
447078,4,4,0,1.0,1,0,0,2,snapshot_20150919T025947Z
447164,13,10,3,0.7692307692307693,1,0,0,11,snapshot_20150919T025947Z
447235,4,4,0,1.0,1,0,0,2,snapshot_20150919T025947Z
447385,10,10,0,1.0,1,0,0,8,snapshot_20150919T025947Z
447405,9,5,4,0.5555555555555556,1,0,0,4,snapshot_20150919T025947Z
447407,25,11,14,0.44,1,0,0,23,snapshot_20150919T025947Z
447415,13,2,11,0.15384615384615385,1,0,0,5,snapshot_20150919T025947Z
447934,13,12,1,0.9230769230769231,1,0,0,11,snapshot_20150919T025947Z
447985,11,5,6,0.45454545454545453,1,0,0,9,snapshot_20150919T025947Z
448326,5,5,0,1.0,1,0,0,4,snapshot_20150919T025947Z
448356,3,3,0,1.0,1,0,0,1,snapshot_20150919T025947Z
448370,7,7,0,1.0,1,0,0,5,snapshot_20150919T025947Z
448386,11,11,0,1.0,1,0,0,9,snapshot_20150919T025947Z
448398,14,13,1,0.9285714285714286,1,0,0,10,snapshot_20150919T025947Z
449026,3,3,0,1.0,1,0,0,1,snapshot_20150919T025947Z
449226,3,0,3,0.0,0,0,1,1,snapshot_20150919T025947Z
449371,4,4,0,1.0,1,0,0,2,snapshot_20150919T025947Z
449506,4,4,0,1.0,1,0,0,2,snapshot_20150919T025947Z
449727,14,14,0,1.0,1,0,0,9,snapshot_20150919T025947Z
449785,27,27,0,1.0,1,0,0,23,snapshot_20150919T025947Z
449843,5,5,0,1.0,1,0,0,3,snapshot_20150919T025947Z
450043,4,4,0,1.0,1,0,0,2,snapshot_20150919T025947Z
450090,5,4,1,0.8,1,0,0,3,snapshot_20150919T025947Z
450098,4,4,0,1.0,1,0,0,2,snapshot_20150919T025947Z
450190,11,0,11,0.0,0,0,1,8,snapshot_20150919T025947Z
450303,7,7,0,1.0,1,0,0,5,snapshot_20150919T025947Z
450322,4,4,0,1.0,1,0,0,2,snapshot_20150919T025947Z
450579,20,7,13,0.35,1,0,0,18,snapshot_20150919T025947Z
450596,2,2,0,1.0,1,1,0,0,snapshot_20150919T025947Z
450702,13,10,3,0.7692307692307693,1,0,0,9,snapshot_20150919T025947Z
450732,16,15,1,0.9375,1,0,0,11,snapshot_20150919T025947Z
450873,5,5,0,1.0,1,0,0,3,snapshot_20150919T025947Z
450950,3,3,0,1.0,1,0,0,2,snapshot_20150919T025947Z
450966,8,7,1,0.875,1,0,0,6,snapshot_20150919T025947Z
450977,2,0,2,0.0,0,0,1,1,snapshot_20150919T025947Z
451001,3,3,0,1.0,1,0,0,1,snapshot_20150919T025947Z
451072,3,3,0,1.0,1,0,0,1,snapshot_20150919T025947Z
451106,4,4,0,1.0,1,0,0,2,snapshot_20150919T025947Z
451189,4,0,4,0.0,0,0,1,2,snapshot_20150919T025947Z
451333,4,0,4,0.0,0,0,1,2,snapshot_20150919T025947Z
451610,8,8,0,1.0,1,0,0,6,snapshot_20150919T025947Z
451673,18,12,6,0.6666666666666666,1,0,0,9,snapshot_20150919T025947Z
451676,5,5,0,1.0,1,0,0,3,snapshot_20150919T025947Z
451822,7,7,0,1.0,1,0,0,5,snapshot_20150919T025947Z
451953,18,18,0,1.0,1,0,0,12,snapshot_20150919T025947Z
451990,3,3,0,1.0,1,0,0,1,snapshot_20150919T025947Z
452009,4,4,0,1.0,1,0,0,2,snapshot_20150919T025947Z
452090,4,1,3,0.25,1,0,0,2,snapshot_20150919T025947Z
452114,3,3,0,1.0,1,0,0,1,snapshot_20150919T025947Z
452149,23,23,0,1.0,1,0,0,20,snapshot_20150919T025947Z
452189,3,0,3,0.0,0,0,1,1,snapshot_20150919T025947Z
452250,9,9,0,1.0,1,0,0,6,snapshot_20150919T025947Z
452316,12,12,0,1.0,1,0,0,10,snapshot_20150919T025947Z
452625,5,0,5,0.0,0,0,1,3,snapshot_20150919T025947Z
452649,4,4,0,1.0,1,0,0,2,snapshot_20150919T025947Z
452653,4,4,0,1.0,1,0,0,2,snapshot_20150919T025947Z
452811,6,6,0,1.0,1,0,0,4,snapshot_20150919T025947Z
452965,8,8,0,1.0,1,0,0,5,snapshot_20150919T025947Z
453067,16,12,4,0.75,1,0,0,10,snapshot_20150919T025947Z
453287,4,4,0,1.0,1,0,0,2,snapshot_20150919T025947Z
453323,4,4,0,1.0,1,0,0,3,snapshot_20150919T025947Z
453338,2,2,0,1.0,1,1,0,0,snapshot_20150919T025947Z
453409,5,0,5,0.0,0,0,1,3,snapshot_20150919T025947Z
453926,3,3,0,1.0,1,0,0,2,snapshot_20150919T025947Z
453995,21,21,0,1.0,1,0,0,14,snapshot_20150919T025947Z
454102,32,25,7,0.78125,1,0,0,26,snapshot_20150919T025947Z
454180,4,4,0,1.0,1,0,0,2,snapshot_20150919T025947Z
454363,18,16,2,0.8888888888888888,1,0,0,16,snapshot_20150919T025947Z
454380,3,3,0,1.0,1,0,0,1,snapshot_20150919T025947Z
454636,9,1,8,0.1111111111111111,1,0,0,7,snapshot_20150919T025947Z
454654,16,15,1,0.9375,1,0,0,4,snapshot_20150919T025947Z
454690,109,47,62,0.43119266055045874,1,0,0,105,snapshot_20150919T025947Z
454731,3,3,0,1.0,1,0,0,1,snapshot_20150919T025947Z
454808,5,5,0,1.0,1,0,0,3,snapshot_20150919T025947Z
454812,8,8,0,1.0,1,0,0,6,snapshot_20150919T025947Z
454907,6,6,0,1.0,1,0,0,4,snapshot_20150919T025947Z
455050,3,3,0,1.0,1,0,0,1,snapshot_20150919T025947Z
455136,21,21,0,1.0,1,0,0,20,snapshot_20150919T025947Z
455241,5,5,0,1.0,1,0,0,3,snapshot_20150919T025947Z
455429,3,3,0,1.0,1,0,0,2,snapshot_20150919T025947Z
455557,38,38,0,1.0,1,0,0,26,snapshot_20150919T025947Z
455562,13,5,8,0.38461538461538464,1,0,0,10,snapshot_20150919T025947Z
455580,6,5,1,0.8333333333333334,1,0,0,4,snapshot_20150919T025947Z
455628,6,6,0,1.0,1,0,0,4,snapshot_20150919T025947Z
455863,3,3,0,1.0,1,0,0,2,snapshot_20150919T025947Z
456000,29,29,0,1.0,1,0,0,27,snapshot_20150919T025947Z
456079,6,6,0,1.0,1,0,0,4,snapshot_20150919T025947Z
456252,3,3,0,1.0,1,0,0,1,snapshot_20150919T025947Z
456502,13,13,0,1.0,1,0,0,10,snapshot_20150919T025947Z
456617,33,26,7,0.7878787878787878,1,0,0,27,snapshot_20150919T025947Z
456741,4,4,0,1.0,1,0,0,1,snapshot_20150919T025947Z
456829,3,3,0,1.0,1,0,0,1,snapshot_20150919T025947Z
457028,20,20,0,1.0,1,0,0,16,snapshot_20150919T025947Z
457097,5,5,0,1.0,1,0,0,3,snapshot_20150919T025947Z
457246,3,3,0,1.0,1,0,0,1,snapshot_20150919T025947Z
457524,8,1,7,0.125,1,0,0,6,snapshot_20150919T025947Z
457547,218,215,3,0.9862385321100917,1,0,0,163,snapshot_20150919T025947Z
457831,7,2,5,0.2857142857142857,1,0,0,5,snapshot_20150919T025947Z
457978,36,36,0,1.0,1,0,0,25,snapshot_20150919T025947Z
458059,4,0,4,0.0,0,0,1,2,snapshot_20150919T025947Z
458069,3,3,0,1.0,1,0,0,1,snapshot_20150919T025947Z
458095,7,7,0,1.0,1,0,0,5,snapshot_20150919T025947Z
458108,8,8,0,1.0,1,0,0,6,snapshot_20150919T025947Z
458267,10,10,0,1.0,1,0,0,7,snapshot_20150919T025947Z
458337,12,6,6,0.5,1,0,0,8,snapshot_20150919T025947Z
458400,4,4,0,1.0,1,0,0,2,snapshot_20150919T025947Z
458738,9,8,1,0.8888888888888888,1,0,0,7,snapshot_20150919T025947Z
458788,8,8,0,1.0,1,0,0,2,snapshot_20150919T025947Z
458856,4,4,0,1.0,1,0,0,2,snapshot_20150919T025947Z
458889,7,7,0,1.0,1,0,0,5,snapshot_20150919T025947Z
458981,8,4,4,0.5,1,0,0,4,snapshot_20150919T025947Z
459290,14,12,2,0.8571428571428571,1,0,0,9,snapshot_20150919T025947Z
459332,12,12,0,1.0,1,0,0,11,snapshot_20150919T025947Z
459752,5,5,0,1.0,1,0,0,3,snapshot_20150919T025947Z
459834,3,3,0,1.0,1,0,0,1,snapshot_20150919T025947Z
459986,7,7,0,1.0,1,0,0,5,snapshot_20150919T025947Z
460170,10,10,0,1.0,1,0,0,8,snapshot_20150919T025947Z
460227,4,4,0,1.0,1,0,0,2,snapshot_20150919T025947Z
460240,6,6,0,1.0,1,0,0,3,snapshot_20150919T025947Z
460412,10,0,10,0.0,0,0,1,8,snapshot_20150919T025947Z
460425,15,15,0,1.0,1,0,0,13,snapshot_20150919T025947Z
460599,58,55,3,0.9482758620689655,1,0,0,51,snapshot_20150919T025947Z
460601,68,61,7,0.8970588235294118,1,0,0,60,snapshot_20150919T025947Z
460668,24,24,0,1.0,1,0,0,22,snapshot_20150919T025947Z
460720,4,4,0,1.0,1,0,0,2,snapshot_20150919T025947Z
460900,6,6,0,1.0,1,0,0,4,snapshot_20150919T025947Z
460926,3,3,0,1.0,1,0,0,1,snapshot_20150919T025947Z
461088,9,6,3,0.6666666666666666,1,0,0,6,snapshot_20150919T025947Z
461094,9,0,9,0.0,0,0,1,6,snapshot_20150919T025947Z
461414,6,6,0,1.0,1,0,0,4,snapshot_20150919T025947Z
461468,3,3,0,1.0,1,0,0,1,snapshot_20150919T025947Z
461700,3,3,0,1.0,1,0,0,1,snapshot_20150919T025947Z
461703,8,0,8,0.0,0,0,1,4,snapshot_20150919T025947Z
461960,11,10,1,0.9090909090909091,1,0,0,7,snapshot_20150919T025947Z
462027,3,0,3,0.0,0,0,1,1,snapshot_20150919T025947Z
462756,6,0,6,0.0,0,0,1,4,snapshot_20150919T025947Z
463060,4,4,0,1.0,1,0,0,2,snapshot_20150919T025947Z
463111,2,2,0,1.0,1,0,0,1,snapshot_20150919T025947Z
463202,3,3,0,1.0,1,0,0,1,snapshot_20150919T025947Z
463223,6,6,0,1.0,1,0,0,2,snapshot_20150919T025947Z
463354,3,3,0,1.0,1,0,0,1,snapshot_20150919T025947Z
463366,14,14,0,1.0,1,0,0,11,snapshot_20150919T025947Z
463408,5,5,0,1.0,1,0,0,4,snapshot_20150919T025947Z
463466,4,4,0,1.0,1,0,0,2,snapshot_20150919T025947Z
463688,5,5,0,1.0,1,0,0,1,snapshot_20150919T025947Z
463740,3,3,0,1.0,1,0,0,2,snapshot_20150919T025947Z
463917,13,3,10,0.23076923076923078,1,0,0,11,snapshot_20150919T025947Z
464138,3,3,0,1.0,1,0,0,1,snapshot_20150919T025947Z
464250,5,5,0,1.0,1,0,0,2,snapshot_20150919T025947Z
464410,37,37,0,1.0,1,0,0,17,snapshot_20150919T025947Z
464435,19,19,0,1.0,1,0,0,15,snapshot_20150919T025947Z
465427,4,4,0,1.0,1,0,0,2,snapshot_20150919T025947Z
465431,9,9,0,1.0,1,0,0,4,snapshot_20150919T025947Z
465507,6,6,0,1.0,1,0,0,4,snapshot_20150919T025947Z
465669,11,11,0,1.0,1,0,0,9,snapshot_20150919T025947Z
465862,5,5,0,1.0,1,0,0,2,snapshot_20150919T025947Z
465949,3,3,0,1.0,1,0,0,2,snapshot_20150919T025947Z
465974,17,16,1,0.9411764705882353,1,0,0,14,snapshot_20150919T025947Z
465999,3,3,0,1.0,1,0,0,1,snapshot_20150919T025947Z
466004,17,17,0,1.0,1,0,0,15,snapshot_20150919T025947Z
466227,5,5,0,1.0,1,0,0,3,snapshot_20150919T025947Z
466290,3,0,3,0.0,0,0,1,1,snapshot_20150919T025947Z
466364,4,4,0,1.0,1,0,0,2,snapshot_20150919T025947Z
466583,4,3,1,0.75,1,0,0,2,snapshot_20150919T025947Z
466691,16,16,0,1.0,1,0,0,13,snapshot_20150919T025947Z
466805,6,6,0,1.0,1,0,0,4,snapshot_20150919T025947Z
466834,2,2,0,1.0,1,0,0,1,snapshot_20150919T025947Z
466869,5,5,0,1.0,1,0,0,3,snapshot_20150919T025947Z
466944,8,8,0,1.0,1,0,0,6,snapshot_20150919T025947Z
467086,7,1,6,0.14285714285714285,1,0,0,5,snapshot_20150919T025947Z
467433,6,6,0,1.0,1,0,0,3,snapshot_20150919T025947Z
467595,3,3,0,1.0,1,0,0,2,snapshot_20150919T025947Z
467775,3,3,0,1.0,1,0,0,1,snapshot_20150919T025947Z
467899,17,16,1,0.9411764705882353,1,0,0,7,snapshot_20150919T025947Z
468035,5,5,0,1.0,1,0,0,3,snapshot_20150919T025947Z
468096,6,5,1,0.8333333333333334,1,0,0,4,snapshot_20150919T025947Z
468154,3,3,0,1.0,1,0,0,1,snapshot_20150919T025947Z
468301,4,4,0,1.0,1,0,0,2,snapshot_20150919T025947Z
468318,6,6,0,1.0,1,0,0,3,snapshot_20150919T025947Z
468466,29,12,17,0.41379310344827586,1,0,0,14,snapshot_20150919T025947Z
468499,5,5,0,1.0,1,0,0,2,snapshot_20150919T025947Z
468595,10,10,0,1.0,1,0,0,3,snapshot_20150919T025947Z
468853,16,4,12,0.25,1,0,0,12,snapshot_20150919T025947Z
468986,2,1,1,0.5,1,0,0,1,snapshot_20150919T025947Z
469022,31,31,0,1.0,1,0,0,7,snapshot_20150919T025947Z
469048,9,5,4,0.5555555555555556,1,0,0,5,snapshot_20150919T025947Z
469105,6,1,5,0.16666666666666666,1,0,0,4,snapshot_20150919T025947Z
469410,78,54,24,0.6923076923076923,1,0,0,62,snapshot_20150919T025947Z
469559,9,9,0,1.0,1,0,0,7,snapshot_20150919T025947Z
469785,18,17,1,0.9444444444444444,1,0,0,16,snapshot_20150919T025947Z
469791,4,4,0,1.0,1,0,0,2,snapshot_20150919T025947Z
470165,4,4,0,1.0,1,0,0,2,snapshot_20150919T025947Z
470176,6,6,0,1.0,1,0,0,4,snapshot_20150919T025947Z
470316,6,6,0,1.0,1,0,0,4,snapshot_20150919T025947Z
470377,15,3,12,0.2,1,0,0,13,snapshot_20150919T025947Z
470444,5,5,0,1.0,1,0,0,3,snapshot_20150919T025947Z
470487,3,3,0,1.0,1,0,0,1,snapshot_20150919T025947Z
470579,5,0,5,0.0,0,0,1,3,snapshot_20150919T025947Z
470745,21,16,5,0.7619047619047619,1,0,0,19,snapshot_20150919T025947Z
470859,6,0,6,0.0,0,0,1,4,snapshot_20150919T025947Z
470891,7,7,0,1.0,1,0,0,4,snapshot_20150919T025947Z
470959,25,23,2,0.92,1,0,0,19,snapshot_20150919T025947Z
471176,3,3,0,1.0,1,0,0,1,snapshot_20150919T025947Z
471210,3,3,0,1.0,1,0,0,2,snapshot_20150919T025947Z
471338,6,3,3,0.5,1,0,0,3,snapshot_20150919T025947Z
471437,5,5,0,1.0,1,0,0,3,snapshot_20150919T025947Z
471485,14,14,0,1.0,1,0,0,12,snapshot_20150919T025947Z
471670,5,2,3,0.4,1,0,0,4,snapshot_20150919T025947Z
471929,29,19,10,0.6551724137931034,1,0,0,25,snapshot_20150919T025947Z
471950,37,34,3,0.918918918918919,1,0,0,31,snapshot_20150919T025947Z
472290,11,11,0,1.0,1,0,0,1,snapshot_20150919T025947Z
472487,24,21,3,0.875,1,0,0,19,snapshot_20150919T025947Z
472614,6,6,0,1.0,1,0,0,4,snapshot_20150919T025947Z
473021,3,3,0,1.0,1,0,0,1,snapshot_20150919T025947Z
473074,5,5,0,1.0,1,0,0,2,snapshot_20150919T025947Z
473078,7,7,0,1.0,1,0,0,5,snapshot_20150919T025947Z
473357,2,2,0,1.0,1,1,0,0,snapshot_20150919T025947Z
473366,4,3,1,0.75,1,0,0,2,snapshot_20150919T025947Z
474257,4,0,4,0.0,0,0,1,2,snapshot_20150919T025947Z
474313,3,3,0,1.0,1,0,0,1,snapshot_20150919T025947Z
474497,11,11,0,1.0,1,0,0,9,snapshot_20150919T025947Z
474650,1,0,1,0.0,0,1,1,0,snapshot_20150919T025947Z
474912,9,8,1,0.8888888888888888,1,0,0,6,snapshot_20150919T025947Z
474956,20,20,0,1.0,1,0,0,18,snapshot_20150919T025947Z
474972,10,5,5,0.5,1,0,0,8,snapshot_20150919T025947Z
475172,135,107,28,0.7925925925925926,1,0,0,108,snapshot_20150919T025947Z
475204,21,21,0,1.0,1,0,0,17,snapshot_20150919T025947Z
475268,3,3,0,1.0,1,0,0,1,snapshot_20150919T025947Z
475303,11,0,11,0.0,0,0,1,6,snapshot_20150919T025947Z
475447,4,4,0,1.0,1,0,0,2,snapshot_20150919T025947Z
475479,472,424,48,0.8983050847457628,1,0,0,437,snapshot_20150919T025947Z
475717,5,5,0,1.0,1,0,0,3,snapshot_20150919T025947Z
475994,2,2,0,1.0,1,0,0,1,snapshot_20150919T025947Z
476125,33,19,14,0.5757575757575758,1,0,0,21,snapshot_20150919T025947Z
476132,3,3,0,1.0,1,0,0,1,snapshot_20150919T025947Z
476165,5,0,5,0.0,0,0,1,3,snapshot_20150919T025947Z
476207,3,2,1,0.6666666666666666,1,0,0,1,snapshot_20150919T025947Z
476273,5,2,3,0.4,1,0,0,3,snapshot_20150919T025947Z
476523,10,10,0,1.0,1,0,0,4,snapshot_20150919T025947Z
476773,4,4,0,1.0,1,0,0,2,snapshot_20150919T025947Z
476780,20,19,1,0.95,1,0,0,18,snapshot_20150919T025947Z
476870,11,11,0,1.0,1,0,0,9,snapshot_20150919T025947Z
477155,4,4,0,1.0,1,0,0,1,snapshot_20150919T025947Z
477390,15,13,2,0.8666666666666667,1,0,0,13,snapshot_20150919T025947Z
477505,6,3,3,0.5,1,0,0,4,snapshot_20150919T025947Z
477566,42,42,0,1.0,1,0,0,38,snapshot_20150919T025947Z
477743,8,8,0,1.0,1,0,0,6,snapshot_20150919T025947Z
477826,647,613,34,0.9474497681607419,1,0,0,577,snapshot_20150919T025947Z
477941,3,3,0,1.0,1,0,0,1,snapshot_20150919T025947Z
478054,60,33,27,0.55,1,0,0,26,snapshot_20150919T025947Z
478518,35,28,7,0.8,1,0,0,30,snapshot_20150919T025947Z
478763,3,3,0,1.0,1,0,0,1,snapshot_20150919T025947Z
478902,7,7,0,1.0,1,0,0,4,snapshot_20150919T025947Z
478995,5,5,0,1.0,1,0,0,2,snapshot_20150919T025947Z
479005,3,3,0,1.0,1,0,0,1,snapshot_20150919T025947Z
479127,5,5,0,1.0,1,0,0,3,snapshot_20150919T025947Z
479324,3,3,0,1.0,1,0,0,1,snapshot_20150919T025947Z
479343,38,0,38,0.0,0,0,1,36,snapshot_20150919T025947Z
479891,6,6,0,1.0,1,0,0,4,snapshot_20150919T025947Z
480000,4,4,0,1.0,1,0,0,2,snapshot_20150919T025947Z
480011,4,4,0,1.0,1,0,0,2,snapshot_20150919T025947Z
480064,4,4,0,1.0,1,0,0,2,snapshot_20150919T025947Z
480198,8,8,0,1.0,1,0,0,6,snapshot_20150919T025947Z
480203,11,8,3,0.7272727272727273,1,0,0,7,snapshot_20150919T025947Z
480399,5,5,0,1.0,1,0,0,3,snapshot_20150919T025947Z
480440,4,4,0,1.0,1,0,0,2,snapshot_20150919T025947Z
480552,4,3,1,0.75,1,0,0,2,snapshot_20150919T025947Z
480593,4,4,0,1.0,1,0,0,2,snapshot_20150919T025947Z
480624,3,3,0,1.0,1,0,0,1,snapshot_20150919T025947Z
480628,6,6,0,1.0,1,0,0,4,snapshot_20150919T025947Z
480666,3,3,0,1.0,1,0,0,1,snapshot_20150919T025947Z
480722,10,6,4,0.6,1,0,0,8,snapshot_20150919T025947Z
480744,67,33,34,0.4925373134328358,1,0,0,51,snapshot_20150919T025947Z
480933,20,18,2,0.9,1,0,0,5,snapshot_20150919T025947Z
481102,2,0,2,0.0,0,1,1,0,snapshot_20150919T025947Z
481437,67,65,2,0.9701492537313433,1,0,0,35,snapshot_20150919T025947Z
481481,3,3,0,1.0,1,0,0,1,snapshot_20150919T025947Z
481630,11,7,4,0.6363636363636364,1,0,0,9,snapshot_20150919T025947Z
481830,5,5,0,1.0,1,0,0,3,snapshot_20150919T025947Z
481873,5,5,0,1.0,1,0,0,3,snapshot_20150919T025947Z
481915,6,5,1,0.8333333333333334,1,0,0,4,snapshot_20150919T025947Z
481982,11,11,0,1.0,1,0,0,7,snapshot_20150919T025947Z
482240,3,3,0,1.0,1,0,0,1,snapshot_20150919T025947Z
482401,5,5,0,1.0,1,0,0,3,snapshot_20150919T025947Z
482439,6,5,1,0.8333333333333334,1,0,0,5,snapshot_20150919T025947Z
482558,10,10,0,1.0,1,0,0,9,snapshot_20150919T025947Z
482614,12,12,0,1.0,1,0,0,10,snapshot_20150919T025947Z
482752,55,55,0,1.0,1,0,0,51,snapshot_20150919T025947Z
483048,19,15,4,0.7894736842105263,1,0,0,18,snapshot_20150919T025947Z
483098,7,0,7,0.0,0,0,1,4,snapshot_20150919T025947Z
483168,4,4,0,1.0,1,0,0,2,snapshot_20150919T025947Z
483194,4,4,0,1.0,1,0,0,2,snapshot_20150919T025947Z
483303,9,7,2,0.7777777777777778,1,0,0,7,snapshot_20150919T025947Z
483316,31,1,30,0.03225806451612903,1,0,0,29,snapshot_20150919T025947Z
483336,13,13,0,1.0,1,0,0,9,snapshot_20150919T025947Z
483363,16,9,7,0.5625,1,0,0,5,snapshot_20150919T025947Z
483471,65,65,0,1.0,1,0,0,60,snapshot_20150919T025947Z
483743,4,4,0,1.0,1,0,0,2,snapshot_20150919T025947Z
484064,6,5,1,0.8333333333333334,1,0,0,4,snapshot_20150919T025947Z
484291,8,8,0,1.0,1,0,0,7,snapshot_20150919T025947Z
484451,13,11,2,0.8461538461538461,1,0,0,11,snapshot_20150919T025947Z
484459,5,5,0,1.0,1,0,0,3,snapshot_20150919T025947Z
484584,2,2,0,1.0,1,0,0,1,snapshot_20150919T025947Z
484641,16,13,3,0.8125,1,0,0,11,snapshot_20150919T025947Z
484875,4,4,0,1.0,1,0,0,2,snapshot_20150919T025947Z
485161,6,2,4,0.3333333333333333,1,0,0,3,snapshot_20150919T025947Z
485368,7,7,0,1.0,1,0,0,1,snapshot_20150919T025947Z
485680,6,6,0,1.0,1,0,0,4,snapshot_20150919T025947Z
485689,456,448,8,0.9824561403508771,1,0,0,450,snapshot_20150919T025947Z
485699,10,10,0,1.0,1,0,0,7,snapshot_20150919T025947Z
485795,6,6,0,1.0,1,0,0,2,snapshot_20150919T025947Z
485812,5,5,0,1.0,1,0,0,3,snapshot_20150919T025947Z
485995,8,8,0,1.0,1,0,0,7,snapshot_20150919T025947Z
486312,18,17,1,0.9444444444444444,1,0,0,15,snapshot_20150919T025947Z
486346,9,9,0,1.0,1,0,0,7,snapshot_20150919T025947Z
486538,3,3,0,1.0,1,0,0,1,snapshot_20150919T025947Z
486681,5,5,0,1.0,1,0,0,3,snapshot_20150919T025947Z
486906,7,4,3,0.5714285714285714,1,0,0,6,snapshot_20150919T025947Z
486983,5,5,0,1.0,1,0,0,3,snapshot_20150919T025947Z
487062,5,5,0,1.0,1,0,0,3,snapshot_20150919T025947Z
487295,2,2,0,1.0,1,1,0,0,snapshot_20150919T025947Z
487536,26,21,5,0.8076923076923077,1,0,0,18,snapshot_20150919T025947Z
487541,14,14,0,1.0,1,0,0,12,snapshot_20150919T025947Z
487568,2,2,0,1.0,1,0,0,1,snapshot_20150919T025947Z
487723,3,3,0,1.0,1,0,0,1,snapshot_20150919T025947Z
487926,8,0,8,0.0,0,0,1,4,snapshot_20150919T025947Z
488020,7,6,1,0.8571428571428571,1,0,0,3,snapshot_20150919T025947Z
488277,5,0,5,0.0,0,0,1,3,snapshot_20150919T025947Z
488322,23,22,1,0.9565217391304348,1,0,0,17,snapshot_20150919T025947Z
488343,4,4,0,1.0,1,0,0,2,snapshot_20150919T025947Z
488462,9,9,0,1.0,1,0,0,7,snapshot_20150919T025947Z
488490,4,4,0,1.0,1,0,0,3,snapshot_20150919T025947Z
488712,3,3,0,1.0,1,0,0,1,snapshot_20150919T025947Z
488723,5,5,0,1.0,1,0,0,2,snapshot_20150919T025947Z
488858,42,32,10,0.7619047619047619,1,0,0,24,snapshot_20150919T025947Z
489033,4,4,0,1.0,1,0,0,2,snapshot_20150919T025947Z
489217,2,2,0,1.0,1,1,0,0,snapshot_20150919T025947Z
489659,6,6,0,1.0,1,0,0,4,snapshot_20150919T025947Z
490113,5,5,0,1.0,1,0,0,3,snapshot_20150919T025947Z
490177,6,0,6,0.0,0,0,1,4,snapshot_20150919T025947Z
490223,9,9,0,1.0,1,0,0,5,snapshot_20150919T025947Z
490604,6,6,0,1.0,1,0,0,4,snapshot_20150919T025947Z
490684,3,3,0,1.0,1,0,0,1,snapshot_20150919T025947Z
490755,9,9,0,1.0,1,0,0,7,snapshot_20150919T025947Z
490761,10,10,0,1.0,1,0,0,4,snapshot_20150919T025947Z
490857,4,4,0,1.0,1,0,0,2,snapshot_20150919T025947Z
490916,6,0,6,0.0,0,0,1,4,snapshot_20150919T025947Z
491108,4,4,0,1.0,1,0,0,2,snapshot_20150919T025947Z
491192,3,3,0,1.0,1,0,0,1,snapshot_20150919T025947Z
491245,3,0,3,0.0,0,0,1,1,snapshot_20150919T025947Z
491280,4,4,0,1.0,1,0,0,2,snapshot_20150919T025947Z
491323,93,65,28,0.6989247311827957,1,0,0,82,snapshot_20150919T025947Z
491610,8,8,0,1.0,1,0,0,3,snapshot_20150919T025947Z
491657,15,9,6,0.6,1,0,0,12,snapshot_20150919T025947Z
491737,10,10,0,1.0,1,0,0,8,snapshot_20150919T025947Z
491895,2,2,0,1.0,1,0,0,1,snapshot_20150919T025947Z
491908,29,28,1,0.9655172413793104,1,0,0,25,snapshot_20150919T025947Z
491949,2,0,2,0.0,0,0,1,1,snapshot_20150919T025947Z
491961,15,15,0,1.0,1,0,0,11,snapshot_20150919T025947Z
492191,4,0,4,0.0,0,0,1,2,snapshot_20150919T025947Z
492384,8,7,1,0.875,1,0,0,6,snapshot_20150919T025947Z
492404,3,3,0,1.0,1,0,0,1,snapshot_20150919T025947Z
492432,9,9,0,1.0,1,0,0,7,snapshot_20150919T025947Z
492470,9,9,0,1.0,1,0,0,6,snapshot_20150919T025947Z
492796,5,5,0,1.0,1,0,0,2,snapshot_20150919T025947Z
492800,11,10,1,0.9090909090909091,1,0,0,9,snapshot_20150919T025947Z
492867,7,0,7,0.0,0,0,1,3,snapshot_20150919T025947Z
493111,2,2,0,1.0,1,0,0,1,snapshot_20150919T025947Z
493156,17,17,0,1.0,1,0,0,14,snapshot_20150919T025947Z
493213,6,6,0,1.0,1,0,0,4,snapshot_20150919T025947Z
493231,3,3,0,1.0,1,0,0,1,snapshot_20150919T025947Z
493239,3,3,0,1.0,1,0,0,1,snapshot_20150919T025947Z
493320,4,4,0,1.0,1,0,0,2,snapshot_20150919T025947Z
493601,3,3,0,1.0,1,0,0,1,snapshot_20150919T025947Z
493613,42,39,3,0.9285714285714286,1,0,0,40,snapshot_20150919T025947Z
493708,9,9,0,1.0,1,0,0,5,snapshot_20150919T025947Z
493930,4,4,0,1.0,1,0,0,2,snapshot_20150919T025947Z
494059,14,8,6,0.5714285714285714,1,0,0,8,snapshot_20150919T025947Z
494239,6,5,1,0.8333333333333334,1,0,0,4,snapshot_20150919T025947Z
494335,3,3,0,1.0,1,0,0,1,snapshot_20150919T025947Z
494369,5,0,5,0.0,0,0,1,3,snapshot_20150919T025947Z
494396,4,0,4,0.0,0,0,1,2,snapshot_20150919T025947Z
494464,4,4,0,1.0,1,0,0,1,snapshot_20150919T025947Z
494576,5,5,0,1.0,1,0,0,2,snapshot_20150919T025947Z
494643,4,4,0,1.0,1,0,0,2,snapshot_20150919T025947Z
494728,5,5,0,1.0,1,0,0,3,snapshot_20150919T025947Z
494791,9,5,4,0.5555555555555556,1,0,0,7,snapshot_20150919T025947Z
495095,13,13,0,1.0,1,0,0,11,snapshot_20150919T025947Z
495139,3,3,0,1.0,1,0,0,1,snapshot_20150919T025947Z
495152,46,38,8,0.8260869565217391,1,0,0,38,snapshot_20150919T025947Z
495385,2,2,0,1.0,1,1,0,0,snapshot_20150919T025947Z
495597,4,4,0,1.0,1,0,0,2,snapshot_20150919T025947Z
495782,6,6,0,1.0,1,0,0,4,snapshot_20150919T025947Z
496310,14,12,2,0.8571428571428571,1,0,0,12,snapshot_20150919T025947Z
496313,61,51,10,0.8360655737704918,1,0,0,57,snapshot_20150919T025947Z
496425,8,2,6,0.25,1,0,0,6,snapshot_20150919T025947Z
496489,3,3,0,1.0,1,0,0,1,snapshot_20150919T025947Z
496628,3,3,0,1.0,1,0,0,1,snapshot_20150919T025947Z
496689,7,0,7,0.0,0,0,1,4,snapshot_20150919T025947Z
496796,30,30,0,1.0,1,0,0,27,snapshot_20150919T025947Z
496986,6,6,0,1.0,1,0,0,5,snapshot_20150919T025947Z
497100,11,11,0,1.0,1,0,0,5,snapshot_20150919T025947Z
497167,15,9,6,0.6,1,0,0,11,snapshot_20150919T025947Z
497270,3,3,0,1.0,1,0,0,1,snapshot_20150919T025947Z
497351,7,7,0,1.0,1,0,0,5,snapshot_20150919T025947Z
497371,40,38,2,0.95,1,0,0,21,snapshot_20150919T025947Z
497449,7,7,0,1.0,1,0,0,5,snapshot_20150919T025947Z
497546,6,6,0,1.0,1,0,0,1,snapshot_20150919T025947Z
497721,7,7,0,1.0,1,0,0,4,snapshot_20150919T025947Z
497761,9,7,2,0.7777777777777778,1,0,0,4,snapshot_20150919T025947Z
497789,6,5,1,0.8333333333333334,1,0,0,4,snapshot_20150919T025947Z
497826,3,0,3,0.0,0,0,1,2,snapshot_20150919T025947Z
497827,11,10,1,0.9090909090909091,1,0,0,6,snapshot_20150919T025947Z
497935,44,34,10,0.7727272727272727,1,0,0,30,snapshot_20150919T025947Z
498134,7,6,1,0.8571428571428571,1,0,0,5,snapshot_20150919T025947Z
498136,6,6,0,1.0,1,0,0,3,snapshot_20150919T025947Z
498233,9,8,1,0.8888888888888888,1,0,0,7,snapshot_20150919T025947Z
498259,13,11,2,0.8461538461538461,1,0,0,11,snapshot_20150919T025947Z
498381,3,3,0,1.0,1,0,0,1,snapshot_20150919T025947Z
498657,3,3,0,1.0,1,0,0,1,snapshot_20150919T025947Z
498856,28,28,0,1.0,1,0,0,21,snapshot_20150919T025947Z
499155,6,3,3,0.5,1,0,0,4,snapshot_20150919T025947Z
499246,9,9,0,1.0,1,0,0,5,snapshot_20150919T025947Z
499382,4,4,0,1.0,1,0,0,2,snapshot_20150919T025947Z
499686,23,3,20,0.13043478260869565,1,0,0,13,snapshot_20150919T025947Z
499745,9,9,0,1.0,1,0,0,7,snapshot_20150919T025947Z
499833,2,2,0,1.0,1,0,0,1,snapshot_20150919T025947Z
499910,5,5,0,1.0,1,0,0,3,snapshot_20150919T025947Z
500008,3,3,0,1.0,1,0,0,2,snapshot_20150919T025947Z
500130,29,29,0,1.0,1,0,0,21,snapshot_20150919T025947Z
500167,27,26,1,0.9629629629629629,1,0,0,26,snapshot_20150919T025947Z
500412,6,5,1,0.8333333333333334,1,0,0,4,snapshot_20150919T025947Z
501099,5,5,0,1.0,1,0,0,3,snapshot_20150919T025947Z
501184,5,5,0,1.0,1,0,0,1,snapshot_20150919T025947Z
501189,5,5,0,1.0,1,0,0,3,snapshot_20150919T025947Z
501391,11,2,9,0.18181818181818182,1,0,0,9,snapshot_20150919T025947Z
501429,58,54,4,0.9310344827586207,1,0,0,51,snapshot_20150919T025947Z
501594,14,10,4,0.7142857142857143,1,0,0,12,snapshot_20150919T025947Z
501814,10,10,0,1.0,1,0,0,4,snapshot_20150919T025947Z
502083,22,17,5,0.7727272727272727,1,0,0,20,snapshot_20150919T025947Z
502170,8,8,0,1.0,1,0,0,6,snapshot_20150919T025947Z
502189,7,7,0,1.0,1,0,0,2,snapshot_20150919T025947Z
502408,22,20,2,0.9090909090909091,1,0,0,17,snapshot_20150919T025947Z
502586,9,9,0,1.0,1,0,0,7,snapshot_20150919T025947Z
502593,4,0,4,0.0,0,0,1,2,snapshot_20150919T025947Z
502646,3,3,0,1.0,1,0,0,1,snapshot_20150919T025947Z
502658,6,6,0,1.0,1,0,0,4,snapshot_20150919T025947Z
502778,5,2,3,0.4,1,0,0,1,snapshot_20150919T025947Z
502892,5,2,3,0.4,1,0,0,3,snapshot_20150919T025947Z
502974,12,12,0,1.0,1,0,0,11,snapshot_20150919T025947Z
503040,4,4,0,1.0,1,0,0,2,snapshot_20150919T025947Z
503136,3,3,0,1.0,1,0,0,1,snapshot_20150919T025947Z
503405,4,0,4,0.0,0,0,1,2,snapshot_20150919T025947Z
503427,4,1,3,0.25,1,0,0,2,snapshot_20150919T025947Z
503469,3,3,0,1.0,1,0,0,1,snapshot_20150919T025947Z
503489,3,3,0,1.0,1,0,0,1,snapshot_20150919T025947Z
503511,6,6,0,1.0,1,0,0,5,snapshot_20150919T025947Z
503542,1,0,1,0.0,0,1,1,0,snapshot_20150919T025947Z
503587,5,5,0,1.0,1,0,0,3,snapshot_20150919T025947Z
503671,3,3,0,1.0,1,0,0,1,snapshot_20150919T025947Z
503691,26,26,0,1.0,1,0,0,20,snapshot_20150919T025947Z
503800,6,0,6,0.0,0,0,1,4,snapshot_20150919T025947Z
503857,213,159,54,0.7464788732394366,1,0,0,167,snapshot_20150919T025947Z
503889,5,5,0,1.0,1,0,0,3,snapshot_20150919T025947Z
503891,3,3,0,1.0,1,0,0,1,snapshot_20150919T025947Z
503906,3,3,0,1.0,1,0,0,1,snapshot_20150919T025947Z
504204,7,7,0,1.0,1,0,0,5,snapshot_20150919T025947Z
504634,4,4,0,1.0,1,0,0,2,snapshot_20150919T025947Z
504656,34,34,0,1.0,1,0,0,29,snapshot_20150919T025947Z
504827,15,11,4,0.7333333333333333,1,0,0,12,snapshot_20150919T025947Z
504901,12,11,1,0.9166666666666666,1,0,0,9,snapshot_20150919T025947Z
504978,6,6,0,1.0,1,0,0,3,snapshot_20150919T025947Z
505168,17,12,5,0.7058823529411765,1,0,0,15,snapshot_20150919T025947Z
505313,3,3,0,1.0,1,0,0,1,snapshot_20150919T025947Z
505455,6,6,0,1.0,1,0,0,4,snapshot_20150919T025947Z
505471,11,11,0,1.0,1,0,0,8,snapshot_20150919T025947Z
505565,3,3,0,1.0,1,0,0,1,snapshot_20150919T025947Z
505568,5,5,0,1.0,1,0,0,1,snapshot_20150919T025947Z
505739,12,12,0,1.0,1,0,0,9,snapshot_20150919T025947Z
505824,3,0,3,0.0,0,0,1,1,snapshot_20150919T025947Z
505988,6,0,6,0.0,0,0,1,4,snapshot_20150919T025947Z
506007,4,4,0,1.0,1,0,0,2,snapshot_20150919T025947Z
506086,3,3,0,1.0,1,0,0,1,snapshot_20150919T025947Z
506260,12,12,0,1.0,1,0,0,10,snapshot_20150919T025947Z
506308,11,11,0,1.0,1,0,0,5,snapshot_20150919T025947Z
506467,6,6,0,1.0,1,0,0,4,snapshot_20150919T025947Z
506763,5,5,0,1.0,1,0,0,3,snapshot_20150919T025947Z
506800,3,3,0,1.0,1,0,0,1,snapshot_20150919T025947Z
506838,8,8,0,1.0,1,0,0,6,snapshot_20150919T025947Z
506843,9,9,0,1.0,1,0,0,8,snapshot_20150919T025947Z
506913,14,14,0,1.0,1,0,0,12,snapshot_20150919T025947Z
507103,17,12,5,0.7058823529411765,1,0,0,10,snapshot_20150919T025947Z
507246,13,13,0,1.0,1,0,0,10,snapshot_20150919T025947Z
507351,6,6,0,1.0,1,0,0,4,snapshot_20150919T025947Z
507593,4,4,0,1.0,1,0,0,2,snapshot_20150919T025947Z
507612,4,2,2,0.5,1,0,0,2,snapshot_20150919T025947Z
507743,15,15,0,1.0,1,0,0,13,snapshot_20150919T025947Z
507994,11,11,0,1.0,1,0,0,9,snapshot_20150919T025947Z
508278,25,25,0,1.0,1,0,0,23,snapshot_20150919T025947Z
508334,3,3,0,1.0,1,0,0,1,snapshot_20150919T025947Z
508520,11,3,8,0.2727272727272727,1,0,0,7,snapshot_20150919T025947Z
508609,17,1,16,0.058823529411764705,1,0,0,14,snapshot_20150919T025947Z
508655,4,3,1,0.75,1,0,0,2,snapshot_20150919T025947Z
508719,4,4,0,1.0,1,0,0,2,snapshot_20150919T025947Z
508863,3,0,3,0.0,0,0,1,1,snapshot_20150919T025947Z
508929,2,0,2,0.0,0,0,1,1,snapshot_20150919T025947Z
509017,64,64,0,1.0,1,0,0,61,snapshot_20150919T025947Z
509109,103,58,45,0.5631067961165048,1,0,0,93,snapshot_20150919T025947Z
509343,9,9,0,1.0,1,0,0,5,snapshot_20150919T025947Z
509346,26,26,0,1.0,1,0,0,19,snapshot_20150919T025947Z
509434,2,2,0,1.0,1,1,0,0,snapshot_20150919T025947Z
509444,14,14,0,1.0,1,0,0,5,snapshot_20150919T025947Z
509679,3,3,0,1.0,1,0,0,1,snapshot_20150919T025947Z
509833,3,3,0,1.0,1,0,0,1,snapshot_20150919T025947Z
510215,15,15,0,1.0,1,0,0,12,snapshot_20150919T025947Z
510429,9,9,0,1.0,1,0,0,7,snapshot_20150919T025947Z
510546,4,4,0,1.0,1,0,0,2,snapshot_20150919T025947Z
510974,5,5,0,1.0,1,0,0,3,snapshot_20150919T025947Z
511086,4,4,0,1.0,1,0,0,2,snapshot_20150919T025947Z
511161,11,11,0,1.0,1,0,0,6,snapshot_20150919T025947Z
511312,3,3,0,1.0,1,0,0,2,snapshot_20150919T025947Z
511438,39,36,3,0.9230769230769231,1,0,0,36,snapshot_20150919T025947Z
511646,29,7,22,0.2413793103448276,1,0,0,24,snapshot_20150919T025947Z
511708,4,4,0,1.0,1,0,0,2,snapshot_20150919T025947Z
511779,5,5,0,1.0,1,0,0,4,snapshot_20150919T025947Z
512033,25,25,0,1.0,1,0,0,16,snapshot_20150919T025947Z
512180,5,5,0,1.0,1,0,0,4,snapshot_20150919T025947Z
512281,9,9,0,1.0,1,0,0,7,snapshot_20150919T025947Z
512833,2,0,2,0.0,0,0,1,1,snapshot_20150919T025947Z
512920,17,4,13,0.23529411764705882,1,0,0,15,snapshot_20150919T025947Z
513361,9,9,0,1.0,1,0,0,7,snapshot_20150919T025947Z
513374,3,3,0,1.0,1,0,0,1,snapshot_20150919T025947Z
513408,8,8,0,1.0,1,0,0,7,snapshot_20150919T025947Z
513479,11,9,2,0.8181818181818182,1,0,0,9,snapshot_20150919T025947Z
513497,3,3,0,1.0,1,0,0,1,snapshot_20150919T025947Z
513593,10,10,0,1.0,1,0,0,8,snapshot_20150919T025947Z
513830,4,4,0,1.0,1,0,0,2,snapshot_20150919T025947Z
513854,3,3,0,1.0,1,0,0,1,snapshot_20150919T025947Z
513984,5,5,0,1.0,1,1,0,0,snapshot_20150919T025947Z
514028,6,6,0,1.0,1,0,0,4,snapshot_20150919T025947Z
514217,4,4,0,1.0,1,0,0,2,snapshot_20150919T025947Z
514625,7,7,0,1.0,1,0,0,5,snapshot_20150919T025947Z
514740,3,3,0,1.0,1,0,0,1,snapshot_20150919T025947Z
514825,15,15,0,1.0,1,0,0,11,snapshot_20150919T025947Z
514943,24,22,2,0.9166666666666666,1,0,0,22,snapshot_20150919T025947Z
515710,3,3,0,1.0,1,0,0,1,snapshot_20150919T025947Z
515716,3,3,0,1.0,1,0,0,1,snapshot_20150919T025947Z
515719,4,4,0,1.0,1,0,0,2,snapshot_20150919T025947Z
515890,9,9,0,1.0,1,0,0,3,snapshot_20150919T025947Z
515906,3,3,0,1.0,1,0,0,1,snapshot_20150919T025947Z
515962,11,9,2,0.8181818181818182,1,0,0,8,snapshot_20150919T025947Z
515977,8,8,0,1.0,1,0,0,6,snapshot_20150919T025947Z
516143,13,13,0,1.0,1,0,0,11,snapshot_20150919T025947Z
516157,8,8,0,1.0,1,0,0,6,snapshot_20150919T025947Z
516166,17,4,13,0.23529411764705882,1,0,0,16,snapshot_20150919T025947Z
516261,178,160,18,0.898876404494382,1,0,0,172,snapshot_20150919T025947Z
516355,7,6,1,0.8571428571428571,1,0,0,5,snapshot_20150919T025947Z
516563,7,7,0,1.0,1,0,0,3,snapshot_20150919T025947Z
516648,2,2,0,1.0,1,0,0,1,snapshot_20150919T025947Z
516732,41,27,14,0.6585365853658537,1,0,0,18,snapshot_20150919T025947Z
516778,2,2,0,1.0,1,0,0,1,snapshot_20150919T025947Z
516784,18,16,2,0.8888888888888888,1,0,0,16,snapshot_20150919T025947Z
517019,2,2,0,1.0,1,0,0,1,snapshot_20150919T025947Z
517088,5,0,5,0.0,0,0,1,3,snapshot_20150919T025947Z
517613,4,4,0,1.0,1,0,0,2,snapshot_20150919T025947Z
517690,4,0,4,0.0,0,0,1,2,snapshot_20150919T025947Z
517720,33,25,8,0.7575757575757576,1,0,0,29,snapshot_20150919T025947Z
517951,3,0,3,0.0,0,0,1,2,snapshot_20150919T025947Z
518294,2,2,0,1.0,1,0,0,1,snapshot_20150919T025947Z
518417,9,0,9,0.0,0,0,1,7,snapshot_20150919T025947Z
518461,3,3,0,1.0,1,0,0,1,snapshot_20150919T025947Z
518659,1614,1114,500,0.6902106567534076,1,0,0,1490,snapshot_20150919T025947Z
519103,3,3,0,1.0,1,0,0,1,snapshot_20150919T025947Z
519346,3,3,0,1.0,1,0,0,1,snapshot_20150919T025947Z
519535,9,6,3,0.6666666666666666,1,0,0,8,snapshot_20150919T025947Z
519563,3,2,1,0.6666666666666666,1,0,0,1,snapshot_20150919T025947Z
519586,3,3,0,1.0,1,0,0,1,snapshot_20150919T025947Z
519736,7,7,0,1.0,1,0,0,6,snapshot_20150919T025947Z
519839,726,658,68,0.90633608815427,1,0,0,641,snapshot_20150919T025947Z
519885,51,51,0,1.0,1,0,0,42,snapshot_20150919T025947Z
519945,20,20,0,1.0,1,0,0,18,snapshot_20150919T025947Z
519955,4,4,0,1.0,1,0,0,2,snapshot_20150919T025947Z
520238,3,3,0,1.0,1,0,0,1,snapshot_20150919T025947Z
520278,8,3,5,0.375,1,0,0,3,snapshot_20150919T025947Z
520400,10,10,0,1.0,1,0,0,8,snapshot_20150919T025947Z
520459,29,28,1,0.9655172413793104,1,0,0,27,snapshot_20150919T025947Z
520501,6,3,3,0.5,1,0,0,2,snapshot_20150919T025947Z
520510,4,4,0,1.0,1,0,0,2,snapshot_20150919T025947Z
521014,13,4,9,0.3076923076923077,1,0,0,10,snapshot_20150919T025947Z
521228,7,6,1,0.8571428571428571,1,0,0,5,snapshot_20150919T025947Z
521261,17,17,0,1.0,1,0,0,15,snapshot_20150919T025947Z
521286,8,3,5,0.375,1,0,0,6,snapshot_20150919T025947Z
521419,6,0,6,0.0,0,0,1,3,snapshot_20150919T025947Z
521451,5,5,0,1.0,1,0,0,3,snapshot_20150919T025947Z
521488,19,19,0,1.0,1,0,0,6,snapshot_20150919T025947Z
521494,5,5,0,1.0,1,0,0,3,snapshot_20150919T025947Z
521563,15,15,0,1.0,1,0,0,10,snapshot_20150919T025947Z
521576,3,3,0,1.0,1,0,0,1,snapshot_20150919T025947Z
521580,11,11,0,1.0,1,0,0,9,snapshot_20150919T025947Z
521734,5,5,0,1.0,1,0,0,3,snapshot_20150919T025947Z
521802,3,3,0,1.0,1,0,0,2,snapshot_20150919T025947Z
521833,3,3,0,1.0,1,0,0,2,snapshot_20150919T025947Z
521841,4,4,0,1.0,1,0,0,2,snapshot_20150919T025947Z
522018,5,5,0,1.0,1,0,0,3,snapshot_20150919T025947Z
522192,5,5,0,1.0,1,0,0,3,snapshot_20150919T025947Z
522427,7,7,0,1.0,1,0,0,3,snapshot_20150919T025947Z
522428,9,7,2,0.7777777777777778,1,0,0,7,snapshot_20150919T025947Z
522568,31,31,0,1.0,1,0,0,27,snapshot_20150919T025947Z
522644,10,10,0,1.0,1,0,0,6,snapshot_20150919T025947Z
522739,8,5,3,0.625,1,0,0,2,snapshot_20150919T025947Z
523058,4,4,0,1.0,1,0,0,2,snapshot_20150919T025947Z
523281,9,7,2,0.7777777777777778,1,0,0,8,snapshot_20150919T025947Z
523381,3,3,0,1.0,1,0,0,1,snapshot_20150919T025947Z
523543,2,2,0,1.0,1,0,0,1,snapshot_20150919T025947Z
523640,24,3,21,0.125,1,0,0,21,snapshot_20150919T025947Z
523654,5,4,1,0.8,1,0,0,3,snapshot_20150919T025947Z
523663,8,8,0,1.0,1,0,0,5,snapshot_20150919T025947Z
523703,4,4,0,1.0,1,0,0,1,snapshot_20150919T025947Z
523878,4,4,0,1.0,1,0,0,2,snapshot_20150919T025947Z
523988,5,5,0,1.0,1,0,0,4,snapshot_20150919T025947Z
524115,20,0,20,0.0,0,0,1,15,snapshot_20150919T025947Z
524146,463,440,23,0.9503239740820735,1,0,0,454,snapshot_20150919T025947Z
524680,16,16,0,1.0,1,0,0,14,snapshot_20150919T025947Z
524682,14,14,0,1.0,1,0,0,12,snapshot_20150919T025947Z
524905,14,14,0,1.0,1,0,0,12,snapshot_20150919T025947Z
524974,19,19,0,1.0,1,0,0,15,snapshot_20150919T025947Z
525008,5,5,0,1.0,1,0,0,3,snapshot_20150919T025947Z
525170,6,6,0,1.0,1,0,0,2,snapshot_20150919T025947Z
525173,3,0,3,0.0,0,0,1,1,snapshot_20150919T025947Z
525183,26,20,6,0.7692307692307693,1,0,0,23,snapshot_20150919T025947Z
525397,8,8,0,1.0,1,0,0,4,snapshot_20150919T025947Z
525437,2,2,0,1.0,1,0,0,1,snapshot_20150919T025947Z
525445,6,6,0,1.0,1,0,0,2,snapshot_20150919T025947Z
525529,7,7,0,1.0,1,0,0,5,snapshot_20150919T025947Z
525851,8,8,0,1.0,1,0,0,6,snapshot_20150919T025947Z
526081,7,6,1,0.8571428571428571,1,0,0,5,snapshot_20150919T025947Z
526183,5,4,1,0.8,1,0,0,4,snapshot_20150919T025947Z
526452,4,4,0,1.0,1,0,0,2,snapshot_20150919T025947Z
526603,4,4,0,1.0,1,0,0,2,snapshot_20150919T025947Z
527033,12,12,0,1.0,1,0,0,9,snapshot_20150919T025947Z
527035,10,10,0,1.0,1,0,0,8,snapshot_20150919T025947Z
527144,3,3,0,1.0,1,0,0,2,snapshot_20150919T025947Z
527277,31,23,8,0.7419354838709677,1,0,0,22,snapshot_20150919T025947Z
527476,6,6,0,1.0,1,0,0,4,snapshot_20150919T025947Z
527506,6,1,5,0.16666666666666666,1,0,0,4,snapshot_20150919T025947Z
527722,3,0,3,0.0,0,0,1,1,snapshot_20150919T025947Z
527782,4,4,0,1.0,1,0,0,2,snapshot_20150919T025947Z
527789,5,4,1,0.8,1,0,0,3,snapshot_20150919T025947Z
527815,60,35,25,0.5833333333333334,1,0,0,51,snapshot_20150919T025947Z
527872,13,13,0,1.0,1,0,0,7,snapshot_20150919T025947Z
527903,4,0,4,0.0,0,0,1,3,snapshot_20150919T025947Z
528074,64,51,13,0.796875,1,0,0,55,snapshot_20150919T025947Z
528082,3,3,0,1.0,1,0,0,1,snapshot_20150919T025947Z
528169,54,24,30,0.4444444444444444,1,0,0,51,snapshot_20150919T025947Z
528198,5,5,0,1.0,1,0,0,3,snapshot_20150919T025947Z
528211,13,12,1,0.9230769230769231,1,0,0,11,snapshot_20150919T025947Z
528336,11,11,0,1.0,1,0,0,7,snapshot_20150919T025947Z
528531,13,13,0,1.0,1,0,0,5,snapshot_20150919T025947Z
528547,6,3,3,0.5,1,0,0,4,snapshot_20150919T025947Z
528934,5,5,0,1.0,1,0,0,3,snapshot_20150919T025947Z
529164,5,5,0,1.0,1,0,0,3,snapshot_20150919T025947Z
529248,5,5,0,1.0,1,0,0,3,snapshot_20150919T025947Z
529312,7,7,0,1.0,1,0,0,5,snapshot_20150919T025947Z
529371,5,5,0,1.0,1,0,0,3,snapshot_20150919T025947Z
529601,8,1,7,0.125,1,0,0,6,snapshot_20150919T025947Z
529925,82,67,15,0.8170731707317073,1,0,0,71,snapshot_20150919T025947Z
530033,310,247,63,0.7967741935483871,1,0,0,300,snapshot_20150919T025947Z
530205,4,4,0,1.0,1,0,0,2,snapshot_20150919T025947Z
530277,3,3,0,1.0,1,0,0,1,snapshot_20150919T025947Z
530559,4328,3274,1054,0.7564695009242144,1,0,0,3623,snapshot_20150919T025947Z
530617,3,3,0,1.0,1,0,0,1,snapshot_20150919T025947Z
530726,9,9,0,1.0,1,0,0,7,snapshot_20150919T025947Z
530863,28,11,17,0.39285714285714285,1,0,0,20,snapshot_20150919T025947Z
530984,7,7,0,1.0,1,0,0,5,snapshot_20150919T025947Z
530999,6,6,0,1.0,1,0,0,4,snapshot_20150919T025947Z
531000,8,0,8,0.0,0,1,1,0,snapshot_20150919T025947Z
531340,37,22,15,0.5945945945945946,1,0,0,34,snapshot_20150919T025947Z
531440,5,5,0,1.0,1,0,0,3,snapshot_20150919T025947Z
531569,16,16,0,1.0,1,0,0,13,snapshot_20150919T025947Z
531661,278,175,103,0.6294964028776978,1,0,0,269,snapshot_20150919T025947Z
531706,3,3,0,1.0,1,0,0,1,snapshot_20150919T025947Z
531869,4,4,0,1.0,1,0,0,2,snapshot_20150919T025947Z
531957,11,11,0,1.0,1,0,0,9,snapshot_20150919T025947Z
532126,3,3,0,1.0,1,0,0,1,snapshot_20150919T025947Z
532242,2,2,0,1.0,1,0,0,1,snapshot_20150919T025947Z
532247,9,9,0,1.0,1,0,0,7,snapshot_20150919T025947Z
532307,14,6,8,0.42857142857142855,1,0,0,12,snapshot_20150919T025947Z
532444,3,3,0,1.0,1,0,0,1,snapshot_20150919T025947Z
532514,6,4,2,0.6666666666666666,1,0,0,5,snapshot_20150919T025947Z
532571,5,5,0,1.0,1,0,0,3,snapshot_20150919T025947Z
532575,3,0,3,0.0,0,0,1,1,snapshot_20150919T025947Z
532641,3,3,0,1.0,1,0,0,1,snapshot_20150919T025947Z
532853,27,21,6,0.7777777777777778,1,0,0,23,snapshot_20150919T025947Z
532932,18,18,0,1.0,1,0,0,14,snapshot_20150919T025947Z
533142,38,33,5,0.868421052631579,1,0,0,36,snapshot_20150919T025947Z
533153,4,4,0,1.0,1,0,0,2,snapshot_20150919T025947Z
533357,3,3,0,1.0,1,0,0,2,snapshot_20150919T025947Z
533484,6,0,6,0.0,0,0,1,5,snapshot_20150919T025947Z
533553,5,5,0,1.0,1,0,0,3,snapshot_20150919T025947Z
533824,2,2,0,1.0,1,0,0,1,snapshot_20150919T025947Z
533967,7,7,0,1.0,1,0,0,5,snapshot_20150919T025947Z
534021,19,19,0,1.0,1,0,0,17,snapshot_20150919T025947Z
534073,34,33,1,0.9705882352941176,1,0,0,27,snapshot_20150919T025947Z
534123,3,3,0,1.0,1,0,0,1,snapshot_20150919T025947Z
534151,4,3,1,0.75,1,0,0,2,snapshot_20150919T025947Z
534217,11,11,0,1.0,1,0,0,9,snapshot_20150919T025947Z
534341,4,4,0,1.0,1,0,0,2,snapshot_20150919T025947Z
534689,5,5,0,1.0,1,0,0,3,snapshot_20150919T025947Z
534712,32,32,0,1.0,1,0,0,28,snapshot_20150919T025947Z
534814,11,11,0,1.0,1,0,0,9,snapshot_20150919T025947Z
534914,8,8,0,1.0,1,0,0,6,snapshot_20150919T025947Z
535009,3,3,0,1.0,1,0,0,1,snapshot_20150919T025947Z
535091,5,5,0,1.0,1,0,0,3,snapshot_20150919T025947Z
535410,17,15,2,0.8823529411764706,1,0,0,9,snapshot_20150919T025947Z
535433,4,4,0,1.0,1,0,0,2,snapshot_20150919T025947Z
535446,7,7,0,1.0,1,0,0,5,snapshot_20150919T025947Z
535471,5,5,0,1.0,1,0,0,1,snapshot_20150919T025947Z
535618,13,11,2,0.8461538461538461,1,0,0,11,snapshot_20150919T025947Z
535623,5,5,0,1.0,1,0,0,3,snapshot_20150919T025947Z
535835,5,5,0,1.0,1,0,0,3,snapshot_20150919T025947Z
536244,3,3,0,1.0,1,0,0,2,snapshot_20150919T025947Z
536255,4,4,0,1.0,1,0,0,2,snapshot_20150919T025947Z
536257,3,3,0,1.0,1,0,0,1,snapshot_20150919T025947Z
536478,3,3,0,1.0,1,0,0,1,snapshot_20150919T025947Z
536661,4,0,4,0.0,0,0,1,2,snapshot_20150919T025947Z
536757,18,17,1,0.9444444444444444,1,0,0,16,snapshot_20150919T025947Z
536804,69,51,18,0.7391304347826086,1,0,0,33,snapshot_20150919T025947Z
536824,3,3,0,1.0,1,0,0,2,snapshot_20150919T025947Z
536938,5,0,5,0.0,0,0,1,3,snapshot_20150919T025947Z
536952,3,0,3,0.0,0,0,1,1,snapshot_20150919T025947Z
537127,5,5,0,1.0,1,0,0,3,snapshot_20150919T025947Z
537189,7,7,0,1.0,1,0,0,5,snapshot_20150919T025947Z
537309,3,3,0,1.0,1,0,0,1,snapshot_20150919T025947Z
537639,23,14,9,0.6086956521739131,1,0,0,11,snapshot_20150919T025947Z
537692,7,0,7,0.0,0,0,1,3,snapshot_20150919T025947Z
537742,4,0,4,0.0,0,0,1,2,snapshot_20150919T025947Z
537781,2,0,2,0.0,0,0,1,1,snapshot_20150919T025947Z
537828,3,0,3,0.0,0,0,1,1,snapshot_20150919T025947Z
538000,7,7,0,1.0,1,0,0,5,snapshot_20150919T025947Z
538189,6,6,0,1.0,1,0,0,4,snapshot_20150919T025947Z
538288,18,12,6,0.6666666666666666,1,0,0,16,snapshot_20150919T025947Z
538534,11,11,0,1.0,1,0,0,9,snapshot_20150919T025947Z
538822,3,3,0,1.0,1,0,0,1,snapshot_20150919T025947Z
539043,119,114,5,0.957983193277311,1,0,0,115,snapshot_20150919T025947Z
539225,3,3,0,1.0,1,0,0,1,snapshot_20150919T025947Z
539388,3,3,0,1.0,1,0,0,1,snapshot_20150919T025947Z
539612,8,8,0,1.0,1,0,0,6,snapshot_20150919T025947Z
539661,7,7,0,1.0,1,0,0,4,snapshot_20150919T025947Z
539833,6,6,0,1.0,1,0,0,4,snapshot_20150919T025947Z
539910,7,7,0,1.0,1,0,0,5,snapshot_20150919T025947Z
540284,7,6,1,0.8571428571428571,1,0,0,5,snapshot_20150919T025947Z
540350,14,14,0,1.0,1,0,0,10,snapshot_20150919T025947Z
540368,10,10,0,1.0,1,0,0,7,snapshot_20150919T025947Z
540387,16,16,0,1.0,1,0,0,14,snapshot_20150919T025947Z
540789,2,2,0,1.0,1,1,0,0,snapshot_20150919T025947Z
541012,7,7,0,1.0,1,0,0,2,snapshot_20150919T025947Z
541173,5,2,3,0.4,1,0,0,3,snapshot_20150919T025947Z
541296,6,5,1,0.8333333333333334,1,0,0,4,snapshot_20150919T025947Z
541315,2,2,0,1.0,1,1,0,0,snapshot_20150919T025947Z
541411,3,3,0,1.0,1,0,0,1,snapshot_20150919T025947Z
541474,61,55,6,0.9016393442622951,1,0,0,56,snapshot_20150919T025947Z
541479,5,5,0,1.0,1,0,0,3,snapshot_20150919T025947Z
541552,3,3,0,1.0,1,0,0,1,snapshot_20150919T025947Z
541564,94,94,0,1.0,1,0,0,89,snapshot_20150919T025947Z
541685,5,5,0,1.0,1,0,0,3,snapshot_20150919T025947Z
541997,8,8,0,1.0,1,0,0,5,snapshot_20150919T025947Z
542030,13,13,0,1.0,1,0,0,9,snapshot_20150919T025947Z
542156,4,4,0,1.0,1,1,0,0,snapshot_20150919T025947Z
542159,7,7,0,1.0,1,0,0,5,snapshot_20150919T025947Z
542183,5,1,4,0.2,1,0,0,3,snapshot_20150919T025947Z
542453,11,11,0,1.0,1,0,0,6,snapshot_20150919T025947Z
542485,3,3,0,1.0,1,0,0,1,snapshot_20150919T025947Z
542498,7,7,0,1.0,1,0,0,1,snapshot_20150919T025947Z
542575,8,8,0,1.0,1,0,0,3,snapshot_20150919T025947Z
542646,17,0,17,0.0,0,0,1,13,snapshot_20150919T025947Z
542702,146,84,62,0.5753424657534246,1,0,0,127,snapshot_20150919T025947Z
542731,3,3,0,1.0,1,0,0,1,snapshot_20150919T025947Z
542750,11,9,2,0.8181818181818182,1,0,0,9,snapshot_20150919T025947Z
543122,8,8,0,1.0,1,0,0,6,snapshot_20150919T025947Z
543357,4,0,4,0.0,0,0,1,2,snapshot_20150919T025947Z
543365,19,19,0,1.0,1,0,0,16,snapshot_20150919T025947Z
543423,6,6,0,1.0,1,0,0,3,snapshot_20150919T025947Z
543532,5,4,1,0.8,1,0,0,3,snapshot_20150919T025947Z
543762,42,41,1,0.9761904761904762,1,0,0,35,snapshot_20150919T025947Z
544129,7,0,7,0.0,0,0,1,5,snapshot_20150919T025947Z
544205,4,4,0,1.0,1,0,0,2,snapshot_20150919T025947Z
544660,4,4,0,1.0,1,0,0,2,snapshot_20150919T025947Z
544724,10,0,10,0.0,0,0,1,7,snapshot_20150919T025947Z
544774,3,3,0,1.0,1,0,0,1,snapshot_20150919T025947Z
544849,3,0,3,0.0,0,0,1,1,snapshot_20150919T025947Z
545365,5,4,1,0.8,1,0,0,3,snapshot_20150919T025947Z
545539,4,0,4,0.0,0,0,1,3,snapshot_20150919T025947Z
545808,14,10,4,0.7142857142857143,1,0,0,9,snapshot_20150919T025947Z
545846,12,12,0,1.0,1,0,0,8,snapshot_20150919T025947Z
546022,3,3,0,1.0,1,0,0,1,snapshot_20150919T025947Z
546086,209,162,47,0.7751196172248804,1,0,0,204,snapshot_20150919T025947Z
546210,4,4,0,1.0,1,0,0,1,snapshot_20150919T025947Z
546355,4,3,1,0.75,1,0,0,2,snapshot_20150919T025947Z
546406,24,23,1,0.9583333333333334,1,0,0,21,snapshot_20150919T025947Z
546612,6,6,0,1.0,1,0,0,4,snapshot_20150919T025947Z
546717,4,4,0,1.0,1,0,0,2,snapshot_20150919T025947Z
546805,7,0,7,0.0,0,0,1,5,snapshot_20150919T025947Z
546836,5,5,0,1.0,1,0,0,3,snapshot_20150919T025947Z
547006,8,6,2,0.75,1,0,0,6,snapshot_20150919T025947Z
547365,7,7,0,1.0,1,0,0,5,snapshot_20150919T025947Z
547506,290,281,9,0.9689655172413794,1,0,0,249,snapshot_20150919T025947Z
547624,4,4,0,1.0,1,0,0,2,snapshot_20150919T025947Z
547738,5,5,0,1.0,1,0,0,3,snapshot_20150919T025947Z
547834,2,2,0,1.0,1,1,0,0,snapshot_20150919T025947Z
547852,168,94,74,0.5595238095238095,1,0,0,143,snapshot_20150919T025947Z
547933,57,27,30,0.47368421052631576,1,0,0,55,snapshot_20150919T025947Z
548132,10,5,5,0.5,1,0,0,6,snapshot_20150919T025947Z
548219,10,9,1,0.9,1,0,0,6,snapshot_20150919T025947Z
548257,4,4,0,1.0,1,0,0,2,snapshot_20150919T025947Z
548479,3,3,0,1.0,1,0,0,1,snapshot_20150919T025947Z
548514,9,9,0,1.0,1,0,0,7,snapshot_20150919T025947Z
548607,31,25,6,0.8064516129032258,1,0,0,23,snapshot_20150919T025947Z
548718,3,3,0,1.0,1,0,0,1,snapshot_20150919T025947Z
548730,3,3,0,1.0,1,0,0,1,snapshot_20150919T025947Z
548772,812,676,136,0.8325123152709359,1,0,0,691,snapshot_20150919T025947Z
548824,3,3,0,1.0,1,0,0,1,snapshot_20150919T025947Z
548868,7,7,0,1.0,1,0,0,6,snapshot_20150919T025947Z
548918,36,20,16,0.5555555555555556,1,0,0,23,snapshot_20150919T025947Z
548949,4,3,1,0.75,1,0,0,3,snapshot_20150919T025947Z
549012,9,8,1,0.8888888888888888,1,0,0,6,snapshot_20150919T025947Z
549148,4,4,0,1.0,1,0,0,2,snapshot_20150919T025947Z
549188,21,19,2,0.9047619047619048,1,0,0,19,snapshot_20150919T025947Z
549321,5,5,0,1.0,1,0,0,3,snapshot_20150919T025947Z
549579,6,6,0,1.0,1,0,0,4,snapshot_20150919T025947Z
549672,9,9,0,1.0,1,0,0,7,snapshot_20150919T025947Z
549778,2,0,2,0.0,0,0,1,1,snapshot_20150919T025947Z
549798,1,1,0,1.0,1,1,0,0,snapshot_20150919T025947Z
549812,3,3,0,1.0,1,0,0,1,snapshot_20150919T025947Z
549863,3,0,3,0.0,0,0,1,1,snapshot_20150919T025947Z
549919,8,8,0,1.0,1,0,0,4,snapshot_20150919T025947Z
549938,3,3,0,1.0,1,0,0,1,snapshot_20150919T025947Z
550158,46,32,14,0.6956521739130435,1,0,0,35,snapshot_20150919T025947Z
550243,9,9,0,1.0,1,0,0,7,snapshot_20150919T025947Z
550259,8,8,0,1.0,1,0,0,2,snapshot_20150919T025947Z
550337,6,6,0,1.0,1,0,0,5,snapshot_20150919T025947Z
550370,7,7,0,1.0,1,0,0,5,snapshot_20150919T025947Z
550414,7,7,0,1.0,1,0,0,5,snapshot_20150919T025947Z
550638,6,6,0,1.0,1,0,0,2,snapshot_20150919T025947Z
551053,8,7,1,0.875,1,0,0,6,snapshot_20150919T025947Z
551147,13,12,1,0.9230769230769231,1,0,0,10,snapshot_20150919T025947Z
551250,9,1,8,0.1111111111111111,1,0,0,7,snapshot_20150919T025947Z
551322,5,5,0,1.0,1,0,0,3,snapshot_20150919T025947Z
551398,9,1,8,0.1111111111111111,1,0,0,6,snapshot_20150919T025947Z
551411,34,25,9,0.7352941176470589,1,0,0,19,snapshot_20150919T025947Z
551469,9,9,0,1.0,1,0,0,6,snapshot_20150919T025947Z
551536,3,3,0,1.0,1,0,0,1,snapshot_20150919T025947Z
551650,3,3,0,1.0,1,0,0,1,snapshot_20150919T025947Z
551661,3,0,3,0.0,0,0,1,1,snapshot_20150919T025947Z
551746,8,8,0,1.0,1,0,0,3,snapshot_20150919T025947Z
551849,12,11,1,0.9166666666666666,1,0,0,10,snapshot_20150919T025947Z
551852,1,1,0,1.0,1,1,0,0,snapshot_20150919T025947Z
552045,3,3,0,1.0,1,0,0,2,snapshot_20150919T025947Z
552123,17,17,0,1.0,1,0,0,11,snapshot_20150919T025947Z
552148,3,3,0,1.0,1,0,0,1,snapshot_20150919T025947Z
552160,5,5,0,1.0,1,0,0,3,snapshot_20150919T025947Z
552165,13,1,12,0.07692307692307693,1,0,0,12,snapshot_20150919T025947Z
552247,9,0,9,0.0,0,0,1,7,snapshot_20150919T025947Z
552261,21,21,0,1.0,1,0,0,13,snapshot_20150919T025947Z
552498,9,9,0,1.0,1,0,0,7,snapshot_20150919T025947Z
552564,17,10,7,0.5882352941176471,1,0,0,13,snapshot_20150919T025947Z
552571,9,9,0,1.0,1,0,0,8,snapshot_20150919T025947Z
553132,5,5,0,1.0,1,0,0,3,snapshot_20150919T025947Z
553179,7,7,0,1.0,1,0,0,3,snapshot_20150919T025947Z
553217,3,3,0,1.0,1,0,0,1,snapshot_20150919T025947Z
553226,8,8,0,1.0,1,0,0,6,snapshot_20150919T025947Z
553252,3,3,0,1.0,1,0,0,1,snapshot_20150919T025947Z
553273,19,19,0,1.0,1,0,0,15,snapshot_20150919T025947Z
553333,4,4,0,1.0,1,0,0,2,snapshot_20150919T025947Z
553624,15,15,0,1.0,1,0,0,7,snapshot_20150919T025947Z
553710,6,5,1,0.8333333333333334,1,0,0,5,snapshot_20150919T025947Z
553749,19,19,0,1.0,1,0,0,15,snapshot_20150919T025947Z
553772,1,1,0,1.0,1,1,0,0,snapshot_20150919T025947Z
553965,5,5,0,1.0,1,0,0,3,snapshot_20150919T025947Z
553988,17,0,17,0.0,0,0,1,15,snapshot_20150919T025947Z
554203,4,0,4,0.0,0,0,1,2,snapshot_20150919T025947Z
554368,4,4,0,1.0,1,0,0,2,snapshot_20150919T025947Z
554424,4,0,4,0.0,0,0,1,2,snapshot_20150919T025947Z
554612,3,3,0,1.0,1,0,0,1,snapshot_20150919T025947Z
554737,8,8,0,1.0,1,0,0,5,snapshot_20150919T025947Z
554839,6,2,4,0.3333333333333333,1,0,0,4,snapshot_20150919T025947Z
554892,3,3,0,1.0,1,0,0,1,snapshot_20150919T025947Z
555021,8,8,0,1.0,1,0,0,5,snapshot_20150919T025947Z
555045,3,3,0,1.0,1,0,0,1,snapshot_20150919T025947Z
555047,3,0,3,0.0,0,0,1,1,snapshot_20150919T025947Z
555094,4,4,0,1.0,1,0,0,2,snapshot_20150919T025947Z
555215,11,11,0,1.0,1,0,0,7,snapshot_20150919T025947Z
555251,12,12,0,1.0,1,0,0,6,snapshot_20150919T025947Z
555265,19,19,0,1.0,1,0,0,13,snapshot_20150919T025947Z
555329,3,3,0,1.0,1,0,0,1,snapshot_20150919T025947Z
555511,7,7,0,1.0,1,0,0,3,snapshot_20150919T025947Z
555519,14,14,0,1.0,1,0,0,12,snapshot_20150919T025947Z
555544,6,6,0,1.0,1,0,0,2,snapshot_20150919T025947Z
555583,10,10,0,1.0,1,0,0,7,snapshot_20150919T025947Z
555718,7,7,0,1.0,1,0,0,5,snapshot_20150919T025947Z
555744,3,3,0,1.0,1,0,0,1,snapshot_20150919T025947Z
555773,4,0,4,0.0,0,0,1,2,snapshot_20150919T025947Z
555876,3,3,0,1.0,1,0,0,1,snapshot_20150919T025947Z
555887,3,0,3,0.0,0,0,1,1,snapshot_20150919T025947Z
555946,3,3,0,1.0,1,0,0,2,snapshot_20150919T025947Z
556054,2,2,0,1.0,1,0,0,1,snapshot_20150919T025947Z
556101,3,3,0,1.0,1,0,0,1,snapshot_20150919T025947Z
556179,15,15,0,1.0,1,0,0,12,snapshot_20150919T025947Z
556360,16,14,2,0.875,1,0,0,14,snapshot_20150919T025947Z
556459,3,3,0,1.0,1,0,0,1,snapshot_20150919T025947Z
556610,3,3,0,1.0,1,1,0,0,snapshot_20150919T025947Z
556688,13,13,0,1.0,1,0,0,11,snapshot_20150919T025947Z
556819,237,89,148,0.3755274261603376,1,0,0,203,snapshot_20150919T025947Z
556822,12,12,0,1.0,1,0,0,10,snapshot_20150919T025947Z
556880,2,2,0,1.0,1,0,0,1,snapshot_20150919T025947Z
556967,2,2,0,1.0,1,1,0,0,snapshot_20150919T025947Z
557182,4,4,0,1.0,1,0,0,3,snapshot_20150919T025947Z
557212,2,2,0,1.0,1,0,0,1,snapshot_20150919T025947Z
557470,9,6,3,0.6666666666666666,1,0,0,4,snapshot_20150919T025947Z
557657,3,3,0,1.0,1,0,0,1,snapshot_20150919T025947Z
557693,7,0,7,0.0,0,0,1,4,snapshot_20150919T025947Z
557700,33,20,13,0.6060606060606061,1,0,0,21,snapshot_20150919T025947Z
557811,2,2,0,1.0,1,0,0,1,snapshot_20150919T025947Z
558000,8,8,0,1.0,1,0,0,3,snapshot_20150919T025947Z
558068,6,6,0,1.0,1,0,0,4,snapshot_20150919T025947Z
558238,9,0,9,0.0,0,0,1,6,snapshot_20150919T025947Z
558258,4,4,0,1.0,1,0,0,2,snapshot_20150919T025947Z
558511,3,3,0,1.0,1,0,0,1,snapshot_20150919T025947Z
558691,3,3,0,1.0,1,0,0,1,snapshot_20150919T025947Z
558878,10,2,8,0.2,1,0,0,8,snapshot_20150919T025947Z
559278,5,0,5,0.0,0,0,1,2,snapshot_20150919T025947Z
559564,14,12,2,0.8571428571428571,1,0,0,12,snapshot_20150919T025947Z
559692,3,3,0,1.0,1,0,0,1,snapshot_20150919T025947Z
559722,10,9,1,0.9,1,0,0,7,snapshot_20150919T025947Z
560304,5,5,0,1.0,1,0,0,1,snapshot_20150919T025947Z
560305,20,0,20,0.0,0,0,1,18,snapshot_20150919T025947Z
560361,3,3,0,1.0,1,0,0,1,snapshot_20150919T025947Z
560375,4,4,0,1.0,1,0,0,2,snapshot_20150919T025947Z
560579,4,4,0,1.0,1,0,0,2,snapshot_20150919T025947Z
560753,5,5,0,1.0,1,0,0,1,snapshot_20150919T025947Z
560785,2,2,0,1.0,1,0,0,1,snapshot_20150919T025947Z
560891,149,146,3,0.9798657718120806,1,0,0,125,snapshot_20150919T025947Z
560961,4,4,0,1.0,1,0,0,3,snapshot_20150919T025947Z
561220,3,3,0,1.0,1,0,0,1,snapshot_20150919T025947Z
561236,29,29,0,1.0,1,0,0,28,snapshot_20150919T025947Z
561311,5,5,0,1.0,1,0,0,3,snapshot_20150919T025947Z
561388,1,1,0,1.0,1,1,0,0,snapshot_20150919T025947Z
561436,4,4,0,1.0,1,0,0,2,snapshot_20150919T025947Z
561441,6,6,0,1.0,1,0,0,4,snapshot_20150919T025947Z
561543,3,3,0,1.0,1,0,0,1,snapshot_20150919T025947Z
561581,2,2,0,1.0,1,0,0,1,snapshot_20150919T025947Z
561611,16,16,0,1.0,1,0,0,10,snapshot_20150919T025947Z
561982,18,18,0,1.0,1,0,0,14,snapshot_20150919T025947Z
562008,30,10,20,0.3333333333333333,1,0,0,20,snapshot_20150919T025947Z
562286,3,3,0,1.0,1,0,0,1,snapshot_20150919T025947Z
562364,10,10,0,1.0,1,0,0,5,snapshot_20150919T025947Z
562495,5,5,0,1.0,1,0,0,3,snapshot_20150919T025947Z
562527,3,0,3,0.0,0,0,1,1,snapshot_20150919T025947Z
562813,10,6,4,0.6,1,0,0,6,snapshot_20150919T025947Z
562938,3,3,0,1.0,1,0,0,2,snapshot_20150919T025947Z
562956,3,3,0,1.0,1,0,0,1,snapshot_20150919T025947Z
563081,4,4,0,1.0,1,0,0,1,snapshot_20150919T025947Z
563104,8,8,0,1.0,1,0,0,6,snapshot_20150919T025947Z
563134,11,3,8,0.2727272727272727,1,0,0,9,snapshot_20150919T025947Z
563313,7,7,0,1.0,1,0,0,5,snapshot_20150919T025947Z
563422,6,6,0,1.0,1,0,0,3,snapshot_20150919T025947Z
563448,7,7,0,1.0,1,0,0,5,snapshot_20150919T025947Z
563454,10,10,0,1.0,1,0,0,7,snapshot_20150919T025947Z
563495,19,18,1,0.9473684210526315,1,0,0,17,snapshot_20150919T025947Z
563565,6,6,0,1.0,1,0,0,4,snapshot_20150919T025947Z
563592,3,3,0,1.0,1,0,0,1,snapshot_20150919T025947Z
563665,3,3,0,1.0,1,0,0,2,snapshot_20150919T025947Z
563685,9,9,0,1.0,1,0,0,7,snapshot_20150919T025947Z
563799,3,0,3,0.0,0,0,1,1,snapshot_20150919T025947Z
563979,45,43,2,0.9555555555555556,1,0,0,37,snapshot_20150919T025947Z
564070,8,8,0,1.0,1,0,0,6,snapshot_20150919T025947Z
564150,6,6,0,1.0,1,0,0,4,snapshot_20150919T025947Z
564199,89,67,22,0.7528089887640449,1,0,0,80,snapshot_20150919T025947Z
564398,3,3,0,1.0,1,0,0,1,snapshot_20150919T025947Z
564442,3,3,0,1.0,1,0,0,1,snapshot_20150919T025947Z
564572,3,3,0,1.0,1,0,0,1,snapshot_20150919T025947Z
564666,6,6,0,1.0,1,0,0,4,snapshot_20150919T025947Z
564689,5,5,0,1.0,1,0,0,3,snapshot_20150919T025947Z
564775,3,0,3,0.0,0,0,1,1,snapshot_20150919T025947Z
564895,9,9,0,1.0,1,0,0,7,snapshot_20150919T025947Z
564916,4,4,0,1.0,1,0,0,3,snapshot_20150919T025947Z
564986,7,1,6,0.14285714285714285,1,0,0,5,snapshot_20150919T025947Z
564990,15,6,9,0.4,1,0,0,12,snapshot_20150919T025947Z
565078,2,2,0,1.0,1,0,0,1,snapshot_20150919T025947Z
565335,4,4,0,1.0,1,0,0,2,snapshot_20150919T025947Z
565386,3,1,2,0.3333333333333333,1,0,0,1,snapshot_20150919T025947Z
565492,33,13,20,0.3939393939393939,1,0,0,14,snapshot_20150919T025947Z
565562,5,5,0,1.0,1,0,0,3,snapshot_20150919T025947Z
565590,28,28,0,1.0,1,0,0,26,snapshot_20150919T025947Z
565617,3,2,1,0.6666666666666666,1,0,0,2,snapshot_20150919T025947Z
565656,18,7,11,0.3888888888888889,1,0,0,16,snapshot_20150919T025947Z
565788,5,2,3,0.4,1,0,0,1,snapshot_20150919T025947Z
565865,3,3,0,1.0,1,0,0,1,snapshot_20150919T025947Z
565892,6,6,0,1.0,1,0,0,4,snapshot_20150919T025947Z
565903,78,72,6,0.9230769230769231,1,0,0,39,snapshot_20150919T025947Z
565943,3,3,0,1.0,1,0,0,2,snapshot_20150919T025947Z
565978,498,140,358,0.28112449799196787,1,0,0,488,snapshot_20150919T025947Z
566009,129,116,13,0.8992248062015504,1,0,0,117,snapshot_20150919T025947Z
566245,3,3,0,1.0,1,0,0,1,snapshot_20150919T025947Z
566355,5,5,0,1.0,1,0,0,4,snapshot_20150919T025947Z
566426,14,14,0,1.0,1,0,0,12,snapshot_20150919T025947Z
566474,10,10,0,1.0,1,0,0,8,snapshot_20150919T025947Z
566565,28,14,14,0.5,1,0,0,26,snapshot_20150919T025947Z
566590,4,4,0,1.0,1,0,0,2,snapshot_20150919T025947Z
566725,8,8,0,1.0,1,0,0,5,snapshot_20150919T025947Z
566850,5,4,1,0.8,1,0,0,3,snapshot_20150919T025947Z
566902,8,8,0,1.0,1,0,0,6,snapshot_20150919T025947Z
566951,18,18,0,1.0,1,0,0,10,snapshot_20150919T025947Z
567071,7,7,0,1.0,1,0,0,5,snapshot_20150919T025947Z
567087,2,2,0,1.0,1,1,0,0,snapshot_20150919T025947Z
567183,17,11,6,0.6470588235294118,1,0,0,15,snapshot_20150919T025947Z
567340,5,3,2,0.6,1,0,0,3,snapshot_20150919T025947Z
567388,40,40,0,1.0,1,0,0,33,snapshot_20150919T025947Z
567487,4,4,0,1.0,1,0,0,2,snapshot_20150919T025947Z
567526,5,5,0,1.0,1,0,0,3,snapshot_20150919T025947Z
567535,3,3,0,1.0,1,0,0,1,snapshot_20150919T025947Z
567651,2,2,0,1.0,1,1,0,0,snapshot_20150919T025947Z
567838,12,12,0,1.0,1,0,0,10,snapshot_20150919T025947Z
568120,15,11,4,0.7333333333333333,1,0,0,14,snapshot_20150919T025947Z
568275,3,0,3,0.0,0,0,1,1,snapshot_20150919T025947Z
568290,12,12,0,1.0,1,0,0,10,snapshot_20150919T025947Z
568330,7,7,0,1.0,1,0,0,5,snapshot_20150919T025947Z
568481,64,64,0,1.0,1,0,0,61,snapshot_20150919T025947Z
568495,3,3,0,1.0,1,0,0,1,snapshot_20150919T025947Z
568736,4,4,0,1.0,1,0,0,2,snapshot_20150919T025947Z
568894,15,15,0,1.0,1,0,0,13,snapshot_20150919T025947Z
569031,4,4,0,1.0,1,0,0,2,snapshot_20150919T025947Z
569182,4,0,4,0.0,0,0,1,3,snapshot_20150919T025947Z
569356,8,3,5,0.375,1,0,0,5,snapshot_20150919T025947Z
569401,10,10,0,1.0,1,0,0,8,snapshot_20150919T025947Z
569471,4,4,0,1.0,1,0,0,2,snapshot_20150919T025947Z
569504,6,3,3,0.5,1,0,0,4,snapshot_20150919T025947Z
569539,410,402,8,0.9804878048780488,1,0,0,245,snapshot_20150919T025947Z
569740,7,7,0,1.0,1,0,0,5,snapshot_20150919T025947Z
569788,10,10,0,1.0,1,0,0,9,snapshot_20150919T025947Z
570023,14,14,0,1.0,1,0,0,12,snapshot_20150919T025947Z
570175,3,3,0,1.0,1,0,0,1,snapshot_20150919T025947Z
570360,3,3,0,1.0,1,0,0,1,snapshot_20150919T025947Z
570529,6,6,0,1.0,1,0,0,1,snapshot_20150919T025947Z
570583,8,0,8,0.0,0,0,1,6,snapshot_20150919T025947Z
570586,11,11,0,1.0,1,0,0,9,snapshot_20150919T025947Z
570716,18,16,2,0.8888888888888888,1,0,0,14,snapshot_20150919T025947Z
570944,6,6,0,1.0,1,0,0,3,snapshot_20150919T025947Z
571258,6,2,4,0.3333333333333333,1,0,0,4,snapshot_20150919T025947Z
571268,3,3,0,1.0,1,0,0,2,snapshot_20150919T025947Z
571497,19,19,0,1.0,1,0,0,14,snapshot_20150919T025947Z
571645,33,33,0,1.0,1,0,0,29,snapshot_20150919T025947Z
571677,6,0,6,0.0,0,0,1,4,snapshot_20150919T025947Z
571830,30,20,10,0.6666666666666666,1,0,0,28,snapshot_20150919T025947Z
572053,4,4,0,1.0,1,0,0,2,snapshot_20150919T025947Z
572287,4,0,4,0.0,0,0,1,2,snapshot_20150919T025947Z
572480,3,3,0,1.0,1,0,0,1,snapshot_20150919T025947Z
572700,5,5,0,1.0,1,0,0,3,snapshot_20150919T025947Z
572806,71,63,8,0.8873239436619719,1,0,0,56,snapshot_20150919T025947Z
573020,4,4,0,1.0,1,0,0,3,snapshot_20150919T025947Z
573213,6,6,0,1.0,1,0,0,4,snapshot_20150919T025947Z
573249,3,3,0,1.0,1,0,0,1,snapshot_20150919T025947Z
573267,2,2,0,1.0,1,0,0,1,snapshot_20150919T025947Z
573285,3,3,0,1.0,1,0,0,1,snapshot_20150919T025947Z
573311,6,6,0,1.0,1,0,0,4,snapshot_20150919T025947Z
573397,5,5,0,1.0,1,0,0,3,snapshot_20150919T025947Z
573431,3,0,3,0.0,0,0,1,1,snapshot_20150919T025947Z
573466,21,17,4,0.8095238095238095,1,0,0,13,snapshot_20150919T025947Z
573490,47,39,8,0.8297872340425532,1,0,0,39,snapshot_20150919T025947Z
573587,3,0,3,0.0,0,0,1,1,snapshot_20150919T025947Z
573782,5,5,0,1.0,1,0,0,3,snapshot_20150919T025947Z
574213,15,11,4,0.7333333333333333,1,0,0,11,snapshot_20150919T025947Z
574370,26,14,12,0.5384615384615384,1,0,0,24,snapshot_20150919T025947Z
574650,10,10,0,1.0,1,0,0,6,snapshot_20150919T025947Z
574661,3,0,3,0.0,0,0,1,1,snapshot_20150919T025947Z
575045,6,0,6,0.0,0,0,1,4,snapshot_20150919T025947Z
575208,14,3,11,0.21428571428571427,1,0,0,12,snapshot_20150919T025947Z
575295,2,2,0,1.0,1,1,0,0,snapshot_20150919T025947Z
575493,5,5,0,1.0,1,0,0,3,snapshot_20150919T025947Z
575634,7,7,0,1.0,1,0,0,4,snapshot_20150919T025947Z
575731,3,3,0,1.0,1,0,0,1,snapshot_20150919T025947Z
575741,2,2,0,1.0,1,1,0,0,snapshot_20150919T025947Z
575773,9,1,8,0.1111111111111111,1,0,0,5,snapshot_20150919T025947Z
576184,15,10,5,0.6666666666666666,1,0,0,13,snapshot_20150919T025947Z
576252,14,14,0,1.0,1,0,0,12,snapshot_20150919T025947Z
576405,6,0,6,0.0,0,0,1,4,snapshot_20150919T025947Z
576588,5,5,0,1.0,1,0,0,3,snapshot_20150919T025947Z
576696,6,6,0,1.0,1,0,0,4,snapshot_20150919T025947Z
576828,20,18,2,0.9,1,0,0,18,snapshot_20150919T025947Z
576880,4,0,4,0.0,0,0,1,3,snapshot_20150919T025947Z
577054,3,3,0,1.0,1,0,0,1,snapshot_20150919T025947Z
577103,6,6,0,1.0,1,0,0,4,snapshot_20150919T025947Z
577261,9,9,0,1.0,1,0,0,7,snapshot_20150919T025947Z
577262,35,29,6,0.8285714285714286,1,0,0,22,snapshot_20150919T025947Z
577397,3,3,0,1.0,1,0,0,1,snapshot_20150919T025947Z
577764,10,4,6,0.4,1,0,0,8,snapshot_20150919T025947Z
577903,15,15,0,1.0,1,0,0,10,snapshot_20150919T025947Z
577947,5,0,5,0.0,0,0,1,3,snapshot_20150919T025947Z
578239,7,7,0,1.0,1,0,0,5,snapshot_20150919T025947Z
578528,17,17,0,1.0,1,0,0,11,snapshot_20150919T025947Z
579018,5,5,0,1.0,1,0,0,3,snapshot_20150919T025947Z
579049,85,71,14,0.8352941176470589,1,0,0,83,snapshot_20150919T025947Z
579349,1,1,0,1.0,1,1,0,0,snapshot_20150919T025947Z
579655,8,8,0,1.0,1,0,0,6,snapshot_20150919T025947Z
579659,13,13,0,1.0,1,0,0,11,snapshot_20150919T025947Z
579742,13,12,1,0.9230769230769231,1,0,0,11,snapshot_20150919T025947Z
579956,8,7,1,0.875,1,0,0,6,snapshot_20150919T025947Z
580000,15,15,0,1.0,1,0,0,8,snapshot_20150919T025947Z
580135,6,6,0,1.0,1,0,0,5,snapshot_20150919T025947Z
580236,2,1,1,0.5,1,0,0,1,snapshot_20150919T025947Z
580297,8,8,0,1.0,1,0,0,4,snapshot_20150919T025947Z
580472,4,4,0,1.0,1,0,0,2,snapshot_20150919T025947Z
580494,7,0,7,0.0,0,0,1,5,snapshot_20150919T025947Z
580540,15,15,0,1.0,1,0,0,11,snapshot_20150919T025947Z
580562,6,6,0,1.0,1,0,0,4,snapshot_20150919T025947Z
580583,4,4,0,1.0,1,0,0,3,snapshot_20150919T025947Z
580612,14,4,10,0.2857142857142857,1,0,0,12,snapshot_20150919T025947Z
580781,27,27,0,1.0,1,0,0,25,snapshot_20150919T025947Z
580917,6,6,0,1.0,1,0,0,3,snapshot_20150919T025947Z
581004,14,14,0,1.0,1,0,0,12,snapshot_20150919T025947Z
581056,3,3,0,1.0,1,0,0,1,snapshot_20150919T025947Z
581091,9,9,0,1.0,1,0,0,5,snapshot_20150919T025947Z
581152,33,33,0,1.0,1,0,0,6,snapshot_20150919T025947Z
581183,7,7,0,1.0,1,0,0,5,snapshot_20150919T025947Z
581300,28,22,6,0.7857142857142857,1,0,0,23,snapshot_20150919T025947Z
581456,5,4,1,0.8,1,0,0,1,snapshot_20150919T025947Z
581495,3,3,0,1.0,1,0,0,1,snapshot_20150919T025947Z
581617,3,3,0,1.0,1,0,0,2,snapshot_20150919T025947Z
581889,5,1,4,0.2,1,0,0,3,snapshot_20150919T025947Z
581980,5,5,0,1.0,1,0,0,4,snapshot_20150919T025947Z
582418,37,31,6,0.8378378378378378,1,0,0,33,snapshot_20150919T025947Z
582423,3,3,0,1.0,1,0,0,1,snapshot_20150919T025947Z
582432,4,4,0,1.0,1,0,0,2,snapshot_20150919T025947Z
582453,7,7,0,1.0,1,0,0,5,snapshot_20150919T025947Z
582525,26,26,0,1.0,1,0,0,15,snapshot_20150919T025947Z
582632,8,4,4,0.5,1,0,0,4,snapshot_20150919T025947Z
582638,6,6,0,1.0,1,0,0,5,snapshot_20150919T025947Z
582788,2,2,0,1.0,1,1,0,0,snapshot_20150919T025947Z
582933,257,229,28,0.8910505836575876,1,0,0,219,snapshot_20150919T025947Z
583003,39,25,14,0.6410256410256411,1,0,0,35,snapshot_20150919T025947Z
583089,15,12,3,0.8,1,0,0,13,snapshot_20150919T025947Z
583425,5,5,0,1.0,1,0,0,3,snapshot_20150919T025947Z
583525,8,8,0,1.0,1,0,0,5,snapshot_20150919T025947Z
583827,3,3,0,1.0,1,0,0,1,snapshot_20150919T025947Z
583892,3,3,0,1.0,1,0,0,1,snapshot_20150919T025947Z
584015,6,6,0,1.0,1,0,0,4,snapshot_20150919T025947Z
584224,4,3,1,0.75,1,0,0,2,snapshot_20150919T025947Z
584257,24,24,0,1.0,1,0,0,22,snapshot_20150919T025947Z
584940,14,14,0,1.0,1,0,0,12,snapshot_20150919T025947Z
585036,3,0,3,0.0,0,0,1,1,snapshot_20150919T025947Z
585358,9,1,8,0.1111111111111111,1,0,0,6,snapshot_20150919T025947Z
585363,20,1,19,0.05,1,0,0,18,snapshot_20150919T025947Z
585372,5,5,0,1.0,1,0,0,3,snapshot_20150919T025947Z
585580,3,3,0,1.0,1,1,0,0,snapshot_20150919T025947Z
585885,19,19,0,1.0,1,0,0,16,snapshot_20150919T025947Z
586012,11,11,0,1.0,1,0,0,9,snapshot_20150919T025947Z
586187,4,1,3,0.25,1,0,0,2,snapshot_20150919T025947Z
586427,9,9,0,1.0,1,0,0,1,snapshot_20150919T025947Z
586700,9,9,0,1.0,1,0,0,7,snapshot_20150919T025947Z
586748,6,6,0,1.0,1,0,0,3,snapshot_20150919T025947Z
586756,6,0,6,0.0,0,0,1,2,snapshot_20150919T025947Z
586891,3,3,0,1.0,1,0,0,1,snapshot_20150919T025947Z
587126,20,20,0,1.0,1,0,0,16,snapshot_20150919T025947Z
587651,4,4,0,1.0,1,0,0,2,snapshot_20150919T025947Z
587663,4,3,1,0.75,1,0,0,2,snapshot_20150919T025947Z
587734,11,11,0,1.0,1,0,0,9,snapshot_20150919T025947Z
587802,15,15,0,1.0,1,0,0,8,snapshot_20150919T025947Z
588087,10,4,6,0.4,1,0,0,8,snapshot_20150919T025947Z
588181,4,4,0,1.0,1,0,0,2,snapshot_20150919T025947Z
588445,26,22,4,0.8461538461538461,1,0,0,25,snapshot_20150919T025947Z
588483,9,9,0,1.0,1,0,0,7,snapshot_20150919T025947Z
588490,11,11,0,1.0,1,0,0,7,snapshot_20150919T025947Z
588612,3,3,0,1.0,1,0,0,1,snapshot_20150919T025947Z
588703,2,2,0,1.0,1,1,0,0,snapshot_20150919T025947Z
588708,21,20,1,0.9523809523809523,1,0,0,16,snapshot_20150919T025947Z
588753,5,5,0,1.0,1,0,0,3,snapshot_20150919T025947Z
588949,4,0,4,0.0,0,0,1,2,snapshot_20150919T025947Z
589227,4,4,0,1.0,1,0,0,2,snapshot_20150919T025947Z
589376,3,3,0,1.0,1,0,0,1,snapshot_20150919T025947Z
589789,4,4,0,1.0,1,0,0,2,snapshot_20150919T025947Z
590095,16,16,0,1.0,1,0,0,14,snapshot_20150919T025947Z
590225,2,2,0,1.0,1,0,0,1,snapshot_20150919T025947Z
590239,19,18,1,0.9473684210526315,1,0,0,17,snapshot_20150919T025947Z
590241,9,2,7,0.2222222222222222,1,0,0,8,snapshot_20150919T025947Z
590308,5,5,0,1.0,1,0,0,3,snapshot_20150919T025947Z
590602,6,5,1,0.8333333333333334,1,0,0,4,snapshot_20150919T025947Z
590670,5,0,5,0.0,0,0,1,3,snapshot_20150919T025947Z
590931,3,3,0,1.0,1,0,0,1,snapshot_20150919T025947Z
591006,5,5,0,1.0,1,0,0,3,snapshot_20150919T025947Z
591430,2,2,0,1.0,1,0,0,1,snapshot_20150919T025947Z
591631,8,8,0,1.0,1,0,0,7,snapshot_20150919T025947Z
591869,650,511,139,0.7861538461538462,1,0,0,627,snapshot_20150919T025947Z
591906,7,7,0,1.0,1,0,0,3,snapshot_20150919T025947Z
592164,5,0,5,0.0,0,0,1,3,snapshot_20150919T025947Z
592247,13,3,10,0.23076923076923078,1,0,0,9,snapshot_20150919T025947Z
592317,4,4,0,1.0,1,0,0,2,snapshot_20150919T025947Z
592330,21,14,7,0.6666666666666666,1,0,0,19,snapshot_20150919T025947Z
592348,7,6,1,0.8571428571428571,1,0,0,5,snapshot_20150919T025947Z
592385,14,13,1,0.9285714285714286,1,0,0,10,snapshot_20150919T025947Z
592555,4,4,0,1.0,1,0,0,2,snapshot_20150919T025947Z
592787,50,20,30,0.4,1,0,0,29,snapshot_20150919T025947Z
592916,3,3,0,1.0,1,0,0,1,snapshot_20150919T025947Z
592953,3,3,0,1.0,1,0,0,1,snapshot_20150919T025947Z
592998,4,0,4,0.0,0,0,1,3,snapshot_20150919T025947Z
593595,3,3,0,1.0,1,0,0,1,snapshot_20150919T025947Z
593775,3,3,0,1.0,1,0,0,1,snapshot_20150919T025947Z
593905,37,20,17,0.5405405405405406,1,0,0,26,snapshot_20150919T025947Z
593964,6,3,3,0.5,1,0,0,2,snapshot_20150919T025947Z
594085,4,4,0,1.0,1,0,0,2,snapshot_20150919T025947Z
594242,4,4,0,1.0,1,0,0,2,snapshot_20150919T025947Z
594399,4,4,0,1.0,1,0,0,2,snapshot_20150919T025947Z
594511,8,5,3,0.625,1,0,0,5,snapshot_20150919T025947Z
594603,6,0,6,0.0,0,0,1,4,snapshot_20150919T025947Z
594746,4,4,0,1.0,1,0,0,2,snapshot_20150919T025947Z
594852,4,4,0,1.0,1,0,0,2,snapshot_20150919T025947Z
594935,3,3,0,1.0,1,0,0,1,snapshot_20150919T025947Z
595159,5,5,0,1.0,1,0,0,3,snapshot_20150919T025947Z
595321,3,3,0,1.0,1,0,0,1,snapshot_20150919T025947Z
595388,6,6,0,1.0,1,0,0,4,snapshot_20150919T025947Z
595454,4,4,0,1.0,1,0,0,2,snapshot_20150919T025947Z
595595,31,30,1,0.967741935483871,1,0,0,29,snapshot_20150919T025947Z
595640,40,26,14,0.65,1,0,0,31,snapshot_20150919T025947Z
595826,5,5,0,1.0,1,0,0,1,snapshot_20150919T025947Z
595844,4,4,0,1.0,1,0,0,2,snapshot_20150919T025947Z
595900,5,4,1,0.8,1,0,0,3,snapshot_20150919T025947Z
595913,6,6,0,1.0,1,0,0,4,snapshot_20150919T025947Z
595957,7,7,0,1.0,1,0,0,4,snapshot_20150919T025947Z
596140,7,7,0,1.0,1,0,0,4,snapshot_20150919T025947Z
596232,4,4,0,1.0,1,0,0,2,snapshot_20150919T025947Z
596234,4,0,4,0.0,0,0,1,2,snapshot_20150919T025947Z
596542,7,7,0,1.0,1,0,0,4,snapshot_20150919T025947Z
596591,5,5,0,1.0,1,0,0,2,snapshot_20150919T025947Z
596611,3,0,3,0.0,0,0,1,1,snapshot_20150919T025947Z
596627,7,7,0,1.0,1,0,0,5,snapshot_20150919T025947Z
596678,3,3,0,1.0,1,0,0,1,snapshot_20150919T025947Z
596737,5,5,0,1.0,1,0,0,4,snapshot_20150919T025947Z
596853,6,5,1,0.8333333333333334,1,0,0,3,snapshot_20150919T025947Z
596876,17,17,0,1.0,1,0,0,15,snapshot_20150919T025947Z
597070,32,30,2,0.9375,1,0,0,22,snapshot_20150919T025947Z
597161,3,0,3,0.0,0,0,1,1,snapshot_20150919T025947Z
597366,3,3,0,1.0,1,0,0,2,snapshot_20150919T025947Z
597416,9,9,0,1.0,1,0,0,4,snapshot_20150919T025947Z
597443,11,11,0,1.0,1,0,0,8,snapshot_20150919T025947Z
597521,11,11,0,1.0,1,0,0,9,snapshot_20150919T025947Z
597784,12,12,0,1.0,1,0,0,5,snapshot_20150919T025947Z
597906,1,1,0,1.0,1,1,0,0,snapshot_20150919T025947Z
597930,9,2,7,0.2222222222222222,1,0,0,7,snapshot_20150919T025947Z
597988,4,1,3,0.25,1,0,0,2,snapshot_20150919T025947Z
598009,22,22,0,1.0,1,0,0,21,snapshot_20150919T025947Z
598077,2,2,0,1.0,1,0,0,1,snapshot_20150919T025947Z
598107,9,0,9,0.0,0,0,1,5,snapshot_20150919T025947Z
598282,8,8,0,1.0,1,0,0,5,snapshot_20150919T025947Z
598404,16,16,0,1.0,1,0,0,14,snapshot_20150919T025947Z
598451,9,9,0,1.0,1,0,0,7,snapshot_20150919T025947Z
598467,2,2,0,1.0,1,1,0,0,snapshot_20150919T025947Z
598472,11,0,11,0.0,0,0,1,9,snapshot_20150919T025947Z
598494,3,3,0,1.0,1,0,0,1,snapshot_20150919T025947Z
598497,4,4,0,1.0,1,0,0,2,snapshot_20150919T025947Z
598609,3,3,0,1.0,1,0,0,1,snapshot_20150919T025947Z
598812,14,14,0,1.0,1,0,0,11,snapshot_20150919T025947Z
598996,5,5,0,1.0,1,0,0,3,snapshot_20150919T025947Z
599222,5,5,0,1.0,1,0,0,3,snapshot_20150919T025947Z
599453,5,5,0,1.0,1,0,0,3,snapshot_20150919T025947Z
599528,17,17,0,1.0,1,0,0,15,snapshot_20150919T025947Z
599574,7,7,0,1.0,1,0,0,4,snapshot_20150919T025947Z
599599,4,4,0,1.0,1,0,0,1,snapshot_20150919T025947Z
599633,2,1,1,0.5,1,0,0,1,snapshot_20150919T025947Z
599832,15,11,4,0.7333333333333333,1,0,0,10,snapshot_20150919T025947Z
599864,4,0,4,0.0,0,0,1,2,snapshot_20150919T025947Z
599877,5,5,0,1.0,1,0,0,3,snapshot_20150919T025947Z
599943,6,6,0,1.0,1,0,0,4,snapshot_20150919T025947Z
600025,5,0,5,0.0,0,0,1,3,snapshot_20150919T025947Z
600100,2,2,0,1.0,1,1,0,0,snapshot_20150919T025947Z
600337,7,7,0,1.0,1,0,0,4,snapshot_20150919T025947Z
600339,2,2,0,1.0,1,1,0,0,snapshot_20150919T025947Z
600485,3,3,0,1.0,1,0,0,2,snapshot_20150919T025947Z
600511,7,7,0,1.0,1,0,0,5,snapshot_20150919T025947Z
600589,13,0,13,0.0,0,0,1,9,snapshot_20150919T025947Z
600721,4,4,0,1.0,1,0,0,2,snapshot_20150919T025947Z
600815,32,5,27,0.15625,1,0,0,22,snapshot_20150919T025947Z
601615,5,5,0,1.0,1,0,0,2,snapshot_20150919T025947Z
601768,41,41,0,1.0,1,0,0,23,snapshot_20150919T025947Z
602003,7,4,3,0.5714285714285714,1,0,0,5,snapshot_20150919T025947Z
602027,3,3,0,1.0,1,0,0,1,snapshot_20150919T025947Z
602171,3,3,0,1.0,1,0,0,1,snapshot_20150919T025947Z
602354,2,2,0,1.0,1,0,0,1,snapshot_20150919T025947Z
602451,4,4,0,1.0,1,0,0,2,snapshot_20150919T025947Z
602510,4,4,0,1.0,1,0,0,2,snapshot_20150919T025947Z
602545,4,4,0,1.0,1,0,0,3,snapshot_20150919T025947Z
602688,3,0,3,0.0,0,0,1,1,snapshot_20150919T025947Z
602801,7,7,0,1.0,1,0,0,6,snapshot_20150919T025947Z
602822,11,11,0,1.0,1,0,0,9,snapshot_20150919T025947Z
602875,10,6,4,0.6,1,0,0,8,snapshot_20150919T025947Z
602886,16,16,0,1.0,1,0,0,10,snapshot_20150919T025947Z
603011,4,4,0,1.0,1,0,0,2,snapshot_20150919T025947Z
603228,3,3,0,1.0,1,1,0,0,snapshot_20150919T025947Z
603616,33,32,1,0.9696969696969697,1,0,0,25,snapshot_20150919T025947Z
603635,8,8,0,1.0,1,0,0,5,snapshot_20150919T025947Z
603702,5,5,0,1.0,1,0,0,3,snapshot_20150919T025947Z
603936,4,4,0,1.0,1,0,0,2,snapshot_20150919T025947Z
603999,6,6,0,1.0,1,0,0,4,snapshot_20150919T025947Z
604058,6,6,0,1.0,1,0,0,4,snapshot_20150919T025947Z
604144,6,0,6,0.0,0,0,1,4,snapshot_20150919T025947Z
604376,3,3,0,1.0,1,0,0,2,snapshot_20150919T025947Z
604403,4,0,4,0.0,0,0,1,2,snapshot_20150919T025947Z
604740,6,4,2,0.6666666666666666,1,0,0,2,snapshot_20150919T025947Z
604938,3,3,0,1.0,1,0,0,1,snapshot_20150919T025947Z
605013,3,0,3,0.0,0,0,1,1,snapshot_20150919T025947Z
605095,4,4,0,1.0,1,0,0,2,snapshot_20150919T025947Z
605245,16,16,0,1.0,1,0,0,14,snapshot_20150919T025947Z
605517,2,2,0,1.0,1,1,0,0,snapshot_20150919T025947Z
605832,3,3,0,1.0,1,0,0,1,snapshot_20150919T025947Z
606060,4,4,0,1.0,1,0,0,2,snapshot_20150919T025947Z
606091,10,10,0,1.0,1,0,0,8,snapshot_20150919T025947Z
606184,7,2,5,0.2857142857142857,1,0,0,5,snapshot_20150919T025947Z
606226,6,6,0,1.0,1,0,0,2,snapshot_20150919T025947Z
606338,3,3,0,1.0,1,0,0,1,snapshot_20150919T025947Z
606605,1,1,0,1.0,1,1,0,0,snapshot_20150919T025947Z
606755,5,5,0,1.0,1,0,0,3,snapshot_20150919T025947Z
607090,59,13,46,0.22033898305084745,1,0,0,55,snapshot_20150919T025947Z
607106,5,0,5,0.0,0,0,1,3,snapshot_20150919T025947Z
607285,3,3,0,1.0,1,0,0,1,snapshot_20150919T025947Z
607434,3,3,0,1.0,1,0,0,1,snapshot_20150919T025947Z
607518,27,27,0,1.0,1,0,0,24,snapshot_20150919T025947Z
607534,19,16,3,0.8421052631578947,1,0,0,17,snapshot_20150919T025947Z
607916,11,1,10,0.09090909090909091,1,0,0,9,snapshot_20150919T025947Z
608098,2,2,0,1.0,1,1,0,0,snapshot_20150919T025947Z
608218,3,3,0,1.0,1,0,0,1,snapshot_20150919T025947Z
608240,4,4,0,1.0,1,0,0,2,snapshot_20150919T025947Z
608513,3,3,0,1.0,1,0,0,1,snapshot_20150919T025947Z
608567,18,12,6,0.6666666666666666,1,0,0,16,snapshot_20150919T025947Z
608628,9,9,0,1.0,1,0,0,5,snapshot_20150919T025947Z
608773,4,4,0,1.0,1,0,0,2,snapshot_20150919T025947Z
608808,7,7,0,1.0,1,0,0,3,snapshot_20150919T025947Z
608844,12,6,6,0.5,1,0,0,6,snapshot_20150919T025947Z
608855,9,0,9,0.0,0,0,1,7,snapshot_20150919T025947Z
609009,11,11,0,1.0,1,0,0,7,snapshot_20150919T025947Z
609294,3,3,0,1.0,1,0,0,1,snapshot_20150919T025947Z
609642,14,1,13,0.07142857142857142,1,0,0,12,snapshot_20150919T025947Z
609895,49,49,0,1.0,1,0,0,28,snapshot_20150919T025947Z
609963,29,27,2,0.9310344827586207,1,0,0,23,snapshot_20150919T025947Z
610105,47,40,7,0.851063829787234,1,0,0,45,snapshot_20150919T025947Z
610115,5,5,0,1.0,1,0,0,3,snapshot_20150919T025947Z
610182,6,4,2,0.6666666666666666,1,0,0,4,snapshot_20150919T025947Z
610403,61,53,8,0.8688524590163934,1,0,0,59,snapshot_20150919T025947Z
610418,3,3,0,1.0,1,0,0,2,snapshot_20150919T025947Z
610683,4,4,0,1.0,1,0,0,1,snapshot_20150919T025947Z
610819,24,24,0,1.0,1,0,0,23,snapshot_20150919T025947Z
610841,22,22,0,1.0,1,0,0,13,snapshot_20150919T025947Z
610859,3,3,0,1.0,1,0,0,1,snapshot_20150919T025947Z
611155,13,13,0,1.0,1,0,0,11,snapshot_20150919T025947Z
611362,8,0,8,0.0,0,0,1,6,snapshot_20150919T025947Z
611369,3,3,0,1.0,1,0,0,1,snapshot_20150919T025947Z
611484,3,3,0,1.0,1,0,0,1,snapshot_20150919T025947Z
611548,4,4,0,1.0,1,0,0,2,snapshot_20150919T025947Z
611754,8,0,8,0.0,0,0,1,6,snapshot_20150919T025947Z
611804,34,29,5,0.8529411764705882,1,0,0,30,snapshot_20150919T025947Z
611993,13,12,1,0.9230769230769231,1,0,0,9,snapshot_20150919T025947Z
612386,3,3,0,1.0,1,0,0,2,snapshot_20150919T025947Z
612711,15,15,0,1.0,1,0,0,13,snapshot_20150919T025947Z
612918,3,3,0,1.0,1,0,0,1,snapshot_20150919T025947Z
613066,7,7,0,1.0,1,0,0,3,snapshot_20150919T025947Z
613384,46,39,7,0.8478260869565217,1,0,0,30,snapshot_20150919T025947Z
613507,12,12,0,1.0,1,0,0,10,snapshot_20150919T025947Z
613539,3,0,3,0.0,0,0,1,1,snapshot_20150919T025947Z
613579,6,6,0,1.0,1,0,0,4,snapshot_20150919T025947Z
613618,3,3,0,1.0,1,0,0,1,snapshot_20150919T025947Z
613701,5,0,5,0.0,0,0,1,3,snapshot_20150919T025947Z
613825,7,7,0,1.0,1,0,0,3,snapshot_20150919T025947Z
614077,7,7,0,1.0,1,0,0,3,snapshot_20150919T025947Z
614685,3,3,0,1.0,1,0,0,1,snapshot_20150919T025947Z
614785,14,11,3,0.7857142857142857,1,0,0,13,snapshot_20150919T025947Z
614943,3,3,0,1.0,1,0,0,1,snapshot_20150919T025947Z
614999,8,0,8,0.0,0,0,1,7,snapshot_20150919T025947Z
615132,485,408,77,0.8412371134020619,1,0,0,456,snapshot_20150919T025947Z
615250,7,7,0,1.0,1,0,0,5,snapshot_20150919T025947Z
615473,7,2,5,0.2857142857142857,1,0,0,5,snapshot_20150919T025947Z
615486,10,10,0,1.0,1,0,0,6,snapshot_20150919T025947Z
615631,3,0,3,0.0,0,0,1,1,snapshot_20150919T025947Z
615910,7,5,2,0.7142857142857143,1,0,0,5,snapshot_20150919T025947Z
615913,5,5,0,1.0,1,0,0,3,snapshot_20150919T025947Z
615931,3,3,0,1.0,1,0,0,1,snapshot_20150919T025947Z
616066,21,18,3,0.8571428571428571,1,0,0,17,snapshot_20150919T025947Z
616081,16,16,0,1.0,1,0,0,12,snapshot_20150919T025947Z
616466,4,2,2,0.5,1,0,0,3,snapshot_20150919T025947Z
616521,5,5,0,1.0,1,0,0,3,snapshot_20150919T025947Z
616565,22,21,1,0.9545454545454546,1,0,0,13,snapshot_20150919T025947Z
616794,6,5,1,0.8333333333333334,1,0,0,4,snapshot_20150919T025947Z
616796,3,0,3,0.0,0,0,1,1,snapshot_20150919T025947Z
617101,63,43,20,0.6825396825396826,1,0,0,51,snapshot_20150919T025947Z
617191,3,3,0,1.0,1,0,0,1,snapshot_20150919T025947Z
617584,20,20,0,1.0,1,0,0,18,snapshot_20150919T025947Z
617591,7,7,0,1.0,1,0,0,5,snapshot_20150919T025947Z
617700,28,28,0,1.0,1,0,0,22,snapshot_20150919T025947Z
617793,49,40,9,0.8163265306122449,1,0,0,41,snapshot_20150919T025947Z
617872,7,6,1,0.8571428571428571,1,0,0,5,snapshot_20150919T025947Z
617963,5,5,0,1.0,1,0,0,3,snapshot_20150919T025947Z
618031,3,3,0,1.0,1,0,0,1,snapshot_20150919T025947Z
618195,4,4,0,1.0,1,0,0,2,snapshot_20150919T025947Z
618259,6,1,5,0.16666666666666666,1,0,0,4,snapshot_20150919T025947Z
618368,32,30,2,0.9375,1,0,0,30,snapshot_20150919T025947Z
618705,13,9,4,0.6923076923076923,1,0,0,7,snapshot_20150919T025947Z
618840,8,0,8,0.0,0,0,1,4,snapshot_20150919T025947Z
619012,3,0,3,0.0,0,1,1,0,snapshot_20150919T025947Z
619227,25,17,8,0.68,1,0,0,23,snapshot_20150919T025947Z
619488,22,21,1,0.9545454545454546,1,0,0,18,snapshot_20150919T025947Z
619657,13,13,0,1.0,1,0,0,11,snapshot_20150919T025947Z
619835,25,20,5,0.8,1,0,0,15,snapshot_20150919T025947Z
619893,12,0,12,0.0,0,0,1,10,snapshot_20150919T025947Z
620240,4,4,0,1.0,1,0,0,1,snapshot_20150919T025947Z
620292,8,8,0,1.0,1,0,0,4,snapshot_20150919T025947Z
620297,6,6,0,1.0,1,0,0,2,snapshot_20150919T025947Z
620451,3,3,0,1.0,1,0,0,1,snapshot_20150919T025947Z
620989,4,4,0,1.0,1,0,0,2,snapshot_20150919T025947Z
620993,3,0,3,0.0,0,0,1,1,snapshot_20150919T025947Z
621030,6,6,0,1.0,1,0,0,4,snapshot_20150919T025947Z
621195,1,0,1,0.0,0,1,1,0,snapshot_20150919T025947Z
621254,6,6,0,1.0,1,0,0,2,snapshot_20150919T025947Z
621312,11,4,7,0.36363636363636365,1,0,0,10,snapshot_20150919T025947Z
621384,4,4,0,1.0,1,0,0,2,snapshot_20150919T025947Z
621474,38,29,9,0.7631578947368421,1,0,0,28,snapshot_20150919T025947Z
621588,11,8,3,0.7272727272727273,1,0,0,9,snapshot_20150919T025947Z
621720,5,5,0,1.0,1,0,0,2,snapshot_20150919T025947Z
621942,15,5,10,0.3333333333333333,1,0,0,13,snapshot_20150919T025947Z
622025,4,4,0,1.0,1,0,0,3,snapshot_20150919T025947Z
622097,7,7,0,1.0,1,0,0,3,snapshot_20150919T025947Z
622240,3,3,0,1.0,1,0,0,2,snapshot_20150919T025947Z
622280,1,1,0,1.0,1,1,0,0,snapshot_20150919T025947Z
622534,7,7,0,1.0,1,0,0,5,snapshot_20150919T025947Z
622704,7,7,0,1.0,1,0,0,5,snapshot_20150919T025947Z
622717,10,3,7,0.3,1,0,0,8,snapshot_20150919T025947Z
623233,3,3,0,1.0,1,0,0,1,snapshot_20150919T025947Z
623466,2,2,0,1.0,1,1,0,0,snapshot_20150919T025947Z
623540,6,6,0,1.0,1,0,0,4,snapshot_20150919T025947Z
623548,3,3,0,1.0,1,0,0,1,snapshot_20150919T025947Z
623685,5,5,0,1.0,1,0,0,3,snapshot_20150919T025947Z
623908,15,11,4,0.7333333333333333,1,0,0,12,snapshot_20150919T025947Z
624006,3,3,0,1.0,1,0,0,1,snapshot_20150919T025947Z
624072,4,4,0,1.0,1,0,0,2,snapshot_20150919T025947Z
624095,8,6,2,0.75,1,0,0,7,snapshot_20150919T025947Z
624124,3,3,0,1.0,1,0,0,1,snapshot_20150919T025947Z
624259,3,3,0,1.0,1,0,0,1,snapshot_20150919T025947Z
624782,6,6,0,1.0,1,0,0,2,snapshot_20150919T025947Z
624786,7,7,0,1.0,1,0,0,3,snapshot_20150919T025947Z
624926,3,3,0,1.0,1,0,0,1,snapshot_20150919T025947Z
625091,4,4,0,1.0,1,0,0,2,snapshot_20150919T025947Z
625275,2,2,0,1.0,1,0,0,1,snapshot_20150919T025947Z
625383,3,0,3,0.0,0,0,1,1,snapshot_20150919T025947Z
625399,25,25,0,1.0,1,0,0,21,snapshot_20150919T025947Z
625653,38,19,19,0.5,1,0,0,26,snapshot_20150919T025947Z
625795,272,114,158,0.41911764705882354,1,0,0,263,snapshot_20150919T025947Z
625872,10,4,6,0.4,1,0,0,7,snapshot_20150919T025947Z
626013,5,0,5,0.0,0,0,1,4,snapshot_20150919T025947Z
626212,3,3,0,1.0,1,0,0,1,snapshot_20150919T025947Z
626237,12,12,0,1.0,1,0,0,7,snapshot_20150919T025947Z
626261,5,5,0,1.0,1,0,0,3,snapshot_20150919T025947Z
626320,8,0,8,0.0,0,0,1,6,snapshot_20150919T025947Z
626440,10,10,0,1.0,1,0,0,9,snapshot_20150919T025947Z
626492,4,4,0,1.0,1,0,0,2,snapshot_20150919T025947Z
626807,11,7,4,0.6363636363636364,1,0,0,6,snapshot_20150919T025947Z
626837,3,3,0,1.0,1,0,0,1,snapshot_20150919T025947Z
626881,12,11,1,0.9166666666666666,1,0,0,10,snapshot_20150919T025947Z
626903,5,5,0,1.0,1,0,0,2,snapshot_20150919T025947Z
627121,3,3,0,1.0,1,0,0,1,snapshot_20150919T025947Z
627293,4,4,0,1.0,1,0,0,2,snapshot_20150919T025947Z
627323,8,8,0,1.0,1,0,0,6,snapshot_20150919T025947Z
627358,8,4,4,0.5,1,0,0,6,snapshot_20150919T025947Z
627760,5,5,0,1.0,1,0,0,3,snapshot_20150919T025947Z
627868,15,15,0,1.0,1,0,0,9,snapshot_20150919T025947Z
627932,9,9,0,1.0,1,0,0,4,snapshot_20150919T025947Z
628240,4,4,0,1.0,1,0,0,1,snapshot_20150919T025947Z
628257,6,6,0,1.0,1,0,0,4,snapshot_20150919T025947Z
628305,5,5,0,1.0,1,0,0,3,snapshot_20150919T025947Z
628309,4,4,0,1.0,1,0,0,2,snapshot_20150919T025947Z
628362,3,3,0,1.0,1,0,0,1,snapshot_20150919T025947Z
628536,12,12,0,1.0,1,0,0,10,snapshot_20150919T025947Z
628648,6,6,0,1.0,1,0,0,5,snapshot_20150919T025947Z
628764,12,12,0,1.0,1,0,0,9,snapshot_20150919T025947Z
628771,5,5,0,1.0,1,0,0,3,snapshot_20150919T025947Z
628803,32,10,22,0.3125,1,0,0,30,snapshot_20150919T025947Z
628857,3,3,0,1.0,1,0,0,1,snapshot_20150919T025947Z
629346,33,32,1,0.9696969696969697,1,0,0,24,snapshot_20150919T025947Z
629386,8,3,5,0.375,1,0,0,2,snapshot_20150919T025947Z
629422,4,4,0,1.0,1,0,0,2,snapshot_20150919T025947Z
629436,5,4,1,0.8,1,0,0,2,snapshot_20150919T025947Z
629576,1,1,0,1.0,1,1,0,0,snapshot_20150919T025947Z
629925,4,4,0,1.0,1,0,0,2,snapshot_20150919T025947Z
629938,5,5,0,1.0,1,0,0,3,snapshot_20150919T025947Z
630039,6,6,0,1.0,1,0,0,4,snapshot_20150919T025947Z
630073,2,2,0,1.0,1,1,0,0,snapshot_20150919T025947Z
630195,6,6,0,1.0,1,0,0,2,snapshot_20150919T025947Z
630224,7,7,0,1.0,1,0,0,5,snapshot_20150919T025947Z
630627,5,5,0,1.0,1,0,0,3,snapshot_20150919T025947Z
630705,2,2,0,1.0,1,0,0,1,snapshot_20150919T025947Z
630746,4,4,0,1.0,1,1,0,0,snapshot_20150919T025947Z
630803,9,0,9,0.0,0,0,1,5,snapshot_20150919T025947Z
630841,2,2,0,1.0,1,1,0,0,snapshot_20150919T025947Z
630993,6,6,0,1.0,1,0,0,4,snapshot_20150919T025947Z
631078,6,2,4,0.3333333333333333,1,0,0,4,snapshot_20150919T025947Z
631140,7,7,0,1.0,1,0,0,5,snapshot_20150919T025947Z
631154,8,8,0,1.0,1,0,0,6,snapshot_20150919T025947Z
631228,8,8,0,1.0,1,0,0,5,snapshot_20150919T025947Z
631251,4,3,1,0.75,1,0,0,2,snapshot_20150919T025947Z
631296,4,4,0,1.0,1,0,0,2,snapshot_20150919T025947Z
631750,4,4,0,1.0,1,0,0,2,snapshot_20150919T025947Z
631757,2,2,0,1.0,1,1,0,0,snapshot_20150919T025947Z
631946,10,10,0,1.0,1,0,0,8,snapshot_20150919T025947Z
632138,4,4,0,1.0,1,0,0,2,snapshot_20150919T025947Z
632358,15,13,2,0.8666666666666667,1,0,0,13,snapshot_20150919T025947Z
632504,3,0,3,0.0,0,0,1,1,snapshot_20150919T025947Z
632538,5,5,0,1.0,1,0,0,2,snapshot_20150919T025947Z
632574,5,5,0,1.0,1,0,0,3,snapshot_20150919T025947Z
632714,7,7,0,1.0,1,0,0,5,snapshot_20150919T025947Z
632773,9,9,0,1.0,1,0,0,7,snapshot_20150919T025947Z
632951,22,22,0,1.0,1,0,0,18,snapshot_20150919T025947Z
633063,8,8,0,1.0,1,0,0,3,snapshot_20150919T025947Z
633161,39,20,19,0.5128205128205128,1,0,0,33,snapshot_20150919T025947Z
633177,11,6,5,0.5454545454545454,1,0,0,9,snapshot_20150919T025947Z
633212,7,7,0,1.0,1,0,0,5,snapshot_20150919T025947Z
633626,4,2,2,0.5,1,0,0,3,snapshot_20150919T025947Z
633658,3,3,0,1.0,1,0,0,1,snapshot_20150919T025947Z
633718,55,53,2,0.9636363636363636,1,0,0,53,snapshot_20150919T025947Z
633919,4,4,0,1.0,1,0,0,2,snapshot_20150919T025947Z
634017,3,3,0,1.0,1,0,0,1,snapshot_20150919T025947Z
634120,3,3,0,1.0,1,0,0,1,snapshot_20150919T025947Z
634183,14,14,0,1.0,1,0,0,12,snapshot_20150919T025947Z
634281,5,5,0,1.0,1,0,0,3,snapshot_20150919T025947Z
634300,26,25,1,0.9615384615384616,1,0,0,24,snapshot_20150919T025947Z
634352,5,5,0,1.0,1,0,0,3,snapshot_20150919T025947Z
634506,5,1,4,0.2,1,0,0,3,snapshot_20150919T025947Z
634736,11,11,0,1.0,1,0,0,9,snapshot_20150919T025947Z
634766,14,5,9,0.35714285714285715,1,0,0,10,snapshot_20150919T025947Z
634842,4,4,0,1.0,1,0,0,2,snapshot_20150919T025947Z
634973,6,6,0,1.0,1,0,0,2,snapshot_20150919T025947Z
635052,3,3,0,1.0,1,0,0,1,snapshot_20150919T025947Z
635351,6,6,0,1.0,1,0,0,2,snapshot_20150919T025947Z
635357,5,5,0,1.0,1,0,0,2,snapshot_20150919T025947Z
635436,7,6,1,0.8571428571428571,1,0,0,5,snapshot_20150919T025947Z
635630,6,6,0,1.0,1,0,0,4,snapshot_20150919T025947Z
635650,6,6,0,1.0,1,0,0,4,snapshot_20150919T025947Z
635667,8,8,0,1.0,1,0,0,6,snapshot_20150919T025947Z
635760,5,5,0,1.0,1,0,0,3,snapshot_20150919T025947Z
635778,4,4,0,1.0,1,0,0,3,snapshot_20150919T025947Z
635862,26,24,2,0.9230769230769231,1,0,0,22,snapshot_20150919T025947Z
635963,5,5,0,1.0,1,0,0,3,snapshot_20150919T025947Z
635987,6,6,0,1.0,1,0,0,3,snapshot_20150919T025947Z
636149,7,7,0,1.0,1,0,0,5,snapshot_20150919T025947Z
636313,8,4,4,0.5,1,0,0,3,snapshot_20150919T025947Z
636520,6,0,6,0.0,0,0,1,4,snapshot_20150919T025947Z
636529,4,0,4,0.0,0,0,1,2,snapshot_20150919T025947Z
636539,3,3,0,1.0,1,0,0,1,snapshot_20150919T025947Z
636569,4,0,4,0.0,0,0,1,2,snapshot_20150919T025947Z
636710,13,13,0,1.0,1,0,0,9,snapshot_20150919T025947Z
636918,9,9,0,1.0,1,0,0,7,snapshot_20150919T025947Z
637017,33,8,25,0.24242424242424243,1,0,0,21,snapshot_20150919T025947Z
637193,3,3,0,1.0,1,0,0,1,snapshot_20150919T025947Z
637274,6,6,0,1.0,1,0,0,4,snapshot_20150919T025947Z
637285,17,12,5,0.7058823529411765,1,0,0,11,snapshot_20150919T025947Z
637412,10,10,0,1.0,1,0,0,8,snapshot_20150919T025947Z
637672,3,0,3,0.0,0,0,1,2,snapshot_20150919T025947Z
638272,3,3,0,1.0,1,0,0,1,snapshot_20150919T025947Z
638328,26,26,0,1.0,1,0,0,25,snapshot_20150919T025947Z
638441,5,5,0,1.0,1,0,0,3,snapshot_20150919T025947Z
638506,5,5,0,1.0,1,0,0,3,snapshot_20150919T025947Z
638573,6,6,0,1.0,1,0,0,2,snapshot_20150919T025947Z
638627,13,13,0,1.0,1,0,0,11,snapshot_20150919T025947Z
638723,4,0,4,0.0,0,0,1,3,snapshot_20150919T025947Z
638736,50,47,3,0.94,1,0,0,48,snapshot_20150919T025947Z
639061,3,3,0,1.0,1,0,0,1,snapshot_20150919T025947Z
639216,6,0,6,0.0,0,0,1,4,snapshot_20150919T025947Z
639300,5,5,0,1.0,1,0,0,3,snapshot_20150919T025947Z
639377,14,14,0,1.0,1,0,0,12,snapshot_20150919T025947Z
639450,13,7,6,0.5384615384615384,1,0,0,9,snapshot_20150919T025947Z
639529,16,16,0,1.0,1,0,0,14,snapshot_20150919T025947Z
639616,5,5,0,1.0,1,0,0,4,snapshot_20150919T025947Z
639724,7,7,0,1.0,1,0,0,6,snapshot_20150919T025947Z
639775,3,3,0,1.0,1,0,0,1,snapshot_20150919T025947Z
639780,2,2,0,1.0,1,0,0,1,snapshot_20150919T025947Z
639826,9,9,0,1.0,1,0,0,7,snapshot_20150919T025947Z
639828,6,6,0,1.0,1,0,0,4,snapshot_20150919T025947Z
639948,8,0,8,0.0,0,0,1,6,snapshot_20150919T025947Z
639964,15,12,3,0.8,1,0,0,13,snapshot_20150919T025947Z
640476,13,13,0,1.0,1,0,0,11,snapshot_20150919T025947Z
640754,8,8,0,1.0,1,0,0,7,snapshot_20150919T025947Z
640892,17,17,0,1.0,1,0,0,12,snapshot_20150919T025947Z
640902,6,0,6,0.0,0,0,1,4,snapshot_20150919T025947Z
641020,2,2,0,1.0,1,0,0,1,snapshot_20150919T025947Z
641068,11,11,0,1.0,1,0,0,9,snapshot_20150919T025947Z
641077,3,3,0,1.0,1,0,0,1,snapshot_20150919T025947Z
641366,6,6,0,1.0,1,0,0,4,snapshot_20150919T025947Z
641557,5,5,0,1.0,1,0,0,3,snapshot_20150919T025947Z
641689,4,4,0,1.0,1,0,0,2,snapshot_20150919T025947Z
641790,5,5,0,1.0,1,0,0,3,snapshot_20150919T025947Z
641815,4,4,0,1.0,1,0,0,2,snapshot_20150919T025947Z
641943,8,8,0,1.0,1,0,0,4,snapshot_20150919T025947Z
642091,17,16,1,0.9411764705882353,1,0,0,13,snapshot_20150919T025947Z
642124,3,3,0,1.0,1,0,0,1,snapshot_20150919T025947Z
642130,47,44,3,0.9361702127659575,1,0,0,29,snapshot_20150919T025947Z
642233,4,0,4,0.0,0,0,1,2,snapshot_20150919T025947Z
642492,11,11,0,1.0,1,0,0,10,snapshot_20150919T025947Z
642505,6,6,0,1.0,1,0,0,1,snapshot_20150919T025947Z
642546,27,27,0,1.0,1,0,0,23,snapshot_20150919T025947Z
642818,7,7,0,1.0,1,0,0,5,snapshot_20150919T025947Z
643004,6,6,0,1.0,1,0,0,4,snapshot_20150919T025947Z
643085,3,3,0,1.0,1,0,0,1,snapshot_20150919T025947Z
643195,18,17,1,0.9444444444444444,1,0,0,16,snapshot_20150919T025947Z
643208,40,13,27,0.325,1,0,0,37,snapshot_20150919T025947Z
643307,7,2,5,0.2857142857142857,1,0,0,5,snapshot_20150919T025947Z
643357,3,3,0,1.0,1,0,0,1,snapshot_20150919T025947Z
643525,6,0,6,0.0,0,0,1,4,snapshot_20150919T025947Z
643535,7,7,0,1.0,1,0,0,5,snapshot_20150919T025947Z
643691,3,3,0,1.0,1,0,0,1,snapshot_20150919T025947Z
643768,77,75,2,0.974025974025974,1,0,0,54,snapshot_20150919T025947Z
643771,7,7,0,1.0,1,0,0,5,snapshot_20150919T025947Z
643881,8,8,0,1.0,1,0,0,6,snapshot_20150919T025947Z
644031,3,0,3,0.0,0,0,1,1,snapshot_20150919T025947Z
644227,9,9,0,1.0,1,0,0,7,snapshot_20150919T025947Z
644346,5,5,0,1.0,1,0,0,3,snapshot_20150919T025947Z
644422,17,6,11,0.35294117647058826,1,0,0,9,snapshot_20150919T025947Z
644522,5,0,5,0.0,0,0,1,3,snapshot_20150919T025947Z
644845,7,7,0,1.0,1,0,0,3,snapshot_20150919T025947Z
644887,2,2,0,1.0,1,0,0,1,snapshot_20150919T025947Z
645326,8,8,0,1.0,1,0,0,6,snapshot_20150919T025947Z
645352,7,3,4,0.42857142857142855,1,0,0,3,snapshot_20150919T025947Z
645414,1,0,1,0.0,0,1,1,0,snapshot_20150919T025947Z
645507,7,7,0,1.0,1,0,0,5,snapshot_20150919T025947Z
645511,12,12,0,1.0,1,0,0,10,snapshot_20150919T025947Z
645525,1411,1364,47,0.966690290574061,1,0,0,1180,snapshot_20150919T025947Z
645600,25,25,0,1.0,1,0,0,24,snapshot_20150919T025947Z
645935,8,0,8,0.0,0,0,1,3,snapshot_20150919T025947Z
645995,11,2,9,0.18181818181818182,1,0,0,7,snapshot_20150919T025947Z
646011,10,0,10,0.0,0,0,1,6,snapshot_20150919T025947Z
646035,5,5,0,1.0,1,0,0,3,snapshot_20150919T025947Z
646154,6,6,0,1.0,1,0,0,4,snapshot_20150919T025947Z
646169,16,11,5,0.6875,1,0,0,14,snapshot_20150919T025947Z
646172,17,17,0,1.0,1,0,0,15,snapshot_20150919T025947Z
646373,10,10,0,1.0,1,0,0,8,snapshot_20150919T025947Z
646402,4,4,0,1.0,1,0,0,1,snapshot_20150919T025947Z
646421,10,9,1,0.9,1,0,0,4,snapshot_20150919T025947Z
646468,3,3,0,1.0,1,0,0,1,snapshot_20150919T025947Z
646494,3,3,0,1.0,1,0,0,1,snapshot_20150919T025947Z
646913,14,14,0,1.0,1,0,0,12,snapshot_20150919T025947Z
647011,1,1,0,1.0,1,1,0,0,snapshot_20150919T025947Z
647026,7,0,7,0.0,0,0,1,3,snapshot_20150919T025947Z
647087,14,14,0,1.0,1,0,0,12,snapshot_20150919T025947Z
647183,5,2,3,0.4,1,0,0,3,snapshot_20150919T025947Z
647289,3,3,0,1.0,1,0,0,1,snapshot_20150919T025947Z
647294,4,4,0,1.0,1,0,0,3,snapshot_20150919T025947Z
647304,4,1,3,0.25,1,0,0,2,snapshot_20150919T025947Z
647330,10,0,10,0.0,0,0,1,7,snapshot_20150919T025947Z
647350,3,3,0,1.0,1,0,0,1,snapshot_20150919T025947Z
647428,5,1,4,0.2,1,0,0,3,snapshot_20150919T025947Z
647863,3,3,0,1.0,1,0,0,1,snapshot_20150919T025947Z
647891,9,9,0,1.0,1,0,0,7,snapshot_20150919T025947Z
647934,3,3,0,1.0,1,0,0,1,snapshot_20150919T025947Z
647987,3,3,0,1.0,1,0,0,1,snapshot_20150919T025947Z
648048,11,11,0,1.0,1,0,0,7,snapshot_20150919T025947Z
648175,60,59,1,0.9833333333333333,1,0,0,58,snapshot_20150919T025947Z
648463,3,0,3,0.0,0,0,1,1,snapshot_20150919T025947Z
648464,5,5,0,1.0,1,0,0,3,snapshot_20150919T025947Z
648603,3,3,0,1.0,1,0,0,1,snapshot_20150919T025947Z
649003,8,8,0,1.0,1,0,0,2,snapshot_20150919T025947Z
649196,17,10,7,0.5882352941176471,1,0,0,15,snapshot_20150919T025947Z
649387,10,0,10,0.0,0,0,1,5,snapshot_20150919T025947Z
649448,6,6,0,1.0,1,0,0,4,snapshot_20150919T025947Z
649460,9,0,9,0.0,0,0,1,7,snapshot_20150919T025947Z
649499,8,1,7,0.125,1,0,0,5,snapshot_20150919T025947Z
649511,115,88,27,0.7652173913043478,1,0,0,113,snapshot_20150919T025947Z
649946,15,10,5,0.6666666666666666,1,0,0,9,snapshot_20150919T025947Z
650028,3,3,0,1.0,1,0,0,1,snapshot_20150919T025947Z
650076,4,4,0,1.0,1,0,0,2,snapshot_20150919T025947Z
650108,22,16,6,0.7272727272727273,1,0,0,14,snapshot_20150919T025947Z
650526,2,2,0,1.0,1,1,0,0,snapshot_20150919T025947Z
650547,3,0,3,0.0,0,0,1,1,snapshot_20150919T025947Z
650670,7,3,4,0.42857142857142855,1,0,0,6,snapshot_20150919T025947Z
650738,3,3,0,1.0,1,0,0,1,snapshot_20150919T025947Z
650747,14,14,0,1.0,1,0,0,12,snapshot_20150919T025947Z
650815,3,3,0,1.0,1,0,0,1,snapshot_20150919T025947Z
650824,9,9,0,1.0,1,0,0,7,snapshot_20150919T025947Z
651173,9,8,1,0.8888888888888888,1,0,0,7,snapshot_20150919T025947Z
651283,3,1,2,0.3333333333333333,1,0,0,2,snapshot_20150919T025947Z
651334,32,8,24,0.25,1,0,0,30,snapshot_20150919T025947Z
651390,16,16,0,1.0,1,0,0,14,snapshot_20150919T025947Z
651553,3,3,0,1.0,1,0,0,1,snapshot_20150919T025947Z
651630,3,3,0,1.0,1,0,0,2,snapshot_20150919T025947Z
651655,8,8,0,1.0,1,0,0,2,snapshot_20150919T025947Z
651768,8,8,0,1.0,1,0,0,7,snapshot_20150919T025947Z
651990,9,8,1,0.8888888888888888,1,0,0,7,snapshot_20150919T025947Z
652361,8,8,0,1.0,1,0,0,6,snapshot_20150919T025947Z
652423,15,15,0,1.0,1,0,0,14,snapshot_20150919T025947Z
652566,3,3,0,1.0,1,0,0,1,snapshot_20150919T025947Z
652700,54,40,14,0.7407407407407407,1,0,0,52,snapshot_20150919T025947Z
652941,3,3,0,1.0,1,0,0,1,snapshot_20150919T025947Z
652968,5,5,0,1.0,1,0,0,3,snapshot_20150919T025947Z
653012,4,4,0,1.0,1,0,0,2,snapshot_20150919T025947Z
653076,4,4,0,1.0,1,0,0,2,snapshot_20150919T025947Z
653210,8,0,8,0.0,0,0,1,6,snapshot_20150919T025947Z
653759,11,11,0,1.0,1,0,0,9,snapshot_20150919T025947Z
653891,2,2,0,1.0,1,0,0,1,snapshot_20150919T025947Z
653971,4,4,0,1.0,1,0,0,2,snapshot_20150919T025947Z
654002,3,3,0,1.0,1,0,0,1,snapshot_20150919T025947Z
654148,6,6,0,1.0,1,0,0,5,snapshot_20150919T025947Z
654292,3,0,3,0.0,0,0,1,1,snapshot_20150919T025947Z
654340,3,0,3,0.0,0,0,1,1,snapshot_20150919T025947Z
654496,14,14,0,1.0,1,0,0,11,snapshot_20150919T025947Z
654573,5,0,5,0.0,0,0,1,3,snapshot_20150919T025947Z
654608,11,11,0,1.0,1,0,0,7,snapshot_20150919T025947Z
654715,4,4,0,1.0,1,0,0,3,snapshot_20150919T025947Z
654718,2,2,0,1.0,1,0,0,1,snapshot_20150919T025947Z
654838,5,0,5,0.0,0,0,1,3,snapshot_20150919T025947Z
654878,6,5,1,0.8333333333333334,1,0,0,4,snapshot_20150919T025947Z
655092,23,9,14,0.391304347826087,1,0,0,16,snapshot_20150919T025947Z
655325,3,0,3,0.0,0,0,1,1,snapshot_20150919T025947Z
655336,4,4,0,1.0,1,0,0,2,snapshot_20150919T025947Z
655539,4,4,0,1.0,1,0,0,2,snapshot_20150919T025947Z
655713,14,14,0,1.0,1,0,0,9,snapshot_20150919T025947Z
655854,10,10,0,1.0,1,0,0,8,snapshot_20150919T025947Z
655937,6,6,0,1.0,1,0,0,3,snapshot_20150919T025947Z
655964,5,5,0,1.0,1,0,0,3,snapshot_20150919T025947Z
655995,6,5,1,0.8333333333333334,1,0,0,4,snapshot_20150919T025947Z
656029,4,4,0,1.0,1,0,0,2,snapshot_20150919T025947Z
656253,8,8,0,1.0,1,0,0,5,snapshot_20150919T025947Z
656350,3,3,0,1.0,1,0,0,1,snapshot_20150919T025947Z
656602,4,4,0,1.0,1,0,0,2,snapshot_20150919T025947Z
656771,5,5,0,1.0,1,0,0,3,snapshot_20150919T025947Z
656837,3,3,0,1.0,1,0,0,1,snapshot_20150919T025947Z
656967,51,0,51,0.0,0,0,1,37,snapshot_20150919T025947Z
657096,5,5,0,1.0,1,0,0,1,snapshot_20150919T025947Z
657293,8,8,0,1.0,1,0,0,4,snapshot_20150919T025947Z
657378,25,20,5,0.8,1,0,0,21,snapshot_20150919T025947Z
657394,3,3,0,1.0,1,0,0,1,snapshot_20150919T025947Z
657414,7,7,0,1.0,1,0,0,3,snapshot_20150919T025947Z
657508,3,3,0,1.0,1,0,0,1,snapshot_20150919T025947Z
657556,18,13,5,0.7222222222222222,1,0,0,16,snapshot_20150919T025947Z
657617,4,4,0,1.0,1,0,0,2,snapshot_20150919T025947Z
657631,3,0,3,0.0,0,0,1,1,snapshot_20150919T025947Z
657633,5,5,0,1.0,1,0,0,3,snapshot_20150919T025947Z
658138,11,11,0,1.0,1,0,0,9,snapshot_20150919T025947Z
658171,4,1,3,0.25,1,0,0,2,snapshot_20150919T025947Z
658278,13,9,4,0.6923076923076923,1,0,0,7,snapshot_20150919T025947Z
658299,5,5,0,1.0,1,0,0,3,snapshot_20150919T025947Z
658473,4,4,0,1.0,1,0,0,2,snapshot_20150919T025947Z
658609,3,3,0,1.0,1,0,0,1,snapshot_20150919T025947Z
658611,24,22,2,0.9166666666666666,1,0,0,15,snapshot_20150919T025947Z
658626,61,61,0,1.0,1,0,0,49,snapshot_20150919T025947Z
659024,9,4,5,0.4444444444444444,1,0,0,7,snapshot_20150919T025947Z
659293,3,0,3,0.0,0,0,1,1,snapshot_20150919T025947Z
659301,7,7,0,1.0,1,0,0,5,snapshot_20150919T025947Z
660033,4,4,0,1.0,1,0,0,2,snapshot_20150919T025947Z
660393,29,29,0,1.0,1,0,0,12,snapshot_20150919T025947Z
660620,28,21,7,0.75,1,0,0,21,snapshot_20150919T025947Z
660673,16,10,6,0.625,1,0,0,14,snapshot_20150919T025947Z
660677,3,0,3,0.0,0,0,1,1,snapshot_20150919T025947Z
660789,6,6,0,1.0,1,0,0,4,snapshot_20150919T025947Z
660893,8,8,0,1.0,1,0,0,7,snapshot_20150919T025947Z
660952,3,3,0,1.0,1,0,0,1,snapshot_20150919T025947Z
661096,6,6,0,1.0,1,0,0,4,snapshot_20150919T025947Z
661164,19,19,0,1.0,1,0,0,15,snapshot_20150919T025947Z
661290,3,3,0,1.0,1,0,0,1,snapshot_20150919T025947Z
661382,5,1,4,0.2,1,0,0,3,snapshot_20150919T025947Z
661580,5,5,0,1.0,1,0,0,1,snapshot_20150919T025947Z
661619,5,5,0,1.0,1,0,0,3,snapshot_20150919T025947Z
661719,6,6,0,1.0,1,0,0,2,snapshot_20150919T025947Z
661809,12,12,0,1.0,1,0,0,10,snapshot_20150919T025947Z
661931,9,9,0,1.0,1,0,0,6,snapshot_20150919T025947Z
662024,12,7,5,0.5833333333333334,1,0,0,10,snapshot_20150919T025947Z
662041,8,7,1,0.875,1,0,0,4,snapshot_20150919T025947Z
662257,2,2,0,1.0,1,0,0,1,snapshot_20150919T025947Z
662462,2,2,0,1.0,1,1,0,0,snapshot_20150919T025947Z
662475,18,18,0,1.0,1,0,0,14,snapshot_20150919T025947Z
662500,8,1,7,0.125,1,0,0,6,snapshot_20150919T025947Z
662735,3,3,0,1.0,1,0,0,1,snapshot_20150919T025947Z
662900,5,5,0,1.0,1,0,0,3,snapshot_20150919T025947Z
663166,5,4,1,0.8,1,0,0,3,snapshot_20150919T025947Z
663210,7,7,0,1.0,1,0,0,5,snapshot_20150919T025947Z
663372,3,3,0,1.0,1,0,0,1,snapshot_20150919T025947Z
663411,4,4,0,1.0,1,0,0,3,snapshot_20150919T025947Z
663616,8,8,0,1.0,1,0,0,4,snapshot_20150919T025947Z
663861,4,4,0,1.0,1,0,0,3,snapshot_20150919T025947Z
663983,5,5,0,1.0,1,0,0,3,snapshot_20150919T025947Z
664127,5,5,0,1.0,1,0,0,3,snapshot_20150919T025947Z
664130,3,3,0,1.0,1,0,0,1,snapshot_20150919T025947Z
664310,4,4,0,1.0,1,0,0,2,snapshot_20150919T025947Z
664424,9,7,2,0.7777777777777778,1,0,0,8,snapshot_20150919T025947Z
664551,18,18,0,1.0,1,0,0,9,snapshot_20150919T025947Z
664682,55,54,1,0.9818181818181818,1,0,0,46,snapshot_20150919T025947Z
664689,2,2,0,1.0,1,0,0,1,snapshot_20150919T025947Z
664721,14,14,0,1.0,1,0,0,2,snapshot_20150919T025947Z
664735,4,0,4,0.0,0,0,1,2,snapshot_20150919T025947Z
664763,90,83,7,0.9222222222222223,1,0,0,79,snapshot_20150919T025947Z
664829,3,3,0,1.0,1,0,0,1,snapshot_20150919T025947Z
664846,5,0,5,0.0,0,0,1,3,snapshot_20150919T025947Z
665150,6,0,6,0.0,0,0,1,4,snapshot_20150919T025947Z
665308,10,4,6,0.4,1,0,0,4,snapshot_20150919T025947Z
665788,5,3,2,0.6,1,0,0,3,snapshot_20150919T025947Z
666046,16,11,5,0.6875,1,0,0,14,snapshot_20150919T025947Z
666056,8,3,5,0.375,1,0,0,6,snapshot_20150919T025947Z
666162,19,17,2,0.8947368421052632,1,0,0,17,snapshot_20150919T025947Z
666163,4,4,0,1.0,1,0,0,2,snapshot_20150919T025947Z
666168,2,2,0,1.0,1,1,0,0,snapshot_20150919T025947Z
666335,3,3,0,1.0,1,0,0,2,snapshot_20150919T025947Z
666443,4,0,4,0.0,0,0,1,3,snapshot_20150919T025947Z
666500,7,7,0,1.0,1,0,0,5,snapshot_20150919T025947Z
666517,3,3,0,1.0,1,0,0,1,snapshot_20150919T025947Z
666594,3,3,0,1.0,1,0,0,2,snapshot_20150919T025947Z
666897,3,3,0,1.0,1,0,0,1,snapshot_20150919T025947Z
666908,32,27,5,0.84375,1,0,0,30,snapshot_20150919T025947Z
666960,3,3,0,1.0,1,0,0,2,snapshot_20150919T025947Z
667085,17,17,0,1.0,1,0,0,15,snapshot_20150919T025947Z
667148,2,2,0,1.0,1,0,0,1,snapshot_20150919T025947Z
667217,9,2,7,0.2222222222222222,1,0,0,7,snapshot_20150919T025947Z
667420,5,5,0,1.0,1,0,0,3,snapshot_20150919T025947Z
667559,9,9,0,1.0,1,0,0,7,snapshot_20150919T025947Z
667565,4,0,4,0.0,0,0,1,2,snapshot_20150919T025947Z
667569,8,8,0,1.0,1,0,0,4,snapshot_20150919T025947Z
667707,4,4,0,1.0,1,0,0,2,snapshot_20150919T025947Z
667873,7,7,0,1.0,1,0,0,5,snapshot_20150919T025947Z
668226,20,19,1,0.95,1,0,0,14,snapshot_20150919T025947Z
668227,18,10,8,0.5555555555555556,1,0,0,14,snapshot_20150919T025947Z
668251,12,12,0,1.0,1,0,0,9,snapshot_20150919T025947Z
668288,34,25,9,0.7352941176470589,1,0,0,30,snapshot_20150919T025947Z
668489,4,4,0,1.0,1,0,0,2,snapshot_20150919T025947Z
668637,10,10,0,1.0,1,0,0,8,snapshot_20150919T025947Z
668775,6,4,2,0.6666666666666666,1,0,0,4,snapshot_20150919T025947Z
668937,24,23,1,0.9583333333333334,1,0,0,22,snapshot_20150919T025947Z
669299,20,20,0,1.0,1,0,0,18,snapshot_20150919T025947Z
669387,22,22,0,1.0,1,0,0,20,snapshot_20150919T025947Z
669744,3,3,0,1.0,1,0,0,1,snapshot_20150919T025947Z
669949,40,29,11,0.725,1,0,0,34,snapshot_20150919T025947Z
669974,4,4,0,1.0,1,0,0,2,snapshot_20150919T025947Z
669989,7,7,0,1.0,1,0,0,5,snapshot_20150919T025947Z
669994,3,0,3,0.0,0,0,1,1,snapshot_20150919T025947Z
670011,4,4,0,1.0,1,0,0,2,snapshot_20150919T025947Z
670220,11,7,4,0.6363636363636364,1,0,0,5,snapshot_20150919T025947Z
670282,9,9,0,1.0,1,0,0,5,snapshot_20150919T025947Z
670307,3,3,0,1.0,1,0,0,1,snapshot_20150919T025947Z
670551,2,2,0,1.0,1,0,0,1,snapshot_20150919T025947Z
670832,3,0,3,0.0,0,0,1,1,snapshot_20150919T025947Z
671272,4,4,0,1.0,1,0,0,2,snapshot_20150919T025947Z
671304,6,6,0,1.0,1,0,0,4,snapshot_20150919T025947Z
671481,5,5,0,1.0,1,0,0,3,snapshot_20150919T025947Z
671597,3,3,0,1.0,1,0,0,1,snapshot_20150919T025947Z
671723,11,11,0,1.0,1,0,0,9,snapshot_20150919T025947Z
671765,3,3,0,1.0,1,0,0,1,snapshot_20150919T025947Z
671906,15,15,0,1.0,1,0,0,13,snapshot_20150919T025947Z
671926,3,3,0,1.0,1,0,0,2,snapshot_20150919T025947Z
671934,6,0,6,0.0,0,0,1,3,snapshot_20150919T025947Z
672066,2,0,2,0.0,0,0,1,1,snapshot_20150919T025947Z
672120,6,6,0,1.0,1,0,0,2,snapshot_20150919T025947Z
672217,4,4,0,1.0,1,0,0,2,snapshot_20150919T025947Z
672218,181,167,14,0.9226519337016574,1,0,0,150,snapshot_20150919T025947Z
672339,4,4,0,1.0,1,0,0,2,snapshot_20150919T025947Z
672404,3,3,0,1.0,1,0,0,1,snapshot_20150919T025947Z
672630,4,0,4,0.0,0,0,1,2,snapshot_20150919T025947Z
672725,13,9,4,0.6923076923076923,1,0,0,11,snapshot_20150919T025947Z
672767,9,5,4,0.5555555555555556,1,0,0,7,snapshot_20150919T025947Z
672785,49,27,22,0.5510204081632653,1,0,0,36,snapshot_20150919T025947Z
672855,18,18,0,1.0,1,0,0,14,snapshot_20150919T025947Z
672896,9,9,0,1.0,1,0,0,7,snapshot_20150919T025947Z
673007,3,3,0,1.0,1,0,0,1,snapshot_20150919T025947Z
673028,5,5,0,1.0,1,0,0,3,snapshot_20150919T025947Z
673138,15,15,0,1.0,1,0,0,7,snapshot_20150919T025947Z
673291,22,22,0,1.0,1,0,0,20,snapshot_20150919T025947Z
673331,6,6,0,1.0,1,0,0,4,snapshot_20150919T025947Z
673557,3,3,0,1.0,1,0,0,1,snapshot_20150919T025947Z
673572,443,249,194,0.5620767494356659,1,0,0,427,snapshot_20150919T025947Z
673618,4,4,0,1.0,1,0,0,2,snapshot_20150919T025947Z
673776,4,0,4,0.0,0,0,1,1,snapshot_20150919T025947Z
673841,5,5,0,1.0,1,0,0,3,snapshot_20150919T025947Z
673913,4,4,0,1.0,1,0,0,2,snapshot_20150919T025947Z
673919,12,10,2,0.8333333333333334,1,0,0,10,snapshot_20150919T025947Z
673950,15,15,0,1.0,1,0,0,13,snapshot_20150919T025947Z
674067,7,0,7,0.0,0,0,1,3,snapshot_20150919T025947Z
674207,5,5,0,1.0,1,0,0,4,snapshot_20150919T025947Z
674233,3,0,3,0.0,0,0,1,2,snapshot_20150919T025947Z
674240,6,6,0,1.0,1,0,0,4,snapshot_20150919T025947Z
674283,5,5,0,1.0,1,0,0,2,snapshot_20150919T025947Z
674356,7,6,1,0.8571428571428571,1,0,0,5,snapshot_20150919T025947Z
674830,5,5,0,1.0,1,0,0,3,snapshot_20150919T025947Z
674837,19,18,1,0.9473684210526315,1,0,0,15,snapshot_20150919T025947Z
675006,2,2,0,1.0,1,0,0,1,snapshot_20150919T025947Z
675039,2,2,0,1.0,1,0,0,1,snapshot_20150919T025947Z
675069,5,0,5,0.0,0,0,1,3,snapshot_20150919T025947Z
675209,5,5,0,1.0,1,0,0,2,snapshot_20150919T025947Z
675230,7,7,0,1.0,1,0,0,5,snapshot_20150919T025947Z
675313,5,5,0,1.0,1,0,0,3,snapshot_20150919T025947Z
675368,14,14,0,1.0,1,0,0,12,snapshot_20150919T025947Z
675619,6,6,0,1.0,1,0,0,4,snapshot_20150919T025947Z
675646,10,10,0,1.0,1,0,0,6,snapshot_20150919T025947Z
675725,11,10,1,0.9090909090909091,1,0,0,8,snapshot_20150919T025947Z
675843,21,21,0,1.0,1,0,0,14,snapshot_20150919T025947Z
676349,9,8,1,0.8888888888888888,1,0,0,7,snapshot_20150919T025947Z
676455,14,14,0,1.0,1,0,0,9,snapshot_20150919T025947Z
676464,5,5,0,1.0,1,0,0,4,snapshot_20150919T025947Z
676700,14,2,12,0.14285714285714285,1,0,0,6,snapshot_20150919T025947Z
676713,2,2,0,1.0,1,1,0,0,snapshot_20150919T025947Z
676722,20,20,0,1.0,1,0,0,16,snapshot_20150919T025947Z
676735,9,9,0,1.0,1,0,0,6,snapshot_20150919T025947Z
676919,18,18,0,1.0,1,0,0,10,snapshot_20150919T025947Z
676990,27,27,0,1.0,1,0,0,19,snapshot_20150919T025947Z
676997,46,19,27,0.41304347826086957,1,0,0,34,snapshot_20150919T025947Z
677046,7,7,0,1.0,1,0,0,5,snapshot_20150919T025947Z
677255,12,2,10,0.16666666666666666,1,0,0,6,snapshot_20150919T025947Z
677274,6,1,5,0.16666666666666666,1,0,0,4,snapshot_20150919T025947Z
677299,10,10,0,1.0,1,0,0,4,snapshot_20150919T025947Z
677318,23,21,2,0.9130434782608695,1,0,0,18,snapshot_20150919T025947Z
677329,3,0,3,0.0,0,0,1,1,snapshot_20150919T025947Z
677571,3,3,0,1.0,1,0,0,1,snapshot_20150919T025947Z
677623,3,3,0,1.0,1,0,0,1,snapshot_20150919T025947Z
677721,4,3,1,0.75,1,0,0,2,snapshot_20150919T025947Z
677741,4,0,4,0.0,0,0,1,2,snapshot_20150919T025947Z
677771,6,6,0,1.0,1,0,0,4,snapshot_20150919T025947Z
678230,3,0,3,0.0,0,0,1,1,snapshot_20150919T025947Z
678935,5,0,5,0.0,0,0,1,3,snapshot_20150919T025947Z
678937,20,20,0,1.0,1,0,0,13,snapshot_20150919T025947Z
678948,11,1,10,0.09090909090909091,1,0,0,9,snapshot_20150919T025947Z
679084,22,21,1,0.9545454545454546,1,0,0,19,snapshot_20150919T025947Z
679201,19,15,4,0.7894736842105263,1,0,0,11,snapshot_20150919T025947Z
679422,13,0,13,0.0,0,0,1,10,snapshot_20150919T025947Z
679473,6,6,0,1.0,1,0,0,4,snapshot_20150919T025947Z
679711,12,11,1,0.9166666666666666,1,0,0,10,snapshot_20150919T025947Z
679892,3,3,0,1.0,1,0,0,1,snapshot_20150919T025947Z
680026,16,16,0,1.0,1,0,0,14,snapshot_20150919T025947Z
680221,42,42,0,1.0,1,0,0,38,snapshot_20150919T025947Z
680400,3,3,0,1.0,1,0,0,1,snapshot_20150919T025947Z
680488,25,25,0,1.0,1,0,0,23,snapshot_20150919T025947Z
680552,8,0,8,0.0,0,0,1,3,snapshot_20150919T025947Z
680669,2,2,0,1.0,1,0,0,1,snapshot_20150919T025947Z
680820,3,3,0,1.0,1,0,0,1,snapshot_20150919T025947Z
680858,11,11,0,1.0,1,0,0,6,snapshot_20150919T025947Z
680865,3,3,0,1.0,1,0,0,2,snapshot_20150919T025947Z
681101,3,3,0,1.0,1,0,0,1,snapshot_20150919T025947Z
681196,11,0,11,0.0,0,0,1,8,snapshot_20150919T025947Z
681231,15,15,0,1.0,1,0,0,13,snapshot_20150919T025947Z
681283,3,3,0,1.0,1,0,0,1,snapshot_20150919T025947Z
681486,7,7,0,1.0,1,0,0,5,snapshot_20150919T025947Z
681489,6,6,0,1.0,1,0,0,4,snapshot_20150919T025947Z
681609,2,2,0,1.0,1,1,0,0,snapshot_20150919T025947Z
681733,6,2,4,0.3333333333333333,1,0,0,4,snapshot_20150919T025947Z
682031,24,17,7,0.7083333333333334,1,0,0,10,snapshot_20150919T025947Z
682067,13,13,0,1.0,1,0,0,8,snapshot_20150919T025947Z
682448,9,3,6,0.3333333333333333,1,0,0,4,snapshot_20150919T025947Z
682501,1,0,1,0.0,0,1,1,0,snapshot_20150919T025947Z
682534,14,13,1,0.9285714285714286,1,0,0,12,snapshot_20150919T025947Z
682715,2,2,0,1.0,1,1,0,0,snapshot_20150919T025947Z
683069,6,6,0,1.0,1,0,0,4,snapshot_20150919T025947Z
683086,15,0,15,0.0,0,0,1,13,snapshot_20150919T025947Z
683140,18,18,0,1.0,1,0,0,16,snapshot_20150919T025947Z
683211,4,4,0,1.0,1,0,0,2,snapshot_20150919T025947Z
683255,5,5,0,1.0,1,0,0,3,snapshot_20150919T025947Z
683346,6,6,0,1.0,1,0,0,4,snapshot_20150919T025947Z
683548,4,0,4,0.0,0,0,1,2,snapshot_20150919T025947Z
683597,2,2,0,1.0,1,0,0,1,snapshot_20150919T025947Z
683598,21,21,0,1.0,1,0,0,19,snapshot_20150919T025947Z
683628,8,8,0,1.0,1,0,0,6,snapshot_20150919T025947Z
683706,4,4,0,1.0,1,0,0,2,snapshot_20150919T025947Z
683796,29,28,1,0.9655172413793104,1,0,0,25,snapshot_20150919T025947Z
683901,19,19,0,1.0,1,0,0,14,snapshot_20150919T025947Z
683914,2,2,0,1.0,1,0,0,1,snapshot_20150919T025947Z
684000,3,3,0,1.0,1,0,0,1,snapshot_20150919T025947Z
684072,15,14,1,0.9333333333333333,1,0,0,13,snapshot_20150919T025947Z
684128,7,2,5,0.2857142857142857,1,0,0,5,snapshot_20150919T025947Z
684153,5,5,0,1.0,1,0,0,2,snapshot_20150919T025947Z
684190,5,5,0,1.0,1,0,0,3,snapshot_20150919T025947Z
684213,11,11,0,1.0,1,0,0,7,snapshot_20150919T025947Z
684514,2246,1840,406,0.8192341941228851,1,0,0,1826,snapshot_20150919T025947Z
684531,5,5,0,1.0,1,0,0,1,snapshot_20150919T025947Z
684679,16,16,0,1.0,1,0,0,15,snapshot_20150919T025947Z
684791,1,1,0,1.0,1,1,0,0,snapshot_20150919T025947Z
684873,4,4,0,1.0,1,1,0,0,snapshot_20150919T025947Z
684976,3,0,3,0.0,0,0,1,1,snapshot_20150919T025947Z
685025,7,7,0,1.0,1,0,0,4,snapshot_20150919T025947Z
685118,41,36,5,0.8780487804878049,1,0,0,33,snapshot_20150919T025947Z
685143,3,0,3,0.0,0,0,1,1,snapshot_20150919T025947Z
685444,6,6,0,1.0,1,0,0,4,snapshot_20150919T025947Z
685502,13,13,0,1.0,1,0,0,11,snapshot_20150919T025947Z
685520,5,5,0,1.0,1,0,0,3,snapshot_20150919T025947Z
685630,9,9,0,1.0,1,0,0,6,snapshot_20150919T025947Z
685665,5,5,0,1.0,1,0,0,2,snapshot_20150919T025947Z
686012,122,94,28,0.7704918032786885,1,0,0,77,snapshot_20150919T025947Z
686039,22,22,0,1.0,1,0,0,14,snapshot_20150919T025947Z
686211,2,2,0,1.0,1,1,0,0,snapshot_20150919T025947Z
686253,4,0,4,0.0,0,0,1,2,snapshot_20150919T025947Z
686262,5,2,3,0.4,1,0,0,3,snapshot_20150919T025947Z
686854,188,183,5,0.973404255319149,1,0,0,145,snapshot_20150919T025947Z
686896,31,0,31,0.0,0,0,1,30,snapshot_20150919T025947Z
686940,49,46,3,0.9387755102040817,1,0,0,45,snapshot_20150919T025947Z
687602,9,9,0,1.0,1,0,0,1,snapshot_20150919T025947Z
687775,11,11,0,1.0,1,0,0,8,snapshot_20150919T025947Z
687940,4,0,4,0.0,0,0,1,2,snapshot_20150919T025947Z
688234,5,5,0,1.0,1,0,0,4,snapshot_20150919T025947Z
688237,7,7,0,1.0,1,0,0,5,snapshot_20150919T025947Z
688314,8,8,0,1.0,1,0,0,4,snapshot_20150919T025947Z
688563,20,20,0,1.0,1,0,0,17,snapshot_20150919T025947Z
688645,10,10,0,1.0,1,0,0,5,snapshot_20150919T025947Z
688825,7,7,0,1.0,1,0,0,5,snapshot_20150919T025947Z
688840,5,5,0,1.0,1,0,0,3,snapshot_20150919T025947Z
688912,6,6,0,1.0,1,0,0,2,snapshot_20150919T025947Z
689091,5,5,0,1.0,1,0,0,3,snapshot_20150919T025947Z
689115,15,15,0,1.0,1,0,0,7,snapshot_20150919T025947Z
689209,3,0,3,0.0,0,0,1,1,snapshot_20150919T025947Z
689266,12,12,0,1.0,1,0,0,10,snapshot_20150919T025947Z
689290,6,6,0,1.0,1,0,0,4,snapshot_20150919T025947Z
689522,14,14,0,1.0,1,0,0,12,snapshot_20150919T025947Z
689605,8,8,0,1.0,1,0,0,4,snapshot_20150919T025947Z
689611,4,4,0,1.0,1,0,0,2,snapshot_20150919T025947Z
689640,5,5,0,1.0,1,0,0,3,snapshot_20150919T025947Z
690114,52,46,6,0.8846153846153846,1,0,0,50,snapshot_20150919T025947Z
690130,8,8,0,1.0,1,0,0,6,snapshot_20150919T025947Z
690336,7,7,0,1.0,1,0,0,6,snapshot_20150919T025947Z
690443,3,3,0,1.0,1,0,0,1,snapshot_20150919T025947Z
690787,2,2,0,1.0,1,0,0,1,snapshot_20150919T025947Z
690929,7,7,0,1.0,1,0,0,3,snapshot_20150919T025947Z
691013,41,39,2,0.9512195121951219,1,0,0,38,snapshot_20150919T025947Z
691215,12,12,0,1.0,1,0,0,10,snapshot_20150919T025947Z
691268,5,5,0,1.0,1,0,0,2,snapshot_20150919T025947Z
691766,16,15,1,0.9375,1,0,0,12,snapshot_20150919T025947Z
691958,3,0,3,0.0,0,0,1,1,snapshot_20150919T025947Z
692199,4,4,0,1.0,1,0,0,2,snapshot_20150919T025947Z
692368,24,24,0,1.0,1,0,0,18,snapshot_20150919T025947Z
692447,3,3,0,1.0,1,0,0,1,snapshot_20150919T025947Z
692653,13,13,0,1.0,1,0,0,9,snapshot_20150919T025947Z
692676,7,1,6,0.14285714285714285,1,0,0,5,snapshot_20150919T025947Z
692959,6,6,0,1.0,1,0,0,1,snapshot_20150919T025947Z
693104,4,0,4,0.0,0,0,1,2,snapshot_20150919T025947Z
693398,3,3,0,1.0,1,0,0,1,snapshot_20150919T025947Z
693400,13,3,10,0.23076923076923078,1,0,0,11,snapshot_20150919T025947Z
693528,14,14,0,1.0,1,0,0,1,snapshot_20150919T025947Z
693591,16,16,0,1.0,1,0,0,14,snapshot_20150919T025947Z
693648,5,5,0,1.0,1,0,0,1,snapshot_20150919T025947Z
693672,7,5,2,0.7142857142857143,1,0,0,6,snapshot_20150919T025947Z
693688,4,4,0,1.0,1,0,0,2,snapshot_20150919T025947Z
693709,386,299,87,0.7746113989637305,1,0,0,366,snapshot_20150919T025947Z
693975,3,3,0,1.0,1,0,0,1,snapshot_20150919T025947Z
694497,5,0,5,0.0,0,0,1,3,snapshot_20150919T025947Z
694977,3,3,0,1.0,1,0,0,2,snapshot_20150919T025947Z
695025,11,11,0,1.0,1,0,0,4,snapshot_20150919T025947Z
695074,66,59,7,0.8939393939393939,1,0,0,62,snapshot_20150919T025947Z
695198,3,3,0,1.0,1,0,0,1,snapshot_20150919T025947Z
695604,7,7,0,1.0,1,0,0,4,snapshot_20150919T025947Z
695620,4,4,0,1.0,1,0,0,2,snapshot_20150919T025947Z
695657,20,0,20,0.0,0,0,1,9,snapshot_20150919T025947Z
695747,2,2,0,1.0,1,0,0,1,snapshot_20150919T025947Z
696046,4,4,0,1.0,1,0,0,2,snapshot_20150919T025947Z
696363,8,8,0,1.0,1,0,0,4,snapshot_20150919T025947Z
696393,28,0,28,0.0,0,0,1,26,snapshot_20150919T025947Z
696424,12,0,12,0.0,0,0,1,11,snapshot_20150919T025947Z
696774,12,0,12,0.0,0,0,1,10,snapshot_20150919T025947Z
697009,14,14,0,1.0,1,0,0,12,snapshot_20150919T025947Z
697361,12,12,0,1.0,1,0,0,10,snapshot_20150919T025947Z
697366,4,4,0,1.0,1,0,0,2,snapshot_20150919T025947Z
697408,16,9,7,0.5625,1,0,0,12,snapshot_20150919T025947Z
697413,11,11,0,1.0,1,0,0,7,snapshot_20150919T025947Z
697426,14,13,1,0.9285714285714286,1,0,0,11,snapshot_20150919T025947Z
697585,6,4,2,0.6666666666666666,1,0,0,3,snapshot_20150919T025947Z
697629,3,0,3,0.0,0,0,1,1,snapshot_20150919T025947Z
697687,4,4,0,1.0,1,0,0,2,snapshot_20150919T025947Z
697734,4,4,0,1.0,1,0,0,2,snapshot_20150919T025947Z
697828,5,5,0,1.0,1,0,0,3,snapshot_20150919T025947Z
697830,6,6,0,1.0,1,0,0,4,snapshot_20150919T025947Z
698124,5,5,0,1.0,1,0,0,3,snapshot_20150919T025947Z
698162,6,6,0,1.0,1,0,0,4,snapshot_20150919T025947Z
698640,3,3,0,1.0,1,0,0,1,snapshot_20150919T025947Z
698812,13,13,0,1.0,1,0,0,6,snapshot_20150919T025947Z
698816,6,6,0,1.0,1,0,0,1,snapshot_20150919T025947Z
698846,3,3,0,1.0,1,0,0,1,snapshot_20150919T025947Z
698958,4,4,0,1.0,1,0,0,2,snapshot_20150919T025947Z
698973,6,3,3,0.5,1,0,0,4,snapshot_20150919T025947Z
699183,14,12,2,0.8571428571428571,1,0,0,10,snapshot_20150919T025947Z
699341,25,7,18,0.28,1,0,0,23,snapshot_20150919T025947Z
699342,6,6,0,1.0,1,0,0,4,snapshot_20150919T025947Z
699505,3,3,0,1.0,1,0,0,1,snapshot_20150919T025947Z
699764,4,4,0,1.0,1,0,0,2,snapshot_20150919T025947Z
699789,5,1,4,0.2,1,0,0,3,snapshot_20150919T025947Z
700066,2,2,0,1.0,1,0,0,1,snapshot_20150919T025947Z
700110,3,3,0,1.0,1,0,0,1,snapshot_20150919T025947Z
700128,6,0,6,0.0,0,0,1,4,snapshot_20150919T025947Z
700240,3,3,0,1.0,1,0,0,1,snapshot_20150919T025947Z
700303,8,8,0,1.0,1,0,0,5,snapshot_20150919T025947Z
700327,5,5,0,1.0,1,0,0,3,snapshot_20150919T025947Z
700595,7,7,0,1.0,1,0,0,5,snapshot_20150919T025947Z
700623,4,4,0,1.0,1,0,0,3,snapshot_20150919T025947Z
700680,10,7,3,0.7,1,0,0,8,snapshot_20150919T025947Z
700839,4,4,0,1.0,1,0,0,3,snapshot_20150919T025947Z
700847,5,5,0,1.0,1,0,0,3,snapshot_20150919T025947Z
700881,12,11,1,0.9166666666666666,1,0,0,10,snapshot_20150919T025947Z
700903,6,4,2,0.6666666666666666,1,0,0,3,snapshot_20150919T025947Z
701119,15,10,5,0.6666666666666666,1,0,0,13,snapshot_20150919T025947Z
701145,8,8,0,1.0,1,0,0,6,snapshot_20150919T025947Z
701326,6,6,0,1.0,1,0,0,4,snapshot_20150919T025947Z
701621,13,8,5,0.6153846153846154,1,0,0,9,snapshot_20150919T025947Z
701722,35,35,0,1.0,1,0,0,27,snapshot_20150919T025947Z
701750,13,13,0,1.0,1,0,0,11,snapshot_20150919T025947Z
701781,5,0,5,0.0,0,0,1,3,snapshot_20150919T025947Z
702000,15,15,0,1.0,1,0,0,11,snapshot_20150919T025947Z
702055,20,20,0,1.0,1,0,0,15,snapshot_20150919T025947Z
702070,4,4,0,1.0,1,0,0,2,snapshot_20150919T025947Z
702147,5,0,5,0.0,0,0,1,3,snapshot_20150919T025947Z
702314,10,2,8,0.2,1,0,0,8,snapshot_20150919T025947Z
702504,16,16,0,1.0,1,0,0,14,snapshot_20150919T025947Z
702866,6,6,0,1.0,1,0,0,2,snapshot_20150919T025947Z
703023,5,5,0,1.0,1,0,0,3,snapshot_20150919T025947Z
703221,5,5,0,1.0,1,0,0,3,snapshot_20150919T025947Z
703222,6,6,0,1.0,1,0,0,2,snapshot_20150919T025947Z
703309,11,11,0,1.0,1,0,0,2,snapshot_20150919T025947Z
703462,9,2,7,0.2222222222222222,1,0,0,7,snapshot_20150919T025947Z
703502,25,25,0,1.0,1,0,0,21,snapshot_20150919T025947Z
703540,32,32,0,1.0,1,0,0,27,snapshot_20150919T025947Z
703691,5,4,1,0.8,1,0,0,3,snapshot_20150919T025947Z
703762,73,58,15,0.7945205479452054,1,0,0,67,snapshot_20150919T025947Z
704586,14,14,0,1.0,1,0,0,8,snapshot_20150919T025947Z
704666,2,2,0,1.0,1,1,0,0,snapshot_20150919T025947Z
704800,4,4,0,1.0,1,0,0,2,snapshot_20150919T025947Z
704927,5,5,0,1.0,1,0,0,3,snapshot_20150919T025947Z
705174,3,0,3,0.0,0,0,1,1,snapshot_20150919T025947Z
705177,7,7,0,1.0,1,0,0,5,snapshot_20150919T025947Z
705439,13,4,9,0.3076923076923077,1,0,0,8,snapshot_20150919T025947Z
705492,8,8,0,1.0,1,0,0,3,snapshot_20150919T025947Z
705542,869,628,241,0.7226697353279632,1,0,0,664,snapshot_20150919T025947Z
705611,4,4,0,1.0,1,0,0,2,snapshot_20150919T025947Z
705834,38,37,1,0.9736842105263158,1,0,0,34,snapshot_20150919T025947Z
706050,6,6,0,1.0,1,0,0,4,snapshot_20150919T025947Z
706387,80,41,39,0.5125,1,0,0,56,snapshot_20150919T025947Z
706640,39,21,18,0.5384615384615384,1,0,0,35,snapshot_20150919T025947Z
707002,2,2,0,1.0,1,0,0,1,snapshot_20150919T025947Z
707112,7,7,0,1.0,1,0,0,5,snapshot_20150919T025947Z
707368,3,3,0,1.0,1,0,0,1,snapshot_20150919T025947Z
707728,3,0,3,0.0,0,0,1,1,snapshot_20150919T025947Z
707844,3,3,0,1.0,1,0,0,1,snapshot_20150919T025947Z
708329,7,0,7,0.0,0,0,1,5,snapshot_20150919T025947Z
708533,2,2,0,1.0,1,0,0,1,snapshot_20150919T025947Z
708596,5,5,0,1.0,1,0,0,3,snapshot_20150919T025947Z
708918,51,27,24,0.5294117647058824,1,0,0,49,snapshot_20150919T025947Z
709126,12,2,10,0.16666666666666666,1,0,0,10,snapshot_20150919T025947Z
709263,5,5,0,1.0,1,0,0,3,snapshot_20150919T025947Z
709484,6,6,0,1.0,1,0,0,2,snapshot_20150919T025947Z
709578,3,3,0,1.0,1,1,0,0,snapshot_20150919T025947Z
709797,5,5,0,1.0,1,0,0,3,snapshot_20150919T025947Z
709834,6,6,0,1.0,1,0,0,2,snapshot_20150919T025947Z
709888,16,9,7,0.5625,1,0,0,14,snapshot_20150919T025947Z
709940,3,3,0,1.0,1,0,0,1,snapshot_20150919T025947Z
710143,4,4,0,1.0,1,0,0,2,snapshot_20150919T025947Z
710152,10,10,0,1.0,1,0,0,8,snapshot_20150919T025947Z
710159,4,4,0,1.0,1,0,0,2,snapshot_20150919T025947Z
710299,6,6,0,1.0,1,0,0,5,snapshot_20150919T025947Z
710338,318,0,318,0.0,0,0,1,294,snapshot_20150919T025947Z
710623,4,4,0,1.0,1,0,0,2,snapshot_20150919T025947Z
710895,4,4,0,1.0,1,0,0,2,snapshot_20150919T025947Z
711110,16,16,0,1.0,1,0,0,12,snapshot_20150919T025947Z
711118,2,2,0,1.0,1,1,0,0,snapshot_20150919T025947Z
711167,6,6,0,1.0,1,0,0,4,snapshot_20150919T025947Z
711222,12,12,0,1.0,1,0,0,10,snapshot_20150919T025947Z
711318,7,6,1,0.8571428571428571,1,0,0,5,snapshot_20150919T025947Z
711410,13,8,5,0.6153846153846154,1,0,0,7,snapshot_20150919T025947Z
711733,8,8,0,1.0,1,0,0,6,snapshot_20150919T025947Z
711810,4,4,0,1.0,1,0,0,2,snapshot_20150919T025947Z
711901,3,3,0,1.0,1,0,0,1,snapshot_20150919T025947Z
711913,4,4,0,1.0,1,0,0,2,snapshot_20150919T025947Z
712121,3,0,3,0.0,0,0,1,1,snapshot_20150919T025947Z
712241,7,7,0,1.0,1,0,0,5,snapshot_20150919T025947Z
712440,4,4,0,1.0,1,0,0,2,snapshot_20150919T025947Z
712443,50,40,10,0.8,1,0,0,46,snapshot_20150919T025947Z
712608,4,4,0,1.0,1,0,0,2,snapshot_20150919T025947Z
712632,3,3,0,1.0,1,0,0,1,snapshot_20150919T025947Z
712705,6,1,5,0.16666666666666666,1,0,0,4,snapshot_20150919T025947Z
712773,7,2,5,0.2857142857142857,1,0,0,5,snapshot_20150919T025947Z
712844,3,3,0,1.0,1,0,0,1,snapshot_20150919T025947Z
712880,4,4,0,1.0,1,0,0,2,snapshot_20150919T025947Z
713127,4,4,0,1.0,1,0,0,2,snapshot_20150919T025947Z
713186,7,5,2,0.7142857142857143,1,0,0,5,snapshot_20150919T025947Z
713283,19,19,0,1.0,1,0,0,16,snapshot_20150919T025947Z
713408,3,3,0,1.0,1,0,0,1,snapshot_20150919T025947Z
713553,3,3,0,1.0,1,0,0,1,snapshot_20150919T025947Z
713670,13,5,8,0.38461538461538464,1,0,0,9,snapshot_20150919T025947Z
713698,7,7,0,1.0,1,0,0,5,snapshot_20150919T025947Z
713728,6,6,0,1.0,1,0,0,5,snapshot_20150919T025947Z
713838,16,16,0,1.0,1,0,0,13,snapshot_20150919T025947Z
713967,5,5,0,1.0,1,0,0,3,snapshot_20150919T025947Z
714734,6,3,3,0.5,1,0,0,2,snapshot_20150919T025947Z
714740,5,0,5,0.0,0,0,1,3,snapshot_20150919T025947Z
715210,17,13,4,0.7647058823529411,1,0,0,16,snapshot_20150919T025947Z
715260,6,6,0,1.0,1,0,0,4,snapshot_20150919T025947Z
715680,8,0,8,0.0,0,0,1,5,snapshot_20150919T025947Z
715804,19,18,1,0.9473684210526315,1,0,0,15,snapshot_20150919T025947Z
715832,8,8,0,1.0,1,0,0,4,snapshot_20150919T025947Z
715841,1,1,0,1.0,1,1,0,0,snapshot_20150919T025947Z
716315,49,49,0,1.0,1,0,0,38,snapshot_20150919T025947Z
716609,4,4,0,1.0,1,0,0,2,snapshot_20150919T025947Z
716683,29,29,0,1.0,1,0,0,27,snapshot_20150919T025947Z
716938,3,0,3,0.0,0,0,1,1,snapshot_20150919T025947Z
716947,6,5,1,0.8333333333333334,1,0,0,4,snapshot_20150919T025947Z
717072,3,3,0,1.0,1,0,0,1,snapshot_20150919T025947Z
717226,3,3,0,1.0,1,0,0,1,snapshot_20150919T025947Z
717294,6,0,6,0.0,0,0,1,4,snapshot_20150919T025947Z
717336,65,64,1,0.9846153846153847,1,0,0,64,snapshot_20150919T025947Z
717370,5,4,1,0.8,1,0,0,3,snapshot_20150919T025947Z
717396,5,5,0,1.0,1,0,0,2,snapshot_20150919T025947Z
717701,4,4,0,1.0,1,0,0,2,snapshot_20150919T025947Z
717705,14,9,5,0.6428571428571429,1,0,0,12,snapshot_20150919T025947Z
717708,3,3,0,1.0,1,0,0,1,snapshot_20150919T025947Z
717862,21,21,0,1.0,1,0,0,18,snapshot_20150919T025947Z
717866,4,4,0,1.0,1,0,0,2,snapshot_20150919T025947Z
718044,15,14,1,0.9333333333333333,1,0,0,12,snapshot_20150919T025947Z
718052,15,13,2,0.8666666666666667,1,0,0,13,snapshot_20150919T025947Z
718266,19,19,0,1.0,1,0,0,15,snapshot_20150919T025947Z
718279,4,3,1,0.75,1,0,0,2,snapshot_20150919T025947Z
718314,4,0,4,0.0,0,0,1,2,snapshot_20150919T025947Z
718461,6,6,0,1.0,1,0,0,4,snapshot_20150919T025947Z
718708,34,34,0,1.0,1,0,0,24,snapshot_20150919T025947Z
718723,10,10,0,1.0,1,0,0,5,snapshot_20150919T025947Z
718748,4,4,0,1.0,1,0,0,2,snapshot_20150919T025947Z
718851,24,18,6,0.75,1,0,0,21,snapshot_20150919T025947Z
718852,2,2,0,1.0,1,0,0,1,snapshot_20150919T025947Z
719055,3,3,0,1.0,1,0,0,1,snapshot_20150919T025947Z
719153,70,70,0,1.0,1,0,0,54,snapshot_20150919T025947Z
719301,6,0,6,0.0,0,0,1,4,snapshot_20150919T025947Z
719538,5,5,0,1.0,1,0,0,3,snapshot_20150919T025947Z
719605,5,5,0,1.0,1,0,0,3,snapshot_20150919T025947Z
719670,4,0,4,0.0,0,0,1,2,snapshot_20150919T025947Z
719915,4,0,4,0.0,0,0,1,2,snapshot_20150919T025947Z
719946,2,2,0,1.0,1,0,0,1,snapshot_20150919T025947Z
719967,18,18,0,1.0,1,0,0,14,snapshot_20150919T025947Z
720020,11,11,0,1.0,1,0,0,9,snapshot_20150919T025947Z
720275,24,0,24,0.0,0,0,1,23,snapshot_20150919T025947Z
720561,1,1,0,1.0,1,1,0,0,snapshot_20150919T025947Z
720666,10,10,0,1.0,1,0,0,8,snapshot_20150919T025947Z
720903,7,5,2,0.7142857142857143,1,0,0,5,snapshot_20150919T025947Z
721106,16,13,3,0.8125,1,0,0,14,snapshot_20150919T025947Z
721142,4,4,0,1.0,1,0,0,3,snapshot_20150919T025947Z
721641,6,6,0,1.0,1,0,0,3,snapshot_20150919T025947Z
721660,2,2,0,1.0,1,0,0,1,snapshot_20150919T025947Z
721749,6,5,1,0.8333333333333334,1,0,0,4,snapshot_20150919T025947Z
721753,12,0,12,0.0,0,0,1,9,snapshot_20150919T025947Z
721849,10,10,0,1.0,1,0,0,7,snapshot_20150919T025947Z
721899,4,4,0,1.0,1,0,0,2,snapshot_20150919T025947Z
722267,8,8,0,1.0,1,0,0,4,snapshot_20150919T025947Z
722307,15,9,6,0.6,1,0,0,13,snapshot_20150919T025947Z
722312,5,5,0,1.0,1,0,0,3,snapshot_20150919T025947Z
722375,5,3,2,0.6,1,0,0,3,snapshot_20150919T025947Z
722406,3,3,0,1.0,1,0,0,1,snapshot_20150919T025947Z
722470,6,0,6,0.0,0,0,1,4,snapshot_20150919T025947Z
722512,3,3,0,1.0,1,0,0,1,snapshot_20150919T025947Z
722641,3,3,0,1.0,1,0,0,1,snapshot_20150919T025947Z
722657,7,7,0,1.0,1,0,0,3,snapshot_20150919T025947Z
722862,6,6,0,1.0,1,0,0,4,snapshot_20150919T025947Z
722875,4,4,0,1.0,1,0,0,2,snapshot_20150919T025947Z
722953,5,5,0,1.0,1,0,0,3,snapshot_20150919T025947Z
722990,28,28,0,1.0,1,0,0,19,snapshot_20150919T025947Z
723092,60,46,14,0.7666666666666667,1,0,0,38,snapshot_20150919T025947Z
723312,4,4,0,1.0,1,0,0,2,snapshot_20150919T025947Z
723403,4,4,0,1.0,1,0,0,3,snapshot_20150919T025947Z
723619,29,18,11,0.6206896551724138,1,0,0,13,snapshot_20150919T025947Z
723670,7,7,0,1.0,1,0,0,3,snapshot_20150919T025947Z
723877,24,21,3,0.875,1,0,0,19,snapshot_20150919T025947Z
724060,12,10,2,0.8333333333333334,1,0,0,10,snapshot_20150919T025947Z
724334,53,33,20,0.6226415094339622,1,0,0,50,snapshot_20150919T025947Z
724403,6,6,0,1.0,1,0,0,4,snapshot_20150919T025947Z
724423,16,16,0,1.0,1,0,0,13,snapshot_20150919T025947Z
724521,7,5,2,0.7142857142857143,1,0,0,5,snapshot_20150919T025947Z
724587,10,0,10,0.0,0,0,1,8,snapshot_20150919T025947Z
724618,67,64,3,0.9552238805970149,1,0,0,63,snapshot_20150919T025947Z
724900,8,8,0,1.0,1,0,0,5,snapshot_20150919T025947Z
724914,8,8,0,1.0,1,0,0,6,snapshot_20150919T025947Z
725007,2,0,2,0.0,0,0,1,1,snapshot_20150919T025947Z
725439,3,3,0,1.0,1,0,0,1,snapshot_20150919T025947Z
725562,2,2,0,1.0,1,1,0,0,snapshot_20150919T025947Z
725579,22,19,3,0.8636363636363636,1,0,0,17,snapshot_20150919T025947Z
725780,3,3,0,1.0,1,0,0,1,snapshot_20150919T025947Z
726006,6,6,0,1.0,1,0,0,4,snapshot_20150919T025947Z
726092,8,8,0,1.0,1,0,0,4,snapshot_20150919T025947Z
726129,13,7,6,0.5384615384615384,1,0,0,11,snapshot_20150919T025947Z
726288,8,8,0,1.0,1,0,0,6,snapshot_20150919T025947Z
726478,12,12,0,1.0,1,0,0,8,snapshot_20150919T025947Z
726734,3,3,0,1.0,1,0,0,1,snapshot_20150919T025947Z
727209,7,4,3,0.5714285714285714,1,0,0,4,snapshot_20150919T025947Z
727357,8,7,1,0.875,1,0,0,5,snapshot_20150919T025947Z
727370,5,4,1,0.8,1,0,0,3,snapshot_20150919T025947Z
727466,9,4,5,0.4444444444444444,1,0,0,5,snapshot_20150919T025947Z
727576,12,12,0,1.0,1,0,0,4,snapshot_20150919T025947Z
727717,11,11,0,1.0,1,0,0,5,snapshot_20150919T025947Z
727739,19,18,1,0.9473684210526315,1,0,0,17,snapshot_20150919T025947Z
727821,4,4,0,1.0,1,0,0,2,snapshot_20150919T025947Z
727930,8,8,0,1.0,1,0,0,6,snapshot_20150919T025947Z
728093,5,5,0,1.0,1,0,0,3,snapshot_20150919T025947Z
728219,3,3,0,1.0,1,0,0,1,snapshot_20150919T025947Z
728253,4,4,0,1.0,1,0,0,2,snapshot_20150919T025947Z
728266,4,4,0,1.0,1,0,0,2,snapshot_20150919T025947Z
728281,3,3,0,1.0,1,0,0,1,snapshot_20150919T025947Z
728314,5,5,0,1.0,1,0,0,3,snapshot_20150919T025947Z
728347,6,1,5,0.16666666666666666,1,0,0,4,snapshot_20150919T025947Z
728421,7,6,1,0.8571428571428571,1,0,0,4,snapshot_20150919T025947Z
728593,5,5,0,1.0,1,0,0,4,snapshot_20150919T025947Z
728673,12,12,0,1.0,1,0,0,9,snapshot_20150919T025947Z
728701,3,3,0,1.0,1,0,0,1,snapshot_20150919T025947Z
728718,16,16,0,1.0,1,0,0,6,snapshot_20150919T025947Z
728779,3,0,3,0.0,0,0,1,1,snapshot_20150919T025947Z
728944,3,3,0,1.0,1,0,0,1,snapshot_20150919T025947Z
729148,11,6,5,0.5454545454545454,1,0,0,7,snapshot_20150919T025947Z
729150,89,87,2,0.9775280898876404,1,0,0,58,snapshot_20150919T025947Z
729152,3,0,3,0.0,0,0,1,1,snapshot_20150919T025947Z
729155,5,3,2,0.6,1,0,0,3,snapshot_20150919T025947Z
729498,24,9,15,0.375,1,0,0,17,snapshot_20150919T025947Z
729517,6,6,0,1.0,1,0,0,2,snapshot_20150919T025947Z
729572,3,3,0,1.0,1,0,0,2,snapshot_20150919T025947Z
729641,18,18,0,1.0,1,0,0,16,snapshot_20150919T025947Z
729708,13,9,4,0.6923076923076923,1,0,0,10,snapshot_20150919T025947Z
729726,69,69,0,1.0,1,0,0,65,snapshot_20150919T025947Z
729806,4,1,3,0.25,1,0,0,2,snapshot_20150919T025947Z
729960,9,9,0,1.0,1,0,0,3,snapshot_20150919T025947Z
730188,7,7,0,1.0,1,0,0,3,snapshot_20150919T025947Z
730192,10,10,0,1.0,1,0,0,2,snapshot_20150919T025947Z
730510,13,12,1,0.9230769230769231,1,0,0,10,snapshot_20150919T025947Z
730678,3,3,0,1.0,1,0,0,1,snapshot_20150919T025947Z
731015,6,5,1,0.8333333333333334,1,0,0,4,snapshot_20150919T025947Z
731052,3,3,0,1.0,1,0,0,1,snapshot_20150919T025947Z
731313,37,35,2,0.9459459459459459,1,0,0,27,snapshot_20150919T025947Z
731376,8,8,0,1.0,1,0,0,6,snapshot_20150919T025947Z
731435,6,4,2,0.6666666666666666,1,0,0,4,snapshot_20150919T025947Z
731580,4,2,2,0.5,1,0,0,3,snapshot_20150919T025947Z
731625,8,8,0,1.0,1,0,0,6,snapshot_20150919T025947Z
731857,12,12,0,1.0,1,0,0,8,snapshot_20150919T025947Z
731881,1,0,1,0.0,0,1,1,0,snapshot_20150919T025947Z
731943,5,0,5,0.0,0,0,1,3,snapshot_20150919T025947Z
731998,5,5,0,1.0,1,0,0,1,snapshot_20150919T025947Z
732066,3,0,3,0.0,0,0,1,1,snapshot_20150919T025947Z
732102,7,7,0,1.0,1,0,0,4,snapshot_20150919T025947Z
732108,15,15,0,1.0,1,0,0,11,snapshot_20150919T025947Z
732139,8,0,8,0.0,0,0,1,6,snapshot_20150919T025947Z
732232,4,0,4,0.0,0,0,1,2,snapshot_20150919T025947Z
732352,21,14,7,0.6666666666666666,1,0,0,14,snapshot_20150919T025947Z
732504,4,4,0,1.0,1,0,0,2,snapshot_20150919T025947Z
732625,3,3,0,1.0,1,0,0,1,snapshot_20150919T025947Z
732725,4,4,0,1.0,1,0,0,2,snapshot_20150919T025947Z
732767,23,0,23,0.0,0,0,1,17,snapshot_20150919T025947Z
732803,7,7,0,1.0,1,0,0,5,snapshot_20150919T025947Z
733458,8,8,0,1.0,1,0,0,6,snapshot_20150919T025947Z
733771,22,22,0,1.0,1,0,0,19,snapshot_20150919T025947Z
734226,4,4,0,1.0,1,0,0,3,snapshot_20150919T025947Z
734350,3,3,0,1.0,1,0,0,1,snapshot_20150919T025947Z
734374,11,11,0,1.0,1,0,0,9,snapshot_20150919T025947Z
734432,4,4,0,1.0,1,0,0,2,snapshot_20150919T025947Z
734633,73,58,15,0.7945205479452054,1,0,0,69,snapshot_20150919T025947Z
734719,3,3,0,1.0,1,0,0,1,snapshot_20150919T025947Z
734846,13,3,10,0.23076923076923078,1,0,0,10,snapshot_20150919T025947Z
734989,41,32,9,0.7804878048780488,1,0,0,37,snapshot_20150919T025947Z
735088,36,0,36,0.0,0,0,1,34,snapshot_20150919T025947Z
735090,14,14,0,1.0,1,0,0,9,snapshot_20150919T025947Z
735322,12,12,0,1.0,1,0,0,10,snapshot_20150919T025947Z
735385,16,16,0,1.0,1,0,0,13,snapshot_20150919T025947Z
735474,4,1,3,0.25,1,0,0,2,snapshot_20150919T025947Z
735490,5,5,0,1.0,1,0,0,3,snapshot_20150919T025947Z
735763,4,4,0,1.0,1,0,0,1,snapshot_20150919T025947Z
736455,3,3,0,1.0,1,0,0,2,snapshot_20150919T025947Z
736846,5,0,5,0.0,0,0,1,2,snapshot_20150919T025947Z
737053,1055,1043,12,0.9886255924170616,1,0,0,1028,snapshot_20150919T025947Z
737166,2,1,1,0.5,1,1,0,0,snapshot_20150919T025947Z
737329,11,11,0,1.0,1,0,0,9,snapshot_20150919T025947Z
737341,11,11,0,1.0,1,0,0,2,snapshot_20150919T025947Z
737454,8,8,0,1.0,1,0,0,5,snapshot_20150919T025947Z
738182,7,0,7,0.0,0,0,1,1,snapshot_20150919T025947Z
738195,3,0,3,0.0,0,0,1,1,snapshot_20150919T025947Z
738198,10,5,5,0.5,1,0,0,7,snapshot_20150919T025947Z
738365,2,2,0,1.0,1,0,0,1,snapshot_20150919T025947Z
738410,17,17,0,1.0,1,0,0,13,snapshot_20150919T025947Z
738499,3,3,0,1.0,1,0,0,1,snapshot_20150919T025947Z
738601,2,2,0,1.0,1,1,0,0,snapshot_20150919T025947Z
738700,3,3,0,1.0,1,0,0,1,snapshot_20150919T025947Z
738746,48,45,3,0.9375,1,0,0,42,snapshot_20150919T025947Z
738773,3,3,0,1.0,1,1,0,0,snapshot_20150919T025947Z
738908,19,19,0,1.0,1,0,0,14,snapshot_20150919T025947Z
739473,5,5,0,1.0,1,0,0,2,snapshot_20150919T025947Z
739495,6,1,5,0.16666666666666666,1,0,0,3,snapshot_20150919T025947Z
739647,83,79,4,0.9518072289156626,1,0,0,81,snapshot_20150919T025947Z
739773,4,4,0,1.0,1,0,0,2,snapshot_20150919T025947Z
740116,3,3,0,1.0,1,0,0,1,snapshot_20150919T025947Z
740132,9,6,3,0.6666666666666666,1,0,0,5,snapshot_20150919T025947Z
740308,8,6,2,0.75,1,0,0,5,snapshot_20150919T025947Z
740324,6,6,0,1.0,1,0,0,3,snapshot_20150919T025947Z
740575,16,16,0,1.0,1,0,0,10,snapshot_20150919T025947Z
740720,16,12,4,0.75,1,0,0,12,snapshot_20150919T025947Z
740743,4,4,0,1.0,1,0,0,2,snapshot_20150919T025947Z
740777,10,6,4,0.6,1,0,0,8,snapshot_20150919T025947Z
740861,8,4,4,0.5,1,0,0,5,snapshot_20150919T025947Z
741012,5,5,0,1.0,1,0,0,3,snapshot_20150919T025947Z
741119,5,5,0,1.0,1,0,0,3,snapshot_20150919T025947Z
741123,5,5,0,1.0,1,0,0,3,snapshot_20150919T025947Z
741178,2,0,2,0.0,0,0,1,1,snapshot_20150919T025947Z
741296,16,12,4,0.75,1,0,0,7,snapshot_20150919T025947Z
741488,4,4,0,1.0,1,0,0,2,snapshot_20150919T025947Z
741539,7,7,0,1.0,1,0,0,5,snapshot_20150919T025947Z
741611,4,0,4,0.0,0,0,1,2,snapshot_20150919T025947Z
741744,8,8,0,1.0,1,0,0,5,snapshot_20150919T025947Z
741899,10,4,6,0.4,1,0,0,8,snapshot_20150919T025947Z
741945,4,4,0,1.0,1,0,0,2,snapshot_20150919T025947Z
741951,4,0,4,0.0,0,0,1,2,snapshot_20150919T025947Z
742070,5,5,0,1.0,1,0,0,3,snapshot_20150919T025947Z
742163,4,4,0,1.0,1,0,0,2,snapshot_20150919T025947Z
742185,29,18,11,0.6206896551724138,1,0,0,27,snapshot_20150919T025947Z
742661,3,3,0,1.0,1,0,0,1,snapshot_20150919T025947Z
742698,3,3,0,1.0,1,1,0,0,snapshot_20150919T025947Z
742824,8,1,7,0.125,1,0,0,6,snapshot_20150919T025947Z
742889,20,20,0,1.0,1,0,0,18,snapshot_20150919T025947Z
742963,5,5,0,1.0,1,0,0,1,snapshot_20150919T025947Z
743101,8,8,0,1.0,1,0,0,6,snapshot_20150919T025947Z
743198,2,2,0,1.0,1,0,0,1,snapshot_20150919T025947Z
743285,5,5,0,1.0,1,0,0,3,snapshot_20150919T025947Z
743308,5,5,0,1.0,1,0,0,3,snapshot_20150919T025947Z
743319,28,13,15,0.4642857142857143,1,0,0,24,snapshot_20150919T025947Z
743466,22,18,4,0.8181818181818182,1,0,0,19,snapshot_20150919T025947Z
743497,3,3,0,1.0,1,0,0,1,snapshot_20150919T025947Z
743537,4,4,0,1.0,1,0,0,2,snapshot_20150919T025947Z
743674,5,5,0,1.0,1,0,0,3,snapshot_20150919T025947Z
743832,3,3,0,1.0,1,0,0,1,snapshot_20150919T025947Z
743835,14,4,10,0.2857142857142857,1,0,0,12,snapshot_20150919T025947Z
744118,7,3,4,0.42857142857142855,1,0,0,3,snapshot_20150919T025947Z
744123,3,3,0,1.0,1,0,0,1,snapshot_20150919T025947Z
744188,2,2,0,1.0,1,1,0,0,snapshot_20150919T025947Z
744243,10,9,1,0.9,1,0,0,6,snapshot_20150919T025947Z
744315,4,4,0,1.0,1,0,0,2,snapshot_20150919T025947Z
744454,30,29,1,0.9666666666666667,1,0,0,28,snapshot_20150919T025947Z
744474,7,7,0,1.0,1,0,0,5,snapshot_20150919T025947Z
744547,7,6,1,0.8571428571428571,1,0,0,5,snapshot_20150919T025947Z
744651,4,4,0,1.0,1,0,0,2,snapshot_20150919T025947Z
744717,4,4,0,1.0,1,0,0,2,snapshot_20150919T025947Z
744769,13,13,0,1.0,1,0,0,11,snapshot_20150919T025947Z
745007,7,6,1,0.8571428571428571,1,0,0,5,snapshot_20150919T025947Z
745037,3,3,0,1.0,1,0,0,1,snapshot_20150919T025947Z
745358,5,2,3,0.4,1,0,0,1,snapshot_20150919T025947Z
745504,21,21,0,1.0,1,0,0,20,snapshot_20150919T025947Z
745620,5,5,0,1.0,1,0,0,3,snapshot_20150919T025947Z
745633,15,15,0,1.0,1,0,0,10,snapshot_20150919T025947Z
745702,7,7,0,1.0,1,0,0,5,snapshot_20150919T025947Z
745802,5,5,0,1.0,1,0,0,4,snapshot_20150919T025947Z
745877,12,3,9,0.25,1,0,0,10,snapshot_20150919T025947Z
746204,5,1,4,0.2,1,0,0,4,snapshot_20150919T025947Z
746296,9,0,9,0.0,0,0,1,7,snapshot_20150919T025947Z
746343,3,3,0,1.0,1,0,0,1,snapshot_20150919T025947Z
746554,28,12,16,0.42857142857142855,1,0,0,19,snapshot_20150919T025947Z
746666,2,2,0,1.0,1,1,0,0,snapshot_20150919T025947Z
746698,25,25,0,1.0,1,0,0,23,snapshot_20150919T025947Z
746706,5,1,4,0.2,1,0,0,3,snapshot_20150919T025947Z
746841,4,4,0,1.0,1,0,0,2,snapshot_20150919T025947Z
746939,58,33,25,0.5689655172413793,1,0,0,46,snapshot_20150919T025947Z
747091,8,5,3,0.625,1,0,0,4,snapshot_20150919T025947Z
747097,4,4,0,1.0,1,0,0,2,snapshot_20150919T025947Z
747123,5,5,0,1.0,1,0,0,3,snapshot_20150919T025947Z
747165,2,2,0,1.0,1,1,0,0,snapshot_20150919T025947Z
747251,3,0,3,0.0,0,0,1,1,snapshot_20150919T025947Z
747310,2,2,0,1.0,1,0,0,1,snapshot_20150919T025947Z
747537,4,4,0,1.0,1,0,0,2,snapshot_20150919T025947Z
747630,9,9,0,1.0,1,0,0,5,snapshot_20150919T025947Z
747695,3,3,0,1.0,1,0,0,1,snapshot_20150919T025947Z
747952,13,13,0,1.0,1,0,0,11,snapshot_20150919T025947Z
748001,3,3,0,1.0,1,0,0,1,snapshot_20150919T025947Z
748035,4,4,0,1.0,1,0,0,2,snapshot_20150919T025947Z
748040,419,347,72,0.8281622911694511,1,0,0,352,snapshot_20150919T025947Z
748102,5,5,0,1.0,1,0,0,4,snapshot_20150919T025947Z
748120,5,5,0,1.0,1,0,0,2,snapshot_20150919T025947Z
748342,32,27,5,0.84375,1,0,0,26,snapshot_20150919T025947Z
748427,9,0,9,0.0,0,0,1,7,snapshot_20150919T025947Z
748562,138,117,21,0.8478260869565217,1,0,0,105,snapshot_20150919T025947Z
748586,4,4,0,1.0,1,0,0,2,snapshot_20150919T025947Z
748697,29,27,2,0.9310344827586207,1,0,0,24,snapshot_20150919T025947Z
748726,15,14,1,0.9333333333333333,1,0,0,13,snapshot_20150919T025947Z
748917,4,4,0,1.0,1,0,0,2,snapshot_20150919T025947Z
748969,13,13,0,1.0,1,0,0,11,snapshot_20150919T025947Z
748994,6,6,0,1.0,1,0,0,4,snapshot_20150919T025947Z
749196,4,4,0,1.0,1,0,0,2,snapshot_20150919T025947Z
749201,16,8,8,0.5,1,0,0,9,snapshot_20150919T025947Z
749244,3,0,3,0.0,0,0,1,1,snapshot_20150919T025947Z
749407,4,4,0,1.0,1,0,0,2,snapshot_20150919T025947Z
749501,8,8,0,1.0,1,0,0,5,snapshot_20150919T025947Z
749945,3,3,0,1.0,1,0,0,1,snapshot_20150919T025947Z
750008,5,5,0,1.0,1,0,0,3,snapshot_20150919T025947Z
750151,8,8,0,1.0,1,0,0,6,snapshot_20150919T025947Z
750601,376,235,141,0.625,1,0,0,294,snapshot_20150919T025947Z
750603,3,3,0,1.0,1,0,0,1,snapshot_20150919T025947Z
750724,6,0,6,0.0,0,0,1,4,snapshot_20150919T025947Z
750808,5,5,0,1.0,1,0,0,2,snapshot_20150919T025947Z
750986,17,16,1,0.9411764705882353,1,0,0,12,snapshot_20150919T025947Z
751033,23,17,6,0.7391304347826086,1,0,0,19,snapshot_20150919T025947Z
751054,3,0,3,0.0,0,0,1,1,snapshot_20150919T025947Z
751149,4,4,0,1.0,1,0,0,3,snapshot_20150919T025947Z
751200,2,0,2,0.0,0,1,1,0,snapshot_20150919T025947Z
751256,4,4,0,1.0,1,0,0,1,snapshot_20150919T025947Z
751291,23,23,0,1.0,1,0,0,15,snapshot_20150919T025947Z
751321,3,3,0,1.0,1,0,0,2,snapshot_20150919T025947Z
751418,9,9,0,1.0,1,0,0,7,snapshot_20150919T025947Z
751754,2,2,0,1.0,1,0,0,1,snapshot_20150919T025947Z
751832,2,2,0,1.0,1,0,0,1,snapshot_20150919T025947Z
752309,4,4,0,1.0,1,0,0,2,snapshot_20150919T025947Z
752555,3,3,0,1.0,1,0,0,1,snapshot_20150919T025947Z
753155,3,3,0,1.0,1,0,0,1,snapshot_20150919T025947Z
753277,6,0,6,0.0,0,0,1,3,snapshot_20150919T025947Z
753425,12,12,0,1.0,1,0,0,11,snapshot_20150919T025947Z
753438,4,4,0,1.0,1,0,0,2,snapshot_20150919T025947Z
753494,5,5,0,1.0,1,0,0,2,snapshot_20150919T025947Z
753768,8,8,0,1.0,1,0,0,5,snapshot_20150919T025947Z
753827,11,2,9,0.18181818181818182,1,0,0,7,snapshot_20150919T025947Z
753987,14,14,0,1.0,1,0,0,10,snapshot_20150919T025947Z
754039,49,49,0,1.0,1,0,0,10,snapshot_20150919T025947Z
754046,6,2,4,0.3333333333333333,1,0,0,4,snapshot_20150919T025947Z
754049,2,2,0,1.0,1,1,0,0,snapshot_20150919T025947Z
754077,5,5,0,1.0,1,0,0,2,snapshot_20150919T025947Z
754142,5,5,0,1.0,1,0,0,3,snapshot_20150919T025947Z
754188,3,0,3,0.0,0,0,1,1,snapshot_20150919T025947Z
754218,73,25,48,0.3424657534246575,1,0,0,50,snapshot_20150919T025947Z
754341,7,7,0,1.0,1,0,0,5,snapshot_20150919T025947Z
754358,3,0,3,0.0,0,1,1,0,snapshot_20150919T025947Z
754472,7,7,0,1.0,1,0,0,5,snapshot_20150919T025947Z
754523,22,22,0,1.0,1,0,0,20,snapshot_20150919T025947Z
754579,6,6,0,1.0,1,0,0,5,snapshot_20150919T025947Z
754661,40,8,32,0.2,1,0,0,36,snapshot_20150919T025947Z
754666,15,15,0,1.0,1,0,0,13,snapshot_20150919T025947Z
754781,11,11,0,1.0,1,0,0,8,snapshot_20150919T025947Z
754989,6,6,0,1.0,1,0,0,4,snapshot_20150919T025947Z
755110,11,11,0,1.0,1,0,0,7,snapshot_20150919T025947Z
755125,12,12,0,1.0,1,0,0,10,snapshot_20150919T025947Z
755363,3,3,0,1.0,1,0,0,1,snapshot_20150919T025947Z
755413,40,32,8,0.8,1,0,0,39,snapshot_20150919T025947Z
755534,8,0,8,0.0,0,0,1,6,snapshot_20150919T025947Z
755605,11,11,0,1.0,1,0,0,7,snapshot_20150919T025947Z
755636,4,3,1,0.75,1,0,0,2,snapshot_20150919T025947Z
755797,5,5,0,1.0,1,0,0,3,snapshot_20150919T025947Z
755815,9,9,0,1.0,1,0,0,1,snapshot_20150919T025947Z
755979,6,6,0,1.0,1,0,0,4,snapshot_20150919T025947Z
756442,47,47,0,1.0,1,0,0,43,snapshot_20150919T025947Z
756459,11,0,11,0.0,0,0,1,9,snapshot_20150919T025947Z
756473,4,4,0,1.0,1,0,0,3,snapshot_20150919T025947Z
756562,4,4,0,1.0,1,0,0,1,snapshot_20150919T025947Z
756574,8,8,0,1.0,1,0,0,5,snapshot_20150919T025947Z
756583,5,5,0,1.0,1,0,0,3,snapshot_20150919T025947Z
756632,55,48,7,0.8727272727272727,1,0,0,47,snapshot_20150919T025947Z
756716,14,5,9,0.35714285714285715,1,0,0,10,snapshot_20150919T025947Z
756735,27,25,2,0.9259259259259259,1,0,0,24,snapshot_20150919T025947Z
756779,6,5,1,0.8333333333333334,1,0,0,4,snapshot_20150919T025947Z
756858,5,5,0,1.0,1,0,0,2,snapshot_20150919T025947Z
756996,4,4,0,1.0,1,0,0,2,snapshot_20150919T025947Z
757132,9,9,0,1.0,1,0,0,7,snapshot_20150919T025947Z
757199,4,4,0,1.0,1,0,0,2,snapshot_20150919T025947Z
757344,14,14,0,1.0,1,0,0,13,snapshot_20150919T025947Z
757355,1251,1159,92,0.926458832933653,1,0,0,1023,snapshot_20150919T025947Z
757591,12,0,12,0.0,0,0,1,7,snapshot_20150919T025947Z
757892,11,11,0,1.0,1,0,0,9,snapshot_20150919T025947Z
757934,9,8,1,0.8888888888888888,1,0,0,7,snapshot_20150919T025947Z
757989,10,10,0,1.0,1,0,0,6,snapshot_20150919T025947Z
758150,4,4,0,1.0,1,0,0,1,snapshot_20150919T025947Z
758223,6,6,0,1.0,1,0,0,3,snapshot_20150919T025947Z
758315,5,5,0,1.0,1,0,0,3,snapshot_20150919T025947Z
758346,15,8,7,0.5333333333333333,1,0,0,11,snapshot_20150919T025947Z
758359,17,17,0,1.0,1,0,0,13,snapshot_20150919T025947Z
758719,19,19,0,1.0,1,0,0,16,snapshot_20150919T025947Z
758725,3,3,0,1.0,1,0,0,1,snapshot_20150919T025947Z
758797,5,5,0,1.0,1,0,0,2,snapshot_20150919T025947Z
758827,9,9,0,1.0,1,0,0,5,snapshot_20150919T025947Z
759183,19,17,2,0.8947368421052632,1,0,0,18,snapshot_20150919T025947Z
759288,24,20,4,0.8333333333333334,1,0,0,17,snapshot_20150919T025947Z
759353,12,0,12,0.0,0,0,1,8,snapshot_20150919T025947Z
759356,31,5,26,0.16129032258064516,1,0,0,28,snapshot_20150919T025947Z
759678,8,8,0,1.0,1,0,0,5,snapshot_20150919T025947Z
759893,4,3,1,0.75,1,0,0,1,snapshot_20150919T025947Z
760024,4,4,0,1.0,1,0,0,2,snapshot_20150919T025947Z
760119,13,13,0,1.0,1,0,0,7,snapshot_20150919T025947Z
760187,6,1,5,0.16666666666666666,1,0,0,4,snapshot_20150919T025947Z
760257,25,25,0,1.0,1,0,0,20,snapshot_20150919T025947Z
760266,7,7,0,1.0,1,0,0,5,snapshot_20150919T025947Z
760430,131,127,4,0.9694656488549618,1,0,0,122,snapshot_20150919T025947Z
760537,7,7,0,1.0,1,0,0,5,snapshot_20150919T025947Z
760652,3,3,0,1.0,1,0,0,1,snapshot_20150919T025947Z
760673,24,24,0,1.0,1,0,0,20,snapshot_20150919T025947Z
760728,39,33,6,0.8461538461538461,1,0,0,34,snapshot_20150919T025947Z
760986,14,14,0,1.0,1,0,0,11,snapshot_20150919T025947Z
761181,12,12,0,1.0,1,0,0,5,snapshot_20150919T025947Z
761332,5,5,0,1.0,1,0,0,3,snapshot_20150919T025947Z
761381,6,6,0,1.0,1,0,0,2,snapshot_20150919T025947Z
761482,188,122,66,0.648936170212766,1,0,0,60,snapshot_20150919T025947Z
761583,4,3,1,0.75,1,0,0,3,snapshot_20150919T025947Z
761655,13,7,6,0.5384615384615384,1,0,0,11,snapshot_20150919T025947Z
761680,7,0,7,0.0,0,0,1,6,snapshot_20150919T025947Z
761783,55,52,3,0.9454545454545454,1,0,0,38,snapshot_20150919T025947Z
761862,32,24,8,0.75,1,0,0,28,snapshot_20150919T025947Z
762073,4,0,4,0.0,0,0,1,3,snapshot_20150919T025947Z
762163,5,5,0,1.0,1,0,0,3,snapshot_20150919T025947Z
762170,7,7,0,1.0,1,0,0,5,snapshot_20150919T025947Z
762687,5,0,5,0.0,0,0,1,3,snapshot_20150919T025947Z
762703,10,5,5,0.5,1,0,0,8,snapshot_20150919T025947Z
763153,7,7,0,1.0,1,0,0,5,snapshot_20150919T025947Z
763195,3,3,0,1.0,1,0,0,1,snapshot_20150919T025947Z
763234,3,3,0,1.0,1,0,0,1,snapshot_20150919T025947Z
763257,73,50,23,0.684931506849315,1,0,0,26,snapshot_20150919T025947Z
763580,3,3,0,1.0,1,0,0,1,snapshot_20150919T025947Z
763582,4,0,4,0.0,0,0,1,2,snapshot_20150919T025947Z
763594,4,4,0,1.0,1,0,0,2,snapshot_20150919T025947Z
763653,4,3,1,0.75,1,0,0,2,snapshot_20150919T025947Z
763741,6,6,0,1.0,1,0,0,3,snapshot_20150919T025947Z
763880,2,2,0,1.0,1,0,0,1,snapshot_20150919T025947Z
763954,6,6,0,1.0,1,0,0,5,snapshot_20150919T025947Z
764068,43,2,41,0.046511627906976744,1,0,0,41,snapshot_20150919T025947Z
764150,5,5,0,1.0,1,0,0,3,snapshot_20150919T025947Z
764490,7,7,0,1.0,1,0,0,5,snapshot_20150919T025947Z
764672,3,3,0,1.0,1,0,0,1,snapshot_20150919T025947Z
764755,8,8,0,1.0,1,0,0,6,snapshot_20150919T025947Z
764790,30,29,1,0.9666666666666667,1,0,0,8,snapshot_20150919T025947Z
764802,4,4,0,1.0,1,0,0,2,snapshot_20150919T025947Z
764821,13,13,0,1.0,1,0,0,11,snapshot_20150919T025947Z
765630,1277,911,366,0.7133907595927956,1,0,0,1166,snapshot_20150919T025947Z
765671,4,4,0,1.0,1,0,0,2,snapshot_20150919T025947Z
765884,33,33,0,1.0,1,0,0,31,snapshot_20150919T025947Z
765900,18,18,0,1.0,1,0,0,6,snapshot_20150919T025947Z
766104,7,6,1,0.8571428571428571,1,0,0,4,snapshot_20150919T025947Z
766217,20,0,20,0.0,0,0,1,18,snapshot_20150919T025947Z
766227,4,4,0,1.0,1,0,0,1,snapshot_20150919T025947Z
766244,5,5,0,1.0,1,0,0,3,snapshot_20150919T025947Z
766389,5,5,0,1.0,1,0,0,3,snapshot_20150919T025947Z
766423,6,4,2,0.6666666666666666,1,0,0,4,snapshot_20150919T025947Z
766486,32,28,4,0.875,1,0,0,29,snapshot_20150919T025947Z
766489,6,3,3,0.5,1,0,0,5,snapshot_20150919T025947Z
766502,6,6,0,1.0,1,0,0,4,snapshot_20150919T025947Z
766526,4,4,0,1.0,1,0,0,2,snapshot_20150919T025947Z
766527,6,6,0,1.0,1,0,0,4,snapshot_20150919T025947Z
766603,12,9,3,0.75,1,0,0,5,snapshot_20150919T025947Z
766850,1,1,0,1.0,1,1,0,0,snapshot_20150919T025947Z
767044,6,6,0,1.0,1,0,0,4,snapshot_20150919T025947Z
767157,10,10,0,1.0,1,0,0,8,snapshot_20150919T025947Z
767178,5,2,3,0.4,1,0,0,4,snapshot_20150919T025947Z
767419,8,8,0,1.0,1,0,0,6,snapshot_20150919T025947Z
767448,12,1,11,0.08333333333333333,1,0,0,6,snapshot_20150919T025947Z
767480,3,3,0,1.0,1,0,0,1,snapshot_20150919T025947Z
767636,4,4,0,1.0,1,0,0,2,snapshot_20150919T025947Z
767702,4,0,4,0.0,0,0,1,3,snapshot_20150919T025947Z
767789,8,8,0,1.0,1,0,0,6,snapshot_20150919T025947Z
767849,7,7,0,1.0,1,0,0,5,snapshot_20150919T025947Z
768067,7,7,0,1.0,1,0,0,5,snapshot_20150919T025947Z
768137,18,11,7,0.6111111111111112,1,0,0,17,snapshot_20150919T025947Z
768341,4,4,0,1.0,1,0,0,2,snapshot_20150919T025947Z
768775,4,3,1,0.75,1,0,0,3,snapshot_20150919T025947Z
768875,7,0,7,0.0,0,0,1,3,snapshot_20150919T025947Z
768923,12,12,0,1.0,1,0,0,10,snapshot_20150919T025947Z
768931,3,3,0,1.0,1,0,0,1,snapshot_20150919T025947Z
768946,45,43,2,0.9555555555555556,1,0,0,30,snapshot_20150919T025947Z
769006,10,10,0,1.0,1,0,0,8,snapshot_20150919T025947Z
769016,7,6,1,0.8571428571428571,1,0,0,5,snapshot_20150919T025947Z
769032,2,0,2,0.0,0,1,1,0,snapshot_20150919T025947Z
769140,3,2,1,0.6666666666666666,1,0,0,1,snapshot_20150919T025947Z
769241,9,9,0,1.0,1,0,0,7,snapshot_20150919T025947Z
769337,3,0,3,0.0,0,0,1,1,snapshot_20150919T025947Z
769676,7,2,5,0.2857142857142857,1,0,0,1,snapshot_20150919T025947Z
769790,6,6,0,1.0,1,0,0,4,snapshot_20150919T025947Z
769836,9,8,1,0.8888888888888888,1,0,0,6,snapshot_20150919T025947Z
769838,8,0,8,0.0,0,0,1,4,snapshot_20150919T025947Z
769903,6,6,0,1.0,1,0,0,4,snapshot_20150919T025947Z
769985,5,5,0,1.0,1,0,0,3,snapshot_20150919T025947Z
770015,3,3,0,1.0,1,0,0,1,snapshot_20150919T025947Z
770097,11,2,9,0.18181818181818182,1,0,0,7,snapshot_20150919T025947Z
770124,11,11,0,1.0,1,0,0,9,snapshot_20150919T025947Z
770170,6,6,0,1.0,1,0,0,4,snapshot_20150919T025947Z
770188,3,3,0,1.0,1,0,0,2,snapshot_20150919T025947Z
770189,3,3,0,1.0,1,0,0,1,snapshot_20150919T025947Z
770282,8,0,8,0.0,0,0,1,6,snapshot_20150919T025947Z
770292,29,7,22,0.2413793103448276,1,0,0,21,snapshot_20150919T025947Z
770538,27,11,16,0.4074074074074074,1,0,0,24,snapshot_20150919T025947Z
770651,60,59,1,0.9833333333333333,1,0,0,57,snapshot_20150919T025947Z
770690,3,3,0,1.0,1,0,0,1,snapshot_20150919T025947Z
770741,12,12,0,1.0,1,0,0,9,snapshot_20150919T025947Z
770829,3,3,0,1.0,1,0,0,1,snapshot_20150919T025947Z
770887,3,3,0,1.0,1,0,0,1,snapshot_20150919T025947Z
770983,72,72,0,1.0,1,0,0,68,snapshot_20150919T025947Z
771058,11,11,0,1.0,1,0,0,7,snapshot_20150919T025947Z
771313,65,64,1,0.9846153846153847,1,0,0,60,snapshot_20150919T025947Z
771466,14,11,3,0.7857142857142857,1,0,0,12,snapshot_20150919T025947Z
771571,64,58,6,0.90625,1,0,0,58,snapshot_20150919T025947Z
771611,5,5,0,1.0,1,0,0,3,snapshot_20150919T025947Z
771659,3,3,0,1.0,1,0,0,1,snapshot_20150919T025947Z
771722,2,2,0,1.0,1,0,0,1,snapshot_20150919T025947Z
771810,37,32,5,0.8648648648648649,1,0,0,35,snapshot_20150919T025947Z
771838,9,9,0,1.0,1,0,0,7,snapshot_20150919T025947Z
771903,3,3,0,1.0,1,0,0,1,snapshot_20150919T025947Z
771946,7,7,0,1.0,1,0,0,3,snapshot_20150919T025947Z
772015,10,10,0,1.0,1,0,0,8,snapshot_20150919T025947Z
772037,12,11,1,0.9166666666666666,1,0,0,10,snapshot_20150919T025947Z
772213,7,7,0,1.0,1,0,0,5,snapshot_20150919T025947Z
772262,40,37,3,0.925,1,0,0,31,snapshot_20150919T025947Z
772273,6,6,0,1.0,1,0,0,4,snapshot_20150919T025947Z
772285,28,25,3,0.8928571428571429,1,0,0,25,snapshot_20150919T025947Z
772453,49,21,28,0.42857142857142855,1,0,0,45,snapshot_20150919T025947Z
772687,6,6,0,1.0,1,0,0,2,snapshot_20150919T025947Z
773110,2,0,2,0.0,0,1,1,0,snapshot_20150919T025947Z
773156,28,8,20,0.2857142857142857,1,0,0,25,snapshot_20150919T025947Z
773217,7,7,0,1.0,1,0,0,6,snapshot_20150919T025947Z
773901,54,35,19,0.6481481481481481,1,0,0,49,snapshot_20150919T025947Z
773947,6,6,0,1.0,1,0,0,2,snapshot_20150919T025947Z
773985,6,6,0,1.0,1,0,0,4,snapshot_20150919T025947Z
774018,14,13,1,0.9285714285714286,1,0,0,10,snapshot_20150919T025947Z
774274,4,4,0,1.0,1,0,0,2,snapshot_20150919T025947Z
774305,3,3,0,1.0,1,0,0,2,snapshot_20150919T025947Z
774424,19,18,1,0.9473684210526315,1,0,0,17,snapshot_20150919T025947Z
774758,36,33,3,0.9166666666666666,1,0,0,35,snapshot_20150919T025947Z
774788,1,1,0,1.0,1,1,0,0,snapshot_20150919T025947Z
774920,15,0,15,0.0,0,0,1,9,snapshot_20150919T025947Z
775150,28,27,1,0.9642857142857143,1,0,0,26,snapshot_20150919T025947Z
775282,9,7,2,0.7777777777777778,1,0,0,7,snapshot_20150919T025947Z
775289,3,0,3,0.0,0,0,1,1,snapshot_20150919T025947Z
775616,18,18,0,1.0,1,0,0,11,snapshot_20150919T025947Z
775821,5,5,0,1.0,1,0,0,3,snapshot_20150919T025947Z
775942,2,2,0,1.0,1,0,0,1,snapshot_20150919T025947Z
776052,4,4,0,1.0,1,0,0,2,snapshot_20150919T025947Z
776325,24,13,11,0.5416666666666666,1,0,0,21,snapshot_20150919T025947Z
776534,161,129,32,0.8012422360248447,1,0,0,159,snapshot_20150919T025947Z
776665,4,4,0,1.0,1,0,0,3,snapshot_20150919T025947Z
776927,12,7,5,0.5833333333333334,1,0,0,8,snapshot_20150919T025947Z
776945,3,3,0,1.0,1,0,0,1,snapshot_20150919T025947Z
776978,12,0,12,0.0,0,0,1,11,snapshot_20150919T025947Z
777134,15,6,9,0.4,1,0,0,12,snapshot_20150919T025947Z
777365,3,3,0,1.0,1,0,0,1,snapshot_20150919T025947Z
777503,26,26,0,1.0,1,0,0,18,snapshot_20150919T025947Z
777788,7,7,0,1.0,1,0,0,3,snapshot_20150919T025947Z
777821,3,3,0,1.0,1,0,0,1,snapshot_20150919T025947Z
777857,5,5,0,1.0,1,0,0,3,snapshot_20150919T025947Z
777908,76,6,70,0.07894736842105263,1,0,0,72,snapshot_20150919T025947Z
777942,9,9,0,1.0,1,0,0,7,snapshot_20150919T025947Z
778098,4,4,0,1.0,1,0,0,2,snapshot_20150919T025947Z
778118,3,3,0,1.0,1,0,0,1,snapshot_20150919T025947Z
778442,6,6,0,1.0,1,0,0,4,snapshot_20150919T025947Z
778459,4,4,0,1.0,1,0,0,2,snapshot_20150919T025947Z
778509,4,4,0,1.0,1,0,0,2,snapshot_20150919T025947Z
778937,19,19,0,1.0,1,0,0,15,snapshot_20150919T025947Z
779000,3,3,0,1.0,1,0,0,1,snapshot_20150919T025947Z
779056,8,8,0,1.0,1,0,0,4,snapshot_20150919T025947Z
779386,3,3,0,1.0,1,0,0,1,snapshot_20150919T025947Z
779397,3,3,0,1.0,1,0,0,1,snapshot_20150919T025947Z
779514,4,4,0,1.0,1,0,0,1,snapshot_20150919T025947Z
779785,5,5,0,1.0,1,0,0,3,snapshot_20150919T025947Z
779794,16,10,6,0.625,1,0,0,14,snapshot_20150919T025947Z
780205,13,10,3,0.7692307692307693,1,0,0,9,snapshot_20150919T025947Z
780230,5,5,0,1.0,1,0,0,3,snapshot_20150919T025947Z
780301,4,4,0,1.0,1,0,0,2,snapshot_20150919T025947Z
780392,9,9,0,1.0,1,0,0,4,snapshot_20150919T025947Z
780488,4,4,0,1.0,1,0,0,2,snapshot_20150919T025947Z
780708,3,3,0,1.0,1,0,0,1,snapshot_20150919T025947Z
780731,14,14,0,1.0,1,0,0,12,snapshot_20150919T025947Z
780733,8,8,0,1.0,1,0,0,6,snapshot_20150919T025947Z
780925,3,0,3,0.0,0,0,1,1,snapshot_20150919T025947Z
781099,7,6,1,0.8571428571428571,1,0,0,5,snapshot_20150919T025947Z
781101,12,12,0,1.0,1,0,0,8,snapshot_20150919T025947Z
781156,13,12,1,0.9230769230769231,1,0,0,9,snapshot_20150919T025947Z
781189,5,5,0,1.0,1,0,0,2,snapshot_20150919T025947Z
781477,2,2,0,1.0,1,1,0,0,snapshot_20150919T025947Z
781583,4,4,0,1.0,1,0,0,3,snapshot_20150919T025947Z
781592,7,7,0,1.0,1,0,0,2,snapshot_20150919T025947Z
781616,7,7,0,1.0,1,0,0,5,snapshot_20150919T025947Z
781666,5,5,0,1.0,1,0,0,3,snapshot_20150919T025947Z
781731,5,5,0,1.0,1,0,0,3,snapshot_20150919T025947Z
781759,7,0,7,0.0,0,0,1,2,snapshot_20150919T025947Z
781972,12,8,4,0.6666666666666666,1,0,0,10,snapshot_20150919T025947Z
781974,3,0,3,0.0,0,0,1,1,snapshot_20150919T025947Z
781980,6,6,0,1.0,1,0,0,4,snapshot_20150919T025947Z
782163,3,3,0,1.0,1,0,0,1,snapshot_20150919T025947Z
782169,3,0,3,0.0,0,0,1,1,snapshot_20150919T025947Z
782178,16,16,0,1.0,1,0,0,14,snapshot_20150919T025947Z
782325,8,1,7,0.125,1,0,0,6,snapshot_20150919T025947Z
782343,8,0,8,0.0,0,0,1,6,snapshot_20150919T025947Z
782523,34,32,2,0.9411764705882353,1,0,0,32,snapshot_20150919T025947Z
782961,11,11,0,1.0,1,0,0,5,snapshot_20150919T025947Z
783088,4,3,1,0.75,1,0,0,2,snapshot_20150919T025947Z
783254,4,4,0,1.0,1,0,0,2,snapshot_20150919T025947Z
783282,7,6,1,0.8571428571428571,1,0,0,6,snapshot_20150919T025947Z
783364,17,17,0,1.0,1,0,0,14,snapshot_20150919T025947Z
783405,5,5,0,1.0,1,0,0,3,snapshot_20150919T025947Z
783408,2,2,0,1.0,1,0,0,1,snapshot_20150919T025947Z
783599,2,0,2,0.0,0,0,1,1,snapshot_20150919T025947Z
783700,3,3,0,1.0,1,0,0,1,snapshot_20150919T025947Z
783756,13,7,6,0.5384615384615384,1,0,0,5,snapshot_20150919T025947Z
783857,4,4,0,1.0,1,0,0,2,snapshot_20150919T025947Z
783905,3,0,3,0.0,0,0,1,1,snapshot_20150919T025947Z
783998,2,2,0,1.0,1,0,0,1,snapshot_20150919T025947Z
784049,20,20,0,1.0,1,0,0,13,snapshot_20150919T025947Z
784178,4,4,0,1.0,1,0,0,2,snapshot_20150919T025947Z
784477,9,9,0,1.0,1,0,0,7,snapshot_20150919T025947Z
784543,3,3,0,1.0,1,0,0,2,snapshot_20150919T025947Z
784558,14,12,2,0.8571428571428571,1,0,0,12,snapshot_20150919T025947Z
784757,12,12,0,1.0,1,0,0,10,snapshot_20150919T025947Z
784769,32,15,17,0.46875,1,0,0,20,snapshot_20150919T025947Z
784783,6,6,0,1.0,1,0,0,4,snapshot_20150919T025947Z
785001,3,3,0,1.0,1,0,0,1,snapshot_20150919T025947Z
785043,2,2,0,1.0,1,1,0,0,snapshot_20150919T025947Z
785226,15,13,2,0.8666666666666667,1,0,0,13,snapshot_20150919T025947Z
785456,13,6,7,0.46153846153846156,1,0,0,9,snapshot_20150919T025947Z
785643,4,4,0,1.0,1,0,0,2,snapshot_20150919T025947Z
785737,3,3,0,1.0,1,0,0,1,snapshot_20150919T025947Z
785782,5,5,0,1.0,1,0,0,4,snapshot_20150919T025947Z
785814,6,6,0,1.0,1,0,0,4,snapshot_20150919T025947Z
786017,12,12,0,1.0,1,0,0,5,snapshot_20150919T025947Z
786045,12,11,1,0.9166666666666666,1,0,0,9,snapshot_20150919T025947Z
786265,9,9,0,1.0,1,0,0,7,snapshot_20150919T025947Z
786374,3,3,0,1.0,1,0,0,1,snapshot_20150919T025947Z
786406,15,13,2,0.8666666666666667,1,0,0,13,snapshot_20150919T025947Z
786486,4,4,0,1.0,1,0,0,2,snapshot_20150919T025947Z
786728,3,3,0,1.0,1,0,0,1,snapshot_20150919T025947Z
786834,4,3,1,0.75,1,0,0,2,snapshot_20150919T025947Z
787217,10,0,10,0.0,0,0,1,6,snapshot_20150919T025947Z
787290,18,14,4,0.7777777777777778,1,0,0,16,snapshot_20150919T025947Z
787425,8,8,0,1.0,1,0,0,6,snapshot_20150919T025947Z
787440,4,4,0,1.0,1,0,0,1,snapshot_20150919T025947Z
787802,15,13,2,0.8666666666666667,1,0,0,5,snapshot_20150919T025947Z
787878,2,2,0,1.0,1,1,0,0,snapshot_20150919T025947Z
787997,2,0,2,0.0,0,0,1,1,snapshot_20150919T025947Z
788113,33,13,20,0.3939393939393939,1,0,0,26,snapshot_20150919T025947Z
788475,4,4,0,1.0,1,0,0,2,snapshot_20150919T025947Z
788871,11,9,2,0.8181818181818182,1,0,0,7,snapshot_20150919T025947Z
788900,13,13,0,1.0,1,0,0,3,snapshot_20150919T025947Z
788972,7,7,0,1.0,1,0,0,4,snapshot_20150919T025947Z
789256,3,3,0,1.0,1,0,0,1,snapshot_20150919T025947Z
789277,19,18,1,0.9473684210526315,1,0,0,15,snapshot_20150919T025947Z
789620,16,11,5,0.6875,1,0,0,8,snapshot_20150919T025947Z
789675,3,3,0,1.0,1,0,0,1,snapshot_20150919T025947Z
789699,8,8,0,1.0,1,0,0,6,snapshot_20150919T025947Z
789749,5,5,0,1.0,1,0,0,3,snapshot_20150919T025947Z
789793,21,17,4,0.8095238095238095,1,0,0,16,snapshot_20150919T025947Z
789844,18,17,1,0.9444444444444444,1,0,0,16,snapshot_20150919T025947Z
789937,3,0,3,0.0,0,0,1,1,snapshot_20150919T025947Z
789945,20,19,1,0.95,1,0,0,18,snapshot_20150919T025947Z
790272,4,4,0,1.0,1,0,0,2,snapshot_20150919T025947Z
790379,4,0,4,0.0,0,0,1,2,snapshot_20150919T025947Z
790828,29,20,9,0.6896551724137931,1,0,0,27,snapshot_20150919T025947Z
791048,3,0,3,0.0,0,0,1,1,snapshot_20150919T025947Z
791108,19,15,4,0.7894736842105263,1,0,0,17,snapshot_20150919T025947Z
791118,2,2,0,1.0,1,0,0,1,snapshot_20150919T025947Z
791204,6,0,6,0.0,0,0,1,5,snapshot_20150919T025947Z
791361,4,4,0,1.0,1,0,0,2,snapshot_20150919T025947Z
791547,23,23,0,1.0,1,0,0,21,snapshot_20150919T025947Z
791551,2,2,0,1.0,1,1,0,0,snapshot_20150919T025947Z
791616,7,7,0,1.0,1,0,0,5,snapshot_20150919T025947Z
791750,62,60,2,0.967741935483871,1,0,0,51,snapshot_20150919T025947Z
791783,7,2,5,0.2857142857142857,1,0,0,5,snapshot_20150919T025947Z
791854,6,6,0,1.0,1,0,0,4,snapshot_20150919T025947Z
791895,15,15,0,1.0,1,0,0,13,snapshot_20150919T025947Z
792208,12,12,0,1.0,1,0,0,10,snapshot_20150919T025947Z
792383,3,0,3,0.0,0,0,1,1,snapshot_20150919T025947Z
792479,5,0,5,0.0,0,0,1,2,snapshot_20150919T025947Z
792567,4,4,0,1.0,1,0,0,2,snapshot_20150919T025947Z
792616,3,3,0,1.0,1,0,0,1,snapshot_20150919T025947Z
792642,13,13,0,1.0,1,0,0,11,snapshot_20150919T025947Z
792658,12,12,0,1.0,1,0,0,9,snapshot_20150919T025947Z
792663,8,8,0,1.0,1,0,0,6,snapshot_20150919T025947Z
792741,153,90,63,0.5882352941176471,1,0,0,129,snapshot_20150919T025947Z
792995,56,56,0,1.0,1,0,0,53,snapshot_20150919T025947Z
793007,31,31,0,1.0,1,0,0,26,snapshot_20150919T025947Z
793038,13,13,0,1.0,1,0,0,5,snapshot_20150919T025947Z
793091,23,22,1,0.9565217391304348,1,0,0,17,snapshot_20150919T025947Z
793134,1,1,0,1.0,1,1,0,0,snapshot_20150919T025947Z
793157,7,0,7,0.0,0,0,1,3,snapshot_20150919T025947Z
793374,7,7,0,1.0,1,0,0,3,snapshot_20150919T025947Z
793424,9,9,0,1.0,1,0,0,7,snapshot_20150919T025947Z
793602,3,0,3,0.0,0,0,1,2,snapshot_20150919T025947Z
793661,16,16,0,1.0,1,0,0,12,snapshot_20150919T025947Z
793866,7,0,7,0.0,0,0,1,5,snapshot_20150919T025947Z
794126,8,8,0,1.0,1,0,0,4,snapshot_20150919T025947Z
794152,3,3,0,1.0,1,0,0,1,snapshot_20150919T025947Z
794304,21,13,8,0.6190476190476191,1,0,0,19,snapshot_20150919T025947Z
794340,6,6,0,1.0,1,0,0,3,snapshot_20150919T025947Z
794642,3,3,0,1.0,1,0,0,1,snapshot_20150919T025947Z
794751,85,9,76,0.10588235294117647,1,0,0,80,snapshot_20150919T025947Z
794758,22,22,0,1.0,1,0,0,16,snapshot_20150919T025947Z
794775,9,9,0,1.0,1,0,0,7,snapshot_20150919T025947Z
795056,31,31,0,1.0,1,0,0,17,snapshot_20150919T025947Z
795060,12,7,5,0.5833333333333334,1,0,0,3,snapshot_20150919T025947Z
795171,3,3,0,1.0,1,0,0,1,snapshot_20150919T025947Z
795257,4,4,0,1.0,1,0,0,2,snapshot_20150919T025947Z
795274,3,3,0,1.0,1,0,0,2,snapshot_20150919T025947Z
795423,20,20,0,1.0,1,0,0,17,snapshot_20150919T025947Z
795448,2,2,0,1.0,1,0,0,1,snapshot_20150919T025947Z
795731,2,2,0,1.0,1,1,0,0,snapshot_20150919T025947Z
795975,13,13,0,1.0,1,0,0,9,snapshot_20150919T025947Z
796000,4,4,0,1.0,1,0,0,2,snapshot_20150919T025947Z
796062,16,15,1,0.9375,1,0,0,12,snapshot_20150919T025947Z
796083,23,23,0,1.0,1,0,0,21,snapshot_20150919T025947Z
796090,4,1,3,0.25,1,0,0,2,snapshot_20150919T025947Z
796253,38,38,0,1.0,1,0,0,33,snapshot_20150919T025947Z
796367,2,2,0,1.0,1,0,0,1,snapshot_20150919T025947Z
796470,19,19,0,1.0,1,0,0,14,snapshot_20150919T025947Z
796611,3,3,0,1.0,1,0,0,1,snapshot_20150919T025947Z
796670,3,3,0,1.0,1,0,0,1,snapshot_20150919T025947Z
796940,5,0,5,0.0,0,0,1,1,snapshot_20150919T025947Z
797023,4,4,0,1.0,1,0,0,2,snapshot_20150919T025947Z
797108,7,7,0,1.0,1,0,0,3,snapshot_20150919T025947Z
797295,5,5,0,1.0,1,0,0,3,snapshot_20150919T025947Z
797409,309,306,3,0.9902912621359223,1,0,0,221,snapshot_20150919T025947Z
797487,6,6,0,1.0,1,0,0,4,snapshot_20150919T025947Z
797644,5,5,0,1.0,1,0,0,3,snapshot_20150919T025947Z
797729,8,8,0,1.0,1,0,0,5,snapshot_20150919T025947Z
797789,3,3,0,1.0,1,0,0,1,snapshot_20150919T025947Z
797872,4,3,1,0.75,1,0,0,2,snapshot_20150919T025947Z
797935,2,2,0,1.0,1,0,0,1,snapshot_20150919T025947Z
798349,3,2,1,0.6666666666666666,1,0,0,1,snapshot_20150919T025947Z
798441,2,2,0,1.0,1,0,0,1,snapshot_20150919T025947Z
798738,3,0,3,0.0,0,0,1,1,snapshot_20150919T025947Z
798809,44,29,15,0.6590909090909091,1,0,0,43,snapshot_20150919T025947Z
799313,38,38,0,1.0,1,0,0,34,snapshot_20150919T025947Z
799331,42,42,0,1.0,1,0,0,19,snapshot_20150919T025947Z
799355,5,5,0,1.0,1,0,0,3,snapshot_20150919T025947Z
799471,3,3,0,1.0,1,0,0,1,snapshot_20150919T025947Z
799678,6,5,1,0.8333333333333334,1,0,0,4,snapshot_20150919T025947Z
799716,3,3,0,1.0,1,0,0,1,snapshot_20150919T025947Z
799861,5,5,0,1.0,1,0,0,2,snapshot_20150919T025947Z
799974,4,0,4,0.0,0,0,1,1,snapshot_20150919T025947Z
800138,5,5,0,1.0,1,0,0,3,snapshot_20150919T025947Z
800150,8,8,0,1.0,1,0,0,7,snapshot_20150919T025947Z
800426,15,15,0,1.0,1,0,0,11,snapshot_20150919T025947Z
800489,12,12,0,1.0,1,0,0,6,snapshot_20150919T025947Z
800578,8,3,5,0.375,1,0,0,6,snapshot_20150919T025947Z
800638,2,2,0,1.0,1,0,0,1,snapshot_20150919T025947Z
800723,11,9,2,0.8181818181818182,1,0,0,7,snapshot_20150919T025947Z
800777,17,14,3,0.8235294117647058,1,0,0,15,snapshot_20150919T025947Z
800894,8,2,6,0.25,1,0,0,6,snapshot_20150919T025947Z
800917,13,13,0,1.0,1,0,0,11,snapshot_20150919T025947Z
801026,4,3,1,0.75,1,0,0,2,snapshot_20150919T025947Z
801091,23,6,17,0.2608695652173913,1,0,0,21,snapshot_20150919T025947Z
801172,12,12,0,1.0,1,0,0,10,snapshot_20150919T025947Z
801313,4,4,0,1.0,1,0,0,2,snapshot_20150919T025947Z
801365,4,4,0,1.0,1,0,0,2,snapshot_20150919T025947Z
801554,9,9,0,1.0,1,0,0,7,snapshot_20150919T025947Z
801664,25,25,0,1.0,1,0,0,22,snapshot_20150919T025947Z
801898,6,6,0,1.0,1,0,0,4,snapshot_20150919T025947Z
802043,8,8,0,1.0,1,0,0,7,snapshot_20150919T025947Z
802259,12,12,0,1.0,1,0,0,9,snapshot_20150919T025947Z
802281,10,10,0,1.0,1,0,0,5,snapshot_20150919T025947Z
802379,11,11,0,1.0,1,0,0,6,snapshot_20150919T025947Z
802580,14,2,12,0.14285714285714285,1,0,0,12,snapshot_20150919T025947Z
802676,15,15,0,1.0,1,0,0,6,snapshot_20150919T025947Z
802702,2,2,0,1.0,1,1,0,0,snapshot_20150919T025947Z
802717,3,0,3,0.0,0,0,1,1,snapshot_20150919T025947Z
803016,11,11,0,1.0,1,0,0,9,snapshot_20150919T025947Z
803139,16,3,13,0.1875,1,0,0,14,snapshot_20150919T025947Z
803150,3,3,0,1.0,1,0,0,1,snapshot_20150919T025947Z
803791,2,0,2,0.0,0,1,1,0,snapshot_20150919T025947Z
803960,21,20,1,0.9523809523809523,1,0,0,17,snapshot_20150919T025947Z
803997,16,16,0,1.0,1,0,0,14,snapshot_20150919T025947Z
804113,24,19,5,0.7916666666666666,1,0,0,20,snapshot_20150919T025947Z
804216,6,5,1,0.8333333333333334,1,0,0,4,snapshot_20150919T025947Z
804418,21,21,0,1.0,1,0,0,15,snapshot_20150919T025947Z
804434,8,6,2,0.75,1,0,0,6,snapshot_20150919T025947Z
804657,5,3,2,0.6,1,0,0,3,snapshot_20150919T025947Z
804712,4,4,0,1.0,1,0,0,2,snapshot_20150919T025947Z
804836,4,4,0,1.0,1,0,0,2,snapshot_20150919T025947Z
804842,3,3,0,1.0,1,0,0,1,snapshot_20150919T025947Z
804846,4,4,0,1.0,1,0,0,2,snapshot_20150919T025947Z
804876,13,11,2,0.8461538461538461,1,0,0,11,snapshot_20150919T025947Z
804983,4,4,0,1.0,1,0,0,2,snapshot_20150919T025947Z
805200,69,59,10,0.855072463768116,1,0,0,65,snapshot_20150919T025947Z
805204,83,49,34,0.5903614457831325,1,0,0,66,snapshot_20150919T025947Z
805249,4,4,0,1.0,1,0,0,2,snapshot_20150919T025947Z
805254,3,3,0,1.0,1,0,0,1,snapshot_20150919T025947Z
805448,1,1,0,1.0,1,1,0,0,snapshot_20150919T025947Z
805595,6,6,0,1.0,1,0,0,5,snapshot_20150919T025947Z
805630,14,14,0,1.0,1,0,0,12,snapshot_20150919T025947Z
805761,3,0,3,0.0,0,0,1,1,snapshot_20150919T025947Z
805780,21,21,0,1.0,1,0,0,13,snapshot_20150919T025947Z
805787,4,0,4,0.0,0,0,1,2,snapshot_20150919T025947Z
805790,14,5,9,0.35714285714285715,1,0,0,10,snapshot_20150919T025947Z
805864,4,4,0,1.0,1,0,0,2,snapshot_20150919T025947Z
806014,16,16,0,1.0,1,0,0,11,snapshot_20150919T025947Z
806308,3,3,0,1.0,1,0,0,1,snapshot_20150919T025947Z
806371,4,4,0,1.0,1,0,0,2,snapshot_20150919T025947Z
806439,5,5,0,1.0,1,0,0,3,snapshot_20150919T025947Z
806787,7,6,1,0.8571428571428571,1,0,0,5,snapshot_20150919T025947Z
806817,22,21,1,0.9545454545454546,1,0,0,18,snapshot_20150919T025947Z
806954,6,3,3,0.5,1,0,0,4,snapshot_20150919T025947Z
807288,4,4,0,1.0,1,0,0,2,snapshot_20150919T025947Z
807462,4,4,0,1.0,1,0,0,2,snapshot_20150919T025947Z
807509,62,62,0,1.0,1,0,0,56,snapshot_20150919T025947Z
807730,11,11,0,1.0,1,0,0,9,snapshot_20150919T025947Z
807851,19,18,1,0.9473684210526315,1,0,0,14,snapshot_20150919T025947Z
807918,25,25,0,1.0,1,0,0,22,snapshot_20150919T025947Z
808207,15,10,5,0.6666666666666666,1,0,0,9,snapshot_20150919T025947Z
808303,6,6,0,1.0,1,0,0,5,snapshot_20150919T025947Z
808351,12,12,0,1.0,1,0,0,9,snapshot_20150919T025947Z
808400,3,3,0,1.0,1,0,0,1,snapshot_20150919T025947Z
808508,5,0,5,0.0,0,0,1,3,snapshot_20150919T025947Z
808547,2,2,0,1.0,1,1,0,0,snapshot_20150919T025947Z
808750,2,2,0,1.0,1,1,0,0,snapshot_20150919T025947Z
808813,125,81,44,0.648,1,0,0,118,snapshot_20150919T025947Z
808966,4,4,0,1.0,1,0,0,3,snapshot_20150919T025947Z
808985,4,4,0,1.0,1,0,0,2,snapshot_20150919T025947Z
809043,13,13,0,1.0,1,0,0,11,snapshot_20150919T025947Z
809109,15,15,0,1.0,1,0,0,11,snapshot_20150919T025947Z
809129,22,22,0,1.0,1,0,0,18,snapshot_20150919T025947Z
809220,4,4,0,1.0,1,0,0,2,snapshot_20150919T025947Z
809384,6,6,0,1.0,1,0,0,3,snapshot_20150919T025947Z
809388,3,0,3,0.0,0,0,1,1,snapshot_20150919T025947Z
809402,4,0,4,0.0,0,0,1,3,snapshot_20150919T025947Z
809818,5,5,0,1.0,1,0,0,3,snapshot_20150919T025947Z
809822,873,358,515,0.41008018327605955,1,0,0,746,snapshot_20150919T025947Z
809888,16,11,5,0.6875,1,0,0,15,snapshot_20150919T025947Z
809973,4,0,4,0.0,0,0,1,2,snapshot_20150919T025947Z
810114,5,5,0,1.0,1,0,0,3,snapshot_20150919T025947Z
810342,3,3,0,1.0,1,0,0,1,snapshot_20150919T025947Z
810608,6,6,0,1.0,1,0,0,4,snapshot_20150919T025947Z
810900,5,0,5,0.0,0,0,1,3,snapshot_20150919T025947Z
810921,4,1,3,0.25,1,0,0,1,snapshot_20150919T025947Z
811031,2,2,0,1.0,1,0,0,1,snapshot_20150919T025947Z
811310,4,4,0,1.0,1,0,0,2,snapshot_20150919T025947Z
811563,2,0,2,0.0,0,0,1,1,snapshot_20150919T025947Z
811745,93,82,11,0.8817204301075269,1,0,0,90,snapshot_20150919T025947Z
811818,5,5,0,1.0,1,0,0,3,snapshot_20150919T025947Z
811838,55,48,7,0.8727272727272727,1,0,0,43,snapshot_20150919T025947Z
811841,4,0,4,0.0,0,0,1,2,snapshot_20150919T025947Z
811978,5,2,3,0.4,1,0,0,3,snapshot_20150919T025947Z
812069,6,6,0,1.0,1,0,0,4,snapshot_20150919T025947Z
812122,4,4,0,1.0,1,0,0,2,snapshot_20150919T025947Z
812393,16,16,0,1.0,1,0,0,14,snapshot_20150919T025947Z
812624,3,0,3,0.0,0,0,1,1,snapshot_20150919T025947Z
812693,6,0,6,0.0,0,0,1,4,snapshot_20150919T025947Z
812707,7,7,0,1.0,1,0,0,4,snapshot_20150919T025947Z
812764,4,4,0,1.0,1,0,0,3,snapshot_20150919T025947Z
812909,4,4,0,1.0,1,0,0,2,snapshot_20150919T025947Z
813035,15,15,0,1.0,1,0,0,9,snapshot_20150919T025947Z
813069,3,3,0,1.0,1,0,0,1,snapshot_20150919T025947Z
813137,6,6,0,1.0,1,0,0,2,snapshot_20150919T025947Z
813175,6,6,0,1.0,1,0,0,4,snapshot_20150919T025947Z
813307,4,0,4,0.0,0,0,1,2,snapshot_20150919T025947Z
813387,40,38,2,0.95,1,0,0,27,snapshot_20150919T025947Z
813417,4,0,4,0.0,0,0,1,2,snapshot_20150919T025947Z
813446,12,12,0,1.0,1,0,0,10,snapshot_20150919T025947Z
813450,3,3,0,1.0,1,0,0,1,snapshot_20150919T025947Z
813477,18,18,0,1.0,1,0,0,14,snapshot_20150919T025947Z
813796,5,5,0,1.0,1,0,0,3,snapshot_20150919T025947Z
813925,19,0,19,0.0,0,0,1,15,snapshot_20150919T025947Z
813971,93,93,0,1.0,1,0,0,77,snapshot_20150919T025947Z
814041,28,21,7,0.75,1,0,0,23,snapshot_20150919T025947Z
814059,4,4,0,1.0,1,0,0,2,snapshot_20150919T025947Z
814238,5,5,0,1.0,1,0,0,4,snapshot_20150919T025947Z
814542,21,20,1,0.9523809523809523,1,0,0,16,snapshot_20150919T025947Z
814619,5,5,0,1.0,1,0,0,3,snapshot_20150919T025947Z
814663,43,42,1,0.9767441860465116,1,0,0,33,snapshot_20150919T025947Z
814864,25,25,0,1.0,1,0,0,17,snapshot_20150919T025947Z
814892,5,5,0,1.0,1,0,0,3,snapshot_20150919T025947Z
815215,20,20,0,1.0,1,0,0,18,snapshot_20150919T025947Z
815259,11,11,0,1.0,1,0,0,9,snapshot_20150919T025947Z
815343,4,4,0,1.0,1,0,0,2,snapshot_20150919T025947Z
815466,3,3,0,1.0,1,0,0,1,snapshot_20150919T025947Z
815560,3,3,0,1.0,1,0,0,1,snapshot_20150919T025947Z
815663,2,2,0,1.0,1,0,0,1,snapshot_20150919T025947Z
815678,4,4,0,1.0,1,0,0,2,snapshot_20150919T025947Z
815905,4,4,0,1.0,1,1,0,0,snapshot_20150919T025947Z
816056,9,9,0,1.0,1,0,0,7,snapshot_20150919T025947Z
816102,4,4,0,1.0,1,0,0,2,snapshot_20150919T025947Z
816144,3,3,0,1.0,1,0,0,1,snapshot_20150919T025947Z
816161,19,18,1,0.9473684210526315,1,0,0,16,snapshot_20150919T025947Z
816384,15,14,1,0.9333333333333333,1,0,0,12,snapshot_20150919T025947Z
816637,6,6,0,1.0,1,0,0,4,snapshot_20150919T025947Z
816889,3,3,0,1.0,1,0,0,1,snapshot_20150919T025947Z
816978,14,14,0,1.0,1,0,0,12,snapshot_20150919T025947Z
817080,3,3,0,1.0,1,0,0,1,snapshot_20150919T025947Z
817448,5,5,0,1.0,1,0,0,3,snapshot_20150919T025947Z
817474,28,28,0,1.0,1,0,0,18,snapshot_20150919T025947Z
817978,5,1,4,0.2,1,0,0,3,snapshot_20150919T025947Z
818050,4,0,4,0.0,0,0,1,2,snapshot_20150919T025947Z
818067,5,0,5,0.0,0,0,1,3,snapshot_20150919T025947Z
818116,13,13,0,1.0,1,0,0,9,snapshot_20150919T025947Z
818205,3,3,0,1.0,1,0,0,2,snapshot_20150919T025947Z
818254,16,15,1,0.9375,1,0,0,14,snapshot_20150919T025947Z
818334,9,9,0,1.0,1,0,0,7,snapshot_20150919T025947Z
818371,6,1,5,0.16666666666666666,1,0,0,4,snapshot_20150919T025947Z
818589,2,2,0,1.0,1,1,0,0,snapshot_20150919T025947Z
818645,4,4,0,1.0,1,0,0,2,snapshot_20150919T025947Z
818734,12,12,0,1.0,1,0,0,6,snapshot_20150919T025947Z
818819,3,3,0,1.0,1,0,0,1,snapshot_20150919T025947Z
819001,3,0,3,0.0,0,0,1,1,snapshot_20150919T025947Z
819108,3,3,0,1.0,1,0,0,1,snapshot_20150919T025947Z
819210,3,3,0,1.0,1,0,0,2,snapshot_20150919T025947Z
819520,4,4,0,1.0,1,0,0,2,snapshot_20150919T025947Z
819547,115,78,37,0.6782608695652174,1,0,0,86,snapshot_20150919T025947Z
819587,30,20,10,0.6666666666666666,1,0,0,20,snapshot_20150919T025947Z
820002,5,5,0,1.0,1,0,0,1,snapshot_20150919T025947Z
820155,18,17,1,0.9444444444444444,1,0,0,12,snapshot_20150919T025947Z
820159,159,131,28,0.8238993710691824,1,0,0,147,snapshot_20150919T025947Z
820191,4,4,0,1.0,1,0,0,2,snapshot_20150919T025947Z
820229,6,6,0,1.0,1,0,0,4,snapshot_20150919T025947Z
820254,8,0,8,0.0,0,0,1,4,snapshot_20150919T025947Z
820349,3,3,0,1.0,1,0,0,1,snapshot_20150919T025947Z
820440,13,13,0,1.0,1,0,0,10,snapshot_20150919T025947Z
820530,24,8,16,0.3333333333333333,1,0,0,22,snapshot_20150919T025947Z
820759,5,5,0,1.0,1,0,0,3,snapshot_20150919T025947Z
820848,3,0,3,0.0,0,0,1,1,snapshot_20150919T025947Z
820902,5,5,0,1.0,1,0,0,3,snapshot_20150919T025947Z
821083,33,33,0,1.0,1,0,0,28,snapshot_20150919T025947Z
821263,11,11,0,1.0,1,0,0,6,snapshot_20150919T025947Z
821427,5,5,0,1.0,1,0,0,3,snapshot_20150919T025947Z
821436,3,3,0,1.0,1,0,0,1,snapshot_20150919T025947Z
821737,2,2,0,1.0,1,0,0,1,snapshot_20150919T025947Z
821982,24,20,4,0.8333333333333334,1,0,0,17,snapshot_20150919T025947Z
822058,5,5,0,1.0,1,0,0,3,snapshot_20150919T025947Z
822155,5,5,0,1.0,1,0,0,2,snapshot_20150919T025947Z
822168,5,5,0,1.0,1,0,0,3,snapshot_20150919T025947Z
822310,57,51,6,0.8947368421052632,1,0,0,25,snapshot_20150919T025947Z
822325,9,9,0,1.0,1,0,0,5,snapshot_20150919T025947Z
822416,9,0,9,0.0,0,0,1,5,snapshot_20150919T025947Z
822553,6,6,0,1.0,1,0,0,4,snapshot_20150919T025947Z
822869,2,2,0,1.0,1,0,0,1,snapshot_20150919T025947Z
823073,2,2,0,1.0,1,0,0,1,snapshot_20150919T025947Z
823124,5,5,0,1.0,1,0,0,3,snapshot_20150919T025947Z
823143,6,6,0,1.0,1,0,0,4,snapshot_20150919T025947Z
823349,12,10,2,0.8333333333333334,1,0,0,10,snapshot_20150919T025947Z
823481,4,4,0,1.0,1,0,0,2,snapshot_20150919T025947Z
823664,10,8,2,0.8,1,0,0,8,snapshot_20150919T025947Z
823705,23,14,9,0.6086956521739131,1,0,0,21,snapshot_20150919T025947Z
823721,6,6,0,1.0,1,0,0,3,snapshot_20150919T025947Z
823746,3,3,0,1.0,1,0,0,1,snapshot_20150919T025947Z
823931,3,3,0,1.0,1,0,0,1,snapshot_20150919T025947Z
823982,80,5,75,0.0625,1,0,0,77,snapshot_20150919T025947Z
824061,4,4,0,1.0,1,0,0,2,snapshot_20150919T025947Z
824071,7,7,0,1.0,1,0,0,6,snapshot_20150919T025947Z
824082,100,100,0,1.0,1,0,0,91,snapshot_20150919T025947Z
824119,6,6,0,1.0,1,0,0,4,snapshot_20150919T025947Z
824335,5,5,0,1.0,1,0,0,3,snapshot_20150919T025947Z
824550,22,11,11,0.5,1,0,0,20,snapshot_20150919T025947Z
824760,3,3,0,1.0,1,0,0,1,snapshot_20150919T025947Z
824775,26,26,0,1.0,1,0,0,23,snapshot_20150919T025947Z
824837,6,5,1,0.8333333333333334,1,0,0,4,snapshot_20150919T025947Z
824842,480,324,156,0.675,1,0,0,345,snapshot_20150919T025947Z
824918,4,0,4,0.0,0,0,1,2,snapshot_20150919T025947Z
825030,9,8,1,0.8888888888888888,1,0,0,6,snapshot_20150919T025947Z
825191,4,4,0,1.0,1,0,0,2,snapshot_20150919T025947Z
825224,4,4,0,1.0,1,1,0,0,snapshot_20150919T025947Z
825226,4,1,3,0.25,1,0,0,2,snapshot_20150919T025947Z
825307,2,2,0,1.0,1,0,0,1,snapshot_20150919T025947Z
825321,895,696,199,0.7776536312849162,1,0,0,885,snapshot_20150919T025947Z
825557,24,24,0,1.0,1,0,0,18,snapshot_20150919T025947Z
825563,4,4,0,1.0,1,0,0,2,snapshot_20150919T025947Z
825575,30,7,23,0.23333333333333334,1,0,0,28,snapshot_20150919T025947Z
825800,5,5,0,1.0,1,0,0,3,snapshot_20150919T025947Z
826010,4,4,0,1.0,1,0,0,2,snapshot_20150919T025947Z
826073,7,2,5,0.2857142857142857,1,0,0,5,snapshot_20150919T025947Z
826101,3,0,3,0.0,0,0,1,1,snapshot_20150919T025947Z
826275,49,46,3,0.9387755102040817,1,0,0,46,snapshot_20150919T025947Z
826663,4,2,2,0.5,1,1,0,0,snapshot_20150919T025947Z
826774,9,6,3,0.6666666666666666,1,0,0,7,snapshot_20150919T025947Z
826799,8,8,0,1.0,1,0,0,4,snapshot_20150919T025947Z
826804,2,2,0,1.0,1,0,0,1,snapshot_20150919T025947Z
826820,4,4,0,1.0,1,0,0,2,snapshot_20150919T025947Z
826958,8,8,0,1.0,1,0,0,6,snapshot_20150919T025947Z
827164,9,5,4,0.5555555555555556,1,0,0,8,snapshot_20150919T025947Z
827184,2,2,0,1.0,1,1,0,0,snapshot_20150919T025947Z
827191,4,4,0,1.0,1,0,0,2,snapshot_20150919T025947Z
827333,3,0,3,0.0,0,0,1,1,snapshot_20150919T025947Z
827376,2,2,0,1.0,1,1,0,0,snapshot_20150919T025947Z
827595,12,12,0,1.0,1,0,0,11,snapshot_20150919T025947Z
827689,9,9,0,1.0,1,0,0,7,snapshot_20150919T025947Z
827884,5,2,3,0.4,1,0,0,2,snapshot_20150919T025947Z
827999,3,3,0,1.0,1,0,0,1,snapshot_20150919T025947Z
828218,6,6,0,1.0,1,0,0,5,snapshot_20150919T025947Z
828219,4,4,0,1.0,1,0,0,2,snapshot_20150919T025947Z
828257,5,5,0,1.0,1,0,0,3,snapshot_20150919T025947Z
828308,26,23,3,0.8846153846153846,1,0,0,22,snapshot_20150919T025947Z
828437,3,3,0,1.0,1,0,0,1,snapshot_20150919T025947Z
828542,9,9,0,1.0,1,0,0,6,snapshot_20150919T025947Z
828727,2,2,0,1.0,1,0,0,1,snapshot_20150919T025947Z
829183,7,6,1,0.8571428571428571,1,0,0,5,snapshot_20150919T025947Z
829289,290,166,124,0.5724137931034483,1,0,0,244,snapshot_20150919T025947Z
830003,3,3,0,1.0,1,0,0,2,snapshot_20150919T025947Z
830026,5,5,0,1.0,1,0,0,2,snapshot_20150919T025947Z
830069,2,2,0,1.0,1,1,0,0,snapshot_20150919T025947Z
830113,4,0,4,0.0,0,0,1,2,snapshot_20150919T025947Z
830328,4,4,0,1.0,1,0,0,1,snapshot_20150919T025947Z
830370,6,6,0,1.0,1,0,0,4,snapshot_20150919T025947Z
830793,10,10,0,1.0,1,0,0,8,snapshot_20150919T025947Z
830875,18,16,2,0.8888888888888888,1,0,0,11,snapshot_20150919T025947Z
831008,7,0,7,0.0,0,0,1,5,snapshot_20150919T025947Z
831120,17,17,0,1.0,1,0,0,11,snapshot_20150919T025947Z
831139,7,5,2,0.7142857142857143,1,0,0,3,snapshot_20150919T025947Z
831166,3,0,3,0.0,0,0,1,2,snapshot_20150919T025947Z
831213,3,3,0,1.0,1,0,0,1,snapshot_20150919T025947Z
831387,1,1,0,1.0,1,1,0,0,snapshot_20150919T025947Z
831413,13,12,1,0.9230769230769231,1,0,0,10,snapshot_20150919T025947Z
831443,5,5,0,1.0,1,0,0,3,snapshot_20150919T025947Z
831449,8,8,0,1.0,1,0,0,6,snapshot_20150919T025947Z
831463,4,4,0,1.0,1,0,0,2,snapshot_20150919T025947Z
831617,6,5,1,0.8333333333333334,1,0,0,4,snapshot_20150919T025947Z
831854,4,4,0,1.0,1,0,0,2,snapshot_20150919T025947Z
831928,11,11,0,1.0,1,0,0,3,snapshot_20150919T025947Z
832222,3,3,0,1.0,1,0,0,1,snapshot_20150919T025947Z
832453,10,5,5,0.5,1,0,0,6,snapshot_20150919T025947Z
832527,7,6,1,0.8571428571428571,1,0,0,5,snapshot_20150919T025947Z
832580,5,5,0,1.0,1,0,0,3,snapshot_20150919T025947Z
832747,8,8,0,1.0,1,0,0,6,snapshot_20150919T025947Z
832751,3,0,3,0.0,0,0,1,1,snapshot_20150919T025947Z
832773,7,7,0,1.0,1,0,0,5,snapshot_20150919T025947Z
832864,12,12,0,1.0,1,0,0,10,snapshot_20150919T025947Z
832904,19,19,0,1.0,1,0,0,17,snapshot_20150919T025947Z
833217,3,3,0,1.0,1,0,0,2,snapshot_20150919T025947Z
833404,11,11,0,1.0,1,0,0,9,snapshot_20150919T025947Z
833429,3,3,0,1.0,1,0,0,1,snapshot_20150919T025947Z
833447,9,6,3,0.6666666666666666,1,0,0,7,snapshot_20150919T025947Z
833719,17,1,16,0.058823529411764705,1,0,0,14,snapshot_20150919T025947Z
833834,4,4,0,1.0,1,0,0,2,snapshot_20150919T025947Z
834036,12,1,11,0.08333333333333333,1,0,0,10,snapshot_20150919T025947Z
834421,3,3,0,1.0,1,0,0,1,snapshot_20150919T025947Z
834550,2,2,0,1.0,1,0,0,1,snapshot_20150919T025947Z
834646,12,12,0,1.0,1,0,0,7,snapshot_20150919T025947Z
834679,7,7,0,1.0,1,0,0,5,snapshot_20150919T025947Z
834736,2,0,2,0.0,0,0,1,1,snapshot_20150919T025947Z
834832,9,3,6,0.3333333333333333,1,0,0,8,snapshot_20150919T025947Z
834898,3,3,0,1.0,1,0,0,1,snapshot_20150919T025947Z
834998,8,8,0,1.0,1,0,0,4,snapshot_20150919T025947Z
835094,7,7,0,1.0,1,0,0,5,snapshot_20150919T025947Z
835193,3,3,0,1.0,1,0,0,1,snapshot_20150919T025947Z
835208,12,5,7,0.4166666666666667,1,0,0,10,snapshot_20150919T025947Z
835215,6,5,1,0.8333333333333334,1,0,0,5,snapshot_20150919T025947Z
835295,6,6,0,1.0,1,0,0,5,snapshot_20150919T025947Z
835424,4,0,4,0.0,0,0,1,2,snapshot_20150919T025947Z
835566,2,2,0,1.0,1,0,0,1,snapshot_20150919T025947Z
835586,7,7,0,1.0,1,0,0,5,snapshot_20150919T025947Z
835648,5,1,4,0.2,1,0,0,3,snapshot_20150919T025947Z
835657,11,11,0,1.0,1,0,0,9,snapshot_20150919T025947Z
835779,74,69,5,0.9324324324324325,1,0,0,72,snapshot_20150919T025947Z
836045,7,7,0,1.0,1,0,0,2,snapshot_20150919T025947Z
836186,20,20,0,1.0,1,0,0,18,snapshot_20150919T025947Z
836212,22,22,0,1.0,1,0,0,18,snapshot_20150919T025947Z
836341,15,13,2,0.8666666666666667,1,0,0,13,snapshot_20150919T025947Z
836347,3,3,0,1.0,1,0,0,1,snapshot_20150919T025947Z
836485,5,5,0,1.0,1,0,0,3,snapshot_20150919T025947Z
836542,3,3,0,1.0,1,0,0,1,snapshot_20150919T025947Z
836635,1934,1626,308,0.8407445708376422,1,0,0,1720,snapshot_20150919T025947Z
836799,5,5,0,1.0,1,0,0,3,snapshot_20150919T025947Z
836852,8,3,5,0.375,1,0,0,5,snapshot_20150919T025947Z
837052,33,25,8,0.7575757575757576,1,0,0,23,snapshot_20150919T025947Z
837186,14,10,4,0.7142857142857143,1,0,0,12,snapshot_20150919T025947Z
837197,26,18,8,0.6923076923076923,1,0,0,24,snapshot_20150919T025947Z
837233,3,3,0,1.0,1,0,0,1,snapshot_20150919T025947Z
837242,2,2,0,1.0,1,0,0,1,snapshot_20150919T025947Z
837352,2,0,2,0.0,0,0,1,1,snapshot_20150919T025947Z
837376,1,1,0,1.0,1,1,0,0,snapshot_20150919T025947Z
837377,62,55,7,0.8870967741935484,1,0,0,46,snapshot_20150919T025947Z
837613,2,2,0,1.0,1,0,0,1,snapshot_20150919T025947Z
837657,36,36,0,1.0,1,0,0,32,snapshot_20150919T025947Z
837675,5,3,2,0.6,1,0,0,3,snapshot_20150919T025947Z
837781,7,7,0,1.0,1,0,0,5,snapshot_20150919T025947Z
837952,3,3,0,1.0,1,0,0,1,snapshot_20150919T025947Z
838086,3,3,0,1.0,1,0,0,1,snapshot_20150919T025947Z
838113,23,21,2,0.9130434782608695,1,0,0,21,snapshot_20150919T025947Z
838154,11,11,0,1.0,1,0,0,9,snapshot_20150919T025947Z
838194,3,3,0,1.0,1,0,0,1,snapshot_20150919T025947Z
838226,11,11,0,1.0,1,0,0,7,snapshot_20150919T025947Z
838490,5,5,0,1.0,1,0,0,3,snapshot_20150919T025947Z
839322,17,17,0,1.0,1,0,0,14,snapshot_20150919T025947Z
839347,5,0,5,0.0,0,0,1,3,snapshot_20150919T025947Z
839496,3,3,0,1.0,1,0,0,1,snapshot_20150919T025947Z
839529,24,24,0,1.0,1,0,0,20,snapshot_20150919T025947Z
839704,4,4,0,1.0,1,0,0,2,snapshot_20150919T025947Z
839761,3,3,0,1.0,1,0,0,1,snapshot_20150919T025947Z
839832,2,2,0,1.0,1,0,0,1,snapshot_20150919T025947Z
839860,6,5,1,0.8333333333333334,1,0,0,4,snapshot_20150919T025947Z
840029,5,4,1,0.8,1,0,0,3,snapshot_20150919T025947Z
840031,3,3,0,1.0,1,1,0,0,snapshot_20150919T025947Z
840076,5,5,0,1.0,1,0,0,3,snapshot_20150919T025947Z
840234,5,5,0,1.0,1,0,0,4,snapshot_20150919T025947Z
840427,8,8,0,1.0,1,0,0,5,snapshot_20150919T025947Z
840638,3,3,0,1.0,1,0,0,1,snapshot_20150919T025947Z
840742,1,1,0,1.0,1,1,0,0,snapshot_20150919T025947Z
840783,9,9,0,1.0,1,0,0,7,snapshot_20150919T025947Z
840793,6,6,0,1.0,1,0,0,4,snapshot_20150919T025947Z
840868,5,5,0,1.0,1,0,0,3,snapshot_20150919T025947Z
841511,10,10,0,1.0,1,0,0,8,snapshot_20150919T025947Z
841560,3,3,0,1.0,1,0,0,1,snapshot_20150919T025947Z
841657,11,11,0,1.0,1,0,0,9,snapshot_20150919T025947Z
841767,4,4,0,1.0,1,0,0,2,snapshot_20150919T025947Z
841939,293,241,52,0.8225255972696246,1,0,0,211,snapshot_20150919T025947Z
842249,8,8,0,1.0,1,0,0,6,snapshot_20150919T025947Z
842264,4,4,0,1.0,1,0,0,2,snapshot_20150919T025947Z
842297,4,4,0,1.0,1,0,0,2,snapshot_20150919T025947Z
842357,4,0,4,0.0,0,0,1,2,snapshot_20150919T025947Z
842413,3,3,0,1.0,1,0,0,1,snapshot_20150919T025947Z
842547,12,12,0,1.0,1,0,0,10,snapshot_20150919T025947Z
842640,2,0,2,0.0,0,0,1,1,snapshot_20150919T025947Z
842713,2,2,0,1.0,1,1,0,0,snapshot_20150919T025947Z
842906,3,3,0,1.0,1,0,0,1,snapshot_20150919T025947Z
843246,3,3,0,1.0,1,0,0,1,snapshot_20150919T025947Z
843284,30,30,0,1.0,1,0,0,20,snapshot_20150919T025947Z
843382,2,2,0,1.0,1,0,0,1,snapshot_20150919T025947Z
843438,12,11,1,0.9166666666666666,1,0,0,3,snapshot_20150919T025947Z
843535,3,3,0,1.0,1,0,0,1,snapshot_20150919T025947Z
843754,4,0,4,0.0,0,0,1,2,snapshot_20150919T025947Z
843805,4,4,0,1.0,1,0,0,1,snapshot_20150919T025947Z
843884,4,4,0,1.0,1,0,0,2,snapshot_20150919T025947Z
844369,8,8,0,1.0,1,0,0,6,snapshot_20150919T025947Z
844406,6,6,0,1.0,1,0,0,4,snapshot_20150919T025947Z
844423,3,3,0,1.0,1,0,0,1,snapshot_20150919T025947Z
844650,24,23,1,0.9583333333333334,1,0,0,22,snapshot_20150919T025947Z
844840,5,4,1,0.8,1,0,0,3,snapshot_20150919T025947Z
845364,2,2,0,1.0,1,1,0,0,snapshot_20150919T025947Z
845399,5,5,0,1.0,1,0,0,3,snapshot_20150919T025947Z
845681,4,4,0,1.0,1,0,0,2,snapshot_20150919T025947Z
845701,13,9,4,0.6923076923076923,1,0,0,9,snapshot_20150919T025947Z
845909,5,5,0,1.0,1,0,0,4,snapshot_20150919T025947Z
846135,6,2,4,0.3333333333333333,1,0,0,4,snapshot_20150919T025947Z
846194,4,4,0,1.0,1,0,0,2,snapshot_20150919T025947Z
846256,9,9,0,1.0,1,0,0,7,snapshot_20150919T025947Z
846581,4,4,0,1.0,1,0,0,2,snapshot_20150919T025947Z
846617,17,17,0,1.0,1,0,0,12,snapshot_20150919T025947Z
846650,14,14,0,1.0,1,0,0,11,snapshot_20150919T025947Z
846763,20,18,2,0.9,1,0,0,9,snapshot_20150919T025947Z
846775,7,7,0,1.0,1,0,0,3,snapshot_20150919T025947Z
846908,23,23,0,1.0,1,0,0,16,snapshot_20150919T025947Z
847359,5,5,0,1.0,1,0,0,2,snapshot_20150919T025947Z
848052,4,4,0,1.0,1,0,0,2,snapshot_20150919T025947Z
848086,5,5,0,1.0,1,0,0,3,snapshot_20150919T025947Z
848163,3,3,0,1.0,1,0,0,1,snapshot_20150919T025947Z
848371,6,6,0,1.0,1,0,0,3,snapshot_20150919T025947Z
848427,12,7,5,0.5833333333333334,1,0,0,6,snapshot_20150919T025947Z
848474,9,9,0,1.0,1,0,0,8,snapshot_20150919T025947Z
848739,3,3,0,1.0,1,0,0,1,snapshot_20150919T025947Z
848806,3,0,3,0.0,0,1,1,0,snapshot_20150919T025947Z
849034,3,2,1,0.6666666666666666,1,0,0,2,snapshot_20150919T025947Z
849201,4,4,0,1.0,1,0,0,2,snapshot_20150919T025947Z
849322,17,0,17,0.0,0,0,1,14,snapshot_20150919T025947Z
849756,17,17,0,1.0,1,0,0,15,snapshot_20150919T025947Z
849838,3,1,2,0.3333333333333333,1,0,0,2,snapshot_20150919T025947Z
849872,9,9,0,1.0,1,0,0,4,snapshot_20150919T025947Z
849908,7,7,0,1.0,1,0,0,5,snapshot_20150919T025947Z
849941,10,1,9,0.1,1,0,0,8,snapshot_20150919T025947Z
849992,3,3,0,1.0,1,0,0,1,snapshot_20150919T025947Z
850173,8,2,6,0.25,1,0,0,6,snapshot_20150919T025947Z
850317,5,1,4,0.2,1,0,0,2,snapshot_20150919T025947Z
850320,6,6,0,1.0,1,0,0,4,snapshot_20150919T025947Z
850462,4,4,0,1.0,1,0,0,2,snapshot_20150919T025947Z
850520,8,5,3,0.625,1,0,0,4,snapshot_20150919T025947Z
850561,8,8,0,1.0,1,0,0,5,snapshot_20150919T025947Z
850564,34,34,0,1.0,1,0,0,27,snapshot_20150919T025947Z
850942,4,1,3,0.25,1,0,0,2,snapshot_20150919T025947Z
850983,6,6,0,1.0,1,0,0,4,snapshot_20150919T025947Z
851049,18,17,1,0.9444444444444444,1,0,0,14,snapshot_20150919T025947Z
851095,3,3,0,1.0,1,0,0,1,snapshot_20150919T025947Z
851228,4,4,0,1.0,1,0,0,2,snapshot_20150919T025947Z
851296,10,10,0,1.0,1,0,0,8,snapshot_20150919T025947Z
851416,2,2,0,1.0,1,1,0,0,snapshot_20150919T025947Z
851563,12,7,5,0.5833333333333334,1,0,0,11,snapshot_20150919T025947Z
851653,3,3,0,1.0,1,0,0,1,snapshot_20150919T025947Z
851858,10,10,0,1.0,1,0,0,7,snapshot_20150919T025947Z
851970,5,5,0,1.0,1,0,0,3,snapshot_20150919T025947Z
851973,9,9,0,1.0,1,0,0,6,snapshot_20150919T025947Z
852055,28,24,4,0.8571428571428571,1,0,0,24,snapshot_20150919T025947Z
852118,2,2,0,1.0,1,1,0,0,snapshot_20150919T025947Z
852251,8,8,0,1.0,1,0,0,3,snapshot_20150919T025947Z
852252,51,51,0,1.0,1,0,0,49,snapshot_20150919T025947Z
852288,2,2,0,1.0,1,1,0,0,snapshot_20150919T025947Z
852548,2,0,2,0.0,0,0,1,1,snapshot_20150919T025947Z
852757,6,6,0,1.0,1,0,0,2,snapshot_20150919T025947Z
852875,5,5,0,1.0,1,0,0,3,snapshot_20150919T025947Z
853218,15,13,2,0.8666666666666667,1,0,0,13,snapshot_20150919T025947Z
853312,6,3,3,0.5,1,0,0,4,snapshot_20150919T025947Z
853545,14,14,0,1.0,1,0,0,11,snapshot_20150919T025947Z
853627,10,1,9,0.1,1,0,0,7,snapshot_20150919T025947Z
853747,11,11,0,1.0,1,0,0,7,snapshot_20150919T025947Z
853851,6,6,0,1.0,1,0,0,5,snapshot_20150919T025947Z
853860,2,0,2,0.0,0,1,1,0,snapshot_20150919T025947Z
853874,3,0,3,0.0,0,0,1,1,snapshot_20150919T025947Z
854134,10,10,0,1.0,1,0,0,3,snapshot_20150919T025947Z
854227,5,5,0,1.0,1,0,0,3,snapshot_20150919T025947Z
854310,8,1,7,0.125,1,0,0,5,snapshot_20150919T025947Z
854415,15,15,0,1.0,1,0,0,11,snapshot_20150919T025947Z
854516,6,6,0,1.0,1,0,0,4,snapshot_20150919T025947Z
854517,4,4,0,1.0,1,0,0,2,snapshot_20150919T025947Z
854570,5,0,5,0.0,0,0,1,4,snapshot_20150919T025947Z
854740,6,6,0,1.0,1,0,0,4,snapshot_20150919T025947Z
854797,16,16,0,1.0,1,0,0,12,snapshot_20150919T025947Z
854854,6,5,1,0.8333333333333334,1,0,0,4,snapshot_20150919T025947Z
854858,8,8,0,1.0,1,0,0,5,snapshot_20150919T025947Z
854863,5,5,0,1.0,1,0,0,3,snapshot_20150919T025947Z
854879,9,9,0,1.0,1,0,0,7,snapshot_20150919T025947Z
855092,3,0,3,0.0,0,0,1,1,snapshot_20150919T025947Z
855251,8,0,8,0.0,0,0,1,6,snapshot_20150919T025947Z
855383,6,6,0,1.0,1,0,0,2,snapshot_20150919T025947Z
855614,49,43,6,0.8775510204081632,1,0,0,46,snapshot_20150919T025947Z
855713,23,23,0,1.0,1,0,0,17,snapshot_20150919T025947Z
855728,182,0,182,0.0,0,0,1,172,snapshot_20150919T025947Z
855941,3,3,0,1.0,1,0,0,1,snapshot_20150919T025947Z
856226,9,0,9,0.0,0,0,1,3,snapshot_20150919T025947Z
856304,16,16,0,1.0,1,0,0,6,snapshot_20150919T025947Z
856489,2,2,0,1.0,1,1,0,0,snapshot_20150919T025947Z
856584,7,7,0,1.0,1,0,0,1,snapshot_20150919T025947Z
856600,5,5,0,1.0,1,0,0,3,snapshot_20150919T025947Z
856639,3,3,0,1.0,1,0,0,1,snapshot_20150919T025947Z
856753,11,2,9,0.18181818181818182,1,0,0,9,snapshot_20150919T025947Z
856766,14,14,0,1.0,1,0,0,12,snapshot_20150919T025947Z
856826,9,9,0,1.0,1,0,0,7,snapshot_20150919T025947Z
856897,8,0,8,0.0,0,0,1,5,snapshot_20150919T025947Z
856909,75,55,20,0.7333333333333333,1,0,0,72,snapshot_20150919T025947Z
856949,3,3,0,1.0,1,0,0,1,snapshot_20150919T025947Z
857013,38,37,1,0.9736842105263158,1,0,0,34,snapshot_20150919T025947Z
857125,3,3,0,1.0,1,0,0,1,snapshot_20150919T025947Z
857188,10,10,0,1.0,1,0,0,7,snapshot_20150919T025947Z
857417,30,30,0,1.0,1,0,0,28,snapshot_20150919T025947Z
857465,9,2,7,0.2222222222222222,1,0,0,5,snapshot_20150919T025947Z
857716,4,4,0,1.0,1,0,0,1,snapshot_20150919T025947Z
858052,20,20,0,1.0,1,0,0,19,snapshot_20150919T025947Z
858127,16,16,0,1.0,1,0,0,14,snapshot_20150919T025947Z
858299,5,5,0,1.0,1,0,0,3,snapshot_20150919T025947Z
858324,13,10,3,0.7692307692307693,1,0,0,9,snapshot_20150919T025947Z
858411,8,0,8,0.0,0,0,1,3,snapshot_20150919T025947Z
858445,16,16,0,1.0,1,0,0,13,snapshot_20150919T025947Z
858493,3,0,3,0.0,0,0,1,1,snapshot_20150919T025947Z
858524,10,4,6,0.4,1,0,0,9,snapshot_20150919T025947Z
858750,2,2,0,1.0,1,1,0,0,snapshot_20150919T025947Z
858934,17,10,7,0.5882352941176471,1,0,0,15,snapshot_20150919T025947Z
858951,12,12,0,1.0,1,0,0,10,snapshot_20150919T025947Z
858966,19,17,2,0.8947368421052632,1,0,0,17,snapshot_20150919T025947Z
859012,3,3,0,1.0,1,0,0,2,snapshot_20150919T025947Z
859080,5,5,0,1.0,1,0,0,3,snapshot_20150919T025947Z
859454,15,14,1,0.9333333333333333,1,0,0,9,snapshot_20150919T025947Z
859462,4,4,0,1.0,1,0,0,2,snapshot_20150919T025947Z
859654,5,5,0,1.0,1,0,0,3,snapshot_20150919T025947Z
859783,10,0,10,0.0,0,0,1,7,snapshot_20150919T025947Z
859964,7,7,0,1.0,1,0,0,3,snapshot_20150919T025947Z
860026,14,14,0,1.0,1,0,0,12,snapshot_20150919T025947Z
860075,37,37,0,1.0,1,0,0,26,snapshot_20150919T025947Z
860099,3,3,0,1.0,1,0,0,1,snapshot_20150919T025947Z
860228,8,8,0,1.0,1,0,0,6,snapshot_20150919T025947Z
860295,3,3,0,1.0,1,0,0,1,snapshot_20150919T025947Z
860652,7,2,5,0.2857142857142857,1,0,0,5,snapshot_20150919T025947Z
860950,6,6,0,1.0,1,0,0,5,snapshot_20150919T025947Z
861157,15,15,0,1.0,1,0,0,13,snapshot_20150919T025947Z
861158,8,8,0,1.0,1,0,0,6,snapshot_20150919T025947Z
861173,4,4,0,1.0,1,0,0,1,snapshot_20150919T025947Z
861299,1991,1836,155,0.922149673530889,1,0,0,1573,snapshot_20150919T025947Z
861301,23,23,0,1.0,1,0,0,21,snapshot_20150919T025947Z
861356,6,6,0,1.0,1,0,0,4,snapshot_20150919T025947Z
861630,72,72,0,1.0,1,0,0,60,snapshot_20150919T025947Z
861638,72,61,11,0.8472222222222222,1,0,0,70,snapshot_20150919T025947Z
861651,7,7,0,1.0,1,0,0,3,snapshot_20150919T025947Z
861923,5,4,1,0.8,1,0,0,3,snapshot_20150919T025947Z
861940,7,0,7,0.0,0,0,1,3,snapshot_20150919T025947Z
862280,5,5,0,1.0,1,0,0,3,snapshot_20150919T025947Z
862551,7,7,0,1.0,1,0,0,5,snapshot_20150919T025947Z
862608,21,21,0,1.0,1,0,0,16,snapshot_20150919T025947Z
862751,6,6,0,1.0,1,0,0,4,snapshot_20150919T025947Z
862797,8,8,0,1.0,1,0,0,7,snapshot_20150919T025947Z
862823,6,0,6,0.0,0,0,1,3,snapshot_20150919T025947Z
863141,8,8,0,1.0,1,0,0,6,snapshot_20150919T025947Z
863181,9,9,0,1.0,1,0,0,7,snapshot_20150919T025947Z
863183,5,3,2,0.6,1,0,0,2,snapshot_20150919T025947Z
863203,14,14,0,1.0,1,0,0,11,snapshot_20150919T025947Z
863219,603,566,37,0.9386401326699834,1,0,0,542,snapshot_20150919T025947Z
863250,4,1,3,0.25,1,0,0,2,snapshot_20150919T025947Z
863260,11,11,0,1.0,1,0,0,9,snapshot_20150919T025947Z
863345,3,3,0,1.0,1,0,0,1,snapshot_20150919T025947Z
863452,16,16,0,1.0,1,0,0,11,snapshot_20150919T025947Z
863549,7,7,0,1.0,1,0,0,1,snapshot_20150919T025947Z
863634,19,19,0,1.0,1,0,0,11,snapshot_20150919T025947Z
863830,17,17,0,1.0,1,0,0,12,snapshot_20150919T025947Z
864077,4,4,0,1.0,1,0,0,2,snapshot_20150919T025947Z
864512,6,6,0,1.0,1,0,0,4,snapshot_20150919T025947Z
864513,5,0,5,0.0,0,0,1,1,snapshot_20150919T025947Z
864621,4,4,0,1.0,1,0,0,2,snapshot_20150919T025947Z
864632,2,2,0,1.0,1,1,0,0,snapshot_20150919T025947Z
864696,3,3,0,1.0,1,0,0,1,snapshot_20150919T025947Z
864738,27,5,22,0.18518518518518517,1,0,0,23,snapshot_20150919T025947Z
864847,3,3,0,1.0,1,0,0,1,snapshot_20150919T025947Z
864848,3,3,0,1.0,1,0,0,2,snapshot_20150919T025947Z
865129,5,3,2,0.6,1,0,0,3,snapshot_20150919T025947Z
865268,18,14,4,0.7777777777777778,1,0,0,16,snapshot_20150919T025947Z
865376,12,12,0,1.0,1,0,0,9,snapshot_20150919T025947Z
865620,3,3,0,1.0,1,0,0,1,snapshot_20150919T025947Z
865638,3,3,0,1.0,1,0,0,1,snapshot_20150919T025947Z
865646,7,7,0,1.0,1,0,0,6,snapshot_20150919T025947Z
865905,2,2,0,1.0,1,1,0,0,snapshot_20150919T025947Z
865938,3,3,0,1.0,1,0,0,1,snapshot_20150919T025947Z
865943,3,0,3,0.0,0,0,1,1,snapshot_20150919T025947Z
866176,4,4,0,1.0,1,0,0,2,snapshot_20150919T025947Z
866191,38,35,3,0.9210526315789473,1,0,0,28,snapshot_20150919T025947Z
866242,11,11,0,1.0,1,0,0,5,snapshot_20150919T025947Z
866327,5,5,0,1.0,1,0,0,3,snapshot_20150919T025947Z
866540,9,6,3,0.6666666666666666,1,0,0,7,snapshot_20150919T025947Z
866629,4,4,0,1.0,1,0,0,2,snapshot_20150919T025947Z
866887,4,4,0,1.0,1,0,0,2,snapshot_20150919T025947Z
866924,4,3,1,0.75,1,0,0,2,snapshot_20150919T025947Z
867161,4,0,4,0.0,0,0,1,2,snapshot_20150919T025947Z
867219,5,5,0,1.0,1,0,0,3,snapshot_20150919T025947Z
867277,2,2,0,1.0,1,1,0,0,snapshot_20150919T025947Z
867302,4,4,0,1.0,1,0,0,1,snapshot_20150919T025947Z
867355,5,5,0,1.0,1,1,0,0,snapshot_20150919T025947Z
867365,4,1,3,0.25,1,0,0,3,snapshot_20150919T025947Z
867441,32,32,0,1.0,1,0,0,17,snapshot_20150919T025947Z
867490,21,0,21,0.0,0,0,1,19,snapshot_20150919T025947Z
867658,4,4,0,1.0,1,0,0,2,snapshot_20150919T025947Z
867768,7,7,0,1.0,1,0,0,3,snapshot_20150919T025947Z
867926,2,2,0,1.0,1,1,0,0,snapshot_20150919T025947Z
868057,108,59,49,0.5462962962962963,1,0,0,94,snapshot_20150919T025947Z
868302,28,28,0,1.0,1,0,0,26,snapshot_20150919T025947Z
868429,11,4,7,0.36363636363636365,1,0,0,9,snapshot_20150919T025947Z
868475,4,4,0,1.0,1,0,0,2,snapshot_20150919T025947Z
868499,4,4,0,1.0,1,0,0,2,snapshot_20150919T025947Z
868505,9,6,3,0.6666666666666666,1,0,0,5,snapshot_20150919T025947Z
868541,94,0,94,0.0,0,0,1,78,snapshot_20150919T025947Z
868795,2,2,0,1.0,1,1,0,0,snapshot_20150919T025947Z
868964,10,4,6,0.4,1,0,0,7,snapshot_20150919T025947Z
868985,2,2,0,1.0,1,1,0,0,snapshot_20150919T025947Z
869008,3,0,3,0.0,0,0,1,1,snapshot_20150919T025947Z
869081,9,8,1,0.8888888888888888,1,0,0,8,snapshot_20150919T025947Z
869101,12,12,0,1.0,1,0,0,10,snapshot_20150919T025947Z
869123,10,6,4,0.6,1,0,0,6,snapshot_20150919T025947Z
869170,4,4,0,1.0,1,0,0,2,snapshot_20150919T025947Z
869183,27,25,2,0.9259259259259259,1,0,0,25,snapshot_20150919T025947Z
869275,3,3,0,1.0,1,0,0,1,snapshot_20150919T025947Z
869432,6,6,0,1.0,1,0,0,2,snapshot_20150919T025947Z
869542,5,4,1,0.8,1,0,0,3,snapshot_20150919T025947Z
869544,8,6,2,0.75,1,0,0,6,snapshot_20150919T025947Z
869576,3,3,0,1.0,1,0,0,1,snapshot_20150919T025947Z
869663,6,2,4,0.3333333333333333,1,0,0,4,snapshot_20150919T025947Z
869899,10,10,0,1.0,1,0,0,8,snapshot_20150919T025947Z
870052,26,12,14,0.46153846153846156,1,0,0,23,snapshot_20150919T025947Z
870114,6,5,1,0.8333333333333334,1,0,0,4,snapshot_20150919T025947Z
870243,17,17,0,1.0,1,0,0,15,snapshot_20150919T025947Z
870323,38,16,22,0.42105263157894735,1,0,0,33,snapshot_20150919T025947Z
870390,3,3,0,1.0,1,0,0,1,snapshot_20150919T025947Z
870683,4,4,0,1.0,1,0,0,2,snapshot_20150919T025947Z
870834,4,4,0,1.0,1,0,0,1,snapshot_20150919T025947Z
870843,23,23,0,1.0,1,0,0,20,snapshot_20150919T025947Z
871147,7,7,0,1.0,1,0,0,5,snapshot_20150919T025947Z
871178,4,4,0,1.0,1,0,0,2,snapshot_20150919T025947Z
871243,8,4,4,0.5,1,0,0,7,snapshot_20150919T025947Z
871303,7,7,0,1.0,1,0,0,3,snapshot_20150919T025947Z
871359,10,10,0,1.0,1,0,0,8,snapshot_20150919T025947Z
871413,15,15,0,1.0,1,0,0,11,snapshot_20150919T025947Z
871414,11,6,5,0.5454545454545454,1,0,0,9,snapshot_20150919T025947Z
871424,6,6,0,1.0,1,0,0,4,snapshot_20150919T025947Z
871476,4,4,0,1.0,1,0,0,2,snapshot_20150919T025947Z
871854,3,0,3,0.0,0,0,1,2,snapshot_20150919T025947Z
871971,6,6,0,1.0,1,0,0,4,snapshot_20150919T025947Z
872005,5,2,3,0.4,1,0,0,4,snapshot_20150919T025947Z
872183,3,0,3,0.0,0,0,1,1,snapshot_20150919T025947Z
872187,6,6,0,1.0,1,0,0,5,snapshot_20150919T025947Z
872338,34,30,4,0.8823529411764706,1,0,0,20,snapshot_20150919T025947Z
872457,4,4,0,1.0,1,0,0,3,snapshot_20150919T025947Z
872574,3,3,0,1.0,1,0,0,1,snapshot_20150919T025947Z
872690,8,7,1,0.875,1,0,0,6,snapshot_20150919T025947Z
872963,8,8,0,1.0,1,0,0,3,snapshot_20150919T025947Z
873157,9,9,0,1.0,1,0,0,5,snapshot_20150919T025947Z
873285,19,19,0,1.0,1,0,0,17,snapshot_20150919T025947Z
873287,16,16,0,1.0,1,0,0,14,snapshot_20150919T025947Z
873353,19,19,0,1.0,1,0,0,13,snapshot_20150919T025947Z
873361,10,9,1,0.9,1,0,0,8,snapshot_20150919T025947Z
873401,4,4,0,1.0,1,0,0,2,snapshot_20150919T025947Z
873435,8,8,0,1.0,1,0,0,6,snapshot_20150919T025947Z
873597,52,17,35,0.3269230769230769,1,0,0,50,snapshot_20150919T025947Z
873605,2,0,2,0.0,0,1,1,0,snapshot_20150919T025947Z
874288,7,6,1,0.8571428571428571,1,0,0,5,snapshot_20150919T025947Z
874524,23,20,3,0.8695652173913043,1,0,0,17,snapshot_20150919T025947Z
874668,1,1,0,1.0,1,1,0,0,snapshot_20150919T025947Z
874723,7,7,0,1.0,1,0,0,5,snapshot_20150919T025947Z
875146,6,6,0,1.0,1,0,0,1,snapshot_20150919T025947Z
875263,23,15,8,0.6521739130434783,1,0,0,20,snapshot_20150919T025947Z
875441,6,6,0,1.0,1,0,0,4,snapshot_20150919T025947Z
875496,4,4,0,1.0,1,0,0,2,snapshot_20150919T025947Z
875538,3,3,0,1.0,1,0,0,1,snapshot_20150919T025947Z
875557,7,7,0,1.0,1,0,0,5,snapshot_20150919T025947Z
875801,2,2,0,1.0,1,1,0,0,snapshot_20150919T025947Z
875891,3,0,3,0.0,0,0,1,1,snapshot_20150919T025947Z
875921,26,18,8,0.6923076923076923,1,0,0,18,snapshot_20150919T025947Z
875980,8,8,0,1.0,1,0,0,6,snapshot_20150919T025947Z
876029,3,3,0,1.0,1,0,0,1,snapshot_20150919T025947Z
876241,3,3,0,1.0,1,0,0,1,snapshot_20150919T025947Z
876254,5,5,0,1.0,1,0,0,3,snapshot_20150919T025947Z
876319,6,5,1,0.8333333333333334,1,0,0,4,snapshot_20150919T025947Z
876323,11,2,9,0.18181818181818182,1,0,0,8,snapshot_20150919T025947Z
876481,3,3,0,1.0,1,0,0,1,snapshot_20150919T025947Z
876581,3,3,0,1.0,1,0,0,1,snapshot_20150919T025947Z
876612,4,4,0,1.0,1,0,0,2,snapshot_20150919T025947Z
876719,12,12,0,1.0,1,0,0,11,snapshot_20150919T025947Z
877058,17,16,1,0.9411764705882353,1,0,0,13,snapshot_20150919T025947Z
877108,10,10,0,1.0,1,0,0,8,snapshot_20150919T025947Z
877212,4,0,4,0.0,0,0,1,2,snapshot_20150919T025947Z
877289,13,13,0,1.0,1,0,0,11,snapshot_20150919T025947Z
877309,6,6,0,1.0,1,0,0,4,snapshot_20150919T025947Z
877421,6,6,0,1.0,1,0,0,4,snapshot_20150919T025947Z
877486,20,20,0,1.0,1,0,0,12,snapshot_20150919T025947Z
877963,11,11,0,1.0,1,0,0,9,snapshot_20150919T025947Z
878229,3,3,0,1.0,1,0,0,1,snapshot_20150919T025947Z
878466,8,8,0,1.0,1,0,0,4,snapshot_20150919T025947Z
878690,9,1,8,0.1111111111111111,1,0,0,6,snapshot_20150919T025947Z
878699,4,4,0,1.0,1,0,0,2,snapshot_20150919T025947Z
879019,7,3,4,0.42857142857142855,1,0,0,3,snapshot_20150919T025947Z
879063,10,4,6,0.4,1,0,0,8,snapshot_20150919T025947Z
879169,7,0,7,0.0,0,0,1,5,snapshot_20150919T025947Z
879173,9,9,0,1.0,1,0,0,6,snapshot_20150919T025947Z
879320,1,1,0,1.0,1,1,0,0,snapshot_20150919T025947Z
879518,5,5,0,1.0,1,0,0,3,snapshot_20150919T025947Z
879685,11,10,1,0.9090909090909091,1,0,0,7,snapshot_20150919T025947Z
879818,21,21,0,1.0,1,0,0,15,snapshot_20150919T025947Z
879907,4,4,0,1.0,1,0,0,1,snapshot_20150919T025947Z
880099,3,3,0,1.0,1,0,0,1,snapshot_20150919T025947Z
880333,8,8,0,1.0,1,0,0,6,snapshot_20150919T025947Z
880377,4,4,0,1.0,1,0,0,2,snapshot_20150919T025947Z
880465,17,17,0,1.0,1,0,0,11,snapshot_20150919T025947Z
880513,4,4,0,1.0,1,0,0,2,snapshot_20150919T025947Z
880629,10,10,0,1.0,1,0,0,8,snapshot_20150919T025947Z
880840,7,7,0,1.0,1,0,0,5,snapshot_20150919T025947Z
880959,12,10,2,0.8333333333333334,1,0,0,11,snapshot_20150919T025947Z
881061,68,66,2,0.9705882352941176,1,0,0,56,snapshot_20150919T025947Z
881365,11,11,0,1.0,1,0,0,9,snapshot_20150919T025947Z
881599,15,1,14,0.06666666666666667,1,0,0,13,snapshot_20150919T025947Z
881608,7,6,1,0.8571428571428571,1,0,0,5,snapshot_20150919T025947Z
881734,5,5,0,1.0,1,0,0,3,snapshot_20150919T025947Z
881932,6,0,6,0.0,0,0,1,2,snapshot_20150919T025947Z
881948,11,11,0,1.0,1,0,0,9,snapshot_20150919T025947Z
881999,12,12,0,1.0,1,0,0,8,snapshot_20150919T025947Z
882108,10,10,0,1.0,1,0,0,5,snapshot_20150919T025947Z
882313,19,1,18,0.05263157894736842,1,0,0,15,snapshot_20150919T025947Z
882367,6,6,0,1.0,1,0,0,5,snapshot_20150919T025947Z
882469,8,8,0,1.0,1,0,0,6,snapshot_20150919T025947Z
883069,8,8,0,1.0,1,0,0,4,snapshot_20150919T025947Z
883093,21,21,0,1.0,1,0,0,15,snapshot_20150919T025947Z
883121,7,7,0,1.0,1,0,0,5,snapshot_20150919T025947Z
883355,12,12,0,1.0,1,0,0,11,snapshot_20150919T025947Z
883404,3,3,0,1.0,1,0,0,1,snapshot_20150919T025947Z
883655,2,2,0,1.0,1,1,0,0,snapshot_20150919T025947Z
883693,3,3,0,1.0,1,0,0,1,snapshot_20150919T025947Z
883745,55,53,2,0.9636363636363636,1,0,0,41,snapshot_20150919T025947Z
883817,3,3,0,1.0,1,0,0,1,snapshot_20150919T025947Z
883927,12,11,1,0.9166666666666666,1,0,0,10,snapshot_20150919T025947Z
884078,5,5,0,1.0,1,0,0,3,snapshot_20150919T025947Z
884409,3,0,3,0.0,0,0,1,1,snapshot_20150919T025947Z
884495,2,2,0,1.0,1,0,0,1,snapshot_20150919T025947Z
884534,3,3,0,1.0,1,0,0,1,snapshot_20150919T025947Z
884674,7,7,0,1.0,1,0,0,5,snapshot_20150919T025947Z
884923,13,13,0,1.0,1,0,0,11,snapshot_20150919T025947Z
884927,4,0,4,0.0,0,0,1,2,snapshot_20150919T025947Z
884928,6,3,3,0.5,1,0,0,2,snapshot_20150919T025947Z
885199,8,8,0,1.0,1,0,0,6,snapshot_20150919T025947Z
885223,45,11,34,0.24444444444444444,1,0,0,39,snapshot_20150919T025947Z
885324,4,3,1,0.75,1,0,0,2,snapshot_20150919T025947Z
885513,5,0,5,0.0,0,0,1,3,snapshot_20150919T025947Z
885852,3,0,3,0.0,0,0,1,1,snapshot_20150919T025947Z
885864,4,4,0,1.0,1,0,0,2,snapshot_20150919T025947Z
885899,4,0,4,0.0,0,0,1,2,snapshot_20150919T025947Z
885909,5,5,0,1.0,1,0,0,3,snapshot_20150919T025947Z
886025,3,3,0,1.0,1,0,0,1,snapshot_20150919T025947Z
886110,35,18,17,0.5142857142857142,1,0,0,31,snapshot_20150919T025947Z
886166,18,18,0,1.0,1,0,0,12,snapshot_20150919T025947Z
886178,2,2,0,1.0,1,0,0,1,snapshot_20150919T025947Z
886313,38,4,34,0.10526315789473684,1,0,0,35,snapshot_20150919T025947Z
886390,4,4,0,1.0,1,0,0,3,snapshot_20150919T025947Z
886402,6,5,1,0.8333333333333334,1,0,0,4,snapshot_20150919T025947Z
886494,44,44,0,1.0,1,0,0,35,snapshot_20150919T025947Z
886766,7,1,6,0.14285714285714285,1,0,0,5,snapshot_20150919T025947Z
886905,16,16,0,1.0,1,0,0,11,snapshot_20150919T025947Z
887007,3,3,0,1.0,1,0,0,1,snapshot_20150919T025947Z
887168,7,7,0,1.0,1,0,0,5,snapshot_20150919T025947Z
887269,11,10,1,0.9090909090909091,1,0,0,9,snapshot_20150919T025947Z
887451,8,8,0,1.0,1,0,0,6,snapshot_20150919T025947Z
887459,2,2,0,1.0,1,0,0,1,snapshot_20150919T025947Z
887488,24,18,6,0.75,1,0,0,14,snapshot_20150919T025947Z
887520,3,3,0,1.0,1,0,0,1,snapshot_20150919T025947Z
887615,3,3,0,1.0,1,0,0,1,snapshot_20150919T025947Z
888165,7,6,1,0.8571428571428571,1,0,0,5,snapshot_20150919T025947Z
888200,62,62,0,1.0,1,0,0,58,snapshot_20150919T025947Z
888465,16,16,0,1.0,1,0,0,14,snapshot_20150919T025947Z
888469,12,11,1,0.9166666666666666,1,0,0,8,snapshot_20150919T025947Z
888537,23,23,0,1.0,1,0,0,13,snapshot_20150919T025947Z
888593,5,5,0,1.0,1,0,0,3,snapshot_20150919T025947Z
888717,3,3,0,1.0,1,0,0,2,snapshot_20150919T025947Z
888739,3,3,0,1.0,1,0,0,2,snapshot_20150919T025947Z
888741,20,18,2,0.9,1,0,0,14,snapshot_20150919T025947Z
888829,4,4,0,1.0,1,0,0,2,snapshot_20150919T025947Z
888834,5,5,0,1.0,1,0,0,2,snapshot_20150919T025947Z
888860,7,7,0,1.0,1,0,0,5,snapshot_20150919T025947Z
888881,18,15,3,0.8333333333333334,1,0,0,11,snapshot_20150919T025947Z
889244,20,20,0,1.0,1,0,0,18,snapshot_20150919T025947Z
889407,4,0,4,0.0,0,0,1,2,snapshot_20150919T025947Z
889526,3,3,0,1.0,1,0,0,1,snapshot_20150919T025947Z
889692,4,4,0,1.0,1,0,0,3,snapshot_20150919T025947Z
889801,5,5,0,1.0,1,0,0,3,snapshot_20150919T025947Z
889802,8,8,0,1.0,1,0,0,6,snapshot_20150919T025947Z
889964,4,4,0,1.0,1,0,0,2,snapshot_20150919T025947Z
889997,9,5,4,0.5555555555555556,1,0,0,7,snapshot_20150919T025947Z
890047,12,1,11,0.08333333333333333,1,0,0,7,snapshot_20150919T025947Z
890105,38,27,11,0.7105263157894737,1,0,0,30,snapshot_20150919T025947Z
890290,9,9,0,1.0,1,0,0,7,snapshot_20150919T025947Z
890458,11,11,0,1.0,1,0,0,7,snapshot_20150919T025947Z
890611,3,3,0,1.0,1,0,0,1,snapshot_20150919T025947Z
890915,6,0,6,0.0,0,0,1,4,snapshot_20150919T025947Z
890980,1017,934,83,0.9183874139626352,1,0,0,662,snapshot_20150919T025947Z
891134,4,4,0,1.0,1,0,0,2,snapshot_20150919T025947Z
891328,9,9,0,1.0,1,0,0,7,snapshot_20150919T025947Z
891726,10,10,0,1.0,1,0,0,7,snapshot_20150919T025947Z
891847,2,2,0,1.0,1,1,0,0,snapshot_20150919T025947Z
891938,4,4,0,1.0,1,0,0,2,snapshot_20150919T025947Z
891942,3,3,0,1.0,1,0,0,1,snapshot_20150919T025947Z
892018,5,5,0,1.0,1,0,0,3,snapshot_20150919T025947Z
892316,5,5,0,1.0,1,0,0,3,snapshot_20150919T025947Z
892355,423,341,82,0.806146572104019,1,0,0,333,snapshot_20150919T025947Z
892371,4,4,0,1.0,1,0,0,2,snapshot_20150919T025947Z
892394,25,25,0,1.0,1,0,0,21,snapshot_20150919T025947Z
892424,11,10,1,0.9090909090909091,1,0,0,9,snapshot_20150919T025947Z
892464,5,5,0,1.0,1,0,0,4,snapshot_20150919T025947Z
892515,7,7,0,1.0,1,0,0,5,snapshot_20150919T025947Z
892646,11,11,0,1.0,1,0,0,9,snapshot_20150919T025947Z
892697,62,51,11,0.8225806451612904,1,0,0,52,snapshot_20150919T025947Z
892706,8,8,0,1.0,1,0,0,4,snapshot_20150919T025947Z
892771,3,3,0,1.0,1,0,0,1,snapshot_20150919T025947Z
893009,10,10,0,1.0,1,0,0,5,snapshot_20150919T025947Z
893043,3,0,3,0.0,0,0,1,1,snapshot_20150919T025947Z
893113,7,7,0,1.0,1,0,0,5,snapshot_20150919T025947Z
893155,11,9,2,0.8181818181818182,1,0,0,9,snapshot_20150919T025947Z
893232,22,22,0,1.0,1,0,0,20,snapshot_20150919T025947Z
893345,3,3,0,1.0,1,0,0,1,snapshot_20150919T025947Z
893541,18,1,17,0.05555555555555555,1,0,0,14,snapshot_20150919T025947Z
893630,3,3,0,1.0,1,0,0,1,snapshot_20150919T025947Z
893695,37,0,37,0.0,0,0,1,35,snapshot_20150919T025947Z
893784,4,4,0,1.0,1,0,0,2,snapshot_20150919T025947Z
893962,9,2,7,0.2222222222222222,1,0,0,8,snapshot_20150919T025947Z
894034,16,13,3,0.8125,1,0,0,10,snapshot_20150919T025947Z
894065,4,4,0,1.0,1,0,0,2,snapshot_20150919T025947Z
894114,44,44,0,1.0,1,0,0,35,snapshot_20150919T025947Z
894153,64,62,2,0.96875,1,0,0,56,snapshot_20150919T025947Z
894476,6,0,6,0.0,0,0,1,4,snapshot_20150919T025947Z
894696,12,12,0,1.0,1,0,0,8,snapshot_20150919T025947Z
895189,4,4,0,1.0,1,0,0,2,snapshot_20150919T025947Z
895230,10,10,0,1.0,1,0,0,5,snapshot_20150919T025947Z
895547,9,9,0,1.0,1,0,0,3,snapshot_20150919T025947Z
895590,5,5,0,1.0,1,0,0,3,snapshot_20150919T025947Z
895690,18,10,8,0.5555555555555556,1,0,0,16,snapshot_20150919T025947Z
895733,49,31,18,0.6326530612244898,1,0,0,33,snapshot_20150919T025947Z
895744,5,5,0,1.0,1,0,0,2,snapshot_20150919T025947Z
895969,57,57,0,1.0,1,0,0,54,snapshot_20150919T025947Z
895999,2474,2152,322,0.8698464025869038,1,0,0,2368,snapshot_20150919T025947Z
896012,13,13,0,1.0,1,0,0,9,snapshot_20150919T025947Z
896066,424,299,125,0.7051886792452831,1,0,0,401,snapshot_20150919T025947Z
896088,19,19,0,1.0,1,0,0,15,snapshot_20150919T025947Z
896188,12,12,0,1.0,1,0,0,10,snapshot_20150919T025947Z
896273,4,4,0,1.0,1,0,0,2,snapshot_20150919T025947Z
896274,4,4,0,1.0,1,0,0,2,snapshot_20150919T025947Z
896347,152,148,4,0.9736842105263158,1,0,0,117,snapshot_20150919T025947Z
896538,8,7,1,0.875,1,0,0,6,snapshot_20150919T025947Z
896640,6,6,0,1.0,1,0,0,4,snapshot_20150919T025947Z
896750,4,3,1,0.75,1,0,0,2,snapshot_20150919T025947Z
897013,2,2,0,1.0,1,1,0,0,snapshot_20150919T025947Z
897017,8,7,1,0.875,1,0,0,5,snapshot_20150919T025947Z
897109,3,3,0,1.0,1,0,0,1,snapshot_20150919T025947Z
897140,6,6,0,1.0,1,0,0,3,snapshot_20150919T025947Z
897209,6,6,0,1.0,1,0,0,4,snapshot_20150919T025947Z
897308,5,1,4,0.2,1,0,0,3,snapshot_20150919T025947Z
897374,23,22,1,0.9565217391304348,1,0,0,21,snapshot_20150919T025947Z
897411,8,8,0,1.0,1,0,0,6,snapshot_20150919T025947Z
897565,8,8,0,1.0,1,0,0,6,snapshot_20150919T025947Z
897665,8,8,0,1.0,1,0,0,6,snapshot_20150919T025947Z
897873,3,0,3,0.0,0,0,1,1,snapshot_20150919T025947Z
897961,4,4,0,1.0,1,0,0,2,snapshot_20150919T025947Z
897982,2,2,0,1.0,1,0,0,1,snapshot_20150919T025947Z
897984,4,4,0,1.0,1,0,0,2,snapshot_20150919T025947Z
898096,6,6,0,1.0,1,0,0,4,snapshot_20150919T025947Z
898161,5,5,0,1.0,1,0,0,3,snapshot_20150919T025947Z
898506,7,7,0,1.0,1,0,0,6,snapshot_20150919T025947Z
898590,4,4,0,1.0,1,0,0,2,snapshot_20150919T025947Z
898655,5,5,0,1.0,1,0,0,3,snapshot_20150919T025947Z
898902,6,6,0,1.0,1,0,0,4,snapshot_20150919T025947Z
899006,3,3,0,1.0,1,0,0,2,snapshot_20150919T025947Z
899008,5,5,0,1.0,1,0,0,3,snapshot_20150919T025947Z
899357,13,0,13,0.0,0,0,1,9,snapshot_20150919T025947Z
899494,15,14,1,0.9333333333333333,1,0,0,11,snapshot_20150919T025947Z
899781,10,9,1,0.9,1,0,0,7,snapshot_20150919T025947Z
899836,4,4,0,1.0,1,0,0,2,snapshot_20150919T025947Z
899857,528,368,160,0.696969696969697,1,0,0,342,snapshot_20150919T025947Z
899898,3,3,0,1.0,1,0,0,1,snapshot_20150919T025947Z
899963,5,5,0,1.0,1,0,0,2,snapshot_20150919T025947Z
900369,4,4,0,1.0,1,0,0,2,snapshot_20150919T025947Z
900674,8,6,2,0.75,1,0,0,5,snapshot_20150919T025947Z
900715,5,5,0,1.0,1,0,0,3,snapshot_20150919T025947Z
900820,8,8,0,1.0,1,0,0,6,snapshot_20150919T025947Z
900966,11,11,0,1.0,1,0,0,9,snapshot_20150919T025947Z
901007,6,1,5,0.16666666666666666,1,0,0,4,snapshot_20150919T025947Z
901221,3,0,3,0.0,0,0,1,1,snapshot_20150919T025947Z
901283,22,14,8,0.6363636363636364,1,0,0,20,snapshot_20150919T025947Z
901422,27,26,1,0.9629629629629629,1,0,0,23,snapshot_20150919T025947Z
901467,42,34,8,0.8095238095238095,1,0,0,40,snapshot_20150919T025947Z
901801,4,4,0,1.0,1,0,0,2,snapshot_20150919T025947Z
901880,2,2,0,1.0,1,1,0,0,snapshot_20150919T025947Z
901953,31,31,0,1.0,1,0,0,25,snapshot_20150919T025947Z
901963,1,1,0,1.0,1,1,0,0,snapshot_20150919T025947Z
902186,24,24,0,1.0,1,0,0,18,snapshot_20150919T025947Z
902220,2,0,2,0.0,0,0,1,1,snapshot_20150919T025947Z
902243,13,4,9,0.3076923076923077,1,0,0,11,snapshot_20150919T025947Z
902303,4,4,0,1.0,1,0,0,2,snapshot_20150919T025947Z
902561,4,4,0,1.0,1,0,0,2,snapshot_20150919T025947Z
902662,20,20,0,1.0,1,0,0,17,snapshot_20150919T025947Z
902701,6,6,0,1.0,1,0,0,2,snapshot_20150919T025947Z
902711,4,4,0,1.0,1,0,0,2,snapshot_20150919T025947Z
902756,29,27,2,0.9310344827586207,1,0,0,23,snapshot_20150919T025947Z
902881,7,7,0,1.0,1,0,0,5,snapshot_20150919T025947Z
902934,2,0,2,0.0,0,0,1,1,snapshot_20150919T025947Z
903316,6,6,0,1.0,1,0,0,4,snapshot_20150919T025947Z
903507,11,11,0,1.0,1,0,0,3,snapshot_20150919T025947Z
903515,8,8,0,1.0,1,0,0,6,snapshot_20150919T025947Z
903580,4,4,0,1.0,1,0,0,2,snapshot_20150919T025947Z
903829,4,4,0,1.0,1,0,0,3,snapshot_20150919T025947Z
903847,19,15,4,0.7894736842105263,1,0,0,13,snapshot_20150919T025947Z
903935,3,3,0,1.0,1,0,0,2,snapshot_20150919T025947Z
904015,4,4,0,1.0,1,0,0,2,snapshot_20150919T025947Z
904135,11,11,0,1.0,1,0,0,6,snapshot_20150919T025947Z
904167,3,3,0,1.0,1,0,0,1,snapshot_20150919T025947Z
904185,4,4,0,1.0,1,0,0,2,snapshot_20150919T025947Z
904265,9,9,0,1.0,1,0,0,7,snapshot_20150919T025947Z
904294,6,6,0,1.0,1,0,0,4,snapshot_20150919T025947Z
904351,254,183,71,0.7204724409448819,1,0,0,195,snapshot_20150919T025947Z
904418,11,11,0,1.0,1,0,0,7,snapshot_20150919T025947Z
904485,3,2,1,0.6666666666666666,1,0,0,2,snapshot_20150919T025947Z
904488,3,3,0,1.0,1,0,0,1,snapshot_20150919T025947Z
904709,10,10,0,1.0,1,0,0,8,snapshot_20150919T025947Z
904736,14,14,0,1.0,1,0,0,9,snapshot_20150919T025947Z
904879,15,15,0,1.0,1,0,0,13,snapshot_20150919T025947Z
904880,10,10,0,1.0,1,0,0,8,snapshot_20150919T025947Z
904885,3,3,0,1.0,1,0,0,1,snapshot_20150919T025947Z
904909,9,9,0,1.0,1,0,0,6,snapshot_20150919T025947Z
905132,8,8,0,1.0,1,0,0,5,snapshot_20150919T025947Z
905237,3,3,0,1.0,1,0,0,1,snapshot_20150919T025947Z
905280,5,5,0,1.0,1,0,0,3,snapshot_20150919T025947Z
905308,8,8,0,1.0,1,0,0,6,snapshot_20150919T025947Z
905375,4,4,0,1.0,1,0,0,2,snapshot_20150919T025947Z
905476,9,9,0,1.0,1,0,0,5,snapshot_20150919T025947Z
905500,4,4,0,1.0,1,1,0,0,snapshot_20150919T025947Z
905698,4,4,0,1.0,1,0,0,2,snapshot_20150919T025947Z
905751,10,10,0,1.0,1,0,0,8,snapshot_20150919T025947Z
905872,4,4,0,1.0,1,0,0,2,snapshot_20150919T025947Z
905936,10,10,0,1.0,1,0,0,6,snapshot_20150919T025947Z
905952,17,17,0,1.0,1,0,0,14,snapshot_20150919T025947Z
905976,3,3,0,1.0,1,0,0,1,snapshot_20150919T025947Z
906092,4,0,4,0.0,0,0,1,2,snapshot_20150919T025947Z
906126,12,12,0,1.0,1,0,0,10,snapshot_20150919T025947Z
906134,10,10,0,1.0,1,0,0,7,snapshot_20150919T025947Z
906238,5,5,0,1.0,1,0,0,2,snapshot_20150919T025947Z
906325,8,5,3,0.625,1,0,0,5,snapshot_20150919T025947Z
906550,4,4,0,1.0,1,0,0,3,snapshot_20150919T025947Z
906695,4,4,0,1.0,1,0,0,3,snapshot_20150919T025947Z
906703,3,3,0,1.0,1,0,0,1,snapshot_20150919T025947Z
906707,3,3,0,1.0,1,0,0,1,snapshot_20150919T025947Z
906711,3,3,0,1.0,1,0,0,1,snapshot_20150919T025947Z
906765,6,6,0,1.0,1,0,0,4,snapshot_20150919T025947Z
906835,40,17,23,0.425,1,0,0,39,snapshot_20150919T025947Z
906971,4,4,0,1.0,1,0,0,3,snapshot_20150919T025947Z
907091,4,1,3,0.25,1,0,0,2,snapshot_20150919T025947Z
907797,28,28,0,1.0,1,0,0,25,snapshot_20150919T025947Z
907812,3,3,0,1.0,1,0,0,1,snapshot_20150919T025947Z
907815,8,8,0,1.0,1,0,0,7,snapshot_20150919T025947Z
908278,3,3,0,1.0,1,0,0,1,snapshot_20150919T025947Z
908372,6,6,0,1.0,1,0,0,4,snapshot_20150919T025947Z
908446,6,6,0,1.0,1,0,0,4,snapshot_20150919T025947Z
908646,14,14,0,1.0,1,0,0,10,snapshot_20150919T025947Z
908786,8,3,5,0.375,1,0,0,6,snapshot_20150919T025947Z
908805,5,5,0,1.0,1,0,0,3,snapshot_20150919T025947Z
908818,3,2,1,0.6666666666666666,1,0,0,2,snapshot_20150919T025947Z
908905,3,3,0,1.0,1,0,0,1,snapshot_20150919T025947Z
908941,8,8,0,1.0,1,0,0,6,snapshot_20150919T025947Z
908971,5,5,0,1.0,1,0,0,3,snapshot_20150919T025947Z
909277,3,3,0,1.0,1,0,0,1,snapshot_20150919T025947Z
909282,4,4,0,1.0,1,0,0,2,snapshot_20150919T025947Z
909547,5,5,0,1.0,1,0,0,3,snapshot_20150919T025947Z
910083,10,10,0,1.0,1,0,0,8,snapshot_20150919T025947Z
910106,6,6,0,1.0,1,0,0,3,snapshot_20150919T025947Z
910312,5,0,5,0.0,0,0,1,3,snapshot_20150919T025947Z
910472,6,6,0,1.0,1,0,0,4,snapshot_20150919T025947Z
910960,9,0,9,0.0,0,0,1,7,snapshot_20150919T025947Z
911093,30,27,3,0.9,1,0,0,23,snapshot_20150919T025947Z
911377,6,6,0,1.0,1,0,0,4,snapshot_20150919T025947Z
911378,3,2,1,0.6666666666666666,1,0,0,2,snapshot_20150919T025947Z
911446,12,7,5,0.5833333333333334,1,0,0,10,snapshot_20150919T025947Z
911447,2,2,0,1.0,1,0,0,1,snapshot_20150919T025947Z
911457,3,3,0,1.0,1,0,0,2,snapshot_20150919T025947Z
911674,6,6,0,1.0,1,0,0,4,snapshot_20150919T025947Z
911693,6,6,0,1.0,1,0,0,4,snapshot_20150919T025947Z
911744,3,0,3,0.0,0,0,1,1,snapshot_20150919T025947Z
911759,13,5,8,0.38461538461538464,1,0,0,9,snapshot_20150919T025947Z
912102,3,0,3,0.0,0,0,1,1,snapshot_20150919T025947Z
912117,8,8,0,1.0,1,0,0,6,snapshot_20150919T025947Z
912214,4,4,0,1.0,1,0,0,2,snapshot_20150919T025947Z
912550,3,3,0,1.0,1,0,0,1,snapshot_20150919T025947Z
913045,19,11,8,0.5789473684210527,1,0,0,16,snapshot_20150919T025947Z
913185,4,4,0,1.0,1,0,0,2,snapshot_20150919T025947Z
913201,15,14,1,0.9333333333333333,1,0,0,8,snapshot_20150919T025947Z
913285,17,13,4,0.7647058823529411,1,0,0,14,snapshot_20150919T025947Z
913454,3,0,3,0.0,0,0,1,2,snapshot_20150919T025947Z
913490,7,3,4,0.42857142857142855,1,0,0,5,snapshot_20150919T025947Z
913725,41,34,7,0.8292682926829268,1,0,0,36,snapshot_20150919T025947Z
913869,5,5,0,1.0,1,0,0,3,snapshot_20150919T025947Z
913976,4,4,0,1.0,1,0,0,2,snapshot_20150919T025947Z
914152,4,4,0,1.0,1,0,0,2,snapshot_20150919T025947Z
914409,40,32,8,0.8,1,0,0,29,snapshot_20150919T025947Z
914613,5,5,0,1.0,1,0,0,3,snapshot_20150919T025947Z
914617,6,6,0,1.0,1,0,0,2,snapshot_20150919T025947Z
914636,3,3,0,1.0,1,0,0,1,snapshot_20150919T025947Z
914651,7,7,0,1.0,1,0,0,5,snapshot_20150919T025947Z
914734,6,4,2,0.6666666666666666,1,0,0,4,snapshot_20150919T025947Z
914895,4,4,0,1.0,1,0,0,2,snapshot_20150919T025947Z
915019,5,5,0,1.0,1,0,0,3,snapshot_20150919T025947Z
915069,3,3,0,1.0,1,0,0,1,snapshot_20150919T025947Z
915126,134,60,74,0.44776119402985076,1,0,0,125,snapshot_20150919T025947Z
915213,15,15,0,1.0,1,0,0,10,snapshot_20150919T025947Z
915374,5,5,0,1.0,1,0,0,3,snapshot_20150919T025947Z
915412,3,3,0,1.0,1,0,0,1,snapshot_20150919T025947Z
915485,3,3,0,1.0,1,0,0,1,snapshot_20150919T025947Z
915594,4,4,0,1.0,1,0,0,2,snapshot_20150919T025947Z
915623,6,6,0,1.0,1,0,0,4,snapshot_20150919T025947Z
915759,2,2,0,1.0,1,1,0,0,snapshot_20150919T025947Z
915892,13,7,6,0.5384615384615384,1,0,0,11,snapshot_20150919T025947Z
916024,8,8,0,1.0,1,0,0,6,snapshot_20150919T025947Z
916332,2,2,0,1.0,1,1,0,0,snapshot_20150919T025947Z
916518,18,18,0,1.0,1,0,0,15,snapshot_20150919T025947Z
916527,3,3,0,1.0,1,0,0,1,snapshot_20150919T025947Z
916600,4,4,0,1.0,1,0,0,2,snapshot_20150919T025947Z
916601,3,3,0,1.0,1,0,0,1,snapshot_20150919T025947Z
916742,6,6,0,1.0,1,0,0,3,snapshot_20150919T025947Z
917001,5,0,5,0.0,0,0,1,3,snapshot_20150919T025947Z
917005,7,7,0,1.0,1,0,0,5,snapshot_20150919T025947Z
917036,57,31,26,0.543859649122807,1,0,0,55,snapshot_20150919T025947Z
917038,15,15,0,1.0,1,0,0,13,snapshot_20150919T025947Z
917059,6,4,2,0.6666666666666666,1,0,0,4,snapshot_20150919T025947Z
917188,6,0,6,0.0,0,0,1,4,snapshot_20150919T025947Z
917289,4,4,0,1.0,1,0,0,2,snapshot_20150919T025947Z
917293,5,5,0,1.0,1,0,0,3,snapshot_20150919T025947Z
917345,7,7,0,1.0,1,0,0,1,snapshot_20150919T025947Z
917360,15,15,0,1.0,1,0,0,13,snapshot_20150919T025947Z
917500,31,29,2,0.9354838709677419,1,0,0,23,snapshot_20150919T025947Z
917528,23,23,0,1.0,1,0,0,21,snapshot_20150919T025947Z
917577,4,4,0,1.0,1,1,0,0,snapshot_20150919T025947Z
917594,4,4,0,1.0,1,0,0,2,snapshot_20150919T025947Z
917629,8,8,0,1.0,1,0,0,4,snapshot_20150919T025947Z
917791,80,73,7,0.9125,1,0,0,74,snapshot_20150919T025947Z
917851,14,14,0,1.0,1,0,0,10,snapshot_20150919T025947Z
917853,35,33,2,0.9428571428571428,1,0,0,31,snapshot_20150919T025947Z
918146,17,16,1,0.9411764705882353,1,0,0,15,snapshot_20150919T025947Z
918201,3,3,0,1.0,1,0,0,1,snapshot_20150919T025947Z
918277,40,18,22,0.45,1,0,0,28,snapshot_20150919T025947Z
918289,7,2,5,0.2857142857142857,1,0,0,6,snapshot_20150919T025947Z
918412,25,25,0,1.0,1,0,0,23,snapshot_20150919T025947Z
918415,3,3,0,1.0,1,0,0,1,snapshot_20150919T025947Z
918441,3,3,0,1.0,1,0,0,1,snapshot_20150919T025947Z
918585,5,5,0,1.0,1,0,0,3,snapshot_20150919T025947Z
918651,17,17,0,1.0,1,0,0,3,snapshot_20150919T025947Z
918664,12,8,4,0.6666666666666666,1,0,0,10,snapshot_20150919T025947Z
919028,17,14,3,0.8235294117647058,1,0,0,7,snapshot_20150919T025947Z
919275,4,0,4,0.0,0,0,1,2,snapshot_20150919T025947Z
919302,25,10,15,0.4,1,0,0,16,snapshot_20150919T025947Z
919347,8,6,2,0.75,1,0,0,7,snapshot_20150919T025947Z
919420,16,13,3,0.8125,1,0,0,13,snapshot_20150919T025947Z
919682,4,4,0,1.0,1,0,0,3,snapshot_20150919T025947Z
919820,3,0,3,0.0,0,0,1,1,snapshot_20150919T025947Z
920004,4,4,0,1.0,1,0,0,2,snapshot_20150919T025947Z
920018,8,8,0,1.0,1,0,0,6,snapshot_20150919T025947Z
920156,21,10,11,0.47619047619047616,1,0,0,17,snapshot_20150919T025947Z
920453,6,6,0,1.0,1,0,0,4,snapshot_20150919T025947Z
920899,7,7,0,1.0,1,0,0,5,snapshot_20150919T025947Z
921444,4,0,4,0.0,0,0,1,2,snapshot_20150919T025947Z
921489,11,8,3,0.7272727272727273,1,0,0,9,snapshot_20150919T025947Z
921499,6,6,0,1.0,1,0,0,3,snapshot_20150919T025947Z
921518,3,0,3,0.0,0,0,1,1,snapshot_20150919T025947Z
921696,3,3,0,1.0,1,0,0,2,snapshot_20150919T025947Z
921915,3,3,0,1.0,1,0,0,1,snapshot_20150919T025947Z
922581,7,7,0,1.0,1,0,0,2,snapshot_20150919T025947Z
922607,12,12,0,1.0,1,0,0,9,snapshot_20150919T025947Z
922817,5,5,0,1.0,1,0,0,3,snapshot_20150919T025947Z
922843,3,3,0,1.0,1,0,0,1,snapshot_20150919T025947Z
922967,8,0,8,0.0,0,0,1,6,snapshot_20150919T025947Z
923017,4,4,0,1.0,1,0,0,2,snapshot_20150919T025947Z
923179,8,6,2,0.75,1,0,0,6,snapshot_20150919T025947Z
923338,6,6,0,1.0,1,0,0,4,snapshot_20150919T025947Z
923418,5,5,0,1.0,1,0,0,2,snapshot_20150919T025947Z
923475,7,7,0,1.0,1,0,0,5,snapshot_20150919T025947Z
923908,25,19,6,0.76,1,0,0,21,snapshot_20150919T025947Z
924020,5,5,0,1.0,1,0,0,3,snapshot_20150919T025947Z
924176,5,5,0,1.0,1,0,0,3,snapshot_20150919T025947Z
924468,4,3,1,0.75,1,0,0,2,snapshot_20150919T025947Z
924484,23,7,16,0.30434782608695654,1,0,0,21,snapshot_20150919T025947Z
924526,3,3,0,1.0,1,0,0,1,snapshot_20150919T025947Z
924551,5,5,0,1.0,1,0,0,3,snapshot_20150919T025947Z
924707,4,4,0,1.0,1,0,0,2,snapshot_20150919T025947Z
924711,3,3,0,1.0,1,0,0,1,snapshot_20150919T025947Z
924724,8,8,0,1.0,1,0,0,6,snapshot_20150919T025947Z
924839,2,2,0,1.0,1,1,0,0,snapshot_20150919T025947Z
924939,4,4,0,1.0,1,0,0,2,snapshot_20150919T025947Z
925004,32,29,3,0.90625,1,0,0,25,snapshot_20150919T025947Z
925062,4,4,0,1.0,1,0,0,2,snapshot_20150919T025947Z
925189,21,7,14,0.3333333333333333,1,0,0,18,snapshot_20150919T025947Z
925350,10,10,0,1.0,1,0,0,6,snapshot_20150919T025947Z
925703,5,0,5,0.0,0,0,1,3,snapshot_20150919T025947Z
925755,7,7,0,1.0,1,0,0,5,snapshot_20150919T025947Z
925775,3,3,0,1.0,1,0,0,1,snapshot_20150919T025947Z
925888,13,9,4,0.6923076923076923,1,0,0,8,snapshot_20150919T025947Z
925995,4,4,0,1.0,1,0,0,2,snapshot_20150919T025947Z
926014,4,4,0,1.0,1,0,0,3,snapshot_20150919T025947Z
926018,2,2,0,1.0,1,0,0,1,snapshot_20150919T025947Z
926289,2,0,2,0.0,0,0,1,1,snapshot_20150919T025947Z
926397,26,26,0,1.0,1,0,0,24,snapshot_20150919T025947Z
926439,1,0,1,0.0,0,1,1,0,snapshot_20150919T025947Z
926490,3,1,2,0.3333333333333333,1,0,0,2,snapshot_20150919T025947Z
926668,3,3,0,1.0,1,0,0,1,snapshot_20150919T025947Z
926821,7,7,0,1.0,1,0,0,5,snapshot_20150919T025947Z
927045,47,42,5,0.8936170212765957,1,0,0,32,snapshot_20150919T025947Z
927075,7,7,0,1.0,1,0,0,5,snapshot_20150919T025947Z
927157,3,3,0,1.0,1,0,0,1,snapshot_20150919T025947Z
927183,13,11,2,0.8461538461538461,1,0,0,10,snapshot_20150919T025947Z
927384,55,22,33,0.4,1,0,0,49,snapshot_20150919T025947Z
927429,6,6,0,1.0,1,0,0,2,snapshot_20150919T025947Z
927447,26,26,0,1.0,1,0,0,22,snapshot_20150919T025947Z
927736,3,3,0,1.0,1,0,0,1,snapshot_20150919T025947Z
927756,23,22,1,0.9565217391304348,1,0,0,16,snapshot_20150919T025947Z
927784,13,8,5,0.6153846153846154,1,0,0,4,snapshot_20150919T025947Z
927838,60,23,37,0.38333333333333336,1,0,0,46,snapshot_20150919T025947Z
928046,5,1,4,0.2,1,0,0,2,snapshot_20150919T025947Z
928367,13,3,10,0.23076923076923078,1,0,0,8,snapshot_20150919T025947Z
928951,8,8,0,1.0,1,0,0,2,snapshot_20150919T025947Z
929045,23,3,20,0.13043478260869565,1,0,0,11,snapshot_20150919T025947Z
929159,1,1,0,1.0,1,1,0,0,snapshot_20150919T025947Z
929230,3,3,0,1.0,1,0,0,1,snapshot_20150919T025947Z
929356,78,78,0,1.0,1,0,0,76,snapshot_20150919T025947Z
929382,9,0,9,0.0,0,0,1,7,snapshot_20150919T025947Z
929480,4,4,0,1.0,1,0,0,2,snapshot_20150919T025947Z
929638,100,74,26,0.74,1,0,0,94,snapshot_20150919T025947Z
929721,4,0,4,0.0,0,0,1,2,snapshot_20150919T025947Z
929807,62,62,0,1.0,1,0,0,59,snapshot_20150919T025947Z
929875,4,4,0,1.0,1,0,0,2,snapshot_20150919T025947Z
930274,3,3,0,1.0,1,0,0,1,snapshot_20150919T025947Z
930609,12,12,0,1.0,1,0,0,10,snapshot_20150919T025947Z
930694,14,10,4,0.7142857142857143,1,0,0,9,snapshot_20150919T025947Z
930934,10,10,0,1.0,1,0,0,8,snapshot_20150919T025947Z
931020,7,0,7,0.0,0,0,1,5,snapshot_20150919T025947Z
931074,6,6,0,1.0,1,0,0,4,snapshot_20150919T025947Z
931182,18,0,18,0.0,0,0,1,13,snapshot_20150919T025947Z
931515,8,8,0,1.0,1,0,0,6,snapshot_20150919T025947Z
931900,43,33,10,0.7674418604651163,1,0,0,32,snapshot_20150919T025947Z
931964,8,7,1,0.875,1,0,0,6,snapshot_20150919T025947Z
932017,8,8,0,1.0,1,0,0,6,snapshot_20150919T025947Z
932109,4,4,0,1.0,1,0,0,2,snapshot_20150919T025947Z
932151,31,2,29,0.06451612903225806,1,0,0,25,snapshot_20150919T025947Z
932193,8,0,8,0.0,0,0,1,5,snapshot_20150919T025947Z
932203,8,4,4,0.5,1,0,0,5,snapshot_20150919T025947Z
932290,10,3,7,0.3,1,0,0,8,snapshot_20150919T025947Z
932444,3,0,3,0.0,0,0,1,1,snapshot_20150919T025947Z
932542,4,4,0,1.0,1,1,0,0,snapshot_20150919T025947Z
932633,10,10,0,1.0,1,0,0,9,snapshot_20150919T025947Z
932651,6,6,0,1.0,1,0,0,2,snapshot_20150919T025947Z
933174,22,11,11,0.5,1,0,0,18,snapshot_20150919T025947Z
933225,15,15,0,1.0,1,0,0,13,snapshot_20150919T025947Z
933310,5,2,3,0.4,1,0,0,1,snapshot_20150919T025947Z
933327,9,9,0,1.0,1,0,0,5,snapshot_20150919T025947Z
933696,4,4,0,1.0,1,0,0,2,snapshot_20150919T025947Z
933700,13,13,0,1.0,1,0,0,9,snapshot_20150919T025947Z
933821,36,36,0,1.0,1,0,0,28,snapshot_20150919T025947Z
933885,1,1,0,1.0,1,1,0,0,snapshot_20150919T025947Z
933910,4,4,0,1.0,1,0,0,2,snapshot_20150919T025947Z
934208,11,7,4,0.6363636363636364,1,0,0,5,snapshot_20150919T025947Z
934244,2,2,0,1.0,1,1,0,0,snapshot_20150919T025947Z
934396,16,16,0,1.0,1,0,0,13,snapshot_20150919T025947Z
934487,4,4,0,1.0,1,0,0,2,snapshot_20150919T025947Z
934588,5,5,0,1.0,1,0,0,4,snapshot_20150919T025947Z
934648,7,7,0,1.0,1,0,0,5,snapshot_20150919T025947Z
934663,4,4,0,1.0,1,0,0,2,snapshot_20150919T025947Z
934704,4,4,0,1.0,1,0,0,2,snapshot_20150919T025947Z
934767,39,36,3,0.9230769230769231,1,0,0,30,snapshot_20150919T025947Z
935325,351,15,336,0.042735042735042736,1,0,0,300,snapshot_20150919T025947Z
935355,11,11,0,1.0,1,0,0,9,snapshot_20150919T025947Z
935481,2,2,0,1.0,1,1,0,0,snapshot_20150919T025947Z
935588,5,5,0,1.0,1,0,0,3,snapshot_20150919T025947Z
935624,3,3,0,1.0,1,0,0,1,snapshot_20150919T025947Z
935667,9,8,1,0.8888888888888888,1,0,0,6,snapshot_20150919T025947Z
935726,3,3,0,1.0,1,0,0,1,snapshot_20150919T025947Z
935908,3,3,0,1.0,1,0,0,1,snapshot_20150919T025947Z
935910,7,7,0,1.0,1,0,0,5,snapshot_20150919T025947Z
935959,4,4,0,1.0,1,0,0,2,snapshot_20150919T025947Z
935997,14,11,3,0.7857142857142857,1,0,0,9,snapshot_20150919T025947Z
936360,16,15,1,0.9375,1,0,0,13,snapshot_20150919T025947Z
936434,3,0,3,0.0,0,0,1,1,snapshot_20150919T025947Z
936674,11,11,0,1.0,1,0,0,7,snapshot_20150919T025947Z
936737,13,11,2,0.8461538461538461,1,0,0,11,snapshot_20150919T025947Z
936783,3,0,3,0.0,0,0,1,1,snapshot_20150919T025947Z
937192,20,20,0,1.0,1,0,0,18,snapshot_20150919T025947Z
937219,3,3,0,1.0,1,0,0,1,snapshot_20150919T025947Z
937463,63,35,28,0.5555555555555556,1,0,0,56,snapshot_20150919T025947Z
937483,28,26,2,0.9285714285714286,1,0,0,20,snapshot_20150919T025947Z
937494,55,52,3,0.9454545454545454,1,0,0,23,snapshot_20150919T025947Z
937584,14,14,0,1.0,1,0,0,10,snapshot_20150919T025947Z
937709,16,16,0,1.0,1,0,0,13,snapshot_20150919T025947Z
938120,3,3,0,1.0,1,0,0,2,snapshot_20150919T025947Z
938199,4,4,0,1.0,1,0,0,1,snapshot_20150919T025947Z
938243,9,9,0,1.0,1,0,0,7,snapshot_20150919T025947Z
938270,7,7,0,1.0,1,0,0,5,snapshot_20150919T025947Z
938396,10,9,1,0.9,1,0,0,3,snapshot_20150919T025947Z
938411,22,22,0,1.0,1,0,0,15,snapshot_20150919T025947Z
938512,4,4,0,1.0,1,0,0,2,snapshot_20150919T025947Z
938513,4,4,0,1.0,1,0,0,2,snapshot_20150919T025947Z
938835,3,0,3,0.0,0,0,1,1,snapshot_20150919T025947Z
938994,39,22,17,0.5641025641025641,1,0,0,36,snapshot_20150919T025947Z
939019,16,16,0,1.0,1,0,0,13,snapshot_20150919T025947Z
939169,3,3,0,1.0,1,0,0,1,snapshot_20150919T025947Z
939233,10,10,0,1.0,1,0,0,6,snapshot_20150919T025947Z
939239,32,30,2,0.9375,1,0,0,24,snapshot_20150919T025947Z
939279,15,15,0,1.0,1,0,0,9,snapshot_20150919T025947Z
939309,21,18,3,0.8571428571428571,1,0,0,18,snapshot_20150919T025947Z
939395,20,20,0,1.0,1,0,0,18,snapshot_20150919T025947Z
939674,8,8,0,1.0,1,0,0,6,snapshot_20150919T025947Z
939751,9,8,1,0.8888888888888888,1,0,0,7,snapshot_20150919T025947Z
939792,9,9,0,1.0,1,0,0,5,snapshot_20150919T025947Z
939961,9,9,0,1.0,1,0,0,7,snapshot_20150919T025947Z
940070,13,13,0,1.0,1,0,0,7,snapshot_20150919T025947Z
940301,3,3,0,1.0,1,0,0,1,snapshot_20150919T025947Z
940445,8,8,0,1.0,1,0,0,7,snapshot_20150919T025947Z
940498,4,4,0,1.0,1,0,0,2,snapshot_20150919T025947Z
940608,90,69,21,0.7666666666666667,1,0,0,88,snapshot_20150919T025947Z
940689,9,9,0,1.0,1,0,0,7,snapshot_20150919T025947Z
940760,7,7,0,1.0,1,0,0,6,snapshot_20150919T025947Z
940955,9,8,1,0.8888888888888888,1,0,0,5,snapshot_20150919T025947Z
941104,5,5,0,1.0,1,0,0,3,snapshot_20150919T025947Z
941284,3,3,0,1.0,1,0,0,1,snapshot_20150919T025947Z
941359,12,12,0,1.0,1,0,0,7,snapshot_20150919T025947Z
941576,2,0,2,0.0,0,0,1,1,snapshot_20150919T025947Z
941761,38,3,35,0.07894736842105263,1,0,0,29,snapshot_20150919T025947Z
942023,5,5,0,1.0,1,0,0,3,snapshot_20150919T025947Z
942096,5,5,0,1.0,1,0,0,2,snapshot_20150919T025947Z
942176,10,6,4,0.6,1,0,0,6,snapshot_20150919T025947Z
942616,4,4,0,1.0,1,0,0,2,snapshot_20150919T025947Z
942814,3,0,3,0.0,0,0,1,1,snapshot_20150919T025947Z
942926,37,13,24,0.35135135135135137,1,0,0,25,snapshot_20150919T025947Z
943123,6,6,0,1.0,1,0,0,4,snapshot_20150919T025947Z
943357,5,5,0,1.0,1,0,0,3,snapshot_20150919T025947Z
943466,3,3,0,1.0,1,0,0,1,snapshot_20150919T025947Z
943518,13,9,4,0.6923076923076923,1,0,0,8,snapshot_20150919T025947Z
943572,4,4,0,1.0,1,0,0,2,snapshot_20150919T025947Z
943802,3,3,0,1.0,1,0,0,1,snapshot_20150919T025947Z
943950,19,7,12,0.3684210526315789,1,0,0,11,snapshot_20150919T025947Z
944168,37,37,0,1.0,1,0,0,28,snapshot_20150919T025947Z
944221,4,4,0,1.0,1,0,0,3,snapshot_20150919T025947Z
944307,9,9,0,1.0,1,0,0,5,snapshot_20150919T025947Z
944416,3,3,0,1.0,1,0,0,1,snapshot_20150919T025947Z
944418,6,6,0,1.0,1,0,0,3,snapshot_20150919T025947Z
944439,3,3,0,1.0,1,0,0,1,snapshot_20150919T025947Z
944478,13,13,0,1.0,1,0,0,11,snapshot_20150919T025947Z
944546,3,0,3,0.0,0,0,1,1,snapshot_20150919T025947Z
945184,3,3,0,1.0,1,0,0,1,snapshot_20150919T025947Z
945223,5,5,0,1.0,1,0,0,3,snapshot_20150919T025947Z
945356,4,0,4,0.0,0,0,1,2,snapshot_20150919T025947Z
945421,7,0,7,0.0,0,0,1,3,snapshot_20150919T025947Z
945508,46,45,1,0.9782608695652174,1,0,0,38,snapshot_20150919T025947Z
945545,6,6,0,1.0,1,0,0,4,snapshot_20150919T025947Z
945612,21,13,8,0.6190476190476191,1,0,0,11,snapshot_20150919T025947Z
945706,4,1,3,0.25,1,0,0,3,snapshot_20150919T025947Z
946197,13,13,0,1.0,1,0,0,11,snapshot_20150919T025947Z
946268,14,0,14,0.0,0,0,1,8,snapshot_20150919T025947Z
946269,36,32,4,0.8888888888888888,1,0,0,34,snapshot_20150919T025947Z
946363,11,11,0,1.0,1,0,0,5,snapshot_20150919T025947Z
946607,4,4,0,1.0,1,0,0,2,snapshot_20150919T025947Z
946749,4,0,4,0.0,0,0,1,2,snapshot_20150919T025947Z
947112,4,4,0,1.0,1,0,0,3,snapshot_20150919T025947Z
947389,79,79,0,1.0,1,0,0,70,snapshot_20150919T025947Z
947392,9,9,0,1.0,1,0,0,7,snapshot_20150919T025947Z
947400,3,3,0,1.0,1,0,0,1,snapshot_20150919T025947Z
947485,5,0,5,0.0,0,0,1,3,snapshot_20150919T025947Z
947562,4,4,0,1.0,1,0,0,2,snapshot_20150919T025947Z
947585,10,10,0,1.0,1,0,0,7,snapshot_20150919T025947Z
947609,9,9,0,1.0,1,0,0,5,snapshot_20150919T025947Z
947666,15,14,1,0.9333333333333333,1,0,0,12,snapshot_20150919T025947Z
947829,17,17,0,1.0,1,0,0,16,snapshot_20150919T025947Z
947843,14,0,14,0.0,0,0,1,7,snapshot_20150919T025947Z
948047,5,5,0,1.0,1,0,0,3,snapshot_20150919T025947Z
948335,23,13,10,0.5652173913043478,1,0,0,15,snapshot_20150919T025947Z
948336,9,9,0,1.0,1,0,0,7,snapshot_20150919T025947Z
948540,12,12,0,1.0,1,0,0,10,snapshot_20150919T025947Z
948926,4,4,0,1.0,1,0,0,2,snapshot_20150919T025947Z
948961,7,7,0,1.0,1,0,0,5,snapshot_20150919T025947Z
949077,8,8,0,1.0,1,0,0,6,snapshot_20150919T025947Z
949126,2,2,0,1.0,1,1,0,0,snapshot_20150919T025947Z
949263,3,3,0,1.0,1,0,0,1,snapshot_20150919T025947Z
949323,45,31,14,0.6888888888888889,1,0,0,35,snapshot_20150919T025947Z
949435,5,5,0,1.0,1,0,0,3,snapshot_20150919T025947Z
949454,41,23,18,0.5609756097560976,1,0,0,29,snapshot_20150919T025947Z
949562,3,3,0,1.0,1,0,0,1,snapshot_20150919T025947Z
949626,2,0,2,0.0,0,0,1,1,snapshot_20150919T025947Z
949648,36,36,0,1.0,1,0,0,34,snapshot_20150919T025947Z
949780,3,3,0,1.0,1,0,0,1,snapshot_20150919T025947Z
949876,2,0,2,0.0,0,0,1,1,snapshot_20150919T025947Z
949896,15,13,2,0.8666666666666667,1,0,0,11,snapshot_20150919T025947Z
949981,4,4,0,1.0,1,0,0,2,snapshot_20150919T025947Z
950153,14,14,0,1.0,1,0,0,3,snapshot_20150919T025947Z
950508,9,4,5,0.4444444444444444,1,0,0,7,snapshot_20150919T025947Z
950833,43,43,0,1.0,1,0,0,41,snapshot_20150919T025947Z
950881,9,9,0,1.0,1,0,0,7,snapshot_20150919T025947Z
951095,8,8,0,1.0,1,0,0,4,snapshot_20150919T025947Z
951347,5,5,0,1.0,1,0,0,4,snapshot_20150919T025947Z
951407,1,1,0,1.0,1,1,0,0,snapshot_20150919T025947Z
951430,7,7,0,1.0,1,0,0,5,snapshot_20150919T025947Z
951555,16,16,0,1.0,1,0,0,14,snapshot_20150919T025947Z
951590,5,5,0,1.0,1,0,0,3,snapshot_20150919T025947Z
951702,5,0,5,0.0,0,0,1,3,snapshot_20150919T025947Z
951816,7,7,0,1.0,1,0,0,5,snapshot_20150919T025947Z
952015,3,3,0,1.0,1,0,0,1,snapshot_20150919T025947Z
952246,604,481,123,0.7963576158940397,1,0,0,461,snapshot_20150919T025947Z
952266,4,1,3,0.25,1,0,0,2,snapshot_20150919T025947Z
952319,23,9,14,0.391304347826087,1,0,0,20,snapshot_20150919T025947Z
952388,33,26,7,0.7878787878787878,1,0,0,25,snapshot_20150919T025947Z
952390,5,5,0,1.0,1,0,0,3,snapshot_20150919T025947Z
952446,31,7,24,0.22580645161290322,1,0,0,29,snapshot_20150919T025947Z
952700,27,27,0,1.0,1,0,0,14,snapshot_20150919T025947Z
952791,4,4,0,1.0,1,0,0,2,snapshot_20150919T025947Z
952882,23,12,11,0.5217391304347826,1,0,0,19,snapshot_20150919T025947Z
952904,36,36,0,1.0,1,0,0,27,snapshot_20150919T025947Z
952962,7,6,1,0.8571428571428571,1,0,0,5,snapshot_20150919T025947Z
953198,12,3,9,0.25,1,0,0,10,snapshot_20150919T025947Z
953371,140,93,47,0.6642857142857143,1,0,0,130,snapshot_20150919T025947Z
953412,14,14,0,1.0,1,0,0,12,snapshot_20150919T025947Z
953625,9,9,0,1.0,1,0,0,6,snapshot_20150919T025947Z
953662,3,0,3,0.0,0,0,1,1,snapshot_20150919T025947Z
953666,23,22,1,0.9565217391304348,1,0,0,21,snapshot_20150919T025947Z
953678,2,2,0,1.0,1,1,0,0,snapshot_20150919T025947Z
953734,6,6,0,1.0,1,0,0,4,snapshot_20150919T025947Z
953833,7,2,5,0.2857142857142857,1,0,0,3,snapshot_20150919T025947Z
953853,19,19,0,1.0,1,0,0,13,snapshot_20150919T025947Z
953963,2,2,0,1.0,1,1,0,0,snapshot_20150919T025947Z
953982,9,9,0,1.0,1,0,0,7,snapshot_20150919T025947Z
954026,4,3,1,0.75,1,0,0,2,snapshot_20150919T025947Z
954086,5,5,0,1.0,1,0,0,3,snapshot_20150919T025947Z
954160,7,7,0,1.0,1,0,0,5,snapshot_20150919T025947Z
954259,26,25,1,0.9615384615384616,1,0,0,24,snapshot_20150919T025947Z
954276,47,5,42,0.10638297872340426,1,0,0,45,snapshot_20150919T025947Z
954360,8,8,0,1.0,1,0,0,6,snapshot_20150919T025947Z
954541,9,9,0,1.0,1,0,0,7,snapshot_20150919T025947Z
954590,27,27,0,1.0,1,0,0,24,snapshot_20150919T025947Z
954619,4,4,0,1.0,1,0,0,2,snapshot_20150919T025947Z
954716,4,4,0,1.0,1,0,0,2,snapshot_20150919T025947Z
954836,5,5,0,1.0,1,0,0,3,snapshot_20150919T025947Z
955081,10,9,1,0.9,1,0,0,6,snapshot_20150919T025947Z
955154,5,5,0,1.0,1,0,0,2,snapshot_20150919T025947Z
955335,2,2,0,1.0,1,0,0,1,snapshot_20150919T025947Z
955486,2,0,2,0.0,0,0,1,1,snapshot_20150919T025947Z
955557,21,21,0,1.0,1,0,0,19,snapshot_20150919T025947Z
955719,3,3,0,1.0,1,0,0,2,snapshot_20150919T025947Z
955924,9,9,0,1.0,1,0,0,6,snapshot_20150919T025947Z
956011,12,11,1,0.9166666666666666,1,0,0,10,snapshot_20150919T025947Z
956214,4,4,0,1.0,1,0,0,2,snapshot_20150919T025947Z
956258,3,3,0,1.0,1,0,0,1,snapshot_20150919T025947Z
956280,4,4,0,1.0,1,0,0,2,snapshot_20150919T025947Z
956284,6,6,0,1.0,1,0,0,4,snapshot_20150919T025947Z
956343,4,4,0,1.0,1,0,0,2,snapshot_20150919T025947Z
956435,3,3,0,1.0,1,0,0,1,snapshot_20150919T025947Z
956613,23,23,0,1.0,1,0,0,21,snapshot_20150919T025947Z
956729,7,0,7,0.0,0,0,1,4,snapshot_20150919T025947Z
957284,18,18,0,1.0,1,0,0,15,snapshot_20150919T025947Z
957312,12,12,0,1.0,1,0,0,6,snapshot_20150919T025947Z
957392,6,5,1,0.8333333333333334,1,0,0,4,snapshot_20150919T025947Z
957393,6,6,0,1.0,1,0,0,4,snapshot_20150919T025947Z
957595,13,13,0,1.0,1,0,0,8,snapshot_20150919T025947Z
957685,5,5,0,1.0,1,0,0,3,snapshot_20150919T025947Z
957729,6,6,0,1.0,1,0,0,4,snapshot_20150919T025947Z
958246,47,24,23,0.5106382978723404,1,0,0,46,snapshot_20150919T025947Z
958255,17,12,5,0.7058823529411765,1,0,0,10,snapshot_20150919T025947Z
958262,3,3,0,1.0,1,0,0,1,snapshot_20150919T025947Z
958461,21,16,5,0.7619047619047619,1,0,0,8,snapshot_20150919T025947Z
958747,7,1,6,0.14285714285714285,1,0,0,5,snapshot_20150919T025947Z
959037,9,9,0,1.0,1,0,0,5,snapshot_20150919T025947Z
959082,3,0,3,0.0,0,0,1,1,snapshot_20150919T025947Z
959170,5,5,0,1.0,1,0,0,3,snapshot_20150919T025947Z
959204,3,3,0,1.0,1,0,0,1,snapshot_20150919T025947Z
959284,5,5,0,1.0,1,0,0,3,snapshot_20150919T025947Z
959326,6,6,0,1.0,1,0,0,4,snapshot_20150919T025947Z
959698,4,4,0,1.0,1,0,0,2,snapshot_20150919T025947Z
959808,5,5,0,1.0,1,0,0,3,snapshot_20150919T025947Z
959855,3,3,0,1.0,1,0,0,1,snapshot_20150919T025947Z
959967,8,8,0,1.0,1,0,0,5,snapshot_20150919T025947Z
960004,126,94,32,0.746031746031746,1,0,0,114,snapshot_20150919T025947Z
960056,3,3,0,1.0,1,0,0,2,snapshot_20150919T025947Z
960093,3,3,0,1.0,1,0,0,1,snapshot_20150919T025947Z
960105,2,2,0,1.0,1,1,0,0,snapshot_20150919T025947Z
960145,32,28,4,0.875,1,0,0,27,snapshot_20150919T025947Z
960340,8,8,0,1.0,1,0,0,6,snapshot_20150919T025947Z
960661,17,16,1,0.9411764705882353,1,0,0,13,snapshot_20150919T025947Z
960778,4,4,0,1.0,1,0,0,2,snapshot_20150919T025947Z
960783,4,4,0,1.0,1,0,0,2,snapshot_20150919T025947Z
960916,3,0,3,0.0,0,0,1,1,snapshot_20150919T025947Z
960928,3,0,3,0.0,0,0,1,1,snapshot_20150919T025947Z
960973,15,12,3,0.8,1,0,0,13,snapshot_20150919T025947Z
961001,3,3,0,1.0,1,0,0,1,snapshot_20150919T025947Z
961085,2,2,0,1.0,1,0,0,1,snapshot_20150919T025947Z
961272,4,4,0,1.0,1,0,0,1,snapshot_20150919T025947Z
961324,24,12,12,0.5,1,0,0,15,snapshot_20150919T025947Z
961349,4,1,3,0.25,1,0,0,2,snapshot_20150919T025947Z
961411,5,0,5,0.0,0,0,1,1,snapshot_20150919T025947Z
961421,20,20,0,1.0,1,0,0,11,snapshot_20150919T025947Z
961427,3,3,0,1.0,1,0,0,1,snapshot_20150919T025947Z
961717,25,19,6,0.76,1,0,0,15,snapshot_20150919T025947Z
962056,2,2,0,1.0,1,0,0,1,snapshot_20150919T025947Z
962091,3,3,0,1.0,1,0,0,2,snapshot_20150919T025947Z
962131,267,212,55,0.7940074906367042,1,0,0,232,snapshot_20150919T025947Z
962181,4,0,4,0.0,0,0,1,2,snapshot_20150919T025947Z
962368,4,4,0,1.0,1,0,0,2,snapshot_20150919T025947Z
962631,226,169,57,0.7477876106194691,1,0,0,219,snapshot_20150919T025947Z
962819,4,4,0,1.0,1,0,0,2,snapshot_20150919T025947Z
962863,3,3,0,1.0,1,0,0,1,snapshot_20150919T025947Z
962933,20,9,11,0.45,1,0,0,16,snapshot_20150919T025947Z
963194,1,1,0,1.0,1,1,0,0,snapshot_20150919T025947Z
963337,18,18,0,1.0,1,0,0,13,snapshot_20150919T025947Z
963387,5,5,0,1.0,1,0,0,3,snapshot_20150919T025947Z
963916,2,2,0,1.0,1,0,0,1,snapshot_20150919T025947Z
964178,18,18,0,1.0,1,0,0,14,snapshot_20150919T025947Z
964317,15,15,0,1.0,1,0,0,11,snapshot_20150919T025947Z
964382,10,10,0,1.0,1,0,0,8,snapshot_20150919T025947Z
964404,5,5,0,1.0,1,0,0,3,snapshot_20150919T025947Z
964726,14,14,0,1.0,1,0,0,12,snapshot_20150919T025947Z
964763,3,0,3,0.0,0,0,1,1,snapshot_20150919T025947Z
964767,49,49,0,1.0,1,0,0,45,snapshot_20150919T025947Z
964794,163,154,9,0.9447852760736196,1,0,0,127,snapshot_20150919T025947Z
964795,12,7,5,0.5833333333333334,1,0,0,10,snapshot_20150919T025947Z
964962,14,14,0,1.0,1,0,0,12,snapshot_20150919T025947Z
965057,3,0,3,0.0,0,0,1,1,snapshot_20150919T025947Z
965434,10,10,0,1.0,1,0,0,8,snapshot_20150919T025947Z
965471,4,4,0,1.0,1,0,0,2,snapshot_20150919T025947Z
965603,4,4,0,1.0,1,0,0,2,snapshot_20150919T025947Z
966010,3,3,0,1.0,1,0,0,1,snapshot_20150919T025947Z
966535,19,12,7,0.631578947368421,1,0,0,16,snapshot_20150919T025947Z
966579,8,8,0,1.0,1,0,0,6,snapshot_20150919T025947Z
966628,3,0,3,0.0,0,0,1,1,snapshot_20150919T025947Z
966752,35,35,0,1.0,1,0,0,29,snapshot_20150919T025947Z
966859,4,4,0,1.0,1,0,0,2,snapshot_20150919T025947Z
966971,5,2,3,0.4,1,0,0,3,snapshot_20150919T025947Z
967034,5,5,0,1.0,1,0,0,3,snapshot_20150919T025947Z
967093,6,1,5,0.16666666666666666,1,0,0,3,snapshot_20150919T025947Z
967112,47,0,47,0.0,0,0,1,33,snapshot_20150919T025947Z
967180,8,6,2,0.75,1,1,0,0,snapshot_20150919T025947Z
967462,5,5,0,1.0,1,0,0,3,snapshot_20150919T025947Z
967483,30,24,6,0.8,1,0,0,22,snapshot_20150919T025947Z
967783,22,22,0,1.0,1,0,0,15,snapshot_20150919T025947Z
967857,9,9,0,1.0,1,0,0,7,snapshot_20150919T025947Z
967877,3,0,3,0.0,0,0,1,1,snapshot_20150919T025947Z
968098,45,45,0,1.0,1,0,0,41,snapshot_20150919T025947Z
968110,8,8,0,1.0,1,1,0,0,snapshot_20150919T025947Z
968156,4,4,0,1.0,1,0,0,2,snapshot_20150919T025947Z
968159,31,31,0,1.0,1,0,0,14,snapshot_20150919T025947Z
968390,4,4,0,1.0,1,0,0,2,snapshot_20150919T025947Z
968555,13,13,0,1.0,1,0,0,11,snapshot_20150919T025947Z
968585,3,3,0,1.0,1,0,0,1,snapshot_20150919T025947Z
968647,50,43,7,0.86,1,0,0,41,snapshot_20150919T025947Z
968652,3,3,0,1.0,1,0,0,1,snapshot_20150919T025947Z
968769,4,0,4,0.0,0,0,1,2,snapshot_20150919T025947Z
968880,11,11,0,1.0,1,0,0,6,snapshot_20150919T025947Z
969200,9,6,3,0.6666666666666666,1,0,0,7,snapshot_20150919T025947Z
969295,6,0,6,0.0,0,0,1,4,snapshot_20150919T025947Z
969326,25,20,5,0.8,1,0,0,20,snapshot_20150919T025947Z
969519,3,0,3,0.0,0,0,1,1,snapshot_20150919T025947Z
969655,4,4,0,1.0,1,0,0,2,snapshot_20150919T025947Z
969827,64,54,10,0.84375,1,0,0,50,snapshot_20150919T025947Z
969845,9,9,0,1.0,1,0,0,5,snapshot_20150919T025947Z
969860,3,3,0,1.0,1,0,0,1,snapshot_20150919T025947Z
970208,8,8,0,1.0,1,0,0,6,snapshot_20150919T025947Z
970345,4,4,0,1.0,1,0,0,2,snapshot_20150919T025947Z
970404,8,8,0,1.0,1,0,0,7,snapshot_20150919T025947Z
970787,12,12,0,1.0,1,0,0,10,snapshot_20150919T025947Z
970883,5,0,5,0.0,0,0,1,4,snapshot_20150919T025947Z
971243,2,2,0,1.0,1,0,0,1,snapshot_20150919T025947Z
971301,5,0,5,0.0,0,0,1,3,snapshot_20150919T025947Z
971406,3,3,0,1.0,1,0,0,1,snapshot_20150919T025947Z
971413,5,0,5,0.0,0,0,1,3,snapshot_20150919T025947Z
971454,590,473,117,0.8016949152542373,1,0,0,580,snapshot_20150919T025947Z
971479,11,0,11,0.0,0,0,1,9,snapshot_20150919T025947Z
972040,5,0,5,0.0,0,0,1,1,snapshot_20150919T025947Z
972071,60,57,3,0.95,1,0,0,42,snapshot_20150919T025947Z
972095,41,24,17,0.5853658536585366,1,0,0,28,snapshot_20150919T025947Z
972500,7,7,0,1.0,1,0,0,5,snapshot_20150919T025947Z
972638,7,7,0,1.0,1,0,0,6,snapshot_20150919T025947Z
972698,4,0,4,0.0,0,0,1,2,snapshot_20150919T025947Z
972757,4,4,0,1.0,1,0,0,2,snapshot_20150919T025947Z
972775,18,0,18,0.0,0,0,1,16,snapshot_20150919T025947Z
972968,7,7,0,1.0,1,0,0,3,snapshot_20150919T025947Z
973109,14,14,0,1.0,1,0,0,12,snapshot_20150919T025947Z
973129,34,32,2,0.9411764705882353,1,0,0,29,snapshot_20150919T025947Z
973195,20,20,0,1.0,1,0,0,15,snapshot_20150919T025947Z
973243,4,4,0,1.0,1,0,0,2,snapshot_20150919T025947Z
973305,8,8,0,1.0,1,0,0,6,snapshot_20150919T025947Z
973332,2,2,0,1.0,1,0,0,1,snapshot_20150919T025947Z
973585,18,18,0,1.0,1,0,0,15,snapshot_20150919T025947Z
973633,9,9,0,1.0,1,0,0,5,snapshot_20150919T025947Z
973908,6,1,5,0.16666666666666666,1,0,0,4,snapshot_20150919T025947Z
973946,2,2,0,1.0,1,1,0,0,snapshot_20150919T025947Z
973973,8,8,0,1.0,1,0,0,6,snapshot_20150919T025947Z
974226,694,660,34,0.9510086455331412,1,0,0,596,snapshot_20150919T025947Z
974291,3,0,3,0.0,0,0,1,1,snapshot_20150919T025947Z
974437,4,4,0,1.0,1,1,0,0,snapshot_20150919T025947Z
974539,3,0,3,0.0,0,0,1,1,snapshot_20150919T025947Z
974673,16,16,0,1.0,1,0,0,14,snapshot_20150919T025947Z
974794,8,0,8,0.0,0,0,1,6,snapshot_20150919T025947Z
975595,6,6,0,1.0,1,0,0,4,snapshot_20150919T025947Z
975652,4,4,0,1.0,1,0,0,2,snapshot_20150919T025947Z
975683,9,3,6,0.3333333333333333,1,0,0,8,snapshot_20150919T025947Z
975703,24,10,14,0.4166666666666667,1,0,0,19,snapshot_20150919T025947Z
975757,2,2,0,1.0,1,0,0,1,snapshot_20150919T025947Z
975820,13,12,1,0.9230769230769231,1,0,0,9,snapshot_20150919T025947Z
976190,6,0,6,0.0,0,0,1,4,snapshot_20150919T025947Z
976217,11,11,0,1.0,1,0,0,9,snapshot_20150919T025947Z
976410,3,0,3,0.0,0,0,1,1,snapshot_20150919T025947Z
976424,4,4,0,1.0,1,0,0,2,snapshot_20150919T025947Z
976601,2,0,2,0.0,0,1,1,0,snapshot_20150919T025947Z
976621,3,3,0,1.0,1,0,0,1,snapshot_20150919T025947Z
976623,4,4,0,1.0,1,0,0,2,snapshot_20150919T025947Z
976885,5,5,0,1.0,1,0,0,3,snapshot_20150919T025947Z
976950,7,3,4,0.42857142857142855,1,0,0,3,snapshot_20150919T025947Z
977158,19,19,0,1.0,1,0,0,17,snapshot_20150919T025947Z
977305,9,9,0,1.0,1,0,0,7,snapshot_20150919T025947Z
977325,2,0,2,0.0,0,0,1,1,snapshot_20150919T025947Z
977450,7,7,0,1.0,1,0,0,5,snapshot_20150919T025947Z
977486,4,4,0,1.0,1,0,0,3,snapshot_20150919T025947Z
977536,25,10,15,0.4,1,0,0,22,snapshot_20150919T025947Z
977567,3,0,3,0.0,0,0,1,1,snapshot_20150919T025947Z
977593,28,28,0,1.0,1,0,0,26,snapshot_20150919T025947Z
977651,3,3,0,1.0,1,0,0,1,snapshot_20150919T025947Z
977751,7,7,0,1.0,1,0,0,5,snapshot_20150919T025947Z
977791,2,2,0,1.0,1,0,0,1,snapshot_20150919T025947Z
978112,12,12,0,1.0,1,0,0,6,snapshot_20150919T025947Z
978294,6,6,0,1.0,1,0,0,3,snapshot_20150919T025947Z
978578,19,18,1,0.9473684210526315,1,0,0,16,snapshot_20150919T025947Z
978636,6,6,0,1.0,1,0,0,4,snapshot_20150919T025947Z
978717,16,15,1,0.9375,1,0,0,14,snapshot_20150919T025947Z
978755,36,15,21,0.4166666666666667,1,0,0,32,snapshot_20150919T025947Z
978758,9,5,4,0.5555555555555556,1,0,0,7,snapshot_20150919T025947Z
978909,25,24,1,0.96,1,0,0,19,snapshot_20150919T025947Z
978968,6,6,0,1.0,1,0,0,2,snapshot_20150919T025947Z
979458,12,12,0,1.0,1,0,0,10,snapshot_20150919T025947Z
979535,4,4,0,1.0,1,0,0,2,snapshot_20150919T025947Z
979550,6,6,0,1.0,1,0,0,4,snapshot_20150919T025947Z
979847,31,26,5,0.8387096774193549,1,0,0,29,snapshot_20150919T025947Z
979940,4,1,3,0.25,1,0,0,2,snapshot_20150919T025947Z
980166,28,28,0,1.0,1,0,0,26,snapshot_20150919T025947Z
980414,11,10,1,0.9090909090909091,1,0,0,7,snapshot_20150919T025947Z
980817,4,4,0,1.0,1,0,0,2,snapshot_20150919T025947Z
980851,11,11,0,1.0,1,0,0,9,snapshot_20150919T025947Z
980867,5,5,0,1.0,1,0,0,3,snapshot_20150919T025947Z
981111,14,14,0,1.0,1,0,0,12,snapshot_20150919T025947Z
981144,16,9,7,0.5625,1,0,0,11,snapshot_20150919T025947Z
981216,4,3,1,0.75,1,0,0,2,snapshot_20150919T025947Z
981240,3,3,0,1.0,1,0,0,1,snapshot_20150919T025947Z
981245,11,11,0,1.0,1,0,0,9,snapshot_20150919T025947Z
981266,3,3,0,1.0,1,0,0,1,snapshot_20150919T025947Z
981323,14,8,6,0.5714285714285714,1,0,0,12,snapshot_20150919T025947Z
981327,4,4,0,1.0,1,0,0,2,snapshot_20150919T025947Z
981430,10,10,0,1.0,1,0,0,8,snapshot_20150919T025947Z
981516,2,2,0,1.0,1,1,0,0,snapshot_20150919T025947Z
981541,3,3,0,1.0,1,0,0,1,snapshot_20150919T025947Z
981607,7,7,0,1.0,1,0,0,5,snapshot_20150919T025947Z
981838,11,11,0,1.0,1,0,0,8,snapshot_20150919T025947Z
981868,2,2,0,1.0,1,1,0,0,snapshot_20150919T025947Z
982027,7,7,0,1.0,1,0,0,6,snapshot_20150919T025947Z
982049,22,22,0,1.0,1,0,0,20,snapshot_20150919T025947Z
982154,14,14,0,1.0,1,0,0,6,snapshot_20150919T025947Z
982175,3,0,3,0.0,0,0,1,2,snapshot_20150919T025947Z
982231,4,4,0,1.0,1,0,0,2,snapshot_20150919T025947Z
982271,5,5,0,1.0,1,0,0,3,snapshot_20150919T025947Z
982453,16,16,0,1.0,1,0,0,12,snapshot_20150919T025947Z
982518,5,5,0,1.0,1,0,0,3,snapshot_20150919T025947Z
982605,6,6,0,1.0,1,0,0,4,snapshot_20150919T025947Z
982634,23,6,17,0.2608695652173913,1,0,0,19,snapshot_20150919T025947Z
982670,122,121,1,0.9918032786885246,1,0,0,54,snapshot_20150919T025947Z
982764,14,14,0,1.0,1,0,0,12,snapshot_20150919T025947Z
982880,11,11,0,1.0,1,0,0,9,snapshot_20150919T025947Z
982959,12,2,10,0.16666666666666666,1,0,0,9,snapshot_20150919T025947Z
983224,4,4,0,1.0,1,0,0,2,snapshot_20150919T025947Z
983395,68,55,13,0.8088235294117647,1,0,0,62,snapshot_20150919T025947Z
983783,6,6,0,1.0,1,0,0,4,snapshot_20150919T025947Z
983841,3,3,0,1.0,1,0,0,1,snapshot_20150919T025947Z
983850,3,3,0,1.0,1,0,0,1,snapshot_20150919T025947Z
983908,7,0,7,0.0,0,0,1,3,snapshot_20150919T025947Z
983943,4,4,0,1.0,1,0,0,2,snapshot_20150919T025947Z
984077,23,8,15,0.34782608695652173,1,0,0,16,snapshot_20150919T025947Z
984171,3,3,0,1.0,1,0,0,1,snapshot_20150919T025947Z
984521,4,4,0,1.0,1,0,0,2,snapshot_20150919T025947Z
984532,3,3,0,1.0,1,0,0,1,snapshot_20150919T025947Z
984544,3,0,3,0.0,0,0,1,1,snapshot_20150919T025947Z
985513,6,6,0,1.0,1,0,0,4,snapshot_20150919T025947Z
985691,3,3,0,1.0,1,0,0,1,snapshot_20150919T025947Z
985771,3,3,0,1.0,1,0,0,1,snapshot_20150919T025947Z
985837,89,89,0,1.0,1,0,0,79,snapshot_20150919T025947Z
985863,6,6,0,1.0,1,0,0,4,snapshot_20150919T025947Z
985901,13,11,2,0.8461538461538461,1,0,0,11,snapshot_20150919T025947Z
985974,12,12,0,1.0,1,0,0,9,snapshot_20150919T025947Z
986064,5,5,0,1.0,1,0,0,3,snapshot_20150919T025947Z
986085,4,4,0,1.0,1,0,0,2,snapshot_20150919T025947Z
986104,3,0,3,0.0,0,0,1,1,snapshot_20150919T025947Z
986111,5,5,0,1.0,1,0,0,3,snapshot_20150919T025947Z
986223,11,10,1,0.9090909090909091,1,0,0,7,snapshot_20150919T025947Z
986288,11,4,7,0.36363636363636365,1,0,0,8,snapshot_20150919T025947Z
986325,12,2,10,0.16666666666666666,1,0,0,11,snapshot_20150919T025947Z
986353,5,4,1,0.8,1,0,0,3,snapshot_20150919T025947Z
986413,41,15,26,0.36585365853658536,1,0,0,36,snapshot_20150919T025947Z
986554,7,7,0,1.0,1,0,0,5,snapshot_20150919T025947Z
986577,23,19,4,0.8260869565217391,1,0,0,14,snapshot_20150919T025947Z
986730,3,3,0,1.0,1,0,0,1,snapshot_20150919T025947Z
986748,7,1,6,0.14285714285714285,1,0,0,5,snapshot_20150919T025947Z
986764,6,0,6,0.0,0,0,1,4,snapshot_20150919T025947Z
986876,9,9,0,1.0,1,0,0,7,snapshot_20150919T025947Z
987045,5,5,0,1.0,1,0,0,3,snapshot_20150919T025947Z
987255,5,0,5,0.0,0,0,1,3,snapshot_20150919T025947Z
987431,3,3,0,1.0,1,0,0,1,snapshot_20150919T025947Z
987534,15,15,0,1.0,1,0,0,13,snapshot_20150919T025947Z
987655,4,4,0,1.0,1,0,0,2,snapshot_20150919T025947Z
987715,7,0,7,0.0,0,0,1,5,snapshot_20150919T025947Z
987857,5,5,0,1.0,1,0,0,2,snapshot_20150919T025947Z
987912,7,6,1,0.8571428571428571,1,0,0,5,snapshot_20150919T025947Z
987921,3,3,0,1.0,1,0,0,1,snapshot_20150919T025947Z
988009,25,25,0,1.0,1,0,0,18,snapshot_20150919T025947Z
988142,15,15,0,1.0,1,0,0,13,snapshot_20150919T025947Z
988274,12,4,8,0.3333333333333333,1,0,0,8,snapshot_20150919T025947Z
988367,3,3,0,1.0,1,0,0,1,snapshot_20150919T025947Z
988412,6,6,0,1.0,1,0,0,2,snapshot_20150919T025947Z
988441,9,9,0,1.0,1,0,0,7,snapshot_20150919T025947Z
988447,5,0,5,0.0,0,0,1,3,snapshot_20150919T025947Z
988452,10,1,9,0.1,1,0,0,6,snapshot_20150919T025947Z
988658,25,22,3,0.88,1,0,0,19,snapshot_20150919T025947Z
988939,29,19,10,0.6551724137931034,1,0,0,10,snapshot_20150919T025947Z
989023,3,3,0,1.0,1,0,0,1,snapshot_20150919T025947Z
989085,7,5,2,0.7142857142857143,1,0,0,5,snapshot_20150919T025947Z
989215,5,1,4,0.2,1,0,0,3,snapshot_20150919T025947Z
989283,7,7,0,1.0,1,0,0,6,snapshot_20150919T025947Z
989290,5,5,0,1.0,1,0,0,3,snapshot_20150919T025947Z
989360,12,3,9,0.25,1,0,0,9,snapshot_20150919T025947Z
989748,2,0,2,0.0,0,0,1,1,snapshot_20150919T025947Z
989759,3,3,0,1.0,1,0,0,1,snapshot_20150919T025947Z
989917,3,3,0,1.0,1,0,0,1,snapshot_20150919T025947Z
989923,4,0,4,0.0,0,0,1,2,snapshot_20150919T025947Z
990103,19,19,0,1.0,1,0,0,17,snapshot_20150919T025947Z
990104,7,7,0,1.0,1,0,0,5,snapshot_20150919T025947Z
990216,24,22,2,0.9166666666666666,1,0,0,19,snapshot_20150919T025947Z
990276,3,3,0,1.0,1,1,0,0,snapshot_20150919T025947Z
990306,8,1,7,0.125,1,0,0,4,snapshot_20150919T025947Z
990624,6,3,3,0.5,1,0,0,2,snapshot_20150919T025947Z
990637,4,4,0,1.0,1,0,0,2,snapshot_20150919T025947Z
990746,5,4,1,0.8,1,0,0,3,snapshot_20150919T025947Z
990819,3,3,0,1.0,1,0,0,1,snapshot_20150919T025947Z
990984,15,15,0,1.0,1,0,0,10,snapshot_20150919T025947Z
991189,8,8,0,1.0,1,0,0,4,snapshot_20150919T025947Z
991198,8,8,0,1.0,1,0,0,6,snapshot_20150919T025947Z
991246,16,14,2,0.875,1,0,0,10,snapshot_20150919T025947Z
991350,7,7,0,1.0,1,0,0,5,snapshot_20150919T025947Z
991381,5,1,4,0.2,1,0,0,3,snapshot_20150919T025947Z
992385,4,4,0,1.0,1,0,0,3,snapshot_20150919T025947Z
992397,5,5,0,1.0,1,0,0,3,snapshot_20150919T025947Z
992447,4,4,0,1.0,1,0,0,2,snapshot_20150919T025947Z
992844,9,7,2,0.7777777777777778,1,0,0,7,snapshot_20150919T025947Z
993032,5,5,0,1.0,1,0,0,3,snapshot_20150919T025947Z
993078,13,8,5,0.6153846153846154,1,0,0,9,snapshot_20150919T025947Z
993137,9,0,9,0.0,0,0,1,7,snapshot_20150919T025947Z
993282,19,18,1,0.9473684210526315,1,0,0,12,snapshot_20150919T025947Z
993355,8,8,0,1.0,1,0,0,6,snapshot_20150919T025947Z
993475,5,0,5,0.0,0,0,1,4,snapshot_20150919T025947Z
993674,12,12,0,1.0,1,0,0,10,snapshot_20150919T025947Z
993759,3,3,0,1.0,1,0,0,1,snapshot_20150919T025947Z
993905,9,9,0,1.0,1,0,0,6,snapshot_20150919T025947Z
994099,5,5,0,1.0,1,0,0,3,snapshot_20150919T025947Z
994633,5,5,0,1.0,1,0,0,3,snapshot_20150919T025947Z
994815,7,7,0,1.0,1,0,0,5,snapshot_20150919T025947Z
994820,1661,1594,67,0.9596628537025887,1,0,0,1471,snapshot_20150919T025947Z
994931,4,4,0,1.0,1,0,0,2,snapshot_20150919T025947Z
994937,3,0,3,0.0,0,0,1,1,snapshot_20150919T025947Z
994979,3,3,0,1.0,1,0,0,1,snapshot_20150919T025947Z
995024,4,4,0,1.0,1,0,0,2,snapshot_20150919T025947Z
995103,3,3,0,1.0,1,0,0,2,snapshot_20150919T025947Z
995122,11,9,2,0.8181818181818182,1,0,0,9,snapshot_20150919T025947Z
995225,14,9,5,0.6428571428571429,1,0,0,5,snapshot_20150919T025947Z
995227,6,0,6,0.0,0,0,1,4,snapshot_20150919T025947Z
995267,8,8,0,1.0,1,0,0,6,snapshot_20150919T025947Z
995314,3,0,3,0.0,0,0,1,1,snapshot_20150919T025947Z
995343,10,10,0,1.0,1,0,0,8,snapshot_20150919T025947Z
995397,7,7,0,1.0,1,0,0,5,snapshot_20150919T025947Z
995406,7,4,3,0.5714285714285714,1,0,0,5,snapshot_20150919T025947Z
995714,3,3,0,1.0,1,0,0,1,snapshot_20150919T025947Z
995727,3,0,3,0.0,0,0,1,1,snapshot_20150919T025947Z
995838,6,6,0,1.0,1,1,0,0,snapshot_20150919T025947Z
995908,7,0,7,0.0,0,0,1,5,snapshot_20150919T025947Z
995925,9,9,0,1.0,1,0,0,7,snapshot_20150919T025947Z
996134,15,15,0,1.0,1,0,0,13,snapshot_20150919T025947Z
996157,3,0,3,0.0,0,0,1,1,snapshot_20150919T025947Z
996699,6,6,0,1.0,1,0,0,4,snapshot_20150919T025947Z
996714,3,3,0,1.0,1,0,0,2,snapshot_20150919T025947Z
996879,330,314,16,0.9515151515151515,1,0,0,278,snapshot_20150919T025947Z
996891,16,10,6,0.625,1,0,0,12,snapshot_20150919T025947Z
996991,13,1,12,0.07692307692307693,1,0,0,11,snapshot_20150919T025947Z
997125,13,13,0,1.0,1,0,0,7,snapshot_20150919T025947Z
997219,3,3,0,1.0,1,0,0,1,snapshot_20150919T025947Z
997256,10,10,0,1.0,1,0,0,8,snapshot_20150919T025947Z
997282,22,19,3,0.8636363636363636,1,0,0,18,snapshot_20150919T025947Z
997690,13,13,0,1.0,1,0,0,12,snapshot_20150919T025947Z
997699,5,5,0,1.0,1,0,0,3,snapshot_20150919T025947Z
997925,5,5,0,1.0,1,0,0,3,snapshot_20150919T025947Z
998017,45,44,1,0.9777777777777777,1,0,0,32,snapshot_20150919T025947Z
998175,7,5,2,0.7142857142857143,1,0,0,4,snapshot_20150919T025947Z
998383,6,6,0,1.0,1,0,0,4,snapshot_20150919T025947Z
998502,4,4,0,1.0,1,0,0,2,snapshot_20150919T025947Z
998545,26,14,12,0.5384615384615384,1,0,0,22,snapshot_20150919T025947Z
998577,4,4,0,1.0,1,0,0,2,snapshot_20150919T025947Z
998681,4,3,1,0.75,1,0,0,2,snapshot_20150919T025947Z
998729,6,6,0,1.0,1,0,0,2,snapshot_20150919T025947Z
998808,2,0,2,0.0,0,1,1,0,snapshot_20150919T025947Z
998938,6,6,0,1.0,1,0,0,5,snapshot_20150919T025947Z
998962,4,3,1,0.75,1,0,0,2,snapshot_20150919T025947Z
999047,7,7,0,1.0,1,0,0,5,snapshot_20150919T025947Z
999212,2,0,2,0.0,0,0,1,1,snapshot_20150919T025947Z
999295,10,8,2,0.8,1,0,0,8,snapshot_20150919T025947Z
999378,6,6,0,1.0,1,0,0,4,snapshot_20150919T025947Z
999399,7,7,0,1.0,1,0,0,3,snapshot_20150919T025947Z
999814,4,4,0,1.0,1,0,0,2,snapshot_20150919T025947Z
999869,14,14,0,1.0,1,0,0,8,snapshot_20150919T025947Z
999926,4,4,0,1.0,1,0,0,2,snapshot_20150919T025947Z
1000030,2,2,0,1.0,1,0,0,1,snapshot_20150919T025947Z
1000057,9,8,1,0.8888888888888888,1,0,0,7,snapshot_20150919T025947Z
1000093,18,18,0,1.0,1,0,0,14,snapshot_20150919T025947Z
1000248,10,8,2,0.8,1,0,0,8,snapshot_20150919T025947Z
1000306,393,273,120,0.6946564885496184,1,0,0,368,snapshot_20150919T025947Z
1000454,3,3,0,1.0,1,0,0,1,snapshot_20150919T025947Z
1000561,4,4,0,1.0,1,0,0,2,snapshot_20150919T025947Z
1000583,2,2,0,1.0,1,1,0,0,snapshot_20150919T025947Z
1000593,19,0,19,0.0,0,0,1,14,snapshot_20150919T025947Z
1000656,37,27,10,0.7297297297297297,1,0,0,29,snapshot_20150919T025947Z
1000678,4,4,0,1.0,1,0,0,2,snapshot_20150919T025947Z
1000767,4,4,0,1.0,1,0,0,2,snapshot_20150919T025947Z
1001248,3,3,0,1.0,1,0,0,1,snapshot_20150919T025947Z
1001263,3,3,0,1.0,1,0,0,1,snapshot_20150919T025947Z
1001270,5,5,0,1.0,1,0,0,3,snapshot_20150919T025947Z
1001317,3,3,0,1.0,1,0,0,1,snapshot_20150919T025947Z
1001344,4,0,4,0.0,0,0,1,2,snapshot_20150919T025947Z
1001365,19,19,0,1.0,1,0,0,11,snapshot_20150919T025947Z
1001427,3,3,0,1.0,1,1,0,0,snapshot_20150919T025947Z
1001567,3,3,0,1.0,1,0,0,1,snapshot_20150919T025947Z
1001673,18,2,16,0.1111111111111111,1,0,0,14,snapshot_20150919T025947Z
1001771,3,3,0,1.0,1,0,0,1,snapshot_20150919T025947Z
1001901,10,10,0,1.0,1,0,0,8,snapshot_20150919T025947Z
1002060,3,3,0,1.0,1,0,0,1,snapshot_20150919T025947Z
1002107,6,6,0,1.0,1,0,0,4,snapshot_20150919T025947Z
1002162,4,4,0,1.0,1,0,0,2,snapshot_20150919T025947Z
1002419,14,4,10,0.2857142857142857,1,0,0,9,snapshot_20150919T025947Z
1002471,3,2,1,0.6666666666666666,1,0,0,1,snapshot_20150919T025947Z
1002478,8,7,1,0.875,1,0,0,6,snapshot_20150919T025947Z
1002583,3,3,0,1.0,1,0,0,1,snapshot_20150919T025947Z
1002973,4,4,0,1.0,1,0,0,2,snapshot_20150919T025947Z
1003058,34,34,0,1.0,1,0,0,10,snapshot_20150919T025947Z
1003087,34,34,0,1.0,1,0,0,26,snapshot_20150919T025947Z
1003152,8,0,8,0.0,0,0,1,6,snapshot_20150919T025947Z
1003580,2,2,0,1.0,1,1,0,0,snapshot_20150919T025947Z
1003787,4,4,0,1.0,1,0,0,2,snapshot_20150919T025947Z
1003939,66,66,0,1.0,1,0,0,64,snapshot_20150919T025947Z
1004088,8,8,0,1.0,1,0,0,4,snapshot_20150919T025947Z
1004110,6,6,0,1.0,1,0,0,4,snapshot_20150919T025947Z
1004134,2,2,0,1.0,1,0,0,1,snapshot_20150919T025947Z
1004213,4,4,0,1.0,1,0,0,2,snapshot_20150919T025947Z
1004238,9,9,0,1.0,1,0,0,7,snapshot_20150919T025947Z
1004543,4,4,0,1.0,1,0,0,2,snapshot_20150919T025947Z
1004573,15,7,8,0.4666666666666667,1,0,0,13,snapshot_20150919T025947Z
1004711,4,0,4,0.0,0,0,1,2,snapshot_20150919T025947Z
1004871,4,4,0,1.0,1,0,0,2,snapshot_20150919T025947Z
1005001,8,8,0,1.0,1,0,0,6,snapshot_20150919T025947Z
1005010,6,6,0,1.0,1,0,0,4,snapshot_20150919T025947Z
1005052,3,3,0,1.0,1,0,0,1,snapshot_20150919T025947Z
1005141,36,33,3,0.9166666666666666,1,0,0,31,snapshot_20150919T025947Z
1005153,14,8,6,0.5714285714285714,1,0,0,12,snapshot_20150919T025947Z
1005223,32,0,32,0.0,0,0,1,28,snapshot_20150919T025947Z
1005234,5,5,0,1.0,1,0,0,3,snapshot_20150919T025947Z
1005305,4,4,0,1.0,1,0,0,3,snapshot_20150919T025947Z
1005330,9,9,0,1.0,1,0,0,5,snapshot_20150919T025947Z
1005397,4,0,4,0.0,0,0,1,2,snapshot_20150919T025947Z
1005558,72,19,53,0.2638888888888889,1,0,0,54,snapshot_20150919T025947Z
1005583,3,3,0,1.0,1,0,0,2,snapshot_20150919T025947Z
1005613,26,12,14,0.46153846153846156,1,0,0,22,snapshot_20150919T025947Z
1005723,4,4,0,1.0,1,0,0,2,snapshot_20150919T025947Z
1005779,9,9,0,1.0,1,0,0,7,snapshot_20150919T025947Z
1005822,5,5,0,1.0,1,0,0,3,snapshot_20150919T025947Z
1005863,3,3,0,1.0,1,0,0,1,snapshot_20150919T025947Z
1005867,17,10,7,0.5882352941176471,1,0,0,10,snapshot_20150919T025947Z
1005876,7,7,0,1.0,1,0,0,5,snapshot_20150919T025947Z
1006067,3,3,0,1.0,1,0,0,1,snapshot_20150919T025947Z
1006114,6,6,0,1.0,1,0,0,4,snapshot_20150919T025947Z
1006359,5,5,0,1.0,1,0,0,2,snapshot_20150919T025947Z
1006407,17,7,10,0.4117647058823529,1,0,0,13,snapshot_20150919T025947Z
1006522,7,4,3,0.5714285714285714,1,0,0,1,snapshot_20150919T025947Z
1006557,6,6,0,1.0,1,0,0,4,snapshot_20150919T025947Z
1007078,12,5,7,0.4166666666666667,1,0,0,7,snapshot_20150919T025947Z
1007184,16,16,0,1.0,1,0,0,14,snapshot_20150919T025947Z
1007248,3,3,0,1.0,1,0,0,1,snapshot_20150919T025947Z
1007362,16,15,1,0.9375,1,0,0,15,snapshot_20150919T025947Z
1007372,15,15,0,1.0,1,0,0,13,snapshot_20150919T025947Z
1007671,5,5,0,1.0,1,0,0,3,snapshot_20150919T025947Z
1007692,8,4,4,0.5,1,0,0,4,snapshot_20150919T025947Z
1007724,6,6,0,1.0,1,1,0,0,snapshot_20150919T025947Z
1008289,3,3,0,1.0,1,0,0,1,snapshot_20150919T025947Z
1008434,3,3,0,1.0,1,0,0,1,snapshot_20150919T025947Z
1008461,5,5,0,1.0,1,0,0,3,snapshot_20150919T025947Z
1008517,4,4,0,1.0,1,0,0,3,snapshot_20150919T025947Z
1008540,4,0,4,0.0,0,0,1,2,snapshot_20150919T025947Z
1008739,67,66,1,0.9850746268656716,1,0,0,53,snapshot_20150919T025947Z
1008753,9,9,0,1.0,1,0,0,7,snapshot_20150919T025947Z
1008793,8,8,0,1.0,1,0,0,6,snapshot_20150919T025947Z
1008851,30,16,14,0.5333333333333333,1,0,0,24,snapshot_20150919T025947Z
1009185,8,0,8,0.0,0,0,1,4,snapshot_20150919T025947Z
1009186,4,4,0,1.0,1,0,0,2,snapshot_20150919T025947Z
1009304,7,6,1,0.8571428571428571,1,0,0,5,snapshot_20150919T025947Z
1009438,2,2,0,1.0,1,0,0,1,snapshot_20150919T025947Z
1009613,14,14,0,1.0,1,0,0,10,snapshot_20150919T025947Z
1009644,6,0,6,0.0,0,0,1,4,snapshot_20150919T025947Z
1009686,6,6,0,1.0,1,0,0,4,snapshot_20150919T025947Z
1009766,4,4,0,1.0,1,0,0,1,snapshot_20150919T025947Z
1009811,3,3,0,1.0,1,0,0,1,snapshot_20150919T025947Z
1009812,10,10,0,1.0,1,0,0,8,snapshot_20150919T025947Z
1010111,18,17,1,0.9444444444444444,1,0,0,10,snapshot_20150919T025947Z
1010592,4,4,0,1.0,1,0,0,2,snapshot_20150919T025947Z
1010711,74,60,14,0.8108108108108109,1,0,0,63,snapshot_20150919T025947Z
1010812,2,2,0,1.0,1,1,0,0,snapshot_20150919T025947Z
1010834,27,15,12,0.5555555555555556,1,0,0,16,snapshot_20150919T025947Z
1010916,47,11,36,0.23404255319148937,1,0,0,42,snapshot_20150919T025947Z
1011116,3,3,0,1.0,1,0,0,1,snapshot_20150919T025947Z
1011421,6,6,0,1.0,1,0,0,5,snapshot_20150919T025947Z
1011481,5,5,0,1.0,1,0,0,2,snapshot_20150919T025947Z
1011731,3,3,0,1.0,1,0,0,1,snapshot_20150919T025947Z
1011757,9,1,8,0.1111111111111111,1,0,0,7,snapshot_20150919T025947Z
1011796,12,12,0,1.0,1,0,0,8,snapshot_20150919T025947Z
1011817,4,4,0,1.0,1,0,0,2,snapshot_20150919T025947Z
1011956,6,6,0,1.0,1,0,0,5,snapshot_20150919T025947Z
1011964,21,21,0,1.0,1,0,0,10,snapshot_20150919T025947Z
1012089,6,6,0,1.0,1,0,0,4,snapshot_20150919T025947Z
1012108,5,5,0,1.0,1,0,0,1,snapshot_20150919T025947Z
1012118,11,1,10,0.09090909090909091,1,0,0,9,snapshot_20150919T025947Z
1012516,5,5,0,1.0,1,0,0,3,snapshot_20150919T025947Z
1012647,5,5,0,1.0,1,0,0,3,snapshot_20150919T025947Z
1012717,3,3,0,1.0,1,0,0,1,snapshot_20150919T025947Z
1012836,7,7,0,1.0,1,0,0,5,snapshot_20150919T025947Z
1012983,16,3,13,0.1875,1,0,0,14,snapshot_20150919T025947Z
1013035,3,0,3,0.0,0,0,1,1,snapshot_20150919T025947Z
1013317,2,2,0,1.0,1,0,0,1,snapshot_20150919T025947Z
1013418,28,21,7,0.75,1,0,0,24,snapshot_20150919T025947Z
1013440,29,23,6,0.7931034482758621,1,0,0,24,snapshot_20150919T025947Z
1013524,8,2,6,0.25,1,0,0,6,snapshot_20150919T025947Z
1013587,4,4,0,1.0,1,0,0,2,snapshot_20150919T025947Z
1013626,3,3,0,1.0,1,0,0,1,snapshot_20150919T025947Z
1013810,42,42,0,1.0,1,0,0,34,snapshot_20150919T025947Z
1013847,3,3,0,1.0,1,0,0,1,snapshot_20150919T025947Z
1013883,24,21,3,0.875,1,0,0,9,snapshot_20150919T025947Z
1014071,28,12,16,0.42857142857142855,1,0,0,17,snapshot_20150919T025947Z
1014131,3,3,0,1.0,1,0,0,1,snapshot_20150919T025947Z
1014161,3,0,3,0.0,0,0,1,2,snapshot_20150919T025947Z
1014189,20,11,9,0.55,1,0,0,13,snapshot_20150919T025947Z
1014288,4,4,0,1.0,1,0,0,1,snapshot_20150919T025947Z
1014314,4,4,0,1.0,1,0,0,1,snapshot_20150919T025947Z
1014434,21,0,21,0.0,0,0,1,13,snapshot_20150919T025947Z
1014574,9,9,0,1.0,1,0,0,7,snapshot_20150919T025947Z
1014701,14,14,0,1.0,1,0,0,3,snapshot_20150919T025947Z
1015123,3,0,3,0.0,0,0,1,1,snapshot_20150919T025947Z
1015139,487,428,59,0.8788501026694046,1,0,0,462,snapshot_20150919T025947Z
1015243,48,48,0,1.0,1,0,0,46,snapshot_20150919T025947Z
1015807,3,3,0,1.0,1,0,0,1,snapshot_20150919T025947Z
1016212,14,14,0,1.0,1,0,0,12,snapshot_20150919T025947Z
1016234,5,5,0,1.0,1,0,0,4,snapshot_20150919T025947Z
1016281,6,0,6,0.0,0,0,1,4,snapshot_20150919T025947Z
1016356,13,9,4,0.6923076923076923,1,0,0,9,snapshot_20150919T025947Z
1016496,3,3,0,1.0,1,0,0,1,snapshot_20150919T025947Z
1016574,19,7,12,0.3684210526315789,1,0,0,18,snapshot_20150919T025947Z
1016592,5,5,0,1.0,1,0,0,3,snapshot_20150919T025947Z
1016855,4,4,0,1.0,1,0,0,2,snapshot_20150919T025947Z
1017137,29,29,0,1.0,1,0,0,25,snapshot_20150919T025947Z
1017211,4,4,0,1.0,1,0,0,2,snapshot_20150919T025947Z
1017263,4,4,0,1.0,1,0,0,1,snapshot_20150919T025947Z
1017375,6,5,1,0.8333333333333334,1,0,0,4,snapshot_20150919T025947Z
1017413,2,0,2,0.0,0,0,1,1,snapshot_20150919T025947Z
1017619,15,12,3,0.8,1,0,0,13,snapshot_20150919T025947Z
1017798,4,4,0,1.0,1,0,0,2,snapshot_20150919T025947Z
1017859,27,24,3,0.8888888888888888,1,0,0,25,snapshot_20150919T025947Z
1017973,4,4,0,1.0,1,0,0,2,snapshot_20150919T025947Z
1017997,21,0,21,0.0,0,0,1,12,snapshot_20150919T025947Z
1018074,25,23,2,0.92,1,0,0,20,snapshot_20150919T025947Z
1018140,58,35,23,0.603448275862069,1,0,0,55,snapshot_20150919T025947Z
1018203,4,4,0,1.0,1,0,0,2,snapshot_20150919T025947Z
1018216,4,0,4,0.0,0,0,1,2,snapshot_20150919T025947Z
1018325,5,5,0,1.0,1,0,0,3,snapshot_20150919T025947Z
1018339,10,10,0,1.0,1,0,0,6,snapshot_20150919T025947Z
1018423,12,12,0,1.0,1,0,0,8,snapshot_20150919T025947Z
1018513,4,3,1,0.75,1,0,0,2,snapshot_20150919T025947Z
1018526,11,10,1,0.9090909090909091,1,0,0,8,snapshot_20150919T025947Z
1018616,5,5,0,1.0,1,0,0,3,snapshot_20150919T025947Z
1018880,28,28,0,1.0,1,0,0,24,snapshot_20150919T025947Z
1018974,98,47,51,0.47959183673469385,1,0,0,96,snapshot_20150919T025947Z
1018985,5,4,1,0.8,1,0,0,2,snapshot_20150919T025947Z
1019032,3,3,0,1.0,1,0,0,2,snapshot_20150919T025947Z
1019052,5,5,0,1.0,1,0,0,3,snapshot_20150919T025947Z
1019094,10,10,0,1.0,1,0,0,8,snapshot_20150919T025947Z
1019196,6,6,0,1.0,1,0,0,4,snapshot_20150919T025947Z
1019407,12,12,0,1.0,1,0,0,6,snapshot_20150919T025947Z
1019495,4,4,0,1.0,1,0,0,2,snapshot_20150919T025947Z
1019510,12,12,0,1.0,1,0,0,10,snapshot_20150919T025947Z
1019573,1,1,0,1.0,1,1,0,0,snapshot_20150919T025947Z
1019603,4,4,0,1.0,1,0,0,2,snapshot_20150919T025947Z
1019696,5,5,0,1.0,1,0,0,3,snapshot_20150919T025947Z
1019930,10,10,0,1.0,1,0,0,8,snapshot_20150919T025947Z
1020024,18,18,0,1.0,1,0,0,6,snapshot_20150919T025947Z
1020169,65,35,30,0.5384615384615384,1,0,0,60,snapshot_20150919T025947Z
1020281,4,4,0,1.0,1,0,0,2,snapshot_20150919T025947Z
1020462,2,0,2,0.0,0,0,1,1,snapshot_20150919T025947Z
1020495,4,0,4,0.0,0,0,1,2,snapshot_20150919T025947Z
1020511,10,10,0,1.0,1,0,0,6,snapshot_20150919T025947Z
1020574,15,15,0,1.0,1,0,0,13,snapshot_20150919T025947Z
1020737,38,27,11,0.7105263157894737,1,0,0,27,snapshot_20150919T025947Z
1020763,5,5,0,1.0,1,0,0,3,snapshot_20150919T025947Z
1020965,5,0,5,0.0,0,0,1,3,snapshot_20150919T025947Z
1021170,4,4,0,1.0,1,0,0,2,snapshot_20150919T025947Z
1021202,5,4,1,0.8,1,0,0,3,snapshot_20150919T025947Z
1021527,9,9,0,1.0,1,0,0,5,snapshot_20150919T025947Z
1021744,3,3,0,1.0,1,0,0,2,snapshot_20150919T025947Z
1021811,41,33,8,0.8048780487804879,1,0,0,32,snapshot_20150919T025947Z
1021936,2,2,0,1.0,1,1,0,0,snapshot_20150919T025947Z
1022003,18,18,0,1.0,1,0,0,12,snapshot_20150919T025947Z
1022147,8,8,0,1.0,1,0,0,5,snapshot_20150919T025947Z
1022199,3,3,0,1.0,1,0,0,2,snapshot_20150919T025947Z
1022415,15,15,0,1.0,1,0,0,13,snapshot_20150919T025947Z
1022432,11,11,0,1.0,1,0,0,9,snapshot_20150919T025947Z
1022503,3,3,0,1.0,1,0,0,1,snapshot_20150919T025947Z
1022968,6,3,3,0.5,1,0,0,4,snapshot_20150919T025947Z
1023087,10,10,0,1.0,1,0,0,8,snapshot_20150919T025947Z
1023090,3,3,0,1.0,1,0,0,1,snapshot_20150919T025947Z
1023179,3,3,0,1.0,1,0,0,1,snapshot_20150919T025947Z
1023195,45,45,0,1.0,1,0,0,34,snapshot_20150919T025947Z
1023198,4,4,0,1.0,1,0,0,2,snapshot_20150919T025947Z
1023537,3,3,0,1.0,1,1,0,0,snapshot_20150919T025947Z
1023761,6,6,0,1.0,1,0,0,2,snapshot_20150919T025947Z
1024035,6,5,1,0.8333333333333334,1,0,0,4,snapshot_20150919T025947Z
1024199,5,5,0,1.0,1,0,0,1,snapshot_20150919T025947Z
1024325,15,14,1,0.9333333333333333,1,0,0,14,snapshot_20150919T025947Z
1024334,398,381,17,0.957286432160804,1,0,0,393,snapshot_20150919T025947Z
1024873,3,3,0,1.0,1,0,0,1,snapshot_20150919T025947Z
1024919,3,3,0,1.0,1,0,0,1,snapshot_20150919T025947Z
1025012,31,21,10,0.6774193548387096,1,0,0,24,snapshot_20150919T025947Z
1025263,4,4,0,1.0,1,0,0,2,snapshot_20150919T025947Z
1025490,3,3,0,1.0,1,0,0,1,snapshot_20150919T025947Z
1025715,6,6,0,1.0,1,0,0,3,snapshot_20150919T025947Z
1025723,5,5,0,1.0,1,0,0,3,snapshot_20150919T025947Z
1025839,2,2,0,1.0,1,0,0,1,snapshot_20150919T025947Z
1026145,3,0,3,0.0,0,0,1,1,snapshot_20150919T025947Z
1026160,6,6,0,1.0,1,0,0,4,snapshot_20150919T025947Z
1026208,6,5,1,0.8333333333333334,1,0,0,5,snapshot_20150919T025947Z
1026425,12,0,12,0.0,0,0,1,9,snapshot_20150919T025947Z
1026467,11,11,0,1.0,1,0,0,7,snapshot_20150919T025947Z
1026720,8,2,6,0.25,1,0,0,6,snapshot_20150919T025947Z
1026772,5,5,0,1.0,1,0,0,3,snapshot_20150919T025947Z
1027308,4,4,0,1.0,1,0,0,2,snapshot_20150919T025947Z
1027310,6,5,1,0.8333333333333334,1,0,0,4,snapshot_20150919T025947Z
1027328,4,4,0,1.0,1,0,0,2,snapshot_20150919T025947Z
1027357,4,4,0,1.0,1,0,0,2,snapshot_20150919T025947Z
1027706,4,4,0,1.0,1,0,0,2,snapshot_20150919T025947Z
1027708,7,7,0,1.0,1,0,0,5,snapshot_20150919T025947Z
1027767,9,9,0,1.0,1,0,0,7,snapshot_20150919T025947Z
1027949,3,3,0,1.0,1,0,0,1,snapshot_20150919T025947Z
1028073,6,6,0,1.0,1,0,0,5,snapshot_20150919T025947Z
1028180,4,0,4,0.0,0,0,1,2,snapshot_20150919T025947Z
1028187,3,3,0,1.0,1,0,0,1,snapshot_20150919T025947Z
1028379,7,7,0,1.0,1,0,0,5,snapshot_20150919T025947Z
1028639,16,16,0,1.0,1,0,0,14,snapshot_20150919T025947Z
1028669,8,6,2,0.75,1,0,0,6,snapshot_20150919T025947Z
1028889,4,0,4,0.0,0,0,1,1,snapshot_20150919T025947Z
1028897,8,8,0,1.0,1,0,0,4,snapshot_20150919T025947Z
1029094,4,4,0,1.0,1,0,0,2,snapshot_20150919T025947Z
1029355,2,2,0,1.0,1,1,0,0,snapshot_20150919T025947Z
1029499,8,8,0,1.0,1,0,0,4,snapshot_20150919T025947Z
1029750,54,52,2,0.9629629629629629,1,0,0,52,snapshot_20150919T025947Z
1029755,42,38,4,0.9047619047619048,1,0,0,34,snapshot_20150919T025947Z
1029785,7,6,1,0.8571428571428571,1,0,0,5,snapshot_20150919T025947Z
1030351,13,13,0,1.0,1,0,0,11,snapshot_20150919T025947Z
1030439,6,6,0,1.0,1,0,0,4,snapshot_20150919T025947Z
1030794,8,5,3,0.625,1,0,0,4,snapshot_20150919T025947Z
1030813,11,0,11,0.0,0,0,1,9,snapshot_20150919T025947Z
1030861,4,4,0,1.0,1,0,0,2,snapshot_20150919T025947Z
1030896,2,2,0,1.0,1,1,0,0,snapshot_20150919T025947Z
1030990,8,8,0,1.0,1,0,0,6,snapshot_20150919T025947Z
1031046,10,4,6,0.4,1,0,0,4,snapshot_20150919T025947Z
1031191,7,7,0,1.0,1,0,0,5,snapshot_20150919T025947Z
1031226,3,0,3,0.0,0,0,1,1,snapshot_20150919T025947Z
1031546,6,6,0,1.0,1,0,0,5,snapshot_20150919T025947Z
1031618,9,9,0,1.0,1,0,0,8,snapshot_20150919T025947Z
1031663,40,40,0,1.0,1,0,0,18,snapshot_20150919T025947Z
1031691,3,0,3,0.0,0,0,1,1,snapshot_20150919T025947Z
1032156,7,0,7,0.0,0,0,1,6,snapshot_20150919T025947Z
1032211,4,4,0,1.0,1,0,0,2,snapshot_20150919T025947Z
1032217,2,2,0,1.0,1,1,0,0,snapshot_20150919T025947Z
1032349,7,7,0,1.0,1,0,0,2,snapshot_20150919T025947Z
1032380,14,14,0,1.0,1,0,0,10,snapshot_20150919T025947Z
1032394,11,4,7,0.36363636363636365,1,0,0,9,snapshot_20150919T025947Z
1032403,24,22,2,0.9166666666666666,1,0,0,12,snapshot_20150919T025947Z
1032432,28,26,2,0.9285714285714286,1,0,0,11,snapshot_20150919T025947Z
1032561,5,5,0,1.0,1,0,0,3,snapshot_20150919T025947Z
1032718,4,4,0,1.0,1,0,0,2,snapshot_20150919T025947Z
1032778,6,2,4,0.3333333333333333,1,0,0,4,snapshot_20150919T025947Z
1033046,8,8,0,1.0,1,0,0,6,snapshot_20150919T025947Z
1033073,8,8,0,1.0,1,0,0,6,snapshot_20150919T025947Z
1033279,5,5,0,1.0,1,0,0,3,snapshot_20150919T025947Z
1033428,3,3,0,1.0,1,0,0,1,snapshot_20150919T025947Z
1033504,3,3,0,1.0,1,0,0,1,snapshot_20150919T025947Z
1033586,10,10,0,1.0,1,0,0,6,snapshot_20150919T025947Z
1033678,17,17,0,1.0,1,0,0,15,snapshot_20150919T025947Z
1033716,7,7,0,1.0,1,0,0,5,snapshot_20150919T025947Z
1033920,10,3,7,0.3,1,0,0,3,snapshot_20150919T025947Z
1033942,10,5,5,0.5,1,0,0,8,snapshot_20150919T025947Z
1033958,3,3,0,1.0,1,0,0,1,snapshot_20150919T025947Z
1034255,9,9,0,1.0,1,0,0,5,snapshot_20150919T025947Z
1034371,7,7,0,1.0,1,0,0,5,snapshot_20150919T025947Z
1034675,9,9,0,1.0,1,0,0,7,snapshot_20150919T025947Z
1034756,13,11,2,0.8461538461538461,1,0,0,9,snapshot_20150919T025947Z
1034827,4,4,0,1.0,1,0,0,2,snapshot_20150919T025947Z
1034893,25,20,5,0.8,1,0,0,21,snapshot_20150919T025947Z
1035007,3,3,0,1.0,1,0,0,2,snapshot_20150919T025947Z
1035009,9,0,9,0.0,0,0,1,5,snapshot_20150919T025947Z
1035266,3,3,0,1.0,1,0,0,1,snapshot_20150919T025947Z
1035426,34,34,0,1.0,1,0,0,29,snapshot_20150919T025947Z
1035459,15,15,0,1.0,1,0,0,13,snapshot_20150919T025947Z
1035678,7,7,0,1.0,1,0,0,5,snapshot_20150919T025947Z
1035684,3,3,0,1.0,1,0,0,1,snapshot_20150919T025947Z
1035708,8,3,5,0.375,1,0,0,6,snapshot_20150919T025947Z
1035744,39,39,0,1.0,1,0,0,35,snapshot_20150919T025947Z
1035750,8,8,0,1.0,1,0,0,4,snapshot_20150919T025947Z
1035814,297,109,188,0.367003367003367,1,0,0,224,snapshot_20150919T025947Z
1035890,5,4,1,0.8,1,0,0,3,snapshot_20150919T025947Z
1035968,14,14,0,1.0,1,0,0,12,snapshot_20150919T025947Z
1036016,20,20,0,1.0,1,0,0,13,snapshot_20150919T025947Z
1036059,17,17,0,1.0,1,0,0,12,snapshot_20150919T025947Z
1036246,3,3,0,1.0,1,0,0,1,snapshot_20150919T025947Z
1036286,3,3,0,1.0,1,0,0,1,snapshot_20150919T025947Z
1036360,6,6,0,1.0,1,0,0,4,snapshot_20150919T025947Z
1036452,3,3,0,1.0,1,0,0,1,snapshot_20150919T025947Z
1036487,7,7,0,1.0,1,0,0,5,snapshot_20150919T025947Z
1036738,8,8,0,1.0,1,0,0,7,snapshot_20150919T025947Z
1036936,4,4,0,1.0,1,0,0,2,snapshot_20150919T025947Z
1037270,6,0,6,0.0,0,0,1,4,snapshot_20150919T025947Z
1037330,19,18,1,0.9473684210526315,1,0,0,17,snapshot_20150919T025947Z
1037384,4,4,0,1.0,1,0,0,2,snapshot_20150919T025947Z
1037441,5,1,4,0.2,1,0,0,3,snapshot_20150919T025947Z
1037514,5,5,0,1.0,1,0,0,3,snapshot_20150919T025947Z
1037560,10,9,1,0.9,1,0,0,9,snapshot_20150919T025947Z
1038221,5,5,0,1.0,1,0,0,3,snapshot_20150919T025947Z
1038322,10,3,7,0.3,1,0,0,8,snapshot_20150919T025947Z
1038363,6,6,0,1.0,1,0,0,4,snapshot_20150919T025947Z
1038542,3,3,0,1.0,1,0,0,1,snapshot_20150919T025947Z
1038646,2,2,0,1.0,1,1,0,0,snapshot_20150919T025947Z
1038651,4,0,4,0.0,0,0,1,2,snapshot_20150919T025947Z
1038782,14,4,10,0.2857142857142857,1,0,0,10,snapshot_20150919T025947Z
1038789,3,3,0,1.0,1,0,0,1,snapshot_20150919T025947Z
1038848,5,5,0,1.0,1,0,0,4,snapshot_20150919T025947Z
1038991,38,38,0,1.0,1,0,0,36,snapshot_20150919T025947Z
1039032,12,12,0,1.0,1,0,0,10,snapshot_20150919T025947Z
1039060,12,0,12,0.0,0,0,1,10,snapshot_20150919T025947Z
1039214,3,3,0,1.0,1,0,0,1,snapshot_20150919T025947Z
1039506,4,4,0,1.0,1,0,0,2,snapshot_20150919T025947Z
1039509,2,2,0,1.0,1,0,0,1,snapshot_20150919T025947Z
1039753,5,5,0,1.0,1,0,0,3,snapshot_20150919T025947Z
1039831,14,13,1,0.9285714285714286,1,0,0,12,snapshot_20150919T025947Z
1039973,9,6,3,0.6666666666666666,1,0,0,7,snapshot_20150919T025947Z
1039976,9,9,0,1.0,1,0,0,5,snapshot_20150919T025947Z
1040041,8,8,0,1.0,1,0,0,6,snapshot_20150919T025947Z
1040075,3,3,0,1.0,1,0,0,1,snapshot_20150919T025947Z
1040119,3,3,0,1.0,1,0,0,1,snapshot_20150919T025947Z
1040266,3,3,0,1.0,1,0,0,1,snapshot_20150919T025947Z
1040321,9,9,0,1.0,1,0,0,3,snapshot_20150919T025947Z
1040574,8,8,0,1.0,1,0,0,5,snapshot_20150919T025947Z
1040857,12,12,0,1.0,1,0,0,6,snapshot_20150919T025947Z
1040946,9,0,9,0.0,0,0,1,7,snapshot_20150919T025947Z
1040979,12,1,11,0.08333333333333333,1,0,0,10,snapshot_20150919T025947Z
1040993,4,4,0,1.0,1,0,0,2,snapshot_20150919T025947Z
1041001,3,3,0,1.0,1,0,0,1,snapshot_20150919T025947Z
1041043,14,14,0,1.0,1,0,0,11,snapshot_20150919T025947Z
1041111,9,0,9,0.0,0,0,1,7,snapshot_20150919T025947Z
1041255,4,4,0,1.0,1,0,0,2,snapshot_20150919T025947Z
1041299,9,2,7,0.2222222222222222,1,0,0,7,snapshot_20150919T025947Z
1041389,5,5,0,1.0,1,0,0,3,snapshot_20150919T025947Z
1041558,4,4,0,1.0,1,0,0,1,snapshot_20150919T025947Z
1041562,17,8,9,0.47058823529411764,1,0,0,16,snapshot_20150919T025947Z
1041707,5,5,0,1.0,1,0,0,4,snapshot_20150919T025947Z
1041986,7,7,0,1.0,1,0,0,5,snapshot_20150919T025947Z
1042059,5,5,0,1.0,1,0,0,2,snapshot_20150919T025947Z
1042112,96,77,19,0.8020833333333334,1,0,0,58,snapshot_20150919T025947Z
1042192,6,6,0,1.0,1,0,0,4,snapshot_20150919T025947Z
1042356,7,1,6,0.14285714285714285,1,0,0,6,snapshot_20150919T025947Z
1042434,26,26,0,1.0,1,0,0,14,snapshot_20150919T025947Z
1042656,8,8,0,1.0,1,0,0,6,snapshot_20150919T025947Z
1042727,6,6,0,1.0,1,0,0,4,snapshot_20150919T025947Z
1042749,51,34,17,0.6666666666666666,1,0,0,47,snapshot_20150919T025947Z
1042885,4,4,0,1.0,1,0,0,2,snapshot_20150919T025947Z
1043181,8,6,2,0.75,1,0,0,4,snapshot_20150919T025947Z
1043386,15,15,0,1.0,1,0,0,13,snapshot_20150919T025947Z
1043417,16,16,0,1.0,1,0,0,14,snapshot_20150919T025947Z
1043433,3,3,0,1.0,1,0,0,1,snapshot_20150919T025947Z
1043498,2,2,0,1.0,1,0,0,1,snapshot_20150919T025947Z
1043535,5,5,0,1.0,1,0,0,3,snapshot_20150919T025947Z
1043550,6,6,0,1.0,1,0,0,3,snapshot_20150919T025947Z
1043555,27,12,15,0.4444444444444444,1,0,0,20,snapshot_20150919T025947Z
1043576,5,0,5,0.0,0,0,1,3,snapshot_20150919T025947Z
1043630,32,26,6,0.8125,1,0,0,25,snapshot_20150919T025947Z
1043678,13,12,1,0.9230769230769231,1,0,0,11,snapshot_20150919T025947Z
1043832,3,3,0,1.0,1,0,0,1,snapshot_20150919T025947Z
1044028,5,5,0,1.0,1,0,0,3,snapshot_20150919T025947Z
1044121,3,3,0,1.0,1,0,0,1,snapshot_20150919T025947Z
1044586,6,6,0,1.0,1,0,0,4,snapshot_20150919T025947Z
1044618,3,0,3,0.0,0,0,1,1,snapshot_20150919T025947Z
1044703,2,2,0,1.0,1,1,0,0,snapshot_20150919T025947Z
1044770,2,2,0,1.0,1,0,0,1,snapshot_20150919T025947Z
1044793,10,10,0,1.0,1,0,0,8,snapshot_20150919T025947Z
1044842,6,6,0,1.0,1,0,0,4,snapshot_20150919T025947Z
1044862,2,0,2,0.0,0,0,1,1,snapshot_20150919T025947Z
1044986,4,4,0,1.0,1,0,0,2,snapshot_20150919T025947Z
1045077,3,3,0,1.0,1,0,0,1,snapshot_20150919T025947Z
1045152,29,0,29,0.0,0,0,1,21,snapshot_20150919T025947Z
1045205,25,0,25,0.0,0,0,1,21,snapshot_20150919T025947Z
1045212,5,4,1,0.8,1,0,0,3,snapshot_20150919T025947Z
1045290,5,5,0,1.0,1,0,0,3,snapshot_20150919T025947Z
1045409,19,10,9,0.5263157894736842,1,0,0,13,snapshot_20150919T025947Z
1045440,6,6,0,1.0,1,0,0,4,snapshot_20150919T025947Z
1045445,8,8,0,1.0,1,0,0,6,snapshot_20150919T025947Z
1045572,4,4,0,1.0,1,0,0,2,snapshot_20150919T025947Z
1045580,3,3,0,1.0,1,0,0,1,snapshot_20150919T025947Z
1045905,10,10,0,1.0,1,0,0,9,snapshot_20150919T025947Z
1045937,5,5,0,1.0,1,0,0,3,snapshot_20150919T025947Z
1046101,5,4,1,0.8,1,0,0,3,snapshot_20150919T025947Z
1046172,2,2,0,1.0,1,0,0,1,snapshot_20150919T025947Z
1046288,31,30,1,0.967741935483871,1,0,0,29,snapshot_20150919T025947Z
1046310,4,4,0,1.0,1,0,0,3,snapshot_20150919T025947Z
1046490,6,6,0,1.0,1,0,0,4,snapshot_20150919T025947Z
1046579,31,11,20,0.3548387096774194,1,0,0,29,snapshot_20150919T025947Z
1046769,2,2,0,1.0,1,1,0,0,snapshot_20150919T025947Z
1046787,4,4,0,1.0,1,0,0,2,snapshot_20150919T025947Z
1046837,2,2,0,1.0,1,0,0,1,snapshot_20150919T025947Z
1046904,62,61,1,0.9838709677419355,1,0,0,60,snapshot_20150919T025947Z
1046933,4,0,4,0.0,0,0,1,2,snapshot_20150919T025947Z
1046944,3,3,0,1.0,1,0,0,1,snapshot_20150919T025947Z
1047253,5,5,0,1.0,1,0,0,3,snapshot_20150919T025947Z
1047269,15,13,2,0.8666666666666667,1,0,0,11,snapshot_20150919T025947Z
1047384,13,11,2,0.8461538461538461,1,0,0,8,snapshot_20150919T025947Z
1047431,5,5,0,1.0,1,0,0,3,snapshot_20150919T025947Z
1047637,12,12,0,1.0,1,0,0,9,snapshot_20150919T025947Z
1047813,3,3,0,1.0,1,0,0,1,snapshot_20150919T025947Z
1048033,5,5,0,1.0,1,0,0,1,snapshot_20150919T025947Z
1048327,5,5,0,1.0,1,0,0,3,snapshot_20150919T025947Z
1048533,61,35,26,0.5737704918032787,1,0,0,50,snapshot_20150919T025947Z
1048650,3,3,0,1.0,1,0,0,1,snapshot_20150919T025947Z
1048836,21,17,4,0.8095238095238095,1,0,0,19,snapshot_20150919T025947Z
1048883,2,2,0,1.0,1,1,0,0,snapshot_20150919T025947Z
1049594,5,5,0,1.0,1,0,0,3,snapshot_20150919T025947Z
1049595,2,0,2,0.0,0,1,1,0,snapshot_20150919T025947Z
1049610,3,3,0,1.0,1,0,0,1,snapshot_20150919T025947Z
1050037,3,3,0,1.0,1,0,0,1,snapshot_20150919T025947Z
1050385,4,0,4,0.0,0,0,1,2,snapshot_20150919T025947Z
1050485,4,4,0,1.0,1,0,0,2,snapshot_20150919T025947Z
1050575,6,6,0,1.0,1,0,0,4,snapshot_20150919T025947Z
1050618,14,8,6,0.5714285714285714,1,0,0,12,snapshot_20150919T025947Z
1050805,8,8,0,1.0,1,0,0,4,snapshot_20150919T025947Z
1051054,5,5,0,1.0,1,0,0,1,snapshot_20150919T025947Z
1051319,43,34,9,0.7906976744186046,1,0,0,39,snapshot_20150919T025947Z
1051368,2,2,0,1.0,1,1,0,0,snapshot_20150919T025947Z
1051470,42,42,0,1.0,1,0,0,40,snapshot_20150919T025947Z
1051529,4,4,0,1.0,1,0,0,2,snapshot_20150919T025947Z
1051557,37,34,3,0.918918918918919,1,0,0,29,snapshot_20150919T025947Z
1051607,8,5,3,0.625,1,0,0,6,snapshot_20150919T025947Z
1051642,4,0,4,0.0,0,0,1,2,snapshot_20150919T025947Z
1051698,4,4,0,1.0,1,0,0,2,snapshot_20150919T025947Z
1052281,4,4,0,1.0,1,0,0,2,snapshot_20150919T025947Z
1052311,19,18,1,0.9473684210526315,1,0,0,14,snapshot_20150919T025947Z
1052403,26,15,11,0.5769230769230769,1,0,0,8,snapshot_20150919T025947Z
1052428,4,4,0,1.0,1,0,0,2,snapshot_20150919T025947Z
1052508,4,4,0,1.0,1,0,0,2,snapshot_20150919T025947Z
1052690,2,2,0,1.0,1,1,0,0,snapshot_20150919T025947Z
1052785,27,25,2,0.9259259259259259,1,0,0,24,snapshot_20150919T025947Z
1052861,22,22,0,1.0,1,0,0,18,snapshot_20150919T025947Z
1053089,4,4,0,1.0,1,0,0,1,snapshot_20150919T025947Z
1053100,7,7,0,1.0,1,0,0,5,snapshot_20150919T025947Z
1053258,5,5,0,1.0,1,0,0,3,snapshot_20150919T025947Z
1053351,19,10,9,0.5263157894736842,1,0,0,13,snapshot_20150919T025947Z
1053437,9,6,3,0.6666666666666666,1,0,0,2,snapshot_20150919T025947Z
1053559,10,10,0,1.0,1,0,0,8,snapshot_20150919T025947Z
1053581,6,6,0,1.0,1,0,0,4,snapshot_20150919T025947Z
1053591,3,3,0,1.0,1,0,0,1,snapshot_20150919T025947Z
1053783,42,41,1,0.9761904761904762,1,0,0,33,snapshot_20150919T025947Z
1053908,7,7,0,1.0,1,0,0,4,snapshot_20150919T025947Z
1053942,3,3,0,1.0,1,0,0,1,snapshot_20150919T025947Z
1054391,5,5,0,1.0,1,0,0,4,snapshot_20150919T025947Z
1054587,5,0,5,0.0,0,0,1,3,snapshot_20150919T025947Z
1054607,31,28,3,0.9032258064516129,1,0,0,24,snapshot_20150919T025947Z
1054695,4,4,0,1.0,1,0,0,2,snapshot_20150919T025947Z
1054808,17,16,1,0.9411764705882353,1,0,0,13,snapshot_20150919T025947Z
1054824,3,3,0,1.0,1,0,0,1,snapshot_20150919T025947Z
1055074,5,5,0,1.0,1,0,0,2,snapshot_20150919T025947Z
1055133,5,5,0,1.0,1,0,0,4,snapshot_20150919T025947Z
1055329,13,13,0,1.0,1,0,0,9,snapshot_20150919T025947Z
1055347,21,21,0,1.0,1,0,0,18,snapshot_20150919T025947Z
1055401,23,23,0,1.0,1,0,0,11,snapshot_20150919T025947Z
1055770,5,5,0,1.0,1,0,0,3,snapshot_20150919T025947Z
1056030,4,4,0,1.0,1,0,0,2,snapshot_20150919T025947Z
1056162,12,10,2,0.8333333333333334,1,0,0,11,snapshot_20150919T025947Z
1056168,10,10,0,1.0,1,0,0,6,snapshot_20150919T025947Z
1056247,14,5,9,0.35714285714285715,1,0,0,12,snapshot_20150919T025947Z
1056311,3,3,0,1.0,1,0,0,1,snapshot_20150919T025947Z
1056551,15,15,0,1.0,1,0,0,12,snapshot_20150919T025947Z
1056651,3,3,0,1.0,1,0,0,1,snapshot_20150919T025947Z
1056881,3,3,0,1.0,1,0,0,1,snapshot_20150919T025947Z
1056901,20,20,0,1.0,1,0,0,18,snapshot_20150919T025947Z
1056921,12,12,0,1.0,1,0,0,10,snapshot_20150919T025947Z
1056961,22,22,0,1.0,1,0,0,17,snapshot_20150919T025947Z
1057266,5,5,0,1.0,1,0,0,3,snapshot_20150919T025947Z
1057330,23,15,8,0.6521739130434783,1,0,0,22,snapshot_20150919T025947Z
1057465,7,7,0,1.0,1,0,0,4,snapshot_20150919T025947Z
1057581,2,2,0,1.0,1,1,0,0,snapshot_20150919T025947Z
1057608,10,10,0,1.0,1,0,0,8,snapshot_20150919T025947Z
1058123,20,20,0,1.0,1,0,0,16,snapshot_20150919T025947Z
1058185,4,0,4,0.0,0,0,1,2,snapshot_20150919T025947Z
1058190,4,4,0,1.0,1,0,0,2,snapshot_20150919T025947Z
1058213,19,10,9,0.5263157894736842,1,0,0,11,snapshot_20150919T025947Z
1058268,5,5,0,1.0,1,0,0,2,snapshot_20150919T025947Z
1058388,3,3,0,1.0,1,0,0,1,snapshot_20150919T025947Z
1058404,16,1,15,0.0625,1,0,0,15,snapshot_20150919T025947Z
1058409,18,18,0,1.0,1,0,0,15,snapshot_20150919T025947Z
1058490,11,11,0,1.0,1,0,0,9,snapshot_20150919T025947Z
1058657,5,0,5,0.0,0,0,1,3,snapshot_20150919T025947Z
1058705,35,26,9,0.7428571428571429,1,0,0,32,snapshot_20150919T025947Z
1058708,10,10,0,1.0,1,0,0,6,snapshot_20150919T025947Z
1058710,3,3,0,1.0,1,0,0,1,snapshot_20150919T025947Z
1058908,4,4,0,1.0,1,0,0,3,snapshot_20150919T025947Z
1058941,14,14,0,1.0,1,0,0,6,snapshot_20150919T025947Z
1059065,2,2,0,1.0,1,1,0,0,snapshot_20150919T025947Z
1059363,21,21,0,1.0,1,0,0,17,snapshot_20150919T025947Z
1059475,3,3,0,1.0,1,0,0,1,snapshot_20150919T025947Z
1059647,3,3,0,1.0,1,0,0,1,snapshot_20150919T025947Z
1059939,5,5,0,1.0,1,0,0,3,snapshot_20150919T025947Z
1060139,32,32,0,1.0,1,0,0,29,snapshot_20150919T025947Z
1060241,16,16,0,1.0,1,0,0,14,snapshot_20150919T025947Z
1060420,3,0,3,0.0,0,0,1,1,snapshot_20150919T025947Z
1060458,4,4,0,1.0,1,0,0,2,snapshot_20150919T025947Z
1060630,33,13,20,0.3939393939393939,1,0,0,29,snapshot_20150919T025947Z
1060743,9,7,2,0.7777777777777778,1,0,0,7,snapshot_20150919T025947Z
1061238,20,19,1,0.95,1,0,0,9,snapshot_20150919T025947Z
1061273,6,6,0,1.0,1,0,0,4,snapshot_20150919T025947Z
1061336,27,26,1,0.9629629629629629,1,0,0,25,snapshot_20150919T025947Z
1061666,6,6,0,1.0,1,0,0,4,snapshot_20150919T025947Z
1061966,9,9,0,1.0,1,0,0,5,snapshot_20150919T025947Z
1062192,25,25,0,1.0,1,0,0,20,snapshot_20150919T025947Z
1062424,3,3,0,1.0,1,0,0,1,snapshot_20150919T025947Z
1062583,13,1,12,0.07692307692307693,1,0,0,11,snapshot_20150919T025947Z
1062602,3,3,0,1.0,1,0,0,1,snapshot_20150919T025947Z
1062712,4,0,4,0.0,0,0,1,2,snapshot_20150919T025947Z
1062766,3,3,0,1.0,1,0,0,1,snapshot_20150919T025947Z
1062953,4,4,0,1.0,1,0,0,2,snapshot_20150919T025947Z
1062982,4,4,0,1.0,1,0,0,2,snapshot_20150919T025947Z
1062987,18,0,18,0.0,0,0,1,12,snapshot_20150919T025947Z
1063648,7,7,0,1.0,1,0,0,5,snapshot_20150919T025947Z
1063775,3,0,3,0.0,0,0,1,1,snapshot_20150919T025947Z
1063848,7,7,0,1.0,1,0,0,5,snapshot_20150919T025947Z
1063946,14,14,0,1.0,1,0,0,12,snapshot_20150919T025947Z
1064350,10,6,4,0.6,1,0,0,8,snapshot_20150919T025947Z
1064358,33,33,0,1.0,1,0,0,25,snapshot_20150919T025947Z
1064422,12,11,1,0.9166666666666666,1,0,0,6,snapshot_20150919T025947Z
1064435,6,6,0,1.0,1,0,0,4,snapshot_20150919T025947Z
1064436,3,3,0,1.0,1,0,0,1,snapshot_20150919T025947Z
1064483,3,3,0,1.0,1,0,0,1,snapshot_20150919T025947Z
1064813,3,3,0,1.0,1,0,0,1,snapshot_20150919T025947Z
1064901,6,6,0,1.0,1,0,0,4,snapshot_20150919T025947Z
1065189,7,2,5,0.2857142857142857,1,0,0,4,snapshot_20150919T025947Z
1065255,365,314,51,0.8602739726027397,1,0,0,283,snapshot_20150919T025947Z
1065320,9,9,0,1.0,1,0,0,7,snapshot_20150919T025947Z
1065650,11,11,0,1.0,1,0,0,9,snapshot_20150919T025947Z
1065793,6,5,1,0.8333333333333334,1,0,0,5,snapshot_20150919T025947Z
1065827,26,16,10,0.6153846153846154,1,0,0,19,snapshot_20150919T025947Z
1065940,15,5,10,0.3333333333333333,1,0,0,9,snapshot_20150919T025947Z
1066033,6,6,0,1.0,1,0,0,4,snapshot_20150919T025947Z
1066199,44,44,0,1.0,1,0,0,42,snapshot_20150919T025947Z
1066293,4,3,1,0.75,1,0,0,2,snapshot_20150919T025947Z
1066337,3,3,0,1.0,1,0,0,1,snapshot_20150919T025947Z
1066430,35,9,26,0.2571428571428571,1,0,0,33,snapshot_20150919T025947Z
1066440,4,0,4,0.0,0,0,1,2,snapshot_20150919T025947Z
1066883,4,4,0,1.0,1,0,0,2,snapshot_20150919T025947Z
1066959,1,1,0,1.0,1,1,0,0,snapshot_20150919T025947Z
1067290,7,7,0,1.0,1,0,0,5,snapshot_20150919T025947Z
1067500,6,6,0,1.0,1,0,0,4,snapshot_20150919T025947Z
1067646,6,6,0,1.0,1,0,0,3,snapshot_20150919T025947Z
1067805,10,10,0,1.0,1,0,0,8,snapshot_20150919T025947Z
1067810,6,6,0,1.0,1,0,0,4,snapshot_20150919T025947Z
1068179,6,6,0,1.0,1,0,0,4,snapshot_20150919T025947Z
1068387,4,4,0,1.0,1,0,0,2,snapshot_20150919T025947Z
1068640,5,5,0,1.0,1,0,0,3,snapshot_20150919T025947Z
1068737,3,3,0,1.0,1,0,0,1,snapshot_20150919T025947Z
1068780,13,13,0,1.0,1,0,0,10,snapshot_20150919T025947Z
1068812,2,2,0,1.0,1,0,0,1,snapshot_20150919T025947Z
1069077,6,6,0,1.0,1,0,0,4,snapshot_20150919T025947Z
1069091,6,6,0,1.0,1,0,0,5,snapshot_20150919T025947Z
1069361,9,9,0,1.0,1,0,0,8,snapshot_20150919T025947Z
1069511,3,3,0,1.0,1,0,0,1,snapshot_20150919T025947Z
1069526,5,5,0,1.0,1,0,0,3,snapshot_20150919T025947Z
1069711,6,5,1,0.8333333333333334,1,0,0,4,snapshot_20150919T025947Z
1069746,3,3,0,1.0,1,0,0,1,snapshot_20150919T025947Z
1069754,21,21,0,1.0,1,0,0,19,snapshot_20150919T025947Z
1069856,63,61,2,0.9682539682539683,1,0,0,59,snapshot_20150919T025947Z
1069931,4,4,0,1.0,1,0,0,2,snapshot_20150919T025947Z
1069987,8,8,0,1.0,1,0,0,6,snapshot_20150919T025947Z
1070029,7,7,0,1.0,1,0,0,3,snapshot_20150919T025947Z
1070060,4,1,3,0.25,1,0,0,2,snapshot_20150919T025947Z
1070249,31,30,1,0.967741935483871,1,0,0,22,snapshot_20150919T025947Z
1070384,7,7,0,1.0,1,0,0,5,snapshot_20150919T025947Z
1070440,5,5,0,1.0,1,0,0,3,snapshot_20150919T025947Z
1070506,21,14,7,0.6666666666666666,1,0,0,18,snapshot_20150919T025947Z
1070509,5,5,0,1.0,1,0,0,3,snapshot_20150919T025947Z
1070560,18,18,0,1.0,1,0,0,16,snapshot_20150919T025947Z
1070882,5,5,0,1.0,1,0,0,2,snapshot_20150919T025947Z
1070938,8,8,0,1.0,1,0,0,6,snapshot_20150919T025947Z
1071121,8,8,0,1.0,1,0,0,4,snapshot_20150919T025947Z
1071124,6,6,0,1.0,1,0,0,4,snapshot_20150919T025947Z
1071234,6,5,1,0.8333333333333334,1,0,0,4,snapshot_20150919T025947Z
1071262,25,23,2,0.92,1,0,0,23,snapshot_20150919T025947Z
1071308,112,91,21,0.8125,1,0,0,106,snapshot_20150919T025947Z
1071322,4,4,0,1.0,1,0,0,2,snapshot_20150919T025947Z
1071410,3,3,0,1.0,1,0,0,1,snapshot_20150919T025947Z
1071499,2,2,0,1.0,1,1,0,0,snapshot_20150919T025947Z
1071608,20,17,3,0.85,1,0,0,18,snapshot_20150919T025947Z
1071627,3,3,0,1.0,1,0,0,1,snapshot_20150919T025947Z
1071835,12,1,11,0.08333333333333333,1,0,0,9,snapshot_20150919T025947Z
1071917,14,5,9,0.35714285714285715,1,0,0,12,snapshot_20150919T025947Z
1071919,3,3,0,1.0,1,0,0,1,snapshot_20150919T025947Z
1072212,3,3,0,1.0,1,0,0,1,snapshot_20150919T025947Z
1072220,3,3,0,1.0,1,0,0,1,snapshot_20150919T025947Z
1072230,3,3,0,1.0,1,0,0,1,snapshot_20150919T025947Z
1072332,3,3,0,1.0,1,0,0,1,snapshot_20150919T025947Z
1072496,7,7,0,1.0,1,0,0,5,snapshot_20150919T025947Z
1072753,3,3,0,1.0,1,0,0,1,snapshot_20150919T025947Z
1072776,5,5,0,1.0,1,0,0,1,snapshot_20150919T025947Z
1073168,6,2,4,0.3333333333333333,1,0,0,4,snapshot_20150919T025947Z
1073266,5,0,5,0.0,0,0,1,3,snapshot_20150919T025947Z
1073377,53,52,1,0.9811320754716981,1,0,0,38,snapshot_20150919T025947Z
1073653,14,13,1,0.9285714285714286,1,0,0,9,snapshot_20150919T025947Z
1073658,4,4,0,1.0,1,0,0,1,snapshot_20150919T025947Z
1073844,8,8,0,1.0,1,0,0,6,snapshot_20150919T025947Z
1073944,4,4,0,1.0,1,0,0,2,snapshot_20150919T025947Z
1074034,4,3,1,0.75,1,0,0,3,snapshot_20150919T025947Z
1074117,19,19,0,1.0,1,0,0,17,snapshot_20150919T025947Z
1074157,10,5,5,0.5,1,0,0,5,snapshot_20150919T025947Z
1074170,2,2,0,1.0,1,1,0,0,snapshot_20150919T025947Z
1074223,11,7,4,0.6363636363636364,1,0,0,9,snapshot_20150919T025947Z
1074236,3,3,0,1.0,1,0,0,1,snapshot_20150919T025947Z
1074248,4,4,0,1.0,1,0,0,2,snapshot_20150919T025947Z
1074315,6,0,6,0.0,0,0,1,4,snapshot_20150919T025947Z
1074354,14,14,0,1.0,1,0,0,10,snapshot_20150919T025947Z
1074449,10,10,0,1.0,1,0,0,8,snapshot_20150919T025947Z
1074470,5,5,0,1.0,1,0,0,3,snapshot_20150919T025947Z
1074644,3,3,0,1.0,1,0,0,1,snapshot_20150919T025947Z
1074861,46,14,32,0.30434782608695654,1,0,0,36,snapshot_20150919T025947Z
1075090,4,4,0,1.0,1,0,0,2,snapshot_20150919T025947Z
1075203,3,3,0,1.0,1,1,0,0,snapshot_20150919T025947Z
1075423,483,326,157,0.6749482401656315,1,0,0,389,snapshot_20150919T025947Z
1075444,26,1,25,0.038461538461538464,1,0,0,24,snapshot_20150919T025947Z
1075504,6,6,0,1.0,1,0,0,4,snapshot_20150919T025947Z
1075782,3,0,3,0.0,0,0,1,1,snapshot_20150919T025947Z
1075785,8,4,4,0.5,1,0,0,5,snapshot_20150919T025947Z
1075788,12,12,0,1.0,1,0,0,8,snapshot_20150919T025947Z
1075890,3,3,0,1.0,1,0,0,1,snapshot_20150919T025947Z
1075898,3,3,0,1.0,1,0,0,1,snapshot_20150919T025947Z
1076102,13,13,0,1.0,1,0,0,9,snapshot_20150919T025947Z
1076167,8,8,0,1.0,1,0,0,6,snapshot_20150919T025947Z
1076270,23,23,0,1.0,1,0,0,18,snapshot_20150919T025947Z
1076359,11,4,7,0.36363636363636365,1,0,0,9,snapshot_20150919T025947Z
1076366,154,43,111,0.2792207792207792,1,0,0,118,snapshot_20150919T025947Z
1076451,3,0,3,0.0,0,0,1,2,snapshot_20150919T025947Z
1076479,67,57,10,0.8507462686567164,1,0,0,63,snapshot_20150919T025947Z
1076493,5,5,0,1.0,1,0,0,3,snapshot_20150919T025947Z
1076559,4,4,0,1.0,1,0,0,2,snapshot_20150919T025947Z
1076611,11,11,0,1.0,1,0,0,8,snapshot_20150919T025947Z
1076857,10,10,0,1.0,1,0,0,6,snapshot_20150919T025947Z
1077145,15,15,0,1.0,1,0,0,13,snapshot_20150919T025947Z
1077320,28,26,2,0.9285714285714286,1,0,0,22,snapshot_20150919T025947Z
1077471,11,7,4,0.6363636363636364,1,0,0,10,snapshot_20150919T025947Z
1077585,5,5,0,1.0,1,0,0,3,snapshot_20150919T025947Z
1077937,5,5,0,1.0,1,0,0,3,snapshot_20150919T025947Z
1077968,29,29,0,1.0,1,0,0,20,snapshot_20150919T025947Z
1077984,32,32,0,1.0,1,0,0,20,snapshot_20150919T025947Z
1078180,9,9,0,1.0,1,0,0,5,snapshot_20150919T025947Z
1078208,6,6,0,1.0,1,0,0,4,snapshot_20150919T025947Z
1078266,4,4,0,1.0,1,0,0,2,snapshot_20150919T025947Z
1078486,12,0,12,0.0,0,0,1,8,snapshot_20150919T025947Z
1078513,24,17,7,0.7083333333333334,1,0,0,21,snapshot_20150919T025947Z
1078946,17,17,0,1.0,1,0,0,13,snapshot_20150919T025947Z
1079139,24,24,0,1.0,1,0,0,19,snapshot_20150919T025947Z
1079533,5,0,5,0.0,0,0,1,3,snapshot_20150919T025947Z
1079760,3,3,0,1.0,1,0,0,1,snapshot_20150919T025947Z
1079932,27,27,0,1.0,1,0,0,21,snapshot_20150919T025947Z
1079996,11,4,7,0.36363636363636365,1,0,0,9,snapshot_20150919T025947Z
1080273,14,14,0,1.0,1,0,0,12,snapshot_20150919T025947Z
1080647,5,2,3,0.4,1,0,0,4,snapshot_20150919T025947Z
1080678,5,5,0,1.0,1,0,0,3,snapshot_20150919T025947Z
1080729,4,4,0,1.0,1,0,0,2,snapshot_20150919T025947Z
1080955,3,3,0,1.0,1,0,0,2,snapshot_20150919T025947Z
1081220,17,17,0,1.0,1,0,0,15,snapshot_20150919T025947Z
1081405,4,4,0,1.0,1,0,0,2,snapshot_20150919T025947Z
1081431,3,3,0,1.0,1,0,0,1,snapshot_20150919T025947Z
1081566,6,6,0,1.0,1,0,0,4,snapshot_20150919T025947Z
1081624,4,0,4,0.0,0,0,1,2,snapshot_20150919T025947Z
1081726,5,2,3,0.4,1,0,0,2,snapshot_20150919T025947Z
1081741,2,1,1,0.5,1,1,0,0,snapshot_20150919T025947Z
1081894,11,11,0,1.0,1,0,0,8,snapshot_20150919T025947Z
1081901,8,8,0,1.0,1,0,0,6,snapshot_20150919T025947Z
1082043,3,3,0,1.0,1,0,0,1,snapshot_20150919T025947Z
1082305,11,8,3,0.7272727272727273,1,0,0,4,snapshot_20150919T025947Z
1082371,13,13,0,1.0,1,0,0,11,snapshot_20150919T025947Z
1082536,1,1,0,1.0,1,1,0,0,snapshot_20150919T025947Z
1082641,18,17,1,0.9444444444444444,1,0,0,13,snapshot_20150919T025947Z
1082822,9,0,9,0.0,0,0,1,7,snapshot_20150919T025947Z
1082887,9,7,2,0.7777777777777778,1,0,0,7,snapshot_20150919T025947Z
1083036,2,2,0,1.0,1,1,0,0,snapshot_20150919T025947Z
1083118,140,139,1,0.9928571428571429,1,0,0,125,snapshot_20150919T025947Z
1083127,6,6,0,1.0,1,0,0,3,snapshot_20150919T025947Z
1083188,4,3,1,0.75,1,0,0,2,snapshot_20150919T025947Z
1083253,9,9,0,1.0,1,0,0,6,snapshot_20150919T025947Z
1083369,8,8,0,1.0,1,0,0,6,snapshot_20150919T025947Z
1083373,56,56,0,1.0,1,0,0,38,snapshot_20150919T025947Z
1083495,10,6,4,0.6,1,0,0,7,snapshot_20150919T025947Z
1083658,51,51,0,1.0,1,0,0,48,snapshot_20150919T025947Z
1083786,13,8,5,0.6153846153846154,1,0,0,6,snapshot_20150919T025947Z
1083837,3,3,0,1.0,1,0,0,1,snapshot_20150919T025947Z
1083923,4,4,0,1.0,1,0,0,2,snapshot_20150919T025947Z
1084018,6,6,0,1.0,1,0,0,2,snapshot_20150919T025947Z
1084182,3,0,3,0.0,0,0,1,1,snapshot_20150919T025947Z
1084265,4,4,0,1.0,1,0,0,1,snapshot_20150919T025947Z
1084305,8,1,7,0.125,1,0,0,6,snapshot_20150919T025947Z
1084338,6,6,0,1.0,1,0,0,3,snapshot_20150919T025947Z
1084528,6,6,0,1.0,1,0,0,4,snapshot_20150919T025947Z
1084561,7,1,6,0.14285714285714285,1,0,0,5,snapshot_20150919T025947Z
1084569,5,0,5,0.0,0,0,1,1,snapshot_20150919T025947Z
1084617,2,2,0,1.0,1,1,0,0,snapshot_20150919T025947Z
1084677,8,8,0,1.0,1,0,0,4,snapshot_20150919T025947Z
1084741,45,44,1,0.9777777777777777,1,0,0,41,snapshot_20150919T025947Z
1084952,15,15,0,1.0,1,0,0,9,snapshot_20150919T025947Z
1085279,4,0,4,0.0,0,0,1,3,snapshot_20150919T025947Z
1085571,4,0,4,0.0,0,0,1,2,snapshot_20150919T025947Z
1085620,6,6,0,1.0,1,0,0,4,snapshot_20150919T025947Z
1085624,2,2,0,1.0,1,1,0,0,snapshot_20150919T025947Z
1085761,14,10,4,0.7142857142857143,1,0,0,12,snapshot_20150919T025947Z
1085818,14,14,0,1.0,1,0,0,9,snapshot_20150919T025947Z
1085829,5,0,5,0.0,0,0,1,2,snapshot_20150919T025947Z
1085971,3,3,0,1.0,1,0,0,1,snapshot_20150919T025947Z
1086003,3,3,0,1.0,1,1,0,0,snapshot_20150919T025947Z
1086034,3,3,0,1.0,1,0,0,1,snapshot_20150919T025947Z
1086075,26,21,5,0.8076923076923077,1,0,0,24,snapshot_20150919T025947Z
1086108,6,2,4,0.3333333333333333,1,0,0,4,snapshot_20150919T025947Z
1086334,13,13,0,1.0,1,0,0,9,snapshot_20150919T025947Z
1086897,18,15,3,0.8333333333333334,1,0,0,16,snapshot_20150919T025947Z
1086903,11,9,2,0.8181818181818182,1,0,0,9,snapshot_20150919T025947Z
1086913,3,3,0,1.0,1,0,0,1,snapshot_20150919T025947Z
1086982,6,6,0,1.0,1,0,0,2,snapshot_20150919T025947Z
1087295,4,4,0,1.0,1,0,0,2,snapshot_20150919T025947Z
1087601,3,3,0,1.0,1,0,0,1,snapshot_20150919T025947Z
1088027,10,10,0,1.0,1,0,0,9,snapshot_20150919T025947Z
1088068,8,8,0,1.0,1,0,0,6,snapshot_20150919T025947Z
1088103,3,3,0,1.0,1,0,0,1,snapshot_20150919T025947Z
1088116,6,4,2,0.6666666666666666,1,0,0,3,snapshot_20150919T025947Z
1088151,4,4,0,1.0,1,0,0,2,snapshot_20150919T025947Z
1088210,3,3,0,1.0,1,0,0,1,snapshot_20150919T025947Z
1088211,10,10,0,1.0,1,0,0,8,snapshot_20150919T025947Z
1088275,2,2,0,1.0,1,0,0,1,snapshot_20150919T025947Z
1088393,3,3,0,1.0,1,0,0,1,snapshot_20150919T025947Z
1088465,9,9,0,1.0,1,0,0,6,snapshot_20150919T025947Z
1088880,20,20,0,1.0,1,0,0,9,snapshot_20150919T025947Z
1088976,3,3,0,1.0,1,0,0,1,snapshot_20150919T025947Z
1089538,6,6,0,1.0,1,0,0,3,snapshot_20150919T025947Z
1089853,9,0,9,0.0,0,0,1,6,snapshot_20150919T025947Z
1089934,3,3,0,1.0,1,0,0,1,snapshot_20150919T025947Z
1089992,7,7,0,1.0,1,0,0,3,snapshot_20150919T025947Z
1090044,5,5,0,1.0,1,0,0,2,snapshot_20150919T025947Z
1090063,3,3,0,1.0,1,0,0,1,snapshot_20150919T025947Z
1090124,4,4,0,1.0,1,0,0,3,snapshot_20150919T025947Z
1090144,12,1,11,0.08333333333333333,1,0,0,10,snapshot_20150919T025947Z
1090325,3,3,0,1.0,1,0,0,1,snapshot_20150919T025947Z
1090413,10,10,0,1.0,1,0,0,8,snapshot_20150919T025947Z
1090473,2,2,0,1.0,1,1,0,0,snapshot_20150919T025947Z
1090548,9,0,9,0.0,0,0,1,7,snapshot_20150919T025947Z
1090665,7,7,0,1.0,1,0,0,2,snapshot_20150919T025947Z
1090824,7,7,0,1.0,1,0,0,5,snapshot_20150919T025947Z
1090856,24,24,0,1.0,1,0,0,22,snapshot_20150919T025947Z
1090857,3,3,0,1.0,1,0,0,1,snapshot_20150919T025947Z
1090887,29,29,0,1.0,1,0,0,26,snapshot_20150919T025947Z
1091087,52,52,0,1.0,1,0,0,42,snapshot_20150919T025947Z
1091107,7,6,1,0.8571428571428571,1,0,0,5,snapshot_20150919T025947Z
1091556,5,0,5,0.0,0,0,1,3,snapshot_20150919T025947Z
1091732,6,6,0,1.0,1,0,0,5,snapshot_20150919T025947Z
1091855,44,27,17,0.6136363636363636,1,0,0,40,snapshot_20150919T025947Z
1092175,4,4,0,1.0,1,0,0,3,snapshot_20150919T025947Z
1092199,3,3,0,1.0,1,0,0,2,snapshot_20150919T025947Z
1092370,11,0,11,0.0,0,0,1,4,snapshot_20150919T025947Z
1092403,4,4,0,1.0,1,0,0,2,snapshot_20150919T025947Z
1092409,5,5,0,1.0,1,0,0,3,snapshot_20150919T025947Z
1092478,8,8,0,1.0,1,0,0,4,snapshot_20150919T025947Z
1092723,10,10,0,1.0,1,0,0,6,snapshot_20150919T025947Z
1092797,4,4,0,1.0,1,0,0,1,snapshot_20150919T025947Z
1093035,606,439,167,0.7244224422442245,1,0,0,465,snapshot_20150919T025947Z
1093062,3,3,0,1.0,1,0,0,1,snapshot_20150919T025947Z
1093151,4,4,0,1.0,1,0,0,1,snapshot_20150919T025947Z
1093456,8,8,0,1.0,1,0,0,6,snapshot_20150919T025947Z
1093461,4,4,0,1.0,1,0,0,2,snapshot_20150919T025947Z
1093736,5,0,5,0.0,0,0,1,2,snapshot_20150919T025947Z
1093771,3,3,0,1.0,1,0,0,1,snapshot_20150919T025947Z
1093946,9,7,2,0.7777777777777778,1,0,0,5,snapshot_20150919T025947Z
1094021,38,35,3,0.9210526315789473,1,0,0,32,snapshot_20150919T025947Z
1094034,8,3,5,0.375,1,0,0,6,snapshot_20150919T025947Z
1094089,23,0,23,0.0,0,0,1,21,snapshot_20150919T025947Z
1094128,7,7,0,1.0,1,0,0,3,snapshot_20150919T025947Z
1094188,5,5,0,1.0,1,0,0,3,snapshot_20150919T025947Z
1094310,2,2,0,1.0,1,0,0,1,snapshot_20150919T025947Z
1094389,3,0,3,0.0,0,0,1,1,snapshot_20150919T025947Z
1094490,12,3,9,0.25,1,0,0,11,snapshot_20150919T025947Z
1094597,4,4,0,1.0,1,0,0,1,snapshot_20150919T025947Z
1094829,3,0,3,0.0,0,0,1,1,snapshot_20150919T025947Z
1095103,12,10,2,0.8333333333333334,1,0,0,9,snapshot_20150919T025947Z
1095124,6,6,0,1.0,1,0,0,4,snapshot_20150919T025947Z
1095458,45,45,0,1.0,1,0,0,29,snapshot_20150919T025947Z
1095470,19,19,0,1.0,1,0,0,13,snapshot_20150919T025947Z
1095484,3,3,0,1.0,1,0,0,1,snapshot_20150919T025947Z
1095555,3,3,0,1.0,1,0,0,1,snapshot_20150919T025947Z
1095676,4,4,0,1.0,1,0,0,2,snapshot_20150919T025947Z
1096075,6,6,0,1.0,1,0,0,4,snapshot_20150919T025947Z
1096142,3,3,0,1.0,1,0,0,1,snapshot_20150919T025947Z
1096330,13,13,0,1.0,1,0,0,11,snapshot_20150919T025947Z
1096495,15,15,0,1.0,1,0,0,13,snapshot_20150919T025947Z
1096542,13,9,4,0.6923076923076923,1,0,0,9,snapshot_20150919T025947Z
1096676,6,6,0,1.0,1,0,0,4,snapshot_20150919T025947Z
1096840,7,7,0,1.0,1,0,0,5,snapshot_20150919T025947Z
1097026,9,9,0,1.0,1,0,0,4,snapshot_20150919T025947Z
1097216,11,10,1,0.9090909090909091,1,0,0,5,snapshot_20150919T025947Z
1097386,6,6,0,1.0,1,0,0,4,snapshot_20150919T025947Z
1097400,26,26,0,1.0,1,0,0,14,snapshot_20150919T025947Z
1097512,5,5,0,1.0,1,0,0,3,snapshot_20150919T025947Z
1097646,31,4,27,0.12903225806451613,1,0,0,28,snapshot_20150919T025947Z
1097897,4,4,0,1.0,1,0,0,2,snapshot_20150919T025947Z
1098035,24,21,3,0.875,1,0,0,21,snapshot_20150919T025947Z
1098310,3,0,3,0.0,0,0,1,1,snapshot_20150919T025947Z
1098391,13,13,0,1.0,1,0,0,11,snapshot_20150919T025947Z
1098607,3,3,0,1.0,1,0,0,1,snapshot_20150919T025947Z
1098616,6,6,0,1.0,1,0,0,3,snapshot_20150919T025947Z
1098767,3,3,0,1.0,1,0,0,1,snapshot_20150919T025947Z
1098769,6,6,0,1.0,1,0,0,2,snapshot_20150919T025947Z
1098883,3,3,0,1.0,1,0,0,1,snapshot_20150919T025947Z
1098888,6,6,0,1.0,1,0,0,4,snapshot_20150919T025947Z
1098959,30,30,0,1.0,1,0,0,27,snapshot_20150919T025947Z
1099198,10,10,0,1.0,1,0,0,8,snapshot_20150919T025947Z
1099348,5,5,0,1.0,1,0,0,3,snapshot_20150919T025947Z
1099519,2,2,0,1.0,1,1,0,0,snapshot_20150919T025947Z
1099612,5,5,0,1.0,1,0,0,3,snapshot_20150919T025947Z
1099749,13,12,1,0.9230769230769231,1,0,0,10,snapshot_20150919T025947Z
1099801,7,7,0,1.0,1,0,0,5,snapshot_20150919T025947Z
1099842,8,8,0,1.0,1,0,0,3,snapshot_20150919T025947Z
1099905,13,13,0,1.0,1,0,0,11,snapshot_20150919T025947Z
1099916,7,7,0,1.0,1,0,0,3,snapshot_20150919T025947Z
1100002,12,11,1,0.9166666666666666,1,0,0,10,snapshot_20150919T025947Z
1100036,5,5,0,1.0,1,0,0,3,snapshot_20150919T025947Z
1100390,7,1,6,0.14285714285714285,1,0,0,4,snapshot_20150919T025947Z
1100641,5,5,0,1.0,1,1,0,0,snapshot_20150919T025947Z
1100851,3,0,3,0.0,0,0,1,1,snapshot_20150919T025947Z
1100884,4,4,0,1.0,1,0,0,2,snapshot_20150919T025947Z
1100892,16,15,1,0.9375,1,0,0,13,snapshot_20150919T025947Z
1100984,2,2,0,1.0,1,1,0,0,snapshot_20150919T025947Z
1101023,11,11,0,1.0,1,0,0,9,snapshot_20150919T025947Z
1101111,7,7,0,1.0,1,0,0,6,snapshot_20150919T025947Z
1101242,30,6,24,0.2,1,0,0,27,snapshot_20150919T025947Z
1101303,18,13,5,0.7222222222222222,1,0,0,15,snapshot_20150919T025947Z
1101373,6,0,6,0.0,0,0,1,2,snapshot_20150919T025947Z
1101539,13,13,0,1.0,1,0,0,9,snapshot_20150919T025947Z
1101747,120,120,0,1.0,1,0,0,99,snapshot_20150919T025947Z
1101754,4,1,3,0.25,1,0,0,2,snapshot_20150919T025947Z
1101917,4,4,0,1.0,1,0,0,2,snapshot_20150919T025947Z
1102019,53,21,32,0.39622641509433965,1,0,0,43,snapshot_20150919T025947Z
1102053,3,3,0,1.0,1,0,0,1,snapshot_20150919T025947Z
1102257,8,8,0,1.0,1,0,0,4,snapshot_20150919T025947Z
1102275,3,3,0,1.0,1,0,0,1,snapshot_20150919T025947Z
1102279,8,7,1,0.875,1,0,0,6,snapshot_20150919T025947Z
1102311,16,9,7,0.5625,1,0,0,14,snapshot_20150919T025947Z
1102467,3,3,0,1.0,1,0,0,1,snapshot_20150919T025947Z
1102508,3,3,0,1.0,1,0,0,1,snapshot_20150919T025947Z
1102694,3,3,0,1.0,1,0,0,1,snapshot_20150919T025947Z
1102743,3,3,0,1.0,1,1,0,0,snapshot_20150919T025947Z
1102940,5,4,1,0.8,1,0,0,3,snapshot_20150919T025947Z
1103132,2,2,0,1.0,1,0,0,1,snapshot_20150919T025947Z
1103176,31,30,1,0.967741935483871,1,0,0,28,snapshot_20150919T025947Z
1103202,3,3,0,1.0,1,0,0,1,snapshot_20150919T025947Z
1103292,8,0,8,0.0,0,0,1,5,snapshot_20150919T025947Z
1103541,49,49,0,1.0,1,0,0,13,snapshot_20150919T025947Z
1103783,9,9,0,1.0,1,0,0,6,snapshot_20150919T025947Z
1103835,4,4,0,1.0,1,0,0,2,snapshot_20150919T025947Z
1103840,5,5,0,1.0,1,0,0,3,snapshot_20150919T025947Z
1103880,4,4,0,1.0,1,0,0,2,snapshot_20150919T025947Z
1103897,7,7,0,1.0,1,0,0,2,snapshot_20150919T025947Z
1103912,5,5,0,1.0,1,0,0,3,snapshot_20150919T025947Z
1103914,132,127,5,0.9621212121212122,1,0,0,111,snapshot_20150919T025947Z
1104027,81,65,16,0.8024691358024691,1,0,0,75,snapshot_20150919T025947Z
1104056,23,23,0,1.0,1,0,0,21,snapshot_20150919T025947Z
1104076,6,6,0,1.0,1,0,0,2,snapshot_20150919T025947Z
1104300,6,6,0,1.0,1,0,0,2,snapshot_20150919T025947Z
1104374,3,3,0,1.0,1,0,0,1,snapshot_20150919T025947Z
1104446,4,4,0,1.0,1,0,0,2,snapshot_20150919T025947Z
1104456,11,11,0,1.0,1,0,0,3,snapshot_20150919T025947Z
1104495,3,0,3,0.0,0,0,1,1,snapshot_20150919T025947Z
1104649,8,8,0,1.0,1,0,0,6,snapshot_20150919T025947Z
1104771,30,25,5,0.8333333333333334,1,0,0,20,snapshot_20150919T025947Z
1104878,13,9,4,0.6923076923076923,1,0,0,6,snapshot_20150919T025947Z
1104957,12,12,0,1.0,1,0,0,5,snapshot_20150919T025947Z
1105004,98,70,28,0.7142857142857143,1,0,0,89,snapshot_20150919T025947Z
1105174,10,9,1,0.9,1,0,0,6,snapshot_20150919T025947Z
1105313,4,4,0,1.0,1,0,0,2,snapshot_20150919T025947Z
1105909,20,20,0,1.0,1,0,0,18,snapshot_20150919T025947Z
1105978,11,10,1,0.9090909090909091,1,0,0,9,snapshot_20150919T025947Z
1106054,7,1,6,0.14285714285714285,1,0,0,4,snapshot_20150919T025947Z
1106141,6,6,0,1.0,1,0,0,4,snapshot_20150919T025947Z
1106143,3,0,3,0.0,0,0,1,2,snapshot_20150919T025947Z
1106190,50,18,32,0.36,1,0,0,40,snapshot_20150919T025947Z
1106244,4,4,0,1.0,1,0,0,2,snapshot_20150919T025947Z
1106288,6,6,0,1.0,1,0,0,4,snapshot_20150919T025947Z
1106356,5,0,5,0.0,0,0,1,3,snapshot_20150919T025947Z
1106563,2,2,0,1.0,1,1,0,0,snapshot_20150919T025947Z
1106611,3,3,0,1.0,1,0,0,1,snapshot_20150919T025947Z
1106764,4,4,0,1.0,1,0,0,2,snapshot_20150919T025947Z
1106803,5,5,0,1.0,1,0,0,3,snapshot_20150919T025947Z
1106846,16,16,0,1.0,1,0,0,14,snapshot_20150919T025947Z
1107033,5,5,0,1.0,1,0,0,3,snapshot_20150919T025947Z
1107097,4,4,0,1.0,1,0,0,2,snapshot_20150919T025947Z
1107485,3,3,0,1.0,1,0,0,1,snapshot_20150919T025947Z
1107505,3,3,0,1.0,1,1,0,0,snapshot_20150919T025947Z
1107953,20,1,19,0.05,1,0,0,18,snapshot_20150919T025947Z
1107997,3,3,0,1.0,1,0,0,1,snapshot_20150919T025947Z
1108172,2,2,0,1.0,1,0,0,1,snapshot_20150919T025947Z
1108396,136,66,70,0.4852941176470588,1,0,0,131,snapshot_20150919T025947Z
1108631,539,480,59,0.8905380333951762,1,0,0,482,snapshot_20150919T025947Z
1108664,5,5,0,1.0,1,0,0,3,snapshot_20150919T025947Z
1108790,7,7,0,1.0,1,0,0,4,snapshot_20150919T025947Z
1108795,6,0,6,0.0,0,0,1,4,snapshot_20150919T025947Z
1108873,5,3,2,0.6,1,0,0,4,snapshot_20150919T025947Z
1108906,17,12,5,0.7058823529411765,1,0,0,14,snapshot_20150919T025947Z
1108919,2,2,0,1.0,1,1,0,0,snapshot_20150919T025947Z
1109044,4,0,4,0.0,0,0,1,2,snapshot_20150919T025947Z
1109295,5,5,0,1.0,1,0,0,3,snapshot_20150919T025947Z
1109799,3,0,3,0.0,0,0,1,2,snapshot_20150919T025947Z
1109812,3,3,0,1.0,1,0,0,1,snapshot_20150919T025947Z
1109848,2,2,0,1.0,1,1,0,0,snapshot_20150919T025947Z
1109927,12,12,0,1.0,1,0,0,10,snapshot_20150919T025947Z
1109989,5,5,0,1.0,1,0,0,3,snapshot_20150919T025947Z
1110180,4,4,0,1.0,1,0,0,2,snapshot_20150919T025947Z
1110237,6,6,0,1.0,1,0,0,4,snapshot_20150919T025947Z
1110239,3,3,0,1.0,1,0,0,1,snapshot_20150919T025947Z
1110278,9,9,0,1.0,1,0,0,7,snapshot_20150919T025947Z
1110280,7,7,0,1.0,1,0,0,5,snapshot_20150919T025947Z
1110455,14,9,5,0.6428571428571429,1,0,0,10,snapshot_20150919T025947Z
1110471,16,16,0,1.0,1,0,0,12,snapshot_20150919T025947Z
1110523,7,7,0,1.0,1,0,0,3,snapshot_20150919T025947Z
1110744,4,4,0,1.0,1,0,0,2,snapshot_20150919T025947Z
1110822,18,16,2,0.8888888888888888,1,0,0,10,snapshot_20150919T025947Z
1110929,31,27,4,0.8709677419354839,1,0,0,23,snapshot_20150919T025947Z
1110986,3,3,0,1.0,1,0,0,1,snapshot_20150919T025947Z
1110994,3,0,3,0.0,0,0,1,2,snapshot_20150919T025947Z
1111177,6,6,0,1.0,1,0,0,2,snapshot_20150919T025947Z
1111195,12,0,12,0.0,0,0,1,10,snapshot_20150919T025947Z
1111213,4,4,0,1.0,1,0,0,2,snapshot_20150919T025947Z
1111469,3,3,0,1.0,1,0,0,1,snapshot_20150919T025947Z
1111661,3,3,0,1.0,1,0,0,1,snapshot_20150919T025947Z
1111735,2,2,0,1.0,1,1,0,0,snapshot_20150919T025947Z
1111928,3,3,0,1.0,1,0,0,1,snapshot_20150919T025947Z
1112013,22,22,0,1.0,1,0,0,11,snapshot_20150919T025947Z
1112020,3,3,0,1.0,1,0,0,1,snapshot_20150919T025947Z
1112178,32,32,0,1.0,1,0,0,29,snapshot_20150919T025947Z
1112198,5,3,2,0.6,1,0,0,3,snapshot_20150919T025947Z
1112510,4,4,0,1.0,1,0,0,2,snapshot_20150919T025947Z
1112704,3,3,0,1.0,1,0,0,1,snapshot_20150919T025947Z
1112769,4,4,0,1.0,1,0,0,3,snapshot_20150919T025947Z
1113059,9,9,0,1.0,1,0,0,7,snapshot_20150919T025947Z
1113064,5,5,0,1.0,1,0,0,3,snapshot_20150919T025947Z
1113110,4,1,3,0.25,1,0,0,2,snapshot_20150919T025947Z
1113250,2,2,0,1.0,1,1,0,0,snapshot_20150919T025947Z
1113351,50,44,6,0.88,1,0,0,34,snapshot_20150919T025947Z
1113362,26,0,26,0.0,0,0,1,22,snapshot_20150919T025947Z
1113417,23,23,0,1.0,1,0,0,19,snapshot_20150919T025947Z
1113427,72,41,31,0.5694444444444444,1,0,0,70,snapshot_20150919T025947Z
1113443,17,13,4,0.7647058823529411,1,0,0,12,snapshot_20150919T025947Z
1113547,12,12,0,1.0,1,0,0,8,snapshot_20150919T025947Z
1113650,6,3,3,0.5,1,0,0,2,snapshot_20150919T025947Z
1113675,7,7,0,1.0,1,0,0,5,snapshot_20150919T025947Z
1113715,4,4,0,1.0,1,0,0,2,snapshot_20150919T025947Z
1114039,4,4,0,1.0,1,0,0,2,snapshot_20150919T025947Z
1114192,1,1,0,1.0,1,1,0,0,snapshot_20150919T025947Z
1114201,3,3,0,1.0,1,0,0,1,snapshot_20150919T025947Z
1114308,3,0,3,0.0,0,0,1,1,snapshot_20150919T025947Z
1114514,9,1,8,0.1111111111111111,1,0,0,7,snapshot_20150919T025947Z
1114772,8,3,5,0.375,1,0,0,6,snapshot_20150919T025947Z
1114887,4,4,0,1.0,1,0,0,2,snapshot_20150919T025947Z
1115272,6,6,0,1.0,1,0,0,4,snapshot_20150919T025947Z
1115446,20,19,1,0.95,1,0,0,11,snapshot_20150919T025947Z
1115616,11,11,0,1.0,1,0,0,9,snapshot_20150919T025947Z
1115637,3,1,2,0.3333333333333333,1,1,0,0,snapshot_20150919T025947Z
1115891,26,25,1,0.9615384615384616,1,0,0,24,snapshot_20150919T025947Z
1115938,4,4,0,1.0,1,0,0,2,snapshot_20150919T025947Z
1115990,17,17,0,1.0,1,0,0,14,snapshot_20150919T025947Z
1116078,27,2,25,0.07407407407407407,1,0,0,23,snapshot_20150919T025947Z
1116087,5,5,0,1.0,1,0,0,1,snapshot_20150919T025947Z
1116368,8,7,1,0.875,1,0,0,6,snapshot_20150919T025947Z
1116426,18,17,1,0.9444444444444444,1,0,0,17,snapshot_20150919T025947Z
1116522,14,14,0,1.0,1,0,0,12,snapshot_20150919T025947Z
1116575,7,7,0,1.0,1,0,0,4,snapshot_20150919T025947Z
1116687,5,5,0,1.0,1,0,0,3,snapshot_20150919T025947Z
1116716,27,22,5,0.8148148148148148,1,0,0,24,snapshot_20150919T025947Z
1116948,357,54,303,0.15126050420168066,1,0,0,301,snapshot_20150919T025947Z
1117079,29,23,6,0.7931034482758621,1,0,0,26,snapshot_20150919T025947Z
1117144,8,3,5,0.375,1,0,0,6,snapshot_20150919T025947Z
1117293,52,4,48,0.07692307692307693,1,0,0,44,snapshot_20150919T025947Z
1117312,9,9,0,1.0,1,0,0,7,snapshot_20150919T025947Z
1117333,12,3,9,0.25,1,0,0,9,snapshot_20150919T025947Z
1117547,4,0,4,0.0,0,0,1,2,snapshot_20150919T025947Z
1117667,3,3,0,1.0,1,0,0,1,snapshot_20150919T025947Z
1117845,2,0,2,0.0,0,0,1,1,snapshot_20150919T025947Z
1118004,3,3,0,1.0,1,0,0,1,snapshot_20150919T025947Z
1118015,5,5,0,1.0,1,0,0,3,snapshot_20150919T025947Z
1118074,11,11,0,1.0,1,0,0,9,snapshot_20150919T025947Z
1118106,4,4,0,1.0,1,0,0,2,snapshot_20150919T025947Z
1118109,5,5,0,1.0,1,0,0,1,snapshot_20150919T025947Z
1118325,7,7,0,1.0,1,0,0,2,snapshot_20150919T025947Z
1118397,2,2,0,1.0,1,0,0,1,snapshot_20150919T025947Z
1118449,6,5,1,0.8333333333333334,1,0,0,3,snapshot_20150919T025947Z
1118705,5,5,0,1.0,1,0,0,4,snapshot_20150919T025947Z
1119174,10,8,2,0.8,1,0,0,8,snapshot_20150919T025947Z
1119195,6,6,0,1.0,1,0,0,4,snapshot_20150919T025947Z
1119553,10,8,2,0.8,1,0,0,8,snapshot_20150919T025947Z
1119669,5,5,0,1.0,1,0,0,3,snapshot_20150919T025947Z
1119697,7,7,0,1.0,1,0,0,5,snapshot_20150919T025947Z
1119719,9,9,0,1.0,1,0,0,7,snapshot_20150919T025947Z
1119767,2,2,0,1.0,1,0,0,1,snapshot_20150919T025947Z
1119870,9,9,0,1.0,1,0,0,6,snapshot_20150919T025947Z
1119872,4,4,0,1.0,1,0,0,2,snapshot_20150919T025947Z
1119941,9,9,0,1.0,1,0,0,5,snapshot_20150919T025947Z
1120092,11,11,0,1.0,1,0,0,9,snapshot_20150919T025947Z
1120124,4,4,0,1.0,1,0,0,2,snapshot_20150919T025947Z
1120144,37,37,0,1.0,1,0,0,28,snapshot_20150919T025947Z
1120343,3,3,0,1.0,1,0,0,1,snapshot_20150919T025947Z
1120402,3,0,3,0.0,0,0,1,1,snapshot_20150919T025947Z
1120642,9,3,6,0.3333333333333333,1,0,0,7,snapshot_20150919T025947Z
1120870,12,3,9,0.25,1,0,0,5,snapshot_20150919T025947Z
1121064,6,4,2,0.6666666666666666,1,0,0,4,snapshot_20150919T025947Z
1121100,54,37,17,0.6851851851851852,1,0,0,52,snapshot_20150919T025947Z
1121386,12,12,0,1.0,1,0,0,10,snapshot_20150919T025947Z
1121454,3,3,0,1.0,1,0,0,1,snapshot_20150919T025947Z
1121652,16,16,0,1.0,1,0,0,7,snapshot_20150919T025947Z
1121665,15,15,0,1.0,1,0,0,10,snapshot_20150919T025947Z
1121776,12,12,0,1.0,1,0,0,10,snapshot_20150919T025947Z
1121909,17,17,0,1.0,1,0,0,12,snapshot_20150919T025947Z
1122208,7,6,1,0.8571428571428571,1,0,0,5,snapshot_20150919T025947Z
1122429,4,4,0,1.0,1,0,0,2,snapshot_20150919T025947Z
1122464,11,11,0,1.0,1,0,0,10,snapshot_20150919T025947Z
1122486,2,2,0,1.0,1,1,0,0,snapshot_20150919T025947Z
1122620,5,5,0,1.0,1,0,0,3,snapshot_20150919T025947Z
1122754,5,5,0,1.0,1,0,0,3,snapshot_20150919T025947Z
1122758,24,15,9,0.625,1,0,0,19,snapshot_20150919T025947Z
1122870,72,71,1,0.9861111111111112,1,0,0,59,snapshot_20150919T025947Z
1122980,12,0,12,0.0,0,0,1,10,snapshot_20150919T025947Z
1123042,9,9,0,1.0,1,0,0,5,snapshot_20150919T025947Z
1123059,6,6,0,1.0,1,0,0,4,snapshot_20150919T025947Z
1123085,3,3,0,1.0,1,0,0,1,snapshot_20150919T025947Z
1123106,40,25,15,0.625,1,0,0,36,snapshot_20150919T025947Z
1123149,3,3,0,1.0,1,0,0,2,snapshot_20150919T025947Z
1123245,14,14,0,1.0,1,0,0,12,snapshot_20150919T025947Z
1123295,12,12,0,1.0,1,0,0,2,snapshot_20150919T025947Z
1123306,14,13,1,0.9285714285714286,1,0,0,12,snapshot_20150919T025947Z
1123419,26,26,0,1.0,1,0,0,23,snapshot_20150919T025947Z
1123490,4,4,0,1.0,1,0,0,3,snapshot_20150919T025947Z
1123575,12,12,0,1.0,1,0,0,7,snapshot_20150919T025947Z
1123577,3,3,0,1.0,1,0,0,1,snapshot_20150919T025947Z
1123703,6,2,4,0.3333333333333333,1,0,0,4,snapshot_20150919T025947Z
1123995,16,16,0,1.0,1,0,0,12,snapshot_20150919T025947Z
1124031,6,6,0,1.0,1,0,0,4,snapshot_20150919T025947Z
1124488,4,4,0,1.0,1,0,0,2,snapshot_20150919T025947Z
1124499,9,9,0,1.0,1,0,0,7,snapshot_20150919T025947Z
1124557,4,4,0,1.0,1,0,0,2,snapshot_20150919T025947Z
1124617,3,3,0,1.0,1,0,0,1,snapshot_20150919T025947Z
1124622,12,4,8,0.3333333333333333,1,0,0,10,snapshot_20150919T025947Z
1124699,1,1,0,1.0,1,1,0,0,snapshot_20150919T025947Z
1124964,101,94,7,0.9306930693069307,1,0,0,69,snapshot_20150919T025947Z
1125180,4,4,0,1.0,1,0,0,2,snapshot_20150919T025947Z
1125220,23,23,0,1.0,1,0,0,18,snapshot_20150919T025947Z
1125459,3,3,0,1.0,1,0,0,1,snapshot_20150919T025947Z
1125465,3,3,0,1.0,1,0,0,1,snapshot_20150919T025947Z
1125532,17,5,12,0.29411764705882354,1,0,0,11,snapshot_20150919T025947Z
1125577,14,10,4,0.7142857142857143,1,0,0,12,snapshot_20150919T025947Z
1125765,30,27,3,0.9,1,0,0,22,snapshot_20150919T025947Z
1125791,2,2,0,1.0,1,0,0,1,snapshot_20150919T025947Z
1125860,5,5,0,1.0,1,0,0,3,snapshot_20150919T025947Z
1125958,6,6,0,1.0,1,0,0,4,snapshot_20150919T025947Z
1126069,5,5,0,1.0,1,0,0,3,snapshot_20150919T025947Z
1126439,9,9,0,1.0,1,0,0,8,snapshot_20150919T025947Z
1126569,937,868,69,0.9263607257203842,1,0,0,856,snapshot_20150919T025947Z
1126660,3,3,0,1.0,1,0,0,1,snapshot_20150919T025947Z
1126674,4,0,4,0.0,0,0,1,3,snapshot_20150919T025947Z
1126685,12,12,0,1.0,1,0,0,9,snapshot_20150919T025947Z
1126793,16,16,0,1.0,1,0,0,11,snapshot_20150919T025947Z
1126836,8,8,0,1.0,1,0,0,7,snapshot_20150919T025947Z
1126939,38,36,2,0.9473684210526315,1,0,0,36,snapshot_20150919T025947Z
1126945,18,18,0,1.0,1,0,0,14,snapshot_20150919T025947Z
1127021,7,7,0,1.0,1,0,0,5,snapshot_20150919T025947Z
1127110,9,9,0,1.0,1,0,0,7,snapshot_20150919T025947Z
1127166,7,0,7,0.0,0,0,1,4,snapshot_20150919T025947Z
1127234,6,6,0,1.0,1,0,0,4,snapshot_20150919T025947Z
1127406,7,7,0,1.0,1,0,0,3,snapshot_20150919T025947Z
1127429,6,5,1,0.8333333333333334,1,0,0,1,snapshot_20150919T025947Z
1127697,3,3,0,1.0,1,0,0,1,snapshot_20150919T025947Z
1127962,19,19,0,1.0,1,0,0,13,snapshot_20150919T025947Z
1128088,1,1,0,1.0,1,1,0,0,snapshot_20150919T025947Z
1128102,14,9,5,0.6428571428571429,1,0,0,12,snapshot_20150919T025947Z
1128161,5,0,5,0.0,0,0,1,4,snapshot_20150919T025947Z
1128190,7,7,0,1.0,1,0,0,5,snapshot_20150919T025947Z
1128416,3,3,0,1.0,1,0,0,1,snapshot_20150919T025947Z
1128479,3,3,0,1.0,1,0,0,1,snapshot_20150919T025947Z
1128592,3,0,3,0.0,0,0,1,1,snapshot_20150919T025947Z
1128809,22,13,9,0.5909090909090909,1,0,0,14,snapshot_20150919T025947Z
1128828,8,8,0,1.0,1,0,0,6,snapshot_20150919T025947Z
1128992,6,6,0,1.0,1,0,0,4,snapshot_20150919T025947Z
1129209,4,4,0,1.0,1,0,0,2,snapshot_20150919T025947Z
1129347,10,6,4,0.6,1,0,0,6,snapshot_20150919T025947Z
1129356,8,0,8,0.0,0,0,1,6,snapshot_20150919T025947Z
1129379,7,6,1,0.8571428571428571,1,0,0,5,snapshot_20150919T025947Z
1129408,6,5,1,0.8333333333333334,1,0,0,1,snapshot_20150919T025947Z
1129553,7,4,3,0.5714285714285714,1,0,0,3,snapshot_20150919T025947Z
1129560,27,24,3,0.8888888888888888,1,0,0,23,snapshot_20150919T025947Z
1129594,10,9,1,0.9,1,0,0,4,snapshot_20150919T025947Z
1129614,77,0,77,0.0,0,0,1,60,snapshot_20150919T025947Z
1129898,3,3,0,1.0,1,0,0,1,snapshot_20150919T025947Z
1130032,14,14,0,1.0,1,0,0,9,snapshot_20150919T025947Z
1130129,2,2,0,1.0,1,1,0,0,snapshot_20150919T025947Z
1130179,3,3,0,1.0,1,0,0,1,snapshot_20150919T025947Z
1130204,23,15,8,0.6521739130434783,1,0,0,19,snapshot_20150919T025947Z
1130351,6,6,0,1.0,1,0,0,4,snapshot_20150919T025947Z
1130635,37,11,26,0.2972972972972973,1,0,0,35,snapshot_20150919T025947Z
1130689,11,0,11,0.0,0,0,1,9,snapshot_20150919T025947Z
1130809,25,4,21,0.16,1,0,0,23,snapshot_20150919T025947Z
1130813,1,1,0,1.0,1,1,0,0,snapshot_20150919T025947Z
1130868,5,0,5,0.0,0,0,1,3,snapshot_20150919T025947Z
1131152,16,15,1,0.9375,1,0,0,13,snapshot_20150919T025947Z
1131362,7,7,0,1.0,1,0,0,3,snapshot_20150919T025947Z
1131431,27,11,16,0.4074074074074074,1,0,0,19,snapshot_20150919T025947Z
1131565,3,3,0,1.0,1,0,0,1,snapshot_20150919T025947Z
1131582,8,8,0,1.0,1,0,0,6,snapshot_20150919T025947Z
1131632,3,3,0,1.0,1,0,0,1,snapshot_20150919T025947Z
1131743,3,3,0,1.0,1,0,0,1,snapshot_20150919T025947Z
1131970,6,0,6,0.0,0,0,1,4,snapshot_20150919T025947Z
1132150,6,6,0,1.0,1,0,0,2,snapshot_20150919T025947Z
1132349,4,4,0,1.0,1,0,0,2,snapshot_20150919T025947Z
1132359,3,3,0,1.0,1,0,0,1,snapshot_20150919T025947Z
1132402,2,2,0,1.0,1,1,0,0,snapshot_20150919T025947Z
1132549,5,5,0,1.0,1,0,0,3,snapshot_20150919T025947Z
1132655,11,11,0,1.0,1,0,0,9,snapshot_20150919T025947Z
1132858,12,12,0,1.0,1,0,0,10,snapshot_20150919T025947Z
1132933,6,0,6,0.0,0,0,1,3,snapshot_20150919T025947Z
1132989,5,5,0,1.0,1,0,0,3,snapshot_20150919T025947Z
1133097,6,6,0,1.0,1,0,0,2,snapshot_20150919T025947Z
1133108,8,8,0,1.0,1,0,0,6,snapshot_20150919T025947Z
1133645,7,3,4,0.42857142857142855,1,0,0,5,snapshot_20150919T025947Z
1133713,7,7,0,1.0,1,0,0,5,snapshot_20150919T025947Z
1134182,9,9,0,1.0,1,0,0,5,snapshot_20150919T025947Z
1134369,3,3,0,1.0,1,0,0,1,snapshot_20150919T025947Z
1134479,6,6,0,1.0,1,0,0,5,snapshot_20150919T025947Z
1134627,3,3,0,1.0,1,0,0,2,snapshot_20150919T025947Z
1134659,10,10,0,1.0,1,0,0,8,snapshot_20150919T025947Z
1134753,6,5,1,0.8333333333333334,1,0,0,4,snapshot_20150919T025947Z
1134806,39,39,0,1.0,1,0,0,37,snapshot_20150919T025947Z
1134854,19,19,0,1.0,1,0,0,15,snapshot_20150919T025947Z
1134909,3,3,0,1.0,1,0,0,1,snapshot_20150919T025947Z
1134963,4,4,0,1.0,1,0,0,2,snapshot_20150919T025947Z
1134975,347,270,77,0.7780979827089337,1,0,0,243,snapshot_20150919T025947Z
1134979,11,11,0,1.0,1,0,0,6,snapshot_20150919T025947Z
1135150,46,34,12,0.7391304347826086,1,0,0,34,snapshot_20150919T025947Z
1135249,11,7,4,0.6363636363636364,1,0,0,7,snapshot_20150919T025947Z
1135254,6,6,0,1.0,1,0,0,4,snapshot_20150919T025947Z
1135274,2,2,0,1.0,1,0,0,1,snapshot_20150919T025947Z
1135374,13,5,8,0.38461538461538464,1,0,0,11,snapshot_20150919T025947Z
1135500,3,0,3,0.0,0,0,1,1,snapshot_20150919T025947Z
1135803,3,0,3,0.0,0,0,1,1,snapshot_20150919T025947Z
1135842,1,1,0,1.0,1,1,0,0,snapshot_20150919T025947Z
1135907,3,3,0,1.0,1,0,0,1,snapshot_20150919T025947Z
1136498,5,5,0,1.0,1,0,0,3,snapshot_20150919T025947Z
1136594,18,18,0,1.0,1,0,0,15,snapshot_20150919T025947Z
1136617,33,16,17,0.48484848484848486,1,0,0,31,snapshot_20150919T025947Z
1136622,3,3,0,1.0,1,0,0,1,snapshot_20150919T025947Z
1136644,3,3,0,1.0,1,0,0,1,snapshot_20150919T025947Z
1136709,4,0,4,0.0,0,0,1,3,snapshot_20150919T025947Z
1136741,4,4,0,1.0,1,0,0,2,snapshot_20150919T025947Z
1136787,7,7,0,1.0,1,0,0,5,snapshot_20150919T025947Z
1136931,20,16,4,0.8,1,0,0,16,snapshot_20150919T025947Z
1137032,5,0,5,0.0,0,0,1,4,snapshot_20150919T025947Z
1137033,9,9,0,1.0,1,0,0,6,snapshot_20150919T025947Z
1137093,5,4,1,0.8,1,0,0,3,snapshot_20150919T025947Z
1137581,19,10,9,0.5263157894736842,1,0,0,15,snapshot_20150919T025947Z
1137634,49,28,21,0.5714285714285714,1,0,0,37,snapshot_20150919T025947Z
1137704,15,15,0,1.0,1,0,0,9,snapshot_20150919T025947Z
1137846,9,9,0,1.0,1,0,0,7,snapshot_20150919T025947Z
1137950,3,3,0,1.0,1,1,0,0,snapshot_20150919T025947Z
1137997,10,8,2,0.8,1,0,0,8,snapshot_20150919T025947Z
1138103,7,7,0,1.0,1,0,0,5,snapshot_20150919T025947Z
1138300,6,6,0,1.0,1,0,0,4,snapshot_20150919T025947Z
1138326,15,15,0,1.0,1,0,0,6,snapshot_20150919T025947Z
1138443,3,0,3,0.0,0,0,1,2,snapshot_20150919T025947Z
1138492,8,7,1,0.875,1,0,0,6,snapshot_20150919T025947Z
1138722,3,2,1,0.6666666666666666,1,0,0,2,snapshot_20150919T025947Z
1139013,5,5,0,1.0,1,0,0,4,snapshot_20150919T025947Z
1139092,7,5,2,0.7142857142857143,1,0,0,6,snapshot_20150919T025947Z
1139336,12,10,2,0.8333333333333334,1,0,0,9,snapshot_20150919T025947Z
1139426,4,3,1,0.75,1,0,0,2,snapshot_20150919T025947Z
1139502,5,5,0,1.0,1,0,0,3,snapshot_20150919T025947Z
1139617,5,5,0,1.0,1,0,0,3,snapshot_20150919T025947Z
1139658,10,10,0,1.0,1,0,0,7,snapshot_20150919T025947Z
1139670,7,7,0,1.0,1,0,0,5,snapshot_20150919T025947Z
1139909,44,30,14,0.6818181818181818,1,0,0,36,snapshot_20150919T025947Z
1140031,3,3,0,1.0,1,0,0,1,snapshot_20150919T025947Z
1140064,5,5,0,1.0,1,0,0,3,snapshot_20150919T025947Z
1140205,48,28,20,0.5833333333333334,1,0,0,42,snapshot_20150919T025947Z
1140215,5,0,5,0.0,0,0,1,3,snapshot_20150919T025947Z
1140225,17,15,2,0.8823529411764706,1,0,0,13,snapshot_20150919T025947Z
1140386,4,4,0,1.0,1,0,0,1,snapshot_20150919T025947Z
1140406,13,12,1,0.9230769230769231,1,0,0,9,snapshot_20150919T025947Z
1140665,2,0,2,0.0,0,0,1,1,snapshot_20150919T025947Z
1140795,5,5,0,1.0,1,0,0,3,snapshot_20150919T025947Z
1140878,8,0,8,0.0,0,0,1,7,snapshot_20150919T025947Z
1140886,102,95,7,0.9313725490196079,1,0,0,70,snapshot_20150919T025947Z
1141126,14,14,0,1.0,1,0,0,12,snapshot_20150919T025947Z
1141285,25,19,6,0.76,1,0,0,20,snapshot_20150919T025947Z
1141334,8,8,0,1.0,1,0,0,3,snapshot_20150919T025947Z
1141663,12,12,0,1.0,1,0,0,8,snapshot_20150919T025947Z
1141925,31,22,9,0.7096774193548387,1,0,0,28,snapshot_20150919T025947Z
1142076,6,6,0,1.0,1,0,0,4,snapshot_20150919T025947Z
1142081,2,2,0,1.0,1,1,0,0,snapshot_20150919T025947Z
1142299,2,2,0,1.0,1,0,0,1,snapshot_20150919T025947Z
1142434,4,4,0,1.0,1,0,0,2,snapshot_20150919T025947Z
1142436,57,57,0,1.0,1,0,0,54,snapshot_20150919T025947Z
1142592,6,3,3,0.5,1,0,0,4,snapshot_20150919T025947Z
1143014,5,5,0,1.0,1,0,0,3,snapshot_20150919T025947Z
1143105,54,26,28,0.48148148148148145,1,0,0,48,snapshot_20150919T025947Z
1143173,4,4,0,1.0,1,0,0,2,snapshot_20150919T025947Z
1143222,3,3,0,1.0,1,0,0,1,snapshot_20150919T025947Z
1143288,3,3,0,1.0,1,0,0,1,snapshot_20150919T025947Z
1143344,48,28,20,0.5833333333333334,1,0,0,40,snapshot_20150919T025947Z
1143379,10,9,1,0.9,1,0,0,7,snapshot_20150919T025947Z
1143383,736,516,220,0.7010869565217391,1,0,0,602,snapshot_20150919T025947Z
1143600,3,0,3,0.0,0,0,1,2,snapshot_20150919T025947Z
1143755,19,19,0,1.0,1,0,0,18,snapshot_20150919T025947Z
1143795,11,11,0,1.0,1,0,0,6,snapshot_20150919T025947Z
1143882,4,4,0,1.0,1,0,0,2,snapshot_20150919T025947Z
1143932,2,2,0,1.0,1,1,0,0,snapshot_20150919T025947Z
1144107,3,3,0,1.0,1,0,0,2,snapshot_20150919T025947Z
1144300,2,2,0,1.0,1,1,0,0,snapshot_20150919T025947Z
1144306,2,2,0,1.0,1,1,0,0,snapshot_20150919T025947Z
1144503,12,12,0,1.0,1,0,0,7,snapshot_20150919T025947Z
1144517,14,14,0,1.0,1,0,0,11,snapshot_20150919T025947Z
1144604,5,5,0,1.0,1,0,0,3,snapshot_20150919T025947Z
1144735,6,6,0,1.0,1,0,0,4,snapshot_20150919T025947Z
1144846,14,13,1,0.9285714285714286,1,0,0,11,snapshot_20150919T025947Z
1144857,40,40,0,1.0,1,0,0,20,snapshot_20150919T025947Z
1144858,7,7,0,1.0,1,0,0,5,snapshot_20150919T025947Z
1144904,7,7,0,1.0,1,0,0,4,snapshot_20150919T025947Z
1145025,5,5,0,1.0,1,0,0,3,snapshot_20150919T025947Z
1145088,11,11,0,1.0,1,0,0,9,snapshot_20150919T025947Z
1145187,6,6,0,1.0,1,0,0,4,snapshot_20150919T025947Z
1145243,7,6,1,0.8571428571428571,1,0,0,2,snapshot_20150919T025947Z
1145382,20,20,0,1.0,1,0,0,7,snapshot_20150919T025947Z
1145611,13,13,0,1.0,1,0,0,11,snapshot_20150919T025947Z
1145844,6,6,0,1.0,1,0,0,2,snapshot_20150919T025947Z
1145919,4,4,0,1.0,1,0,0,2,snapshot_20150919T025947Z
1146070,7,7,0,1.0,1,0,0,5,snapshot_20150919T025947Z
1146169,15,15,0,1.0,1,0,0,11,snapshot_20150919T025947Z
1146172,6,6,0,1.0,1,0,0,4,snapshot_20150919T025947Z
1146291,6,6,0,1.0,1,0,0,2,snapshot_20150919T025947Z
1146423,4,0,4,0.0,0,0,1,2,snapshot_20150919T025947Z
1146431,7,7,0,1.0,1,0,0,3,snapshot_20150919T025947Z
1146510,5,0,5,0.0,0,0,1,2,snapshot_20150919T025947Z
1146520,46,46,0,1.0,1,0,0,44,snapshot_20150919T025947Z
1146647,3,3,0,1.0,1,0,0,1,snapshot_20150919T025947Z
1146790,8,8,0,1.0,1,0,0,4,snapshot_20150919T025947Z
1146952,6,6,0,1.0,1,0,0,4,snapshot_20150919T025947Z
1147655,42,40,2,0.9523809523809523,1,0,0,31,snapshot_20150919T025947Z
1148075,3,3,0,1.0,1,0,0,1,snapshot_20150919T025947Z
1148151,15,15,0,1.0,1,0,0,9,snapshot_20150919T025947Z
1148273,10,10,0,1.0,1,0,0,7,snapshot_20150919T025947Z
1148285,5,5,0,1.0,1,0,0,3,snapshot_20150919T025947Z
1148299,3,3,0,1.0,1,0,0,1,snapshot_20150919T025947Z
1148301,15,11,4,0.7333333333333333,1,0,0,13,snapshot_20150919T025947Z
1148408,12,12,0,1.0,1,0,0,10,snapshot_20150919T025947Z
1148976,4,4,0,1.0,1,0,0,2,snapshot_20150919T025947Z
1149102,4,4,0,1.0,1,0,0,1,snapshot_20150919T025947Z
1149209,13,13,0,1.0,1,0,0,11,snapshot_20150919T025947Z
1149213,4,0,4,0.0,0,0,1,2,snapshot_20150919T025947Z
1149234,9,9,0,1.0,1,0,0,7,snapshot_20150919T025947Z
1149372,6,6,0,1.0,1,0,0,4,snapshot_20150919T025947Z
1149471,3,3,0,1.0,1,0,0,1,snapshot_20150919T025947Z
1149521,15,15,0,1.0,1,0,0,13,snapshot_20150919T025947Z
1149586,3,0,3,0.0,0,0,1,1,snapshot_20150919T025947Z
1149667,3,3,0,1.0,1,0,0,1,snapshot_20150919T025947Z
1149756,23,0,23,0.0,0,0,1,16,snapshot_20150919T025947Z
1149804,7,7,0,1.0,1,0,0,5,snapshot_20150919T025947Z
1149894,3,0,3,0.0,0,0,1,1,snapshot_20150919T025947Z
1150086,7757,6209,1548,0.800438313781101,1,0,0,6479,snapshot_20150919T025947Z
1150088,4,4,0,1.0,1,0,0,2,snapshot_20150919T025947Z
1150405,6,6,0,1.0,1,1,0,0,snapshot_20150919T025947Z
1150455,5,5,0,1.0,1,0,0,3,snapshot_20150919T025947Z
1150460,6,6,0,1.0,1,0,0,4,snapshot_20150919T025947Z
1150478,6,6,0,1.0,1,0,0,4,snapshot_20150919T025947Z
1150514,4,4,0,1.0,1,0,0,2,snapshot_20150919T025947Z
1150613,4,4,0,1.0,1,0,0,2,snapshot_20150919T025947Z
1151093,8,8,0,1.0,1,0,0,6,snapshot_20150919T025947Z
1151581,4,4,0,1.0,1,0,0,2,snapshot_20150919T025947Z
1151604,5,5,0,1.0,1,0,0,2,snapshot_20150919T025947Z
1151703,7,7,0,1.0,1,0,0,5,snapshot_20150919T025947Z
1151781,10,8,2,0.8,1,0,0,8,snapshot_20150919T025947Z
1151782,16,16,0,1.0,1,0,0,14,snapshot_20150919T025947Z
1151882,3,3,0,1.0,1,0,0,1,snapshot_20150919T025947Z
1151933,3,3,0,1.0,1,0,0,1,snapshot_20150919T025947Z
1152128,3,0,3,0.0,0,0,1,1,snapshot_20150919T025947Z
1152259,6,6,0,1.0,1,0,0,4,snapshot_20150919T025947Z
1152318,11,11,0,1.0,1,0,0,9,snapshot_20150919T025947Z
1152346,4,1,3,0.25,1,0,0,2,snapshot_20150919T025947Z
1152367,5,5,0,1.0,1,0,0,3,snapshot_20150919T025947Z
1152432,3,3,0,1.0,1,0,0,2,snapshot_20150919T025947Z
1152644,12,7,5,0.5833333333333334,1,0,0,9,snapshot_20150919T025947Z
1152738,12,12,0,1.0,1,0,0,8,snapshot_20150919T025947Z
1153013,8,8,0,1.0,1,0,0,6,snapshot_20150919T025947Z
1153047,5,5,0,1.0,1,0,0,3,snapshot_20150919T025947Z
1153138,6,2,4,0.3333333333333333,1,0,0,4,snapshot_20150919T025947Z
1153145,3,3,0,1.0,1,0,0,1,snapshot_20150919T025947Z
1153460,11,11,0,1.0,1,0,0,9,snapshot_20150919T025947Z
1153564,44,44,0,1.0,1,0,0,20,snapshot_20150919T025947Z
1153702,11,2,9,0.18181818181818182,1,0,0,8,snapshot_20150919T025947Z
1153783,3,3,0,1.0,1,0,0,1,snapshot_20150919T025947Z
1153970,4,4,0,1.0,1,0,0,2,snapshot_20150919T025947Z
1154301,3,3,0,1.0,1,0,0,1,snapshot_20150919T025947Z
1154309,4,3,1,0.75,1,0,0,2,snapshot_20150919T025947Z
1154310,4,4,0,1.0,1,0,0,2,snapshot_20150919T025947Z
1154334,2,2,0,1.0,1,1,0,0,snapshot_20150919T025947Z
1154431,4,4,0,1.0,1,0,0,2,snapshot_20150919T025947Z
1154710,41,28,13,0.6829268292682927,1,0,0,37,snapshot_20150919T025947Z
1154784,7,1,6,0.14285714285714285,1,0,0,5,snapshot_20150919T025947Z
1154800,3,0,3,0.0,0,0,1,1,snapshot_20150919T025947Z
1154951,4,4,0,1.0,1,0,0,2,snapshot_20150919T025947Z
1154973,4,0,4,0.0,0,0,1,2,snapshot_20150919T025947Z
1155030,9,9,0,1.0,1,0,0,5,snapshot_20150919T025947Z
1155466,22,22,0,1.0,1,0,0,21,snapshot_20150919T025947Z
1155475,6,6,0,1.0,1,0,0,3,snapshot_20150919T025947Z
1155647,16,11,5,0.6875,1,0,0,7,snapshot_20150919T025947Z
1155663,2,2,0,1.0,1,1,0,0,snapshot_20150919T025947Z
1155978,10,10,0,1.0,1,0,0,8,snapshot_20150919T025947Z
1156452,10,10,0,1.0,1,0,0,5,snapshot_20150919T025947Z
1156525,37,36,1,0.972972972972973,1,0,0,30,snapshot_20150919T025947Z
1156674,7,7,0,1.0,1,0,0,3,snapshot_20150919T025947Z
1156860,20,20,0,1.0,1,0,0,10,snapshot_20150919T025947Z
1156870,6,2,4,0.3333333333333333,1,0,0,2,snapshot_20150919T025947Z
1156938,8,0,8,0.0,0,0,1,7,snapshot_20150919T025947Z
1156969,6,0,6,0.0,0,0,1,5,snapshot_20150919T025947Z
1157108,2,1,1,0.5,1,0,0,1,snapshot_20150919T025947Z
1157167,7,5,2,0.7142857142857143,1,0,0,2,snapshot_20150919T025947Z
1157291,4,0,4,0.0,0,0,1,2,snapshot_20150919T025947Z
1157313,8,3,5,0.375,1,0,0,6,snapshot_20150919T025947Z
1157385,10,10,0,1.0,1,0,0,8,snapshot_20150919T025947Z
1157587,4,3,1,0.75,1,0,0,2,snapshot_20150919T025947Z
1157842,6,0,6,0.0,0,0,1,4,snapshot_20150919T025947Z
1157950,6,5,1,0.8333333333333334,1,0,0,4,snapshot_20150919T025947Z
1158076,4,4,0,1.0,1,0,0,2,snapshot_20150919T025947Z
1158127,20,12,8,0.6,1,0,0,16,snapshot_20150919T025947Z
1158402,12,12,0,1.0,1,0,0,10,snapshot_20150919T025947Z
1158677,4,4,0,1.0,1,0,0,2,snapshot_20150919T025947Z
1158831,2,2,0,1.0,1,1,0,0,snapshot_20150919T025947Z
1159125,13,13,0,1.0,1,0,0,11,snapshot_20150919T025947Z
1159485,27,18,9,0.6666666666666666,1,0,0,25,snapshot_20150919T025947Z
1159592,19,19,0,1.0,1,0,0,14,snapshot_20150919T025947Z
1159609,4,1,3,0.25,1,0,0,2,snapshot_20150919T025947Z
1159681,3,3,0,1.0,1,0,0,1,snapshot_20150919T025947Z
1159713,4,4,0,1.0,1,0,0,2,snapshot_20150919T025947Z
1159752,3,3,0,1.0,1,0,0,1,snapshot_20150919T025947Z
1159765,6,4,2,0.6666666666666666,1,0,0,4,snapshot_20150919T025947Z
1159847,8,8,0,1.0,1,0,0,7,snapshot_20150919T025947Z
1160112,4,2,2,0.5,1,1,0,0,snapshot_20150919T025947Z
1160258,27,27,0,1.0,1,0,0,21,snapshot_20150919T025947Z
1160338,2,2,0,1.0,1,1,0,0,snapshot_20150919T025947Z
1160346,1,1,0,1.0,1,1,0,0,snapshot_20150919T025947Z
1160402,4,4,0,1.0,1,0,0,2,snapshot_20150919T025947Z
1160440,8,8,0,1.0,1,0,0,6,snapshot_20150919T025947Z
1160836,21,6,15,0.2857142857142857,1,0,0,18,snapshot_20150919T025947Z
1160882,7,7,0,1.0,1,0,0,5,snapshot_20150919T025947Z
1160955,4,4,0,1.0,1,0,0,3,snapshot_20150919T025947Z
1160976,3,3,0,1.0,1,0,0,1,snapshot_20150919T025947Z
1161147,4,0,4,0.0,0,0,1,2,snapshot_20150919T025947Z
1161163,1663,1017,646,0.6115453998797354,1,0,0,1417,snapshot_20150919T025947Z
1161252,12,12,0,1.0,1,0,0,7,snapshot_20150919T025947Z
1161263,7,7,0,1.0,1,0,0,5,snapshot_20150919T025947Z
1161707,5,5,0,1.0,1,0,0,3,snapshot_20150919T025947Z
1161712,14,8,6,0.5714285714285714,1,0,0,11,snapshot_20150919T025947Z
1161968,76,0,76,0.0,0,0,1,15,snapshot_20150919T025947Z
1161980,8,8,0,1.0,1,0,0,6,snapshot_20150919T025947Z
1162129,3,3,0,1.0,1,0,0,1,snapshot_20150919T025947Z
1162136,22,22,0,1.0,1,0,0,14,snapshot_20150919T025947Z
1162188,11,10,1,0.9090909090909091,1,0,0,9,snapshot_20150919T025947Z
1162239,9,9,0,1.0,1,0,0,8,snapshot_20150919T025947Z
1162252,5,5,0,1.0,1,0,0,4,snapshot_20150919T025947Z
1162584,3,3,0,1.0,1,0,0,1,snapshot_20150919T025947Z
1162772,6,6,0,1.0,1,0,0,1,snapshot_20150919T025947Z
1162858,4,2,2,0.5,1,1,0,0,snapshot_20150919T025947Z
1162982,20,7,13,0.35,1,0,0,18,snapshot_20150919T025947Z
1163126,14,14,0,1.0,1,0,0,12,snapshot_20150919T025947Z
1163388,5,5,0,1.0,1,0,0,3,snapshot_20150919T025947Z
1163417,9,9,0,1.0,1,0,0,8,snapshot_20150919T025947Z
1163432,2,2,0,1.0,1,1,0,0,snapshot_20150919T025947Z
1163475,5,5,0,1.0,1,0,0,3,snapshot_20150919T025947Z
1163709,9,9,0,1.0,1,0,0,7,snapshot_20150919T025947Z
1163984,7,7,0,1.0,1,0,0,5,snapshot_20150919T025947Z
1163985,31,29,2,0.9354838709677419,1,0,0,27,snapshot_20150919T025947Z
1164136,4,4,0,1.0,1,0,0,2,snapshot_20150919T025947Z
1164313,10,8,2,0.8,1,0,0,7,snapshot_20150919T025947Z
1164547,2,2,0,1.0,1,1,0,0,snapshot_20150919T025947Z
1164596,9,6,3,0.6666666666666666,1,0,0,4,snapshot_20150919T025947Z
1164713,5,5,0,1.0,1,1,0,0,snapshot_20150919T025947Z
1164733,3,3,0,1.0,1,0,0,1,snapshot_20150919T025947Z
1164964,5,5,0,1.0,1,0,0,3,snapshot_20150919T025947Z
1165061,23,16,7,0.6956521739130435,1,0,0,17,snapshot_20150919T025947Z
1165148,858,767,91,0.8939393939393939,1,0,0,802,snapshot_20150919T025947Z
1165239,9,7,2,0.7777777777777778,1,0,0,7,snapshot_20150919T025947Z
1165267,7,4,3,0.5714285714285714,1,0,0,4,snapshot_20150919T025947Z
1165346,33,33,0,1.0,1,0,0,30,snapshot_20150919T025947Z
1165458,5,1,4,0.2,1,0,0,2,snapshot_20150919T025947Z
1165524,2,2,0,1.0,1,0,0,1,snapshot_20150919T025947Z
1165533,4,0,4,0.0,0,0,1,2,snapshot_20150919T025947Z
1165669,10,10,0,1.0,1,0,0,6,snapshot_20150919T025947Z
1165723,6,6,0,1.0,1,0,0,4,snapshot_20150919T025947Z
1165753,3,3,0,1.0,1,0,0,1,snapshot_20150919T025947Z
1165792,9,9,0,1.0,1,0,0,7,snapshot_20150919T025947Z
1165904,14,14,0,1.0,1,0,0,10,snapshot_20150919T025947Z
1165927,4,4,0,1.0,1,0,0,1,snapshot_20150919T025947Z
1165947,3,0,3,0.0,0,0,1,1,snapshot_20150919T025947Z
1165952,16,14,2,0.875,1,0,0,14,snapshot_20150919T025947Z
1166108,4,4,0,1.0,1,0,0,2,snapshot_20150919T025947Z
1166248,3,0,3,0.0,0,0,1,1,snapshot_20150919T025947Z
1166352,43,43,0,1.0,1,0,0,32,snapshot_20150919T025947Z
1166385,6,6,0,1.0,1,0,0,4,snapshot_20150919T025947Z
1166469,2,2,0,1.0,1,1,0,0,snapshot_20150919T025947Z
1166523,6,6,0,1.0,1,0,0,4,snapshot_20150919T025947Z
1166551,3,0,3,0.0,0,0,1,1,snapshot_20150919T025947Z
1166562,3,3,0,1.0,1,0,0,1,snapshot_20150919T025947Z
1166580,4,4,0,1.0,1,0,0,2,snapshot_20150919T025947Z
1166599,4,4,0,1.0,1,0,0,2,snapshot_20150919T025947Z
1166651,5,5,0,1.0,1,1,0,0,snapshot_20150919T025947Z
1166692,12,12,0,1.0,1,0,0,8,snapshot_20150919T025947Z
1166783,4,4,0,1.0,1,0,0,2,snapshot_20150919T025947Z
1166817,7,7,0,1.0,1,0,0,5,snapshot_20150919T025947Z
1166904,9,9,0,1.0,1,0,0,7,snapshot_20150919T025947Z
1166965,4,3,1,0.75,1,0,0,2,snapshot_20150919T025947Z
1167125,7,7,0,1.0,1,0,0,5,snapshot_20150919T025947Z
1167457,137,122,15,0.8905109489051095,1,0,0,81,snapshot_20150919T025947Z
1167802,20,19,1,0.95,1,0,0,10,snapshot_20150919T025947Z
1167927,12,12,0,1.0,1,0,0,8,snapshot_20150919T025947Z
1168109,3,3,0,1.0,1,0,0,1,snapshot_20150919T025947Z
1168133,32,25,7,0.78125,1,0,0,30,snapshot_20150919T025947Z
1168222,13,2,11,0.15384615384615385,1,0,0,11,snapshot_20150919T025947Z
1168370,16,4,12,0.25,1,0,0,14,snapshot_20150919T025947Z
1168431,18,18,0,1.0,1,0,0,7,snapshot_20150919T025947Z
1168467,3,3,0,1.0,1,0,0,1,snapshot_20150919T025947Z
1168496,4,4,0,1.0,1,0,0,2,snapshot_20150919T025947Z
1168629,3,3,0,1.0,1,0,0,1,snapshot_20150919T025947Z
1168709,5,5,0,1.0,1,0,0,3,snapshot_20150919T025947Z
1168726,8,8,0,1.0,1,0,0,6,snapshot_20150919T025947Z
1168756,7,4,3,0.5714285714285714,1,0,0,5,snapshot_20150919T025947Z
1168808,3,3,0,1.0,1,0,0,1,snapshot_20150919T025947Z
1168816,3,3,0,1.0,1,0,0,1,snapshot_20150919T025947Z
1169061,6,6,0,1.0,1,0,0,4,snapshot_20150919T025947Z
1169129,5,5,0,1.0,1,0,0,2,snapshot_20150919T025947Z
1169547,3,0,3,0.0,0,0,1,1,snapshot_20150919T025947Z
1169620,9,9,0,1.0,1,0,0,3,snapshot_20150919T025947Z
1169625,5,5,0,1.0,1,0,0,2,snapshot_20150919T025947Z
1169689,68,68,0,1.0,1,0,0,45,snapshot_20150919T025947Z
1169725,6,0,6,0.0,0,0,1,3,snapshot_20150919T025947Z
1169792,23,23,0,1.0,1,0,0,21,snapshot_20150919T025947Z
1169823,2,2,0,1.0,1,1,0,0,snapshot_20150919T025947Z
1169857,4,4,0,1.0,1,0,0,2,snapshot_20150919T025947Z
1169882,3,0,3,0.0,0,0,1,1,snapshot_20150919T025947Z
1169933,6,6,0,1.0,1,0,0,3,snapshot_20150919T025947Z
1169956,64,62,2,0.96875,1,0,0,54,snapshot_20150919T025947Z
1170127,6,6,0,1.0,1,0,0,2,snapshot_20150919T025947Z
1170165,76,55,21,0.7236842105263158,1,0,0,70,snapshot_20150919T025947Z
1170264,3,3,0,1.0,1,0,0,1,snapshot_20150919T025947Z
1170314,2,2,0,1.0,1,0,0,1,snapshot_20150919T025947Z
1170342,6,6,0,1.0,1,0,0,3,snapshot_20150919T025947Z
1170409,3,3,0,1.0,1,0,0,2,snapshot_20150919T025947Z
1170438,5,5,0,1.0,1,0,0,4,snapshot_20150919T025947Z
1170441,4,0,4,0.0,0,0,1,2,snapshot_20150919T025947Z
1170453,17,14,3,0.8235294117647058,1,0,0,13,snapshot_20150919T025947Z
1170710,38,15,23,0.39473684210526316,1,0,0,33,snapshot_20150919T025947Z
1170737,7,7,0,1.0,1,0,0,5,snapshot_20150919T025947Z
1170743,6,1,5,0.16666666666666666,1,0,0,4,snapshot_20150919T025947Z
1170936,4,4,0,1.0,1,0,0,2,snapshot_20150919T025947Z
1170959,31,31,0,1.0,1,0,0,29,snapshot_20150919T025947Z
1171088,4,4,0,1.0,1,0,0,2,snapshot_20150919T025947Z
1171341,3,3,0,1.0,1,0,0,1,snapshot_20150919T025947Z
1171393,3,3,0,1.0,1,0,0,1,snapshot_20150919T025947Z
1171448,56,0,56,0.0,0,0,1,37,snapshot_20150919T025947Z
1171630,21,21,0,1.0,1,0,0,12,snapshot_20150919T025947Z
1171776,9,9,0,1.0,1,0,0,7,snapshot_20150919T025947Z
1171799,6,3,3,0.5,1,0,0,2,snapshot_20150919T025947Z
1171831,8,7,1,0.875,1,0,0,4,snapshot_20150919T025947Z
1171920,5,5,0,1.0,1,0,0,2,snapshot_20150919T025947Z
1171932,12,0,12,0.0,0,0,1,9,snapshot_20150919T025947Z
1171969,4,4,0,1.0,1,0,0,2,snapshot_20150919T025947Z
1172037,6,6,0,1.0,1,0,0,4,snapshot_20150919T025947Z
1172075,5,0,5,0.0,0,0,1,3,snapshot_20150919T025947Z
1172087,39,39,0,1.0,1,0,0,33,snapshot_20150919T025947Z
1172151,5,0,5,0.0,0,0,1,3,snapshot_20150919T025947Z
1172272,26,0,26,0.0,0,0,1,20,snapshot_20150919T025947Z
1172288,5,3,2,0.6,1,0,0,3,snapshot_20150919T025947Z
1172291,7,0,7,0.0,0,0,1,5,snapshot_20150919T025947Z
1172311,7,0,7,0.0,0,0,1,5,snapshot_20150919T025947Z
1172388,4,4,0,1.0,1,0,0,2,snapshot_20150919T025947Z
1172583,3,3,0,1.0,1,0,0,1,snapshot_20150919T025947Z
1172695,8,5,3,0.625,1,0,0,6,snapshot_20150919T025947Z
1172723,2,2,0,1.0,1,0,0,1,snapshot_20150919T025947Z
1172832,15,15,0,1.0,1,0,0,10,snapshot_20150919T025947Z
1172935,10,3,7,0.3,1,0,0,8,snapshot_20150919T025947Z
1172980,16,5,11,0.3125,1,0,0,7,snapshot_20150919T025947Z
1173184,3,3,0,1.0,1,0,0,1,snapshot_20150919T025947Z
1173192,3,3,0,1.0,1,0,0,1,snapshot_20150919T025947Z
1173255,7,7,0,1.0,1,0,0,3,snapshot_20150919T025947Z
1173322,2,2,0,1.0,1,1,0,0,snapshot_20150919T025947Z
1173362,3,3,0,1.0,1,0,0,1,snapshot_20150919T025947Z
1173466,4,4,0,1.0,1,0,0,2,snapshot_20150919T025947Z
1173572,9,9,0,1.0,1,0,0,7,snapshot_20150919T025947Z
1174264,5,1,4,0.2,1,0,0,3,snapshot_20150919T025947Z
1174308,11,6,5,0.5454545454545454,1,0,0,9,snapshot_20150919T025947Z
1174383,18,16,2,0.8888888888888888,1,0,0,16,snapshot_20150919T025947Z
1174600,5,3,2,0.6,1,0,0,1,snapshot_20150919T025947Z
1174786,3,3,0,1.0,1,0,0,1,snapshot_20150919T025947Z
1174875,4,4,0,1.0,1,0,0,2,snapshot_20150919T025947Z
1174876,5,5,0,1.0,1,0,0,3,snapshot_20150919T025947Z
1174955,9,9,0,1.0,1,0,0,5,snapshot_20150919T025947Z
1175111,4,4,0,1.0,1,0,0,1,snapshot_20150919T025947Z
1175295,3,0,3,0.0,0,0,1,1,snapshot_20150919T025947Z
1175322,5,5,0,1.0,1,0,0,3,snapshot_20150919T025947Z
1175330,5,5,0,1.0,1,0,0,3,snapshot_20150919T025947Z
1175373,4,3,1,0.75,1,0,0,2,snapshot_20150919T025947Z
1175423,5,5,0,1.0,1,0,0,3,snapshot_20150919T025947Z
1175440,18,7,11,0.3888888888888889,1,0,0,7,snapshot_20150919T025947Z
1175636,28,28,0,1.0,1,0,0,18,snapshot_20150919T025947Z
1175703,10,10,0,1.0,1,0,0,8,snapshot_20150919T025947Z
1175740,6,4,2,0.6666666666666666,1,0,0,4,snapshot_20150919T025947Z
1175782,3,3,0,1.0,1,0,0,1,snapshot_20150919T025947Z
1175856,3,3,0,1.0,1,0,0,1,snapshot_20150919T025947Z
1175941,21,1,20,0.047619047619047616,1,0,0,20,snapshot_20150919T025947Z
1176032,4,3,1,0.75,1,0,0,2,snapshot_20150919T025947Z
1176079,5,5,0,1.0,1,0,0,3,snapshot_20150919T025947Z
1176366,6,6,0,1.0,1,0,0,4,snapshot_20150919T025947Z
1176392,15,15,0,1.0,1,0,0,8,snapshot_20150919T025947Z
1176490,13,13,0,1.0,1,0,0,11,snapshot_20150919T025947Z
1176501,7,7,0,1.0,1,0,0,5,snapshot_20150919T025947Z
1176550,25,0,25,0.0,0,0,1,21,snapshot_20150919T025947Z
1176826,95,92,3,0.968421052631579,1,0,0,88,snapshot_20150919T025947Z
1176865,3,3,0,1.0,1,0,0,1,snapshot_20150919T025947Z
1176899,19,13,6,0.6842105263157895,1,0,0,16,snapshot_20150919T025947Z
1176924,3,3,0,1.0,1,0,0,1,snapshot_20150919T025947Z
1177041,5,1,4,0.2,1,0,0,3,snapshot_20150919T025947Z
1177212,2,2,0,1.0,1,1,0,0,snapshot_20150919T025947Z
1177288,9,7,2,0.7777777777777778,1,0,0,5,snapshot_20150919T025947Z
1177519,11,11,0,1.0,1,0,0,9,snapshot_20150919T025947Z
1177596,5,5,0,1.0,1,0,0,3,snapshot_20150919T025947Z
1177689,4,4,0,1.0,1,0,0,2,snapshot_20150919T025947Z
1177847,4,4,0,1.0,1,0,0,2,snapshot_20150919T025947Z
1178073,87,0,87,0.0,0,0,1,54,snapshot_20150919T025947Z
1178082,3,3,0,1.0,1,0,0,1,snapshot_20150919T025947Z
1178186,4,4,0,1.0,1,0,0,2,snapshot_20150919T025947Z
1178290,60,60,0,1.0,1,0,0,55,snapshot_20150919T025947Z
1178494,12,12,0,1.0,1,0,0,8,snapshot_20150919T025947Z
1178506,7,7,0,1.0,1,0,0,5,snapshot_20150919T025947Z
1179005,64,64,0,1.0,1,0,0,31,snapshot_20150919T025947Z
1179018,3,3,0,1.0,1,0,0,1,snapshot_20150919T025947Z
1179141,6,3,3,0.5,1,0,0,4,snapshot_20150919T025947Z
1179152,3,3,0,1.0,1,0,0,1,snapshot_20150919T025947Z
1179262,4,0,4,0.0,0,0,1,3,snapshot_20150919T025947Z
1179331,13,13,0,1.0,1,0,0,8,snapshot_20150919T025947Z
1179416,5,5,0,1.0,1,0,0,1,snapshot_20150919T025947Z
1179500,4,0,4,0.0,0,0,1,2,snapshot_20150919T025947Z
1179650,4,4,0,1.0,1,1,0,0,snapshot_20150919T025947Z
1179782,4,4,0,1.0,1,0,0,2,snapshot_20150919T025947Z
1180041,24,0,24,0.0,0,0,1,10,snapshot_20150919T025947Z
1180110,21,14,7,0.6666666666666666,1,0,0,20,snapshot_20150919T025947Z
1180229,5,5,0,1.0,1,0,0,3,snapshot_20150919T025947Z
1180266,3,0,3,0.0,0,0,1,2,snapshot_20150919T025947Z
1180332,6,6,0,1.0,1,0,0,4,snapshot_20150919T025947Z
1180439,18,13,5,0.7222222222222222,1,0,0,16,snapshot_20150919T025947Z
1180731,3,3,0,1.0,1,0,0,1,snapshot_20150919T025947Z
1180838,2,2,0,1.0,1,1,0,0,snapshot_20150919T025947Z
1180950,36,27,9,0.75,1,0,0,33,snapshot_20150919T025947Z
1181007,2,0,2,0.0,0,0,1,1,snapshot_20150919T025947Z
1181200,57,28,29,0.49122807017543857,1,0,0,56,snapshot_20150919T025947Z
1181206,7,0,7,0.0,0,0,1,3,snapshot_20150919T025947Z
1181395,9,8,1,0.8888888888888888,1,0,0,7,snapshot_20150919T025947Z
1181406,20,20,0,1.0,1,0,0,14,snapshot_20150919T025947Z
1181719,4,4,0,1.0,1,0,0,2,snapshot_20150919T025947Z
1181848,29,28,1,0.9655172413793104,1,0,0,23,snapshot_20150919T025947Z
1182324,6,6,0,1.0,1,0,0,3,snapshot_20150919T025947Z
1182649,5,1,4,0.2,1,0,0,3,snapshot_20150919T025947Z
1182823,4,4,0,1.0,1,0,0,2,snapshot_20150919T025947Z
1183087,12,12,0,1.0,1,0,0,7,snapshot_20150919T025947Z
1183092,20,12,8,0.6,1,0,0,14,snapshot_20150919T025947Z
1183199,6,6,0,1.0,1,0,0,4,snapshot_20150919T025947Z
1183236,3,3,0,1.0,1,0,0,1,snapshot_20150919T025947Z
1183250,2,2,0,1.0,1,1,0,0,snapshot_20150919T025947Z
1183412,10,10,0,1.0,1,0,0,6,snapshot_20150919T025947Z
1183536,5,5,0,1.0,1,0,0,3,snapshot_20150919T025947Z
1183717,2,2,0,1.0,1,0,0,1,snapshot_20150919T025947Z
1183769,3,3,0,1.0,1,0,0,1,snapshot_20150919T025947Z
1183770,11,11,0,1.0,1,0,0,8,snapshot_20150919T025947Z
1183793,3,3,0,1.0,1,0,0,1,snapshot_20150919T025947Z
1183796,21,14,7,0.6666666666666666,1,0,0,19,snapshot_20150919T025947Z
1183811,8,8,0,1.0,1,0,0,6,snapshot_20150919T025947Z
1183850,8,8,0,1.0,1,0,0,6,snapshot_20150919T025947Z
1183876,6,6,0,1.0,1,0,0,3,snapshot_20150919T025947Z
1183970,24,22,2,0.9166666666666666,1,0,0,22,snapshot_20150919T025947Z
1184189,6,5,1,0.8333333333333334,1,0,0,4,snapshot_20150919T025947Z
1184275,7,7,0,1.0,1,0,0,5,snapshot_20150919T025947Z
1184315,12,11,1,0.9166666666666666,1,0,0,5,snapshot_20150919T025947Z
1184363,5,5,0,1.0,1,0,0,3,snapshot_20150919T025947Z
1184392,5,0,5,0.0,0,0,1,3,snapshot_20150919T025947Z
1184428,8,5,3,0.625,1,0,0,4,snapshot_20150919T025947Z
1184443,7,7,0,1.0,1,0,0,5,snapshot_20150919T025947Z
1184602,4,4,0,1.0,1,1,0,0,snapshot_20150919T025947Z
1184848,3,3,0,1.0,1,0,0,1,snapshot_20150919T025947Z
1185078,3,3,0,1.0,1,0,0,2,snapshot_20150919T025947Z
1185234,347,196,151,0.5648414985590778,1,0,0,326,snapshot_20150919T025947Z
1185548,15,3,12,0.2,1,0,0,11,snapshot_20150919T025947Z
1185744,3,3,0,1.0,1,0,0,1,snapshot_20150919T025947Z
1185940,3,0,3,0.0,0,0,1,1,snapshot_20150919T025947Z
1186185,12,12,0,1.0,1,0,0,10,snapshot_20150919T025947Z
1186376,4,4,0,1.0,1,0,0,2,snapshot_20150919T025947Z
1186389,5,5,0,1.0,1,0,0,3,snapshot_20150919T025947Z
1186423,22,3,19,0.13636363636363635,1,0,0,20,snapshot_20150919T025947Z
1187034,5,5,0,1.0,1,0,0,3,snapshot_20150919T025947Z
1187102,8,8,0,1.0,1,0,0,4,snapshot_20150919T025947Z
1187124,6,6,0,1.0,1,0,0,4,snapshot_20150919T025947Z
1187633,4,4,0,1.0,1,0,0,2,snapshot_20150919T025947Z
1187718,7,7,0,1.0,1,0,0,6,snapshot_20150919T025947Z
1187748,5,1,4,0.2,1,0,0,4,snapshot_20150919T025947Z
1187853,9,9,0,1.0,1,0,0,7,snapshot_20150919T025947Z
1187858,12,12,0,1.0,1,0,0,10,snapshot_20150919T025947Z
1187986,62,62,0,1.0,1,0,0,51,snapshot_20150919T025947Z
1187988,4,0,4,0.0,0,0,1,2,snapshot_20150919T025947Z
1187998,24,19,5,0.7916666666666666,1,0,0,22,snapshot_20150919T025947Z
1188257,21,12,9,0.5714285714285714,1,0,0,17,snapshot_20150919T025947Z
1188331,3,3,0,1.0,1,0,0,1,snapshot_20150919T025947Z
1188424,6,6,0,1.0,1,0,0,3,snapshot_20150919T025947Z
1188496,3,3,0,1.0,1,0,0,1,snapshot_20150919T025947Z
1188952,114,112,2,0.9824561403508771,1,0,0,96,snapshot_20150919T025947Z
1188968,8,4,4,0.5,1,0,0,4,snapshot_20150919T025947Z
1189000,5,3,2,0.6,1,0,0,3,snapshot_20150919T025947Z
1189129,17,8,9,0.47058823529411764,1,0,0,13,snapshot_20150919T025947Z
1189297,6,6,0,1.0,1,0,0,4,snapshot_20150919T025947Z
1189339,44,44,0,1.0,1,0,0,33,snapshot_20150919T025947Z
1189458,2,2,0,1.0,1,0,0,1,snapshot_20150919T025947Z
1189567,5,5,0,1.0,1,0,0,1,snapshot_20150919T025947Z
1189599,16,16,0,1.0,1,0,0,14,snapshot_20150919T025947Z
1189650,3,0,3,0.0,0,0,1,1,snapshot_20150919T025947Z
1189783,3,3,0,1.0,1,0,0,2,snapshot_20150919T025947Z
1189991,10,0,10,0.0,0,0,1,8,snapshot_20150919T025947Z
1190064,7,7,0,1.0,1,0,0,4,snapshot_20150919T025947Z
1190446,26,23,3,0.8846153846153846,1,0,0,22,snapshot_20150919T025947Z
1190478,2,2,0,1.0,1,0,0,1,snapshot_20150919T025947Z
1190624,28,18,10,0.6428571428571429,1,0,0,26,snapshot_20150919T025947Z
1190733,3,3,0,1.0,1,0,0,1,snapshot_20150919T025947Z
1190799,2,2,0,1.0,1,1,0,0,snapshot_20150919T025947Z
1190835,7,0,7,0.0,0,0,1,5,snapshot_20150919T025947Z
1190855,81,63,18,0.7777777777777778,1,0,0,47,snapshot_20150919T025947Z
1190861,3,3,0,1.0,1,0,0,1,snapshot_20150919T025947Z
1191192,4,4,0,1.0,1,0,0,2,snapshot_20150919T025947Z
1191301,5,4,1,0.8,1,0,0,3,snapshot_20150919T025947Z
1191434,26,26,0,1.0,1,0,0,22,snapshot_20150919T025947Z
1191809,11,0,11,0.0,0,0,1,7,snapshot_20150919T025947Z
1191828,3,3,0,1.0,1,0,0,1,snapshot_20150919T025947Z
1191985,3,3,0,1.0,1,0,0,1,snapshot_20150919T025947Z
1192181,3,3,0,1.0,1,0,0,1,snapshot_20150919T025947Z
1192199,3,3,0,1.0,1,0,0,1,snapshot_20150919T025947Z
1192236,5,5,0,1.0,1,0,0,3,snapshot_20150919T025947Z
1192245,10,10,0,1.0,1,0,0,7,snapshot_20150919T025947Z
1192524,10,10,0,1.0,1,0,0,8,snapshot_20150919T025947Z
1192567,3,3,0,1.0,1,0,0,1,snapshot_20150919T025947Z
1192580,8,0,8,0.0,0,0,1,6,snapshot_20150919T025947Z
1193129,3,3,0,1.0,1,0,0,1,snapshot_20150919T025947Z
1193534,3,3,0,1.0,1,0,0,1,snapshot_20150919T025947Z
1193568,2,2,0,1.0,1,0,0,1,snapshot_20150919T025947Z
1193588,12,12,0,1.0,1,0,0,9,snapshot_20150919T025947Z
1193750,4,4,0,1.0,1,0,0,2,snapshot_20150919T025947Z
1193771,9,0,9,0.0,0,0,1,6,snapshot_20150919T025947Z
1193786,4,3,1,0.75,1,0,0,2,snapshot_20150919T025947Z
1193899,3,0,3,0.0,0,0,1,1,snapshot_20150919T025947Z
1193956,13,13,0,1.0,1,0,0,11,snapshot_20150919T025947Z
1194230,6,6,0,1.0,1,0,0,4,snapshot_20150919T025947Z
1194261,7,7,0,1.0,1,0,0,4,snapshot_20150919T025947Z
1194295,7,7,0,1.0,1,0,0,5,snapshot_20150919T025947Z
1194303,11,5,6,0.45454545454545453,1,0,0,9,snapshot_20150919T025947Z
1194376,10,10,0,1.0,1,0,0,8,snapshot_20150919T025947Z
1194505,3,3,0,1.0,1,0,0,1,snapshot_20150919T025947Z
1194554,6,6,0,1.0,1,0,0,4,snapshot_20150919T025947Z
1194567,3,3,0,1.0,1,0,0,1,snapshot_20150919T025947Z
1194654,6,6,0,1.0,1,0,0,3,snapshot_20150919T025947Z
1195211,2,2,0,1.0,1,1,0,0,snapshot_20150919T025947Z
1195388,10,6,4,0.6,1,0,0,7,snapshot_20150919T025947Z
1195558,4,4,0,1.0,1,0,0,2,snapshot_20150919T025947Z
1195643,6,6,0,1.0,1,0,0,4,snapshot_20150919T025947Z
1195833,3,3,0,1.0,1,0,0,1,snapshot_20150919T025947Z
1195928,13,13,0,1.0,1,0,0,11,snapshot_20150919T025947Z
1195980,110,105,5,0.9545454545454546,1,0,0,108,snapshot_20150919T025947Z
1196160,5,5,0,1.0,1,0,0,3,snapshot_20150919T025947Z
1196189,15,14,1,0.9333333333333333,1,0,0,13,snapshot_20150919T025947Z
1196322,7,7,0,1.0,1,0,0,4,snapshot_20150919T025947Z
1196552,11,11,0,1.0,1,0,0,9,snapshot_20150919T025947Z
1196616,23,19,4,0.8260869565217391,1,0,0,20,snapshot_20150919T025947Z
1196715,5,5,0,1.0,1,0,0,3,snapshot_20150919T025947Z
1196748,4,4,0,1.0,1,0,0,2,snapshot_20150919T025947Z
1196832,13,13,0,1.0,1,0,0,9,snapshot_20150919T025947Z
1196942,4,4,0,1.0,1,0,0,2,snapshot_20150919T025947Z
1197194,10,10,0,1.0,1,0,0,7,snapshot_20150919T025947Z
1197341,4,4,0,1.0,1,0,0,2,snapshot_20150919T025947Z
1197343,129,124,5,0.9612403100775194,1,0,0,84,snapshot_20150919T025947Z
1197479,12,12,0,1.0,1,0,0,10,snapshot_20150919T025947Z
1197550,10,5,5,0.5,1,0,0,6,snapshot_20150919T025947Z
1197629,3,3,0,1.0,1,0,0,1,snapshot_20150919T025947Z
1197647,14,14,0,1.0,1,0,0,10,snapshot_20150919T025947Z
1197809,6,6,0,1.0,1,1,0,0,snapshot_20150919T025947Z
1197857,3,3,0,1.0,1,0,0,1,snapshot_20150919T025947Z
1197875,4,4,0,1.0,1,0,0,2,snapshot_20150919T025947Z
1198094,9,9,0,1.0,1,0,0,7,snapshot_20150919T025947Z
1198289,3,3,0,1.0,1,0,0,1,snapshot_20150919T025947Z
1198949,18,17,1,0.9444444444444444,1,0,0,14,snapshot_20150919T025947Z
1199061,6,5,1,0.8333333333333334,1,0,0,3,snapshot_20150919T025947Z
1199079,5,5,0,1.0,1,0,0,4,snapshot_20150919T025947Z
1199094,3,3,0,1.0,1,0,0,1,snapshot_20150919T025947Z
1199130,6,6,0,1.0,1,0,0,2,snapshot_20150919T025947Z
1199182,3,3,0,1.0,1,0,0,1,snapshot_20150919T025947Z
1199268,4,4,0,1.0,1,0,0,2,snapshot_20150919T025947Z
1199413,19,16,3,0.8421052631578947,1,0,0,17,snapshot_20150919T025947Z
1199640,12,12,0,1.0,1,0,0,1,snapshot_20150919T025947Z
1199945,2,2,0,1.0,1,0,0,1,snapshot_20150919T025947Z
1200007,6,1,5,0.16666666666666666,1,0,0,4,snapshot_20150919T025947Z
1200257,10,10,0,1.0,1,0,0,7,snapshot_20150919T025947Z
1200339,28,28,0,1.0,1,0,0,24,snapshot_20150919T025947Z
1200508,3,3,0,1.0,1,0,0,1,snapshot_20150919T025947Z
1200651,3,3,0,1.0,1,0,0,1,snapshot_20150919T025947Z
1200726,20,20,0,1.0,1,0,0,15,snapshot_20150919T025947Z
1201435,4,4,0,1.0,1,0,0,2,snapshot_20150919T025947Z
1201458,2,2,0,1.0,1,1,0,0,snapshot_20150919T025947Z
1201579,5,5,0,1.0,1,0,0,3,snapshot_20150919T025947Z
1201694,27,27,0,1.0,1,0,0,25,snapshot_20150919T025947Z
1202066,17,17,0,1.0,1,0,0,12,snapshot_20150919T025947Z
1202094,8,0,8,0.0,0,0,1,6,snapshot_20150919T025947Z
1202248,7,7,0,1.0,1,0,0,5,snapshot_20150919T025947Z
1202318,7,7,0,1.0,1,0,0,5,snapshot_20150919T025947Z
1202351,9,0,9,0.0,0,0,1,5,snapshot_20150919T025947Z
1202511,7,7,0,1.0,1,0,0,3,snapshot_20150919T025947Z
1202903,2,2,0,1.0,1,0,0,1,snapshot_20150919T025947Z
1202977,2,2,0,1.0,1,1,0,0,snapshot_20150919T025947Z
1203091,7,7,0,1.0,1,0,0,5,snapshot_20150919T025947Z
1203145,7,6,1,0.8571428571428571,1,0,0,5,snapshot_20150919T025947Z
1203176,3,3,0,1.0,1,0,0,1,snapshot_20150919T025947Z
1203225,2,2,0,1.0,1,1,0,0,snapshot_20150919T025947Z
1203367,3,3,0,1.0,1,1,0,0,snapshot_20150919T025947Z
1203461,15,15,0,1.0,1,0,0,9,snapshot_20150919T025947Z
1203467,4,4,0,1.0,1,0,0,2,snapshot_20150919T025947Z
1203677,24,21,3,0.875,1,0,0,22,snapshot_20150919T025947Z
1203683,17,12,5,0.7058823529411765,1,0,0,15,snapshot_20150919T025947Z
1203751,27,27,0,1.0,1,0,0,24,snapshot_20150919T025947Z
1203891,8,7,1,0.875,1,0,0,6,snapshot_20150919T025947Z
1204011,10,10,0,1.0,1,0,0,6,snapshot_20150919T025947Z
1204153,3,3,0,1.0,1,0,0,1,snapshot_20150919T025947Z
1204265,7,7,0,1.0,1,0,0,6,snapshot_20150919T025947Z
1204351,6,6,0,1.0,1,0,0,4,snapshot_20150919T025947Z
1204368,7,7,0,1.0,1,0,0,5,snapshot_20150919T025947Z
1204372,13,13,0,1.0,1,0,0,8,snapshot_20150919T025947Z
1204493,3,0,3,0.0,0,0,1,1,snapshot_20150919T025947Z
1204946,35,10,25,0.2857142857142857,1,0,0,33,snapshot_20150919T025947Z
1204969,3,3,0,1.0,1,0,0,1,snapshot_20150919T025947Z
1205120,5,5,0,1.0,1,0,0,3,snapshot_20150919T025947Z
1205233,18,18,0,1.0,1,0,0,9,snapshot_20150919T025947Z
1205291,11,6,5,0.5454545454545454,1,0,0,9,snapshot_20150919T025947Z
1205376,4,4,0,1.0,1,0,0,2,snapshot_20150919T025947Z
1205631,5,5,0,1.0,1,0,0,3,snapshot_20150919T025947Z
1206028,6,6,0,1.0,1,0,0,4,snapshot_20150919T025947Z
1206138,14,0,14,0.0,0,0,1,10,snapshot_20150919T025947Z
1206306,4,4,0,1.0,1,0,0,2,snapshot_20150919T025947Z
1206408,4,0,4,0.0,0,0,1,3,snapshot_20150919T025947Z
1206421,6,6,0,1.0,1,0,0,4,snapshot_20150919T025947Z
1206508,7,7,0,1.0,1,0,0,5,snapshot_20150919T025947Z
1206600,4,4,0,1.0,1,0,0,2,snapshot_20150919T025947Z
1206613,6,6,0,1.0,1,0,0,4,snapshot_20150919T025947Z
1206788,19,3,16,0.15789473684210525,1,0,0,17,snapshot_20150919T025947Z
1206805,6,6,0,1.0,1,0,0,2,snapshot_20150919T025947Z
1206877,17,17,0,1.0,1,0,0,11,snapshot_20150919T025947Z
1206962,2,2,0,1.0,1,0,0,1,snapshot_20150919T025947Z
1206963,15,15,0,1.0,1,0,0,1,snapshot_20150919T025947Z
1207006,7,7,0,1.0,1,0,0,5,snapshot_20150919T025947Z
1207222,10,10,0,1.0,1,0,0,4,snapshot_20150919T025947Z
1207232,4,4,0,1.0,1,0,0,2,snapshot_20150919T025947Z
1207286,4,4,0,1.0,1,0,0,3,snapshot_20150919T025947Z
1207332,11,11,0,1.0,1,0,0,9,snapshot_20150919T025947Z
1207439,3,3,0,1.0,1,0,0,2,snapshot_20150919T025947Z
1207614,8,6,2,0.75,1,0,0,6,snapshot_20150919T025947Z
1207662,3,3,0,1.0,1,0,0,1,snapshot_20150919T025947Z
1207835,5,5,0,1.0,1,0,0,1,snapshot_20150919T025947Z
1207863,9,9,0,1.0,1,0,0,7,snapshot_20150919T025947Z
1207981,4,4,0,1.0,1,0,0,2,snapshot_20150919T025947Z
1208048,3,3,0,1.0,1,0,0,1,snapshot_20150919T025947Z
1208148,13,13,0,1.0,1,0,0,7,snapshot_20150919T025947Z
1208219,9,9,0,1.0,1,0,0,8,snapshot_20150919T025947Z
1208229,16,0,16,0.0,0,0,1,14,snapshot_20150919T025947Z
1208486,11,11,0,1.0,1,0,0,9,snapshot_20150919T025947Z
1208531,24,11,13,0.4583333333333333,1,0,0,22,snapshot_20150919T025947Z
1208747,4,0,4,0.0,0,0,1,2,snapshot_20150919T025947Z
1208868,3,3,0,1.0,1,0,0,1,snapshot_20150919T025947Z
1208957,6,0,6,0.0,0,0,1,4,snapshot_20150919T025947Z
1209226,2,2,0,1.0,1,1,0,0,snapshot_20150919T025947Z
1209311,18,17,1,0.9444444444444444,1,0,0,16,snapshot_20150919T025947Z
1209444,8,8,0,1.0,1,0,0,6,snapshot_20150919T025947Z
1209676,11,0,11,0.0,0,0,1,9,snapshot_20150919T025947Z
1209685,5,5,0,1.0,1,0,0,3,snapshot_20150919T025947Z
1209965,11,11,0,1.0,1,0,0,4,snapshot_20150919T025947Z
1209995,9,9,0,1.0,1,0,0,5,snapshot_20150919T025947Z
1210029,1,1,0,1.0,1,1,0,0,snapshot_20150919T025947Z
1210136,75,72,3,0.96,1,0,0,46,snapshot_20150919T025947Z
1210476,3,3,0,1.0,1,0,0,1,snapshot_20150919T025947Z
1210592,3,3,0,1.0,1,0,0,1,snapshot_20150919T025947Z
1211071,6,6,0,1.0,1,0,0,4,snapshot_20150919T025947Z
1211110,22,22,0,1.0,1,0,0,20,snapshot_20150919T025947Z
1211344,2,2,0,1.0,1,1,0,0,snapshot_20150919T025947Z
1211623,7,7,0,1.0,1,0,0,4,snapshot_20150919T025947Z
1211914,21,16,5,0.7619047619047619,1,0,0,17,snapshot_20150919T025947Z
1211924,3,3,0,1.0,1,0,0,1,snapshot_20150919T025947Z
1212037,3,3,0,1.0,1,0,0,1,snapshot_20150919T025947Z
1212041,4,4,0,1.0,1,0,0,2,snapshot_20150919T025947Z
1212071,11,11,0,1.0,1,0,0,8,snapshot_20150919T025947Z
1212080,10,10,0,1.0,1,0,0,8,snapshot_20150919T025947Z
1212426,3,3,0,1.0,1,0,0,1,snapshot_20150919T025947Z
1212549,8,8,0,1.0,1,0,0,6,snapshot_20150919T025947Z
1212631,2,2,0,1.0,1,1,0,0,snapshot_20150919T025947Z
1212730,3,3,0,1.0,1,0,0,1,snapshot_20150919T025947Z
1212999,85,70,15,0.8235294117647058,1,0,0,27,snapshot_20150919T025947Z
1213112,13,13,0,1.0,1,0,0,10,snapshot_20150919T025947Z
1213114,13,11,2,0.8461538461538461,1,0,0,9,snapshot_20150919T025947Z
1213184,7,6,1,0.8571428571428571,1,0,0,5,snapshot_20150919T025947Z
1213250,36,36,0,1.0,1,0,0,32,snapshot_20150919T025947Z
1213423,102,69,33,0.6764705882352942,1,0,0,80,snapshot_20150919T025947Z
1213456,20,2,18,0.1,1,0,0,14,snapshot_20150919T025947Z
1213458,5,5,0,1.0,1,0,0,2,snapshot_20150919T025947Z
1213852,6,5,1,0.8333333333333334,1,0,0,4,snapshot_20150919T025947Z
1213853,3,3,0,1.0,1,0,0,1,snapshot_20150919T025947Z
1213873,6,6,0,1.0,1,0,0,2,snapshot_20150919T025947Z
1214074,4,4,0,1.0,1,0,0,2,snapshot_20150919T025947Z
1214191,13,13,0,1.0,1,0,0,10,snapshot_20150919T025947Z
1214320,28,28,0,1.0,1,0,0,21,snapshot_20150919T025947Z
1214388,2,2,0,1.0,1,1,0,0,snapshot_20150919T025947Z
1214394,7,7,0,1.0,1,0,0,5,snapshot_20150919T025947Z
1214531,5,5,0,1.0,1,0,0,3,snapshot_20150919T025947Z
1214715,1,1,0,1.0,1,1,0,0,snapshot_20150919T025947Z
1214933,3,3,0,1.0,1,1,0,0,snapshot_20150919T025947Z
1214988,35,35,0,1.0,1,0,0,19,snapshot_20150919T025947Z
1215034,14,14,0,1.0,1,0,0,11,snapshot_20150919T025947Z
1215171,4,4,0,1.0,1,0,0,2,snapshot_20150919T025947Z
1215257,3,3,0,1.0,1,0,0,1,snapshot_20150919T025947Z
1215287,3,3,0,1.0,1,0,0,1,snapshot_20150919T025947Z
1215406,7,7,0,1.0,1,0,0,5,snapshot_20150919T025947Z
1215432,5,5,0,1.0,1,0,0,3,snapshot_20150919T025947Z
1215681,5,5,0,1.0,1,0,0,3,snapshot_20150919T025947Z
1216079,62,36,26,0.5806451612903226,1,0,0,57,snapshot_20150919T025947Z
1216153,8,8,0,1.0,1,0,0,6,snapshot_20150919T025947Z
1216259,31,31,0,1.0,1,0,0,28,snapshot_20150919T025947Z
1216705,12,8,4,0.6666666666666666,1,0,0,5,snapshot_20150919T025947Z
1216792,5,5,0,1.0,1,0,0,3,snapshot_20150919T025947Z
1216971,8,8,0,1.0,1,0,0,6,snapshot_20150919T025947Z
1217016,5,0,5,0.0,0,0,1,3,snapshot_20150919T025947Z
1217291,4,0,4,0.0,0,0,1,2,snapshot_20150919T025947Z
1217315,11,11,0,1.0,1,0,0,8,snapshot_20150919T025947Z
1217330,25,25,0,1.0,1,0,0,22,snapshot_20150919T025947Z
1217536,2,2,0,1.0,1,1,0,0,snapshot_20150919T025947Z
1217782,30,30,0,1.0,1,0,0,23,snapshot_20150919T025947Z
1218140,5,5,0,1.0,1,0,0,3,snapshot_20150919T025947Z
1218239,2,2,0,1.0,1,1,0,0,snapshot_20150919T025947Z
1218480,9,9,0,1.0,1,0,0,5,snapshot_20150919T025947Z
1218507,6,6,0,1.0,1,0,0,4,snapshot_20150919T025947Z
1218508,7,7,0,1.0,1,0,0,6,snapshot_20150919T025947Z
1218647,5,5,0,1.0,1,0,0,3,snapshot_20150919T025947Z
1218905,3,3,0,1.0,1,0,0,1,snapshot_20150919T025947Z
1218962,10,8,2,0.8,1,0,0,8,snapshot_20150919T025947Z
1219089,4,0,4,0.0,0,0,1,2,snapshot_20150919T025947Z
1219147,8,8,0,1.0,1,0,0,6,snapshot_20150919T025947Z
1219187,3,3,0,1.0,1,0,0,1,snapshot_20150919T025947Z
1219216,6,6,0,1.0,1,0,0,4,snapshot_20150919T025947Z
1219251,5,5,0,1.0,1,0,0,3,snapshot_20150919T025947Z
1219276,3,3,0,1.0,1,0,0,2,snapshot_20150919T025947Z
1219305,11,11,0,1.0,1,0,0,9,snapshot_20150919T025947Z
1219361,60,23,37,0.38333333333333336,1,0,0,54,snapshot_20150919T025947Z
1219375,20,20,0,1.0,1,0,0,6,snapshot_20150919T025947Z
1219448,5,5,0,1.0,1,0,0,3,snapshot_20150919T025947Z
1219487,10,0,10,0.0,0,0,1,6,snapshot_20150919T025947Z
1219594,6,6,0,1.0,1,0,0,4,snapshot_20150919T025947Z
1219635,3,3,0,1.0,1,0,0,2,snapshot_20150919T025947Z
1219705,11,11,0,1.0,1,0,0,9,snapshot_20150919T025947Z
1219882,7,7,0,1.0,1,0,0,3,snapshot_20150919T025947Z
1220101,7,7,0,1.0,1,0,0,5,snapshot_20150919T025947Z
1220196,5,5,0,1.0,1,0,0,3,snapshot_20150919T025947Z
1220230,6,6,0,1.0,1,0,0,4,snapshot_20150919T025947Z
1220368,6,6,0,1.0,1,0,0,4,snapshot_20150919T025947Z
1220372,109,95,14,0.8715596330275229,1,0,0,97,snapshot_20150919T025947Z
1220381,4,4,0,1.0,1,0,0,1,snapshot_20150919T025947Z
1220455,4,4,0,1.0,1,0,0,2,snapshot_20150919T025947Z
1220556,57,49,8,0.8596491228070176,1,0,0,52,snapshot_20150919T025947Z
1220633,29,29,0,1.0,1,0,0,16,snapshot_20150919T025947Z
1220741,5,5,0,1.0,1,0,0,3,snapshot_20150919T025947Z
1220875,3,0,3,0.0,0,0,1,1,snapshot_20150919T025947Z
1220942,22,19,3,0.8636363636363636,1,0,0,20,snapshot_20150919T025947Z
1221036,3,3,0,1.0,1,0,0,1,snapshot_20150919T025947Z
1221063,40,39,1,0.975,1,0,0,37,snapshot_20150919T025947Z
1221125,3,3,0,1.0,1,0,0,1,snapshot_20150919T025947Z
1221228,6,6,0,1.0,1,0,0,4,snapshot_20150919T025947Z
1221273,6,6,0,1.0,1,0,0,3,snapshot_20150919T025947Z
1221736,4,3,1,0.75,1,0,0,2,snapshot_20150919T025947Z
1221828,9,9,0,1.0,1,0,0,4,snapshot_20150919T025947Z
1221887,8,7,1,0.875,1,0,0,6,snapshot_20150919T025947Z
1222464,4,0,4,0.0,0,0,1,2,snapshot_20150919T025947Z
1222708,19,18,1,0.9473684210526315,1,0,0,16,snapshot_20150919T025947Z
1222828,4,0,4,0.0,0,0,1,2,snapshot_20150919T025947Z
1222875,13,13,0,1.0,1,0,0,11,snapshot_20150919T025947Z
1223007,34,34,0,1.0,1,0,0,29,snapshot_20150919T025947Z
1223331,4,4,0,1.0,1,0,0,2,snapshot_20150919T025947Z
1223450,39,38,1,0.9743589743589743,1,0,0,34,snapshot_20150919T025947Z
1223654,14,14,0,1.0,1,0,0,10,snapshot_20150919T025947Z
1223705,5,5,0,1.0,1,0,0,3,snapshot_20150919T025947Z
1223878,46,44,2,0.9565217391304348,1,0,0,40,snapshot_20150919T025947Z
1223981,9,0,9,0.0,0,0,1,7,snapshot_20150919T025947Z
1224025,5,1,4,0.2,1,0,0,3,snapshot_20150919T025947Z
1224104,12,12,0,1.0,1,0,0,6,snapshot_20150919T025947Z
1224144,3,3,0,1.0,1,0,0,1,snapshot_20150919T025947Z
1224155,5,5,0,1.0,1,0,0,3,snapshot_20150919T025947Z
1224201,32,32,0,1.0,1,0,0,15,snapshot_20150919T025947Z
1224226,14,14,0,1.0,1,0,0,11,snapshot_20150919T025947Z
1224323,4,4,0,1.0,1,0,0,2,snapshot_20150919T025947Z
1224381,7,6,1,0.8571428571428571,1,0,0,5,snapshot_20150919T025947Z
1224500,9,7,2,0.7777777777777778,1,0,0,7,snapshot_20150919T025947Z
1224659,2,0,2,0.0,0,1,1,0,snapshot_20150919T025947Z
1224670,6,3,3,0.5,1,0,0,3,snapshot_20150919T025947Z
1224814,3,0,3,0.0,0,0,1,1,snapshot_20150919T025947Z
1224966,5,0,5,0.0,0,0,1,3,snapshot_20150919T025947Z
1225085,2,0,2,0.0,0,0,1,1,snapshot_20150919T025947Z
1225435,37,21,16,0.5675675675675675,1,0,0,22,snapshot_20150919T025947Z
1225468,3,3,0,1.0,1,0,0,1,snapshot_20150919T025947Z
1225721,8,8,0,1.0,1,0,0,7,snapshot_20150919T025947Z
1226063,4,4,0,1.0,1,0,0,2,snapshot_20150919T025947Z
1226374,6,6,0,1.0,1,0,0,4,snapshot_20150919T025947Z
1226691,6,6,0,1.0,1,0,0,4,snapshot_20150919T025947Z
1226740,6,0,6,0.0,0,0,1,2,snapshot_20150919T025947Z
1226883,3,3,0,1.0,1,0,0,1,snapshot_20150919T025947Z
1227060,17,16,1,0.9411764705882353,1,0,0,13,snapshot_20150919T025947Z
1227097,6,6,0,1.0,1,0,0,4,snapshot_20150919T025947Z
1227164,15,15,0,1.0,1,0,0,13,snapshot_20150919T025947Z
1227440,12,1,11,0.08333333333333333,1,0,0,10,snapshot_20150919T025947Z
1227472,19,19,0,1.0,1,0,0,15,snapshot_20150919T025947Z
1227583,6,0,6,0.0,0,0,1,4,snapshot_20150919T025947Z
1227634,23,0,23,0.0,0,0,1,17,snapshot_20150919T025947Z
1227712,8,8,0,1.0,1,0,0,3,snapshot_20150919T025947Z
1227721,4,4,0,1.0,1,0,0,1,snapshot_20150919T025947Z
1227768,8,0,8,0.0,0,0,1,6,snapshot_20150919T025947Z
1227941,3,3,0,1.0,1,0,0,1,snapshot_20150919T025947Z
1228166,3,3,0,1.0,1,0,0,1,snapshot_20150919T025947Z
1228172,3,3,0,1.0,1,1,0,0,snapshot_20150919T025947Z
1228310,6,6,0,1.0,1,0,0,4,snapshot_20150919T025947Z
1228324,11,11,0,1.0,1,0,0,9,snapshot_20150919T025947Z
1228413,4,0,4,0.0,0,0,1,2,snapshot_20150919T025947Z
1228414,14,13,1,0.9285714285714286,1,0,0,11,snapshot_20150919T025947Z
1228795,13,13,0,1.0,1,0,0,11,snapshot_20150919T025947Z
1228883,9,8,1,0.8888888888888888,1,0,0,7,snapshot_20150919T025947Z
1229029,107,97,10,0.9065420560747663,1,0,0,70,snapshot_20150919T025947Z
1229254,11,11,0,1.0,1,0,0,9,snapshot_20150919T025947Z
1229369,4,4,0,1.0,1,0,0,3,snapshot_20150919T025947Z
1229430,10,1,9,0.1,1,0,0,8,snapshot_20150919T025947Z
1229494,8,8,0,1.0,1,0,0,5,snapshot_20150919T025947Z
1229650,4,4,0,1.0,1,0,0,3,snapshot_20150919T025947Z
1229729,36,27,9,0.75,1,0,0,25,snapshot_20150919T025947Z
1229806,9,1,8,0.1111111111111111,1,0,0,6,snapshot_20150919T025947Z
1229936,2,2,0,1.0,1,1,0,0,snapshot_20150919T025947Z
1230022,6,6,0,1.0,1,0,0,3,snapshot_20150919T025947Z
1230122,4,0,4,0.0,0,0,1,2,snapshot_20150919T025947Z
1230189,3,3,0,1.0,1,0,0,1,snapshot_20150919T025947Z
1230424,3,3,0,1.0,1,0,0,1,snapshot_20150919T025947Z
1230504,5,5,0,1.0,1,0,0,3,snapshot_20150919T025947Z
1230558,15,15,0,1.0,1,0,0,13,snapshot_20150919T025947Z
1230652,14,13,1,0.9285714285714286,1,0,0,12,snapshot_20150919T025947Z
1230767,4,4,0,1.0,1,0,0,3,snapshot_20150919T025947Z
1230976,3,3,0,1.0,1,0,0,1,snapshot_20150919T025947Z
1230978,9,6,3,0.6666666666666666,1,0,0,7,snapshot_20150919T025947Z
1231186,7,7,0,1.0,1,0,0,4,snapshot_20150919T025947Z
1231193,17,17,0,1.0,1,0,0,9,snapshot_20150919T025947Z
1231446,24,24,0,1.0,1,0,0,21,snapshot_20150919T025947Z
1231533,8,7,1,0.875,1,0,0,6,snapshot_20150919T025947Z
1231909,4,4,0,1.0,1,0,0,2,snapshot_20150919T025947Z
1232031,5,5,0,1.0,1,0,0,2,snapshot_20150919T025947Z
1232231,2,2,0,1.0,1,1,0,0,snapshot_20150919T025947Z
1232385,4,4,0,1.0,1,0,0,3,snapshot_20150919T025947Z
1232441,15,11,4,0.7333333333333333,1,0,0,11,snapshot_20150919T025947Z
1232652,2,2,0,1.0,1,1,0,0,snapshot_20150919T025947Z
1232720,3,3,0,1.0,1,0,0,1,snapshot_20150919T025947Z
1232791,3,3,0,1.0,1,0,0,1,snapshot_20150919T025947Z
1232884,9,9,0,1.0,1,0,0,7,snapshot_20150919T025947Z
1232925,14,0,14,0.0,0,0,1,12,snapshot_20150919T025947Z
1233001,15,4,11,0.26666666666666666,1,0,0,13,snapshot_20150919T025947Z
1233041,24,24,0,1.0,1,0,0,20,snapshot_20150919T025947Z
1233088,5,5,0,1.0,1,0,0,3,snapshot_20150919T025947Z
1233140,11,11,0,1.0,1,0,0,5,snapshot_20150919T025947Z
1233201,3,3,0,1.0,1,0,0,1,snapshot_20150919T025947Z
1233406,4,4,0,1.0,1,0,0,2,snapshot_20150919T025947Z
1233483,21,14,7,0.6666666666666666,1,0,0,17,snapshot_20150919T025947Z
1233722,3,3,0,1.0,1,0,0,2,snapshot_20150919T025947Z
1233931,2,2,0,1.0,1,1,0,0,snapshot_20150919T025947Z
1233976,5,5,0,1.0,1,0,0,3,snapshot_20150919T025947Z
1233979,17,11,6,0.6470588235294118,1,0,0,4,snapshot_20150919T025947Z
1234033,5,5,0,1.0,1,0,0,3,snapshot_20150919T025947Z
1234052,2,0,2,0.0,0,0,1,1,snapshot_20150919T025947Z
1234063,1,1,0,1.0,1,1,0,0,snapshot_20150919T025947Z
1234095,3,3,0,1.0,1,0,0,1,snapshot_20150919T025947Z
1234428,5,5,0,1.0,1,0,0,3,snapshot_20150919T025947Z
1234499,4,0,4,0.0,0,0,1,2,snapshot_20150919T025947Z
1234667,3,3,0,1.0,1,0,0,1,snapshot_20150919T025947Z
1234997,16,2,14,0.125,1,0,0,12,snapshot_20150919T025947Z
1235136,32,29,3,0.90625,1,0,0,26,snapshot_20150919T025947Z
1235152,19,17,2,0.8947368421052632,1,0,0,15,snapshot_20150919T025947Z
1235292,59,43,16,0.7288135593220338,1,0,0,36,snapshot_20150919T025947Z
1235294,11,11,0,1.0,1,0,0,9,snapshot_20150919T025947Z
1235469,9,5,4,0.5555555555555556,1,0,0,5,snapshot_20150919T025947Z
1235609,4,4,0,1.0,1,0,0,2,snapshot_20150919T025947Z
1236134,3,3,0,1.0,1,0,0,1,snapshot_20150919T025947Z
1236241,2,2,0,1.0,1,1,0,0,snapshot_20150919T025947Z
1236376,7,7,0,1.0,1,0,0,5,snapshot_20150919T025947Z
1236406,6,5,1,0.8333333333333334,1,0,0,4,snapshot_20150919T025947Z
1236547,5,5,0,1.0,1,0,0,3,snapshot_20150919T025947Z
1236594,2,2,0,1.0,1,1,0,0,snapshot_20150919T025947Z
1236721,7,7,0,1.0,1,0,0,5,snapshot_20150919T025947Z
1236742,7,7,0,1.0,1,0,0,3,snapshot_20150919T025947Z
1236753,13,9,4,0.6923076923076923,1,0,0,4,snapshot_20150919T025947Z
1237022,3,3,0,1.0,1,0,0,1,snapshot_20150919T025947Z
1237111,56,56,0,1.0,1,0,0,51,snapshot_20150919T025947Z
1237167,2,2,0,1.0,1,0,0,1,snapshot_20150919T025947Z
1237530,4,0,4,0.0,0,0,1,2,snapshot_20150919T025947Z
1237565,3,3,0,1.0,1,0,0,1,snapshot_20150919T025947Z
1237629,3,0,3,0.0,0,0,1,1,snapshot_20150919T025947Z
1237668,3,0,3,0.0,0,0,1,1,snapshot_20150919T025947Z
1237694,3,3,0,1.0,1,0,0,1,snapshot_20150919T025947Z
1237699,17,17,0,1.0,1,0,0,15,snapshot_20150919T025947Z
1237790,3,3,0,1.0,1,0,0,1,snapshot_20150919T025947Z
1238367,5,5,0,1.0,1,0,0,3,snapshot_20150919T025947Z
1238550,17,14,3,0.8235294117647058,1,0,0,15,snapshot_20150919T025947Z
1238789,5,5,0,1.0,1,0,0,3,snapshot_20150919T025947Z
1238791,39,35,4,0.8974358974358975,1,0,0,30,snapshot_20150919T025947Z
1238886,4,4,0,1.0,1,0,0,1,snapshot_20150919T025947Z
1238931,2,2,0,1.0,1,0,0,1,snapshot_20150919T025947Z
1238935,18,12,6,0.6666666666666666,1,0,0,14,snapshot_20150919T025947Z
1239003,3,3,0,1.0,1,0,0,2,snapshot_20150919T025947Z
1239048,7,7,0,1.0,1,0,0,5,snapshot_20150919T025947Z
1239490,5,5,0,1.0,1,0,0,3,snapshot_20150919T025947Z
1239575,9,8,1,0.8888888888888888,1,0,0,7,snapshot_20150919T025947Z
1239679,19,19,0,1.0,1,0,0,17,snapshot_20150919T025947Z
1239747,6,6,0,1.0,1,0,0,4,snapshot_20150919T025947Z
1239805,6,6,0,1.0,1,0,0,4,snapshot_20150919T025947Z
1239823,2,0,2,0.0,0,0,1,1,snapshot_20150919T025947Z
1240133,7,0,7,0.0,0,0,1,6,snapshot_20150919T025947Z
1240591,10,2,8,0.2,1,0,0,8,snapshot_20150919T025947Z
1240704,4,4,0,1.0,1,0,0,2,snapshot_20150919T025947Z
1240832,3,3,0,1.0,1,0,0,1,snapshot_20150919T025947Z
1240849,2,2,0,1.0,1,0,0,1,snapshot_20150919T025947Z
1240995,11,11,0,1.0,1,0,0,10,snapshot_20150919T025947Z
1241183,7,7,0,1.0,1,0,0,6,snapshot_20150919T025947Z
1241360,4,4,0,1.0,1,0,0,2,snapshot_20150919T025947Z
1241378,16,13,3,0.8125,1,0,0,15,snapshot_20150919T025947Z
1241454,18,18,0,1.0,1,0,0,11,snapshot_20150919T025947Z
1241565,3,3,0,1.0,1,0,0,1,snapshot_20150919T025947Z
1241621,7,0,7,0.0,0,0,1,5,snapshot_20150919T025947Z
1241716,5,5,0,1.0,1,0,0,3,snapshot_20150919T025947Z
1241829,3,3,0,1.0,1,0,0,1,snapshot_20150919T025947Z
1241954,4,4,0,1.0,1,0,0,2,snapshot_20150919T025947Z
1241973,5,5,0,1.0,1,0,0,3,snapshot_20150919T025947Z
1242255,8,8,0,1.0,1,0,0,6,snapshot_20150919T025947Z
1242328,3,3,0,1.0,1,0,0,1,snapshot_20150919T025947Z
1242383,11,3,8,0.2727272727272727,1,0,0,9,snapshot_20150919T025947Z
1242777,6,6,0,1.0,1,0,0,4,snapshot_20150919T025947Z
1242822,30,30,0,1.0,1,0,0,29,snapshot_20150919T025947Z
1242825,4,4,0,1.0,1,0,0,2,snapshot_20150919T025947Z
1242900,3,3,0,1.0,1,0,0,2,snapshot_20150919T025947Z
1243048,62,54,8,0.8709677419354839,1,0,0,58,snapshot_20150919T025947Z
1243262,96,96,0,1.0,1,0,0,90,snapshot_20150919T025947Z
1243437,18,15,3,0.8333333333333334,1,0,0,15,snapshot_20150919T025947Z
1243545,8,8,0,1.0,1,0,0,6,snapshot_20150919T025947Z
1243613,3,3,0,1.0,1,0,0,2,snapshot_20150919T025947Z
1243636,4,4,0,1.0,1,0,0,2,snapshot_20150919T025947Z
1243764,9,4,5,0.4444444444444444,1,0,0,6,snapshot_20150919T025947Z
1243940,9,9,0,1.0,1,0,0,5,snapshot_20150919T025947Z
1243953,7,7,0,1.0,1,0,0,5,snapshot_20150919T025947Z
1244048,12,7,5,0.5833333333333334,1,0,0,10,snapshot_20150919T025947Z
1244056,6,6,0,1.0,1,0,0,4,snapshot_20150919T025947Z
1244177,23,23,0,1.0,1,0,0,21,snapshot_20150919T025947Z
1244337,3,3,0,1.0,1,0,0,1,snapshot_20150919T025947Z
1244340,4,4,0,1.0,1,0,0,2,snapshot_20150919T025947Z
1244487,34,29,5,0.8529411764705882,1,0,0,32,snapshot_20150919T025947Z
1244501,5,5,0,1.0,1,0,0,3,snapshot_20150919T025947Z
1244569,6,0,6,0.0,0,0,1,4,snapshot_20150919T025947Z
1244638,11,11,0,1.0,1,0,0,7,snapshot_20150919T025947Z
1244651,2,2,0,1.0,1,0,0,1,snapshot_20150919T025947Z
1244696,5,4,1,0.8,1,0,0,3,snapshot_20150919T025947Z
1244964,3,3,0,1.0,1,0,0,1,snapshot_20150919T025947Z
1244998,6,6,0,1.0,1,0,0,4,snapshot_20150919T025947Z
1245217,9,9,0,1.0,1,0,0,4,snapshot_20150919T025947Z
1245257,3,3,0,1.0,1,0,0,1,snapshot_20150919T025947Z
1245381,4,4,0,1.0,1,0,0,1,snapshot_20150919T025947Z
1245659,3,3,0,1.0,1,0,0,2,snapshot_20150919T025947Z
1245726,10,10,0,1.0,1,0,0,4,snapshot_20150919T025947Z
1245733,5,5,0,1.0,1,0,0,3,snapshot_20150919T025947Z
1245790,4,4,0,1.0,1,0,0,2,snapshot_20150919T025947Z
1245838,2,0,2,0.0,0,1,1,0,snapshot_20150919T025947Z
1245863,5,5,0,1.0,1,0,0,3,snapshot_20150919T025947Z
1246009,1,1,0,1.0,1,1,0,0,snapshot_20150919T025947Z
1246259,6,6,0,1.0,1,0,0,4,snapshot_20150919T025947Z
1246346,12,11,1,0.9166666666666666,1,0,0,10,snapshot_20150919T025947Z
1246369,5,5,0,1.0,1,0,0,3,snapshot_20150919T025947Z
1246436,7,0,7,0.0,0,0,1,2,snapshot_20150919T025947Z
1246441,9,9,0,1.0,1,0,0,7,snapshot_20150919T025947Z
1246703,4,4,0,1.0,1,0,0,2,snapshot_20150919T025947Z
1246731,3,3,0,1.0,1,0,0,1,snapshot_20150919T025947Z
1246769,3,3,0,1.0,1,0,0,1,snapshot_20150919T025947Z
1246823,21,20,1,0.9523809523809523,1,0,0,12,snapshot_20150919T025947Z
1247053,5,5,0,1.0,1,0,0,3,snapshot_20150919T025947Z
1247378,36,36,0,1.0,1,0,0,33,snapshot_20150919T025947Z
1247427,3,2,1,0.6666666666666666,1,0,0,2,snapshot_20150919T025947Z
1247679,3,3,0,1.0,1,0,0,1,snapshot_20150919T025947Z
1247686,3,0,3,0.0,0,0,1,1,snapshot_20150919T025947Z
1247721,17,7,10,0.4117647058823529,1,0,0,13,snapshot_20150919T025947Z
1247882,4,4,0,1.0,1,0,0,2,snapshot_20150919T025947Z
1247894,25,16,9,0.64,1,0,0,18,snapshot_20150919T025947Z
1247958,6,5,1,0.8333333333333334,1,0,0,4,snapshot_20150919T025947Z
1248438,17,16,1,0.9411764705882353,1,0,0,13,snapshot_20150919T025947Z
1248614,3,3,0,1.0,1,0,0,1,snapshot_20150919T025947Z
1248740,4,4,0,1.0,1,0,0,2,snapshot_20150919T025947Z
1248762,2,2,0,1.0,1,1,0,0,snapshot_20150919T025947Z
1248805,60,60,0,1.0,1,0,0,50,snapshot_20150919T025947Z
1248817,17,16,1,0.9411764705882353,1,0,0,14,snapshot_20150919T025947Z
1248943,10,7,3,0.7,1,0,0,7,snapshot_20150919T025947Z
1248989,6,6,0,1.0,1,1,0,0,snapshot_20150919T025947Z
1249058,15,15,0,1.0,1,0,0,11,snapshot_20150919T025947Z
1249088,8,8,0,1.0,1,0,0,5,snapshot_20150919T025947Z
1249201,5,0,5,0.0,0,0,1,3,snapshot_20150919T025947Z
1249220,6,6,0,1.0,1,0,0,4,snapshot_20150919T025947Z
1249272,3,3,0,1.0,1,0,0,1,snapshot_20150919T025947Z
1249422,11,4,7,0.36363636363636365,1,0,0,7,snapshot_20150919T025947Z
1249442,13,1,12,0.07692307692307693,1,0,0,11,snapshot_20150919T025947Z
1249456,2,2,0,1.0,1,1,0,0,snapshot_20150919T025947Z
1250217,2,2,0,1.0,1,1,0,0,snapshot_20150919T025947Z
1250237,7,7,0,1.0,1,0,0,5,snapshot_20150919T025947Z
1250316,9,6,3,0.6666666666666666,1,0,0,5,snapshot_20150919T025947Z
1250332,3,3,0,1.0,1,0,0,2,snapshot_20150919T025947Z
1250550,3,0,3,0.0,0,0,1,1,snapshot_20150919T025947Z
1250902,60,60,0,1.0,1,0,0,56,snapshot_20150919T025947Z
1251116,3,0,3,0.0,0,0,1,1,snapshot_20150919T025947Z
1251265,3,3,0,1.0,1,0,0,1,snapshot_20150919T025947Z
1251411,13,9,4,0.6923076923076923,1,0,0,8,snapshot_20150919T025947Z
1251426,9,8,1,0.8888888888888888,1,0,0,7,snapshot_20150919T025947Z
1251642,6,6,0,1.0,1,0,0,4,snapshot_20150919T025947Z
1251749,7,1,6,0.14285714285714285,1,0,0,5,snapshot_20150919T025947Z
1251841,12,12,0,1.0,1,0,0,10,snapshot_20150919T025947Z
1251848,9,9,0,1.0,1,0,0,7,snapshot_20150919T025947Z
1251920,3,3,0,1.0,1,0,0,1,snapshot_20150919T025947Z
1251955,7,0,7,0.0,0,0,1,5,snapshot_20150919T025947Z
1252037,7,7,0,1.0,1,0,0,5,snapshot_20150919T025947Z
1252079,7,7,0,1.0,1,0,0,5,snapshot_20150919T025947Z
1252195,3,3,0,1.0,1,0,0,2,snapshot_20150919T025947Z
1252293,5,5,0,1.0,1,0,0,3,snapshot_20150919T025947Z
1252394,7,0,7,0.0,0,0,1,5,snapshot_20150919T025947Z
1252549,10,10,0,1.0,1,0,0,7,snapshot_20150919T025947Z
1252556,4,4,0,1.0,1,0,0,2,snapshot_20150919T025947Z
1252634,3,3,0,1.0,1,0,0,2,snapshot_20150919T025947Z
1252646,12,12,0,1.0,1,0,0,10,snapshot_20150919T025947Z
1252850,3,0,3,0.0,0,0,1,1,snapshot_20150919T025947Z
1252924,6,0,6,0.0,0,0,1,4,snapshot_20150919T025947Z
1253728,7,5,2,0.7142857142857143,1,0,0,1,snapshot_20150919T025947Z
1253754,5,5,0,1.0,1,0,0,3,snapshot_20150919T025947Z
1253966,10,10,0,1.0,1,0,0,8,snapshot_20150919T025947Z
1254278,6,6,0,1.0,1,0,0,2,snapshot_20150919T025947Z
1254379,79,72,7,0.9113924050632911,1,0,0,67,snapshot_20150919T025947Z
1254385,17,9,8,0.5294117647058824,1,0,0,15,snapshot_20150919T025947Z
1254634,2,2,0,1.0,1,0,0,1,snapshot_20150919T025947Z
1254716,103,60,43,0.5825242718446602,1,0,0,87,snapshot_20150919T025947Z
1254717,3,3,0,1.0,1,0,0,1,snapshot_20150919T025947Z
1254731,6,4,2,0.6666666666666666,1,0,0,4,snapshot_20150919T025947Z
1254756,4,4,0,1.0,1,0,0,2,snapshot_20150919T025947Z
1254762,3,3,0,1.0,1,0,0,1,snapshot_20150919T025947Z
1254842,6,6,0,1.0,1,0,0,4,snapshot_20150919T025947Z
1254846,16,16,0,1.0,1,0,0,8,snapshot_20150919T025947Z
1254921,4,4,0,1.0,1,0,0,2,snapshot_20150919T025947Z
1255071,42,30,12,0.7142857142857143,1,0,0,38,snapshot_20150919T025947Z
1255141,27,27,0,1.0,1,0,0,25,snapshot_20150919T025947Z
1255260,7,7,0,1.0,1,0,0,5,snapshot_20150919T025947Z
1255316,15,5,10,0.3333333333333333,1,0,0,12,snapshot_20150919T025947Z
1255322,23,0,23,0.0,0,0,1,20,snapshot_20150919T025947Z
1255456,222,198,24,0.8918918918918919,1,0,0,181,snapshot_20150919T025947Z
1255495,3,3,0,1.0,1,0,0,1,snapshot_20150919T025947Z
1255510,3,3,0,1.0,1,0,0,1,snapshot_20150919T025947Z
1255688,16,16,0,1.0,1,0,0,12,snapshot_20150919T025947Z
1255725,3,0,3,0.0,0,0,1,1,snapshot_20150919T025947Z
1255801,23,22,1,0.9565217391304348,1,0,0,17,snapshot_20150919T025947Z
1255826,11,11,0,1.0,1,0,0,7,snapshot_20150919T025947Z
1255923,3,0,3,0.0,0,0,1,1,snapshot_20150919T025947Z
1255925,4,4,0,1.0,1,0,0,2,snapshot_20150919T025947Z
1255966,4,4,0,1.0,1,0,0,2,snapshot_20150919T025947Z
1256020,15,15,0,1.0,1,0,0,11,snapshot_20150919T025947Z
1256029,11,0,11,0.0,0,0,1,9,snapshot_20150919T025947Z
1256074,38,37,1,0.9736842105263158,1,0,0,36,snapshot_20150919T025947Z
1256293,23,19,4,0.8260869565217391,1,0,0,14,snapshot_20150919T025947Z
1256475,4,4,0,1.0,1,0,0,3,snapshot_20150919T025947Z
1256617,4,4,0,1.0,1,0,0,2,snapshot_20150919T025947Z
1256683,8,8,0,1.0,1,0,0,5,snapshot_20150919T025947Z
1256880,2,2,0,1.0,1,1,0,0,snapshot_20150919T025947Z
1256916,7,7,0,1.0,1,0,0,5,snapshot_20150919T025947Z
1256988,3,2,1,0.6666666666666666,1,0,0,2,snapshot_20150919T025947Z
1257331,2,2,0,1.0,1,0,0,1,snapshot_20150919T025947Z
1257461,62,62,0,1.0,1,0,0,60,snapshot_20150919T025947Z
1257598,7,4,3,0.5714285714285714,1,0,0,3,snapshot_20150919T025947Z
1257751,3,3,0,1.0,1,0,0,1,snapshot_20150919T025947Z
1257991,3,3,0,1.0,1,0,0,1,snapshot_20150919T025947Z
1258035,16,16,0,1.0,1,0,0,8,snapshot_20150919T025947Z
1258125,3,3,0,1.0,1,0,0,1,snapshot_20150919T025947Z
1258453,12,6,6,0.5,1,0,0,8,snapshot_20150919T025947Z
1258617,4,4,0,1.0,1,0,0,2,snapshot_20150919T025947Z
1258744,11,10,1,0.9090909090909091,1,0,0,8,snapshot_20150919T025947Z
1258857,6,6,0,1.0,1,0,0,5,snapshot_20150919T025947Z
1258888,3,3,0,1.0,1,0,0,1,snapshot_20150919T025947Z
1258911,3,3,0,1.0,1,0,0,1,snapshot_20150919T025947Z
1258928,23,16,7,0.6956521739130435,1,0,0,13,snapshot_20150919T025947Z
1259051,4,4,0,1.0,1,0,0,2,snapshot_20150919T025947Z
1259062,15,15,0,1.0,1,0,0,5,snapshot_20150919T025947Z
1259098,3,3,0,1.0,1,0,0,1,snapshot_20150919T025947Z
1259331,3,3,0,1.0,1,0,0,1,snapshot_20150919T025947Z
1259402,16,14,2,0.875,1,0,0,12,snapshot_20150919T025947Z
1259476,4,4,0,1.0,1,0,0,1,snapshot_20150919T025947Z
1259588,3,0,3,0.0,0,0,1,1,snapshot_20150919T025947Z
1259989,3,3,0,1.0,1,0,0,1,snapshot_20150919T025947Z
1260012,21,21,0,1.0,1,0,0,18,snapshot_20150919T025947Z
1260071,12,12,0,1.0,1,0,0,8,snapshot_20150919T025947Z
1260190,5,5,0,1.0,1,0,0,3,snapshot_20150919T025947Z
1260275,3,0,3,0.0,0,0,1,1,snapshot_20150919T025947Z
1260396,6,1,5,0.16666666666666666,1,0,0,4,snapshot_20150919T025947Z
1260447,2,2,0,1.0,1,1,0,0,snapshot_20150919T025947Z
1260481,68,53,15,0.7794117647058824,1,0,0,59,snapshot_20150919T025947Z
1260804,4,4,0,1.0,1,0,0,2,snapshot_20150919T025947Z
1261090,20,20,0,1.0,1,0,0,17,snapshot_20150919T025947Z
1261200,22,20,2,0.9090909090909091,1,0,0,20,snapshot_20150919T025947Z
1261449,3,3,0,1.0,1,0,0,1,snapshot_20150919T025947Z
1261536,5,4,1,0.8,1,0,0,3,snapshot_20150919T025947Z
1261557,25,0,25,0.0,0,0,1,15,snapshot_20150919T025947Z
1261991,40,20,20,0.5,1,0,0,24,snapshot_20150919T025947Z
1262053,6,4,2,0.6666666666666666,1,0,0,4,snapshot_20150919T025947Z
1262190,62,61,1,0.9838709677419355,1,0,0,54,snapshot_20150919T025947Z
1262257,17,17,0,1.0,1,0,0,12,snapshot_20150919T025947Z
1262299,6,6,0,1.0,1,0,0,4,snapshot_20150919T025947Z
1262351,7,0,7,0.0,0,0,1,4,snapshot_20150919T025947Z
1262804,8,8,0,1.0,1,0,0,5,snapshot_20150919T025947Z
1263060,17,5,12,0.29411764705882354,1,0,0,15,snapshot_20150919T025947Z
1263146,6,6,0,1.0,1,0,0,4,snapshot_20150919T025947Z
1263358,4,4,0,1.0,1,0,0,2,snapshot_20150919T025947Z
1263427,10,9,1,0.9,1,0,0,7,snapshot_20150919T025947Z
1263541,2,0,2,0.0,0,1,1,0,snapshot_20150919T025947Z
1263731,29,29,0,1.0,1,0,0,22,snapshot_20150919T025947Z
1263757,2,2,0,1.0,1,1,0,0,snapshot_20150919T025947Z
1263797,6,1,5,0.16666666666666666,1,0,0,4,snapshot_20150919T025947Z
1263954,26,16,10,0.6153846153846154,1,0,0,21,snapshot_20150919T025947Z
1263992,2,2,0,1.0,1,0,0,1,snapshot_20150919T025947Z
1264026,4,0,4,0.0,0,0,1,2,snapshot_20150919T025947Z
1264132,6,5,1,0.8333333333333334,1,0,0,4,snapshot_20150919T025947Z
1264213,4,4,0,1.0,1,0,0,2,snapshot_20150919T025947Z
1264264,10,8,2,0.8,1,0,0,8,snapshot_20150919T025947Z
1264334,8,6,2,0.75,1,0,0,6,snapshot_20150919T025947Z
1264440,6,6,0,1.0,1,0,0,4,snapshot_20150919T025947Z
1264468,8,7,1,0.875,1,0,0,4,snapshot_20150919T025947Z
1264709,3,0,3,0.0,0,0,1,1,snapshot_20150919T025947Z
1264860,18,0,18,0.0,0,0,1,14,snapshot_20150919T025947Z
1265054,3,3,0,1.0,1,0,0,1,snapshot_20150919T025947Z
1265107,5,0,5,0.0,0,0,1,1,snapshot_20150919T025947Z
1265288,9,9,0,1.0,1,0,0,5,snapshot_20150919T025947Z
1265323,3,3,0,1.0,1,0,0,1,snapshot_20150919T025947Z
1265333,8,8,0,1.0,1,0,0,4,snapshot_20150919T025947Z
1265536,4,4,0,1.0,1,0,0,2,snapshot_20150919T025947Z
1265599,13,13,0,1.0,1,0,0,7,snapshot_20150919T025947Z
1265602,3,3,0,1.0,1,0,0,1,snapshot_20150919T025947Z
1265615,6,6,0,1.0,1,0,0,4,snapshot_20150919T025947Z
1265730,30,30,0,1.0,1,0,0,21,snapshot_20150919T025947Z
1265850,7,7,0,1.0,1,0,0,5,snapshot_20150919T025947Z
1266017,3,3,0,1.0,1,0,0,1,snapshot_20150919T025947Z
1266096,6,6,0,1.0,1,0,0,4,snapshot_20150919T025947Z
1266370,8,8,0,1.0,1,0,0,6,snapshot_20150919T025947Z
1266427,17,17,0,1.0,1,0,0,12,snapshot_20150919T025947Z
1266599,9,9,0,1.0,1,0,0,6,snapshot_20150919T025947Z
1266679,4,4,0,1.0,1,0,0,2,snapshot_20150919T025947Z
1266838,6,6,0,1.0,1,0,0,4,snapshot_20150919T025947Z
1267084,10,10,0,1.0,1,0,0,9,snapshot_20150919T025947Z
1267546,12,12,0,1.0,1,0,0,8,snapshot_20150919T025947Z
1267748,3,3,0,1.0,1,0,0,1,snapshot_20150919T025947Z
1267759,7,6,1,0.8571428571428571,1,0,0,5,snapshot_20150919T025947Z
1267997,3,3,0,1.0,1,0,0,2,snapshot_20150919T025947Z
1268175,4,0,4,0.0,0,0,1,2,snapshot_20150919T025947Z
1268562,4,4,0,1.0,1,0,0,2,snapshot_20150919T025947Z
1268600,20,20,0,1.0,1,0,0,18,snapshot_20150919T025947Z
1268742,3,3,0,1.0,1,0,0,1,snapshot_20150919T025947Z
1268760,6,6,0,1.0,1,0,0,5,snapshot_20150919T025947Z
1269056,26,23,3,0.8846153846153846,1,0,0,18,snapshot_20150919T025947Z
1269087,15,15,0,1.0,1,0,0,12,snapshot_20150919T025947Z
1269166,4,4,0,1.0,1,0,0,2,snapshot_20150919T025947Z
1269591,14,0,14,0.0,0,0,1,10,snapshot_20150919T025947Z
1269642,5,0,5,0.0,0,0,1,3,snapshot_20150919T025947Z
1269683,6,1,5,0.16666666666666666,1,0,0,4,snapshot_20150919T025947Z
1269725,18,18,0,1.0,1,0,0,16,snapshot_20150919T025947Z
1269788,3,3,0,1.0,1,0,0,1,snapshot_20150919T025947Z
1269810,7,6,1,0.8571428571428571,1,0,0,5,snapshot_20150919T025947Z
1270093,3,3,0,1.0,1,0,0,1,snapshot_20150919T025947Z
1270116,6,6,0,1.0,1,0,0,4,snapshot_20150919T025947Z
1270129,3,3,0,1.0,1,0,0,1,snapshot_20150919T025947Z
1270193,11,2,9,0.18181818181818182,1,0,0,7,snapshot_20150919T025947Z
1270266,4,4,0,1.0,1,0,0,2,snapshot_20150919T025947Z
1270480,5,5,0,1.0,1,0,0,3,snapshot_20150919T025947Z
1270574,13,12,1,0.9230769230769231,1,0,0,11,snapshot_20150919T025947Z
1270624,3,3,0,1.0,1,0,0,1,snapshot_20150919T025947Z
1270729,6,6,0,1.0,1,0,0,4,snapshot_20150919T025947Z
1270912,3,3,0,1.0,1,0,0,1,snapshot_20150919T025947Z
1271021,3,3,0,1.0,1,0,0,1,snapshot_20150919T025947Z
1271092,6,6,0,1.0,1,0,0,4,snapshot_20150919T025947Z
1271132,5,0,5,0.0,0,0,1,3,snapshot_20150919T025947Z
1271174,16,16,0,1.0,1,0,0,8,snapshot_20150919T025947Z
1271212,11,11,0,1.0,1,0,0,9,snapshot_20150919T025947Z
1271388,14,0,14,0.0,0,0,1,12,snapshot_20150919T025947Z
1271652,76,35,41,0.4605263157894737,1,0,0,72,snapshot_20150919T025947Z
1271671,3,3,0,1.0,1,0,0,1,snapshot_20150919T025947Z
1271695,7,7,0,1.0,1,0,0,5,snapshot_20150919T025947Z
1271835,5,5,0,1.0,1,0,0,3,snapshot_20150919T025947Z
1271844,2,2,0,1.0,1,1,0,0,snapshot_20150919T025947Z
1271881,6,6,0,1.0,1,0,0,4,snapshot_20150919T025947Z
1272002,13,12,1,0.9230769230769231,1,0,0,9,snapshot_20150919T025947Z
1272407,21,4,17,0.19047619047619047,1,0,0,9,snapshot_20150919T025947Z
1272503,4,4,0,1.0,1,0,0,2,snapshot_20150919T025947Z
1272533,3,3,0,1.0,1,0,0,1,snapshot_20150919T025947Z
1272551,8,8,0,1.0,1,0,0,6,snapshot_20150919T025947Z
1272795,6,3,3,0.5,1,0,0,2,snapshot_20150919T025947Z
1272843,3,3,0,1.0,1,0,0,1,snapshot_20150919T025947Z
1273126,20,20,0,1.0,1,0,0,17,snapshot_20150919T025947Z
1273193,4,0,4,0.0,0,0,1,2,snapshot_20150919T025947Z
1273262,3,0,3,0.0,0,0,1,1,snapshot_20150919T025947Z
1273306,173,108,65,0.6242774566473989,1,0,0,165,snapshot_20150919T025947Z
1273329,3,0,3,0.0,0,0,1,1,snapshot_20150919T025947Z
1273397,6,6,0,1.0,1,0,0,4,snapshot_20150919T025947Z
1273401,40,6,34,0.15,1,0,0,33,snapshot_20150919T025947Z
1273697,8,8,0,1.0,1,0,0,6,snapshot_20150919T025947Z
1273771,22,22,0,1.0,1,0,0,20,snapshot_20150919T025947Z
1273910,6,0,6,0.0,0,0,1,5,snapshot_20150919T025947Z
1274040,6,5,1,0.8333333333333334,1,0,0,4,snapshot_20150919T025947Z
1274063,6,4,2,0.6666666666666666,1,0,0,4,snapshot_20150919T025947Z
1274085,7,7,0,1.0,1,0,0,5,snapshot_20150919T025947Z
1274251,10,10,0,1.0,1,0,0,8,snapshot_20150919T025947Z
1274293,9,9,0,1.0,1,0,0,6,snapshot_20150919T025947Z
1274320,22,21,1,0.9545454545454546,1,0,0,18,snapshot_20150919T025947Z
1274321,12,11,1,0.9166666666666666,1,0,0,9,snapshot_20150919T025947Z
1274505,7,7,0,1.0,1,0,0,4,snapshot_20150919T025947Z
1274507,4,4,0,1.0,1,0,0,2,snapshot_20150919T025947Z
1274778,4,4,0,1.0,1,0,0,2,snapshot_20150919T025947Z
1274947,6,0,6,0.0,0,0,1,2,snapshot_20150919T025947Z
1275371,5,2,3,0.4,1,0,0,3,snapshot_20150919T025947Z
1275484,7,7,0,1.0,1,0,0,5,snapshot_20150919T025947Z
1275487,6,6,0,1.0,1,0,0,4,snapshot_20150919T025947Z
1275590,4,4,0,1.0,1,0,0,2,snapshot_20150919T025947Z
1275725,1,1,0,1.0,1,1,0,0,snapshot_20150919T025947Z
1276055,7,3,4,0.42857142857142855,1,0,0,5,snapshot_20150919T025947Z
1276175,3,0,3,0.0,0,0,1,1,snapshot_20150919T025947Z
1276260,4,4,0,1.0,1,0,0,2,snapshot_20150919T025947Z
1276300,32,31,1,0.96875,1,0,0,29,snapshot_20150919T025947Z
1276315,14,11,3,0.7857142857142857,1,0,0,12,snapshot_20150919T025947Z
1276445,1,1,0,1.0,1,1,0,0,snapshot_20150919T025947Z
1276539,18,18,0,1.0,1,0,0,16,snapshot_20150919T025947Z
1276579,8,0,8,0.0,0,0,1,6,snapshot_20150919T025947Z
1276617,16,6,10,0.375,1,0,0,14,snapshot_20150919T025947Z
1276648,16,16,0,1.0,1,0,0,14,snapshot_20150919T025947Z
1276807,6,6,0,1.0,1,0,0,4,snapshot_20150919T025947Z
1276854,10,10,0,1.0,1,0,0,6,snapshot_20150919T025947Z
1277072,10,2,8,0.2,1,0,0,8,snapshot_20150919T025947Z
1277142,24,20,4,0.8333333333333334,1,0,0,13,snapshot_20150919T025947Z
1277580,4,4,0,1.0,1,0,0,2,snapshot_20150919T025947Z
1277643,4,0,4,0.0,0,0,1,3,snapshot_20150919T025947Z
1277748,13,9,4,0.6923076923076923,1,0,0,9,snapshot_20150919T025947Z
1277783,9,9,0,1.0,1,0,0,7,snapshot_20150919T025947Z
1277956,11,11,0,1.0,1,0,0,9,snapshot_20150919T025947Z
1277987,24,8,16,0.3333333333333333,1,0,0,17,snapshot_20150919T025947Z
1277990,3,3,0,1.0,1,0,0,1,snapshot_20150919T025947Z
1278009,3,3,0,1.0,1,0,0,1,snapshot_20150919T025947Z
1278185,8,5,3,0.625,1,0,0,6,snapshot_20150919T025947Z
1278398,5,5,0,1.0,1,0,0,3,snapshot_20150919T025947Z
1278459,3,3,0,1.0,1,1,0,0,snapshot_20150919T025947Z
1278460,12,12,0,1.0,1,0,0,10,snapshot_20150919T025947Z
1278635,4,4,0,1.0,1,0,0,3,snapshot_20150919T025947Z
1278686,5,1,4,0.2,1,0,0,3,snapshot_20150919T025947Z
1278874,23,23,0,1.0,1,0,0,21,snapshot_20150919T025947Z
1279042,18,4,14,0.2222222222222222,1,0,0,14,snapshot_20150919T025947Z
1279171,20,20,0,1.0,1,0,0,14,snapshot_20150919T025947Z
1279275,49,49,0,1.0,1,0,0,31,snapshot_20150919T025947Z
1279465,29,24,5,0.8275862068965517,1,0,0,27,snapshot_20150919T025947Z
1279582,8,8,0,1.0,1,0,0,5,snapshot_20150919T025947Z
1279737,7,7,0,1.0,1,0,0,3,snapshot_20150919T025947Z
1279799,6,6,0,1.0,1,0,0,4,snapshot_20150919T025947Z
1279866,3,3,0,1.0,1,0,0,1,snapshot_20150919T025947Z
1279985,9,8,1,0.8888888888888888,1,0,0,7,snapshot_20150919T025947Z
1280004,5,4,1,0.8,1,0,0,2,snapshot_20150919T025947Z
1280456,4,4,0,1.0,1,0,0,2,snapshot_20150919T025947Z
1280613,14,13,1,0.9285714285714286,1,0,0,12,snapshot_20150919T025947Z
1281043,13,13,0,1.0,1,0,0,5,snapshot_20150919T025947Z
1281052,37,37,0,1.0,1,0,0,32,snapshot_20150919T025947Z
1281293,7,7,0,1.0,1,0,0,3,snapshot_20150919T025947Z
1281324,8,8,0,1.0,1,0,0,5,snapshot_20150919T025947Z
1281446,13,12,1,0.9230769230769231,1,0,0,10,snapshot_20150919T025947Z
1281566,12,12,0,1.0,1,0,0,10,snapshot_20150919T025947Z
1281624,3,0,3,0.0,0,0,1,1,snapshot_20150919T025947Z
1281645,6,6,0,1.0,1,0,0,5,snapshot_20150919T025947Z
1281851,7,7,0,1.0,1,0,0,5,snapshot_20150919T025947Z
1282058,6,6,0,1.0,1,0,0,4,snapshot_20150919T025947Z
1282091,8,2,6,0.25,1,0,0,5,snapshot_20150919T025947Z
1282205,15,4,11,0.26666666666666666,1,0,0,11,snapshot_20150919T025947Z
1282441,5,5,0,1.0,1,0,0,3,snapshot_20150919T025947Z
1282648,8,8,0,1.0,1,0,0,5,snapshot_20150919T025947Z
1282656,14,14,0,1.0,1,0,0,10,snapshot_20150919T025947Z
1282744,3,3,0,1.0,1,0,0,1,snapshot_20150919T025947Z
1282815,7,2,5,0.2857142857142857,1,0,0,5,snapshot_20150919T025947Z
1282824,3,3,0,1.0,1,0,0,1,snapshot_20150919T025947Z
1282868,7,2,5,0.2857142857142857,1,0,0,6,snapshot_20150919T025947Z
1282976,6,5,1,0.8333333333333334,1,0,0,4,snapshot_20150919T025947Z
1283301,21,21,0,1.0,1,0,0,14,snapshot_20150919T025947Z
1283513,3,0,3,0.0,0,0,1,1,snapshot_20150919T025947Z
1283523,3,3,0,1.0,1,0,0,2,snapshot_20150919T025947Z
1283589,24,24,0,1.0,1,0,0,21,snapshot_20150919T025947Z
1283751,8,8,0,1.0,1,0,0,6,snapshot_20150919T025947Z
1283849,23,23,0,1.0,1,0,0,16,snapshot_20150919T025947Z
1283916,3,3,0,1.0,1,0,0,1,snapshot_20150919T025947Z
1283922,13,13,0,1.0,1,0,0,4,snapshot_20150919T025947Z
1284067,5,2,3,0.4,1,0,0,1,snapshot_20150919T025947Z
1284340,51,48,3,0.9411764705882353,1,0,0,36,snapshot_20150919T025947Z
1284823,10,10,0,1.0,1,0,0,7,snapshot_20150919T025947Z
1285092,2,2,0,1.0,1,1,0,0,snapshot_20150919T025947Z
1285176,36,36,0,1.0,1,0,0,32,snapshot_20150919T025947Z
1285472,2,2,0,1.0,1,1,0,0,snapshot_20150919T025947Z
1285763,6,6,0,1.0,1,0,0,4,snapshot_20150919T025947Z
1285800,34,15,19,0.4411764705882353,1,0,0,30,snapshot_20150919T025947Z
1285802,4,4,0,1.0,1,0,0,2,snapshot_20150919T025947Z
1285810,4,4,0,1.0,1,0,0,2,snapshot_20150919T025947Z
1286040,1,0,1,0.0,0,1,1,0,snapshot_20150919T025947Z
1286090,13,13,0,1.0,1,0,0,10,snapshot_20150919T025947Z
1286355,11,11,0,1.0,1,0,0,7,snapshot_20150919T025947Z
1286525,11,4,7,0.36363636363636365,1,0,0,8,snapshot_20150919T025947Z
1286722,27,24,3,0.8888888888888888,1,0,0,23,snapshot_20150919T025947Z
1286827,4,4,0,1.0,1,0,0,2,snapshot_20150919T025947Z
1286960,3,3,0,1.0,1,0,0,1,snapshot_20150919T025947Z
1287087,3,3,0,1.0,1,0,0,1,snapshot_20150919T025947Z
1287192,2,2,0,1.0,1,1,0,0,snapshot_20150919T025947Z
1287568,51,51,0,1.0,1,0,0,49,snapshot_20150919T025947Z
1287579,3,3,0,1.0,1,0,0,1,snapshot_20150919T025947Z
1287670,88,68,20,0.7727272727272727,1,0,0,82,snapshot_20150919T025947Z
1287798,3,0,3,0.0,0,0,1,1,snapshot_20150919T025947Z
1287860,10,9,1,0.9,1,0,0,7,snapshot_20150919T025947Z
1288024,104,62,42,0.5961538461538461,1,0,0,95,snapshot_20150919T025947Z
1288048,5,5,0,1.0,1,0,0,3,snapshot_20150919T025947Z
1288067,9,9,0,1.0,1,0,0,7,snapshot_20150919T025947Z
1288102,15,15,0,1.0,1,0,0,13,snapshot_20150919T025947Z
1288137,8,0,8,0.0,0,0,1,6,snapshot_20150919T025947Z
1288354,4,0,4,0.0,0,0,1,2,snapshot_20150919T025947Z
1288368,6,4,2,0.6666666666666666,1,0,0,4,snapshot_20150919T025947Z
1288378,3,0,3,0.0,0,0,1,1,snapshot_20150919T025947Z
1288545,3,3,0,1.0,1,0,0,1,snapshot_20150919T025947Z
1288576,7,7,0,1.0,1,0,0,5,snapshot_20150919T025947Z
1288706,19,8,11,0.42105263157894735,1,0,0,17,snapshot_20150919T025947Z
1288717,9,8,1,0.8888888888888888,1,0,0,7,snapshot_20150919T025947Z
1288724,6,6,0,1.0,1,0,0,3,snapshot_20150919T025947Z
1288872,14,14,0,1.0,1,0,0,9,snapshot_20150919T025947Z
1288957,11,9,2,0.8181818181818182,1,0,0,7,snapshot_20150919T025947Z
1289081,5,5,0,1.0,1,0,0,3,snapshot_20150919T025947Z
1289569,10,10,0,1.0,1,0,0,2,snapshot_20150919T025947Z
1289841,4,4,0,1.0,1,0,0,2,snapshot_20150919T025947Z
1290069,5,5,0,1.0,1,0,0,3,snapshot_20150919T025947Z
1290200,10,10,0,1.0,1,0,0,8,snapshot_20150919T025947Z
1290336,5,5,0,1.0,1,0,0,3,snapshot_20150919T025947Z
1290558,7,2,5,0.2857142857142857,1,0,0,2,snapshot_20150919T025947Z
1290573,24,24,0,1.0,1,0,0,22,snapshot_20150919T025947Z
1290672,22,22,0,1.0,1,0,0,19,snapshot_20150919T025947Z
1290796,13,13,0,1.0,1,0,0,9,snapshot_20150919T025947Z
1290967,4,4,0,1.0,1,0,0,2,snapshot_20150919T025947Z
1291013,3,3,0,1.0,1,0,0,1,snapshot_20150919T025947Z
1291031,7,7,0,1.0,1,0,0,3,snapshot_20150919T025947Z
1291043,31,31,0,1.0,1,0,0,22,snapshot_20150919T025947Z
1291319,10,7,3,0.7,1,0,0,8,snapshot_20150919T025947Z
1291791,4,4,0,1.0,1,0,0,2,snapshot_20150919T025947Z
1291803,20,19,1,0.95,1,0,0,18,snapshot_20150919T025947Z
1291892,4,0,4,0.0,0,0,1,2,snapshot_20150919T025947Z
1292053,2,2,0,1.0,1,0,0,1,snapshot_20150919T025947Z
1292125,6,6,0,1.0,1,0,0,4,snapshot_20150919T025947Z
1292316,11,4,7,0.36363636363636365,1,0,0,9,snapshot_20150919T025947Z
1292444,38,21,17,0.5526315789473685,1,0,0,36,snapshot_20150919T025947Z
1292449,5,5,0,1.0,1,0,0,3,snapshot_20150919T025947Z
1292703,6,1,5,0.16666666666666666,1,0,0,4,snapshot_20150919T025947Z
1292722,4,3,1,0.75,1,0,0,2,snapshot_20150919T025947Z
1292947,15,15,0,1.0,1,0,0,3,snapshot_20150919T025947Z
1293015,3,3,0,1.0,1,0,0,1,snapshot_20150919T025947Z
1293141,6,6,0,1.0,1,0,0,4,snapshot_20150919T025947Z
1293259,2,2,0,1.0,1,1,0,0,snapshot_20150919T025947Z
1293285,2,2,0,1.0,1,0,0,1,snapshot_20150919T025947Z
1293358,772,668,104,0.8652849740932642,1,0,0,622,snapshot_20150919T025947Z
1293368,7,7,0,1.0,1,0,0,6,snapshot_20150919T025947Z
1293619,4,4,0,1.0,1,0,0,2,snapshot_20150919T025947Z
1293754,3,3,0,1.0,1,0,0,1,snapshot_20150919T025947Z
1294186,3,0,3,0.0,0,0,1,1,snapshot_20150919T025947Z
1294231,5,5,0,1.0,1,0,0,3,snapshot_20150919T025947Z
1294402,9,9,0,1.0,1,0,0,7,snapshot_20150919T025947Z
1294599,5,5,0,1.0,1,0,0,3,snapshot_20150919T025947Z
1294601,4,4,0,1.0,1,0,0,2,snapshot_20150919T025947Z
1294769,26,26,0,1.0,1,0,0,24,snapshot_20150919T025947Z
1294899,5,5,0,1.0,1,0,0,3,snapshot_20150919T025947Z
1295021,6,6,0,1.0,1,0,0,4,snapshot_20150919T025947Z
1295047,8,0,8,0.0,0,0,1,7,snapshot_20150919T025947Z
1295114,25,16,9,0.64,1,0,0,23,snapshot_20150919T025947Z
1295178,13,9,4,0.6923076923076923,1,0,0,7,snapshot_20150919T025947Z
1295179,6,6,0,1.0,1,0,0,4,snapshot_20150919T025947Z
1295240,3,3,0,1.0,1,0,0,1,snapshot_20150919T025947Z
1295414,2,2,0,1.0,1,1,0,0,snapshot_20150919T025947Z
1295664,5,5,0,1.0,1,0,0,3,snapshot_20150919T025947Z
1295687,17,17,0,1.0,1,0,0,15,snapshot_20150919T025947Z
1295811,47,38,9,0.8085106382978723,1,0,0,40,snapshot_20150919T025947Z
1296018,20,1,19,0.05,1,0,0,18,snapshot_20150919T025947Z
1296257,8,8,0,1.0,1,0,0,5,snapshot_20150919T025947Z
1296388,5,5,0,1.0,1,0,0,3,snapshot_20150919T025947Z
1296486,6,6,0,1.0,1,0,0,2,snapshot_20150919T025947Z
1296635,33,14,19,0.42424242424242425,1,0,0,18,snapshot_20150919T025947Z
1296680,4,4,0,1.0,1,0,0,2,snapshot_20150919T025947Z
1296732,4,4,0,1.0,1,0,0,2,snapshot_20150919T025947Z
1296733,3,3,0,1.0,1,0,0,2,snapshot_20150919T025947Z
1296786,3,3,0,1.0,1,0,0,1,snapshot_20150919T025947Z
1297062,1822,1618,204,0.8880351262349067,1,0,0,1531,snapshot_20150919T025947Z
1297168,4,4,0,1.0,1,0,0,2,snapshot_20150919T025947Z
1297334,5,5,0,1.0,1,0,0,3,snapshot_20150919T025947Z
1297469,1,1,0,1.0,1,1,0,0,snapshot_20150919T025947Z
1297538,5,0,5,0.0,0,0,1,4,snapshot_20150919T025947Z
1297821,17,13,4,0.7647058823529411,1,0,0,15,snapshot_20150919T025947Z
1297940,8,8,0,1.0,1,0,0,6,snapshot_20150919T025947Z
1297960,5,4,1,0.8,1,0,0,3,snapshot_20150919T025947Z
1298137,3,3,0,1.0,1,0,0,1,snapshot_20150919T025947Z
1298376,10,5,5,0.5,1,0,0,7,snapshot_20150919T025947Z
1298462,5,5,0,1.0,1,0,0,3,snapshot_20150919T025947Z
1298514,6,6,0,1.0,1,0,0,4,snapshot_20150919T025947Z
1298723,3,3,0,1.0,1,0,0,1,snapshot_20150919T025947Z
1298797,4,0,4,0.0,0,0,1,2,snapshot_20150919T025947Z
1298962,3,3,0,1.0,1,0,0,1,snapshot_20150919T025947Z
1299034,4,4,0,1.0,1,0,0,2,snapshot_20150919T025947Z
1299065,9,9,0,1.0,1,0,0,7,snapshot_20150919T025947Z
1299250,6,6,0,1.0,1,0,0,4,snapshot_20150919T025947Z
1299406,6,6,0,1.0,1,0,0,4,snapshot_20150919T025947Z
1299506,20,20,0,1.0,1,0,0,8,snapshot_20150919T025947Z
1299749,19,19,0,1.0,1,0,0,17,snapshot_20150919T025947Z
1299951,9,9,0,1.0,1,0,0,7,snapshot_20150919T025947Z
1300098,9,9,0,1.0,1,0,0,6,snapshot_20150919T025947Z
1300254,5,5,0,1.0,1,0,0,3,snapshot_20150919T025947Z
1300280,3,3,0,1.0,1,0,0,1,snapshot_20150919T025947Z
1300297,6,6,0,1.0,1,0,0,1,snapshot_20150919T025947Z
1300499,3,3,0,1.0,1,0,0,1,snapshot_20150919T025947Z
1300763,6,6,0,1.0,1,0,0,4,snapshot_20150919T025947Z
1300863,11,11,0,1.0,1,0,0,8,snapshot_20150919T025947Z
1300964,16,16,0,1.0,1,0,0,12,snapshot_20150919T025947Z
1301173,118,110,8,0.9322033898305084,1,0,0,112,snapshot_20150919T025947Z
1301225,7,7,0,1.0,1,0,0,4,snapshot_20150919T025947Z
1301279,10,10,0,1.0,1,0,0,5,snapshot_20150919T025947Z
1301468,8,8,0,1.0,1,0,0,2,snapshot_20150919T025947Z
1301479,3,3,0,1.0,1,0,0,1,snapshot_20150919T025947Z
1301567,12,6,6,0.5,1,0,0,10,snapshot_20150919T025947Z
1301585,5,5,0,1.0,1,0,0,3,snapshot_20150919T025947Z
1301975,22,0,22,0.0,0,0,1,20,snapshot_20150919T025947Z
1302059,6,0,6,0.0,0,0,1,4,snapshot_20150919T025947Z
1302271,10,10,0,1.0,1,0,0,4,snapshot_20150919T025947Z
1302281,15,15,0,1.0,1,0,0,11,snapshot_20150919T025947Z
1302340,21,14,7,0.6666666666666666,1,0,0,19,snapshot_20150919T025947Z
1302398,4,0,4,0.0,0,0,1,2,snapshot_20150919T025947Z
1302590,9,9,0,1.0,1,0,0,7,snapshot_20150919T025947Z
1302613,12,5,7,0.4166666666666667,1,0,0,8,snapshot_20150919T025947Z
1302668,3,3,0,1.0,1,0,0,1,snapshot_20150919T025947Z
1303183,3,3,0,1.0,1,0,0,1,snapshot_20150919T025947Z
1303260,5,0,5,0.0,0,0,1,3,snapshot_20150919T025947Z
1303368,4,4,0,1.0,1,0,0,2,snapshot_20150919T025947Z
1303541,3,3,0,1.0,1,0,0,2,snapshot_20150919T025947Z
1303691,3,3,0,1.0,1,0,0,1,snapshot_20150919T025947Z
1303858,15,15,0,1.0,1,0,0,11,snapshot_20150919T025947Z
1303988,20,19,1,0.95,1,0,0,13,snapshot_20150919T025947Z
1304026,6,6,0,1.0,1,0,0,2,snapshot_20150919T025947Z
1304200,5,5,0,1.0,1,0,0,3,snapshot_20150919T025947Z
1304217,6,6,0,1.0,1,0,0,5,snapshot_20150919T025947Z
1304307,3,3,0,1.0,1,0,0,1,snapshot_20150919T025947Z
1304526,6,6,0,1.0,1,0,0,3,snapshot_20150919T025947Z
1304736,2,2,0,1.0,1,1,0,0,snapshot_20150919T025947Z
1304759,10,10,0,1.0,1,0,0,8,snapshot_20150919T025947Z
1305292,6,6,0,1.0,1,0,0,5,snapshot_20150919T025947Z
1305317,30,29,1,0.9666666666666667,1,0,0,26,snapshot_20150919T025947Z
1305593,32,23,9,0.71875,1,0,0,30,snapshot_20150919T025947Z
1305792,10,10,0,1.0,1,0,0,8,snapshot_20150919T025947Z
1305818,14,14,0,1.0,1,0,0,11,snapshot_20150919T025947Z
1305841,3,0,3,0.0,0,1,1,0,snapshot_20150919T025947Z
1305875,5,5,0,1.0,1,0,0,3,snapshot_20150919T025947Z
1305891,9,9,0,1.0,1,0,0,5,snapshot_20150919T025947Z
1305909,7,7,0,1.0,1,0,0,5,snapshot_20150919T025947Z
1305946,3,3,0,1.0,1,0,0,1,snapshot_20150919T025947Z
1306125,7,7,0,1.0,1,0,0,5,snapshot_20150919T025947Z
1306236,2,2,0,1.0,1,1,0,0,snapshot_20150919T025947Z
1306335,3,3,0,1.0,1,0,0,1,snapshot_20150919T025947Z
1306369,3,3,0,1.0,1,0,0,1,snapshot_20150919T025947Z
1306382,11,11,0,1.0,1,0,0,6,snapshot_20150919T025947Z
1306387,6,6,0,1.0,1,0,0,4,snapshot_20150919T025947Z
1306457,16,16,0,1.0,1,0,0,14,snapshot_20150919T025947Z
1306949,2,0,2,0.0,0,0,1,1,snapshot_20150919T025947Z
1307016,10,10,0,1.0,1,0,0,8,snapshot_20150919T025947Z
1307202,4,4,0,1.0,1,0,0,3,snapshot_20150919T025947Z
1307312,6,0,6,0.0,0,0,1,4,snapshot_20150919T025947Z
1307375,16,14,2,0.875,1,0,0,12,snapshot_20150919T025947Z
1307466,31,12,19,0.3870967741935484,1,0,0,23,snapshot_20150919T025947Z
1307498,35,30,5,0.8571428571428571,1,0,0,26,snapshot_20150919T025947Z
1307524,3,3,0,1.0,1,0,0,1,snapshot_20150919T025947Z
1307619,4,4,0,1.0,1,0,0,2,snapshot_20150919T025947Z
1307620,8,0,8,0.0,0,0,1,6,snapshot_20150919T025947Z
1307687,17,7,10,0.4117647058823529,1,0,0,13,snapshot_20150919T025947Z
1307741,13,7,6,0.5384615384615384,1,0,0,11,snapshot_20150919T025947Z
1307815,4,4,0,1.0,1,0,0,2,snapshot_20150919T025947Z
1307820,4,4,0,1.0,1,0,0,2,snapshot_20150919T025947Z
1307990,6,6,0,1.0,1,0,0,3,snapshot_20150919T025947Z
1308171,8,8,0,1.0,1,0,0,5,snapshot_20150919T025947Z
1308333,10,10,0,1.0,1,0,0,6,snapshot_20150919T025947Z
1308455,3,3,0,1.0,1,0,0,1,snapshot_20150919T025947Z
1308517,6,3,3,0.5,1,0,0,3,snapshot_20150919T025947Z
1308653,4,4,0,1.0,1,0,0,2,snapshot_20150919T025947Z
1308708,5,5,0,1.0,1,0,0,3,snapshot_20150919T025947Z
1308709,7,7,0,1.0,1,0,0,6,snapshot_20150919T025947Z
1308761,4,4,0,1.0,1,0,0,3,snapshot_20150919T025947Z
1308763,13,13,0,1.0,1,0,0,9,snapshot_20150919T025947Z
1308813,25,23,2,0.92,1,0,0,21,snapshot_20150919T025947Z
1308898,4,4,0,1.0,1,0,0,2,snapshot_20150919T025947Z
1309268,12,12,0,1.0,1,0,0,10,snapshot_20150919T025947Z
1309276,6,6,0,1.0,1,0,0,4,snapshot_20150919T025947Z
1309591,42,34,8,0.8095238095238095,1,0,0,19,snapshot_20150919T025947Z
1309705,9,2,7,0.2222222222222222,1,0,0,7,snapshot_20150919T025947Z
1310033,31,31,0,1.0,1,0,0,19,snapshot_20150919T025947Z
1310105,11,11,0,1.0,1,0,0,8,snapshot_20150919T025947Z
1310119,4,4,0,1.0,1,0,0,2,snapshot_20150919T025947Z
1310463,8,8,0,1.0,1,0,0,5,snapshot_20150919T025947Z
1310502,16,0,16,0.0,0,0,1,13,snapshot_20150919T025947Z
1310560,33,17,16,0.5151515151515151,1,0,0,28,snapshot_20150919T025947Z
1310978,2,2,0,1.0,1,0,0,1,snapshot_20150919T025947Z
1311022,8,0,8,0.0,0,0,1,6,snapshot_20150919T025947Z
1311118,2,2,0,1.0,1,0,0,1,snapshot_20150919T025947Z
1311266,3,0,3,0.0,0,0,1,1,snapshot_20150919T025947Z
1311579,21,16,5,0.7619047619047619,1,0,0,13,snapshot_20150919T025947Z
1311615,61,27,34,0.4426229508196721,1,0,0,54,snapshot_20150919T025947Z
1311623,5,5,0,1.0,1,0,0,3,snapshot_20150919T025947Z
1311647,9,9,0,1.0,1,0,0,7,snapshot_20150919T025947Z
1311725,6,6,0,1.0,1,0,0,5,snapshot_20150919T025947Z
1311727,16,16,0,1.0,1,0,0,11,snapshot_20150919T025947Z
1311741,7,7,0,1.0,1,0,0,5,snapshot_20150919T025947Z
1311802,3,3,0,1.0,1,0,0,1,snapshot_20150919T025947Z
1311900,17,17,0,1.0,1,0,0,13,snapshot_20150919T025947Z
1311937,3,3,0,1.0,1,0,0,1,snapshot_20150919T025947Z
1312018,3,3,0,1.0,1,0,0,1,snapshot_20150919T025947Z
1312247,5,5,0,1.0,1,0,0,3,snapshot_20150919T025947Z
1312434,3,1,2,0.3333333333333333,1,0,0,2,snapshot_20150919T025947Z
1312527,8,8,0,1.0,1,0,0,6,snapshot_20150919T025947Z
1312556,9,9,0,1.0,1,0,0,5,snapshot_20150919T025947Z
1312927,3,3,0,1.0,1,0,0,1,snapshot_20150919T025947Z
1312942,31,28,3,0.9032258064516129,1,0,0,25,snapshot_20150919T025947Z
1313071,12,12,0,1.0,1,0,0,10,snapshot_20150919T025947Z
1313304,14,6,8,0.42857142857142855,1,0,0,10,snapshot_20150919T025947Z
1313330,7,3,4,0.42857142857142855,1,0,0,3,snapshot_20150919T025947Z
1313374,18,18,0,1.0,1,0,0,16,snapshot_20150919T025947Z
1313381,507,380,127,0.7495069033530573,1,0,0,496,snapshot_20150919T025947Z
1313473,8,8,0,1.0,1,0,0,2,snapshot_20150919T025947Z
1313638,4,4,0,1.0,1,0,0,2,snapshot_20150919T025947Z
1313950,10,8,2,0.8,1,0,0,8,snapshot_20150919T025947Z
1313980,33,28,5,0.8484848484848485,1,0,0,26,snapshot_20150919T025947Z
1314032,3,3,0,1.0,1,0,0,1,snapshot_20150919T025947Z
1314233,6,0,6,0.0,0,0,1,4,snapshot_20150919T025947Z
1314472,7,4,3,0.5714285714285714,1,0,0,4,snapshot_20150919T025947Z
1314820,37,37,0,1.0,1,0,0,24,snapshot_20150919T025947Z
1314856,9,9,0,1.0,1,0,0,7,snapshot_20150919T025947Z
1314950,5,5,0,1.0,1,0,0,3,snapshot_20150919T025947Z
1314979,3,3,0,1.0,1,0,0,2,snapshot_20150919T025947Z
1315056,3,3,0,1.0,1,0,0,2,snapshot_20150919T025947Z
1315100,5,5,0,1.0,1,0,0,2,snapshot_20150919T025947Z
1315102,6,2,4,0.3333333333333333,1,0,0,3,snapshot_20150919T025947Z
1315273,3,3,0,1.0,1,0,0,1,snapshot_20150919T025947Z
1315376,3,3,0,1.0,1,0,0,1,snapshot_20150919T025947Z
1315473,22,22,0,1.0,1,0,0,20,snapshot_20150919T025947Z
1315702,3,3,0,1.0,1,0,0,2,snapshot_20150919T025947Z
1316038,5,4,1,0.8,1,0,0,3,snapshot_20150919T025947Z
1316061,45,44,1,0.9777777777777777,1,0,0,39,snapshot_20150919T025947Z
1316130,10,9,1,0.9,1,0,0,8,snapshot_20150919T025947Z
1316174,11,11,0,1.0,1,0,0,8,snapshot_20150919T025947Z
1316274,4,4,0,1.0,1,0,0,2,snapshot_20150919T025947Z
1316368,28,26,2,0.9285714285714286,1,0,0,21,snapshot_20150919T025947Z
1316429,3,0,3,0.0,0,0,1,1,snapshot_20150919T025947Z
1316484,3,3,0,1.0,1,0,0,1,snapshot_20150919T025947Z
1316555,3,3,0,1.0,1,0,0,1,snapshot_20150919T025947Z
1316765,3,3,0,1.0,1,0,0,1,snapshot_20150919T025947Z
1317003,3,0,3,0.0,0,0,1,1,snapshot_20150919T025947Z
1317031,48,46,2,0.9583333333333334,1,0,0,45,snapshot_20150919T025947Z
1317048,9,9,0,1.0,1,0,0,5,snapshot_20150919T025947Z
1317103,14,8,6,0.5714285714285714,1,0,0,10,snapshot_20150919T025947Z
1317180,8,8,0,1.0,1,0,0,6,snapshot_20150919T025947Z
1317218,9,9,0,1.0,1,0,0,7,snapshot_20150919T025947Z
1317254,3,3,0,1.0,1,0,0,1,snapshot_20150919T025947Z
1317418,8,8,0,1.0,1,0,0,6,snapshot_20150919T025947Z
1317721,62,47,15,0.7580645161290323,1,0,0,53,snapshot_20150919T025947Z
1317771,10,6,4,0.6,1,0,0,8,snapshot_20150919T025947Z
1317826,5,5,0,1.0,1,0,0,3,snapshot_20150919T025947Z
1318049,5,2,3,0.4,1,0,0,4,snapshot_20150919T025947Z
1318053,2,2,0,1.0,1,0,0,1,snapshot_20150919T025947Z
1318154,10,7,3,0.7,1,0,0,8,snapshot_20150919T025947Z
1318167,6,6,0,1.0,1,1,0,0,snapshot_20150919T025947Z
1318195,10,3,7,0.3,1,0,0,8,snapshot_20150919T025947Z
1318304,3,3,0,1.0,1,0,0,1,snapshot_20150919T025947Z
1318306,13,13,0,1.0,1,0,0,11,snapshot_20150919T025947Z
1318309,2,2,0,1.0,1,0,0,1,snapshot_20150919T025947Z
1318394,6,6,0,1.0,1,0,0,3,snapshot_20150919T025947Z
1318401,5,5,0,1.0,1,0,0,3,snapshot_20150919T025947Z
1318447,7,7,0,1.0,1,0,0,4,snapshot_20150919T025947Z
1318649,3,3,0,1.0,1,0,0,1,snapshot_20150919T025947Z
1319044,3,3,0,1.0,1,0,0,1,snapshot_20150919T025947Z
1319233,8,8,0,1.0,1,0,0,6,snapshot_20150919T025947Z
1319444,10,10,0,1.0,1,0,0,8,snapshot_20150919T025947Z
1319584,25,11,14,0.44,1,0,0,19,snapshot_20150919T025947Z
1319777,5,5,0,1.0,1,0,0,4,snapshot_20150919T025947Z
1319843,7,4,3,0.5714285714285714,1,0,0,5,snapshot_20150919T025947Z
1319884,4,4,0,1.0,1,0,0,2,snapshot_20150919T025947Z
1320211,25,16,9,0.64,1,0,0,17,snapshot_20150919T025947Z
1320216,3,3,0,1.0,1,0,0,1,snapshot_20150919T025947Z
1320249,3,3,0,1.0,1,0,0,2,snapshot_20150919T025947Z
1320394,10,10,0,1.0,1,0,0,9,snapshot_20150919T025947Z
1320417,3,3,0,1.0,1,0,0,1,snapshot_20150919T025947Z
1320501,1,0,1,0.0,0,1,1,0,snapshot_20150919T025947Z
1320564,9,9,0,1.0,1,0,0,5,snapshot_20150919T025947Z
1320646,5,5,0,1.0,1,0,0,3,snapshot_20150919T025947Z
1320689,12,12,0,1.0,1,0,0,8,snapshot_20150919T025947Z
1320730,3,0,3,0.0,0,0,1,1,snapshot_20150919T025947Z
1320960,19,9,10,0.47368421052631576,1,0,0,11,snapshot_20150919T025947Z
1320985,4,0,4,0.0,0,0,1,2,snapshot_20150919T025947Z
1321212,4,4,0,1.0,1,0,0,2,snapshot_20150919T025947Z
1321718,4,4,0,1.0,1,0,0,1,snapshot_20150919T025947Z
1321824,6,6,0,1.0,1,0,0,3,snapshot_20150919T025947Z
1321887,9,9,0,1.0,1,0,0,7,snapshot_20150919T025947Z
1322042,6,6,0,1.0,1,0,0,4,snapshot_20150919T025947Z
1322168,2,2,0,1.0,1,1,0,0,snapshot_20150919T025947Z
1322322,8,8,0,1.0,1,0,0,6,snapshot_20150919T025947Z
1322398,9,8,1,0.8888888888888888,1,0,0,7,snapshot_20150919T025947Z
1322470,7,0,7,0.0,0,0,1,5,snapshot_20150919T025947Z
1322520,9,9,0,1.0,1,0,0,5,snapshot_20150919T025947Z
1322599,5,5,0,1.0,1,0,0,1,snapshot_20150919T025947Z
1322637,2,2,0,1.0,1,1,0,0,snapshot_20150919T025947Z
1322674,3,3,0,1.0,1,0,0,1,snapshot_20150919T025947Z
1322770,5,0,5,0.0,0,0,1,3,snapshot_20150919T025947Z
1322788,5,5,0,1.0,1,0,0,3,snapshot_20150919T025947Z
1322865,4,1,3,0.25,1,0,0,2,snapshot_20150919T025947Z
1322909,31,31,0,1.0,1,0,0,26,snapshot_20150919T025947Z
1323099,7,7,0,1.0,1,0,0,5,snapshot_20150919T025947Z
1323154,12,12,0,1.0,1,0,0,6,snapshot_20150919T025947Z
1323187,3,3,0,1.0,1,0,0,1,snapshot_20150919T025947Z
1323354,4,4,0,1.0,1,0,0,3,snapshot_20150919T025947Z
1323498,8,8,0,1.0,1,0,0,7,snapshot_20150919T025947Z
1323594,6,6,0,1.0,1,0,0,4,snapshot_20150919T025947Z
1323783,13,3,10,0.23076923076923078,1,0,0,12,snapshot_20150919T025947Z
1323794,4,4,0,1.0,1,0,0,2,snapshot_20150919T025947Z
1323880,7,7,0,1.0,1,0,0,3,snapshot_20150919T025947Z
1323890,11,0,11,0.0,0,0,1,9,snapshot_20150919T025947Z
1324121,4,4,0,1.0,1,0,0,2,snapshot_20150919T025947Z
1324157,3,3,0,1.0,1,0,0,1,snapshot_20150919T025947Z
1324500,2,2,0,1.0,1,0,0,1,snapshot_20150919T025947Z
1324552,3,3,0,1.0,1,0,0,1,snapshot_20150919T025947Z
1324606,5,5,0,1.0,1,0,0,3,snapshot_20150919T025947Z
1324670,5,5,0,1.0,1,0,0,1,snapshot_20150919T025947Z
1324707,8,4,4,0.5,1,0,0,6,snapshot_20150919T025947Z
1324810,9,9,0,1.0,1,0,0,7,snapshot_20150919T025947Z
1324948,9,9,0,1.0,1,0,0,7,snapshot_20150919T025947Z
1325114,9,2,7,0.2222222222222222,1,0,0,7,snapshot_20150919T025947Z
1325162,5,5,0,1.0,1,0,0,3,snapshot_20150919T025947Z
1325176,5,5,0,1.0,1,0,0,2,snapshot_20150919T025947Z
1325281,7,2,5,0.2857142857142857,1,0,0,5,snapshot_20150919T025947Z
1325283,3,0,3,0.0,0,0,1,1,snapshot_20150919T025947Z
1325569,3,0,3,0.0,0,0,1,1,snapshot_20150919T025947Z
1326010,4,4,0,1.0,1,0,0,2,snapshot_20150919T025947Z
1326042,9,9,0,1.0,1,0,0,5,snapshot_20150919T025947Z
1326080,2,2,0,1.0,1,1,0,0,snapshot_20150919T025947Z
1326089,3,3,0,1.0,1,0,0,1,snapshot_20150919T025947Z
1326335,7,7,0,1.0,1,0,0,4,snapshot_20150919T025947Z
1326554,2,2,0,1.0,1,0,0,1,snapshot_20150919T025947Z
1326781,3,3,0,1.0,1,0,0,1,snapshot_20150919T025947Z
1326801,2,2,0,1.0,1,0,0,1,snapshot_20150919T025947Z
1326870,5,5,0,1.0,1,0,0,2,snapshot_20150919T025947Z
1326956,3,0,3,0.0,0,0,1,1,snapshot_20150919T025947Z
1326987,18,4,14,0.2222222222222222,1,0,0,15,snapshot_20150919T025947Z
1327003,21,15,6,0.7142857142857143,1,0,0,19,snapshot_20150919T025947Z
1327109,11,11,0,1.0,1,0,0,5,snapshot_20150919T025947Z
1327215,11,9,2,0.8181818181818182,1,0,0,7,snapshot_20150919T025947Z
1327477,51,49,2,0.9607843137254902,1,0,0,45,snapshot_20150919T025947Z
1327559,3,3,0,1.0,1,0,0,1,snapshot_20150919T025947Z
1327578,5,5,0,1.0,1,0,0,3,snapshot_20150919T025947Z
1327760,9,6,3,0.6666666666666666,1,0,0,7,snapshot_20150919T025947Z
1327826,29,29,0,1.0,1,0,0,20,snapshot_20150919T025947Z
1327842,11,5,6,0.45454545454545453,1,0,0,9,snapshot_20150919T025947Z
1327847,7,7,0,1.0,1,0,0,6,snapshot_20150919T025947Z
1327853,8,8,0,1.0,1,0,0,5,snapshot_20150919T025947Z
1328192,74,55,19,0.7432432432432432,1,0,0,72,snapshot_20150919T025947Z
1328266,4,4,0,1.0,1,0,0,2,snapshot_20150919T025947Z
1328532,19,19,0,1.0,1,0,0,15,snapshot_20150919T025947Z
1328538,4,4,0,1.0,1,0,0,2,snapshot_20150919T025947Z
1328780,6,6,0,1.0,1,0,0,4,snapshot_20150919T025947Z
1328944,2,0,2,0.0,0,0,1,1,snapshot_20150919T025947Z
1328985,17,17,0,1.0,1,0,0,10,snapshot_20150919T025947Z
1329074,12,12,0,1.0,1,0,0,9,snapshot_20150919T025947Z
1329108,5,5,0,1.0,1,0,0,4,snapshot_20150919T025947Z
1329147,3,3,0,1.0,1,0,0,1,snapshot_20150919T025947Z
1329289,8,8,0,1.0,1,0,0,6,snapshot_20150919T025947Z
1329376,19,11,8,0.5789473684210527,1,0,0,11,snapshot_20150919T025947Z
1329391,17,17,0,1.0,1,0,0,8,snapshot_20150919T025947Z
1329523,6,6,0,1.0,1,0,0,2,snapshot_20150919T025947Z
1329553,5,5,0,1.0,1,0,0,2,snapshot_20150919T025947Z
1329573,12,10,2,0.8333333333333334,1,0,0,8,snapshot_20150919T025947Z
1329673,3,3,0,1.0,1,0,0,1,snapshot_20150919T025947Z
1329712,5,5,0,1.0,1,0,0,1,snapshot_20150919T025947Z
1329874,3,3,0,1.0,1,0,0,1,snapshot_20150919T025947Z
1330096,4,4,0,1.0,1,0,0,2,snapshot_20150919T025947Z
1330284,3,3,0,1.0,1,0,0,1,snapshot_20150919T025947Z
1330305,10,2,8,0.2,1,0,0,8,snapshot_20150919T025947Z
1330518,3,0,3,0.0,0,0,1,1,snapshot_20150919T025947Z
1330668,5,0,5,0.0,0,0,1,3,snapshot_20150919T025947Z
1330682,3,3,0,1.0,1,0,0,2,snapshot_20150919T025947Z
1330764,251,247,4,0.9840637450199203,1,0,0,242,snapshot_20150919T025947Z
1330816,3,3,0,1.0,1,0,0,1,snapshot_20150919T025947Z
1330823,2,2,0,1.0,1,0,0,1,snapshot_20150919T025947Z
1330835,9,0,9,0.0,0,0,1,6,snapshot_20150919T025947Z
1330932,5,5,0,1.0,1,0,0,3,snapshot_20150919T025947Z
1330952,10,10,0,1.0,1,0,0,8,snapshot_20150919T025947Z
1330964,5,5,0,1.0,1,0,0,3,snapshot_20150919T025947Z
1331125,5,5,0,1.0,1,0,0,3,snapshot_20150919T025947Z
1331232,4,4,0,1.0,1,0,0,2,snapshot_20150919T025947Z
1331553,22,11,11,0.5,1,0,0,20,snapshot_20150919T025947Z
1331585,14,14,0,1.0,1,0,0,3,snapshot_20150919T025947Z
1331661,6,6,0,1.0,1,0,0,4,snapshot_20150919T025947Z
1331678,18,18,0,1.0,1,0,0,14,snapshot_20150919T025947Z
1331702,10,10,0,1.0,1,0,0,8,snapshot_20150919T025947Z
1331777,3,3,0,1.0,1,0,0,1,snapshot_20150919T025947Z
1331780,10,7,3,0.7,1,0,0,1,snapshot_20150919T025947Z
1331824,6,6,0,1.0,1,0,0,4,snapshot_20150919T025947Z
1331859,4,0,4,0.0,0,0,1,2,snapshot_20150919T025947Z
1331885,3,3,0,1.0,1,0,0,2,snapshot_20150919T025947Z
1331889,4,4,0,1.0,1,0,0,2,snapshot_20150919T025947Z
1331964,12,12,0,1.0,1,0,0,10,snapshot_20150919T025947Z
1332318,6,0,6,0.0,0,0,1,4,snapshot_20150919T025947Z
1332357,3,3,0,1.0,1,0,0,1,snapshot_20150919T025947Z
1332508,5,5,0,1.0,1,0,0,2,snapshot_20150919T025947Z
1332700,11,11,0,1.0,1,0,0,9,snapshot_20150919T025947Z
1332844,8,8,0,1.0,1,0,0,6,snapshot_20150919T025947Z
1333167,3,3,0,1.0,1,0,0,1,snapshot_20150919T025947Z
1333273,19,19,0,1.0,1,0,0,11,snapshot_20150919T025947Z
1333311,8,8,0,1.0,1,0,0,4,snapshot_20150919T025947Z
1333481,13,13,0,1.0,1,0,0,11,snapshot_20150919T025947Z
1333540,6,6,0,1.0,1,0,0,3,snapshot_20150919T025947Z
1333733,7,7,0,1.0,1,0,0,3,snapshot_20150919T025947Z
1333820,35,34,1,0.9714285714285714,1,0,0,33,snapshot_20150919T025947Z
1333907,9,9,0,1.0,1,0,0,5,snapshot_20150919T025947Z
1334441,6,6,0,1.0,1,0,0,4,snapshot_20150919T025947Z
1334545,10,0,10,0.0,0,0,1,8,snapshot_20150919T025947Z
1334582,23,21,2,0.9130434782608695,1,0,0,18,snapshot_20150919T025947Z
1334913,19,19,0,1.0,1,0,0,17,snapshot_20150919T025947Z
1335026,6,5,1,0.8333333333333334,1,0,0,4,snapshot_20150919T025947Z
1335080,7,7,0,1.0,1,0,0,5,snapshot_20150919T025947Z
1335082,3,3,0,1.0,1,0,0,1,snapshot_20150919T025947Z
1335349,4,4,0,1.0,1,0,0,2,snapshot_20150919T025947Z
1335459,3,3,0,1.0,1,0,0,1,snapshot_20150919T025947Z
1335601,2,2,0,1.0,1,0,0,1,snapshot_20150919T025947Z
1335604,3,3,0,1.0,1,0,0,2,snapshot_20150919T025947Z
1335661,18,0,18,0.0,0,0,1,12,snapshot_20150919T025947Z
1335805,3,3,0,1.0,1,0,0,1,snapshot_20150919T025947Z
1335889,4,0,4,0.0,0,0,1,3,snapshot_20150919T025947Z
1336061,7,7,0,1.0,1,0,0,5,snapshot_20150919T025947Z
1336074,3,0,3,0.0,0,0,1,1,snapshot_20150919T025947Z
1336078,41,11,30,0.2682926829268293,1,0,0,34,snapshot_20150919T025947Z
1336094,7,7,0,1.0,1,0,0,5,snapshot_20150919T025947Z
1336124,17,0,17,0.0,0,0,1,15,snapshot_20150919T025947Z
1336181,15,15,0,1.0,1,0,0,7,snapshot_20150919T025947Z
1336367,5,4,1,0.8,1,0,0,3,snapshot_20150919T025947Z
1336393,3,3,0,1.0,1,0,0,1,snapshot_20150919T025947Z
1336520,208,124,84,0.5961538461538461,1,0,0,189,snapshot_20150919T025947Z
1336562,10,10,0,1.0,1,0,0,9,snapshot_20150919T025947Z
1336602,3,0,3,0.0,0,0,1,1,snapshot_20150919T025947Z
1336714,5,5,0,1.0,1,0,0,4,snapshot_20150919T025947Z
1336737,4,4,0,1.0,1,0,0,2,snapshot_20150919T025947Z
1336747,8,7,1,0.875,1,0,0,5,snapshot_20150919T025947Z
1336835,744,554,190,0.7446236559139785,1,0,0,629,snapshot_20150919T025947Z
1336983,4,4,0,1.0,1,0,0,2,snapshot_20150919T025947Z
1337038,14,14,0,1.0,1,0,0,12,snapshot_20150919T025947Z
1337048,38,29,9,0.7631578947368421,1,0,0,35,snapshot_20150919T025947Z
1337142,5,5,0,1.0,1,0,0,3,snapshot_20150919T025947Z
1337382,9,9,0,1.0,1,0,0,7,snapshot_20150919T025947Z
1337408,7,1,6,0.14285714285714285,1,0,0,5,snapshot_20150919T025947Z
1337665,9,7,2,0.7777777777777778,1,0,0,5,snapshot_20150919T025947Z
1337710,5,1,4,0.2,1,0,0,3,snapshot_20150919T025947Z
1337842,6,6,0,1.0,1,0,0,4,snapshot_20150919T025947Z
1337853,5,5,0,1.0,1,0,0,3,snapshot_20150919T025947Z
1337898,5,4,1,0.8,1,0,0,4,snapshot_20150919T025947Z
1338125,6,5,1,0.8333333333333334,1,0,0,4,snapshot_20150919T025947Z
1338149,12,5,7,0.4166666666666667,1,0,0,10,snapshot_20150919T025947Z
1338232,3,3,0,1.0,1,0,0,1,snapshot_20150919T025947Z
1338521,4,4,0,1.0,1,0,0,2,snapshot_20150919T025947Z
1338587,13,13,0,1.0,1,0,0,10,snapshot_20150919T025947Z
1338668,12,12,0,1.0,1,0,0,10,snapshot_20150919T025947Z
1338780,5,0,5,0.0,0,0,1,3,snapshot_20150919T025947Z
1338885,3,0,3,0.0,0,0,1,1,snapshot_20150919T025947Z
1338933,8,7,1,0.875,1,0,0,2,snapshot_20150919T025947Z
1339057,21,0,21,0.0,0,0,1,16,snapshot_20150919T025947Z
1339096,4,4,0,1.0,1,0,0,2,snapshot_20150919T025947Z
1339274,3,3,0,1.0,1,0,0,1,snapshot_20150919T025947Z
1339801,2,0,2,0.0,0,0,1,1,snapshot_20150919T025947Z
1340078,90,90,0,1.0,1,0,0,88,snapshot_20150919T025947Z
1340083,28,3,25,0.10714285714285714,1,0,0,25,snapshot_20150919T025947Z
1340188,26,18,8,0.6923076923076923,1,0,0,22,snapshot_20150919T025947Z
1340231,4,4,0,1.0,1,0,0,2,snapshot_20150919T025947Z
1340286,3,3,0,1.0,1,0,0,1,snapshot_20150919T025947Z
1340323,5,5,0,1.0,1,0,0,3,snapshot_20150919T025947Z
1340407,8,8,0,1.0,1,0,0,2,snapshot_20150919T025947Z
1340493,18,2,16,0.1111111111111111,1,0,0,16,snapshot_20150919T025947Z
1340641,4,4,0,1.0,1,0,0,2,snapshot_20150919T025947Z
1340695,9,9,0,1.0,1,0,0,7,snapshot_20150919T025947Z
1340866,27,3,24,0.1111111111111111,1,0,0,23,snapshot_20150919T025947Z
1341153,11,8,3,0.7272727272727273,1,0,0,9,snapshot_20150919T025947Z
1341202,112,96,16,0.8571428571428571,1,0,0,79,snapshot_20150919T025947Z
1341603,29,29,0,1.0,1,0,0,27,snapshot_20150919T025947Z
1341635,7,7,0,1.0,1,0,0,3,snapshot_20150919T025947Z
1341642,8,8,0,1.0,1,0,0,6,snapshot_20150919T025947Z
1341789,6,6,0,1.0,1,0,0,4,snapshot_20150919T025947Z
1341795,2,2,0,1.0,1,0,0,1,snapshot_20150919T025947Z
1341849,4,4,0,1.0,1,0,0,2,snapshot_20150919T025947Z
1341879,5,0,5,0.0,0,0,1,3,snapshot_20150919T025947Z
1342222,3,3,0,1.0,1,0,0,1,snapshot_20150919T025947Z
1342293,2,2,0,1.0,1,1,0,0,snapshot_20150919T025947Z
1342297,6,6,0,1.0,1,0,0,4,snapshot_20150919T025947Z
1342394,7,7,0,1.0,1,0,0,5,snapshot_20150919T025947Z
1342432,3,3,0,1.0,1,0,0,1,snapshot_20150919T025947Z
1342601,33,33,0,1.0,1,0,0,31,snapshot_20150919T025947Z
1342608,3,3,0,1.0,1,0,0,1,snapshot_20150919T025947Z
1342737,3,3,0,1.0,1,0,0,1,snapshot_20150919T025947Z
1342839,5,5,0,1.0,1,0,0,2,snapshot_20150919T025947Z
1342961,6,1,5,0.16666666666666666,1,0,0,4,snapshot_20150919T025947Z
1342999,4,4,0,1.0,1,0,0,2,snapshot_20150919T025947Z
1343401,6,6,0,1.0,1,0,0,4,snapshot_20150919T025947Z
1343588,7,7,0,1.0,1,0,0,5,snapshot_20150919T025947Z
1343868,14,13,1,0.9285714285714286,1,0,0,12,snapshot_20150919T025947Z
1343903,2,2,0,1.0,1,0,0,1,snapshot_20150919T025947Z
1344040,4,4,0,1.0,1,0,0,2,snapshot_20150919T025947Z
1344286,8,1,7,0.125,1,0,0,6,snapshot_20150919T025947Z
1344445,2,2,0,1.0,1,0,0,1,snapshot_20150919T025947Z
1344553,11,4,7,0.36363636363636365,1,0,0,7,snapshot_20150919T025947Z
1344604,18,18,0,1.0,1,0,0,12,snapshot_20150919T025947Z
1344782,10,10,0,1.0,1,0,0,8,snapshot_20150919T025947Z
1344801,20,19,1,0.95,1,0,0,18,snapshot_20150919T025947Z
1344887,4,4,0,1.0,1,0,0,2,snapshot_20150919T025947Z
1344912,6,6,0,1.0,1,0,0,4,snapshot_20150919T025947Z
1344941,10,2,8,0.2,1,0,0,8,snapshot_20150919T025947Z
1345109,11,4,7,0.36363636363636365,1,0,0,9,snapshot_20150919T025947Z
1345124,4,4,0,1.0,1,0,0,2,snapshot_20150919T025947Z
1345272,21,21,0,1.0,1,0,0,12,snapshot_20150919T025947Z
1345275,3,3,0,1.0,1,0,0,1,snapshot_20150919T025947Z
1345403,11,8,3,0.7272727272727273,1,0,0,9,snapshot_20150919T025947Z
1345741,7,7,0,1.0,1,0,0,6,snapshot_20150919T025947Z
1346024,4,4,0,1.0,1,0,0,2,snapshot_20150919T025947Z
1346082,26,19,7,0.7307692307692307,1,0,0,21,snapshot_20150919T025947Z
1346296,54,50,4,0.9259259259259259,1,0,0,41,snapshot_20150919T025947Z
1346314,4,4,0,1.0,1,0,0,2,snapshot_20150919T025947Z
1346334,6,1,5,0.16666666666666666,1,0,0,4,snapshot_20150919T025947Z
1346478,27,22,5,0.8148148148148148,1,0,0,25,snapshot_20150919T025947Z
1346514,9,9,0,1.0,1,0,0,7,snapshot_20150919T025947Z
1346665,10,1,9,0.1,1,0,0,7,snapshot_20150919T025947Z
1346711,13,13,0,1.0,1,0,0,10,snapshot_20150919T025947Z
1346842,3,3,0,1.0,1,0,0,1,snapshot_20150919T025947Z
1346891,9,9,0,1.0,1,0,0,8,snapshot_20150919T025947Z
1347094,4,4,0,1.0,1,0,0,2,snapshot_20150919T025947Z
1347290,7,0,7,0.0,0,0,1,5,snapshot_20150919T025947Z
1347509,1,1,0,1.0,1,1,0,0,snapshot_20150919T025947Z
1347736,5,5,0,1.0,1,0,0,3,snapshot_20150919T025947Z
1347797,1,1,0,1.0,1,1,0,0,snapshot_20150919T025947Z
1347891,3,3,0,1.0,1,0,0,1,snapshot_20150919T025947Z
1348073,16,10,6,0.625,1,0,0,14,snapshot_20150919T025947Z
1348862,4,4,0,1.0,1,0,0,2,snapshot_20150919T025947Z
1348865,9,9,0,1.0,1,0,0,7,snapshot_20150919T025947Z
1348883,4,4,0,1.0,1,0,0,2,snapshot_20150919T025947Z
1349049,5,5,0,1.0,1,0,0,4,snapshot_20150919T025947Z
1349061,4,0,4,0.0,0,0,1,2,snapshot_20150919T025947Z
1349106,13,13,0,1.0,1,0,0,11,snapshot_20150919T025947Z
1349155,35,22,13,0.6285714285714286,1,0,0,25,snapshot_20150919T025947Z
1349317,7,7,0,1.0,1,0,0,4,snapshot_20150919T025947Z
1349325,3,0,3,0.0,0,0,1,1,snapshot_20150919T025947Z
1349607,16,0,16,0.0,0,0,1,3,snapshot_20150919T025947Z
1349681,8,8,0,1.0,1,0,0,4,snapshot_20150919T025947Z
1349713,16,6,10,0.375,1,0,0,14,snapshot_20150919T025947Z
1349720,2,2,0,1.0,1,0,0,1,snapshot_20150919T025947Z
1349746,68,64,4,0.9411764705882353,1,0,0,63,snapshot_20150919T025947Z
1349942,3,0,3,0.0,0,0,1,1,snapshot_20150919T025947Z
1350023,6,6,0,1.0,1,0,0,4,snapshot_20150919T025947Z
1350073,9,9,0,1.0,1,0,0,7,snapshot_20150919T025947Z
1350128,2,2,0,1.0,1,1,0,0,snapshot_20150919T025947Z
1350190,64,58,6,0.90625,1,0,0,53,snapshot_20150919T025947Z
1350315,3,3,0,1.0,1,0,0,1,snapshot_20150919T025947Z
1350547,22,20,2,0.9090909090909091,1,0,0,19,snapshot_20150919T025947Z
1350799,3,3,0,1.0,1,0,0,1,snapshot_20150919T025947Z
1350828,4,4,0,1.0,1,0,0,2,snapshot_20150919T025947Z
1351148,6,6,0,1.0,1,0,0,4,snapshot_20150919T025947Z
1351230,6,6,0,1.0,1,0,0,2,snapshot_20150919T025947Z
1351265,7,7,0,1.0,1,0,0,4,snapshot_20150919T025947Z
1351655,10,10,0,1.0,1,0,0,8,snapshot_20150919T025947Z
1351788,46,45,1,0.9782608695652174,1,0,0,35,snapshot_20150919T025947Z
1351796,49,35,14,0.7142857142857143,1,0,0,30,snapshot_20150919T025947Z
1351812,14,14,0,1.0,1,0,0,6,snapshot_20150919T025947Z
1351930,3,3,0,1.0,1,0,0,1,snapshot_20150919T025947Z
1352025,18,18,0,1.0,1,0,0,15,snapshot_20150919T025947Z
1352044,64,41,23,0.640625,1,0,0,40,snapshot_20150919T025947Z
1352090,4,4,0,1.0,1,0,0,2,snapshot_20150919T025947Z
1352320,3,3,0,1.0,1,0,0,1,snapshot_20150919T025947Z
1352334,64,42,22,0.65625,1,0,0,34,snapshot_20150919T025947Z
1352445,3,3,0,1.0,1,0,0,1,snapshot_20150919T025947Z
1352494,12,9,3,0.75,1,0,0,10,snapshot_20150919T025947Z
1352661,5,1,4,0.2,1,0,0,3,snapshot_20150919T025947Z
1352723,3,3,0,1.0,1,0,0,1,snapshot_20150919T025947Z
1352763,4,4,0,1.0,1,0,0,2,snapshot_20150919T025947Z
1352958,15,13,2,0.8666666666666667,1,0,0,11,snapshot_20150919T025947Z
1353280,77,77,0,1.0,1,0,0,71,snapshot_20150919T025947Z
1353381,4,0,4,0.0,0,0,1,2,snapshot_20150919T025947Z
1353452,49,0,49,0.0,0,0,1,47,snapshot_20150919T025947Z
1353976,12,9,3,0.75,1,0,0,3,snapshot_20150919T025947Z
1354560,3,3,0,1.0,1,0,0,1,snapshot_20150919T025947Z
1354658,3,3,0,1.0,1,0,0,1,snapshot_20150919T025947Z
1354703,6,6,0,1.0,1,0,0,4,snapshot_20150919T025947Z
1354710,11,0,11,0.0,0,0,1,5,snapshot_20150919T025947Z
1355063,3,0,3,0.0,0,0,1,1,snapshot_20150919T025947Z
1355275,9,9,0,1.0,1,0,0,7,snapshot_20150919T025947Z
1355454,3,3,0,1.0,1,0,0,1,snapshot_20150919T025947Z
1355680,6,6,0,1.0,1,0,0,3,snapshot_20150919T025947Z
1355819,3,3,0,1.0,1,0,0,1,snapshot_20150919T025947Z
1355914,7,7,0,1.0,1,0,0,5,snapshot_20150919T025947Z
1355935,3,3,0,1.0,1,0,0,1,snapshot_20150919T025947Z
1355960,4,4,0,1.0,1,0,0,2,snapshot_20150919T025947Z
1356035,8,4,4,0.5,1,0,0,6,snapshot_20150919T025947Z
1356492,4,4,0,1.0,1,0,0,2,snapshot_20150919T025947Z
1356496,156,121,35,0.7756410256410257,1,0,0,140,snapshot_20150919T025947Z
1356584,7,4,3,0.5714285714285714,1,0,0,5,snapshot_20150919T025947Z
1356614,11,11,0,1.0,1,0,0,9,snapshot_20150919T025947Z
1357083,127,101,26,0.7952755905511811,1,0,0,124,snapshot_20150919T025947Z
1357134,4,4,0,1.0,1,0,0,2,snapshot_20150919T025947Z
1357344,4,1,3,0.25,1,0,0,2,snapshot_20150919T025947Z
1357391,14,13,1,0.9285714285714286,1,0,0,12,snapshot_20150919T025947Z
1357459,4,4,0,1.0,1,0,0,2,snapshot_20150919T025947Z
1357597,2,2,0,1.0,1,0,0,1,snapshot_20150919T025947Z
1357641,3,3,0,1.0,1,0,0,1,snapshot_20150919T025947Z
1357744,7,7,0,1.0,1,0,0,6,snapshot_20150919T025947Z
1358038,3,3,0,1.0,1,0,0,1,snapshot_20150919T025947Z
1358060,20,12,8,0.6,1,0,0,7,snapshot_20150919T025947Z
1358147,70,35,35,0.5,1,0,0,53,snapshot_20150919T025947Z
1358558,7,7,0,1.0,1,0,0,5,snapshot_20150919T025947Z
1358585,3,3,0,1.0,1,0,0,1,snapshot_20150919T025947Z
1358883,4,4,0,1.0,1,0,0,1,snapshot_20150919T025947Z
1358911,3,3,0,1.0,1,0,0,1,snapshot_20150919T025947Z
1359060,4,0,4,0.0,0,0,1,2,snapshot_20150919T025947Z
1359248,5,5,0,1.0,1,0,0,2,snapshot_20150919T025947Z
1359452,28,11,17,0.39285714285714285,1,0,0,23,snapshot_20150919T025947Z
1359587,3,3,0,1.0,1,0,0,1,snapshot_20150919T025947Z
1359706,12,12,0,1.0,1,0,0,8,snapshot_20150919T025947Z
1360055,15,15,0,1.0,1,0,0,9,snapshot_20150919T025947Z
1360085,3,3,0,1.0,1,0,0,1,snapshot_20150919T025947Z
1360087,7,7,0,1.0,1,0,0,5,snapshot_20150919T025947Z
1360175,42,40,2,0.9523809523809523,1,0,0,29,snapshot_20150919T025947Z
1360314,13,13,0,1.0,1,0,0,8,snapshot_20150919T025947Z
1360837,5,5,0,1.0,1,0,0,3,snapshot_20150919T025947Z
1360994,6,6,0,1.0,1,0,0,4,snapshot_20150919T025947Z
1361213,3,3,0,1.0,1,0,0,1,snapshot_20150919T025947Z
1361256,12,11,1,0.9166666666666666,1,0,0,8,snapshot_20150919T025947Z
1361451,3,3,0,1.0,1,0,0,1,snapshot_20150919T025947Z
1361470,7,7,0,1.0,1,0,0,5,snapshot_20150919T025947Z
1361621,4,4,0,1.0,1,0,0,2,snapshot_20150919T025947Z
1361730,3,0,3,0.0,0,0,1,1,snapshot_20150919T025947Z
1361832,8,8,0,1.0,1,0,0,5,snapshot_20150919T025947Z
1361978,9,6,3,0.6666666666666666,1,0,0,7,snapshot_20150919T025947Z
1362019,23,22,1,0.9565217391304348,1,0,0,19,snapshot_20150919T025947Z
1362222,43,41,2,0.9534883720930233,1,0,0,32,snapshot_20150919T025947Z
1362265,25,14,11,0.56,1,0,0,24,snapshot_20150919T025947Z
1362292,5,5,0,1.0,1,0,0,3,snapshot_20150919T025947Z
1362384,4,4,0,1.0,1,0,0,2,snapshot_20150919T025947Z
1362413,21,20,1,0.9523809523809523,1,0,0,15,snapshot_20150919T025947Z
1362452,4,4,0,1.0,1,0,0,2,snapshot_20150919T025947Z
1362583,37,20,17,0.5405405405405406,1,0,0,35,snapshot_20150919T025947Z
1362665,9,8,1,0.8888888888888888,1,0,0,7,snapshot_20150919T025947Z
1362715,3,3,0,1.0,1,0,0,2,snapshot_20150919T025947Z
1362799,3,3,0,1.0,1,0,0,1,snapshot_20150919T025947Z
1362813,34,34,0,1.0,1,0,0,32,snapshot_20150919T025947Z
1363012,6,6,0,1.0,1,0,0,4,snapshot_20150919T025947Z
1363046,7,0,7,0.0,0,0,1,5,snapshot_20150919T025947Z
1363173,11,11,0,1.0,1,0,0,9,snapshot_20150919T025947Z
1363181,17,13,4,0.7647058823529411,1,0,0,15,snapshot_20150919T025947Z
1363232,5,5,0,1.0,1,0,0,4,snapshot_20150919T025947Z
1363344,13,9,4,0.6923076923076923,1,0,0,12,snapshot_20150919T025947Z
1363526,17,17,0,1.0,1,0,0,15,snapshot_20150919T025947Z
1363612,63,63,0,1.0,1,0,0,34,snapshot_20150919T025947Z
1363631,16,16,0,1.0,1,0,0,14,snapshot_20150919T025947Z
1363632,11,2,9,0.18181818181818182,1,0,0,9,snapshot_20150919T025947Z
1363671,5,5,0,1.0,1,0,0,3,snapshot_20150919T025947Z
1363767,4,4,0,1.0,1,0,0,2,snapshot_20150919T025947Z
1363788,2,2,0,1.0,1,1,0,0,snapshot_20150919T025947Z
1363955,9,9,0,1.0,1,0,0,6,snapshot_20150919T025947Z
1363994,2,2,0,1.0,1,1,0,0,snapshot_20150919T025947Z
1364037,17,17,0,1.0,1,0,0,13,snapshot_20150919T025947Z
1364057,5,0,5,0.0,0,0,1,3,snapshot_20150919T025947Z
1364130,3,3,0,1.0,1,0,0,1,snapshot_20150919T025947Z
1364157,6,6,0,1.0,1,0,0,3,snapshot_20150919T025947Z
1364162,78,51,27,0.6538461538461539,1,0,0,77,snapshot_20150919T025947Z
1364329,6,6,0,1.0,1,0,0,4,snapshot_20150919T025947Z
1364407,6,6,0,1.0,1,0,0,4,snapshot_20150919T025947Z
1364594,14,7,7,0.5,1,0,0,12,snapshot_20150919T025947Z
1364595,7,7,0,1.0,1,0,0,5,snapshot_20150919T025947Z
1364680,9,7,2,0.7777777777777778,1,0,0,7,snapshot_20150919T025947Z
1364781,3,3,0,1.0,1,0,0,1,snapshot_20150919T025947Z
1364905,3,3,0,1.0,1,0,0,1,snapshot_20150919T025947Z
1365156,6,6,0,1.0,1,0,0,5,snapshot_20150919T025947Z
1365340,18,18,0,1.0,1,0,0,12,snapshot_20150919T025947Z
1365382,27,27,0,1.0,1,0,0,25,snapshot_20150919T025947Z
1365514,6,6,0,1.0,1,0,0,4,snapshot_20150919T025947Z
1365602,4,1,3,0.25,1,0,0,2,snapshot_20150919T025947Z
1365610,3,3,0,1.0,1,0,0,1,snapshot_20150919T025947Z
1365673,5,0,5,0.0,0,0,1,2,snapshot_20150919T025947Z
1365706,83,75,8,0.9036144578313253,1,0,0,52,snapshot_20150919T025947Z
1365841,3,3,0,1.0,1,0,0,1,snapshot_20150919T025947Z
1365849,4,0,4,0.0,0,0,1,2,snapshot_20150919T025947Z
1365892,3,0,3,0.0,0,0,1,2,snapshot_20150919T025947Z
1365958,13,13,0,1.0,1,0,0,9,snapshot_20150919T025947Z
1366154,8,8,0,1.0,1,0,0,6,snapshot_20150919T025947Z
1366259,4,4,0,1.0,1,0,0,3,snapshot_20150919T025947Z
1366329,2,2,0,1.0,1,0,0,1,snapshot_20150919T025947Z
1366465,10,10,0,1.0,1,0,0,8,snapshot_20150919T025947Z
1366613,15,14,1,0.9333333333333333,1,0,0,13,snapshot_20150919T025947Z
1366764,42,38,4,0.9047619047619048,1,0,0,40,snapshot_20150919T025947Z
1366782,4,4,0,1.0,1,0,0,2,snapshot_20150919T025947Z
1366787,13,13,0,1.0,1,0,0,8,snapshot_20150919T025947Z
1366797,4,4,0,1.0,1,0,0,2,snapshot_20150919T025947Z
1367059,30,30,0,1.0,1,0,0,26,snapshot_20150919T025947Z
1367269,4,1,3,0.25,1,0,0,2,snapshot_20150919T025947Z
1367308,6,0,6,0.0,0,0,1,4,snapshot_20150919T025947Z
1367426,146,146,0,1.0,1,0,0,127,snapshot_20150919T025947Z
1367544,3,3,0,1.0,1,0,0,2,snapshot_20150919T025947Z
1367560,13,13,0,1.0,1,0,0,9,snapshot_20150919T025947Z
1367601,13,13,0,1.0,1,0,0,10,snapshot_20150919T025947Z
1367706,5,5,0,1.0,1,0,0,3,snapshot_20150919T025947Z
1368221,25,23,2,0.92,1,0,0,23,snapshot_20150919T025947Z
1368267,5,5,0,1.0,1,0,0,3,snapshot_20150919T025947Z
1368280,3,3,0,1.0,1,0,0,1,snapshot_20150919T025947Z
1368445,4,4,0,1.0,1,0,0,2,snapshot_20150919T025947Z
1368491,3,0,3,0.0,0,0,1,1,snapshot_20150919T025947Z
1368493,46,34,12,0.7391304347826086,1,0,0,29,snapshot_20150919T025947Z
1368494,4,0,4,0.0,0,0,1,2,snapshot_20150919T025947Z
1368582,2,2,0,1.0,1,0,0,1,snapshot_20150919T025947Z
1368638,10,10,0,1.0,1,0,0,8,snapshot_20150919T025947Z
1368652,4,4,0,1.0,1,0,0,2,snapshot_20150919T025947Z
1368659,3,3,0,1.0,1,0,0,1,snapshot_20150919T025947Z
1368742,6,6,0,1.0,1,0,0,4,snapshot_20150919T025947Z
1368789,14,14,0,1.0,1,0,0,12,snapshot_20150919T025947Z
1368868,2,2,0,1.0,1,1,0,0,snapshot_20150919T025947Z
1368970,29,29,0,1.0,1,0,0,22,snapshot_20150919T025947Z
1369100,4,4,0,1.0,1,0,0,3,snapshot_20150919T025947Z
1369176,4,4,0,1.0,1,0,0,2,snapshot_20150919T025947Z
1369324,9,9,0,1.0,1,0,0,6,snapshot_20150919T025947Z
1369328,223,223,0,1.0,1,0,0,221,snapshot_20150919T025947Z
1369848,11,11,0,1.0,1,0,0,7,snapshot_20150919T025947Z
1369885,10,10,0,1.0,1,0,0,7,snapshot_20150919T025947Z
1369915,57,57,0,1.0,1,0,0,52,snapshot_20150919T025947Z
1369956,14,10,4,0.7142857142857143,1,0,0,12,snapshot_20150919T025947Z
1370030,4,4,0,1.0,1,0,0,2,snapshot_20150919T025947Z
1370101,3,3,0,1.0,1,0,0,2,snapshot_20150919T025947Z
1370116,6,6,0,1.0,1,0,0,4,snapshot_20150919T025947Z
1370124,9,9,0,1.0,1,0,0,7,snapshot_20150919T025947Z
1370169,4,4,0,1.0,1,0,0,2,snapshot_20150919T025947Z
1370617,13,13,0,1.0,1,0,0,6,snapshot_20150919T025947Z
1370651,5,5,0,1.0,1,0,0,4,snapshot_20150919T025947Z
1370695,3,3,0,1.0,1,0,0,1,snapshot_20150919T025947Z
1371288,12,12,0,1.0,1,0,0,7,snapshot_20150919T025947Z
1371376,8,8,0,1.0,1,0,0,6,snapshot_20150919T025947Z
1371456,3,3,0,1.0,1,0,0,2,snapshot_20150919T025947Z
1371510,7,7,0,1.0,1,0,0,5,snapshot_20150919T025947Z
1371620,3,3,0,1.0,1,0,0,1,snapshot_20150919T025947Z
1371767,18,14,4,0.7777777777777778,1,0,0,12,snapshot_20150919T025947Z
1371841,11,0,11,0.0,0,0,1,8,snapshot_20150919T025947Z
1372125,4,4,0,1.0,1,0,0,2,snapshot_20150919T025947Z
1372317,56,45,11,0.8035714285714286,1,0,0,27,snapshot_20150919T025947Z
1372364,26,26,0,1.0,1,0,0,15,snapshot_20150919T025947Z
1372585,7,7,0,1.0,1,0,0,6,snapshot_20150919T025947Z
1372660,6,6,0,1.0,1,0,0,4,snapshot_20150919T025947Z
1372681,3,3,0,1.0,1,0,0,1,snapshot_20150919T025947Z
1372912,2,2,0,1.0,1,0,0,1,snapshot_20150919T025947Z
1373034,6,6,0,1.0,1,0,0,4,snapshot_20150919T025947Z
1373037,19,16,3,0.8421052631578947,1,0,0,15,snapshot_20150919T025947Z
1373123,5,5,0,1.0,1,0,0,2,snapshot_20150919T025947Z
1373164,8,6,2,0.75,1,0,0,7,snapshot_20150919T025947Z
1373207,10,10,0,1.0,1,0,0,7,snapshot_20150919T025947Z
1373373,3,3,0,1.0,1,0,0,1,snapshot_20150919T025947Z
1373543,4,0,4,0.0,0,0,1,2,snapshot_20150919T025947Z
1373738,20,11,9,0.55,1,0,0,18,snapshot_20150919T025947Z
1373942,10,10,0,1.0,1,0,0,8,snapshot_20150919T025947Z
1374146,11,11,0,1.0,1,0,0,8,snapshot_20150919T025947Z
1374215,2,2,0,1.0,1,0,0,1,snapshot_20150919T025947Z
1374225,35,33,2,0.9428571428571428,1,0,0,33,snapshot_20150919T025947Z
1374423,6,1,5,0.16666666666666666,1,0,0,3,snapshot_20150919T025947Z
1374501,7,2,5,0.2857142857142857,1,0,0,5,snapshot_20150919T025947Z
1374597,45,44,1,0.9777777777777777,1,0,0,33,snapshot_20150919T025947Z
1374616,38,38,0,1.0,1,0,0,36,snapshot_20150919T025947Z
1374631,8,8,0,1.0,1,0,0,6,snapshot_20150919T025947Z
1374804,3,3,0,1.0,1,0,0,1,snapshot_20150919T025947Z
1374839,7,7,0,1.0,1,0,0,4,snapshot_20150919T025947Z
1375060,5,5,0,1.0,1,0,0,3,snapshot_20150919T025947Z
1375137,3,3,0,1.0,1,0,0,1,snapshot_20150919T025947Z
1375192,8,8,0,1.0,1,0,0,4,snapshot_20150919T025947Z
1375328,15,15,0,1.0,1,0,0,11,snapshot_20150919T025947Z
1375515,40,32,8,0.8,1,0,0,32,snapshot_20150919T025947Z
1375602,16,16,0,1.0,1,0,0,8,snapshot_20150919T025947Z
1375611,5,4,1,0.8,1,0,0,3,snapshot_20150919T025947Z
1375685,14,14,0,1.0,1,0,0,2,snapshot_20150919T025947Z
1376241,5,5,0,1.0,1,0,0,2,snapshot_20150919T025947Z
1376254,19,19,0,1.0,1,0,0,17,snapshot_20150919T025947Z
1376500,7,7,0,1.0,1,0,0,3,snapshot_20150919T025947Z
1376605,3,3,0,1.0,1,0,0,1,snapshot_20150919T025947Z
1376659,20,9,11,0.45,1,0,0,12,snapshot_20150919T025947Z
1376736,13,13,0,1.0,1,0,0,10,snapshot_20150919T025947Z
1376763,400,389,11,0.9725,1,0,0,381,snapshot_20150919T025947Z
1376817,4,4,0,1.0,1,0,0,2,snapshot_20150919T025947Z
1376921,4,4,0,1.0,1,0,0,2,snapshot_20150919T025947Z
1377052,4,4,0,1.0,1,0,0,2,snapshot_20150919T025947Z
1377165,7,7,0,1.0,1,0,0,5,snapshot_20150919T025947Z
1377259,10,10,0,1.0,1,0,0,4,snapshot_20150919T025947Z
1377272,7,0,7,0.0,0,0,1,5,snapshot_20150919T025947Z
1377311,3,3,0,1.0,1,0,0,1,snapshot_20150919T025947Z
1377363,4,4,0,1.0,1,0,0,2,snapshot_20150919T025947Z
1377460,34,22,12,0.6470588235294118,1,0,0,30,snapshot_20150919T025947Z
1377562,12,12,0,1.0,1,0,0,9,snapshot_20150919T025947Z
1377712,7,5,2,0.7142857142857143,1,0,0,5,snapshot_20150919T025947Z
1377734,5,5,0,1.0,1,0,0,3,snapshot_20150919T025947Z
1378003,18,18,0,1.0,1,0,0,15,snapshot_20150919T025947Z
1378019,19,19,0,1.0,1,0,0,16,snapshot_20150919T025947Z
1378125,16,7,9,0.4375,1,0,0,14,snapshot_20150919T025947Z
1378271,6,5,1,0.8333333333333334,1,0,0,4,snapshot_20150919T025947Z
1378332,20,19,1,0.95,1,0,0,16,snapshot_20150919T025947Z
1378430,16,12,4,0.75,1,0,0,12,snapshot_20150919T025947Z
1378683,7,1,6,0.14285714285714285,1,0,0,5,snapshot_20150919T025947Z
1378697,74,73,1,0.9864864864864865,1,0,0,59,snapshot_20150919T025947Z
1378732,18,18,0,1.0,1,0,0,17,snapshot_20150919T025947Z
1378931,3,3,0,1.0,1,0,0,1,snapshot_20150919T025947Z
1379149,4,0,4,0.0,0,0,1,2,snapshot_20150919T025947Z
1379241,3,3,0,1.0,1,0,0,1,snapshot_20150919T025947Z
1379280,3,3,0,1.0,1,0,0,1,snapshot_20150919T025947Z
1379343,7,7,0,1.0,1,0,0,5,snapshot_20150919T025947Z
1379377,3,3,0,1.0,1,0,0,1,snapshot_20150919T025947Z
1379388,51,12,39,0.23529411764705882,1,0,0,44,snapshot_20150919T025947Z
1379419,55,51,4,0.9272727272727272,1,0,0,53,snapshot_20150919T025947Z
1379868,3,3,0,1.0,1,0,0,1,snapshot_20150919T025947Z
1379952,3,0,3,0.0,0,0,1,1,snapshot_20150919T025947Z
1380106,5,5,0,1.0,1,0,0,3,snapshot_20150919T025947Z
1380233,3,3,0,1.0,1,0,0,1,snapshot_20150919T025947Z
1380247,85,81,4,0.9529411764705882,1,0,0,82,snapshot_20150919T025947Z
1380494,26,17,9,0.6538461538461539,1,0,0,22,snapshot_20150919T025947Z
1380534,18,18,0,1.0,1,0,0,15,snapshot_20150919T025947Z
1380565,12,11,1,0.9166666666666666,1,0,0,10,snapshot_20150919T025947Z
1380599,6,0,6,0.0,0,0,1,4,snapshot_20150919T025947Z
1380711,11,3,8,0.2727272727272727,1,0,0,8,snapshot_20150919T025947Z
1380719,9,9,0,1.0,1,0,0,6,snapshot_20150919T025947Z
1380773,8,6,2,0.75,1,0,0,6,snapshot_20150919T025947Z
1380845,12,1,11,0.08333333333333333,1,0,0,8,snapshot_20150919T025947Z
1381119,3,3,0,1.0,1,0,0,1,snapshot_20150919T025947Z
1381267,4,4,0,1.0,1,0,0,2,snapshot_20150919T025947Z
1381286,19,18,1,0.9473684210526315,1,0,0,17,snapshot_20150919T025947Z
1381398,9,2,7,0.2222222222222222,1,0,0,6,snapshot_20150919T025947Z
1381498,4,4,0,1.0,1,0,0,2,snapshot_20150919T025947Z
1381558,7,7,0,1.0,1,0,0,4,snapshot_20150919T025947Z
1381613,6,6,0,1.0,1,0,0,4,snapshot_20150919T025947Z
1381652,15,0,15,0.0,0,0,1,13,snapshot_20150919T025947Z
1381830,229,152,77,0.6637554585152838,1,0,0,221,snapshot_20150919T025947Z
1382092,16,16,0,1.0,1,0,0,13,snapshot_20150919T025947Z
1382282,7,7,0,1.0,1,0,0,4,snapshot_20150919T025947Z
1382441,4,4,0,1.0,1,0,0,1,snapshot_20150919T025947Z
1382658,3,0,3,0.0,0,0,1,1,snapshot_20150919T025947Z
1382772,3,3,0,1.0,1,0,0,1,snapshot_20150919T025947Z
1382778,9,9,0,1.0,1,0,0,3,snapshot_20150919T025947Z
1382817,7,0,7,0.0,0,0,1,5,snapshot_20150919T025947Z
1383053,11,11,0,1.0,1,0,0,7,snapshot_20150919T025947Z
1383142,4,4,0,1.0,1,0,0,2,snapshot_20150919T025947Z
1383306,3,3,0,1.0,1,0,0,1,snapshot_20150919T025947Z
1383402,3,3,0,1.0,1,0,0,1,snapshot_20150919T025947Z
1383726,5,5,0,1.0,1,0,0,3,snapshot_20150919T025947Z
1383834,3,3,0,1.0,1,0,0,1,snapshot_20150919T025947Z
1383839,19,15,4,0.7894736842105263,1,0,0,17,snapshot_20150919T025947Z
1384144,4,4,0,1.0,1,0,0,2,snapshot_20150919T025947Z
1384234,5,5,0,1.0,1,0,0,3,snapshot_20150919T025947Z
1384315,7,6,1,0.8571428571428571,1,0,0,5,snapshot_20150919T025947Z
1384368,6,5,1,0.8333333333333334,1,0,0,4,snapshot_20150919T025947Z
1384383,4,4,0,1.0,1,0,0,2,snapshot_20150919T025947Z
1384404,5,5,0,1.0,1,0,0,3,snapshot_20150919T025947Z
1384460,5,5,0,1.0,1,0,0,4,snapshot_20150919T025947Z
1384487,2,2,0,1.0,1,0,0,1,snapshot_20150919T025947Z
1384613,3,0,3,0.0,0,0,1,1,snapshot_20150919T025947Z
1384769,3,3,0,1.0,1,0,0,1,snapshot_20150919T025947Z
1384789,11,11,0,1.0,1,0,0,8,snapshot_20150919T025947Z
1384800,33,28,5,0.8484848484848485,1,0,0,30,snapshot_20150919T025947Z
1384833,4,4,0,1.0,1,0,0,2,snapshot_20150919T025947Z
1384843,2,2,0,1.0,1,0,0,1,snapshot_20150919T025947Z
1385029,77,77,0,1.0,1,0,0,67,snapshot_20150919T025947Z
1385042,3,3,0,1.0,1,0,0,1,snapshot_20150919T025947Z
1385073,554,499,55,0.9007220216606499,1,0,0,339,snapshot_20150919T025947Z
1385109,46,34,12,0.7391304347826086,1,0,0,26,snapshot_20150919T025947Z
1385333,3,3,0,1.0,1,0,0,1,snapshot_20150919T025947Z
1385559,4,0,4,0.0,0,0,1,2,snapshot_20150919T025947Z
1385821,2,2,0,1.0,1,1,0,0,snapshot_20150919T025947Z
1385863,10,10,0,1.0,1,0,0,8,snapshot_20150919T025947Z
1385870,42,42,0,1.0,1,0,0,39,snapshot_20150919T025947Z
1385901,2,2,0,1.0,1,0,0,1,snapshot_20150919T025947Z
1386260,4,0,4,0.0,0,0,1,2,snapshot_20150919T025947Z
1386264,3,3,0,1.0,1,0,0,1,snapshot_20150919T025947Z
1386311,12,12,0,1.0,1,0,0,10,snapshot_20150919T025947Z
1386710,2,2,0,1.0,1,1,0,0,snapshot_20150919T025947Z
1386991,7,2,5,0.2857142857142857,1,0,0,5,snapshot_20150919T025947Z
1387042,9,9,0,1.0,1,0,0,7,snapshot_20150919T025947Z
1387237,23,0,23,0.0,0,0,1,19,snapshot_20150919T025947Z
1387427,6,0,6,0.0,0,0,1,4,snapshot_20150919T025947Z
1387562,9,9,0,1.0,1,0,0,7,snapshot_20150919T025947Z
1387584,3,0,3,0.0,0,0,1,1,snapshot_20150919T025947Z
1387650,53,48,5,0.9056603773584906,1,0,0,41,snapshot_20150919T025947Z
1387689,9,9,0,1.0,1,0,0,7,snapshot_20150919T025947Z
1387958,29,29,0,1.0,1,0,0,26,snapshot_20150919T025947Z
1388288,26,6,20,0.23076923076923078,1,0,0,24,snapshot_20150919T025947Z
1388417,11,5,6,0.45454545454545453,1,0,0,7,snapshot_20150919T025947Z
1388473,13,13,0,1.0,1,0,0,10,snapshot_20150919T025947Z
1388563,6,0,6,0.0,0,0,1,4,snapshot_20150919T025947Z
1388913,3,3,0,1.0,1,0,0,1,snapshot_20150919T025947Z
1388970,21,21,0,1.0,1,0,0,18,snapshot_20150919T025947Z
1389049,4,4,0,1.0,1,0,0,2,snapshot_20150919T025947Z
1389108,8,3,5,0.375,1,0,0,5,snapshot_20150919T025947Z
1389243,4,4,0,1.0,1,0,0,3,snapshot_20150919T025947Z
1389639,11,11,0,1.0,1,0,0,9,snapshot_20150919T025947Z
1389672,8,8,0,1.0,1,0,0,5,snapshot_20150919T025947Z
1389709,7,7,0,1.0,1,0,0,2,snapshot_20150919T025947Z
1390171,2,2,0,1.0,1,0,0,1,snapshot_20150919T025947Z
1390178,3,3,0,1.0,1,0,0,1,snapshot_20150919T025947Z
1390313,13,13,0,1.0,1,0,0,11,snapshot_20150919T025947Z
1390335,25,3,22,0.12,1,0,0,23,snapshot_20150919T025947Z
1390675,18,18,0,1.0,1,0,0,10,snapshot_20150919T025947Z
1390702,4,0,4,0.0,0,0,1,2,snapshot_20150919T025947Z
1390722,6,6,0,1.0,1,0,0,4,snapshot_20150919T025947Z
1390774,8,4,4,0.5,1,0,0,4,snapshot_20150919T025947Z
1390784,35,21,14,0.6,1,0,0,33,snapshot_20150919T025947Z
1390828,7,7,0,1.0,1,0,0,5,snapshot_20150919T025947Z
1390842,5,5,0,1.0,1,0,0,3,snapshot_20150919T025947Z
1391065,15,4,11,0.26666666666666666,1,0,0,9,snapshot_20150919T025947Z
1391079,3,3,0,1.0,1,0,0,1,snapshot_20150919T025947Z
1391212,3,0,3,0.0,0,0,1,1,snapshot_20150919T025947Z
1391499,11,11,0,1.0,1,0,0,6,snapshot_20150919T025947Z
1391644,4,0,4,0.0,0,0,1,2,snapshot_20150919T025947Z
1391732,9,9,0,1.0,1,0,0,7,snapshot_20150919T025947Z
1392423,15,15,0,1.0,1,0,0,9,snapshot_20150919T025947Z
1392946,78,47,31,0.6025641025641025,1,0,0,70,snapshot_20150919T025947Z
1393113,5,4,1,0.8,1,0,0,3,snapshot_20150919T025947Z
1393377,17,16,1,0.9411764705882353,1,0,0,14,snapshot_20150919T025947Z
1393752,7,7,0,1.0,1,0,0,4,snapshot_20150919T025947Z
1393980,7,0,7,0.0,0,0,1,3,snapshot_20150919T025947Z
1393998,21,5,16,0.23809523809523808,1,0,0,16,snapshot_20150919T025947Z
1394186,4,4,0,1.0,1,0,0,2,snapshot_20150919T025947Z
1394236,14,14,0,1.0,1,0,0,12,snapshot_20150919T025947Z
1394271,6,6,0,1.0,1,0,0,2,snapshot_20150919T025947Z
1394717,5,5,0,1.0,1,0,0,2,snapshot_20150919T025947Z
1394933,6,6,0,1.0,1,0,0,4,snapshot_20150919T025947Z
1394982,3,3,0,1.0,1,0,0,1,snapshot_20150919T025947Z
1395025,9,6,3,0.6666666666666666,1,0,0,7,snapshot_20150919T025947Z
1395578,11,11,0,1.0,1,0,0,9,snapshot_20150919T025947Z
1395724,8,8,0,1.0,1,0,0,6,snapshot_20150919T025947Z
1395774,6,6,0,1.0,1,0,0,2,snapshot_20150919T025947Z
1396078,4,4,0,1.0,1,0,0,3,snapshot_20150919T025947Z
1396084,6,6,0,1.0,1,0,0,4,snapshot_20150919T025947Z
1396109,28,28,0,1.0,1,0,0,26,snapshot_20150919T025947Z
1396162,4,3,1,0.75,1,0,0,2,snapshot_20150919T025947Z
1396286,24,24,0,1.0,1,0,0,21,snapshot_20150919T025947Z
1396315,3,3,0,1.0,1,0,0,1,snapshot_20150919T025947Z
1396374,7,7,0,1.0,1,0,0,5,snapshot_20150919T025947Z
1396399,7,0,7,0.0,0,0,1,4,snapshot_20150919T025947Z
1396541,2,2,0,1.0,1,0,0,1,snapshot_20150919T025947Z
1396583,7,7,0,1.0,1,0,0,5,snapshot_20150919T025947Z
1396823,5,4,1,0.8,1,0,0,3,snapshot_20150919T025947Z
1396871,2,2,0,1.0,1,0,0,1,snapshot_20150919T025947Z
1396960,2,2,0,1.0,1,0,0,1,snapshot_20150919T025947Z
1397020,2,2,0,1.0,1,0,0,1,snapshot_20150919T025947Z
1397089,6,6,0,1.0,1,0,0,4,snapshot_20150919T025947Z
1397094,9,9,0,1.0,1,0,0,5,snapshot_20150919T025947Z
1397098,2,2,0,1.0,1,0,0,1,snapshot_20150919T025947Z
1397172,32,13,19,0.40625,1,0,0,27,snapshot_20150919T025947Z
1397340,9,9,0,1.0,1,0,0,5,snapshot_20150919T025947Z
1397522,5,5,0,1.0,1,0,0,3,snapshot_20150919T025947Z
1397591,3,3,0,1.0,1,0,0,1,snapshot_20150919T025947Z
1397653,14,14,0,1.0,1,0,0,12,snapshot_20150919T025947Z
1397742,10,10,0,1.0,1,0,0,8,snapshot_20150919T025947Z
1398260,5,5,0,1.0,1,0,0,3,snapshot_20150919T025947Z
1398476,13,13,0,1.0,1,0,0,9,snapshot_20150919T025947Z
1398505,15,4,11,0.26666666666666666,1,0,0,11,snapshot_20150919T025947Z
1398624,5,5,0,1.0,1,0,0,3,snapshot_20150919T025947Z
1398721,14,14,0,1.0,1,0,0,12,snapshot_20150919T025947Z
1398725,5,5,0,1.0,1,0,0,3,snapshot_20150919T025947Z
1398811,77,62,15,0.8051948051948052,1,0,0,72,snapshot_20150919T025947Z
1398970,5,5,0,1.0,1,0,0,3,snapshot_20150919T025947Z
1398978,25,23,2,0.92,1,0,0,3,snapshot_20150919T025947Z
1399144,9,9,0,1.0,1,0,0,6,snapshot_20150919T025947Z
1399260,15,15,0,1.0,1,0,0,14,snapshot_20150919T025947Z
1399343,5,5,0,1.0,1,0,0,3,snapshot_20150919T025947Z
1399374,3,3,0,1.0,1,0,0,1,snapshot_20150919T025947Z
1399500,30,30,0,1.0,1,0,0,28,snapshot_20150919T025947Z
1399705,3,3,0,1.0,1,0,0,1,snapshot_20150919T025947Z
1399960,2,2,0,1.0,1,0,0,1,snapshot_20150919T025947Z
1399991,3,0,3,0.0,0,0,1,1,snapshot_20150919T025947Z
1400110,25,25,0,1.0,1,0,0,24,snapshot_20150919T025947Z
1400296,9,3,6,0.3333333333333333,1,0,0,3,snapshot_20150919T025947Z
1400416,3,3,0,1.0,1,0,0,1,snapshot_20150919T025947Z
1400758,8,2,6,0.25,1,0,0,6,snapshot_20150919T025947Z
1400958,6,2,4,0.3333333333333333,1,0,0,2,snapshot_20150919T025947Z
1401260,3,3,0,1.0,1,0,0,1,snapshot_20150919T025947Z
1401333,7,7,0,1.0,1,0,0,3,snapshot_20150919T025947Z
1401744,11,11,0,1.0,1,0,0,8,snapshot_20150919T025947Z
1402116,8,8,0,1.0,1,0,0,7,snapshot_20150919T025947Z
1402220,14,10,4,0.7142857142857143,1,0,0,8,snapshot_20150919T025947Z
1402363,2,2,0,1.0,1,1,0,0,snapshot_20150919T025947Z
1402575,4,0,4,0.0,0,0,1,2,snapshot_20150919T025947Z
1402829,6,6,0,1.0,1,0,0,4,snapshot_20150919T025947Z
1402860,3,3,0,1.0,1,0,0,1,snapshot_20150919T025947Z
1402869,2,0,2,0.0,0,0,1,1,snapshot_20150919T025947Z
1402877,3,3,0,1.0,1,0,0,2,snapshot_20150919T025947Z
1402890,2,0,2,0.0,0,0,1,1,snapshot_20150919T025947Z
1402979,6,0,6,0.0,0,0,1,3,snapshot_20150919T025947Z
1403350,4,4,0,1.0,1,0,0,2,snapshot_20150919T025947Z
1403465,5,5,0,1.0,1,0,0,3,snapshot_20150919T025947Z
1403649,5,0,5,0.0,0,0,1,3,snapshot_20150919T025947Z
1403769,469,283,186,0.603411513859275,1,0,0,444,snapshot_20150919T025947Z
1403935,5,5,0,1.0,1,0,0,3,snapshot_20150919T025947Z
1404061,5,5,0,1.0,1,0,0,4,snapshot_20150919T025947Z
1404086,5,5,0,1.0,1,0,0,3,snapshot_20150919T025947Z
1404130,16,16,0,1.0,1,0,0,14,snapshot_20150919T025947Z
1404233,10,10,0,1.0,1,0,0,8,snapshot_20150919T025947Z
1404265,25,21,4,0.84,1,0,0,17,snapshot_20150919T025947Z
1404286,5,5,0,1.0,1,0,0,3,snapshot_20150919T025947Z
1404797,6,6,0,1.0,1,0,0,4,snapshot_20150919T025947Z
1404894,4,4,0,1.0,1,0,0,2,snapshot_20150919T025947Z
1404991,9,9,0,1.0,1,0,0,3,snapshot_20150919T025947Z
1405688,3,0,3,0.0,0,0,1,1,snapshot_20150919T025947Z
1405714,21,9,12,0.42857142857142855,1,0,0,19,snapshot_20150919T025947Z
1405831,4,4,0,1.0,1,0,0,2,snapshot_20150919T025947Z
1405861,11,10,1,0.9090909090909091,1,0,0,8,snapshot_20150919T025947Z
1405929,13,13,0,1.0,1,0,0,11,snapshot_20150919T025947Z
1406087,15,8,7,0.5333333333333333,1,0,0,7,snapshot_20150919T025947Z
1406564,3,3,0,1.0,1,0,0,1,snapshot_20150919T025947Z
1406708,24,24,0,1.0,1,0,0,20,snapshot_20150919T025947Z
1406787,21,21,0,1.0,1,0,0,20,snapshot_20150919T025947Z
1406981,6,4,2,0.6666666666666666,1,0,0,4,snapshot_20150919T025947Z
1407070,5,2,3,0.4,1,0,0,1,snapshot_20150919T025947Z
1407110,9,9,0,1.0,1,0,0,7,snapshot_20150919T025947Z
1407398,2,2,0,1.0,1,1,0,0,snapshot_20150919T025947Z
