visitorid,purchase_recency_days,purchase_occasion_count,purchase_event_count,snapshot_id
172,35.06303358796296,1,2,snapshot_20150919T025947Z
186,37.433920694444446,1,1,snapshot_20150919T025947Z
264,11.392385185185185,1,2,snapshot_20150919T025947Z
419,51.914295057870376,1,1,snapshot_20150919T025947Z
539,94.88899438657408,1,1,snapshot_20150919T025947Z
627,29.257765000000003,1,1,snapshot_20150919T025947Z
795,39.20671229166666,1,1,snapshot_20150919T025947Z
914,32.089582835648145,1,1,snapshot_20150919T025947Z
964,66.30230600694445,1,1,snapshot_20150919T025947Z
1032,84.31316119212963,1,1,snapshot_20150919T025947Z
1636,134.04073378472222,1,1,snapshot_20150919T025947Z
1765,89.02790363425926,1,1,snapshot_20150919T025947Z
2019,107.21153730324075,1,2,snapshot_20150919T025947Z
2133,123.16357480324073,1,1,snapshot_20150919T025947Z
2216,73.2998065162037,1,1,snapshot_20150919T025947Z
2242,95.96980952546296,1,1,snapshot_20150919T025947Z
2468,137.01978483796296,1,1,snapshot_20150919T025947Z
2519,3.828805185185185,1,1,snapshot_20150919T025947Z
2598,68.26624542824075,1,1,snapshot_20150919T025947Z
2646,52.99820231481481,1,1,snapshot_20150919T025947Z
2807,6.4555059027777775,1,1,snapshot_20150919T025947Z
3048,8.176217523148148,1,1,snapshot_20150919T025947Z
3104,119.87957196759258,1,2,snapshot_20150919T025947Z
3171,39.162794606481484,1,1,snapshot_20150919T025947Z
3174,29.46730561342593,1,1,snapshot_20150919T025947Z
3251,57.40338540509259,1,1,snapshot_20150919T025947Z
3258,88.33001693287038,1,2,snapshot_20150919T025947Z
3404,50.031480474537034,1,1,snapshot_20150919T025947Z
3465,95.05698020833333,1,3,snapshot_20150919T025947Z
3581,6.4637030555555555,1,1,snapshot_20150919T025947Z
3847,100.00184427083335,1,1,snapshot_20150919T025947Z
3896,80.29263726851852,1,1,snapshot_20150919T025947Z
3926,94.09661351851851,2,3,snapshot_20150919T025947Z
3936,26.012758078703705,1,1,snapshot_20150919T025947Z
4061,125.29517241898148,1,1,snapshot_20150919T025947Z
4101,121.10234385416666,1,4,snapshot_20150919T025947Z
4113,63.41090155092593,1,1,snapshot_20150919T025947Z
4115,83.31054793981481,1,1,snapshot_20150919T025947Z
4241,99.37974685185186,1,1,snapshot_20150919T025947Z
4368,47.384652071759255,1,1,snapshot_20150919T025947Z
4537,12.06498582175926,2,2,snapshot_20150919T025947Z
4606,123.36371958333332,1,2,snapshot_20150919T025947Z
4694,94.9132363425926,1,2,snapshot_20150919T025947Z
4899,128.52469042824075,1,1,snapshot_20150919T025947Z
5042,68.40232894675925,3,3,snapshot_20150919T025947Z
5061,46.25626087962963,1,1,snapshot_20150919T025947Z
5117,101.88127649305557,1,1,snapshot_20150919T025947Z
5207,3.054299594907407,1,1,snapshot_20150919T025947Z
5423,41.156184155092596,1,1,snapshot_20150919T025947Z
5703,53.24759454861111,1,2,snapshot_20150919T025947Z
5939,9.909918773148148,1,1,snapshot_20150919T025947Z
6029,137.3615220486111,1,1,snapshot_20150919T025947Z
6190,132.42570091435186,1,1,snapshot_20150919T025947Z
6265,59.75427105324074,1,1,snapshot_20150919T025947Z
6390,41.49180096064815,1,1,snapshot_20150919T025947Z
6431,53.404879189814814,1,1,snapshot_20150919T025947Z
6468,42.36345561342593,1,4,snapshot_20150919T025947Z
6618,27.258718460648147,1,1,snapshot_20150919T025947Z
6699,134.00064597222223,4,4,snapshot_20150919T025947Z
6750,4.953994328703703,1,1,snapshot_20150919T025947Z
6855,52.346653125,1,1,snapshot_20150919T025947Z
6911,30.324339710648147,1,1,snapshot_20150919T025947Z
6952,9.401867638888888,1,3,snapshot_20150919T025947Z
6955,71.86049181712963,1,1,snapshot_20150919T025947Z
6958,71.07001699074074,1,4,snapshot_20150919T025947Z
7016,94.11360680555555,1,2,snapshot_20150919T025947Z
7244,78.30468505787037,1,1,snapshot_20150919T025947Z
7330,121.30299471064815,1,1,snapshot_20150919T025947Z
7633,1.995526446759259,1,1,snapshot_20150919T025947Z
7773,15.057966157407408,1,1,snapshot_20150919T025947Z
7969,114.1315627662037,1,1,snapshot_20150919T025947Z
8043,29.23602773148148,2,2,snapshot_20150919T025947Z
8083,2.435520162037037,1,1,snapshot_20150919T025947Z
8314,137.3209758912037,1,1,snapshot_20150919T025947Z
8411,7.133912523148148,2,2,snapshot_20150919T025947Z
8516,95.2558510763889,1,1,snapshot_20150919T025947Z
8670,30.458550844907407,1,1,snapshot_20150919T025947Z
8731,93.24851736111111,2,2,snapshot_20150919T025947Z
8876,135.14097515046296,1,1,snapshot_20150919T025947Z
8914,129.40669053240742,1,1,snapshot_20150919T025947Z
9079,31.01936681712963,1,2,snapshot_20150919T025947Z
9099,88.80499534722223,1,1,snapshot_20150919T025947Z
9145,8.386096990740741,2,3,snapshot_20150919T025947Z
9155,23.844014965277776,1,1,snapshot_20150919T025947Z
9235,69.83044398148148,1,1,snapshot_20150919T025947Z
9498,6.141966782407408,1,1,snapshot_20150919T025947Z
9519,52.94081267361111,1,1,snapshot_20150919T025947Z
10023,55.87679697916666,1,2,snapshot_20150919T025947Z
10248,67.92042166666667,1,1,snapshot_20150919T025947Z
10443,123.23174090277779,1,1,snapshot_20150919T025947Z
10539,120.02431704861112,1,1,snapshot_20150919T025947Z
10560,136.83937732638887,1,1,snapshot_20150919T025947Z
10685,42.15432960648148,1,1,snapshot_20150919T025947Z
11172,2.2607185185185186,1,1,snapshot_20150919T025947Z
11209,37.18752755787037,1,4,snapshot_20150919T025947Z
11248,115.35988498842592,3,3,snapshot_20150919T025947Z
11287,73.13048616898148,1,1,snapshot_20150919T025947Z
11333,77.08320733796296,2,2,snapshot_20150919T025947Z
11438,3.2368834375,1,1,snapshot_20150919T025947Z
11462,71.97361804398149,1,1,snapshot_20150919T025947Z
11508,91.37355942129629,1,1,snapshot_20150919T025947Z
12046,118.45012802083335,1,1,snapshot_20150919T025947Z
12067,28.89355357638889,1,1,snapshot_20150919T025947Z
12134,2.9981333680555555,1,1,snapshot_20150919T025947Z
12148,108.46649033564816,1,3,snapshot_20150919T025947Z
12295,91.24347554398148,1,1,snapshot_20150919T025947Z
12356,50.932777928240746,1,1,snapshot_20150919T025947Z
12506,60.4026825462963,2,2,snapshot_20150919T025947Z
12579,134.45944421296298,1,2,snapshot_20150919T025947Z
13151,88.1087447337963,1,3,snapshot_20150919T025947Z
13240,25.55692277777778,1,1,snapshot_20150919T025947Z
13455,83.08501222222222,2,3,snapshot_20150919T025947Z
13764,111.15436376157406,1,1,snapshot_20150919T025947Z
13833,27.10786325231481,2,3,snapshot_20150919T025947Z
14618,59.34452722222222,1,1,snapshot_20150919T025947Z
14796,28.339931284722223,1,1,snapshot_20150919T025947Z
14885,72.12023084490741,1,1,snapshot_20150919T025947Z
14903,31.394585914351854,1,1,snapshot_20150919T025947Z
15218,65.35400076388889,1,1,snapshot_20150919T025947Z
15299,125.08444994212962,1,1,snapshot_20150919T025947Z
15318,53.250950312499995,1,1,snapshot_20150919T025947Z
15653,113.22761430555556,2,2,snapshot_20150919T025947Z
15852,44.78607976851852,1,1,snapshot_20150919T025947Z
16158,102.98439635416668,1,1,snapshot_20150919T025947Z
16357,121.99437138888888,1,1,snapshot_20150919T025947Z
16655,66.40121342592593,1,2,snapshot_20150919T025947Z
16766,55.32907141203703,1,1,snapshot_20150919T025947Z
16945,90.23654855324074,1,1,snapshot_20150919T025947Z
16975,84.51241793981481,1,1,snapshot_20150919T025947Z
17028,44.393248310185186,1,1,snapshot_20150919T025947Z
17067,66.45626395833334,1,1,snapshot_20150919T025947Z
17476,52.5137822337963,1,7,snapshot_20150919T025947Z
17569,127.22265760416667,1,1,snapshot_20150919T025947Z
17591,81.16956443287036,1,2,snapshot_20150919T025947Z
17629,19.978539189814814,2,2,snapshot_20150919T025947Z
17676,28.3524274537037,39,42,snapshot_20150919T025947Z
17746,115.46231,1,1,snapshot_20150919T025947Z
17800,116.1827206712963,1,1,snapshot_20150919T025947Z
17857,42.973735671296296,1,1,snapshot_20150919T025947Z
17970,7.195777511574074,1,1,snapshot_20150919T025947Z
18024,16.277100891203702,1,1,snapshot_20150919T025947Z
18029,135.20971818287038,1,1,snapshot_20150919T025947Z
18032,127.33823952546295,1,1,snapshot_20150919T025947Z
18060,128.44923123842594,1,1,snapshot_20150919T025947Z
18195,134.0667858101852,1,1,snapshot_20150919T025947Z
18197,75.25161616898149,1,1,snapshot_20150919T025947Z
18424,37.934625995370375,1,2,snapshot_20150919T025947Z
18573,47.111272766203705,1,3,snapshot_20150919T025947Z
18688,74.41902898148149,1,1,snapshot_20150919T025947Z
19052,11.074979282407407,1,1,snapshot_20150919T025947Z
19206,42.95448864583334,1,1,snapshot_20150919T025947Z
19268,33.064273391203706,1,1,snapshot_20150919T025947Z
19500,62.246693136574066,1,1,snapshot_20150919T025947Z
19506,22.28545869212963,1,1,snapshot_20150919T025947Z
19512,31.923025624999998,1,1,snapshot_20150919T025947Z
19832,72.64979675925926,1,1,snapshot_20150919T025947Z
19967,95.3126482175926,1,1,snapshot_20150919T025947Z
20099,125.52945299768518,1,1,snapshot_20150919T025947Z
20167,70.01000903935186,1,1,snapshot_20150919T025947Z
20389,79.27648952546296,1,1,snapshot_20150919T025947Z
20815,25.917369756944446,1,1,snapshot_20150919T025947Z
20984,18.256533368055557,1,1,snapshot_20150919T025947Z
21048,105.02759356481482,1,1,snapshot_20150919T025947Z
21070,73.26142497685186,1,1,snapshot_20150919T025947Z
21079,85.34036055555555,1,1,snapshot_20150919T025947Z
21302,108.31462211805555,1,1,snapshot_20150919T025947Z
21574,25.69895916666667,1,1,snapshot_20150919T025947Z
21610,119.65853912037036,1,3,snapshot_20150919T025947Z
21712,83.22484375,1,6,snapshot_20150919T025947Z
21976,95.280216875,1,1,snapshot_20150919T025947Z
22079,10.096826122685185,1,1,snapshot_20150919T025947Z
22090,109.16601737268519,1,1,snapshot_20150919T025947Z
22276,96.81219423611111,1,1,snapshot_20150919T025947Z
22596,108.2026613310185,1,1,snapshot_20150919T025947Z
22666,66.39057539351852,1,1,snapshot_20150919T025947Z
22778,33.52745962962963,1,1,snapshot_20150919T025947Z
22944,105.26844127314814,1,1,snapshot_20150919T025947Z
22990,110.18978526620371,3,11,snapshot_20150919T025947Z
22998,50.504227685185185,1,1,snapshot_20150919T025947Z
23076,77.2651979861111,2,2,snapshot_20150919T025947Z
23497,125.95332608796296,1,1,snapshot_20150919T025947Z
23645,35.38301262731482,1,1,snapshot_20150919T025947Z
23730,96.91224947916668,1,1,snapshot_20150919T025947Z
23964,134.27543024305555,1,1,snapshot_20150919T025947Z
24067,66.38431583333333,1,2,snapshot_20150919T025947Z
24142,88.06969506944445,1,1,snapshot_20150919T025947Z
24166,87.27093368055556,1,1,snapshot_20150919T025947Z
24409,47.08306203703704,1,2,snapshot_20150919T025947Z
24644,41.2289390625,1,1,snapshot_20150919T025947Z
24662,112.44511994212962,1,1,snapshot_20150919T025947Z
24688,18.3114815625,1,1,snapshot_20150919T025947Z
24722,85.90557025462962,1,3,snapshot_20150919T025947Z
24840,25.36572392361111,1,1,snapshot_20150919T025947Z
25040,136.05176039351852,1,1,snapshot_20150919T025947Z
25081,39.514464976851855,1,1,snapshot_20150919T025947Z
25094,25.110174467592593,1,1,snapshot_20150919T025947Z
25156,100.22943136574074,1,2,snapshot_20150919T025947Z
25481,104.07791965277777,1,1,snapshot_20150919T025947Z
25809,5.342387743055555,1,1,snapshot_20150919T025947Z
25896,10.299887210648148,1,2,snapshot_20150919T025947Z
25922,129.1131772800926,1,2,snapshot_20150919T025947Z
26032,38.26024238425926,1,1,snapshot_20150919T025947Z
26189,88.0342060763889,1,1,snapshot_20150919T025947Z
26533,115.43144456018518,1,3,snapshot_20150919T025947Z
26626,24.93720366898148,1,1,snapshot_20150919T025947Z
26761,76.44695318287037,1,1,snapshot_20150919T025947Z
26872,97.90041844907407,1,1,snapshot_20150919T025947Z
26923,94.35292444444445,1,1,snapshot_20150919T025947Z
27197,67.35036420138889,1,1,snapshot_20150919T025947Z
27326,63.24306724537037,1,1,snapshot_20150919T025947Z
27360,67.29184949074074,1,1,snapshot_20150919T025947Z
27695,56.62930613425926,2,3,snapshot_20150919T025947Z
27851,29.380044074074075,1,4,snapshot_20150919T025947Z
28085,51.27852439814815,1,1,snapshot_20150919T025947Z
28161,114.85277100694444,1,1,snapshot_20150919T025947Z
28308,78.53855274305556,1,1,snapshot_20150919T025947Z
28387,15.21720601851852,1,1,snapshot_20150919T025947Z
28524,93.45995346064815,1,1,snapshot_20150919T025947Z
28791,2.255284861111111,1,1,snapshot_20150919T025947Z
28797,52.29925788194444,1,1,snapshot_20150919T025947Z
28896,71.41524627314814,1,1,snapshot_20150919T025947Z
29529,22.121297569444447,1,1,snapshot_20150919T025947Z
29531,113.30010582175925,1,1,snapshot_20150919T025947Z
29659,120.03380425925926,1,1,snapshot_20150919T025947Z
29744,4.512118900462963,1,2,snapshot_20150919T025947Z
29757,30.957256064814818,1,1,snapshot_20150919T025947Z
29802,3.5426871064814818,3,3,snapshot_20150919T025947Z
29835,50.314945891203706,1,1,snapshot_20150919T025947Z
30374,51.13998314814815,2,2,snapshot_20150919T025947Z
30438,60.247622928240744,1,1,snapshot_20150919T025947Z
30633,73.39191831018518,1,1,snapshot_20150919T025947Z
30687,3.2587024768518513,1,1,snapshot_20150919T025947Z
30812,84.32351976851852,1,1,snapshot_20150919T025947Z
30824,122.39376920138889,1,1,snapshot_20150919T025947Z
31149,85.29205207175926,1,1,snapshot_20150919T025947Z
31236,110.32144221064816,1,1,snapshot_20150919T025947Z
31314,90.23833315972223,1,1,snapshot_20150919T025947Z
31359,30.094589189814815,1,1,snapshot_20150919T025947Z
31557,78.27284313657407,1,1,snapshot_20150919T025947Z
31613,110.16308863425925,1,1,snapshot_20150919T025947Z
31645,45.96328484953704,1,3,snapshot_20150919T025947Z
31677,22.29293329861111,1,1,snapshot_20150919T025947Z
31741,58.03061322916667,1,2,snapshot_20150919T025947Z
31798,32.87189584490741,2,2,snapshot_20150919T025947Z
31843,125.73391016203703,1,1,snapshot_20150919T025947Z
31874,29.28103540509259,1,1,snapshot_20150919T025947Z
31929,68.29192228009259,1,1,snapshot_20150919T025947Z
31936,1.3589865393518519,1,1,snapshot_20150919T025947Z
32119,120.03455024305556,1,1,snapshot_20150919T025947Z
32160,105.32496993055557,2,2,snapshot_20150919T025947Z
32358,29.918825,1,1,snapshot_20150919T025947Z
32378,115.97173297453703,1,2,snapshot_20150919T025947Z
32432,77.28983608796297,1,1,snapshot_20150919T025947Z
32596,49.281037743055556,1,1,snapshot_20150919T025947Z
32787,99.87589872685186,1,2,snapshot_20150919T025947Z
32895,22.300085763888887,2,2,snapshot_20150919T025947Z
32904,93.39399769675926,1,1,snapshot_20150919T025947Z
33196,106.4855036689815,1,3,snapshot_20150919T025947Z
33308,95.014695,1,1,snapshot_20150919T025947Z
33350,34.94017934027778,1,1,snapshot_20150919T025947Z
33571,106.81647853009258,1,1,snapshot_20150919T025947Z
33608,20.259023136574072,1,1,snapshot_20150919T025947Z
33717,58.25757415509259,1,1,snapshot_20150919T025947Z
33889,65.34896263888889,1,1,snapshot_20150919T025947Z
33895,52.4291802662037,1,1,snapshot_20150919T025947Z
33946,70.28465078703704,1,2,snapshot_20150919T025947Z
34059,29.480816851851852,1,1,snapshot_20150919T025947Z
34157,18.007444305555556,1,1,snapshot_20150919T025947Z
34200,24.518541377314815,1,1,snapshot_20150919T025947Z
34381,73.88302377314814,1,1,snapshot_20150919T025947Z
34519,36.203128425925925,1,2,snapshot_20150919T025947Z
34570,50.00356047453704,1,1,snapshot_20150919T025947Z
34598,103.79828168981483,2,2,snapshot_20150919T025947Z
34630,69.15667333333333,1,1,snapshot_20150919T025947Z
34648,109.4279885300926,1,1,snapshot_20150919T025947Z
34665,88.49246565972221,2,2,snapshot_20150919T025947Z
34667,81.96104405092593,1,1,snapshot_20150919T025947Z
34705,44.34312090277778,1,1,snapshot_20150919T025947Z
34825,55.39516508101852,1,1,snapshot_20150919T025947Z
34850,17.212311180555556,1,1,snapshot_20150919T025947Z
34923,51.09062664351852,1,1,snapshot_20150919T025947Z
34951,137.37853936342594,2,4,snapshot_20150919T025947Z
34955,56.42631649305556,1,1,snapshot_20150919T025947Z
35112,102.93462931712962,1,1,snapshot_20150919T025947Z
35157,31.371230358796293,1,1,snapshot_20150919T025947Z
35186,31.134407256944446,1,1,snapshot_20150919T025947Z
35339,114.09738784722222,1,1,snapshot_20150919T025947Z
35623,45.20431684027778,1,4,snapshot_20150919T025947Z
36007,127.31768282407407,1,1,snapshot_20150919T025947Z
36250,86.24471509259259,1,1,snapshot_20150919T025947Z
36310,88.37772988425925,1,1,snapshot_20150919T025947Z
36450,136.39055163194445,1,1,snapshot_20150919T025947Z
36502,85.97047626157408,1,3,snapshot_20150919T025947Z
36640,26.238156643518522,1,1,snapshot_20150919T025947Z
36682,56.36692003472222,1,1,snapshot_20150919T025947Z
36707,61.478140624999995,1,1,snapshot_20150919T025947Z
36866,7.956569525462963,1,2,snapshot_20150919T025947Z
36989,119.26668510416667,1,1,snapshot_20150919T025947Z
37093,50.93171288194444,1,1,snapshot_20150919T025947Z
37183,58.926157974537034,1,1,snapshot_20150919T025947Z
37191,4.9569883449074075,1,1,snapshot_20150919T025947Z
37288,81.22707481481481,1,1,snapshot_20150919T025947Z
37382,108.45265436342592,1,1,snapshot_20150919T025947Z
37574,33.517515370370376,1,1,snapshot_20150919T025947Z
37845,25.17382195601852,1,1,snapshot_20150919T025947Z
37972,44.94075608796296,1,1,snapshot_20150919T025947Z
38015,105.33986751157407,2,2,snapshot_20150919T025947Z
38102,112.42410894675926,1,1,snapshot_20150919T025947Z
38103,31.275848854166668,1,7,snapshot_20150919T025947Z
38245,114.26079649305555,1,1,snapshot_20150919T025947Z
38711,59.29139375,1,2,snapshot_20150919T025947Z
38878,89.11907194444444,1,1,snapshot_20150919T025947Z
39203,2.386858275462963,1,1,snapshot_20150919T025947Z
39272,82.22978228009259,1,1,snapshot_20150919T025947Z
39467,46.326235277777776,1,1,snapshot_20150919T025947Z
39480,84.25363385416667,1,4,snapshot_20150919T025947Z
39706,128.5641610763889,1,1,snapshot_20150919T025947Z
39985,19.046286886574073,1,1,snapshot_20150919T025947Z
40024,38.54273575231481,1,1,snapshot_20150919T025947Z
40050,116.35556583333333,1,1,snapshot_20150919T025947Z
40175,107.19363445601853,1,1,snapshot_20150919T025947Z
40251,92.93085622685186,1,1,snapshot_20150919T025947Z
40353,56.52732680555556,1,1,snapshot_20150919T025947Z
40618,124.7039530324074,1,1,snapshot_20150919T025947Z
40802,135.48643758101852,1,1,snapshot_20150919T025947Z
40879,106.35700474537038,1,1,snapshot_20150919T025947Z
41016,122.21949989583332,1,1,snapshot_20150919T025947Z
41098,85.50136230324074,1,1,snapshot_20150919T025947Z
41278,123.93788994212963,1,1,snapshot_20150919T025947Z
41386,136.92045582175925,1,1,snapshot_20150919T025947Z
41416,7.9812381597222215,1,1,snapshot_20150919T025947Z
41529,133.98700162037036,1,1,snapshot_20150919T025947Z
41903,87.38743788194445,1,1,snapshot_20150919T025947Z
42011,31.139172430555558,1,1,snapshot_20150919T025947Z
42040,106.95605054398149,1,1,snapshot_20150919T025947Z
42059,124.9450535763889,1,1,snapshot_20150919T025947Z
42168,4.112957881944444,1,1,snapshot_20150919T025947Z
42192,136.43170018518518,1,1,snapshot_20150919T025947Z
42261,44.91354644675926,1,1,snapshot_20150919T025947Z
42326,85.17158171296296,1,1,snapshot_20150919T025947Z
42435,102.04452782407407,1,1,snapshot_20150919T025947Z
42552,11.952053738425926,2,13,snapshot_20150919T025947Z
42669,49.941588090277776,1,1,snapshot_20150919T025947Z
42857,53.16615399305556,1,1,snapshot_20150919T025947Z
42942,103.29158550925926,1,1,snapshot_20150919T025947Z
43176,4.380815729166667,1,2,snapshot_20150919T025947Z
43354,93.37004659722221,1,1,snapshot_20150919T025947Z
43393,123.15688445601852,1,1,snapshot_20150919T025947Z
43605,88.33664844907408,1,1,snapshot_20150919T025947Z
43643,43.25402128472222,1,1,snapshot_20150919T025947Z
43687,28.376062314814813,1,1,snapshot_20150919T025947Z
43770,128.19523336805557,1,1,snapshot_20150919T025947Z
43775,95.10064675925926,1,1,snapshot_20150919T025947Z
43804,87.87560320601851,1,1,snapshot_20150919T025947Z
44326,52.33199769675926,1,1,snapshot_20150919T025947Z
44566,51.55034601851852,1,1,snapshot_20150919T025947Z
44880,37.151983900462966,2,2,snapshot_20150919T025947Z
44885,113.188476875,1,1,snapshot_20150919T025947Z
45018,99.57811234953704,1,2,snapshot_20150919T025947Z
45113,52.40754623842593,1,1,snapshot_20150919T025947Z
45183,58.463791666666665,1,1,snapshot_20150919T025947Z
45270,11.296736296296295,1,1,snapshot_20150919T025947Z
45512,104.09786797453704,1,1,snapshot_20150919T025947Z
45825,78.15603765046296,1,2,snapshot_20150919T025947Z
45870,81.21057270833333,1,2,snapshot_20150919T025947Z
45969,17.23611585648148,1,1,snapshot_20150919T025947Z
46167,125.10688171296296,2,2,snapshot_20150919T025947Z
46535,94.28570050925926,4,4,snapshot_20150919T025947Z
46568,61.18091232638889,1,1,snapshot_20150919T025947Z
46748,13.89043869212963,1,1,snapshot_20150919T025947Z
46805,115.9414217013889,1,1,snapshot_20150919T025947Z
46841,37.41880806712963,1,1,snapshot_20150919T025947Z
47004,86.13270770833334,1,1,snapshot_20150919T025947Z
47029,137.27148758101853,1,2,snapshot_20150919T025947Z
47153,9.399336793981481,1,1,snapshot_20150919T025947Z
47197,52.97079091435185,1,1,snapshot_20150919T025947Z
47433,4.094738576388889,1,1,snapshot_20150919T025947Z
47467,123.18189542824075,1,1,snapshot_20150919T025947Z
47582,50.481705949074076,1,1,snapshot_20150919T025947Z
47803,8.460680995370371,2,2,snapshot_20150919T025947Z
48168,37.15386878472222,1,1,snapshot_20150919T025947Z
48245,46.313255115740745,1,1,snapshot_20150919T025947Z
48703,82.41138975694444,1,1,snapshot_20150919T025947Z
48728,70.21976748842593,1,3,snapshot_20150919T025947Z
48768,125.35652319444445,1,1,snapshot_20150919T025947Z
48820,58.027441527777775,4,34,snapshot_20150919T025947Z
48896,129.46290579861113,1,1,snapshot_20150919T025947Z
49120,110.1564199537037,1,1,snapshot_20150919T025947Z
49158,86.09143355324075,1,1,snapshot_20150919T025947Z
49266,4.386213553240741,1,1,snapshot_20150919T025947Z
49275,124.24107817129628,1,1,snapshot_20150919T025947Z
49347,73.37231666666666,1,1,snapshot_20150919T025947Z
49384,87.2138082638889,1,1,snapshot_20150919T025947Z
50340,38.436576296296295,1,1,snapshot_20150919T025947Z
50467,95.05408730324075,1,1,snapshot_20150919T025947Z
50555,84.94845743055555,1,1,snapshot_20150919T025947Z
50687,8.36311423611111,1,1,snapshot_20150919T025947Z
50847,110.84437206018518,1,1,snapshot_20150919T025947Z
50921,107.41277046296297,2,2,snapshot_20150919T025947Z
51304,35.1790637962963,1,1,snapshot_20150919T025947Z
51591,32.213979988425926,1,1,snapshot_20150919T025947Z
51595,129.37394461805556,1,2,snapshot_20150919T025947Z
51613,76.15642795138889,1,1,snapshot_20150919T025947Z
51670,58.34361592592593,1,1,snapshot_20150919T025947Z
51676,135.21370827546295,1,1,snapshot_20150919T025947Z
51831,134.0339688773148,1,2,snapshot_20150919T025947Z
51951,70.00632153935184,1,1,snapshot_20150919T025947Z
52108,106.43287577546296,1,1,snapshot_20150919T025947Z
52183,50.84397962962963,1,1,snapshot_20150919T025947Z
52305,32.43125163194444,1,1,snapshot_20150919T025947Z
52363,23.931645034722223,1,1,snapshot_20150919T025947Z
52406,27.840830740740742,1,1,snapshot_20150919T025947Z
52452,94.49900383101851,1,1,snapshot_20150919T025947Z
52484,73.18751347222222,1,1,snapshot_20150919T025947Z
52493,19.131652453703705,1,1,snapshot_20150919T025947Z
52674,91.34012431712964,1,1,snapshot_20150919T025947Z
52701,24.171186493055554,1,1,snapshot_20150919T025947Z
52860,92.9086673263889,1,1,snapshot_20150919T025947Z
52940,85.49449956018519,1,1,snapshot_20150919T025947Z
52967,20.844907824074074,1,1,snapshot_20150919T025947Z
53051,66.9004197337963,1,3,snapshot_20150919T025947Z
53164,10.256276099537038,1,2,snapshot_20150919T025947Z
53181,106.91484099537037,1,1,snapshot_20150919T025947Z
53691,53.26242535879629,1,1,snapshot_20150919T025947Z
53842,121.06145063657408,56,64,snapshot_20150919T025947Z
53925,79.25205939814815,1,1,snapshot_20150919T025947Z
53982,91.21897172453703,1,2,snapshot_20150919T025947Z
54002,111.8893059375,1,1,snapshot_20150919T025947Z
54007,126.95693483796296,1,1,snapshot_20150919T025947Z
54011,116.25223344907408,1,1,snapshot_20150919T025947Z
54017,72.25715950231482,1,1,snapshot_20150919T025947Z
54032,120.39743958333332,1,1,snapshot_20150919T025947Z
54121,70.42298579861111,1,1,snapshot_20150919T025947Z
54210,13.006567037037037,1,1,snapshot_20150919T025947Z
54493,75.38197158564815,2,2,snapshot_20150919T025947Z
54524,64.25695315972222,1,3,snapshot_20150919T025947Z
54535,137.32897594907408,1,4,snapshot_20150919T025947Z
54639,56.0093578125,1,1,snapshot_20150919T025947Z
54672,136.33070844907408,1,1,snapshot_20150919T025947Z
54845,26.794475219907408,1,1,snapshot_20150919T025947Z
54958,66.29841071759259,1,1,snapshot_20150919T025947Z
54960,54.43121821759259,1,1,snapshot_20150919T025947Z
55018,101.85739773148148,1,1,snapshot_20150919T025947Z
55023,100.00709696759259,1,1,snapshot_20150919T025947Z
55135,109.18061630787037,1,1,snapshot_20150919T025947Z
55270,113.20407038194445,1,1,snapshot_20150919T025947Z
55389,122.28238238425925,7,7,snapshot_20150919T025947Z
55599,37.38525554398148,1,1,snapshot_20150919T025947Z
55609,89.64901324074074,1,1,snapshot_20150919T025947Z
55697,91.50182321759259,1,1,snapshot_20150919T025947Z
55838,124.18578390046297,1,4,snapshot_20150919T025947Z
55843,122.39482501157407,1,1,snapshot_20150919T025947Z
55897,6.365003125,1,1,snapshot_20150919T025947Z
56096,17.304797650462962,1,1,snapshot_20150919T025947Z
56203,52.19718739583334,1,1,snapshot_20150919T025947Z
56312,91.29424162037037,1,1,snapshot_20150919T025947Z
56332,112.12629188657408,1,1,snapshot_20150919T025947Z
56541,76.08202754629629,1,1,snapshot_20150919T025947Z
56645,39.36951427083333,1,1,snapshot_20150919T025947Z
56745,93.419140625,1,1,snapshot_20150919T025947Z
56775,134.50792755787037,2,2,snapshot_20150919T025947Z
56971,6.398223368055555,1,1,snapshot_20150919T025947Z
57006,105.02320010416666,1,1,snapshot_20150919T025947Z
57088,57.175724502314814,1,1,snapshot_20150919T025947Z
57111,85.55085344907407,1,1,snapshot_20150919T025947Z
57246,135.22731883101852,1,1,snapshot_20150919T025947Z
57499,60.90144728009259,1,1,snapshot_20150919T025947Z
57559,37.412740219907406,1,1,snapshot_20150919T025947Z
57739,83.03831487268519,1,1,snapshot_20150919T025947Z
57905,107.19336375,34,44,snapshot_20150919T025947Z
57925,51.901285127314814,1,1,snapshot_20150919T025947Z
57929,36.9895977662037,1,1,snapshot_20150919T025947Z
58013,27.44466503472222,1,1,snapshot_20150919T025947Z
58024,100.03790186342593,2,2,snapshot_20150919T025947Z
58074,91.5924203125,1,1,snapshot_20150919T025947Z
58597,28.16000740740741,1,2,snapshot_20150919T025947Z
58730,100.20797704861111,1,1,snapshot_20150919T025947Z
58740,68.91904890046297,1,1,snapshot_20150919T025947Z
58970,51.07922449074074,1,1,snapshot_20150919T025947Z
59209,44.994289664351854,1,1,snapshot_20150919T025947Z
59291,20.89681644675926,1,2,snapshot_20150919T025947Z
59399,124.22261274305556,1,1,snapshot_20150919T025947Z
59604,37.2819212037037,1,1,snapshot_20150919T025947Z
59776,55.20523649305556,1,1,snapshot_20150919T025947Z
59784,53.86915548611111,1,1,snapshot_20150919T025947Z
59803,114.34650806712963,1,1,snapshot_20150919T025947Z
59832,128.28156880787037,1,1,snapshot_20150919T025947Z
60025,33.90196508101852,1,1,snapshot_20150919T025947Z
60099,127.07401479166667,1,1,snapshot_20150919T025947Z
60497,72.40960762731481,1,1,snapshot_20150919T025947Z
60568,95.06151957175926,1,1,snapshot_20150919T025947Z
60711,11.006888773148148,1,3,snapshot_20150919T025947Z
60790,52.97686633101852,1,1,snapshot_20150919T025947Z
61323,123.46112884259259,1,1,snapshot_20150919T025947Z
61334,91.5376528125,1,1,snapshot_20150919T025947Z
61635,73.37634142361111,1,1,snapshot_20150919T025947Z
61720,58.466069293981484,1,1,snapshot_20150919T025947Z
61806,109.06250442129628,1,1,snapshot_20150919T025947Z
62004,1.0503011342592592,1,1,snapshot_20150919T025947Z
62058,104.23105462962963,1,1,snapshot_20150919T025947Z
62139,120.1010333912037,1,2,snapshot_20150919T025947Z
62155,132.97695196759258,1,1,snapshot_20150919T025947Z
62330,127.14614362268519,1,1,snapshot_20150919T025947Z
62368,11.152754502314814,1,1,snapshot_20150919T025947Z
62377,28.333610763888892,1,1,snapshot_20150919T025947Z
62434,2.396375208333333,1,1,snapshot_20150919T025947Z
62489,100.36508579861112,1,1,snapshot_20150919T025947Z
62602,46.19445789351852,1,1,snapshot_20150919T025947Z
62656,60.38977059027777,1,1,snapshot_20150919T025947Z
62679,91.22295760416667,1,1,snapshot_20150919T025947Z
62694,79.35397140046295,1,1,snapshot_20150919T025947Z
62701,123.85921502314814,1,1,snapshot_20150919T025947Z
62762,131.22739398148147,1,1,snapshot_20150919T025947Z
62893,59.400832916666666,1,1,snapshot_20150919T025947Z
62990,79.33190224537037,1,1,snapshot_20150919T025947Z
63140,43.50440037037037,1,1,snapshot_20150919T025947Z
63156,79.31348482638889,1,1,snapshot_20150919T025947Z
63181,128.85456810185187,1,1,snapshot_20150919T025947Z
63208,102.14088292824074,1,1,snapshot_20150919T025947Z
63274,72.48216159722223,1,3,snapshot_20150919T025947Z
63351,64.06495766203705,1,1,snapshot_20150919T025947Z
63475,87.9203706712963,1,1,snapshot_20150919T025947Z
63786,15.263035532407407,2,2,snapshot_20150919T025947Z
64099,128.2200203472222,1,1,snapshot_20150919T025947Z
64444,81.17836150462963,1,1,snapshot_20150919T025947Z
64575,27.412112905092595,1,1,snapshot_20150919T025947Z
64763,86.44553978009259,1,2,snapshot_20150919T025947Z
64931,128.10128988425927,1,5,snapshot_20150919T025947Z
65124,87.34958493055557,1,1,snapshot_20150919T025947Z
65149,113.33903628472221,1,1,snapshot_20150919T025947Z
65210,113.40724378472223,1,1,snapshot_20150919T025947Z
65249,108.43699253472221,1,1,snapshot_20150919T025947Z
65471,114.12149146990741,1,1,snapshot_20150919T025947Z
65737,43.238834340277776,1,1,snapshot_20150919T025947Z
65740,72.9484446875,1,2,snapshot_20150919T025947Z
65927,77.31955618055555,1,1,snapshot_20150919T025947Z
66052,85.44386193287038,1,1,snapshot_20150919T025947Z
66139,25.500621574074074,1,1,snapshot_20150919T025947Z
66238,53.46625641203703,1,1,snapshot_20150919T025947Z
66313,115.21822141203704,1,1,snapshot_20150919T025947Z
66317,53.474982268518524,1,1,snapshot_20150919T025947Z
67015,66.37530016203704,1,2,snapshot_20150919T025947Z
67264,29.49659369212963,1,1,snapshot_20150919T025947Z
67301,46.40318516203703,1,1,snapshot_20150919T025947Z
67370,67.28019482638888,1,1,snapshot_20150919T025947Z
67712,100.39210221064813,2,2,snapshot_20150919T025947Z
67744,19.266013599537036,1,2,snapshot_20150919T025947Z
67803,138.22443980324073,1,1,snapshot_20150919T025947Z
68085,130.96624712962964,2,2,snapshot_20150919T025947Z
68087,12.8811671875,1,1,snapshot_20150919T025947Z
68318,10.386589340277778,1,2,snapshot_20150919T025947Z
68418,5.339798101851851,1,1,snapshot_20150919T025947Z
68449,89.08518199074075,1,1,snapshot_20150919T025947Z
68557,87.3761439699074,1,2,snapshot_20150919T025947Z
68601,35.896781608796296,1,1,snapshot_20150919T025947Z
68646,19.538203252314815,1,1,snapshot_20150919T025947Z
68748,6.367344155092593,1,1,snapshot_20150919T025947Z
68759,66.09465340277777,1,1,snapshot_20150919T025947Z
68804,138.20353893518518,1,1,snapshot_20150919T025947Z
69044,25.28107142361111,1,2,snapshot_20150919T025947Z
69072,75.18706694444444,1,1,snapshot_20150919T025947Z
69301,95.0354448263889,1,2,snapshot_20150919T025947Z
69442,45.12950268518519,2,2,snapshot_20150919T025947Z
69543,134.0001550925926,1,2,snapshot_20150919T025947Z
69645,67.18325621527778,2,2,snapshot_20150919T025947Z
69804,108.15142372685185,1,1,snapshot_20150919T025947Z
69880,121.97212542824074,1,1,snapshot_20150919T025947Z
69982,11.032742013888889,1,1,snapshot_20150919T025947Z
70570,73.9941520138889,1,1,snapshot_20150919T025947Z
70678,137.0499360648148,1,1,snapshot_20150919T025947Z
70888,35.36863517361111,1,1,snapshot_20150919T025947Z
70999,52.202869444444445,1,2,snapshot_20150919T025947Z
71167,6.4869731250000005,1,1,snapshot_20150919T025947Z
71192,89.97781912037037,1,1,snapshot_20150919T025947Z
71272,89.61807158564814,1,2,snapshot_20150919T025947Z
71586,11.364027314814814,1,1,snapshot_20150919T025947Z
71689,34.0268940625,1,1,snapshot_20150919T025947Z
71746,3.378271053240741,1,1,snapshot_20150919T025947Z
71753,51.79728541666667,1,1,snapshot_20150919T025947Z
71927,137.51844635416668,1,1,snapshot_20150919T025947Z
72155,100.1906533912037,1,1,snapshot_20150919T025947Z
72194,31.27986996527778,1,1,snapshot_20150919T025947Z
72232,103.46458532407408,1,1,snapshot_20150919T025947Z
72254,77.17004436342592,1,2,snapshot_20150919T025947Z
72302,95.40306770833332,1,2,snapshot_20150919T025947Z
72373,45.08452594907407,1,1,snapshot_20150919T025947Z
72569,115.20828091435186,1,1,snapshot_20150919T025947Z
72783,35.51936388888889,1,1,snapshot_20150919T025947Z
72828,88.03597577546296,1,1,snapshot_20150919T025947Z
72944,65.31996054398148,1,1,snapshot_20150919T025947Z
73029,80.12025538194445,1,1,snapshot_20150919T025947Z
73292,2.538809027777778,2,2,snapshot_20150919T025947Z
73306,34.529780833333334,2,6,snapshot_20150919T025947Z
73341,52.568296481481475,1,1,snapshot_20150919T025947Z
73356,69.36950702546297,1,1,snapshot_20150919T025947Z
73483,9.31281619212963,1,1,snapshot_20150919T025947Z
73501,68.72939307870371,1,1,snapshot_20150919T025947Z
73567,76.17769405092592,2,2,snapshot_20150919T025947Z
73635,58.465670243055555,1,1,snapshot_20150919T025947Z
73645,114.36935695601852,1,1,snapshot_20150919T025947Z
73679,115.92799912037037,1,1,snapshot_20150919T025947Z
73819,45.16341810185185,1,1,snapshot_20150919T025947Z
73856,103.94117304398148,1,3,snapshot_20150919T025947Z
73867,11.312815914351852,1,1,snapshot_20150919T025947Z
73963,57.87083403935185,1,1,snapshot_20150919T025947Z
74080,105.24479226851851,1,1,snapshot_20150919T025947Z
74260,62.05747407407407,1,1,snapshot_20150919T025947Z
74280,58.91719428240741,1,1,snapshot_20150919T025947Z
74404,79.88285354166666,1,1,snapshot_20150919T025947Z
74483,106.09804307870371,1,1,snapshot_20150919T025947Z
74699,14.0780725,1,1,snapshot_20150919T025947Z
74832,59.897838113425934,1,1,snapshot_20150919T025947Z
74920,33.042053287037035,1,2,snapshot_20150919T025947Z
75424,29.45918954861111,1,10,snapshot_20150919T025947Z
75595,13.261702766203703,1,1,snapshot_20150919T025947Z
75630,9.325196087962963,3,3,snapshot_20150919T025947Z
75653,122.91835981481482,1,1,snapshot_20150919T025947Z
75826,52.90520965277778,1,1,snapshot_20150919T025947Z
76124,11.172753576388889,1,1,snapshot_20150919T025947Z
76301,52.29048291666667,2,2,snapshot_20150919T025947Z
76347,87.46836351851852,1,1,snapshot_20150919T025947Z
76475,53.27407785879629,1,1,snapshot_20150919T025947Z
76565,111.2519307638889,1,1,snapshot_20150919T025947Z
76757,87.10099887731482,155,185,snapshot_20150919T025947Z
76913,64.38404187500001,1,1,snapshot_20150919T025947Z
77032,3.9792400925925926,2,2,snapshot_20150919T025947Z
77215,3.190251122685185,1,2,snapshot_20150919T025947Z
77253,119.3394512962963,1,1,snapshot_20150919T025947Z
77261,4.091530543981482,1,1,snapshot_20150919T025947Z
77268,18.377721030092594,1,1,snapshot_20150919T025947Z
77524,2.360021863425926,1,2,snapshot_20150919T025947Z
77659,115.36819386574074,2,2,snapshot_20150919T025947Z
77669,71.30726729166668,1,1,snapshot_20150919T025947Z
77868,35.181111909722226,1,1,snapshot_20150919T025947Z
78006,3.452628888888889,1,1,snapshot_20150919T025947Z
78067,12.179765752314815,1,1,snapshot_20150919T025947Z
78383,87.48268148148148,1,1,snapshot_20150919T025947Z
78476,51.20068892361111,1,1,snapshot_20150919T025947Z
78755,31.48670483796296,1,1,snapshot_20150919T025947Z
78878,137.33399745370372,1,1,snapshot_20150919T025947Z
78882,72.49207663194444,1,1,snapshot_20150919T025947Z
79201,137.33254520833333,1,1,snapshot_20150919T025947Z
79279,87.22111747685184,1,1,snapshot_20150919T025947Z
79312,31.16125068287037,1,1,snapshot_20150919T025947Z
79452,95.82858282407408,2,2,snapshot_20150919T025947Z
79566,100.0880625462963,2,2,snapshot_20150919T025947Z
79681,120.02598234953703,1,1,snapshot_20150919T025947Z
79721,52.3328263425926,3,3,snapshot_20150919T025947Z
79743,74.24643888888889,1,3,snapshot_20150919T025947Z
80034,35.35465844907408,1,1,snapshot_20150919T025947Z
80204,25.252061539351853,1,5,snapshot_20150919T025947Z
80244,25.361677685185185,1,1,snapshot_20150919T025947Z
80267,4.823554328703704,1,1,snapshot_20150919T025947Z
80364,30.123408622685183,1,1,snapshot_20150919T025947Z
80434,121.01550054398147,1,1,snapshot_20150919T025947Z
80580,64.99934313657408,1,1,snapshot_20150919T025947Z
80604,129.46550344907408,1,1,snapshot_20150919T025947Z
80635,39.21673962962963,1,1,snapshot_20150919T025947Z
80964,22.960344189814812,1,1,snapshot_20150919T025947Z
81526,51.14054011574074,1,1,snapshot_20150919T025947Z
81638,59.13275550925926,1,2,snapshot_20150919T025947Z
81688,109.37544027777777,1,1,snapshot_20150919T025947Z
81742,31.082581469907407,1,1,snapshot_20150919T025947Z
81811,122.04913848379628,1,2,snapshot_20150919T025947Z
82009,27.10447056712963,1,1,snapshot_20150919T025947Z
82051,6.972951678240741,1,1,snapshot_20150919T025947Z
82084,29.22136792824074,1,1,snapshot_20150919T025947Z
82251,66.31633806712964,1,1,snapshot_20150919T025947Z
82318,73.27765846064814,2,4,snapshot_20150919T025947Z
82581,65.15414434027778,1,1,snapshot_20150919T025947Z
82759,32.880217002314815,1,1,snapshot_20150919T025947Z
82819,127.20965743055557,1,1,snapshot_20150919T025947Z
83052,67.39769409722221,1,1,snapshot_20150919T025947Z
83319,112.764224375,1,1,snapshot_20150919T025947Z
83368,136.34184712962963,1,1,snapshot_20150919T025947Z
83600,4.864164756944445,3,4,snapshot_20150919T025947Z
83748,47.32121221064815,1,1,snapshot_20150919T025947Z
83823,87.82402964120371,1,1,snapshot_20150919T025947Z
84233,7.799279224537036,2,2,snapshot_20150919T025947Z
84275,89.94777828703704,1,1,snapshot_20150919T025947Z
84327,109.17206677083334,1,1,snapshot_20150919T025947Z
84494,8.387706030092593,1,1,snapshot_20150919T025947Z
84580,51.0563016550926,1,1,snapshot_20150919T025947Z
84646,11.454277465277778,1,1,snapshot_20150919T025947Z
84660,95.24894456018518,1,1,snapshot_20150919T025947Z
84928,78.33753462962963,1,1,snapshot_20150919T025947Z
85201,71.19720408564815,1,5,snapshot_20150919T025947Z
85383,65.30663924768518,2,2,snapshot_20150919T025947Z
85555,108.21941123842592,1,1,snapshot_20150919T025947Z
85658,51.368306053240744,2,2,snapshot_20150919T025947Z
85734,66.31596435185186,13,15,snapshot_20150919T025947Z
85916,53.16157424768518,1,1,snapshot_20150919T025947Z
86005,44.312966377314815,1,1,snapshot_20150919T025947Z
86049,43.06986908564814,1,1,snapshot_20150919T025947Z
86082,78.39170957175926,1,1,snapshot_20150919T025947Z
86123,94.94321336805555,1,1,snapshot_20150919T025947Z
86403,23.91708569444444,1,1,snapshot_20150919T025947Z
86444,100.01444591435185,1,1,snapshot_20150919T025947Z
86609,113.40336253472222,1,1,snapshot_20150919T025947Z
86669,105.38789506944444,1,1,snapshot_20150919T025947Z
86690,23.53994042824074,1,1,snapshot_20150919T025947Z
86810,58.06345174768518,1,1,snapshot_20150919T025947Z
86982,82.1631604050926,1,1,snapshot_20150919T025947Z
87226,25.125955439814813,1,1,snapshot_20150919T025947Z
87364,132.0574452662037,1,2,snapshot_20150919T025947Z
87380,16.739532534722223,1,1,snapshot_20150919T025947Z
87559,53.24620893518518,1,1,snapshot_20150919T025947Z
87660,101.02732932870371,1,1,snapshot_20150919T025947Z
87886,29.361122106481485,1,1,snapshot_20150919T025947Z
87891,18.947116990740742,1,1,snapshot_20150919T025947Z
88182,34.09882896990741,1,1,snapshot_20150919T025947Z
88183,45.09692424768518,1,1,snapshot_20150919T025947Z
88361,21.502675937499998,1,1,snapshot_20150919T025947Z
88427,32.2817200462963,1,1,snapshot_20150919T025947Z
88696,134.26705520833335,1,1,snapshot_20150919T025947Z
88841,108.19896596064815,1,1,snapshot_20150919T025947Z
88920,7.468232997685186,1,1,snapshot_20150919T025947Z
89000,106.23540251157408,1,1,snapshot_20150919T025947Z
89237,85.91611395833334,1,1,snapshot_20150919T025947Z
89426,28.029954432870372,1,1,snapshot_20150919T025947Z
89656,92.33039834490741,1,1,snapshot_20150919T025947Z
89783,52.48670305555556,1,2,snapshot_20150919T025947Z
89882,46.202745254629626,1,1,snapshot_20150919T025947Z
90080,133.18050755787038,1,1,snapshot_20150919T025947Z
90093,89.24458070601852,1,1,snapshot_20150919T025947Z
90186,16.20062931712963,1,1,snapshot_20150919T025947Z
90253,118.2162140277778,1,1,snapshot_20150919T025947Z
90352,95.22442947916667,1,1,snapshot_20150919T025947Z
90496,108.1740691087963,1,2,snapshot_20150919T025947Z
90565,81.22508493055557,1,1,snapshot_20150919T025947Z
90902,54.060174664351855,1,1,snapshot_20150919T025947Z
91370,107.87206980324075,1,1,snapshot_20150919T025947Z
91900,103.24359976851851,1,1,snapshot_20150919T025947Z
91913,39.334065798611114,1,1,snapshot_20150919T025947Z
92098,137.21812673611112,1,1,snapshot_20150919T025947Z
92159,53.81661626157407,1,1,snapshot_20150919T025947Z
92347,102.14033869212963,1,1,snapshot_20150919T025947Z
92384,134.4736858449074,1,2,snapshot_20150919T025947Z
93232,134.4898767361111,1,1,snapshot_20150919T025947Z
93328,15.228015821759259,1,1,snapshot_20150919T025947Z
93424,3.994372256944444,1,1,snapshot_20150919T025947Z
93652,12.404369166666667,1,1,snapshot_20150919T025947Z
93887,137.3527297800926,1,1,snapshot_20150919T025947Z
93978,81.87233875,1,1,snapshot_20150919T025947Z
94030,54.53707011574074,1,4,snapshot_20150919T025947Z
94071,63.42910076388889,1,1,snapshot_20150919T025947Z
94177,102.04734687499999,1,1,snapshot_20150919T025947Z
94182,45.13341501157407,1,1,snapshot_20150919T025947Z
94235,55.292725555555556,1,1,snapshot_20150919T025947Z
94463,80.11810693287038,1,2,snapshot_20150919T025947Z
94529,121.00401378472222,1,1,snapshot_20150919T025947Z
94751,134.87509111111112,1,1,snapshot_20150919T025947Z
94832,118.9312958449074,1,1,snapshot_20150919T025947Z
94994,72.14940726851852,1,1,snapshot_20150919T025947Z
95059,36.50863537037037,1,1,snapshot_20150919T025947Z
95090,63.19820891203704,1,1,snapshot_20150919T025947Z
95161,51.28525496527778,1,1,snapshot_20150919T025947Z
95233,106.76257765046297,1,1,snapshot_20150919T025947Z
95536,111.2237287037037,1,1,snapshot_20150919T025947Z
95794,106.46950921296298,1,1,snapshot_20150919T025947Z
96196,53.01028605324074,1,1,snapshot_20150919T025947Z
96387,27.390241099537036,1,1,snapshot_20150919T025947Z
96558,50.34198907407407,1,1,snapshot_20150919T025947Z
96640,46.30782408564815,1,1,snapshot_20150919T025947Z
96705,115.2991383912037,1,1,snapshot_20150919T025947Z
96947,62.28628364583333,1,1,snapshot_20150919T025947Z
97209,132.14217465277778,1,1,snapshot_20150919T025947Z
97480,65.34754796296296,1,1,snapshot_20150919T025947Z
97675,64.17733155092593,1,12,snapshot_20150919T025947Z
97865,22.525556782407406,1,1,snapshot_20150919T025947Z
97992,89.06363493055555,1,1,snapshot_20150919T025947Z
98071,112.53952626157408,1,6,snapshot_20150919T025947Z
98093,29.337529016203707,1,1,snapshot_20150919T025947Z
98364,81.20010449074074,1,1,snapshot_20150919T025947Z
98371,50.40816474537038,1,1,snapshot_20150919T025947Z
98492,42.18244766203704,1,1,snapshot_20150919T025947Z
98499,136.08852780092593,1,1,snapshot_20150919T025947Z
98772,29.56779417824074,1,2,snapshot_20150919T025947Z
98799,16.959236828703702,1,1,snapshot_20150919T025947Z
98887,84.40503615740741,1,1,snapshot_20150919T025947Z
99015,53.854060868055555,1,1,snapshot_20150919T025947Z
99081,19.292629664351853,1,1,snapshot_20150919T025947Z
99160,6.276831516203704,1,1,snapshot_20150919T025947Z
99569,47.344134768518515,1,1,snapshot_20150919T025947Z
99589,11.241037025462964,1,1,snapshot_20150919T025947Z
99634,95.97375150462963,1,1,snapshot_20150919T025947Z
99661,127.16593638888888,1,1,snapshot_20150919T025947Z
99743,115.29695684027779,1,1,snapshot_20150919T025947Z
99830,108.37304512731481,1,2,snapshot_20150919T025947Z
99915,51.98275556712963,1,1,snapshot_20150919T025947Z
99962,40.457590173611116,1,1,snapshot_20150919T025947Z
100012,26.990690972222225,1,1,snapshot_20150919T025947Z
100020,114.27794431712964,1,1,snapshot_20150919T025947Z
100067,53.25706824074074,1,1,snapshot_20150919T025947Z
100198,39.23197005787037,1,1,snapshot_20150919T025947Z
100439,15.371617951388888,1,1,snapshot_20150919T025947Z
100459,83.00746244212962,1,1,snapshot_20150919T025947Z
100539,102.18734521990741,1,1,snapshot_20150919T025947Z
100790,29.889092962962966,1,1,snapshot_20150919T025947Z
100809,63.20454019675926,1,3,snapshot_20150919T025947Z
100840,107.3961559375,1,1,snapshot_20150919T025947Z
100852,43.14683822916667,1,1,snapshot_20150919T025947Z
100894,35.98537201388889,1,1,snapshot_20150919T025947Z
100988,82.99249806712963,1,2,snapshot_20150919T025947Z
101161,108.34473921296296,1,1,snapshot_20150919T025947Z
101175,32.324065740740735,6,24,snapshot_20150919T025947Z
101483,131.2348654050926,1,1,snapshot_20150919T025947Z
101633,17.091586041666666,1,1,snapshot_20150919T025947Z
101747,66.05992246527778,1,1,snapshot_20150919T025947Z
101821,18.90855974537037,1,1,snapshot_20150919T025947Z
102019,109.43115006944444,1,2,snapshot_20150919T025947Z
102227,6.402672152777777,1,1,snapshot_20150919T025947Z
102454,4.5761737384259265,1,1,snapshot_20150919T025947Z
102507,67.25716170138888,1,3,snapshot_20150919T025947Z
102636,11.22555789351852,1,1,snapshot_20150919T025947Z
102676,93.97214640046296,1,1,snapshot_20150919T025947Z
102742,115.92864357638888,1,1,snapshot_20150919T025947Z
102877,59.52980962962963,1,1,snapshot_20150919T025947Z
102957,25.367361435185185,1,1,snapshot_20150919T025947Z
103171,9.448403472222223,1,1,snapshot_20150919T025947Z
103408,69.03162265046296,1,1,snapshot_20150919T025947Z
103637,60.93312097222222,1,5,snapshot_20150919T025947Z
103744,31.842308599537038,1,1,snapshot_20150919T025947Z
103808,59.038906932870375,1,1,snapshot_20150919T025947Z
103993,52.27571869212963,2,2,snapshot_20150919T025947Z
104058,79.13940277777778,2,5,snapshot_20150919T025947Z
104182,117.99314767361112,1,1,snapshot_20150919T025947Z
104260,9.19510945601852,1,1,snapshot_20150919T025947Z
104434,61.09897450231481,1,1,snapshot_20150919T025947Z
104522,91.99486789351852,1,1,snapshot_20150919T025947Z
104560,56.112460312500005,1,1,snapshot_20150919T025947Z
104815,127.9299836226852,1,1,snapshot_20150919T025947Z
104850,5.240429386574074,1,1,snapshot_20150919T025947Z
104866,49.44791175925926,1,1,snapshot_20150919T025947Z
104929,67.2898951388889,1,1,snapshot_20150919T025947Z
104974,121.93752961805556,1,2,snapshot_20150919T025947Z
105003,57.39015997685185,1,1,snapshot_20150919T025947Z
105033,107.03143875,1,1,snapshot_20150919T025947Z
105090,8.414713935185185,1,1,snapshot_20150919T025947Z
105164,84.752156875,1,1,snapshot_20150919T025947Z
105283,87.0711832175926,1,1,snapshot_20150919T025947Z
105465,20.325915914351853,1,1,snapshot_20150919T025947Z
105552,44.27662763888889,1,1,snapshot_20150919T025947Z
105693,32.32535642361111,1,1,snapshot_20150919T025947Z
105729,31.141153460648148,1,1,snapshot_20150919T025947Z
105795,101.01600260416667,1,1,snapshot_20150919T025947Z
105857,23.787143541666666,1,1,snapshot_20150919T025947Z
106106,127.80418146990739,1,1,snapshot_20150919T025947Z
106381,44.96234009259259,1,1,snapshot_20150919T025947Z
106470,84.25200289351852,1,1,snapshot_20150919T025947Z
106515,84.0006706712963,1,1,snapshot_20150919T025947Z
106554,60.205401226851855,1,1,snapshot_20150919T025947Z
106626,52.38305100694444,1,1,snapshot_20150919T025947Z
106733,107.43235127314816,1,1,snapshot_20150919T025947Z
107007,44.213770914351855,1,1,snapshot_20150919T025947Z
107025,123.01554033564815,1,1,snapshot_20150919T025947Z
107314,2.2292384953703706,1,1,snapshot_20150919T025947Z
107692,7.126896203703704,1,1,snapshot_20150919T025947Z
107797,20.435640127314816,1,1,snapshot_20150919T025947Z
107935,124.95236815972221,1,1,snapshot_20150919T025947Z
107944,91.91485604166667,1,1,snapshot_20150919T025947Z
107998,38.16908989583334,1,1,snapshot_20150919T025947Z
108101,122.17326809027777,1,1,snapshot_20150919T025947Z
108464,95.41068625,1,1,snapshot_20150919T025947Z
108570,11.325890659722223,1,1,snapshot_20150919T025947Z
108759,117.0325891435185,1,1,snapshot_20150919T025947Z
108813,23.47998667824074,1,1,snapshot_20150919T025947Z
108868,50.20776533564815,1,1,snapshot_20150919T025947Z
108972,105.86291057870369,1,1,snapshot_20150919T025947Z
108997,3.182437893518519,1,1,snapshot_20150919T025947Z
109095,92.05146471064815,1,1,snapshot_20150919T025947Z
109106,120.72463979166668,1,1,snapshot_20150919T025947Z
109184,45.29842563657407,1,6,snapshot_20150919T025947Z
109246,89.3894664699074,1,1,snapshot_20150919T025947Z
109293,23.15268314814815,1,1,snapshot_20150919T025947Z
109357,112.12729163194444,2,19,snapshot_20150919T025947Z
109408,105.9702245023148,1,1,snapshot_20150919T025947Z
109433,77.13016034722223,1,1,snapshot_20150919T025947Z
109662,39.271128240740744,1,1,snapshot_20150919T025947Z
109670,64.8556109375,1,1,snapshot_20150919T025947Z
109717,131.99667516203704,2,2,snapshot_20150919T025947Z
109721,51.28280359953703,1,1,snapshot_20150919T025947Z
109826,135.45050814814815,1,1,snapshot_20150919T025947Z
109850,39.36933722222222,1,1,snapshot_20150919T025947Z
109926,59.25241820601852,1,1,snapshot_20150919T025947Z
109982,74.11864024305555,1,1,snapshot_20150919T025947Z
110014,103.21721247685186,1,1,snapshot_20150919T025947Z
110090,26.55663803240741,1,1,snapshot_20150919T025947Z
110227,4.308104108796297,1,1,snapshot_20150919T025947Z
110412,48.32191229166667,1,2,snapshot_20150919T025947Z
110481,7.299879849537036,1,1,snapshot_20150919T025947Z
110561,20.806320497685185,1,2,snapshot_20150919T025947Z
110606,44.33492361111111,1,1,snapshot_20150919T025947Z
110660,26.98571096064815,1,1,snapshot_20150919T025947Z
110905,34.10631950231481,1,1,snapshot_20150919T025947Z
111080,59.14907295138889,1,1,snapshot_20150919T025947Z
111209,50.39553759259259,1,1,snapshot_20150919T025947Z
111325,87.46924460648148,1,1,snapshot_20150919T025947Z
111382,54.103865972222216,1,1,snapshot_20150919T025947Z
111668,74.4312473263889,1,1,snapshot_20150919T025947Z
111748,8.236351782407407,1,1,snapshot_20150919T025947Z
112167,94.0699352662037,1,1,snapshot_20150919T025947Z
112253,33.17770121527778,1,1,snapshot_20150919T025947Z
112257,51.951520196759255,1,1,snapshot_20150919T025947Z
112323,92.21274149305556,1,1,snapshot_20150919T025947Z
112417,102.1541872337963,1,1,snapshot_20150919T025947Z
112518,71.44949893518518,1,1,snapshot_20150919T025947Z
112578,43.76519871527778,1,1,snapshot_20150919T025947Z
112596,123.24847460648148,1,1,snapshot_20150919T025947Z
112757,72.01895442129629,2,4,snapshot_20150919T025947Z
112855,79.40350548611111,1,1,snapshot_20150919T025947Z
113028,85.93737881944445,1,1,snapshot_20150919T025947Z
113137,40.12717238425926,2,3,snapshot_20150919T025947Z
113314,45.014382824074076,1,1,snapshot_20150919T025947Z
113592,17.541990949074073,1,1,snapshot_20150919T025947Z
113634,52.157734050925924,1,1,snapshot_20150919T025947Z
113995,66.51841153935186,1,1,snapshot_20150919T025947Z
114108,28.00557695601852,1,1,snapshot_20150919T025947Z
114349,49.838165555555555,1,1,snapshot_20150919T025947Z
114403,46.21032454861111,1,1,snapshot_20150919T025947Z
114450,10.944267141203703,1,1,snapshot_20150919T025947Z
114828,7.808180115740741,1,1,snapshot_20150919T025947Z
114903,114.83114556712962,1,1,snapshot_20150919T025947Z
114915,42.80091383101852,1,1,snapshot_20150919T025947Z
115055,67.01728774305556,1,1,snapshot_20150919T025947Z
115257,42.81368047453704,1,5,snapshot_20150919T025947Z
115417,87.30984521990742,1,1,snapshot_20150919T025947Z
115573,31.401933680555555,1,1,snapshot_20150919T025947Z
115977,86.83669159722223,1,1,snapshot_20150919T025947Z
116086,123.2629560648148,2,2,snapshot_20150919T025947Z
116095,67.88648336805555,1,2,snapshot_20150919T025947Z
116133,93.03779030092593,1,1,snapshot_20150919T025947Z
116236,61.53658239583333,1,1,snapshot_20150919T025947Z
116272,85.37786883101852,1,1,snapshot_20150919T025947Z
116322,24.09397837962963,1,1,snapshot_20150919T025947Z
116458,58.483719861111105,1,1,snapshot_20150919T025947Z
116728,29.26779690972222,1,1,snapshot_20150919T025947Z
116771,28.207892384259257,1,1,snapshot_20150919T025947Z
116830,10.955667685185185,1,1,snapshot_20150919T025947Z
116997,81.32135576388889,1,1,snapshot_20150919T025947Z
117236,95.22162967592593,1,1,snapshot_20150919T025947Z
117422,117.30569579861111,2,2,snapshot_20150919T025947Z
117436,115.18920224537035,1,1,snapshot_20150919T025947Z
117934,89.00472784722221,1,3,snapshot_20150919T025947Z
117973,12.942711747685184,1,1,snapshot_20150919T025947Z
118071,64.83888491898148,1,1,snapshot_20150919T025947Z
118129,81.95105101851853,1,3,snapshot_20150919T025947Z
118200,49.0424805787037,1,1,snapshot_20150919T025947Z
118234,27.165485439814812,1,1,snapshot_20150919T025947Z
118274,5.487084849537037,1,1,snapshot_20150919T025947Z
118319,14.307750983796296,1,1,snapshot_20150919T025947Z
118450,21.184540729166667,1,2,snapshot_20150919T025947Z
118487,105.40496792824075,1,1,snapshot_20150919T025947Z
118543,81.088875,1,1,snapshot_20150919T025947Z
118580,113.42511392361112,2,2,snapshot_20150919T025947Z
118594,53.27065417824074,1,1,snapshot_20150919T025947Z
118734,103.94408597222223,1,1,snapshot_20150919T025947Z
118831,84.86342988425926,1,1,snapshot_20150919T025947Z
118899,70.95695967592592,1,2,snapshot_20150919T025947Z
118926,50.1748045949074,1,1,snapshot_20150919T025947Z
119044,12.963650844907407,1,1,snapshot_20150919T025947Z
119084,66.1449512962963,1,1,snapshot_20150919T025947Z
119139,30.04851596064815,1,1,snapshot_20150919T025947Z
119168,76.49643725694443,1,1,snapshot_20150919T025947Z
119328,88.21380989583334,1,1,snapshot_20150919T025947Z
119362,52.906666226851854,1,1,snapshot_20150919T025947Z
119389,52.37347834490741,1,10,snapshot_20150919T025947Z
119446,10.388968657407407,1,1,snapshot_20150919T025947Z
119455,135.4796849537037,1,1,snapshot_20150919T025947Z
119531,9.226194872685184,1,1,snapshot_20150919T025947Z
119578,26.21894266203704,1,2,snapshot_20150919T025947Z
119770,85.1974351273148,1,1,snapshot_20150919T025947Z
119781,28.82679018518518,1,1,snapshot_20150919T025947Z
119827,44.888307141203704,2,2,snapshot_20150919T025947Z
120036,92.46564989583332,1,1,snapshot_20150919T025947Z
120226,122.23447711805557,2,2,snapshot_20150919T025947Z
120331,61.280344722222225,1,1,snapshot_20150919T025947Z
120444,61.21451167824075,1,3,snapshot_20150919T025947Z
120511,129.88616050925924,1,1,snapshot_20150919T025947Z
120532,131.02444650462962,1,1,snapshot_20150919T025947Z
120601,60.363524456018524,1,1,snapshot_20150919T025947Z
120699,20.082673958333334,1,2,snapshot_20150919T025947Z
120959,133.1823417939815,1,1,snapshot_20150919T025947Z
121179,85.9535833101852,1,1,snapshot_20150919T025947Z
121214,81.37267616898149,1,1,snapshot_20150919T025947Z
121299,67.05958354166667,2,4,snapshot_20150919T025947Z
121320,9.272925150462964,1,2,snapshot_20150919T025947Z
121322,108.17942575231481,1,1,snapshot_20150919T025947Z
121370,99.9407658449074,1,1,snapshot_20150919T025947Z
121481,6.5628431944444445,1,2,snapshot_20150919T025947Z
121688,109.23711510416666,1,11,snapshot_20150919T025947Z
121714,115.23668875,1,1,snapshot_20150919T025947Z
121775,14.96763917824074,1,1,snapshot_20150919T025947Z
121914,72.29332935185185,2,2,snapshot_20150919T025947Z
121951,94.25943540509259,1,1,snapshot_20150919T025947Z
122126,85.48579120370371,1,1,snapshot_20150919T025947Z
122153,92.9792368287037,1,1,snapshot_20150919T025947Z
122239,39.02186753472222,1,1,snapshot_20150919T025947Z
122329,50.25908903935185,1,2,snapshot_20150919T025947Z
122337,95.18483144675926,1,1,snapshot_20150919T025947Z
122347,18.214809837962964,1,1,snapshot_20150919T025947Z
122385,19.32502505787037,1,1,snapshot_20150919T025947Z
122478,13.315304432870372,1,1,snapshot_20150919T025947Z
122552,14.267998206018518,1,1,snapshot_20150919T025947Z
122568,125.10662403935184,1,1,snapshot_20150919T025947Z
122598,43.22190254629629,1,1,snapshot_20150919T025947Z
122700,88.17294581018518,1,1,snapshot_20150919T025947Z
122728,87.1337639699074,1,1,snapshot_20150919T025947Z
122929,119.93725284722223,1,1,snapshot_20150919T025947Z
123031,107.03359799768519,1,1,snapshot_20150919T025947Z
123036,118.87081481481482,1,2,snapshot_20150919T025947Z
123291,112.23572359953702,1,1,snapshot_20150919T025947Z
123533,72.39205064814814,1,1,snapshot_20150919T025947Z
123702,101.96647222222221,1,1,snapshot_20150919T025947Z
123724,31.181969756944444,1,1,snapshot_20150919T025947Z
124102,91.03493832175926,1,1,snapshot_20150919T025947Z
124114,70.28898104166667,1,1,snapshot_20150919T025947Z
124220,34.429257175925926,1,1,snapshot_20150919T025947Z
124269,60.43152298611111,1,2,snapshot_20150919T025947Z
124489,25.467449212962965,1,1,snapshot_20150919T025947Z
124511,114.93019645833333,1,1,snapshot_20150919T025947Z
124971,28.405083356481484,1,1,snapshot_20150919T025947Z
125048,29.29317715277778,1,1,snapshot_20150919T025947Z
125098,9.352138217592593,1,1,snapshot_20150919T025947Z
125197,86.85566899305556,1,1,snapshot_20150919T025947Z
125208,108.25846724537037,1,1,snapshot_20150919T025947Z
125307,72.43010083333334,1,1,snapshot_20150919T025947Z
125643,66.14270585648148,1,1,snapshot_20150919T025947Z
125651,137.15568991898147,1,1,snapshot_20150919T025947Z
125728,57.30564282407408,1,3,snapshot_20150919T025947Z
125769,132.98267732638888,2,2,snapshot_20150919T025947Z
125998,55.19947725694444,1,1,snapshot_20150919T025947Z
126139,75.37758604166667,1,1,snapshot_20150919T025947Z
126230,9.909383796296297,1,1,snapshot_20150919T025947Z
126393,122.28079899305556,1,1,snapshot_20150919T025947Z
126643,18.254617500000002,1,1,snapshot_20150919T025947Z
126771,58.73061626157408,1,1,snapshot_20150919T025947Z
126779,136.1620590277778,2,2,snapshot_20150919T025947Z
126834,77.4665450925926,1,3,snapshot_20150919T025947Z
127240,113.2773499074074,2,2,snapshot_20150919T025947Z
127366,86.87500582175926,1,1,snapshot_20150919T025947Z
127425,85.41075265046297,1,1,snapshot_20150919T025947Z
127452,45.36311221064815,1,2,snapshot_20150919T025947Z
127579,12.139810046296295,1,1,snapshot_20150919T025947Z
127718,10.310160115740741,1,1,snapshot_20150919T025947Z
127910,106.47064039351852,1,2,snapshot_20150919T025947Z
128066,63.868469652777776,1,1,snapshot_20150919T025947Z
128147,64.08303978009259,1,2,snapshot_20150919T025947Z
128188,67.11497039351852,1,1,snapshot_20150919T025947Z
128223,106.35441274305556,1,1,snapshot_20150919T025947Z
128491,46.51929125,1,1,snapshot_20150919T025947Z
128578,106.44816802083334,1,1,snapshot_20150919T025947Z
128727,47.91086675925926,1,2,snapshot_20150919T025947Z
129046,66.27660557870371,1,1,snapshot_20150919T025947Z
129095,128.18863733796297,1,1,snapshot_20150919T025947Z
129198,43.25048851851852,1,1,snapshot_20150919T025947Z
129237,114.15792377314816,1,1,snapshot_20150919T025947Z
129434,79.47105141203704,1,1,snapshot_20150919T025947Z
129438,119.49059751157408,1,1,snapshot_20150919T025947Z
129443,128.01778780092593,1,1,snapshot_20150919T025947Z
129642,38.41648577546296,1,1,snapshot_20150919T025947Z
129689,105.2670634375,1,1,snapshot_20150919T025947Z
129708,54.26097752314814,2,2,snapshot_20150919T025947Z
129811,7.483281828703705,1,1,snapshot_20150919T025947Z
129940,74.37498273148148,1,1,snapshot_20150919T025947Z
130028,69.83190887731482,1,2,snapshot_20150919T025947Z
130293,82.11004310185186,2,2,snapshot_20150919T025947Z
130294,49.38774292824074,1,1,snapshot_20150919T025947Z
130478,128.33141699074073,1,1,snapshot_20150919T025947Z
130492,40.254320694444445,1,3,snapshot_20150919T025947Z
130658,46.02074234953704,1,1,snapshot_20150919T025947Z
130847,32.95138261574074,1,1,snapshot_20150919T025947Z
130917,91.21514353009259,1,1,snapshot_20150919T025947Z
130968,124.39816555555556,1,1,snapshot_20150919T025947Z
130983,22.49162451388889,1,1,snapshot_20150919T025947Z
131371,34.15731670138889,1,3,snapshot_20150919T025947Z
131578,91.20094094907408,1,1,snapshot_20150919T025947Z
131595,55.983713368055554,1,1,snapshot_20150919T025947Z
131725,118.51431114583332,1,1,snapshot_20150919T025947Z
131764,9.506192476851853,1,1,snapshot_20150919T025947Z
131768,12.169169363425926,1,1,snapshot_20150919T025947Z
131861,52.31082311342592,1,1,snapshot_20150919T025947Z
131954,90.0731656712963,1,1,snapshot_20150919T025947Z
132066,69.37578366898148,1,1,snapshot_20150919T025947Z
132168,37.53143137731482,1,1,snapshot_20150919T025947Z
132277,50.37643106481482,2,3,snapshot_20150919T025947Z
132645,14.33222462962963,1,1,snapshot_20150919T025947Z
132676,137.98380800925926,1,4,snapshot_20150919T025947Z
132727,17.165082025462965,2,2,snapshot_20150919T025947Z
132804,118.82727974537038,1,1,snapshot_20150919T025947Z
132823,67.99447947916667,1,1,snapshot_20150919T025947Z
132829,39.013074467592595,1,1,snapshot_20150919T025947Z
132882,58.17775230324074,1,1,snapshot_20150919T025947Z
133120,88.93221,1,1,snapshot_20150919T025947Z
133166,66.29875222222222,1,2,snapshot_20150919T025947Z
133456,10.195025752314814,1,1,snapshot_20150919T025947Z
133632,69.92956596064815,1,1,snapshot_20150919T025947Z
133645,88.08272517361111,1,1,snapshot_20150919T025947Z
133777,101.24564841435185,1,1,snapshot_20150919T025947Z
133817,15.149340636574074,1,1,snapshot_20150919T025947Z
134169,101.41515658564813,1,1,snapshot_20150919T025947Z
134248,13.367858148148146,1,1,snapshot_20150919T025947Z
134290,85.09084616898149,1,1,snapshot_20150919T025947Z
134360,46.41401155092593,1,1,snapshot_20150919T025947Z
134407,40.03198591435185,2,4,snapshot_20150919T025947Z
134524,84.22564247685185,1,1,snapshot_20150919T025947Z
134586,120.11530940972222,1,1,snapshot_20150919T025947Z
134685,51.37343282407407,1,1,snapshot_20150919T025947Z
134805,15.150291354166667,1,1,snapshot_20150919T025947Z
134868,39.25446299768519,1,1,snapshot_20150919T025947Z
135153,60.190347037037036,1,1,snapshot_20150919T025947Z
135201,88.61704318287038,1,1,snapshot_20150919T025947Z
135511,84.27519924768518,1,1,snapshot_20150919T025947Z
135719,3.2535361342592592,4,4,snapshot_20150919T025947Z
135738,64.30079211805555,1,1,snapshot_20150919T025947Z
135931,72.10932201388889,1,1,snapshot_20150919T025947Z
135997,130.7315719560185,1,1,snapshot_20150919T025947Z
136002,21.13357420138889,1,1,snapshot_20150919T025947Z
136280,65.94777141203704,1,1,snapshot_20150919T025947Z
136630,116.05543574074075,1,1,snapshot_20150919T025947Z
136855,67.36985277777778,1,1,snapshot_20150919T025947Z
136903,118.25639609953703,1,1,snapshot_20150919T025947Z
137011,47.994067719907406,1,2,snapshot_20150919T025947Z
137057,22.081448842592593,1,1,snapshot_20150919T025947Z
137110,84.44881827546297,1,1,snapshot_20150919T025947Z
137223,71.92823335648148,1,1,snapshot_20150919T025947Z
137285,44.42824533564815,2,2,snapshot_20150919T025947Z
137452,18.858661979166666,1,1,snapshot_20150919T025947Z
137613,48.317411319444446,1,1,snapshot_20150919T025947Z
137876,21.386022569444446,2,2,snapshot_20150919T025947Z
138021,29.861040381944445,1,3,snapshot_20150919T025947Z
138131,78.46145040509259,137,173,snapshot_20150919T025947Z
138304,67.000195,1,1,snapshot_20150919T025947Z
138322,39.98051403935185,1,1,snapshot_20150919T025947Z
138391,113.90924248842593,1,1,snapshot_20150919T025947Z
138458,36.00353366898148,1,1,snapshot_20150919T025947Z
138992,86.44398126157407,1,1,snapshot_20150919T025947Z
139064,108.3577799074074,1,1,snapshot_20150919T025947Z
139392,103.2142629976852,1,1,snapshot_20150919T025947Z
139696,123.01687421296296,2,2,snapshot_20150919T025947Z
139805,28.266739386574073,1,1,snapshot_20150919T025947Z
139850,24.84266759259259,1,5,snapshot_20150919T025947Z
139891,25.437087407407407,1,1,snapshot_20150919T025947Z
140115,73.61947944444445,1,1,snapshot_20150919T025947Z
140378,122.32942476851852,1,1,snapshot_20150919T025947Z
140568,87.19395582175926,1,1,snapshot_20150919T025947Z
140572,51.992283495370366,1,1,snapshot_20150919T025947Z
140810,8.423361296296296,1,1,snapshot_20150919T025947Z
140884,46.249040729166666,1,1,snapshot_20150919T025947Z
141016,121.96103891203704,1,1,snapshot_20150919T025947Z
141135,45.992971493055556,1,1,snapshot_20150919T025947Z
141660,7.828373888888889,1,1,snapshot_20150919T025947Z
141701,137.2468937152778,1,1,snapshot_20150919T025947Z
141790,21.998600034722223,1,1,snapshot_20150919T025947Z
141812,27.528192569444446,1,1,snapshot_20150919T025947Z
141819,20.043177708333335,1,1,snapshot_20150919T025947Z
141889,88.3741924537037,1,1,snapshot_20150919T025947Z
141905,28.27567627314815,1,1,snapshot_20150919T025947Z
142099,45.13805849537037,1,1,snapshot_20150919T025947Z
142284,11.347001030092592,1,1,snapshot_20150919T025947Z
142511,114.23877700231482,1,1,snapshot_20150919T025947Z
142611,40.43209013888889,1,1,snapshot_20150919T025947Z
142649,84.31387097222222,1,1,snapshot_20150919T025947Z
142785,121.21560877314813,2,2,snapshot_20150919T025947Z
143054,51.35733012731481,1,1,snapshot_20150919T025947Z
143059,77.04728657407406,1,3,snapshot_20150919T025947Z
143136,120.25404344907408,1,1,snapshot_20150919T025947Z
143174,18.362131655092593,1,1,snapshot_20150919T025947Z
143229,50.088046273148144,1,1,snapshot_20150919T025947Z
143361,47.873031886574076,1,1,snapshot_20150919T025947Z
143411,38.76231240740741,1,1,snapshot_20150919T025947Z
143585,63.205869131944446,1,1,snapshot_20150919T025947Z
143630,93.40665481481481,1,1,snapshot_20150919T025947Z
143679,105.34166753472222,1,1,snapshot_20150919T025947Z
143811,32.15143491898148,1,1,snapshot_20150919T025947Z
144274,98.90259210648149,2,2,snapshot_20150919T025947Z
144291,6.425347708333334,1,1,snapshot_20150919T025947Z
144378,46.15089040509259,1,1,snapshot_20150919T025947Z
144508,133.42771184027777,1,1,snapshot_20150919T025947Z
144513,23.529191655092593,1,2,snapshot_20150919T025947Z
144730,87.33639575231481,1,1,snapshot_20150919T025947Z
144849,42.45784962962963,3,5,snapshot_20150919T025947Z
145261,45.384704606481485,1,2,snapshot_20150919T025947Z
145274,111.20065105324075,1,3,snapshot_20150919T025947Z
145473,128.3593449074074,1,2,snapshot_20150919T025947Z
145492,65.9679951388889,1,1,snapshot_20150919T025947Z
145494,15.139104108796296,1,1,snapshot_20150919T025947Z
145611,137.2838644097222,1,1,snapshot_20150919T025947Z
145936,100.29515041666666,1,2,snapshot_20150919T025947Z
146419,137.08169050925926,1,1,snapshot_20150919T025947Z
146458,50.43723300925926,1,1,snapshot_20150919T025947Z
146479,76.3446450462963,1,1,snapshot_20150919T025947Z
146505,15.502484131944444,1,1,snapshot_20150919T025947Z
146522,137.06132795138888,1,1,snapshot_20150919T025947Z
146547,37.41566703703704,1,2,snapshot_20150919T025947Z
146643,54.1180925462963,3,4,snapshot_20150919T025947Z
146698,100.12157267361111,4,5,snapshot_20150919T025947Z
146997,68.1252135300926,1,1,snapshot_20150919T025947Z
147096,137.4193514814815,1,1,snapshot_20150919T025947Z
147248,58.94787560185185,1,2,snapshot_20150919T025947Z
147290,81.22357108796297,1,1,snapshot_20150919T025947Z
147585,87.39592831018518,1,1,snapshot_20150919T025947Z
147808,46.05585915509259,1,1,snapshot_20150919T025947Z
147954,107.32951475694443,1,1,snapshot_20150919T025947Z
148192,90.13469491898148,1,1,snapshot_20150919T025947Z
148227,51.309471817129634,1,1,snapshot_20150919T025947Z
148244,5.079847835648148,1,1,snapshot_20150919T025947Z
148264,137.35901921296295,1,1,snapshot_20150919T025947Z
148402,81.43787505787037,1,1,snapshot_20150919T025947Z
148453,85.32010496527778,1,1,snapshot_20150919T025947Z
148485,69.88571097222223,1,1,snapshot_20150919T025947Z
148531,66.08712833333334,1,1,snapshot_20150919T025947Z
148602,116.03394128472223,1,1,snapshot_20150919T025947Z
148615,36.3222356712963,1,1,snapshot_20150919T025947Z
148658,135.89831721064814,1,1,snapshot_20150919T025947Z
148811,101.48313443287036,1,1,snapshot_20150919T025947Z
148853,135.12888564814816,1,1,snapshot_20150919T025947Z
148923,29.11433392361111,1,1,snapshot_20150919T025947Z
149166,85.39378281249999,1,1,snapshot_20150919T025947Z
149194,107.49057741898149,1,1,snapshot_20150919T025947Z
149420,54.27071989583333,1,1,snapshot_20150919T025947Z
149673,114.22354756944445,1,1,snapshot_20150919T025947Z
149854,108.48258210648149,1,4,snapshot_20150919T025947Z
149978,101.2780280324074,1,3,snapshot_20150919T025947Z
149990,96.35932854166666,1,1,snapshot_20150919T025947Z
150133,112.23030893518518,1,1,snapshot_20150919T025947Z
150184,31.288638807870374,1,1,snapshot_20150919T025947Z
150421,77.1711158449074,1,1,snapshot_20150919T025947Z
150651,51.09090371527778,2,8,snapshot_20150919T025947Z
150737,94.97428863425925,1,1,snapshot_20150919T025947Z
150928,85.919059375,1,1,snapshot_20150919T025947Z
150983,68.09373149305556,1,1,snapshot_20150919T025947Z
151077,16.994267511574073,1,1,snapshot_20150919T025947Z
151138,37.37593357638889,1,1,snapshot_20150919T025947Z
151280,28.2263640162037,1,1,snapshot_20150919T025947Z
151448,73.16736444444444,1,1,snapshot_20150919T025947Z
151476,63.8460853587963,1,2,snapshot_20150919T025947Z
151498,107.41531318287038,1,1,snapshot_20150919T025947Z
151740,93.86352090277778,1,1,snapshot_20150919T025947Z
151847,130.33113907407406,1,1,snapshot_20150919T025947Z
152089,29.486005393518518,1,1,snapshot_20150919T025947Z
152357,51.44829755787037,1,2,snapshot_20150919T025947Z
152381,125.38855386574073,1,1,snapshot_20150919T025947Z
152404,128.61054721064815,1,1,snapshot_20150919T025947Z
152420,85.03042723379629,1,4,snapshot_20150919T025947Z
152693,30.141639421296297,2,4,snapshot_20150919T025947Z
152793,24.425298055555555,1,1,snapshot_20150919T025947Z
152887,60.61643178240741,1,1,snapshot_20150919T025947Z
152891,80.33642431712963,1,1,snapshot_20150919T025947Z
152902,2.211702789351852,1,1,snapshot_20150919T025947Z
152963,1.0115251273148147,278,349,snapshot_20150919T025947Z
153018,18.270596793981483,1,1,snapshot_20150919T025947Z
153118,2.565248564814815,1,3,snapshot_20150919T025947Z
153121,7.4696553819444444,1,1,snapshot_20150919T025947Z
153312,16.58235371527778,1,1,snapshot_20150919T025947Z
153431,125.14405436342592,1,1,snapshot_20150919T025947Z
153514,29.926829224537038,1,1,snapshot_20150919T025947Z
153536,47.89364396990741,1,1,snapshot_20150919T025947Z
153711,136.91063219907406,1,2,snapshot_20150919T025947Z
153780,46.3395534375,2,2,snapshot_20150919T025947Z
153934,66.38909777777778,1,1,snapshot_20150919T025947Z
154116,57.20838817129629,1,2,snapshot_20150919T025947Z
154155,3.845111898148148,1,1,snapshot_20150919T025947Z
154217,87.50156645833333,2,3,snapshot_20150919T025947Z
154352,55.89633915509259,1,1,snapshot_20150919T025947Z
154454,106.35302413194445,1,1,snapshot_20150919T025947Z
154476,99.29373684027777,1,1,snapshot_20150919T025947Z
154503,37.38223725694444,1,1,snapshot_20150919T025947Z
154559,45.20668251157407,1,1,snapshot_20150919T025947Z
154613,73.25380601851852,1,1,snapshot_20150919T025947Z
154662,131.27501810185186,1,1,snapshot_20150919T025947Z
154689,114.84705747685186,1,2,snapshot_20150919T025947Z
154766,99.06723805555556,1,1,snapshot_20150919T025947Z
154771,52.19450903935186,1,1,snapshot_20150919T025947Z
154919,59.31734668981481,1,3,snapshot_20150919T025947Z
154959,76.99122947916666,1,1,snapshot_20150919T025947Z
154970,89.07298,3,3,snapshot_20150919T025947Z
155060,3.9123131712962964,1,1,snapshot_20150919T025947Z
155086,24.19123023148148,1,6,snapshot_20150919T025947Z
155171,128.37937942129628,1,1,snapshot_20150919T025947Z
155278,96.16764032407407,1,1,snapshot_20150919T025947Z
155340,8.275064606481482,1,1,snapshot_20150919T025947Z
155701,125.16476722222222,1,1,snapshot_20150919T025947Z
155977,7.271959918981482,1,1,snapshot_20150919T025947Z
156002,100.50580939814814,1,1,snapshot_20150919T025947Z
156036,21.420374340277778,1,1,snapshot_20150919T025947Z
156382,30.376455601851852,1,1,snapshot_20150919T025947Z
156391,80.27694078703703,1,1,snapshot_20150919T025947Z
156453,114.3787745138889,1,1,snapshot_20150919T025947Z
156622,137.95992255787039,1,1,snapshot_20150919T025947Z
156674,44.43828436342592,1,1,snapshot_20150919T025947Z
156700,85.3749795949074,1,1,snapshot_20150919T025947Z
156883,10.190449143518519,1,1,snapshot_20150919T025947Z
156957,136.9024767361111,1,2,snapshot_20150919T025947Z
156973,107.26216497685185,1,1,snapshot_20150919T025947Z
157119,115.49494780092593,1,2,snapshot_20150919T025947Z
157122,59.87775892361111,1,1,snapshot_20150919T025947Z
157195,24.197265104166668,1,1,snapshot_20150919T025947Z
157419,98.86738363425927,3,6,snapshot_20150919T025947Z
157482,29.491290648148148,1,1,snapshot_20150919T025947Z
157614,118.01335909722222,1,1,snapshot_20150919T025947Z
157616,51.237036458333336,1,1,snapshot_20150919T025947Z
157737,135.30050040509258,1,1,snapshot_20150919T025947Z
157882,62.293811805555556,1,1,snapshot_20150919T025947Z
157998,69.80320693287037,1,1,snapshot_20150919T025947Z
158090,108.91505630787037,1,1,snapshot_20150919T025947Z
158161,30.91472873842593,1,1,snapshot_20150919T025947Z
158287,124.36790539351853,1,1,snapshot_20150919T025947Z
158456,93.09738202546296,1,1,snapshot_20150919T025947Z
158533,100.31054798611112,1,2,snapshot_20150919T025947Z
158558,56.38183414351852,2,2,snapshot_20150919T025947Z
158701,34.12635616898148,4,4,snapshot_20150919T025947Z
158720,55.40648596064815,1,3,snapshot_20150919T025947Z
159004,88.34702717592593,1,1,snapshot_20150919T025947Z
159030,60.09762905092593,1,1,snapshot_20150919T025947Z
159619,71.97807817129629,1,2,snapshot_20150919T025947Z
159827,35.090817118055554,1,1,snapshot_20150919T025947Z
160095,88.26807428240741,1,1,snapshot_20150919T025947Z
160369,39.166907627314814,1,1,snapshot_20150919T025947Z
160371,120.00516851851853,1,1,snapshot_20150919T025947Z
160561,73.21255258101851,1,1,snapshot_20150919T025947Z
160821,25.333648773148152,1,1,snapshot_20150919T025947Z
160862,71.20613732638888,1,1,snapshot_20150919T025947Z
161047,85.13896594907408,1,1,snapshot_20150919T025947Z
161529,108.34981751157406,1,1,snapshot_20150919T025947Z
161617,89.0009562962963,1,3,snapshot_20150919T025947Z
161626,29.412942847222222,1,1,snapshot_20150919T025947Z
161675,78.72578836805556,1,1,snapshot_20150919T025947Z
161883,60.505362777777776,1,1,snapshot_20150919T025947Z
161926,133.14861505787036,1,2,snapshot_20150919T025947Z
162009,5.037648090277777,1,1,snapshot_20150919T025947Z
162313,45.175265081018516,1,1,snapshot_20150919T025947Z
162385,130.0569907638889,2,2,snapshot_20150919T025947Z
162448,131.01309730324076,1,1,snapshot_20150919T025947Z
162576,68.26955175925926,1,1,snapshot_20150919T025947Z
162815,109.29525635416667,1,1,snapshot_20150919T025947Z
162932,28.428548761574074,1,1,snapshot_20150919T025947Z
163049,14.177753090277779,3,3,snapshot_20150919T025947Z
163083,64.19099671296297,2,2,snapshot_20150919T025947Z
163156,44.19231052083334,2,2,snapshot_20150919T025947Z
163365,120.40185439814816,1,1,snapshot_20150919T025947Z
163561,107.01840542824074,81,92,snapshot_20150919T025947Z
163632,71.01076181712963,2,2,snapshot_20150919T025947Z
163691,7.217419340277777,1,1,snapshot_20150919T025947Z
163700,77.39991581018518,1,1,snapshot_20150919T025947Z
163711,72.316169375,1,5,snapshot_20150919T025947Z
163836,67.36119357638889,1,1,snapshot_20150919T025947Z
164002,73.20962519675925,1,2,snapshot_20150919T025947Z
164303,63.198474664351856,1,1,snapshot_20150919T025947Z
164630,94.8796976736111,1,1,snapshot_20150919T025947Z
164985,117.96871339120369,1,1,snapshot_20150919T025947Z
164995,96.42356292824074,1,2,snapshot_20150919T025947Z
165003,30.26598305555556,1,1,snapshot_20150919T025947Z
165257,14.449623634259261,1,1,snapshot_20150919T025947Z
165440,71.10923623842592,1,1,snapshot_20150919T025947Z
165696,86.60877299768518,1,1,snapshot_20150919T025947Z
165710,22.86758704861111,1,1,snapshot_20150919T025947Z
165718,91.92068541666666,1,1,snapshot_20150919T025947Z
165843,51.859262280092594,1,4,snapshot_20150919T025947Z
166027,24.990195439814816,1,2,snapshot_20150919T025947Z
166173,106.31301721064816,1,1,snapshot_20150919T025947Z
166371,109.917144375,1,1,snapshot_20150919T025947Z
166590,73.14022369212962,2,4,snapshot_20150919T025947Z
166605,6.44665912037037,1,1,snapshot_20150919T025947Z
166787,127.2253072337963,1,1,snapshot_20150919T025947Z
167086,4.913368506944444,1,1,snapshot_20150919T025947Z
167101,43.01267895833333,1,1,snapshot_20150919T025947Z
167336,11.318967534722223,1,1,snapshot_20150919T025947Z
167394,8.224103078703704,1,1,snapshot_20150919T025947Z
167489,108.3742244675926,2,2,snapshot_20150919T025947Z
167506,38.306024872685185,1,1,snapshot_20150919T025947Z
167511,73.30775868055555,1,3,snapshot_20150919T025947Z
167556,101.62697556712962,1,1,snapshot_20150919T025947Z
167876,101.11462262731482,1,1,snapshot_20150919T025947Z
167887,11.921298587962962,1,1,snapshot_20150919T025947Z
168008,119.09785359953705,1,1,snapshot_20150919T025947Z
168135,3.984496527777778,1,1,snapshot_20150919T025947Z
168272,133.9665257175926,1,1,snapshot_20150919T025947Z
168289,138.10240900462964,1,1,snapshot_20150919T025947Z
168505,63.38342237268518,1,1,snapshot_20150919T025947Z
168684,81.15686717592592,1,1,snapshot_20150919T025947Z
168685,108.01422327546297,3,6,snapshot_20150919T025947Z
168761,97.30727094907408,1,1,snapshot_20150919T025947Z
168889,94.1354586111111,1,1,snapshot_20150919T025947Z
168932,18.88128681712963,1,1,snapshot_20150919T025947Z
169103,119.44604226851851,1,1,snapshot_20150919T025947Z
169111,116.35019865740742,1,1,snapshot_20150919T025947Z
169151,17.447910879629628,2,8,snapshot_20150919T025947Z
169328,67.34997891203705,1,1,snapshot_20150919T025947Z
169369,136.3496426388889,2,4,snapshot_20150919T025947Z
169436,62.11636462962963,1,1,snapshot_20150919T025947Z
169486,68.20143366898148,1,2,snapshot_20150919T025947Z
169576,26.212951979166668,1,1,snapshot_20150919T025947Z
169589,94.3413259375,1,3,snapshot_20150919T025947Z
169803,58.13553747685185,1,1,snapshot_20150919T025947Z
169902,13.85918115740741,1,1,snapshot_20150919T025947Z
170096,128.23204237268519,1,1,snapshot_20150919T025947Z
170130,8.542191030092594,1,1,snapshot_20150919T025947Z
170470,133.99944899305555,3,14,snapshot_20150919T025947Z
170618,102.31039396990742,1,2,snapshot_20150919T025947Z
170791,3.310987118055556,1,2,snapshot_20150919T025947Z
171070,67.22714023148148,1,1,snapshot_20150919T025947Z
171135,79.19202725694444,1,3,snapshot_20150919T025947Z
171174,64.40441313657408,1,1,snapshot_20150919T025947Z
171308,73.99491487268519,1,1,snapshot_20150919T025947Z
171376,3.4586663541666667,1,2,snapshot_20150919T025947Z
171457,91.98632611111111,1,1,snapshot_20150919T025947Z
171560,136.43686725694445,1,1,snapshot_20150919T025947Z
171598,132.98206202546297,1,1,snapshot_20150919T025947Z
171688,42.27973962962963,1,1,snapshot_20150919T025947Z
171693,136.19869961805554,1,1,snapshot_20150919T025947Z
171718,7.497014212962964,2,33,snapshot_20150919T025947Z
171743,86.85104377314815,1,1,snapshot_20150919T025947Z
171785,30.0934312962963,1,1,snapshot_20150919T025947Z
172015,28.985564328703703,1,1,snapshot_20150919T025947Z
172104,31.88013957175926,1,1,snapshot_20150919T025947Z
172132,61.41749006944445,1,1,snapshot_20150919T025947Z
172244,112.08695809027778,1,1,snapshot_20150919T025947Z
172467,9.144774814814815,1,2,snapshot_20150919T025947Z
172623,100.31633280092592,1,1,snapshot_20150919T025947Z
172634,138.25636601851852,1,1,snapshot_20150919T025947Z
173019,45.521914629629634,1,1,snapshot_20150919T025947Z
173056,60.436013020833336,1,5,snapshot_20150919T025947Z
173405,74.91641568287038,1,1,snapshot_20150919T025947Z
173494,23.03931929398148,1,1,snapshot_20150919T025947Z
173517,17.429029502314815,1,1,snapshot_20150919T025947Z
173657,4.526178773148148,1,2,snapshot_20150919T025947Z
173863,3.4273546527777774,28,31,snapshot_20150919T025947Z
173931,52.0562556712963,2,2,snapshot_20150919T025947Z
174405,52.40483128472223,1,1,snapshot_20150919T025947Z
174494,86.24933362268519,1,1,snapshot_20150919T025947Z
174823,6.422701435185185,1,1,snapshot_20150919T025947Z
174972,53.73641776620371,6,11,snapshot_20150919T025947Z
174983,136.21351295138888,1,1,snapshot_20150919T025947Z
175106,46.42728695601852,1,2,snapshot_20150919T025947Z
175586,84.32590621527778,1,1,snapshot_20150919T025947Z
175709,45.32828626157408,1,1,snapshot_20150919T025947Z
175771,63.05381938657408,1,1,snapshot_20150919T025947Z
175801,56.237059583333334,12,13,snapshot_20150919T025947Z
175822,70.46096266203703,1,1,snapshot_20150919T025947Z
175888,10.01987087962963,1,1,snapshot_20150919T025947Z
175890,9.043905960648148,1,3,snapshot_20150919T025947Z
175940,45.26397586805556,1,1,snapshot_20150919T025947Z
176153,59.01996221064815,1,1,snapshot_20150919T025947Z
176356,19.462533425925926,1,1,snapshot_20150919T025947Z
176379,138.27629163194445,1,1,snapshot_20150919T025947Z
176491,126.8989479976852,1,1,snapshot_20150919T025947Z
176615,117.26106638888889,1,1,snapshot_20150919T025947Z
176878,131.3239403935185,1,2,snapshot_20150919T025947Z
176892,125.40860230324074,1,1,snapshot_20150919T025947Z
176939,41.96543219907407,1,1,snapshot_20150919T025947Z
176986,74.06130122685185,1,1,snapshot_20150919T025947Z
177211,17.915326539351852,2,8,snapshot_20150919T025947Z
177257,4.672958946759259,1,1,snapshot_20150919T025947Z
177488,127.41082085648148,1,1,snapshot_20150919T025947Z
177537,81.07945888888888,1,1,snapshot_20150919T025947Z
177547,124.43890135416666,1,1,snapshot_20150919T025947Z
178066,109.86341348379631,1,1,snapshot_20150919T025947Z
178281,33.91796758101852,1,1,snapshot_20150919T025947Z
178888,64.27350237268519,1,1,snapshot_20150919T025947Z
178902,77.13664203703705,1,5,snapshot_20150919T025947Z
178925,127.276234375,1,1,snapshot_20150919T025947Z
179034,81.17970188657407,1,1,snapshot_20150919T025947Z
179091,114.31428783564816,1,1,snapshot_20150919T025947Z
179210,48.040986527777775,1,1,snapshot_20150919T025947Z
179314,77.52974730324074,1,3,snapshot_20150919T025947Z
179353,33.33795642361111,1,2,snapshot_20150919T025947Z
179362,45.493719097222225,1,1,snapshot_20150919T025947Z
179448,96.21858172453703,1,1,snapshot_20150919T025947Z
179772,85.48609302083334,1,3,snapshot_20150919T025947Z
179972,28.083361400462962,1,1,snapshot_20150919T025947Z
180133,136.35398878472222,1,1,snapshot_20150919T025947Z
180275,30.19370340277778,1,1,snapshot_20150919T025947Z
180504,113.3896914699074,1,1,snapshot_20150919T025947Z
180648,45.38140327546296,1,1,snapshot_20150919T025947Z
180776,58.26937695601852,1,1,snapshot_20150919T025947Z
180810,135.35902289351853,1,1,snapshot_20150919T025947Z
180818,46.921859131944444,1,1,snapshot_20150919T025947Z
181041,131.48216148148148,1,1,snapshot_20150919T025947Z
181252,134.36726947916668,1,1,snapshot_20150919T025947Z
181318,100.28475569444446,1,1,snapshot_20150919T025947Z
181723,80.17189354166666,1,1,snapshot_20150919T025947Z
181727,43.20038961805556,1,1,snapshot_20150919T025947Z
181771,84.55929765046297,1,1,snapshot_20150919T025947Z
181889,127.93435166666666,1,1,snapshot_20150919T025947Z
181972,81.41474736111111,1,1,snapshot_20150919T025947Z
182047,86.85390583333333,1,1,snapshot_20150919T025947Z
182055,95.24480087962964,1,2,snapshot_20150919T025947Z
182143,136.0072231712963,1,3,snapshot_20150919T025947Z
182156,114.0139142361111,1,4,snapshot_20150919T025947Z
182406,31.84629752314815,1,1,snapshot_20150919T025947Z
182428,25.23053143518519,1,1,snapshot_20150919T025947Z
182451,29.96268712962963,1,1,snapshot_20150919T025947Z
182582,80.74461814814815,1,1,snapshot_20150919T025947Z
182637,7.151091018518518,1,1,snapshot_20150919T025947Z
182994,38.430614525462964,1,1,snapshot_20150919T025947Z
183206,119.8694447337963,1,1,snapshot_20150919T025947Z
183620,111.51017798611112,1,1,snapshot_20150919T025947Z
184607,80.11791583333334,1,1,snapshot_20150919T025947Z
184974,106.0939641898148,1,1,snapshot_20150919T025947Z
185025,134.30596506944443,1,1,snapshot_20150919T025947Z
185172,122.29856725694444,1,2,snapshot_20150919T025947Z
185242,127.97602019675925,1,1,snapshot_20150919T025947Z
185269,110.54572153935185,1,1,snapshot_20150919T025947Z
185483,120.24665098379629,1,1,snapshot_20150919T025947Z
185552,115.41059456018517,1,1,snapshot_20150919T025947Z
185564,119.0528572800926,1,5,snapshot_20150919T025947Z
185643,124.28887797453704,1,1,snapshot_20150919T025947Z
185790,86.465819375,2,3,snapshot_20150919T025947Z
185928,82.89021094907407,2,2,snapshot_20150919T025947Z
185947,75.38356295138888,1,1,snapshot_20150919T025947Z
185971,37.16452070601852,1,1,snapshot_20150919T025947Z
186080,75.19307957175926,1,1,snapshot_20150919T025947Z
186223,49.178300972222225,1,1,snapshot_20150919T025947Z
186445,92.2803297337963,1,1,snapshot_20150919T025947Z
186588,103.9770663425926,1,1,snapshot_20150919T025947Z
186733,97.38328172453703,1,1,snapshot_20150919T025947Z
186774,11.254182835648148,1,1,snapshot_20150919T025947Z
186927,53.69387496527778,3,10,snapshot_20150919T025947Z
187035,42.19520074074074,1,2,snapshot_20150919T025947Z
187196,36.40225731481482,1,1,snapshot_20150919T025947Z
187302,106.8967562037037,1,1,snapshot_20150919T025947Z
187327,84.28155979166667,1,1,snapshot_20150919T025947Z
187404,129.45397515046295,1,1,snapshot_20150919T025947Z
187536,18.493707025462964,1,1,snapshot_20150919T025947Z
187991,15.973619351851852,1,2,snapshot_20150919T025947Z
188096,102.31053826388887,1,1,snapshot_20150919T025947Z
188116,36.876582106481486,1,10,snapshot_20150919T025947Z
188120,117.18613839120371,1,1,snapshot_20150919T025947Z
188270,16.279188287037037,1,1,snapshot_20150919T025947Z
188684,60.32791719907407,1,1,snapshot_20150919T025947Z
188716,119.02580947916665,1,1,snapshot_20150919T025947Z
189240,106.30702771990741,2,2,snapshot_20150919T025947Z
189377,74.33761027777777,1,1,snapshot_20150919T025947Z
189381,10.385213263888888,1,1,snapshot_20150919T025947Z
189384,109.45682416666665,1,2,snapshot_20150919T025947Z
189473,59.00789142361111,1,1,snapshot_20150919T025947Z
189702,13.070759421296296,1,1,snapshot_20150919T025947Z
189838,25.350210787037035,1,1,snapshot_20150919T025947Z
189934,49.42937974537037,1,1,snapshot_20150919T025947Z
190037,47.201479016203706,1,1,snapshot_20150919T025947Z
190159,93.35196439814816,1,1,snapshot_20150919T025947Z
190644,20.04526747685185,1,1,snapshot_20150919T025947Z
190672,138.4088815740741,3,3,snapshot_20150919T025947Z
190678,17.421583460648147,1,1,snapshot_20150919T025947Z
190756,116.80290725694445,1,1,snapshot_20150919T025947Z
190867,118.22093797453702,1,1,snapshot_20150919T025947Z
190940,104.26354802083334,1,1,snapshot_20150919T025947Z
191153,70.32440951388888,1,1,snapshot_20150919T025947Z
191439,109.36771469907409,1,1,snapshot_20150919T025947Z
191448,47.27202384259259,1,1,snapshot_20150919T025947Z
191477,35.41384356481481,1,2,snapshot_20150919T025947Z
191576,35.39304674768518,1,1,snapshot_20150919T025947Z
191632,22.04016019675926,1,1,snapshot_20150919T025947Z
191637,25.468303888888887,2,8,snapshot_20150919T025947Z
191886,65.83554626157407,1,2,snapshot_20150919T025947Z
191952,121.54248395833334,1,1,snapshot_20150919T025947Z
191994,120.20536458333333,1,1,snapshot_20150919T025947Z
192030,78.3864700462963,1,1,snapshot_20150919T025947Z
192298,46.051506967592594,1,1,snapshot_20150919T025947Z
192352,47.95166373842593,1,2,snapshot_20150919T025947Z
192511,54.43271677083334,1,1,snapshot_20150919T025947Z
192595,93.43769401620371,1,1,snapshot_20150919T025947Z
192619,35.25298392361111,1,1,snapshot_20150919T025947Z
192890,66.5719920949074,1,6,snapshot_20150919T025947Z
193036,103.4214255787037,1,1,snapshot_20150919T025947Z
193126,87.28236666666668,1,1,snapshot_20150919T025947Z
193268,67.88212355324073,1,1,snapshot_20150919T025947Z
193622,67.22601540509258,1,1,snapshot_20150919T025947Z
193864,18.344988391203703,1,1,snapshot_20150919T025947Z
193924,95.23929194444445,1,1,snapshot_20150919T025947Z
193936,38.80944399305556,1,1,snapshot_20150919T025947Z
194416,113.21240939814815,1,1,snapshot_20150919T025947Z
194560,71.38093362268519,1,1,snapshot_20150919T025947Z
194644,25.33315434027778,1,1,snapshot_20150919T025947Z
194818,76.18314672453704,1,1,snapshot_20150919T025947Z
195248,100.9298058449074,1,1,snapshot_20150919T025947Z
195534,127.40972876157407,1,1,snapshot_20150919T025947Z
195623,100.42709556712963,1,1,snapshot_20150919T025947Z
195657,36.18622759259259,1,1,snapshot_20150919T025947Z
195721,113.1738344675926,1,2,snapshot_20150919T025947Z
195807,86.78960564814815,1,1,snapshot_20150919T025947Z
195911,63.91010348379629,1,1,snapshot_20150919T025947Z
195919,46.032798391203706,1,1,snapshot_20150919T025947Z
196024,31.37768351851852,1,3,snapshot_20150919T025947Z
196046,108.17911841435185,1,1,snapshot_20150919T025947Z
196080,94.23292163194444,1,1,snapshot_20150919T025947Z
196114,116.11801525462963,1,1,snapshot_20150919T025947Z
196128,106.22491337962964,1,2,snapshot_20150919T025947Z
196181,85.52124033564814,2,5,snapshot_20150919T025947Z
196502,108.30118277777778,1,1,snapshot_20150919T025947Z
196902,72.92944519675926,1,1,snapshot_20150919T025947Z
197230,134.22409320601852,1,1,snapshot_20150919T025947Z
197290,45.99553886574074,1,1,snapshot_20150919T025947Z
197366,72.39452649305555,1,1,snapshot_20150919T025947Z
197491,45.185952881944445,1,1,snapshot_20150919T025947Z
197547,124.02502298611111,1,1,snapshot_20150919T025947Z
197548,129.85895418981482,1,1,snapshot_20150919T025947Z
197559,132.37419925925926,1,1,snapshot_20150919T025947Z
197591,97.43415431712963,1,1,snapshot_20150919T025947Z
197686,96.46484771990741,2,2,snapshot_20150919T025947Z
197879,131.05564052083332,1,1,snapshot_20150919T025947Z
197926,10.218802719907409,1,1,snapshot_20150919T025947Z
197971,70.41332590277777,1,1,snapshot_20150919T025947Z
198045,42.013957986111116,1,2,snapshot_20150919T025947Z
198145,98.15380763888889,1,1,snapshot_20150919T025947Z
198153,15.168723125000001,10,10,snapshot_20150919T025947Z
198270,2.3096368287037037,88,104,snapshot_20150919T025947Z
198299,67.03863765046296,1,1,snapshot_20150919T025947Z
198573,16.52763347222222,1,4,snapshot_20150919T025947Z
198764,102.32945260416666,1,1,snapshot_20150919T025947Z
198921,72.21694252314815,1,1,snapshot_20150919T025947Z
199033,35.347915381944446,1,1,snapshot_20150919T025947Z
199153,26.899879085648145,1,1,snapshot_20150919T025947Z
199297,79.17267612268519,1,1,snapshot_20150919T025947Z
199473,64.27042982638889,1,1,snapshot_20150919T025947Z
199880,102.20076754629629,1,1,snapshot_20150919T025947Z
199919,128.4849947337963,1,1,snapshot_20150919T025947Z
199929,116.99928866898148,1,1,snapshot_20150919T025947Z
200073,65.29772890046296,1,2,snapshot_20150919T025947Z
200161,136.30758515046298,1,1,snapshot_20150919T025947Z
200262,72.16260706018518,1,1,snapshot_20150919T025947Z
200329,128.22306484953702,1,1,snapshot_20150919T025947Z
200442,86.05896445601851,1,2,snapshot_20150919T025947Z
200454,38.20247710648148,1,1,snapshot_20150919T025947Z
200559,53.3780303125,3,4,snapshot_20150919T025947Z
200742,39.92956420138889,1,1,snapshot_20150919T025947Z
200824,78.11004700231481,1,1,snapshot_20150919T025947Z
201005,125.97708527777777,1,1,snapshot_20150919T025947Z
201024,87.92746832175926,1,1,snapshot_20150919T025947Z
201183,36.16996916666667,2,2,snapshot_20150919T025947Z
201495,134.32680416666668,1,3,snapshot_20150919T025947Z
201690,84.44578518518519,1,1,snapshot_20150919T025947Z
201718,94.92200184027777,1,1,snapshot_20150919T025947Z
202009,136.55238422453704,1,1,snapshot_20150919T025947Z
202080,34.23848394675926,1,2,snapshot_20150919T025947Z
202290,81.24973082175926,1,1,snapshot_20150919T025947Z
202410,74.96260033564815,1,1,snapshot_20150919T025947Z
202449,118.23361289351851,1,1,snapshot_20150919T025947Z
202825,24.508061041666664,1,1,snapshot_20150919T025947Z
202835,44.17172988425926,1,1,snapshot_20150919T025947Z
203017,37.37824340277778,1,2,snapshot_20150919T025947Z
203051,123.39400269675927,1,3,snapshot_20150919T025947Z
203197,24.312476215277776,1,1,snapshot_20150919T025947Z
203225,67.3371811574074,1,1,snapshot_20150919T025947Z
203482,113.27454747685186,1,1,snapshot_20150919T025947Z
203490,66.32944381944445,1,3,snapshot_20150919T025947Z
203525,20.89210068287037,1,1,snapshot_20150919T025947Z
203561,134.48519300925926,1,1,snapshot_20150919T025947Z
203639,114.18464020833335,1,2,snapshot_20150919T025947Z
203828,26.135876342592592,1,2,snapshot_20150919T025947Z
203851,64.17797291666668,1,1,snapshot_20150919T025947Z
203955,19.983337268518518,1,1,snapshot_20150919T025947Z
203974,50.41206208333333,1,1,snapshot_20150919T025947Z
204097,78.04949729166667,1,1,snapshot_20150919T025947Z
204101,61.46239560185186,1,1,snapshot_20150919T025947Z
204180,136.53958905092594,1,2,snapshot_20150919T025947Z
204276,42.42743901620371,1,1,snapshot_20150919T025947Z
204328,44.30213012731482,1,1,snapshot_20150919T025947Z
204341,80.88789592592592,1,1,snapshot_20150919T025947Z
204392,84.07793564814814,1,1,snapshot_20150919T025947Z
204458,69.40180660879629,1,1,snapshot_20150919T025947Z
204496,81.46334969907407,1,1,snapshot_20150919T025947Z
204831,93.20454636574074,1,1,snapshot_20150919T025947Z
204853,35.786786631944445,1,1,snapshot_20150919T025947Z
204995,91.93546079861112,1,1,snapshot_20150919T025947Z
205085,88.35382542824074,1,1,snapshot_20150919T025947Z
205139,93.99678238425926,1,1,snapshot_20150919T025947Z
205203,6.387197256944444,1,1,snapshot_20150919T025947Z
205453,16.88497087962963,1,1,snapshot_20150919T025947Z
205501,46.93114871527778,1,1,snapshot_20150919T025947Z
206021,135.1440919560185,1,1,snapshot_20150919T025947Z
206078,121.4032207638889,1,1,snapshot_20150919T025947Z
206238,87.2521615162037,1,1,snapshot_20150919T025947Z
206291,34.80005962962963,1,1,snapshot_20150919T025947Z
207043,105.88694957175926,1,1,snapshot_20150919T025947Z
207157,72.93669298611111,1,1,snapshot_20150919T025947Z
207360,13.3256609375,1,1,snapshot_20150919T025947Z
207663,25.390413310185185,1,3,snapshot_20150919T025947Z
207737,124.40259756944444,1,1,snapshot_20150919T025947Z
207917,107.3714903125,1,1,snapshot_20150919T025947Z
208352,31.260344687499998,1,1,snapshot_20150919T025947Z
208452,85.91877415509259,1,1,snapshot_20150919T025947Z
208539,74.9448031712963,1,1,snapshot_20150919T025947Z
208560,106.43659835648147,1,2,snapshot_20150919T025947Z
208662,11.44865849537037,3,3,snapshot_20150919T025947Z
208678,108.17630443287037,1,1,snapshot_20150919T025947Z
208998,133.89926258101852,1,1,snapshot_20150919T025947Z
209170,116.99715550925926,1,1,snapshot_20150919T025947Z
209317,35.908969375,1,1,snapshot_20150919T025947Z
209372,72.17077042824074,1,1,snapshot_20150919T025947Z
209395,44.34399783564815,1,1,snapshot_20150919T025947Z
209415,26.413671608796296,1,1,snapshot_20150919T025947Z
209453,43.25236898148148,1,1,snapshot_20150919T025947Z
209550,39.30281946759259,1,1,snapshot_20150919T025947Z
209557,60.26315041666667,1,1,snapshot_20150919T025947Z
209591,126.08458028935185,1,1,snapshot_20150919T025947Z
209895,6.411398298611111,1,1,snapshot_20150919T025947Z
209918,134.8715674074074,1,2,snapshot_20150919T025947Z
209959,123.21881586805556,1,1,snapshot_20150919T025947Z
209964,126.34810491898149,1,3,snapshot_20150919T025947Z
210176,126.21328215277778,1,1,snapshot_20150919T025947Z
210282,67.22764351851852,1,1,snapshot_20150919T025947Z
210349,53.088333900462956,1,1,snapshot_20150919T025947Z
210388,115.36911402777777,1,1,snapshot_20150919T025947Z
210644,63.4089234375,1,4,snapshot_20150919T025947Z
210860,129.40174857638888,1,1,snapshot_20150919T025947Z
211122,20.495200127314813,1,1,snapshot_20150919T025947Z
211130,42.86429532407407,1,1,snapshot_20150919T025947Z
211211,127.3242827662037,1,1,snapshot_20150919T025947Z
211269,105.47349430555555,1,1,snapshot_20150919T025947Z
211278,93.97329393518518,1,1,snapshot_20150919T025947Z
211300,84.02819026620371,1,1,snapshot_20150919T025947Z
211412,49.1191021875,1,2,snapshot_20150919T025947Z
211550,78.37940523148148,1,1,snapshot_20150919T025947Z
211574,98.44668775462964,2,2,snapshot_20150919T025947Z
211590,114.26210650462963,1,1,snapshot_20150919T025947Z
211706,59.87666074074074,1,3,snapshot_20150919T025947Z
211887,88.96089179398147,1,1,snapshot_20150919T025947Z
212213,54.39866643518519,1,1,snapshot_20150919T025947Z
212442,134.0249962037037,1,2,snapshot_20150919T025947Z
212610,72.35441738425925,1,1,snapshot_20150919T025947Z
212886,35.5690228125,1,1,snapshot_20150919T025947Z
213089,97.1799922800926,1,1,snapshot_20150919T025947Z
213098,103.17141350694445,1,1,snapshot_20150919T025947Z
213137,79.12663407407408,1,1,snapshot_20150919T025947Z
213145,102.18346053240741,16,18,snapshot_20150919T025947Z
213213,133.05819910879632,1,1,snapshot_20150919T025947Z
213240,108.47955185185184,1,1,snapshot_20150919T025947Z
213276,76.16044974537037,1,2,snapshot_20150919T025947Z
213323,23.164301469907407,1,1,snapshot_20150919T025947Z
213330,45.33536079861111,1,1,snapshot_20150919T025947Z
213378,25.174359988425927,1,1,snapshot_20150919T025947Z
213393,92.88474905092592,1,1,snapshot_20150919T025947Z
213467,38.36429921296296,1,1,snapshot_20150919T025947Z
213518,77.22284172453705,1,1,snapshot_20150919T025947Z
213865,42.54165988425926,1,1,snapshot_20150919T025947Z
213901,7.34964048611111,1,1,snapshot_20150919T025947Z
213910,92.06662998842593,1,1,snapshot_20150919T025947Z
214083,45.149856122685186,1,1,snapshot_20150919T025947Z
214105,38.24524523148148,1,2,snapshot_20150919T025947Z
214193,31.42230431712963,1,2,snapshot_20150919T025947Z
214421,134.25246487268518,1,1,snapshot_20150919T025947Z
214426,73.96854512731481,1,1,snapshot_20150919T025947Z
214479,14.394242476851852,1,5,snapshot_20150919T025947Z
214762,93.30373688657407,1,1,snapshot_20150919T025947Z
214786,53.27618944444445,1,1,snapshot_20150919T025947Z
214957,78.86235466435186,1,1,snapshot_20150919T025947Z
214985,130.0403766550926,1,1,snapshot_20150919T025947Z
215049,53.17240607638889,1,6,snapshot_20150919T025947Z
215082,53.12945909722222,1,1,snapshot_20150919T025947Z
215257,81.10999033564815,1,1,snapshot_20150919T025947Z
215474,89.12709068287037,1,1,snapshot_20150919T025947Z
215703,55.99201766203704,1,1,snapshot_20150919T025947Z
215902,110.15201956018518,1,1,snapshot_20150919T025947Z
216020,60.3233174537037,1,1,snapshot_20150919T025947Z
216160,129.32270012731482,1,1,snapshot_20150919T025947Z
216471,68.2128675462963,1,2,snapshot_20150919T025947Z
216650,138.02558268518519,1,1,snapshot_20150919T025947Z
216662,12.290866331018519,2,2,snapshot_20150919T025947Z
216984,64.92258077546296,1,1,snapshot_20150919T025947Z
216994,83.24662241898149,1,1,snapshot_20150919T025947Z
217089,95.22990506944446,1,1,snapshot_20150919T025947Z
217214,92.25225200231482,1,1,snapshot_20150919T025947Z
217419,40.34806979166667,1,2,snapshot_20150919T025947Z
217712,93.99600831018519,1,1,snapshot_20150919T025947Z
217773,109.25514334490741,1,1,snapshot_20150919T025947Z
217982,93.45669369212963,1,1,snapshot_20150919T025947Z
218081,77.12931429398148,1,1,snapshot_20150919T025947Z
218217,133.89718431712961,2,2,snapshot_20150919T025947Z
218274,42.36872215277778,1,1,snapshot_20150919T025947Z
218469,71.8443069212963,1,1,snapshot_20150919T025947Z
218640,91.40028516203704,1,1,snapshot_20150919T025947Z
218648,36.310754976851854,19,22,snapshot_20150919T025947Z
218658,18.3143703125,1,1,snapshot_20150919T025947Z
218828,21.37079559027778,6,6,snapshot_20150919T025947Z
218871,125.11641623842593,1,1,snapshot_20150919T025947Z
219013,123.82189960648148,1,1,snapshot_20150919T025947Z
219105,63.37645751157407,1,1,snapshot_20150919T025947Z
219332,81.0930173726852,1,1,snapshot_20150919T025947Z
219588,11.251192337962964,1,2,snapshot_20150919T025947Z
219768,10.204223657407407,1,1,snapshot_20150919T025947Z
219788,66.30506761574074,3,13,snapshot_20150919T025947Z
219874,30.364090868055555,1,1,snapshot_20150919T025947Z
219932,44.05503811342593,1,1,snapshot_20150919T025947Z
220099,24.881719560185182,1,1,snapshot_20150919T025947Z
220296,89.46230862268519,1,1,snapshot_20150919T025947Z
220300,23.506420185185185,1,1,snapshot_20150919T025947Z
220379,125.31296180555556,1,1,snapshot_20150919T025947Z
220386,124.9935699537037,1,1,snapshot_20150919T025947Z
220404,79.40419070601851,1,1,snapshot_20150919T025947Z
220481,46.28887989583333,1,1,snapshot_20150919T025947Z
220840,73.78114429398148,4,4,snapshot_20150919T025947Z
220911,87.38986211805556,1,1,snapshot_20150919T025947Z
220948,115.20430652777779,1,1,snapshot_20150919T025947Z
221046,86.87324502314814,1,1,snapshot_20150919T025947Z
221055,75.10550399305555,1,1,snapshot_20150919T025947Z
221099,97.12795037037037,2,2,snapshot_20150919T025947Z
221176,137.47415309027778,1,1,snapshot_20150919T025947Z
221190,106.24500171296296,1,1,snapshot_20150919T025947Z
221211,60.393279791666664,1,1,snapshot_20150919T025947Z
221249,118.89038841435186,1,3,snapshot_20150919T025947Z
221331,14.974244861111112,1,1,snapshot_20150919T025947Z
221662,1.410282060185185,1,1,snapshot_20150919T025947Z
221764,117.42490221064816,1,1,snapshot_20150919T025947Z
221809,114.07257692129629,1,1,snapshot_20150919T025947Z
221868,15.216363321759259,1,2,snapshot_20150919T025947Z
221900,101.31306686342593,1,1,snapshot_20150919T025947Z
221998,68.19017842592592,1,1,snapshot_20150919T025947Z
222046,77.41358814814815,8,17,snapshot_20150919T025947Z
222174,74.98433671296296,1,2,snapshot_20150919T025947Z
222350,128.42382752314816,1,2,snapshot_20150919T025947Z
222411,39.15980034722222,1,1,snapshot_20150919T025947Z
222425,39.303954814814816,1,1,snapshot_20150919T025947Z
222459,130.28925449074075,1,1,snapshot_20150919T025947Z
222475,53.11887451388889,1,1,snapshot_20150919T025947Z
222534,81.40060484953703,1,1,snapshot_20150919T025947Z
222570,71.3885936574074,1,1,snapshot_20150919T025947Z
222575,78.91314517361111,1,1,snapshot_20150919T025947Z
222696,94.35653628472222,1,1,snapshot_20150919T025947Z
223283,78.26572179398148,1,1,snapshot_20150919T025947Z
223303,130.17948167824073,1,1,snapshot_20150919T025947Z
223493,58.28710097222223,1,1,snapshot_20150919T025947Z
223972,37.937421064814814,1,1,snapshot_20150919T025947Z
223996,127.1039117013889,2,2,snapshot_20150919T025947Z
224248,33.21479884259259,1,1,snapshot_20150919T025947Z
224497,110.22219032407408,1,1,snapshot_20150919T025947Z
224553,8.21670289351852,1,1,snapshot_20150919T025947Z
224732,48.041872337962964,3,3,snapshot_20150919T025947Z
224773,75.10571162037037,1,1,snapshot_20150919T025947Z
224777,53.86549229166667,1,2,snapshot_20150919T025947Z
224781,15.453735844907408,1,1,snapshot_20150919T025947Z
224841,96.85340157407407,1,1,snapshot_20150919T025947Z
224855,54.090610787037036,1,2,snapshot_20150919T025947Z
224928,93.17583078703704,1,3,snapshot_20150919T025947Z
225006,135.31025416666668,1,1,snapshot_20150919T025947Z
225030,49.10905512731481,1,1,snapshot_20150919T025947Z
225043,41.4712609375,1,2,snapshot_20150919T025947Z
225053,87.35840622685186,1,1,snapshot_20150919T025947Z
225109,61.47671996527778,1,1,snapshot_20150919T025947Z
225267,10.229393958333334,1,1,snapshot_20150919T025947Z
225607,46.32379478009259,1,1,snapshot_20150919T025947Z
225633,21.07058476851852,1,1,snapshot_20150919T025947Z
225737,136.1322277199074,1,1,snapshot_20150919T025947Z
225810,27.531177951388887,1,1,snapshot_20150919T025947Z
225852,64.3857205324074,1,2,snapshot_20150919T025947Z
225865,92.27618465277779,1,1,snapshot_20150919T025947Z
225936,34.371683599537036,1,1,snapshot_20150919T025947Z
225990,100.29097740740741,1,1,snapshot_20150919T025947Z
226068,123.23697361111111,1,1,snapshot_20150919T025947Z
226075,106.23192658564815,1,1,snapshot_20150919T025947Z
226080,40.287830810185184,1,1,snapshot_20150919T025947Z
226088,81.38272951388889,1,1,snapshot_20150919T025947Z
226117,119.91329708333335,1,1,snapshot_20150919T025947Z
226251,55.42123212962963,1,1,snapshot_20150919T025947Z
226296,35.51586873842592,1,1,snapshot_20150919T025947Z
226308,98.27072481481481,1,1,snapshot_20150919T025947Z
226445,14.273840763888888,1,2,snapshot_20150919T025947Z
226547,108.42055840277777,1,1,snapshot_20150919T025947Z
226726,83.9741868287037,1,1,snapshot_20150919T025947Z
226943,124.33332266203703,1,1,snapshot_20150919T025947Z
226999,46.285502638888886,1,1,snapshot_20150919T025947Z
227054,126.98476524305556,1,1,snapshot_20150919T025947Z
227091,113.35166560185185,53,53,snapshot_20150919T025947Z
227174,93.25744738425927,1,1,snapshot_20150919T025947Z
227343,58.912259560185184,1,1,snapshot_20150919T025947Z
227571,128.93326140046295,1,1,snapshot_20150919T025947Z
227781,7.883250891203703,1,4,snapshot_20150919T025947Z
227926,17.265205023148148,1,5,snapshot_20150919T025947Z
228040,119.28617443287038,1,1,snapshot_20150919T025947Z
228175,67.9225749537037,1,1,snapshot_20150919T025947Z
228280,114.05958877314815,1,2,snapshot_20150919T025947Z
228608,7.082885011574074,1,1,snapshot_20150919T025947Z
228610,130.23091672453702,1,1,snapshot_20150919T025947Z
228703,107.05156934027778,1,1,snapshot_20150919T025947Z
229076,52.4494422337963,1,1,snapshot_20150919T025947Z
229157,112.28819362268518,1,1,snapshot_20150919T025947Z
229291,67.30169746527778,1,1,snapshot_20150919T025947Z
229321,95.2625994675926,1,1,snapshot_20150919T025947Z
229432,46.29506594907407,1,1,snapshot_20150919T025947Z
229502,13.379396400462962,1,1,snapshot_20150919T025947Z
229737,126.5323609837963,2,2,snapshot_20150919T025947Z
229841,59.13241921296296,1,1,snapshot_20150919T025947Z
229868,73.03409204861111,1,1,snapshot_20150919T025947Z
229872,116.21844596064815,1,1,snapshot_20150919T025947Z
230215,3.453505277777778,2,3,snapshot_20150919T025947Z
230233,80.9496553125,1,1,snapshot_20150919T025947Z
230237,70.38582306712964,1,2,snapshot_20150919T025947Z
230380,115.95075560185185,1,1,snapshot_20150919T025947Z
230478,114.33540824074073,1,1,snapshot_20150919T025947Z
230498,94.11927207175926,1,1,snapshot_20150919T025947Z
230526,74.84750715277778,1,1,snapshot_20150919T025947Z
230847,48.4994218287037,1,1,snapshot_20150919T025947Z
231047,55.23419519675926,1,2,snapshot_20150919T025947Z
231131,26.33647662037037,1,1,snapshot_20150919T025947Z
231156,54.32021672453703,1,1,snapshot_20150919T025947Z
231275,95.03033586805556,1,1,snapshot_20150919T025947Z
231565,137.47062697916667,1,1,snapshot_20150919T025947Z
231570,24.605440925925926,1,2,snapshot_20150919T025947Z
231740,74.9159441087963,1,1,snapshot_20150919T025947Z
231908,33.814923784722225,1,1,snapshot_20150919T025947Z
232097,72.33262071759259,1,1,snapshot_20150919T025947Z
232133,111.31245731481482,1,1,snapshot_20150919T025947Z
232227,134.88154537037036,1,1,snapshot_20150919T025947Z
232235,126.87503549768519,1,1,snapshot_20150919T025947Z
232275,116.8642319675926,1,1,snapshot_20150919T025947Z
232278,74.06078585648149,1,1,snapshot_20150919T025947Z
232309,63.52289769675925,1,4,snapshot_20150919T025947Z
232337,98.8989283449074,1,1,snapshot_20150919T025947Z
232491,101.3867732986111,1,1,snapshot_20150919T025947Z
232605,127.22809406249999,1,1,snapshot_20150919T025947Z
232636,57.541569571759254,1,1,snapshot_20150919T025947Z
233038,62.247028912037045,1,1,snapshot_20150919T025947Z
233054,66.04013383101852,1,1,snapshot_20150919T025947Z
233092,29.414715150462964,1,1,snapshot_20150919T025947Z
233156,92.67682232638889,1,1,snapshot_20150919T025947Z
233297,54.975274652777784,1,3,snapshot_20150919T025947Z
233323,28.34042371527778,1,1,snapshot_20150919T025947Z
233349,96.17191366898147,1,1,snapshot_20150919T025947Z
233733,13.89569511574074,1,1,snapshot_20150919T025947Z
233862,134.99716671296295,1,1,snapshot_20150919T025947Z
233899,101.82443081018519,1,1,snapshot_20150919T025947Z
233979,93.32361594907407,2,12,snapshot_20150919T025947Z
234161,112.31487908564814,1,1,snapshot_20150919T025947Z
234318,135.40554359953703,1,1,snapshot_20150919T025947Z
234475,114.1689757175926,1,1,snapshot_20150919T025947Z
234593,40.64232760416667,1,2,snapshot_20150919T025947Z
234870,119.40237532407407,1,1,snapshot_20150919T025947Z
234941,131.11133519675926,1,2,snapshot_20150919T025947Z
235067,81.59621466435185,1,1,snapshot_20150919T025947Z
235387,88.01642648148147,1,1,snapshot_20150919T025947Z
235392,127.97528232638888,2,2,snapshot_20150919T025947Z
235460,3.101881550925926,1,1,snapshot_20150919T025947Z
235498,59.19681791666667,1,1,snapshot_20150919T025947Z
235560,137.1299649884259,1,1,snapshot_20150919T025947Z
235606,81.5344600925926,1,1,snapshot_20150919T025947Z
235906,114.33554674768519,1,1,snapshot_20150919T025947Z
236158,81.97028613425925,1,1,snapshot_20150919T025947Z
236211,98.03629231481482,1,1,snapshot_20150919T025947Z
236213,30.422532569444442,2,2,snapshot_20150919T025947Z
236229,67.2619639351852,1,1,snapshot_20150919T025947Z
236392,76.01192085648148,1,1,snapshot_20150919T025947Z
236507,134.4911477314815,1,1,snapshot_20150919T025947Z
236545,65.97656741898147,1,2,snapshot_20150919T025947Z
236747,33.93558744212963,1,1,snapshot_20150919T025947Z
236800,100.09216466435186,1,1,snapshot_20150919T025947Z
236963,23.040919502314814,1,1,snapshot_20150919T025947Z
237072,13.957116122685186,1,1,snapshot_20150919T025947Z
237262,71.22922026620371,1,1,snapshot_20150919T025947Z
237278,136.92219949074075,1,1,snapshot_20150919T025947Z
237286,70.4521809837963,1,1,snapshot_20150919T025947Z
237326,78.29711138888888,1,2,snapshot_20150919T025947Z
237408,124.33227783564814,1,1,snapshot_20150919T025947Z
237434,87.40689645833334,1,1,snapshot_20150919T025947Z
237467,1.9887895023148148,1,1,snapshot_20150919T025947Z
237497,125.18682868055555,1,1,snapshot_20150919T025947Z
237521,125.9479467013889,1,1,snapshot_20150919T025947Z
237573,56.316131331018525,1,1,snapshot_20150919T025947Z
237614,102.92500152777777,1,1,snapshot_20150919T025947Z
237865,63.86244907407407,1,3,snapshot_20150919T025947Z
237886,4.173071469907407,1,1,snapshot_20150919T025947Z
238199,42.22954157407408,1,2,snapshot_20150919T025947Z
238270,2.101830046296296,1,1,snapshot_20150919T025947Z
238300,50.10822048611111,1,1,snapshot_20150919T025947Z
238432,8.378487569444445,1,1,snapshot_20150919T025947Z
238437,62.88959908564814,1,1,snapshot_20150919T025947Z
238442,88.39894004629629,1,1,snapshot_20150919T025947Z
238511,103.29653480324075,1,1,snapshot_20150919T025947Z
238722,66.27185041666667,1,1,snapshot_20150919T025947Z
238781,40.92868416666666,1,1,snapshot_20150919T025947Z
238831,127.28713697916666,1,1,snapshot_20150919T025947Z
238847,116.34716412037038,1,1,snapshot_20150919T025947Z
239279,17.166673599537035,1,1,snapshot_20150919T025947Z
239319,100.99627373842594,1,1,snapshot_20150919T025947Z
239362,64.24230377314815,1,1,snapshot_20150919T025947Z
239439,13.104568356481481,1,1,snapshot_20150919T025947Z
239564,82.25029599537037,1,4,snapshot_20150919T025947Z
239825,50.13149915509259,1,1,snapshot_20150919T025947Z
239974,62.39387847222222,1,1,snapshot_20150919T025947Z
240176,46.155379386574076,1,1,snapshot_20150919T025947Z
240222,61.36562162037037,1,1,snapshot_20150919T025947Z
240290,6.948883368055556,1,1,snapshot_20150919T025947Z
240463,127.32988238425925,1,1,snapshot_20150919T025947Z
240496,48.08724548611111,1,1,snapshot_20150919T025947Z
240556,120.27091848379631,1,2,snapshot_20150919T025947Z
240564,115.5288991087963,1,1,snapshot_20150919T025947Z
240645,111.12422798611112,1,1,snapshot_20150919T025947Z
240800,18.341485162037035,1,1,snapshot_20150919T025947Z
240998,92.44432802083332,4,16,snapshot_20150919T025947Z
241145,62.17629587962963,1,3,snapshot_20150919T025947Z
241246,110.42009130787038,1,2,snapshot_20150919T025947Z
241356,45.20437674768519,1,2,snapshot_20150919T025947Z
241583,66.98331340277778,1,1,snapshot_20150919T025947Z
241743,25.068979189814815,1,1,snapshot_20150919T025947Z
241863,102.2113109837963,1,1,snapshot_20150919T025947Z
242105,16.35568570601852,2,5,snapshot_20150919T025947Z
242485,75.36825311342592,1,1,snapshot_20150919T025947Z
242520,95.46451059027778,1,1,snapshot_20150919T025947Z
242567,43.10617078703704,1,1,snapshot_20150919T025947Z
242654,44.12852443287037,1,3,snapshot_20150919T025947Z
242663,35.4236941087963,1,1,snapshot_20150919T025947Z
242740,39.3911712962963,1,1,snapshot_20150919T025947Z
242826,26.420076701388886,1,1,snapshot_20150919T025947Z
242861,46.9736962037037,1,1,snapshot_20150919T025947Z
242985,73.51186054398148,1,1,snapshot_20150919T025947Z
243025,85.18789516203704,3,3,snapshot_20150919T025947Z
243070,57.880424062500005,1,2,snapshot_20150919T025947Z
243182,51.90916467592592,1,1,snapshot_20150919T025947Z
243572,120.39486065972221,1,1,snapshot_20150919T025947Z
243592,137.94465128472223,1,1,snapshot_20150919T025947Z
243636,86.47435730324074,2,2,snapshot_20150919T025947Z
243939,51.41393597222222,1,1,snapshot_20150919T025947Z
244123,14.39273443287037,1,5,snapshot_20150919T025947Z
244468,61.153609467592595,2,2,snapshot_20150919T025947Z
244531,35.38781721064815,1,1,snapshot_20150919T025947Z
244553,112.08316171296296,1,1,snapshot_20150919T025947Z
244556,46.93745619212963,1,1,snapshot_20150919T025947Z
244583,116.35262503472221,1,1,snapshot_20150919T025947Z
244603,127.42428197916666,1,1,snapshot_20150919T025947Z
244756,27.027004583333333,3,5,snapshot_20150919T025947Z
244835,36.40513446759259,1,2,snapshot_20150919T025947Z
244838,109.84438789351852,1,1,snapshot_20150919T025947Z
244853,91.95962123842592,1,4,snapshot_20150919T025947Z
245293,103.25990126157409,1,2,snapshot_20150919T025947Z
245608,86.21352010416666,1,1,snapshot_20150919T025947Z
245765,25.283365462962962,1,1,snapshot_20150919T025947Z
245770,65.52897346064815,1,1,snapshot_20150919T025947Z
245823,19.075802997685184,1,2,snapshot_20150919T025947Z
245983,20.904915150462962,1,1,snapshot_20150919T025947Z
246158,119.25194358796297,2,2,snapshot_20150919T025947Z
246235,87.36713179398149,1,1,snapshot_20150919T025947Z
246785,37.1809243287037,1,7,snapshot_20150919T025947Z
246796,44.21427143518519,1,2,snapshot_20150919T025947Z
246828,124.37427687499999,1,2,snapshot_20150919T025947Z
246992,120.56164347222222,1,1,snapshot_20150919T025947Z
247005,134.34823380787037,1,1,snapshot_20150919T025947Z
247024,6.308322488425926,1,1,snapshot_20150919T025947Z
247235,4.167564027777778,124,132,snapshot_20150919T025947Z
247247,60.37965380787037,1,1,snapshot_20150919T025947Z
247560,23.225342673611113,1,1,snapshot_20150919T025947Z
247916,116.21738506944445,1,1,snapshot_20150919T025947Z
247967,17.451779074074075,1,1,snapshot_20150919T025947Z
248411,72.93429980324073,1,2,snapshot_20150919T025947Z
248428,113.5036196412037,1,1,snapshot_20150919T025947Z
248503,119.54902025462962,1,1,snapshot_20150919T025947Z
248599,55.05490505787037,2,2,snapshot_20150919T025947Z
248671,102.34993576388888,1,2,snapshot_20150919T025947Z
248679,78.21992444444444,22,30,snapshot_20150919T025947Z
248810,85.40939502314815,1,1,snapshot_20150919T025947Z
248845,70.19619903935185,1,1,snapshot_20150919T025947Z
248848,35.052785138888886,1,1,snapshot_20150919T025947Z
248925,4.154691423611111,1,2,snapshot_20150919T025947Z
249017,116.45764211805555,1,1,snapshot_20150919T025947Z
249053,81.12930193287038,1,1,snapshot_20150919T025947Z
249061,136.28726310185183,1,1,snapshot_20150919T025947Z
249074,123.5578599537037,1,1,snapshot_20150919T025947Z
249247,108.26454403935186,1,1,snapshot_20150919T025947Z
249286,137.35385381944445,1,1,snapshot_20150919T025947Z
249439,70.57871032407407,1,1,snapshot_20150919T025947Z
249658,8.027764803240741,1,1,snapshot_20150919T025947Z
249902,116.44830261574074,1,1,snapshot_20150919T025947Z
250080,53.52968555555556,1,1,snapshot_20150919T025947Z
250139,62.1461620486111,1,2,snapshot_20150919T025947Z
250146,44.26928346064815,1,3,snapshot_20150919T025947Z
250187,70.3223077662037,1,1,snapshot_20150919T025947Z
250252,128.20392949074073,1,2,snapshot_20150919T025947Z
250357,125.00260662037036,1,1,snapshot_20150919T025947Z
250372,99.81274723379629,1,3,snapshot_20150919T025947Z
250393,72.32462460648148,1,1,snapshot_20150919T025947Z
250437,117.2569498726852,1,1,snapshot_20150919T025947Z
250527,97.22702537037037,1,1,snapshot_20150919T025947Z
250678,11.425064097222222,1,1,snapshot_20150919T025947Z
250943,92.40745109953704,1,1,snapshot_20150919T025947Z
251091,120.9675566087963,1,1,snapshot_20150919T025947Z
251707,11.539373726851853,2,2,snapshot_20150919T025947Z
251892,107.38406614583333,1,1,snapshot_20150919T025947Z
251942,136.30761781249998,1,1,snapshot_20150919T025947Z
252249,94.23597739583333,1,1,snapshot_20150919T025947Z
252258,58.271383067129634,1,1,snapshot_20150919T025947Z
252415,74.01504684027778,1,1,snapshot_20150919T025947Z
252492,49.295331493055556,1,1,snapshot_20150919T025947Z
252812,27.994314270833332,1,1,snapshot_20150919T025947Z
252840,104.14521547453704,1,2,snapshot_20150919T025947Z
252977,65.96864425925926,1,1,snapshot_20150919T025947Z
253004,134.45613597222223,1,1,snapshot_20150919T025947Z
253109,29.514537349537033,1,2,snapshot_20150919T025947Z
253213,45.56113269675926,2,2,snapshot_20150919T025947Z
253328,46.8720678125,1,1,snapshot_20150919T025947Z
253365,110.43503665509259,2,2,snapshot_20150919T025947Z
253371,33.91510960648149,1,1,snapshot_20150919T025947Z
253391,112.46684391203704,1,1,snapshot_20150919T025947Z
253399,9.298481631944444,1,1,snapshot_20150919T025947Z
253756,137.09499984953703,1,1,snapshot_20150919T025947Z
253867,72.06231469907408,1,1,snapshot_20150919T025947Z
253920,70.74838717592593,1,1,snapshot_20150919T025947Z
253924,106.16736716435186,1,1,snapshot_20150919T025947Z
254126,27.234718368055553,1,1,snapshot_20150919T025947Z
254130,102.23462815972222,1,1,snapshot_20150919T025947Z
254146,128.1194919212963,1,4,snapshot_20150919T025947Z
254328,64.89379282407408,3,16,snapshot_20150919T025947Z
254367,68.19734537037037,1,1,snapshot_20150919T025947Z
254579,19.528845555555556,1,1,snapshot_20150919T025947Z
254621,108.92749525462963,1,1,snapshot_20150919T025947Z
254754,23.243540671296298,1,1,snapshot_20150919T025947Z
254893,81.304131875,2,2,snapshot_20150919T025947Z
255006,10.431039016203703,1,1,snapshot_20150919T025947Z
255309,105.38789878472222,1,1,snapshot_20150919T025947Z
255389,88.2056984837963,1,1,snapshot_20150919T025947Z
255393,107.18003718749999,1,2,snapshot_20150919T025947Z
255918,13.008466006944444,1,4,snapshot_20150919T025947Z
256094,38.4549044212963,2,2,snapshot_20150919T025947Z
256429,11.889133310185185,2,2,snapshot_20150919T025947Z
256465,115.48131523148147,1,1,snapshot_20150919T025947Z
256505,107.34646122685186,1,1,snapshot_20150919T025947Z
256544,136.12527135416667,1,1,snapshot_20150919T025947Z
256726,70.61547310185185,1,1,snapshot_20150919T025947Z
256781,20.007593055555557,1,1,snapshot_20150919T025947Z
256821,44.242605902777775,1,1,snapshot_20150919T025947Z
256877,47.03155944444445,1,1,snapshot_20150919T025947Z
256880,117.88101597222222,1,1,snapshot_20150919T025947Z
257248,10.36202625,1,1,snapshot_20150919T025947Z
257291,60.91238186342592,1,1,snapshot_20150919T025947Z
257462,44.138137372685186,1,1,snapshot_20150919T025947Z
257726,49.2926741550926,1,2,snapshot_20150919T025947Z
257912,32.27683192129629,1,1,snapshot_20150919T025947Z
258107,47.84500634259259,1,1,snapshot_20150919T025947Z
258317,19.049961458333332,1,2,snapshot_20150919T025947Z
258336,23.359506979166667,1,1,snapshot_20150919T025947Z
258434,116.46859929398148,1,1,snapshot_20150919T025947Z
258502,126.18363704861112,1,1,snapshot_20150919T025947Z
258538,137.00944918981483,1,1,snapshot_20150919T025947Z
259050,35.546928414351854,1,1,snapshot_20150919T025947Z
259169,78.43617030092592,1,1,snapshot_20150919T025947Z
259178,50.27621601851852,1,1,snapshot_20150919T025947Z
259214,127.07673119212961,1,1,snapshot_20150919T025947Z
259278,110.12939806712964,6,6,snapshot_20150919T025947Z
259305,53.035233113425925,1,1,snapshot_20150919T025947Z
259827,30.363639571759258,1,1,snapshot_20150919T025947Z
259928,130.11314064814815,1,1,snapshot_20150919T025947Z
260032,56.395725254629625,1,1,snapshot_20150919T025947Z
260491,99.51467069444445,1,1,snapshot_20150919T025947Z
260578,113.1984685300926,1,1,snapshot_20150919T025947Z
260753,138.3420196412037,1,1,snapshot_20150919T025947Z
260868,118.40475167824074,1,1,snapshot_20150919T025947Z
260971,7.862484224537037,1,1,snapshot_20150919T025947Z
261238,7.187798159722223,1,4,snapshot_20150919T025947Z
261301,110.41870531250001,1,1,snapshot_20150919T025947Z
261325,63.93755692129629,1,1,snapshot_20150919T025947Z
261362,122.30804862268519,1,1,snapshot_20150919T025947Z
261507,36.804938356481486,1,1,snapshot_20150919T025947Z
261643,43.09742521990741,1,1,snapshot_20150919T025947Z
261667,60.37312136574074,1,1,snapshot_20150919T025947Z
261693,33.08969832175926,1,1,snapshot_20150919T025947Z
261694,37.37817064814815,1,1,snapshot_20150919T025947Z
261793,97.10939386574076,1,1,snapshot_20150919T025947Z
261807,55.69540791666667,1,1,snapshot_20150919T025947Z
261883,93.01379597222223,1,1,snapshot_20150919T025947Z
261889,124.96100619212963,1,1,snapshot_20150919T025947Z
261902,24.415879386574073,1,2,snapshot_20150919T025947Z
262357,35.06247172453704,3,3,snapshot_20150919T025947Z
262508,73.86723960648149,1,1,snapshot_20150919T025947Z
262607,108.84816976851853,1,1,snapshot_20150919T025947Z
263161,93.17804611111112,1,1,snapshot_20150919T025947Z
263205,98.9654121412037,1,1,snapshot_20150919T025947Z
263391,108.0166021875,2,2,snapshot_20150919T025947Z
263462,104.37978157407407,1,2,snapshot_20150919T025947Z
263733,21.510598402777777,2,2,snapshot_20150919T025947Z
263746,43.129311192129634,1,1,snapshot_20150919T025947Z
263783,38.4316395949074,1,1,snapshot_20150919T025947Z
263974,121.39849322916666,1,1,snapshot_20150919T025947Z
264044,44.1767912037037,1,1,snapshot_20150919T025947Z
264190,61.394646701388886,2,2,snapshot_20150919T025947Z
264361,37.37117306712963,1,1,snapshot_20150919T025947Z
264398,107.46509467592593,1,1,snapshot_20150919T025947Z
264597,126.16046658564814,1,1,snapshot_20150919T025947Z
264607,126.09532174768519,1,1,snapshot_20150919T025947Z
264653,56.42085418981482,1,1,snapshot_20150919T025947Z
264716,98.24967686342593,1,2,snapshot_20150919T025947Z
264734,96.34112059027778,1,1,snapshot_20150919T025947Z
264810,44.00192834490741,1,1,snapshot_20150919T025947Z
264847,3.361025127314815,1,1,snapshot_20150919T025947Z
264883,81.99888810185185,2,2,snapshot_20150919T025947Z
264899,62.31118725694444,1,1,snapshot_20150919T025947Z
265273,129.20864631944443,1,1,snapshot_20150919T025947Z
265295,58.483575208333335,1,1,snapshot_20150919T025947Z
265486,24.060115567129632,1,2,snapshot_20150919T025947Z
265568,78.78725056712963,1,1,snapshot_20150919T025947Z
265643,61.34383077546297,1,1,snapshot_20150919T025947Z
265645,125.37007497685185,1,1,snapshot_20150919T025947Z
265778,11.444343587962962,1,4,snapshot_20150919T025947Z
265832,95.42805425925926,1,1,snapshot_20150919T025947Z
265897,64.20241863425926,3,3,snapshot_20150919T025947Z
265968,9.406341724537038,1,1,snapshot_20150919T025947Z
266201,22.923708090277778,1,1,snapshot_20150919T025947Z
266350,51.41302956018518,1,1,snapshot_20150919T025947Z
266417,138.93649118055555,1,2,snapshot_20150919T025947Z
266464,1.3759521527777778,1,1,snapshot_20150919T025947Z
266582,94.52313278935186,1,1,snapshot_20150919T025947Z
266610,51.468287395833336,1,1,snapshot_20150919T025947Z
266666,118.35296266203703,1,1,snapshot_20150919T025947Z
266693,105.0054544675926,1,1,snapshot_20150919T025947Z
266762,107.01930946759259,1,1,snapshot_20150919T025947Z
266892,42.18584428240741,1,1,snapshot_20150919T025947Z
267116,65.11748853009259,1,1,snapshot_20150919T025947Z
267136,23.439192546296297,1,1,snapshot_20150919T025947Z
267357,105.38820571759258,1,1,snapshot_20150919T025947Z
267731,60.28868934027777,1,1,snapshot_20150919T025947Z
267735,71.86612863425927,1,1,snapshot_20150919T025947Z
267818,49.19857751157407,1,1,snapshot_20150919T025947Z
267822,88.01229530092593,1,1,snapshot_20150919T025947Z
267861,51.98302131944445,1,1,snapshot_20150919T025947Z
267973,52.43302621527778,1,1,snapshot_20150919T025947Z
268155,76.22532460648148,1,2,snapshot_20150919T025947Z
268221,72.00315024305556,1,1,snapshot_20150919T025947Z
268239,47.199510590277775,1,1,snapshot_20150919T025947Z
268264,94.24557763888889,1,1,snapshot_20150919T025947Z
268342,116.20381549768518,1,1,snapshot_20150919T025947Z
268385,102.3897116087963,1,1,snapshot_20150919T025947Z
268428,107.0115327199074,1,2,snapshot_20150919T025947Z
268430,78.28352458333333,1,1,snapshot_20150919T025947Z
268571,60.50512113425926,1,1,snapshot_20150919T025947Z
268657,76.92659982638888,1,2,snapshot_20150919T025947Z
268741,135.2605099074074,1,1,snapshot_20150919T025947Z
268994,74.13641087962964,1,1,snapshot_20150919T025947Z
268999,81.20129061342593,1,1,snapshot_20150919T025947Z
269109,95.059696875,1,1,snapshot_20150919T025947Z
269127,119.23115128472223,1,10,snapshot_20150919T025947Z
269245,52.012489745370374,1,1,snapshot_20150919T025947Z
269284,116.56263914351852,1,1,snapshot_20150919T025947Z
269434,122.18940496527777,1,1,snapshot_20150919T025947Z
269448,21.105225162037037,1,1,snapshot_20150919T025947Z
269618,100.33505462962964,1,1,snapshot_20150919T025947Z
269635,131.1837911689815,1,1,snapshot_20150919T025947Z
269813,55.90351615740741,1,1,snapshot_20150919T025947Z
269879,86.32164718749999,1,1,snapshot_20150919T025947Z
270248,32.38904363425926,1,1,snapshot_20150919T025947Z
270362,123.23772070601852,1,2,snapshot_20150919T025947Z
270464,36.36976140046296,1,2,snapshot_20150919T025947Z
270492,101.31456678240741,1,1,snapshot_20150919T025947Z
270562,31.391139143518515,1,1,snapshot_20150919T025947Z
270632,10.423131631944445,1,1,snapshot_20150919T025947Z
270876,136.3571205324074,1,1,snapshot_20150919T025947Z
271086,32.21584569444445,1,1,snapshot_20150919T025947Z
271333,127.2295570138889,1,1,snapshot_20150919T025947Z
271410,77.16238293981482,1,1,snapshot_20150919T025947Z
271466,54.142811493055554,1,1,snapshot_20150919T025947Z
271486,45.87051828703704,1,2,snapshot_20150919T025947Z
271719,78.44063173611111,1,1,snapshot_20150919T025947Z
271800,127.53346004629631,1,1,snapshot_20150919T025947Z
271884,92.00762707175926,1,1,snapshot_20150919T025947Z
272096,127.32850074074074,1,1,snapshot_20150919T025947Z
272457,112.25597927083332,2,2,snapshot_20150919T025947Z
272853,74.41211815972221,2,2,snapshot_20150919T025947Z
272883,51.41732938657407,1,4,snapshot_20150919T025947Z
273341,95.0717392013889,1,4,snapshot_20150919T025947Z
273362,58.915055925925934,1,1,snapshot_20150919T025947Z
273385,108.16749259259258,1,1,snapshot_20150919T025947Z
273406,109.2050321875,1,6,snapshot_20150919T025947Z
273431,107.37623025462963,1,1,snapshot_20150919T025947Z
273600,75.1515683449074,1,4,snapshot_20150919T025947Z
273630,116.95970538194445,2,2,snapshot_20150919T025947Z
273697,50.40869990740741,1,1,snapshot_20150919T025947Z
273772,49.970748900462965,1,3,snapshot_20150919T025947Z
273814,50.687634502314815,1,1,snapshot_20150919T025947Z
273853,25.101475601851853,1,1,snapshot_20150919T025947Z
273910,51.25623572916667,2,4,snapshot_20150919T025947Z
274064,60.19017935185185,1,1,snapshot_20150919T025947Z
274152,102.41819079861112,1,1,snapshot_20150919T025947Z
274515,48.96252833333333,1,1,snapshot_20150919T025947Z
274886,61.428236921296296,1,1,snapshot_20150919T025947Z
274980,60.343115752314816,2,2,snapshot_20150919T025947Z
274981,4.2996164699074075,1,1,snapshot_20150919T025947Z
275428,22.501325104166668,1,1,snapshot_20150919T025947Z
275692,59.07067489583333,1,1,snapshot_20150919T025947Z
275715,65.0169479861111,1,1,snapshot_20150919T025947Z
275823,80.90367560185184,1,1,snapshot_20150919T025947Z
275832,113.39369868055554,1,1,snapshot_20150919T025947Z
275833,68.21735207175925,1,1,snapshot_20150919T025947Z
275836,69.1860971875,1,1,snapshot_20150919T025947Z
275846,86.44126829861112,1,1,snapshot_20150919T025947Z
276016,32.37436076388889,1,1,snapshot_20150919T025947Z
276034,37.55395761574074,1,1,snapshot_20150919T025947Z
276149,123.43912416666666,1,1,snapshot_20150919T025947Z
276165,121.96978380787037,1,1,snapshot_20150919T025947Z
276207,72.30657556712963,1,1,snapshot_20150919T025947Z
276382,82.91615141203704,1,1,snapshot_20150919T025947Z
276464,133.22152143518517,1,1,snapshot_20150919T025947Z
276579,124.00540409722223,1,1,snapshot_20150919T025947Z
276809,21.321374131944445,1,1,snapshot_20150919T025947Z
277349,57.03806552083333,1,1,snapshot_20150919T025947Z
277476,81.00517259259259,1,1,snapshot_20150919T025947Z
277488,87.47450918981481,1,1,snapshot_20150919T025947Z
277576,73.90684657407407,1,1,snapshot_20150919T025947Z
277873,59.39188645833334,1,1,snapshot_20150919T025947Z
277968,100.4338413425926,1,1,snapshot_20150919T025947Z
278041,80.24619707175925,1,1,snapshot_20150919T025947Z
278088,42.84610193287037,1,1,snapshot_20150919T025947Z
278097,120.18043140046296,1,1,snapshot_20150919T025947Z
278171,115.30619114583332,1,1,snapshot_20150919T025947Z
278265,19.92601954861111,1,1,snapshot_20150919T025947Z
278574,126.37666157407408,1,1,snapshot_20150919T025947Z
278647,25.97652368055556,1,1,snapshot_20150919T025947Z
278771,69.34747917824075,2,3,snapshot_20150919T025947Z
278831,114.84344640046295,1,1,snapshot_20150919T025947Z
278940,129.15376509259258,1,5,snapshot_20150919T025947Z
278967,32.02819157407407,1,1,snapshot_20150919T025947Z
279034,21.390400358796295,1,1,snapshot_20150919T025947Z
279142,95.43744305555556,1,1,snapshot_20150919T025947Z
279193,31.404927314814817,1,1,snapshot_20150919T025947Z
279406,117.05890894675925,7,7,snapshot_20150919T025947Z
279466,51.05452605324074,1,1,snapshot_20150919T025947Z
279677,84.02960559027778,1,1,snapshot_20150919T025947Z
279856,36.33752077546296,1,1,snapshot_20150919T025947Z
279876,94.2967221412037,1,2,snapshot_20150919T025947Z
280031,112.96240780092593,1,1,snapshot_20150919T025947Z
280361,21.56375353009259,1,13,snapshot_20150919T025947Z
280692,99.33520077546295,1,1,snapshot_20150919T025947Z
280722,115.44959531250001,1,1,snapshot_20150919T025947Z
280750,54.44506972222222,1,1,snapshot_20150919T025947Z
280912,136.35445016203704,1,1,snapshot_20150919T025947Z
281161,18.085589375,1,1,snapshot_20150919T025947Z
281202,71.21726342592592,1,1,snapshot_20150919T025947Z
281359,136.25143865740742,1,1,snapshot_20150919T025947Z
281553,71.7848155324074,1,2,snapshot_20150919T025947Z
281703,38.0430871875,1,1,snapshot_20150919T025947Z
281778,16.237300196759257,1,1,snapshot_20150919T025947Z
281978,119.10963446759258,1,1,snapshot_20150919T025947Z
282233,134.0271426736111,1,1,snapshot_20150919T025947Z
282289,84.53556571759259,2,3,snapshot_20150919T025947Z
282440,21.3596221875,1,2,snapshot_20150919T025947Z
282705,109.45852046296295,1,1,snapshot_20150919T025947Z
282887,30.41370577546296,1,2,snapshot_20150919T025947Z
283269,49.40974384259259,1,1,snapshot_20150919T025947Z
283477,11.266875949074075,2,13,snapshot_20150919T025947Z
283553,12.748392673611113,1,2,snapshot_20150919T025947Z
283568,91.97404211805555,1,1,snapshot_20150919T025947Z
283604,58.73635271990741,1,1,snapshot_20150919T025947Z
283621,60.924807013888895,1,4,snapshot_20150919T025947Z
283858,45.87613434027778,1,1,snapshot_20150919T025947Z
284251,95.89144363425926,1,1,snapshot_20150919T025947Z
284451,137.1422942013889,1,1,snapshot_20150919T025947Z
284631,133.2894668287037,1,1,snapshot_20150919T025947Z
284767,47.83569559027778,1,1,snapshot_20150919T025947Z
285368,91.07305460648148,1,2,snapshot_20150919T025947Z
285372,75.61965914351852,1,1,snapshot_20150919T025947Z
285918,121.14675398148148,1,1,snapshot_20150919T025947Z
286535,128.191076875,1,1,snapshot_20150919T025947Z
286553,119.41119854166666,1,1,snapshot_20150919T025947Z
286616,104.15725410879631,62,75,snapshot_20150919T025947Z
286780,103.21515575231481,1,1,snapshot_20150919T025947Z
286790,105.93508812500001,1,1,snapshot_20150919T025947Z
286923,77.95720498842593,1,1,snapshot_20150919T025947Z
287007,123.06016991898149,1,2,snapshot_20150919T025947Z
287022,127.10310694444443,1,1,snapshot_20150919T025947Z
287434,136.95226983796297,1,1,snapshot_20150919T025947Z
287470,24.24788244212963,1,1,snapshot_20150919T025947Z
287930,134.95384856481482,1,3,snapshot_20150919T025947Z
287996,36.367109398148145,1,1,snapshot_20150919T025947Z
288003,115.5061654513889,1,1,snapshot_20150919T025947Z
288061,91.99447333333333,2,2,snapshot_20150919T025947Z
288362,52.02592525462963,1,1,snapshot_20150919T025947Z
288422,115.12783606481482,1,1,snapshot_20150919T025947Z
288474,103.92987717592592,1,1,snapshot_20150919T025947Z
288488,80.83302939814816,1,2,snapshot_20150919T025947Z
288615,66.95270497685185,1,1,snapshot_20150919T025947Z
288665,86.44856949074074,1,1,snapshot_20150919T025947Z
288699,72.20673697916666,1,1,snapshot_20150919T025947Z
288843,25.182752534722223,1,1,snapshot_20150919T025947Z
288932,67.99009450231482,1,2,snapshot_20150919T025947Z
288956,123.29390340277779,1,2,snapshot_20150919T025947Z
289019,114.92688415509258,1,2,snapshot_20150919T025947Z
289113,15.404505590277779,1,1,snapshot_20150919T025947Z
289401,75.97110502314816,1,1,snapshot_20150919T025947Z
289418,32.17791834490741,1,1,snapshot_20150919T025947Z
289481,11.167576990740741,1,1,snapshot_20150919T025947Z
289491,73.00645378472223,1,1,snapshot_20150919T025947Z
289743,124.8862014236111,1,1,snapshot_20150919T025947Z
290073,64.42705892361111,1,1,snapshot_20150919T025947Z
290201,36.39278883101852,1,1,snapshot_20150919T025947Z
290203,48.08436283564815,1,1,snapshot_20150919T025947Z
290246,45.363967708333334,1,1,snapshot_20150919T025947Z
290356,80.40423644675926,1,1,snapshot_20150919T025947Z
290528,13.063508287037036,1,1,snapshot_20150919T025947Z
290565,111.04741466435186,1,1,snapshot_20150919T025947Z
290976,11.450850671296296,1,1,snapshot_20150919T025947Z
291195,122.98088127314816,1,1,snapshot_20150919T025947Z
291283,106.39956605324073,2,2,snapshot_20150919T025947Z
291284,121.04882318287038,1,1,snapshot_20150919T025947Z
291285,39.014052222222226,1,1,snapshot_20150919T025947Z
291472,93.8776177199074,1,2,snapshot_20150919T025947Z
291482,90.09833219907406,1,3,snapshot_20150919T025947Z
291938,123.11338434027778,1,1,snapshot_20150919T025947Z
291984,56.912338148148145,1,1,snapshot_20150919T025947Z
292065,67.27142549768519,1,1,snapshot_20150919T025947Z
292102,70.83352123842593,1,3,snapshot_20150919T025947Z
292344,74.98333965277777,1,2,snapshot_20150919T025947Z
292365,116.3930300462963,2,2,snapshot_20150919T025947Z
292466,127.46510314814816,1,1,snapshot_20150919T025947Z
292675,16.22133974537037,1,1,snapshot_20150919T025947Z
292706,43.48412171296296,1,2,snapshot_20150919T025947Z
292806,78.20466125,1,1,snapshot_20150919T025947Z
293077,115.8635179976852,1,1,snapshot_20150919T025947Z
293206,109.47790685185186,1,1,snapshot_20150919T025947Z
293501,74.33494416666667,1,1,snapshot_20150919T025947Z
293600,102.3617342013889,1,1,snapshot_20150919T025947Z
294027,62.29360841435185,1,1,snapshot_20150919T025947Z
294088,5.064242488425926,2,2,snapshot_20150919T025947Z
294152,57.23035775462963,1,1,snapshot_20150919T025947Z
294255,56.398147361111114,3,3,snapshot_20150919T025947Z
294269,123.11142704861112,1,1,snapshot_20150919T025947Z
294308,2.2264713310185185,1,2,snapshot_20150919T025947Z
294377,49.17346710648148,1,1,snapshot_20150919T025947Z
294572,66.25524201388889,1,1,snapshot_20150919T025947Z
294613,29.373363032407408,1,1,snapshot_20150919T025947Z
294706,47.0278808912037,1,1,snapshot_20150919T025947Z
294970,93.37580140046296,1,1,snapshot_20150919T025947Z
294978,88.9118871412037,1,1,snapshot_20150919T025947Z
294981,85.36305703703704,1,1,snapshot_20150919T025947Z
295158,12.131469606481483,1,1,snapshot_20150919T025947Z
295182,38.067915532407405,1,1,snapshot_20150919T025947Z
295185,114.29235981481482,1,1,snapshot_20150919T025947Z
295217,119.32785453703703,1,1,snapshot_20150919T025947Z
295220,109.32379054398149,1,1,snapshot_20150919T025947Z
295358,60.81152599537037,1,1,snapshot_20150919T025947Z
295384,52.19135028935185,1,1,snapshot_20150919T025947Z
295435,36.79675425925926,1,1,snapshot_20150919T025947Z
295588,54.26327489583334,2,2,snapshot_20150919T025947Z
295727,20.225316493055555,1,1,snapshot_20150919T025947Z
295742,68.100535625,1,1,snapshot_20150919T025947Z
296024,81.34146728009259,1,1,snapshot_20150919T025947Z
296167,22.854490636574074,1,1,snapshot_20150919T025947Z
296218,101.43258894675927,1,1,snapshot_20150919T025947Z
296267,9.844428553240741,1,1,snapshot_20150919T025947Z
296401,108.24740391203704,2,2,snapshot_20150919T025947Z
296424,135.92950616898148,1,1,snapshot_20150919T025947Z
296431,42.41002587962963,1,1,snapshot_20150919T025947Z
296575,57.445626134259264,1,2,snapshot_20150919T025947Z
296577,128.29103988425928,1,3,snapshot_20150919T025947Z
296947,15.98080207175926,1,1,snapshot_20150919T025947Z
297008,69.04040263888889,1,1,snapshot_20150919T025947Z
297120,134.0315965162037,1,2,snapshot_20150919T025947Z
297634,12.316737337962962,1,1,snapshot_20150919T025947Z
297639,127.30058814814815,1,1,snapshot_20150919T025947Z
297795,5.460500162037037,1,1,snapshot_20150919T025947Z
297868,4.230180868055555,1,1,snapshot_20150919T025947Z
298070,131.91685811342592,1,1,snapshot_20150919T025947Z
298140,87.0270827199074,1,1,snapshot_20150919T025947Z
298235,15.35775269675926,1,1,snapshot_20150919T025947Z
298508,54.28857859953703,2,2,snapshot_20150919T025947Z
298539,28.150344189814813,1,1,snapshot_20150919T025947Z
298911,49.99273877314815,1,1,snapshot_20150919T025947Z
299049,124.91729457175926,1,1,snapshot_20150919T025947Z
299094,86.28376981481482,1,1,snapshot_20150919T025947Z
299259,77.88941549768518,1,1,snapshot_20150919T025947Z
299518,86.02311008101852,1,1,snapshot_20150919T025947Z
299636,113.17989562500001,1,1,snapshot_20150919T025947Z
299720,94.90759525462964,1,2,snapshot_20150919T025947Z
299845,49.90114136574074,1,1,snapshot_20150919T025947Z
300055,87.92598371527778,1,1,snapshot_20150919T025947Z
300118,86.81997013888889,1,1,snapshot_20150919T025947Z
300210,116.02739040509259,1,1,snapshot_20150919T025947Z
300259,85.41603768518519,1,1,snapshot_20150919T025947Z
300272,74.34325710648147,1,1,snapshot_20150919T025947Z
300311,138.19470803240742,1,1,snapshot_20150919T025947Z
300384,84.69255204861112,1,1,snapshot_20150919T025947Z
300421,45.86812528935185,1,1,snapshot_20150919T025947Z
300506,52.41103974537037,1,1,snapshot_20150919T025947Z
300882,108.12404208333332,1,1,snapshot_20150919T025947Z
300941,82.10990108796297,1,1,snapshot_20150919T025947Z
301177,71.35483400462962,1,1,snapshot_20150919T025947Z
301189,37.09762226851851,1,1,snapshot_20150919T025947Z
301201,106.41728436342594,1,1,snapshot_20150919T025947Z
301341,110.61072125,1,1,snapshot_20150919T025947Z
301487,48.306406805555554,1,1,snapshot_20150919T025947Z
301496,65.91759194444444,1,3,snapshot_20150919T025947Z
301846,102.31541612268518,1,1,snapshot_20150919T025947Z
302022,18.171620856481482,1,1,snapshot_20150919T025947Z
302094,44.79071841435185,1,1,snapshot_20150919T025947Z
302183,60.163888726851845,1,1,snapshot_20150919T025947Z
302190,24.406860798611113,1,2,snapshot_20150919T025947Z
302394,104.25395648148148,1,1,snapshot_20150919T025947Z
302488,93.07621813657408,1,1,snapshot_20150919T025947Z
302544,94.1581890162037,1,1,snapshot_20150919T025947Z
302769,118.10941755787036,2,3,snapshot_20150919T025947Z
303083,5.117254745370371,1,2,snapshot_20150919T025947Z
303100,65.21844357638889,1,1,snapshot_20150919T025947Z
303182,88.06298715277778,1,1,snapshot_20150919T025947Z
303244,95.05577793981482,1,1,snapshot_20150919T025947Z
303381,23.384557002314814,36,47,snapshot_20150919T025947Z
303406,74.9823399537037,1,1,snapshot_20150919T025947Z
303412,52.8731778125,2,6,snapshot_20150919T025947Z
303436,103.00573758101852,1,1,snapshot_20150919T025947Z
303466,123.8467937037037,1,1,snapshot_20150919T025947Z
303469,94.6522925,1,1,snapshot_20150919T025947Z
303480,93.22732918981481,1,1,snapshot_20150919T025947Z
303586,129.18938511574075,1,1,snapshot_20150919T025947Z
303706,82.07457820601851,1,1,snapshot_20150919T025947Z
304325,91.22804979166668,1,2,snapshot_20150919T025947Z
304328,128.4613144212963,1,1,snapshot_20150919T025947Z
304654,113.888200625,1,1,snapshot_20150919T025947Z
304854,81.39420443287037,1,1,snapshot_20150919T025947Z
304883,24.176717893518518,2,2,snapshot_20150919T025947Z
305234,108.21113859953704,1,1,snapshot_20150919T025947Z
305404,61.89838631944444,2,2,snapshot_20150919T025947Z
305493,125.41952100694445,1,2,snapshot_20150919T025947Z
305506,103.01630523148148,1,1,snapshot_20150919T025947Z
305782,69.12249516203704,1,1,snapshot_20150919T025947Z
305819,8.905532106481482,1,1,snapshot_20150919T025947Z
306049,109.97015993055555,1,1,snapshot_20150919T025947Z
306294,35.40057548611111,1,1,snapshot_20150919T025947Z
306462,88.26591104166667,1,1,snapshot_20150919T025947Z
306586,67.28576390046297,1,1,snapshot_20150919T025947Z
306731,56.29577758101852,1,1,snapshot_20150919T025947Z
306738,74.69059806712963,1,1,snapshot_20150919T025947Z
306821,135.02077817129629,1,1,snapshot_20150919T025947Z
306887,53.40391335648148,1,1,snapshot_20150919T025947Z
307169,26.425184953703702,1,1,snapshot_20150919T025947Z
307264,110.04696192129629,1,1,snapshot_20150919T025947Z
307276,138.4011209375,1,1,snapshot_20150919T025947Z
307488,85.35455372685185,1,1,snapshot_20150919T025947Z
307607,106.3862231712963,2,2,snapshot_20150919T025947Z
307781,25.877936550925924,1,1,snapshot_20150919T025947Z
307797,57.879453483796304,1,1,snapshot_20150919T025947Z
307943,93.00547766203704,1,1,snapshot_20150919T025947Z
308096,128.43139984953706,1,1,snapshot_20150919T025947Z
308204,121.95592140046296,1,1,snapshot_20150919T025947Z
308270,109.14518331018517,1,1,snapshot_20150919T025947Z
308342,114.00095577546296,1,1,snapshot_20150919T025947Z
308392,48.462815416666665,1,1,snapshot_20150919T025947Z
308421,47.01113710648148,3,3,snapshot_20150919T025947Z
308437,108.3700422800926,1,1,snapshot_20150919T025947Z
308506,70.42290314814815,1,1,snapshot_20150919T025947Z
308563,78.92384405092592,1,1,snapshot_20150919T025947Z
308565,95.16786998842593,1,1,snapshot_20150919T025947Z
308623,129.13497769675928,1,1,snapshot_20150919T025947Z
308817,120.23875443287037,1,1,snapshot_20150919T025947Z
308859,73.24996361111111,1,1,snapshot_20150919T025947Z
309192,30.67732290509259,1,1,snapshot_20150919T025947Z
309265,23.868991458333333,1,1,snapshot_20150919T025947Z
309435,127.12103440972221,1,1,snapshot_20150919T025947Z
309647,109.45184689814816,1,1,snapshot_20150919T025947Z
309763,69.50915975694444,2,3,snapshot_20150919T025947Z
309843,58.33406745370371,1,1,snapshot_20150919T025947Z
309864,2.320661886574074,1,1,snapshot_20150919T025947Z
309939,136.19299325231484,1,1,snapshot_20150919T025947Z
310032,12.092467534722221,1,2,snapshot_20150919T025947Z
310277,117.0033241550926,1,1,snapshot_20150919T025947Z
310326,22.51417732638889,1,1,snapshot_20150919T025947Z
310353,131.99064737268517,1,1,snapshot_20150919T025947Z
310425,88.2479538425926,1,1,snapshot_20150919T025947Z
310432,24.16787789351852,1,1,snapshot_20150919T025947Z
310500,107.09031144675926,1,1,snapshot_20150919T025947Z
310685,106.1653277662037,1,2,snapshot_20150919T025947Z
310748,25.37439616898148,1,1,snapshot_20150919T025947Z
310789,32.227180474537036,1,1,snapshot_20150919T025947Z
310867,67.1592559837963,1,1,snapshot_20150919T025947Z
310883,75.95882988425926,1,1,snapshot_20150919T025947Z
311205,96.05596832175925,1,2,snapshot_20150919T025947Z
311402,107.37270094907407,1,1,snapshot_20150919T025947Z
311522,16.453589780092592,1,1,snapshot_20150919T025947Z
311640,32.127786076388894,1,1,snapshot_20150919T025947Z
311886,88.23194731481482,1,1,snapshot_20150919T025947Z
312000,19.185105011574077,1,1,snapshot_20150919T025947Z
312036,72.94675164351852,1,1,snapshot_20150919T025947Z
312082,98.0592333912037,1,1,snapshot_20150919T025947Z
312100,94.01336047453704,1,1,snapshot_20150919T025947Z
312164,50.18399534722222,1,1,snapshot_20150919T025947Z
312233,44.11258986111111,1,1,snapshot_20150919T025947Z
312459,61.22676043981481,1,2,snapshot_20150919T025947Z
312582,66.35570688657408,1,4,snapshot_20150919T025947Z
312587,26.34131550925926,1,1,snapshot_20150919T025947Z
312771,78.35202699074074,1,1,snapshot_20150919T025947Z
312976,49.84768611111111,1,1,snapshot_20150919T025947Z
313075,13.459702222222223,1,1,snapshot_20150919T025947Z
313138,122.21247685185185,1,1,snapshot_20150919T025947Z
313179,86.28413474537037,1,1,snapshot_20150919T025947Z
313267,89.06112108796296,1,1,snapshot_20150919T025947Z
313346,23.581302615740743,1,1,snapshot_20150919T025947Z
313350,52.23225994212962,1,1,snapshot_20150919T025947Z
313563,86.27506539351852,1,1,snapshot_20150919T025947Z
314377,89.09391777777778,1,1,snapshot_20150919T025947Z
314388,52.29698528935185,1,1,snapshot_20150919T025947Z
314475,58.53282862268519,2,2,snapshot_20150919T025947Z
314555,89.02524980324074,1,1,snapshot_20150919T025947Z
314683,64.27943550925926,1,1,snapshot_20150919T025947Z
314747,103.4154519675926,1,1,snapshot_20150919T025947Z
314809,85.50050635416666,2,2,snapshot_20150919T025947Z
315018,94.76078299768518,1,1,snapshot_20150919T025947Z
315028,125.03957840277776,1,1,snapshot_20150919T025947Z
315252,94.23078427083334,1,1,snapshot_20150919T025947Z
315490,65.85231930555555,1,1,snapshot_20150919T025947Z
315721,65.24829211805556,1,1,snapshot_20150919T025947Z
315753,101.15760849537037,1,1,snapshot_20150919T025947Z
315951,124.03942568287037,1,1,snapshot_20150919T025947Z
316041,5.04583880787037,1,1,snapshot_20150919T025947Z
316151,46.26928359953704,1,1,snapshot_20150919T025947Z
316213,107.16487825231482,1,3,snapshot_20150919T025947Z
316216,86.41400179398148,1,1,snapshot_20150919T025947Z
316850,13.967968159722222,11,20,snapshot_20150919T025947Z
316968,81.05490016203703,2,2,snapshot_20150919T025947Z
317190,23.929810671296295,1,1,snapshot_20150919T025947Z
317198,83.44705832175926,1,1,snapshot_20150919T025947Z
317233,65.5600325462963,1,2,snapshot_20150919T025947Z
317553,122.03926578703702,1,1,snapshot_20150919T025947Z
317601,82.1137268287037,1,1,snapshot_20150919T025947Z
317833,24.990252453703704,1,2,snapshot_20150919T025947Z
317906,55.26154670138889,1,3,snapshot_20150919T025947Z
318197,71.16778090277778,1,1,snapshot_20150919T025947Z
318471,76.97746434027778,1,1,snapshot_20150919T025947Z
318506,135.9312589236111,1,1,snapshot_20150919T025947Z
318843,128.85894832175924,2,2,snapshot_20150919T025947Z
319380,92.38699531249999,2,2,snapshot_20150919T025947Z
319457,79.52960320601852,1,1,snapshot_20150919T025947Z
319468,132.2070676273148,1,1,snapshot_20150919T025947Z
319482,107.96409001157407,1,3,snapshot_20150919T025947Z
319880,109.13762715277777,1,1,snapshot_20150919T025947Z
320097,111.41002267361112,1,1,snapshot_20150919T025947Z
320142,46.976970729166666,1,2,snapshot_20150919T025947Z
320192,52.36176773148148,1,1,snapshot_20150919T025947Z
320195,17.37058849537037,1,1,snapshot_20150919T025947Z
320205,65.33293483796297,1,1,snapshot_20150919T025947Z
320272,31.870612870370373,2,2,snapshot_20150919T025947Z
320434,112.46185344907408,2,2,snapshot_20150919T025947Z
320547,86.44357761574074,2,2,snapshot_20150919T025947Z
320626,10.83271693287037,1,2,snapshot_20150919T025947Z
320871,51.19905456018519,1,1,snapshot_20150919T025947Z
320928,6.9808378125,1,1,snapshot_20150919T025947Z
320993,73.25983097222222,1,1,snapshot_20150919T025947Z
321061,88.16188255787037,2,4,snapshot_20150919T025947Z
321109,130.30918914351852,1,1,snapshot_20150919T025947Z
321381,104.02842165509259,2,2,snapshot_20150919T025947Z
321418,88.26145265046296,1,1,snapshot_20150919T025947Z
321452,107.21393909722222,1,1,snapshot_20150919T025947Z
321555,51.21766547453704,1,1,snapshot_20150919T025947Z
321571,74.21620849537037,1,1,snapshot_20150919T025947Z
321577,29.5115828587963,2,2,snapshot_20150919T025947Z
321588,66.51518559027778,1,1,snapshot_20150919T025947Z
321756,137.13156085648146,1,1,snapshot_20150919T025947Z
321766,52.44889178240741,1,1,snapshot_20150919T025947Z
321851,58.414127615740746,1,1,snapshot_20150919T025947Z
322055,96.04870833333334,1,1,snapshot_20150919T025947Z
322310,45.33741982638889,1,1,snapshot_20150919T025947Z
322355,48.198298981481486,1,1,snapshot_20150919T025947Z
322407,109.39217528935185,2,2,snapshot_20150919T025947Z
322411,23.327980266203706,1,1,snapshot_20150919T025947Z
322645,96.8329565625,1,1,snapshot_20150919T025947Z
322733,6.052396631944444,1,1,snapshot_20150919T025947Z
322871,55.02187300925926,1,2,snapshot_20150919T025947Z
323143,124.99314393518519,1,1,snapshot_20150919T025947Z
323221,135.15754150462962,1,1,snapshot_20150919T025947Z
323507,85.00227457175926,2,3,snapshot_20150919T025947Z
323687,22.395951678240742,3,3,snapshot_20150919T025947Z
323691,50.40387549768519,1,1,snapshot_20150919T025947Z
323896,43.11246559027777,1,1,snapshot_20150919T025947Z
323945,30.385158645833332,1,1,snapshot_20150919T025947Z
324330,113.91946092592593,1,1,snapshot_20150919T025947Z
324620,48.34383809027778,1,1,snapshot_20150919T025947Z
324681,23.224788217592593,1,1,snapshot_20150919T025947Z
325061,92.394393125,1,1,snapshot_20150919T025947Z
325157,7.3839096875,1,1,snapshot_20150919T025947Z
325188,54.976232430555555,1,1,snapshot_20150919T025947Z
325190,11.311942094907408,1,1,snapshot_20150919T025947Z
325393,126.50379775462963,1,1,snapshot_20150919T025947Z
325589,66.27804412037037,1,1,snapshot_20150919T025947Z
325641,46.018389212962965,1,1,snapshot_20150919T025947Z
325687,98.37210515046296,2,2,snapshot_20150919T025947Z
325833,34.35480158564815,1,4,snapshot_20150919T025947Z
326049,25.031393124999997,2,2,snapshot_20150919T025947Z
326233,46.072982581018515,1,1,snapshot_20150919T025947Z
326274,111.4120703935185,1,1,snapshot_20150919T025947Z
326304,33.57089108796296,1,1,snapshot_20150919T025947Z
326595,32.4369080787037,1,1,snapshot_20150919T025947Z
326689,32.14466675925926,1,1,snapshot_20150919T025947Z
327031,27.239089525462962,1,3,snapshot_20150919T025947Z
327094,116.28243210648148,1,1,snapshot_20150919T025947Z
327098,87.99565143518518,1,1,snapshot_20150919T025947Z
327302,51.42802873842593,1,1,snapshot_20150919T025947Z
327372,75.24331733796296,1,1,snapshot_20150919T025947Z
327414,88.20941163194445,1,3,snapshot_20150919T025947Z
327437,115.37367561342593,1,2,snapshot_20150919T025947Z
327493,136.47036015046297,1,1,snapshot_20150919T025947Z
327548,110.98092037037037,1,1,snapshot_20150919T025947Z
327581,123.0880295949074,1,1,snapshot_20150919T025947Z
327687,16.401823611111112,2,2,snapshot_20150919T025947Z
327734,73.38384716435185,1,1,snapshot_20150919T025947Z
327932,29.304009212962963,1,1,snapshot_20150919T025947Z
328055,42.039607858796295,2,6,snapshot_20150919T025947Z
328126,109.08759070601852,1,1,snapshot_20150919T025947Z
328219,136.18446386574072,1,2,snapshot_20150919T025947Z
328309,121.26797778935185,1,1,snapshot_20150919T025947Z
328322,8.32078980324074,1,2,snapshot_20150919T025947Z
328364,83.17020039351853,1,1,snapshot_20150919T025947Z
328466,136.27017315972222,1,1,snapshot_20150919T025947Z
328736,112.24822973379631,1,2,snapshot_20150919T025947Z
328795,93.92311916666667,1,1,snapshot_20150919T025947Z
328911,84.14489978009259,1,1,snapshot_20150919T025947Z
329044,52.16338489583333,1,1,snapshot_20150919T025947Z
329154,45.89243741898148,1,1,snapshot_20150919T025947Z
329190,82.87402795138888,1,2,snapshot_20150919T025947Z
329317,72.8359575462963,1,4,snapshot_20150919T025947Z
329397,100.85138172453702,1,1,snapshot_20150919T025947Z
329490,19.197551886574075,1,1,snapshot_20150919T025947Z
329879,119.41298432870371,1,1,snapshot_20150919T025947Z
329963,47.08421890046296,1,1,snapshot_20150919T025947Z
330035,70.21593850694445,1,1,snapshot_20150919T025947Z
330222,16.44191653935185,1,1,snapshot_20150919T025947Z
330412,86.23518608796296,1,2,snapshot_20150919T025947Z
330418,121.46829034722222,1,1,snapshot_20150919T025947Z
330461,69.24661748842593,1,1,snapshot_20150919T025947Z
330462,128.46290128472222,1,1,snapshot_20150919T025947Z
330565,30.88498946759259,1,1,snapshot_20150919T025947Z
330628,23.35240497685185,1,1,snapshot_20150919T025947Z
330672,94.25707269675927,2,2,snapshot_20150919T025947Z
330675,119.22307658564814,1,1,snapshot_20150919T025947Z
330865,79.31069212962963,3,9,snapshot_20150919T025947Z
330959,127.37391614583333,1,1,snapshot_20150919T025947Z
331000,59.95299229166667,1,1,snapshot_20150919T025947Z
331162,28.42401537037037,1,1,snapshot_20150919T025947Z
331270,5.390962060185185,2,2,snapshot_20150919T025947Z
331366,56.47105697916667,2,4,snapshot_20150919T025947Z
331610,82.20455881944444,1,1,snapshot_20150919T025947Z
331639,117.03302787037036,1,1,snapshot_20150919T025947Z
331673,126.10616674768518,1,2,snapshot_20150919T025947Z
331713,126.47167546296296,1,1,snapshot_20150919T025947Z
331807,49.426525787037036,1,1,snapshot_20150919T025947Z
331815,137.19851962962963,1,1,snapshot_20150919T025947Z
331925,31.442670891203704,2,11,snapshot_20150919T025947Z
331980,81.89065966435186,1,1,snapshot_20150919T025947Z
332225,57.28893611111111,1,1,snapshot_20150919T025947Z
332232,18.939256608796295,1,1,snapshot_20150919T025947Z
332997,104.26792325231482,1,1,snapshot_20150919T025947Z
333147,71.43498039351852,1,1,snapshot_20150919T025947Z
333296,93.25000953703703,2,4,snapshot_20150919T025947Z
333607,9.745025416666667,1,1,snapshot_20150919T025947Z
333746,108.29026016203704,1,1,snapshot_20150919T025947Z
334079,74.83434538194444,1,1,snapshot_20150919T025947Z
334292,31.270422916666668,1,1,snapshot_20150919T025947Z
334469,7.011250752314814,1,2,snapshot_20150919T025947Z
334471,63.17757134259259,1,3,snapshot_20150919T025947Z
334518,67.44235917824074,1,1,snapshot_20150919T025947Z
334686,43.095672291666666,1,3,snapshot_20150919T025947Z
334690,71.12150287037038,1,3,snapshot_20150919T025947Z
334748,78.43512324074074,1,1,snapshot_20150919T025947Z
334971,32.259608310185186,1,1,snapshot_20150919T025947Z
335184,84.18496293981482,1,1,snapshot_20150919T025947Z
335188,85.45259246527777,1,1,snapshot_20150919T025947Z
335297,105.49009583333333,1,1,snapshot_20150919T025947Z
335628,77.40081431712963,1,1,snapshot_20150919T025947Z
335768,83.96652015046297,1,1,snapshot_20150919T025947Z
336088,88.322244375,1,1,snapshot_20150919T025947Z
336149,43.28114114583334,2,2,snapshot_20150919T025947Z
336290,99.14750597222223,1,2,snapshot_20150919T025947Z
336360,79.4209544675926,1,1,snapshot_20150919T025947Z
336577,53.297775370370374,1,1,snapshot_20150919T025947Z
336596,39.324648206018516,1,1,snapshot_20150919T025947Z
336757,58.369690347222225,1,1,snapshot_20150919T025947Z
336940,72.03798653935185,1,1,snapshot_20150919T025947Z
337282,106.36037586805556,1,1,snapshot_20150919T025947Z
337316,30.98454355324074,1,1,snapshot_20150919T025947Z
337338,30.35879878472222,1,1,snapshot_20150919T025947Z
337411,99.89583675925925,1,1,snapshot_20150919T025947Z
337718,92.92695693287037,1,1,snapshot_20150919T025947Z
337843,93.36340589120371,2,2,snapshot_20150919T025947Z
338364,26.879478599537034,1,1,snapshot_20150919T025947Z
338429,95.47619777777777,1,1,snapshot_20150919T025947Z
338801,107.24479181712964,1,1,snapshot_20150919T025947Z
338911,30.31222520833333,1,1,snapshot_20150919T025947Z
339526,23.973314664351854,1,7,snapshot_20150919T025947Z
339765,117.15137221064815,1,1,snapshot_20150919T025947Z
339811,85.32659648148147,1,1,snapshot_20150919T025947Z
339944,74.86529591435185,1,1,snapshot_20150919T025947Z
340001,129.23745979166668,2,2,snapshot_20150919T025947Z
340007,51.84688729166667,1,1,snapshot_20150919T025947Z
340182,102.18404780092592,1,2,snapshot_20150919T025947Z
340196,8.33911087962963,1,1,snapshot_20150919T025947Z
340689,72.96854296296296,1,1,snapshot_20150919T025947Z
340753,79.4279669212963,1,1,snapshot_20150919T025947Z
340941,88.28366827546297,1,1,snapshot_20150919T025947Z
341098,101.35923181712964,1,1,snapshot_20150919T025947Z
341179,44.32324768518519,1,1,snapshot_20150919T025947Z
341188,75.46105229166666,1,1,snapshot_20150919T025947Z
341195,116.96962082175926,1,1,snapshot_20150919T025947Z
341353,32.39551577546296,1,1,snapshot_20150919T025947Z
341418,54.26444012731482,1,1,snapshot_20150919T025947Z
341443,14.354051527777777,1,3,snapshot_20150919T025947Z
341476,127.9268216550926,1,1,snapshot_20150919T025947Z
341714,29.833237222222223,1,1,snapshot_20150919T025947Z
341900,58.129329178240745,2,2,snapshot_20150919T025947Z
342236,128.982059375,1,1,snapshot_20150919T025947Z
342244,40.410684224537036,1,1,snapshot_20150919T025947Z
342306,107.60102960648149,1,2,snapshot_20150919T025947Z
342381,84.45957903935185,1,1,snapshot_20150919T025947Z
342540,53.97823975694445,1,1,snapshot_20150919T025947Z
342640,7.147361435185186,1,1,snapshot_20150919T025947Z
342707,129.54006862268517,1,2,snapshot_20150919T025947Z
343016,24.15320923611111,1,1,snapshot_20150919T025947Z
343137,100.0979405787037,2,2,snapshot_20150919T025947Z
343221,9.879185706018518,1,1,snapshot_20150919T025947Z
343270,101.54290127314815,1,1,snapshot_20150919T025947Z
343274,96.03010519675925,1,1,snapshot_20150919T025947Z
343283,15.307028182870372,1,1,snapshot_20150919T025947Z
343404,100.17094541666667,1,1,snapshot_20150919T025947Z
343412,84.279055,1,1,snapshot_20150919T025947Z
343559,124.10097394675927,2,4,snapshot_20150919T025947Z
343659,76.3199110648148,1,1,snapshot_20150919T025947Z
343835,129.8197729861111,1,1,snapshot_20150919T025947Z
343950,85.91355466435185,1,1,snapshot_20150919T025947Z
344013,50.3803965625,1,1,snapshot_20150919T025947Z
344271,81.18302605324074,1,1,snapshot_20150919T025947Z
344293,44.35426612268518,1,2,snapshot_20150919T025947Z
344688,81.28182777777778,1,1,snapshot_20150919T025947Z
344727,78.09928225694443,1,2,snapshot_20150919T025947Z
344959,114.37593528935186,1,1,snapshot_20150919T025947Z
345160,63.10591951388889,1,2,snapshot_20150919T025947Z
345244,60.27359438657407,2,2,snapshot_20150919T025947Z
345276,93.14425766203703,9,9,snapshot_20150919T025947Z
345425,25.80601534722222,1,1,snapshot_20150919T025947Z
345558,69.08741548611111,1,1,snapshot_20150919T025947Z
345560,38.79332363425926,1,1,snapshot_20150919T025947Z
345673,67.07537003472223,1,1,snapshot_20150919T025947Z
345781,138.9755325925926,1,1,snapshot_20150919T025947Z
345850,87.26520604166667,1,1,snapshot_20150919T025947Z
345939,32.26531353009259,1,1,snapshot_20150919T025947Z
346127,39.49636133101852,1,3,snapshot_20150919T025947Z
346132,81.13480982638889,1,1,snapshot_20150919T025947Z
346166,136.33821091435186,1,1,snapshot_20150919T025947Z
346276,115.06265821759258,1,1,snapshot_20150919T025947Z
346288,93.09730321759258,1,1,snapshot_20150919T025947Z
346346,122.23588614583332,1,1,snapshot_20150919T025947Z
346366,42.4475281712963,1,1,snapshot_20150919T025947Z
346435,44.15550818287037,1,1,snapshot_20150919T025947Z
346453,46.13887747685185,1,1,snapshot_20150919T025947Z
346597,79.33437297453703,3,9,snapshot_20150919T025947Z
346615,136.41770421296295,1,1,snapshot_20150919T025947Z
346657,5.458802824074074,1,1,snapshot_20150919T025947Z
346760,75.99204939814815,1,1,snapshot_20150919T025947Z
346832,2.301672337962963,1,1,snapshot_20150919T025947Z
346862,45.3698284837963,2,2,snapshot_20150919T025947Z
346907,126.39664986111111,1,1,snapshot_20150919T025947Z
346981,73.99744137731481,1,1,snapshot_20150919T025947Z
347176,12.118389537037038,1,1,snapshot_20150919T025947Z
347354,127.48750972222221,1,1,snapshot_20150919T025947Z
347454,74.90842564814814,1,1,snapshot_20150919T025947Z
347598,79.52424466435185,4,6,snapshot_20150919T025947Z
347610,2.3002677893518517,3,5,snapshot_20150919T025947Z
347686,15.129502291666666,1,2,snapshot_20150919T025947Z
347697,64.9870107175926,1,1,snapshot_20150919T025947Z
347756,84.99322614583333,1,2,snapshot_20150919T025947Z
347814,95.13268907407408,1,1,snapshot_20150919T025947Z
347819,134.99916230324072,1,1,snapshot_20150919T025947Z
347937,89.34483880787037,1,1,snapshot_20150919T025947Z
347953,4.495110428240741,1,1,snapshot_20150919T025947Z
347996,88.31590165509259,1,1,snapshot_20150919T025947Z
348025,31.2656025,1,1,snapshot_20150919T025947Z
348159,38.18693390046297,1,1,snapshot_20150919T025947Z
348256,87.86726228009259,1,1,snapshot_20150919T025947Z
348399,25.97241048611111,1,2,snapshot_20150919T025947Z
348484,120.44293738425925,1,1,snapshot_20150919T025947Z
348579,52.882440590277774,1,1,snapshot_20150919T025947Z
348755,100.20258821759259,1,1,snapshot_20150919T025947Z
348983,17.132504479166666,1,1,snapshot_20150919T025947Z
348985,53.06790501157407,1,1,snapshot_20150919T025947Z
349186,85.46527071759259,1,1,snapshot_20150919T025947Z
349352,84.4053719212963,1,1,snapshot_20150919T025947Z
349390,9.284299467592593,1,1,snapshot_20150919T025947Z
349686,57.42054721064815,1,1,snapshot_20150919T025947Z
349713,7.30135119212963,1,2,snapshot_20150919T025947Z
349879,132.9289591435185,1,1,snapshot_20150919T025947Z
350026,73.33181959490742,1,1,snapshot_20150919T025947Z
350045,19.85756628472222,1,1,snapshot_20150919T025947Z
350176,99.4735256712963,1,1,snapshot_20150919T025947Z
350453,52.4077759375,1,1,snapshot_20150919T025947Z
350566,104.99720848379629,92,112,snapshot_20150919T025947Z
350678,45.06487861111111,1,1,snapshot_20150919T025947Z
350733,10.22322619212963,1,1,snapshot_20150919T025947Z
350839,80.31912502314815,1,1,snapshot_20150919T025947Z
351199,51.412631203703704,2,2,snapshot_20150919T025947Z
351211,54.90366881944444,1,2,snapshot_20150919T025947Z
351630,67.22356278935186,1,1,snapshot_20150919T025947Z
351661,38.542051898148145,1,1,snapshot_20150919T025947Z
351730,49.21972034722223,1,1,snapshot_20150919T025947Z
351979,77.95131917824074,1,1,snapshot_20150919T025947Z
352193,104.93535872685186,1,1,snapshot_20150919T025947Z
353070,31.871234490740743,1,1,snapshot_20150919T025947Z
353096,111.90529924768519,1,1,snapshot_20150919T025947Z
353143,111.89920898148148,1,1,snapshot_20150919T025947Z
353262,78.17657659722222,1,1,snapshot_20150919T025947Z
353389,134.45928846064814,1,1,snapshot_20150919T025947Z
353643,30.504483113425927,1,1,snapshot_20150919T025947Z
353891,68.25455822916668,1,1,snapshot_20150919T025947Z
353930,81.03490621527777,1,1,snapshot_20150919T025947Z
354324,106.1556237962963,1,1,snapshot_20150919T025947Z
354368,63.368742696759256,1,1,snapshot_20150919T025947Z
354436,30.05982707175926,1,1,snapshot_20150919T025947Z
354447,85.12684871527779,1,2,snapshot_20150919T025947Z
354554,96.25552528935185,3,3,snapshot_20150919T025947Z
354579,71.43870783564815,1,2,snapshot_20150919T025947Z
354660,21.350510601851852,1,2,snapshot_20150919T025947Z
354704,26.33164429398148,1,1,snapshot_20150919T025947Z
354751,94.26747021990741,1,1,snapshot_20150919T025947Z
354752,11.122874050925926,1,1,snapshot_20150919T025947Z
354764,60.28547711805556,1,1,snapshot_20150919T025947Z
354766,80.97180946759259,1,3,snapshot_20150919T025947Z
355053,46.940228599537036,1,1,snapshot_20150919T025947Z
355056,67.1970011111111,1,1,snapshot_20150919T025947Z
355146,130.26608243055554,1,3,snapshot_20150919T025947Z
355297,1.0839322569444445,1,1,snapshot_20150919T025947Z
355334,87.35270310185186,1,1,snapshot_20150919T025947Z
355392,30.414135208333335,1,1,snapshot_20150919T025947Z
355706,125.39051319444444,1,1,snapshot_20150919T025947Z
355834,8.961263680555556,1,5,snapshot_20150919T025947Z
355934,44.18586631944444,1,1,snapshot_20150919T025947Z
356231,25.165924016203704,1,1,snapshot_20150919T025947Z
356300,22.388435081018518,1,1,snapshot_20150919T025947Z
356329,11.435425185185185,1,1,snapshot_20150919T025947Z
356340,71.09683994212963,1,1,snapshot_20150919T025947Z
356571,43.11421400462963,1,1,snapshot_20150919T025947Z
356818,72.37377572916667,1,2,snapshot_20150919T025947Z
356890,122.29012077546297,1,1,snapshot_20150919T025947Z
357181,95.03015164351852,1,1,snapshot_20150919T025947Z
357339,100.28887842592593,1,1,snapshot_20150919T025947Z
357597,135.38695804398148,1,1,snapshot_20150919T025947Z
357740,33.17593668981482,1,1,snapshot_20150919T025947Z
358407,113.27551135416667,1,1,snapshot_20150919T025947Z
358516,102.00647806712963,12,13,snapshot_20150919T025947Z
358631,84.22847962962963,1,1,snapshot_20150919T025947Z
358674,53.40263503472222,1,1,snapshot_20150919T025947Z
358806,62.34970311342593,2,2,snapshot_20150919T025947Z
359044,35.210365081018516,1,1,snapshot_20150919T025947Z
359094,94.08797731481482,1,1,snapshot_20150919T025947Z
359145,88.40907269675925,1,1,snapshot_20150919T025947Z
359146,14.160569131944444,1,1,snapshot_20150919T025947Z
359293,16.28875641203704,1,1,snapshot_20150919T025947Z
359448,42.131616747685186,1,1,snapshot_20150919T025947Z
359647,67.8461145949074,1,1,snapshot_20150919T025947Z
359681,115.2661788425926,1,1,snapshot_20150919T025947Z
359742,91.24392394675927,1,1,snapshot_20150919T025947Z
359890,42.28355392361111,1,1,snapshot_20150919T025947Z
359914,29.93756590277778,1,1,snapshot_20150919T025947Z
359960,36.83139451388889,1,1,snapshot_20150919T025947Z
360237,133.28026184027777,1,1,snapshot_20150919T025947Z
360394,67.47086364583333,1,1,snapshot_20150919T025947Z
360552,39.70375059027778,2,2,snapshot_20150919T025947Z
360742,79.36430469907407,1,1,snapshot_20150919T025947Z
360945,85.10899528935185,1,1,snapshot_20150919T025947Z
361041,30.488885254629633,1,1,snapshot_20150919T025947Z
361066,41.37045467592593,1,1,snapshot_20150919T025947Z
361291,17.923487418981484,2,2,snapshot_20150919T025947Z
361302,109.93178622685186,1,1,snapshot_20150919T025947Z
361339,16.254422511574074,1,1,snapshot_20150919T025947Z
361387,108.8600082986111,2,2,snapshot_20150919T025947Z
361527,124.00821219907408,1,1,snapshot_20150919T025947Z
361876,124.19999899305556,1,2,snapshot_20150919T025947Z
361960,87.38261685185185,1,1,snapshot_20150919T025947Z
362141,136.98884560185184,1,1,snapshot_20150919T025947Z
362910,121.25973693287037,1,1,snapshot_20150919T025947Z
363277,11.47493298611111,1,2,snapshot_20150919T025947Z
363402,32.33942398148148,1,1,snapshot_20150919T025947Z
363577,24.377204131944442,1,1,snapshot_20150919T025947Z
363924,58.425879502314814,1,1,snapshot_20150919T025947Z
364073,48.00244,1,1,snapshot_20150919T025947Z
364212,135.0959844675926,1,1,snapshot_20150919T025947Z
364536,94.33908837962963,1,1,snapshot_20150919T025947Z
364726,135.41994275462963,1,1,snapshot_20150919T025947Z
364892,54.117589201388896,1,1,snapshot_20150919T025947Z
365060,54.30203885416666,1,1,snapshot_20150919T025947Z
365135,105.98993649305555,1,1,snapshot_20150919T025947Z
365136,79.56935740740741,1,1,snapshot_20150919T025947Z
365194,52.86879390046296,1,1,snapshot_20150919T025947Z
365315,138.10590270833333,1,2,snapshot_20150919T025947Z
365347,66.20025251157408,1,1,snapshot_20150919T025947Z
365832,50.361886238425924,1,1,snapshot_20150919T025947Z
365845,83.90120356481481,1,1,snapshot_20150919T025947Z
365905,32.104938125000004,1,1,snapshot_20150919T025947Z
365962,9.178767592592592,3,3,snapshot_20150919T025947Z
366202,110.06813450231482,1,1,snapshot_20150919T025947Z
366204,105.93351570601851,1,1,snapshot_20150919T025947Z
366331,66.14962807870371,1,1,snapshot_20150919T025947Z
366364,86.18044770833333,1,1,snapshot_20150919T025947Z
366382,10.873795150462962,2,2,snapshot_20150919T025947Z
366436,105.98868174768519,1,1,snapshot_20150919T025947Z
366464,60.36210195601852,1,1,snapshot_20150919T025947Z
366509,46.3076437962963,1,1,snapshot_20150919T025947Z
366614,121.3688460300926,1,1,snapshot_20150919T025947Z
366681,134.36581675925925,1,2,snapshot_20150919T025947Z
366706,80.39471575231481,1,1,snapshot_20150919T025947Z
366742,54.93319914351852,1,1,snapshot_20150919T025947Z
366799,85.1441059837963,2,2,snapshot_20150919T025947Z
366911,92.17520956018518,1,1,snapshot_20150919T025947Z
367079,79.40514200231482,1,1,snapshot_20150919T025947Z
367087,93.89215171296296,1,1,snapshot_20150919T025947Z
367291,135.4354405787037,1,1,snapshot_20150919T025947Z
367301,116.3272213773148,1,1,snapshot_20150919T025947Z
367329,100.480546875,1,1,snapshot_20150919T025947Z
367376,109.91929663194445,1,1,snapshot_20150919T025947Z
367485,15.464095081018518,1,1,snapshot_20150919T025947Z
367586,36.90414043981482,1,1,snapshot_20150919T025947Z
367862,72.34361061342594,1,1,snapshot_20150919T025947Z
367987,134.23258046296297,1,1,snapshot_20150919T025947Z
368033,73.45856548611111,1,1,snapshot_20150919T025947Z
368241,53.150620902777774,1,1,snapshot_20150919T025947Z
368444,6.195534155092592,1,1,snapshot_20150919T025947Z
368499,11.128523287037037,1,1,snapshot_20150919T025947Z
368611,117.29896662037036,1,1,snapshot_20150919T025947Z
368787,113.5234767476852,1,1,snapshot_20150919T025947Z
368807,119.89829607638889,1,1,snapshot_20150919T025947Z
368819,89.32981427083332,1,1,snapshot_20150919T025947Z
369102,71.42148233796296,1,1,snapshot_20150919T025947Z
369168,66.86510586805555,1,2,snapshot_20150919T025947Z
369254,22.299955787037035,1,1,snapshot_20150919T025947Z
369374,24.430312650462962,1,1,snapshot_20150919T025947Z
369432,59.272043090277776,1,1,snapshot_20150919T025947Z
369433,5.8824030324074075,1,1,snapshot_20150919T025947Z
369533,66.42140541666667,1,1,snapshot_20150919T025947Z
369557,135.3272490162037,1,1,snapshot_20150919T025947Z
369973,31.25617361111111,1,1,snapshot_20150919T025947Z
370007,101.08681947916666,1,1,snapshot_20150919T025947Z
370053,81.73708996527778,1,1,snapshot_20150919T025947Z
370154,78.84262114583333,1,1,snapshot_20150919T025947Z
370237,125.34360109953704,1,2,snapshot_20150919T025947Z
370331,93.8422209375,1,1,snapshot_20150919T025947Z
370541,136.10287175925924,1,1,snapshot_20150919T025947Z
370552,9.311484189814815,1,1,snapshot_20150919T025947Z
370681,49.33398293981482,2,2,snapshot_20150919T025947Z
370723,104.5519392824074,1,2,snapshot_20150919T025947Z
370759,101.98216434027778,1,1,snapshot_20150919T025947Z
370800,123.88761149305554,1,1,snapshot_20150919T025947Z
370863,125.33766033564815,1,1,snapshot_20150919T025947Z
370928,57.42567592592593,1,1,snapshot_20150919T025947Z
371540,58.94595579861112,1,1,snapshot_20150919T025947Z
371604,93.03504986111112,44,48,snapshot_20150919T025947Z
371606,61.256116331018525,79,94,snapshot_20150919T025947Z
371654,74.87867658564815,1,1,snapshot_20150919T025947Z
371700,59.04123141203704,2,2,snapshot_20150919T025947Z
371711,48.20915679398148,1,1,snapshot_20150919T025947Z
371733,99.08897431712963,1,1,snapshot_20150919T025947Z
371760,88.1543283449074,1,1,snapshot_20150919T025947Z
371941,108.45199408564815,1,1,snapshot_20150919T025947Z
372048,69.89143665509259,1,1,snapshot_20150919T025947Z
372352,8.922323819444445,1,1,snapshot_20150919T025947Z
372354,19.294268576388887,1,1,snapshot_20150919T025947Z
372447,11.20291954861111,1,1,snapshot_20150919T025947Z
372549,93.86269326388889,1,1,snapshot_20150919T025947Z
372609,79.09456449074075,1,1,snapshot_20150919T025947Z
372661,103.25539335648148,1,1,snapshot_20150919T025947Z
372687,115.28693700231483,1,1,snapshot_20150919T025947Z
372748,136.35309401620373,1,2,snapshot_20150919T025947Z
373098,19.321967118055557,1,1,snapshot_20150919T025947Z
373182,88.4320130787037,1,1,snapshot_20150919T025947Z
373194,67.53053893518519,1,1,snapshot_20150919T025947Z
373274,94.40908732638889,2,2,snapshot_20150919T025947Z
373601,74.9893686111111,1,1,snapshot_20150919T025947Z
373850,85.2134025,1,1,snapshot_20150919T025947Z
373852,15.777063055555555,3,3,snapshot_20150919T025947Z
373906,81.33908090277778,1,1,snapshot_20150919T025947Z
373992,10.092255798611111,1,1,snapshot_20150919T025947Z
374076,57.94551641203704,1,1,snapshot_20150919T025947Z
374417,71.93616935185185,1,1,snapshot_20150919T025947Z
374477,47.1627918287037,1,1,snapshot_20150919T025947Z
374586,74.4314820138889,1,1,snapshot_20150919T025947Z
374587,58.19720732638889,1,1,snapshot_20150919T025947Z
374700,45.120068368055556,1,1,snapshot_20150919T025947Z
374805,15.55298804398148,1,4,snapshot_20150919T025947Z
374903,114.94772148148148,1,1,snapshot_20150919T025947Z
374927,80.3458636574074,1,1,snapshot_20150919T025947Z
374933,95.00431666666667,2,2,snapshot_20150919T025947Z
375068,25.958206064814817,2,2,snapshot_20150919T025947Z
375095,54.143603043981486,1,1,snapshot_20150919T025947Z
375110,102.43229780092592,1,1,snapshot_20150919T025947Z
375608,51.183326747685186,1,1,snapshot_20150919T025947Z
375703,117.2627802662037,1,1,snapshot_20150919T025947Z
375760,73.49308278935186,1,1,snapshot_20150919T025947Z
375772,111.23049436342592,1,1,snapshot_20150919T025947Z
375934,120.5039941550926,2,2,snapshot_20150919T025947Z
376236,114.03512681712964,1,1,snapshot_20150919T025947Z
376250,14.88550957175926,3,3,snapshot_20150919T025947Z
376440,61.887071527777785,1,1,snapshot_20150919T025947Z
376507,30.54439467592593,1,1,snapshot_20150919T025947Z
376557,86.0124067361111,1,1,snapshot_20150919T025947Z
376591,84.19723744212963,1,1,snapshot_20150919T025947Z
376721,22.29611266203704,1,4,snapshot_20150919T025947Z
376837,130.22236346064815,1,1,snapshot_20150919T025947Z
376897,73.10442158564815,1,1,snapshot_20150919T025947Z
376905,64.34171039351851,1,1,snapshot_20150919T025947Z
377073,112.4663286574074,1,1,snapshot_20150919T025947Z
377478,111.96734878472223,1,1,snapshot_20150919T025947Z
377483,137.09190792824074,1,1,snapshot_20150919T025947Z
377569,73.10430712962963,1,1,snapshot_20150919T025947Z
377699,78.36070336805555,1,1,snapshot_20150919T025947Z
377978,10.819055983796297,1,2,snapshot_20150919T025947Z
377992,136.47959019675926,1,2,snapshot_20150919T025947Z
378296,127.33017187499999,1,1,snapshot_20150919T025947Z
378396,103.23489483796297,1,2,snapshot_20150919T025947Z
379008,138.9155657986111,2,2,snapshot_20150919T025947Z
379036,54.386578738425925,1,1,snapshot_20150919T025947Z
379058,96.28747248842592,1,10,snapshot_20150919T025947Z
379092,110.06639881944443,1,1,snapshot_20150919T025947Z
379340,21.217274363425926,1,1,snapshot_20150919T025947Z
379363,21.44436462962963,1,1,snapshot_20150919T025947Z
379562,79.22061879629629,1,1,snapshot_20150919T025947Z
379698,60.1673925462963,1,1,snapshot_20150919T025947Z
379844,88.19774097222222,1,1,snapshot_20150919T025947Z
379864,107.27434974537037,1,1,snapshot_20150919T025947Z
379894,120.00695824074074,1,1,snapshot_20150919T025947Z
379925,41.87126240740741,1,2,snapshot_20150919T025947Z
379932,136.1271674537037,14,15,snapshot_20150919T025947Z
380118,133.03764047453703,1,1,snapshot_20150919T025947Z
380635,37.4764116087963,1,1,snapshot_20150919T025947Z
381031,30.028481585648148,1,1,snapshot_20150919T025947Z
381045,42.07545912037037,2,2,snapshot_20150919T025947Z
381122,16.388990127314816,1,1,snapshot_20150919T025947Z
381186,110.01818479166666,1,1,snapshot_20150919T025947Z
381222,138.20269430555555,1,1,snapshot_20150919T025947Z
381263,112.99375603009258,1,1,snapshot_20150919T025947Z
381345,60.375009201388885,3,3,snapshot_20150919T025947Z
381439,72.24536509259259,1,1,snapshot_20150919T025947Z
381504,47.1534131712963,1,1,snapshot_20150919T025947Z
381564,35.92681802083333,1,1,snapshot_20150919T025947Z
381825,74.27866197916666,1,1,snapshot_20150919T025947Z
381872,26.975340856481484,1,2,snapshot_20150919T025947Z
381944,27.478499861111107,1,1,snapshot_20150919T025947Z
382286,11.357532152777779,1,2,snapshot_20150919T025947Z
382299,14.483813784722221,1,2,snapshot_20150919T025947Z
382460,7.46274431712963,1,1,snapshot_20150919T025947Z
382473,68.73299225694446,1,1,snapshot_20150919T025947Z
382509,133.2857520138889,1,1,snapshot_20150919T025947Z
382599,119.33301917824075,1,2,snapshot_20150919T025947Z
382721,84.53216344907408,1,1,snapshot_20150919T025947Z
382731,74.0560260300926,1,1,snapshot_20150919T025947Z
382750,79.05453665509259,1,1,snapshot_20150919T025947Z
382808,69.4210428125,1,1,snapshot_20150919T025947Z
382902,39.262804375,1,1,snapshot_20150919T025947Z
382922,12.032069803240741,1,1,snapshot_20150919T025947Z
383087,20.950138506944445,1,1,snapshot_20150919T025947Z
383168,90.43157541666667,1,1,snapshot_20150919T025947Z
383271,52.310842685185186,1,1,snapshot_20150919T025947Z
383676,78.13066780092592,1,1,snapshot_20150919T025947Z
383786,7.3330783101851855,3,3,snapshot_20150919T025947Z
384025,8.333672037037037,1,1,snapshot_20150919T025947Z
384126,77.42547804398149,1,6,snapshot_20150919T025947Z
384289,15.260642685185184,1,1,snapshot_20150919T025947Z
384345,38.46995925925926,1,1,snapshot_20150919T025947Z
384466,30.22714454861111,1,2,snapshot_20150919T025947Z
384535,118.09731745370371,1,1,snapshot_20150919T025947Z
384851,18.18687550925926,2,2,snapshot_20150919T025947Z
385071,81.23816517361111,1,1,snapshot_20150919T025947Z
385345,119.40844070601852,1,1,snapshot_20150919T025947Z
385414,82.30786001157408,1,1,snapshot_20150919T025947Z
385715,51.123000185185184,1,1,snapshot_20150919T025947Z
385779,122.78128696759259,1,1,snapshot_20150919T025947Z
385857,59.29498881944444,1,4,snapshot_20150919T025947Z
386187,25.087078032407405,1,1,snapshot_20150919T025947Z
386503,73.33501239583335,1,1,snapshot_20150919T025947Z
386656,123.33832100694445,1,1,snapshot_20150919T025947Z
386745,3.29075630787037,1,1,snapshot_20150919T025947Z
386777,136.10761932870372,1,1,snapshot_20150919T025947Z
386796,79.2757443287037,1,1,snapshot_20150919T025947Z
386842,129.23030753472221,1,1,snapshot_20150919T025947Z
386976,2.9418778356481483,1,1,snapshot_20150919T025947Z
387037,61.19372924768519,1,1,snapshot_20150919T025947Z
387144,58.82992064814815,1,2,snapshot_20150919T025947Z
387388,81.9324638425926,1,2,snapshot_20150919T025947Z
387466,90.44826253472223,1,2,snapshot_20150919T025947Z
387516,58.35723502314814,1,1,snapshot_20150919T025947Z
387521,39.02682078703704,1,1,snapshot_20150919T025947Z
387538,77.32936893518519,1,1,snapshot_20150919T025947Z
387601,73.30658171296297,1,1,snapshot_20150919T025947Z
387860,105.42534539351853,1,1,snapshot_20150919T025947Z
387929,91.44098069444445,1,1,snapshot_20150919T025947Z
387931,77.84635043981481,1,1,snapshot_20150919T025947Z
388066,3.321257465277778,1,1,snapshot_20150919T025947Z
388182,46.40304211805556,1,2,snapshot_20150919T025947Z
388255,129.2379535648148,1,1,snapshot_20150919T025947Z
388441,79.21264318287038,1,1,snapshot_20150919T025947Z
388461,5.0997184722222215,1,2,snapshot_20150919T025947Z
388556,93.10305736111111,1,1,snapshot_20150919T025947Z
388612,119.86659335648147,3,3,snapshot_20150919T025947Z
388679,72.52630114583333,1,1,snapshot_20150919T025947Z
388893,94.02814035879629,1,1,snapshot_20150919T025947Z
389030,129.39310012731482,1,1,snapshot_20150919T025947Z
389058,82.01203896990741,1,2,snapshot_20150919T025947Z
389066,111.20305613425927,1,1,snapshot_20150919T025947Z
389069,113.22623878472221,1,1,snapshot_20150919T025947Z
389287,7.359967534722221,1,1,snapshot_20150919T025947Z
389361,65.3786790162037,1,1,snapshot_20150919T025947Z
389441,105.02885255787037,1,1,snapshot_20150919T025947Z
389503,65.0177224074074,1,1,snapshot_20150919T025947Z
389532,120.38817033564814,36,52,snapshot_20150919T025947Z
389694,11.001359537037038,1,2,snapshot_20150919T025947Z
389757,22.245202118055555,1,1,snapshot_20150919T025947Z
389780,9.183024328703704,1,2,snapshot_20150919T025947Z
389947,60.47449010416667,1,1,snapshot_20150919T025947Z
390022,51.03326230324074,2,2,snapshot_20150919T025947Z
390023,78.29939450231481,1,3,snapshot_20150919T025947Z
390258,12.050370451388888,1,1,snapshot_20150919T025947Z
390314,105.23916466435185,1,1,snapshot_20150919T025947Z
390426,103.92837491898149,1,1,snapshot_20150919T025947Z
390499,8.277915185185185,1,2,snapshot_20150919T025947Z
390547,11.25849869212963,1,1,snapshot_20150919T025947Z
390625,9.012000428240741,1,1,snapshot_20150919T025947Z
390743,8.299851898148148,1,2,snapshot_20150919T025947Z
390770,62.02471025462963,1,1,snapshot_20150919T025947Z
390888,35.476430775462966,1,1,snapshot_20150919T025947Z
390933,11.174745416666665,1,1,snapshot_20150919T025947Z
391066,124.32245826388888,1,2,snapshot_20150919T025947Z
391094,10.851815219907406,1,1,snapshot_20150919T025947Z
391231,128.22701493055555,2,2,snapshot_20150919T025947Z
391258,14.200785416666667,1,1,snapshot_20150919T025947Z
391281,37.9123915625,1,1,snapshot_20150919T025947Z
391300,7.860090879629629,1,1,snapshot_20150919T025947Z
391329,128.13486127314815,2,2,snapshot_20150919T025947Z
391446,136.96168640046295,1,1,snapshot_20150919T025947Z
391657,123.38372427083334,1,4,snapshot_20150919T025947Z
391814,72.47514484953703,2,3,snapshot_20150919T025947Z
391939,136.4186363773148,2,2,snapshot_20150919T025947Z
391980,134.0637384837963,1,1,snapshot_20150919T025947Z
392246,29.387911284722225,1,3,snapshot_20150919T025947Z
392296,35.43562106481482,1,1,snapshot_20150919T025947Z
392404,29.039876261574072,1,1,snapshot_20150919T025947Z
392448,35.86232304398148,1,1,snapshot_20150919T025947Z
392507,40.00985443287037,1,1,snapshot_20150919T025947Z
392739,29.09755509259259,1,1,snapshot_20150919T025947Z
392741,24.126522777777776,1,1,snapshot_20150919T025947Z
392826,81.91852399305556,2,3,snapshot_20150919T025947Z
392947,98.92209562500001,1,1,snapshot_20150919T025947Z
393085,27.12691584490741,1,1,snapshot_20150919T025947Z
393237,119.27142855324072,1,3,snapshot_20150919T025947Z
393239,87.42494548611111,1,1,snapshot_20150919T025947Z
393334,71.95268856481482,1,1,snapshot_20150919T025947Z
393480,134.8360176388889,2,2,snapshot_20150919T025947Z
393598,52.284828946759255,1,1,snapshot_20150919T025947Z
393634,93.28246545138889,1,1,snapshot_20150919T025947Z
393733,47.25242765046296,1,1,snapshot_20150919T025947Z
393947,17.48904523148148,1,1,snapshot_20150919T025947Z
393972,73.28370443287037,2,5,snapshot_20150919T025947Z
394054,8.341508275462962,1,1,snapshot_20150919T025947Z
394294,16.476357430555556,1,1,snapshot_20150919T025947Z
394366,27.95652699074074,1,1,snapshot_20150919T025947Z
394489,29.165196782407406,1,1,snapshot_20150919T025947Z
394686,121.20028472222222,1,1,snapshot_20150919T025947Z
394989,65.92395256944445,1,3,snapshot_20150919T025947Z
395411,82.043660625,1,1,snapshot_20150919T025947Z
395510,12.455419409722222,1,1,snapshot_20150919T025947Z
395522,115.00098643518518,2,2,snapshot_20150919T025947Z
395552,48.29581189814815,1,4,snapshot_20150919T025947Z
395585,93.9001131712963,1,1,snapshot_20150919T025947Z
395626,64.3250221412037,1,1,snapshot_20150919T025947Z
395650,73.26581177083334,1,1,snapshot_20150919T025947Z
395664,123.94692424768519,1,1,snapshot_20150919T025947Z
395684,64.38063167824073,1,1,snapshot_20150919T025947Z
395745,131.43075177083333,1,1,snapshot_20150919T025947Z
395920,56.42993262731481,1,1,snapshot_20150919T025947Z
395979,131.16977993055556,1,1,snapshot_20150919T025947Z
396040,66.38763973379629,1,1,snapshot_20150919T025947Z
396151,135.1687171527778,1,1,snapshot_20150919T025947Z
396571,59.54141922453704,4,7,snapshot_20150919T025947Z
396709,99.24249354166666,1,1,snapshot_20150919T025947Z
396761,102.38575317129629,2,3,snapshot_20150919T025947Z
397078,40.34322465277778,1,1,snapshot_20150919T025947Z
397091,92.18678054398148,1,1,snapshot_20150919T025947Z
397111,52.458431134259264,1,1,snapshot_20150919T025947Z
397272,116.95836957175925,1,1,snapshot_20150919T025947Z
397297,14.475544293981482,1,1,snapshot_20150919T025947Z
397350,105.56933670138889,1,1,snapshot_20150919T025947Z
397522,91.32327951388888,1,1,snapshot_20150919T025947Z
397573,64.8890922337963,1,1,snapshot_20150919T025947Z
397620,77.81398707175926,1,1,snapshot_20150919T025947Z
397639,73.24103003472223,1,1,snapshot_20150919T025947Z
397729,117.0429274074074,1,1,snapshot_20150919T025947Z
397738,90.2571040162037,1,2,snapshot_20150919T025947Z
398144,2.2368370254629633,1,1,snapshot_20150919T025947Z
398205,59.04800028935185,1,8,snapshot_20150919T025947Z
398227,60.32603960648148,1,1,snapshot_20150919T025947Z
398617,58.19868847222222,1,1,snapshot_20150919T025947Z
398756,126.10766871527777,1,1,snapshot_20150919T025947Z
398779,100.86391265046295,1,1,snapshot_20150919T025947Z
399094,45.35613737268518,1,1,snapshot_20150919T025947Z
399290,24.947961585648148,1,1,snapshot_20150919T025947Z
399822,53.64175533564815,1,2,snapshot_20150919T025947Z
400159,82.37041804398149,1,2,snapshot_20150919T025947Z
400271,62.15625652777778,1,1,snapshot_20150919T025947Z
400596,114.4069908912037,1,1,snapshot_20150919T025947Z
400676,129.19935048611111,1,1,snapshot_20150919T025947Z
400737,121.22617703703705,1,1,snapshot_20150919T025947Z
400788,57.42462927083333,1,1,snapshot_20150919T025947Z
400794,44.008637916666665,1,1,snapshot_20150919T025947Z
400870,4.97563474537037,1,1,snapshot_20150919T025947Z
400991,42.717082893518516,1,1,snapshot_20150919T025947Z
401220,84.37775902777777,1,1,snapshot_20150919T025947Z
401323,65.95010942129629,1,2,snapshot_20150919T025947Z
401480,134.0256300925926,1,1,snapshot_20150919T025947Z
401663,85.17049767361111,1,1,snapshot_20150919T025947Z
401855,92.96639532407407,1,1,snapshot_20150919T025947Z
401860,101.31240722222222,1,1,snapshot_20150919T025947Z
401899,84.28306800925927,1,1,snapshot_20150919T025947Z
401979,19.140476747685188,1,3,snapshot_20150919T025947Z
402224,39.039720011574076,1,1,snapshot_20150919T025947Z
402233,114.23255561342592,1,1,snapshot_20150919T025947Z
402416,119.55341703703705,2,3,snapshot_20150919T025947Z
402529,92.23733741898148,1,1,snapshot_20150919T025947Z
403042,29.70532908564815,1,1,snapshot_20150919T025947Z
403341,106.89410155092592,1,1,snapshot_20150919T025947Z
403374,137.06656493055556,1,1,snapshot_20150919T025947Z
403492,34.04748127314815,4,4,snapshot_20150919T025947Z
403643,30.099616099537034,1,1,snapshot_20150919T025947Z
403777,64.97526162037038,1,1,snapshot_20150919T025947Z
403958,63.08586991898149,1,2,snapshot_20150919T025947Z
404036,8.885467858796297,1,2,snapshot_20150919T025947Z
404061,53.18567162037037,1,1,snapshot_20150919T025947Z
404146,22.434273796296296,1,1,snapshot_20150919T025947Z
404403,109.13054081018518,37,45,snapshot_20150919T025947Z
404798,138.20610288194445,1,1,snapshot_20150919T025947Z
404907,105.15515160879629,1,1,snapshot_20150919T025947Z
404945,52.0757668287037,1,1,snapshot_20150919T025947Z
405120,65.3902957175926,1,1,snapshot_20150919T025947Z
405156,85.37202375,2,4,snapshot_20150919T025947Z
405190,65.34821140046296,1,1,snapshot_20150919T025947Z
405676,105.96339604166666,1,1,snapshot_20150919T025947Z
405759,113.0860220949074,1,1,snapshot_20150919T025947Z
405804,134.24742059027778,1,2,snapshot_20150919T025947Z
405816,88.94754159722221,1,1,snapshot_20150919T025947Z
406203,74.10267396990741,1,1,snapshot_20150919T025947Z
406325,112.99495968750001,1,1,snapshot_20150919T025947Z
406338,126.37161767361113,1,1,snapshot_20150919T025947Z
406584,127.88001736111111,1,1,snapshot_20150919T025947Z
406902,38.33526701388889,1,1,snapshot_20150919T025947Z
407086,44.22561569444444,1,1,snapshot_20150919T025947Z
407277,21.50697451388889,1,2,snapshot_20150919T025947Z
407393,7.949109340277778,1,1,snapshot_20150919T025947Z
407522,42.18389075231482,1,1,snapshot_20150919T025947Z
407615,58.18360359953704,1,1,snapshot_20150919T025947Z
407633,102.26051112268519,2,2,snapshot_20150919T025947Z
407740,29.166121666666665,1,1,snapshot_20150919T025947Z
407747,24.200891875,1,1,snapshot_20150919T025947Z
407750,91.3343266087963,1,1,snapshot_20150919T025947Z
407800,124.0942637962963,1,1,snapshot_20150919T025947Z
407882,63.58911604166667,3,4,snapshot_20150919T025947Z
408063,64.90628303240742,2,3,snapshot_20150919T025947Z
408181,128.4450764351852,1,1,snapshot_20150919T025947Z
408300,125.08633581018519,2,2,snapshot_20150919T025947Z
408446,50.05864552083334,1,1,snapshot_20150919T025947Z
408630,15.121362430555555,1,1,snapshot_20150919T025947Z
408637,113.1633003587963,1,1,snapshot_20150919T025947Z
408762,79.23393556712963,1,1,snapshot_20150919T025947Z
408865,95.39871674768519,1,1,snapshot_20150919T025947Z
408951,123.55756413194443,1,1,snapshot_20150919T025947Z
409239,120.34626141203704,1,1,snapshot_20150919T025947Z
409412,21.46335435185185,1,1,snapshot_20150919T025947Z
409446,100.09169814814815,1,1,snapshot_20150919T025947Z
409635,55.090435347222225,1,1,snapshot_20150919T025947Z
409649,115.20888614583333,2,2,snapshot_20150919T025947Z
409799,8.226399375,1,1,snapshot_20150919T025947Z
409939,136.00097659722223,1,1,snapshot_20150919T025947Z
410094,59.10927517361111,1,1,snapshot_20150919T025947Z
410170,23.412087314814816,1,1,snapshot_20150919T025947Z
410314,62.903567673611114,1,1,snapshot_20150919T025947Z
410385,96.12270380787037,1,1,snapshot_20150919T025947Z
410452,63.37565578703704,1,3,snapshot_20150919T025947Z
410479,59.47984287037037,1,1,snapshot_20150919T025947Z
410486,89.2562453125,1,1,snapshot_20150919T025947Z
410594,125.91096790509259,2,2,snapshot_20150919T025947Z
410663,136.39145984953703,1,1,snapshot_20150919T025947Z
410791,94.25301942129629,1,1,snapshot_20150919T025947Z
410801,41.83686011574074,1,1,snapshot_20150919T025947Z
410841,99.76186945601852,1,3,snapshot_20150919T025947Z
411182,78.18754821759259,1,1,snapshot_20150919T025947Z
411302,10.137662199074073,1,1,snapshot_20150919T025947Z
411554,22.279262743055554,1,1,snapshot_20150919T025947Z
411703,107.04588039351852,1,1,snapshot_20150919T025947Z
411798,12.64773482638889,1,2,snapshot_20150919T025947Z
412091,44.36836180555556,1,1,snapshot_20150919T025947Z
412092,9.232131064814814,1,1,snapshot_20150919T025947Z
412120,112.46542875,1,1,snapshot_20150919T025947Z
412234,1.4021076967592592,1,2,snapshot_20150919T025947Z
412239,68.1480697800926,1,1,snapshot_20150919T025947Z
412249,54.88665570601852,1,1,snapshot_20150919T025947Z
412298,52.1486803587963,1,1,snapshot_20150919T025947Z
412353,133.37667906250002,1,1,snapshot_20150919T025947Z
412374,35.336779166666666,1,1,snapshot_20150919T025947Z
412403,134.1677096990741,2,2,snapshot_20150919T025947Z
412611,39.349199687500004,1,16,snapshot_20150919T025947Z
412692,46.436267083333334,1,1,snapshot_20150919T025947Z
412758,77.88319461805555,1,1,snapshot_20150919T025947Z
412781,58.36446878472222,1,2,snapshot_20150919T025947Z
413096,104.26864520833334,1,1,snapshot_20150919T025947Z
413174,10.187819236111112,1,1,snapshot_20150919T025947Z
413313,46.83433101851852,1,1,snapshot_20150919T025947Z
413498,54.40646034722222,1,1,snapshot_20150919T025947Z
413676,119.19378980324073,1,1,snapshot_20150919T025947Z
413758,81.36490857638888,2,4,snapshot_20150919T025947Z
413841,67.22720385416666,1,1,snapshot_20150919T025947Z
413938,61.011018692129625,1,1,snapshot_20150919T025947Z
414189,3.435266238425926,1,2,snapshot_20150919T025947Z
414249,57.84562871527778,1,1,snapshot_20150919T025947Z
414307,44.5347246412037,1,1,snapshot_20150919T025947Z
414326,119.28324387731482,1,1,snapshot_20150919T025947Z
414380,74.1214502199074,2,2,snapshot_20150919T025947Z
414480,54.437192534722215,1,1,snapshot_20150919T025947Z
414616,16.987314988425926,1,2,snapshot_20150919T025947Z
415080,53.27942546296297,1,1,snapshot_20150919T025947Z
415285,65.49546469907408,1,1,snapshot_20150919T025947Z
415316,71.0359396412037,1,1,snapshot_20150919T025947Z
415345,18.50432347222222,1,1,snapshot_20150919T025947Z
415453,76.34167012731481,2,2,snapshot_20150919T025947Z
415471,133.94750730324074,1,1,snapshot_20150919T025947Z
415617,95.26395715277778,1,1,snapshot_20150919T025947Z
415676,98.86855355324074,1,1,snapshot_20150919T025947Z
415859,119.32727715277777,1,1,snapshot_20150919T025947Z
415893,122.38832263888888,1,1,snapshot_20150919T025947Z
415923,78.08176519675926,1,1,snapshot_20150919T025947Z
416108,95.19623725694444,1,1,snapshot_20150919T025947Z
416295,71.38972042824074,1,1,snapshot_20150919T025947Z
416308,128.03170024305555,1,1,snapshot_20150919T025947Z
416426,109.31598541666668,1,1,snapshot_20150919T025947Z
416496,59.37032910879629,10,11,snapshot_20150919T025947Z
416697,81.37942729166667,1,1,snapshot_20150919T025947Z
416702,36.389132476851856,1,1,snapshot_20150919T025947Z
416882,59.365168784722215,1,1,snapshot_20150919T025947Z
417076,64.94521975694444,1,1,snapshot_20150919T025947Z
417153,21.295936886574072,1,1,snapshot_20150919T025947Z
417161,128.24590875,1,1,snapshot_20150919T025947Z
417215,97.31599741898147,1,1,snapshot_20150919T025947Z
417312,123.53191613425925,1,4,snapshot_20150919T025947Z
417594,128.19737460648147,1,3,snapshot_20150919T025947Z
418092,22.149034421296296,1,1,snapshot_20150919T025947Z
418115,65.43897232638889,1,1,snapshot_20150919T025947Z
418229,4.269258935185185,1,1,snapshot_20150919T025947Z
418307,57.40742361111111,1,1,snapshot_20150919T025947Z
418591,85.28158168981481,1,1,snapshot_20150919T025947Z
418630,65.30397125,1,2,snapshot_20150919T025947Z
418715,97.8573820949074,1,2,snapshot_20150919T025947Z
418745,18.20962690972222,1,1,snapshot_20150919T025947Z
418774,133.08335783564814,1,1,snapshot_20150919T025947Z
418867,52.250471655092596,1,2,snapshot_20150919T025947Z
418925,26.501758506944444,1,1,snapshot_20150919T025947Z
418959,73.46978703703704,1,1,snapshot_20150919T025947Z
418973,34.17624387731481,1,1,snapshot_20150919T025947Z
419048,108.22489417824075,1,1,snapshot_20150919T025947Z
419333,81.85765244212963,1,1,snapshot_20150919T025947Z
419475,10.168680844907408,1,2,snapshot_20150919T025947Z
419532,86.06877509259259,1,1,snapshot_20150919T025947Z
419535,136.1915319560185,1,1,snapshot_20150919T025947Z
419612,61.44338837962963,1,1,snapshot_20150919T025947Z
420421,66.86140460648149,1,1,snapshot_20150919T025947Z
420548,61.27990547453703,1,1,snapshot_20150919T025947Z
420572,84.85462201388889,1,1,snapshot_20150919T025947Z
420780,17.057134131944444,1,1,snapshot_20150919T025947Z
420807,8.088067905092593,1,1,snapshot_20150919T025947Z
420941,110.94162283564815,1,1,snapshot_20150919T025947Z
421085,12.861091307870371,1,1,snapshot_20150919T025947Z
421133,40.26364362268519,1,1,snapshot_20150919T025947Z
421440,88.27947200231482,1,1,snapshot_20150919T025947Z
421656,39.42398333333333,1,1,snapshot_20150919T025947Z
422045,109.01246901620371,2,2,snapshot_20150919T025947Z
422169,42.948070405092594,1,1,snapshot_20150919T025947Z
422291,75.89634434027778,1,1,snapshot_20150919T025947Z
422603,65.9452554050926,1,2,snapshot_20150919T025947Z
422618,16.43574355324074,1,1,snapshot_20150919T025947Z
422668,114.35694424768518,2,2,snapshot_20150919T025947Z
422745,127.21663550925926,1,2,snapshot_20150919T025947Z
422787,109.3054603125,1,1,snapshot_20150919T025947Z
422894,100.2081575,2,2,snapshot_20150919T025947Z
423185,45.21673405092593,1,1,snapshot_20150919T025947Z
423686,127.98544641203704,1,1,snapshot_20150919T025947Z
423912,132.3346198263889,1,1,snapshot_20150919T025947Z
424432,116.43065340277778,1,1,snapshot_20150919T025947Z
424452,89.11604354166666,1,1,snapshot_20150919T025947Z
424472,57.19746756944444,1,4,snapshot_20150919T025947Z
424643,107.85129376157407,1,1,snapshot_20150919T025947Z
424706,93.39413950231481,1,1,snapshot_20150919T025947Z
424759,32.37398581018518,1,1,snapshot_20150919T025947Z
424807,92.98621929398148,1,1,snapshot_20150919T025947Z
424884,32.38757693287037,1,1,snapshot_20150919T025947Z
424955,57.283272743055555,1,1,snapshot_20150919T025947Z
425069,108.66525714120371,1,2,snapshot_20150919T025947Z
425131,76.06985239583334,1,1,snapshot_20150919T025947Z
425356,39.33473755787037,1,1,snapshot_20150919T025947Z
425428,18.432949351851853,1,1,snapshot_20150919T025947Z
425539,125.39029730324076,2,2,snapshot_20150919T025947Z
425614,22.32649199074074,1,1,snapshot_20150919T025947Z
425648,44.90553952546296,1,1,snapshot_20150919T025947Z
425801,33.24376342592593,1,1,snapshot_20150919T025947Z
426015,21.09220861111111,1,1,snapshot_20150919T025947Z
426059,135.2115924189815,1,1,snapshot_20150919T025947Z
426208,91.20995318287036,1,1,snapshot_20150919T025947Z
426226,79.29916291666666,1,1,snapshot_20150919T025947Z
426297,138.51593230324076,1,1,snapshot_20150919T025947Z
427158,36.80428542824074,1,1,snapshot_20150919T025947Z
427234,49.43507515046296,1,1,snapshot_20150919T025947Z
427346,135.0968606597222,1,1,snapshot_20150919T025947Z
427353,40.03192241898148,1,1,snapshot_20150919T025947Z
427421,94.98246281249999,1,1,snapshot_20150919T025947Z
427504,16.916243587962963,2,3,snapshot_20150919T025947Z
427583,59.43247649305555,1,1,snapshot_20150919T025947Z
427619,29.09655244212963,1,1,snapshot_20150919T025947Z
427622,7.3334890277777784,3,3,snapshot_20150919T025947Z
427675,135.98743296296297,1,1,snapshot_20150919T025947Z
427724,123.50864269675927,1,2,snapshot_20150919T025947Z
427756,1.0483394212962962,1,1,snapshot_20150919T025947Z
427854,58.34131542824074,1,1,snapshot_20150919T025947Z
427943,21.326152743055555,1,1,snapshot_20150919T025947Z
427949,11.395308518518519,1,1,snapshot_20150919T025947Z
428022,45.96014412037037,1,1,snapshot_20150919T025947Z
428189,52.408509421296294,1,1,snapshot_20150919T025947Z
428220,101.32712960648148,1,1,snapshot_20150919T025947Z
428251,84.11433702546296,1,1,snapshot_20150919T025947Z
428397,46.232875543981486,1,1,snapshot_20150919T025947Z
428415,25.202343819444444,1,1,snapshot_20150919T025947Z
428516,85.23479513888888,1,1,snapshot_20150919T025947Z
428853,86.29330381944445,1,1,snapshot_20150919T025947Z
428870,116.019548125,1,1,snapshot_20150919T025947Z
428886,106.26644694444445,1,1,snapshot_20150919T025947Z
428964,127.82732694444445,1,1,snapshot_20150919T025947Z
428976,65.98176791666667,1,1,snapshot_20150919T025947Z
429035,37.21841231481481,2,13,snapshot_20150919T025947Z
429126,113.23329280092592,1,1,snapshot_20150919T025947Z
429139,66.46494089120371,1,1,snapshot_20150919T025947Z
429169,45.180574398148146,1,1,snapshot_20150919T025947Z
429195,119.32491399305556,1,1,snapshot_20150919T025947Z
429213,105.50577569444444,2,2,snapshot_20150919T025947Z
429418,138.4225424537037,1,3,snapshot_20150919T025947Z
429461,11.413381597222223,1,2,snapshot_20150919T025947Z
429610,6.238758483796296,1,1,snapshot_20150919T025947Z
429764,47.317612025462964,1,1,snapshot_20150919T025947Z
430099,79.86332961805554,1,1,snapshot_20150919T025947Z
430152,24.48691453703704,1,1,snapshot_20150919T025947Z
430186,94.37638715277777,1,1,snapshot_20150919T025947Z
430190,95.1187259375,1,1,snapshot_20150919T025947Z
430234,66.0606171875,1,1,snapshot_20150919T025947Z
430569,93.24613016203703,1,1,snapshot_20150919T025947Z
430663,8.243110219907408,1,4,snapshot_20150919T025947Z
430822,93.10668605324074,2,2,snapshot_20150919T025947Z
430907,88.33202679398148,1,1,snapshot_20150919T025947Z
430913,7.0776834606481485,7,12,snapshot_20150919T025947Z
430945,31.88701445601852,1,1,snapshot_20150919T025947Z
431138,68.00906756944444,1,1,snapshot_20150919T025947Z
431790,36.93636652777778,1,1,snapshot_20150919T025947Z
431811,104.38109028935185,1,1,snapshot_20150919T025947Z
431937,68.93974530092592,1,1,snapshot_20150919T025947Z
431941,78.1499049074074,1,1,snapshot_20150919T025947Z
431956,128.3246276736111,1,1,snapshot_20150919T025947Z
432060,138.48132605324074,1,1,snapshot_20150919T025947Z
432140,18.164443252314815,1,1,snapshot_20150919T025947Z
432335,44.24666592592593,1,1,snapshot_20150919T025947Z
432343,135.3104485185185,1,1,snapshot_20150919T025947Z
432345,42.9712525,1,1,snapshot_20150919T025947Z
432404,37.033392766203704,1,2,snapshot_20150919T025947Z
432499,107.44175631944444,2,2,snapshot_20150919T025947Z
432569,96.32838540509259,1,1,snapshot_20150919T025947Z
432644,39.302547777777775,1,1,snapshot_20150919T025947Z
432814,47.1159222337963,1,1,snapshot_20150919T025947Z
433031,137.86074091435185,1,1,snapshot_20150919T025947Z
433067,105.31930253472223,1,2,snapshot_20150919T025947Z
433111,19.18820545138889,1,2,snapshot_20150919T025947Z
433148,130.02821983796295,1,1,snapshot_20150919T025947Z
433256,15.965726087962961,1,1,snapshot_20150919T025947Z
433471,111.00717703703705,1,1,snapshot_20150919T025947Z
433583,84.07364038194444,2,6,snapshot_20150919T025947Z
433786,60.210665185185185,1,1,snapshot_20150919T025947Z
433791,20.228401527777777,2,2,snapshot_20150919T025947Z
434180,101.81408453703703,2,2,snapshot_20150919T025947Z
434250,6.399538078703704,2,2,snapshot_20150919T025947Z
434317,46.04360572916667,1,1,snapshot_20150919T025947Z
434333,131.1825076388889,1,1,snapshot_20150919T025947Z
434418,106.39283673611112,1,3,snapshot_20150919T025947Z
434489,101.45959175925925,1,1,snapshot_20150919T025947Z
434493,136.26429377314815,1,1,snapshot_20150919T025947Z
434507,25.899437106481482,1,1,snapshot_20150919T025947Z
434563,80.14670890046297,1,1,snapshot_20150919T025947Z
434601,85.32421988425926,1,1,snapshot_20150919T025947Z
434803,3.838537025462963,1,4,snapshot_20150919T025947Z
434900,137.14669229166665,1,1,snapshot_20150919T025947Z
434902,4.897242280092593,1,1,snapshot_20150919T025947Z
435019,135.13148422453705,1,1,snapshot_20150919T025947Z
435041,30.25286622685185,1,1,snapshot_20150919T025947Z
435104,104.07061436342593,1,1,snapshot_20150919T025947Z
435144,123.16326655092593,1,1,snapshot_20150919T025947Z
435336,95.07491976851851,1,1,snapshot_20150919T025947Z
435495,138.9528799421296,1,1,snapshot_20150919T025947Z
435603,16.02614134259259,1,1,snapshot_20150919T025947Z
435940,114.41274672453703,1,1,snapshot_20150919T025947Z
435977,116.86815175925926,1,2,snapshot_20150919T025947Z
436023,10.894890115740742,1,1,snapshot_20150919T025947Z
436334,122.28943420138889,1,1,snapshot_20150919T025947Z
436380,93.70791721064815,1,1,snapshot_20150919T025947Z
436517,18.29569863425926,1,1,snapshot_20150919T025947Z
436639,114.31950295138888,1,1,snapshot_20150919T025947Z
436662,92.7278484837963,1,1,snapshot_20150919T025947Z
436797,99.93897858796296,1,1,snapshot_20150919T025947Z
436967,14.259004618055556,1,1,snapshot_20150919T025947Z
437102,87.39021099537038,1,1,snapshot_20150919T025947Z
437906,25.277039780092593,1,1,snapshot_20150919T025947Z
437984,81.39424777777778,1,1,snapshot_20150919T025947Z
438222,76.85147262731482,1,1,snapshot_20150919T025947Z
438357,113.45371113425927,1,1,snapshot_20150919T025947Z
438441,106.13297203703704,30,47,snapshot_20150919T025947Z
438605,31.388541956018518,1,1,snapshot_20150919T025947Z
438780,64.96158037037037,1,8,snapshot_20150919T025947Z
439626,2.4395689814814814,1,1,snapshot_20150919T025947Z
439737,83.46341090277777,1,1,snapshot_20150919T025947Z
439811,116.38800888888889,2,2,snapshot_20150919T025947Z
440136,76.09629086805556,1,1,snapshot_20150919T025947Z
440213,87.99573964120371,1,1,snapshot_20150919T025947Z
440289,88.28836476851852,1,1,snapshot_20150919T025947Z
440481,102.9196416087963,1,1,snapshot_20150919T025947Z
440486,137.05817371527777,1,1,snapshot_20150919T025947Z
440612,130.09387780092592,1,2,snapshot_20150919T025947Z
440630,11.972697395833334,1,1,snapshot_20150919T025947Z
440666,68.19549560185186,1,1,snapshot_20150919T025947Z
440745,114.19586697916667,1,1,snapshot_20150919T025947Z
440802,71.39440809027778,1,2,snapshot_20150919T025947Z
440899,112.57728826388889,1,1,snapshot_20150919T025947Z
440941,61.03849831018518,1,1,snapshot_20150919T025947Z
441024,12.013883726851851,2,4,snapshot_20150919T025947Z
441318,115.08369331018518,1,1,snapshot_20150919T025947Z
441381,111.89738261574072,1,1,snapshot_20150919T025947Z
441470,135.2242728587963,1,1,snapshot_20150919T025947Z
441506,59.1080662037037,1,2,snapshot_20150919T025947Z
441527,61.250520682870366,1,1,snapshot_20150919T025947Z
441641,135.540526875,1,1,snapshot_20150919T025947Z
441688,79.06960278935185,1,1,snapshot_20150919T025947Z
441737,70.38257385416667,1,1,snapshot_20150919T025947Z
441782,9.336136493055555,1,1,snapshot_20150919T025947Z
441858,92.97414936342592,1,1,snapshot_20150919T025947Z
442319,112.14849475694446,1,1,snapshot_20150919T025947Z
442692,115.07533120370371,1,1,snapshot_20150919T025947Z
442771,37.27481085648148,1,1,snapshot_20150919T025947Z
442882,128.879291875,1,1,snapshot_20150919T025947Z
442911,58.87068163194444,1,1,snapshot_20150919T025947Z
443006,44.078335277777775,1,1,snapshot_20150919T025947Z
443013,4.205717974537037,1,1,snapshot_20150919T025947Z
443200,85.1234260763889,1,1,snapshot_20150919T025947Z
443581,115.4362068287037,1,1,snapshot_20150919T025947Z
443938,126.35826291666666,1,1,snapshot_20150919T025947Z
444320,71.87518891203703,1,1,snapshot_20150919T025947Z
444359,23.030212326388888,1,1,snapshot_20150919T025947Z
444654,56.53376414351852,1,1,snapshot_20150919T025947Z
444847,91.23819023148148,1,2,snapshot_20150919T025947Z
445175,87.31201510416668,1,1,snapshot_20150919T025947Z
445226,112.95045962962962,1,1,snapshot_20150919T025947Z
445245,17.332765787037037,1,1,snapshot_20150919T025947Z
445564,118.99985965277777,1,1,snapshot_20150919T025947Z
445764,105.25063630787037,1,1,snapshot_20150919T025947Z
446044,95.35702350694444,1,1,snapshot_20150919T025947Z
446062,46.23786540509259,1,1,snapshot_20150919T025947Z
446206,114.15320798611111,1,3,snapshot_20150919T025947Z
446252,49.32872449074074,1,1,snapshot_20150919T025947Z
446421,116.03806408564814,1,1,snapshot_20150919T025947Z
446543,21.398762824074073,1,1,snapshot_20150919T025947Z
446718,79.49548672453705,1,1,snapshot_20150919T025947Z
446730,93.89373487268519,1,1,snapshot_20150919T025947Z
446744,100.16397912037037,1,1,snapshot_20150919T025947Z
446931,106.86167613425926,1,2,snapshot_20150919T025947Z
446985,37.31434086805555,1,2,snapshot_20150919T025947Z
447078,72.43556252314815,1,1,snapshot_20150919T025947Z
447164,115.5264617361111,1,1,snapshot_20150919T025947Z
447235,54.9395253587963,1,1,snapshot_20150919T025947Z
447385,73.23364182870371,1,1,snapshot_20150919T025947Z
447405,85.18276059027778,1,4,snapshot_20150919T025947Z
447407,85.24940696759259,1,1,snapshot_20150919T025947Z
447415,135.6599202777778,1,4,snapshot_20150919T025947Z
447934,52.17372494212963,1,1,snapshot_20150919T025947Z
447985,104.35933780092593,1,1,snapshot_20150919T025947Z
448326,77.80054047453703,1,1,snapshot_20150919T025947Z
448356,54.776627581018516,1,1,snapshot_20150919T025947Z
448370,57.28664364583333,1,1,snapshot_20150919T025947Z
448386,70.87922991898148,1,1,snapshot_20150919T025947Z
448398,91.27119425925926,1,2,snapshot_20150919T025947Z
449026,42.37226091435185,1,1,snapshot_20150919T025947Z
449226,133.0913644560185,1,1,snapshot_20150919T025947Z
449371,58.272338437500004,1,1,snapshot_20150919T025947Z
449506,16.249359791666667,1,1,snapshot_20150919T025947Z
449727,4.085326180555556,1,2,snapshot_20150919T025947Z
449785,72.2878299074074,1,2,snapshot_20150919T025947Z
449843,52.455819328703704,1,1,snapshot_20150919T025947Z
450043,99.83653840277778,1,1,snapshot_20150919T025947Z
450090,51.3400983912037,1,1,snapshot_20150919T025947Z
450098,44.49242909722222,1,1,snapshot_20150919T025947Z
450190,138.8316657986111,1,1,snapshot_20150919T025947Z
450303,11.375368541666665,1,1,snapshot_20150919T025947Z
450322,98.20058314814814,1,1,snapshot_20150919T025947Z
450579,116.05476168981481,1,1,snapshot_20150919T025947Z
450596,23.295103344907407,1,1,snapshot_20150919T025947Z
450702,43.26375712962963,2,2,snapshot_20150919T025947Z
450732,50.134254363425924,1,2,snapshot_20150919T025947Z
450873,102.49104583333333,1,1,snapshot_20150919T025947Z
450950,92.25098143518518,1,1,snapshot_20150919T025947Z
450966,44.44921333333333,1,1,snapshot_20150919T025947Z
450977,113.41651896990741,1,1,snapshot_20150919T025947Z
451001,115.49652802083332,1,1,snapshot_20150919T025947Z
451072,14.199463969907406,1,1,snapshot_20150919T025947Z
451106,107.47246528935186,1,1,snapshot_20150919T025947Z
451189,13.915505243055554,1,1,snapshot_20150919T025947Z
451333,132.94251693287038,1,1,snapshot_20150919T025947Z
451610,94.18399030092593,1,1,snapshot_20150919T025947Z
451673,103.2705248263889,1,4,snapshot_20150919T025947Z
451676,59.22397482638889,1,1,snapshot_20150919T025947Z
451822,58.422306122685185,1,1,snapshot_20150919T025947Z
451953,30.10948983796296,1,2,snapshot_20150919T025947Z
451990,37.3238646875,1,1,snapshot_20150919T025947Z
452009,48.97024127314815,1,1,snapshot_20150919T025947Z
452090,116.23622840277777,1,1,snapshot_20150919T025947Z
452114,90.97636880787037,1,1,snapshot_20150919T025947Z
452149,34.4651933912037,1,1,snapshot_20150919T025947Z
452189,119.21728060185185,1,1,snapshot_20150919T025947Z
452250,50.90053997685185,1,1,snapshot_20150919T025947Z
452316,115.28072012731482,1,1,snapshot_20150919T025947Z
452625,132.3421169212963,1,1,snapshot_20150919T025947Z
452649,53.07160112268519,1,1,snapshot_20150919T025947Z
452653,125.12445402777777,1,1,snapshot_20150919T025947Z
452811,50.19052118055556,1,1,snapshot_20150919T025947Z
452965,71.89076913194444,1,1,snapshot_20150919T025947Z
453067,114.94527427083334,1,2,snapshot_20150919T025947Z
453287,91.46694878472222,1,1,snapshot_20150919T025947Z
453323,122.89697343750001,1,1,snapshot_20150919T025947Z
453338,51.59180523148148,1,1,snapshot_20150919T025947Z
453409,134.16523230324074,1,1,snapshot_20150919T025947Z
453926,12.739662094907407,1,1,snapshot_20150919T025947Z
453995,47.41035063657407,1,1,snapshot_20150919T025947Z
454102,95.05772949074074,2,2,snapshot_20150919T025947Z
454180,95.16059359953704,1,1,snapshot_20150919T025947Z
454363,117.26471299768518,1,1,snapshot_20150919T025947Z
454380,23.810902002314815,1,1,snapshot_20150919T025947Z
454636,128.20131201388887,1,1,snapshot_20150919T025947Z
454654,15.028786840277776,1,6,snapshot_20150919T025947Z
454690,114.39620049768517,1,1,snapshot_20150919T025947Z
454731,117.96282200231482,1,1,snapshot_20150919T025947Z
454808,81.18940940972223,1,1,snapshot_20150919T025947Z
454812,125.17386949074073,1,1,snapshot_20150919T025947Z
454907,88.48524424768519,1,1,snapshot_20150919T025947Z
455050,27.066724525462963,1,1,snapshot_20150919T025947Z
455136,50.13801392361111,1,1,snapshot_20150919T025947Z
455241,6.101031099537038,1,1,snapshot_20150919T025947Z
455429,82.42944413194445,1,1,snapshot_20150919T025947Z
455557,60.40276994212963,4,8,snapshot_20150919T025947Z
455562,100.17025114583332,1,1,snapshot_20150919T025947Z
455580,121.01427800925924,1,1,snapshot_20150919T025947Z
455628,92.36927181712963,1,1,snapshot_20150919T025947Z
455863,8.962670810185186,1,1,snapshot_20150919T025947Z
456000,83.42800078703704,1,1,snapshot_20150919T025947Z
456079,110.04353877314814,1,1,snapshot_20150919T025947Z
456252,27.470888831018517,1,1,snapshot_20150919T025947Z
456502,66.41991327546296,1,1,snapshot_20150919T025947Z
456617,102.87566053240741,1,3,snapshot_20150919T025947Z
456741,73.31586765046296,1,2,snapshot_20150919T025947Z
456829,72.24181131944444,1,1,snapshot_20150919T025947Z
457028,29.35573310185185,1,2,snapshot_20150919T025947Z
457097,77.29093090277777,1,1,snapshot_20150919T025947Z
457246,35.98194902777778,1,1,snapshot_20150919T025947Z
457524,46.33557484953704,1,1,snapshot_20150919T025947Z
457547,70.5627877199074,2,11,snapshot_20150919T025947Z
457831,127.83029010416666,1,1,snapshot_20150919T025947Z
457978,17.511356967592594,1,5,snapshot_20150919T025947Z
458059,137.03945189814814,1,1,snapshot_20150919T025947Z
458069,45.067526180555554,1,1,snapshot_20150919T025947Z
458095,89.97211633101851,1,1,snapshot_20150919T025947Z
458108,87.84795851851852,1,1,snapshot_20150919T025947Z
458267,84.33698780092593,1,1,snapshot_20150919T025947Z
458337,129.3652579861111,1,2,snapshot_20150919T025947Z
458400,13.1909875,1,1,snapshot_20150919T025947Z
458738,61.24501646990741,1,1,snapshot_20150919T025947Z
458788,54.01762015046296,3,3,snapshot_20150919T025947Z
458856,114.55361167824074,1,1,snapshot_20150919T025947Z
458889,94.07279832175927,1,1,snapshot_20150919T025947Z
458981,128.49458505787038,1,2,snapshot_20150919T025947Z
459290,12.37006605324074,1,2,snapshot_20150919T025947Z
459332,79.89837561342593,1,1,snapshot_20150919T025947Z
459752,94.53388956018519,1,1,snapshot_20150919T025947Z
459834,100.14792457175926,1,1,snapshot_20150919T025947Z
459986,88.95454738425926,1,1,snapshot_20150919T025947Z
460170,44.06950320601852,1,1,snapshot_20150919T025947Z
460227,4.476420162037037,1,1,snapshot_20150919T025947Z
460240,36.48482189814815,1,2,snapshot_20150919T025947Z
460412,138.10016935185183,1,1,snapshot_20150919T025947Z
460425,13.3259775,1,1,snapshot_20150919T025947Z
460599,100.30613820601852,1,2,snapshot_20150919T025947Z
460601,98.11198219907408,1,4,snapshot_20150919T025947Z
460668,59.36306881944444,1,1,snapshot_20150919T025947Z
460720,15.280183009259257,1,1,snapshot_20150919T025947Z
460900,21.89474310185185,1,1,snapshot_20150919T025947Z
460926,68.40812850694445,1,1,snapshot_20150919T025947Z
461088,89.0259894675926,1,1,snapshot_20150919T025947Z
461094,136.14914381944445,1,1,snapshot_20150919T025947Z
461414,82.1982171412037,1,1,snapshot_20150919T025947Z
461468,47.36877721064815,1,1,snapshot_20150919T025947Z
461700,77.20465805555556,1,1,snapshot_20150919T025947Z
461703,138.41954708333333,1,2,snapshot_20150919T025947Z
461960,122.23008248842594,2,2,snapshot_20150919T025947Z
462027,106.30123815972222,1,1,snapshot_20150919T025947Z
462756,92.41950909722222,1,1,snapshot_20150919T025947Z
463060,83.0541562037037,1,1,snapshot_20150919T025947Z
463111,4.827165324074074,1,1,snapshot_20150919T025947Z
463202,77.52880152777777,1,1,snapshot_20150919T025947Z
463223,17.107960949074073,1,2,snapshot_20150919T025947Z
463354,37.2300828125,1,1,snapshot_20150919T025947Z
463366,43.44578528935185,1,1,snapshot_20150919T025947Z
463408,74.08595331018519,1,1,snapshot_20150919T025947Z
463466,12.172308113425927,1,1,snapshot_20150919T025947Z
463688,9.416509745370371,1,1,snapshot_20150919T025947Z
463740,26.856019317129633,1,1,snapshot_20150919T025947Z
463917,127.43691599537037,1,1,snapshot_20150919T025947Z
464138,109.20516974537036,1,1,snapshot_20150919T025947Z
464250,70.82918170138889,1,1,snapshot_20150919T025947Z
464410,34.37133141203704,2,10,snapshot_20150919T025947Z
464435,75.77579777777778,1,3,snapshot_20150919T025947Z
465427,37.46650385416667,1,1,snapshot_20150919T025947Z
465431,71.97018378472222,1,2,snapshot_20150919T025947Z
465507,98.99436568287038,1,1,snapshot_20150919T025947Z
465669,16.388082337962963,1,1,snapshot_20150919T025947Z
465862,31.334352893518517,1,2,snapshot_20150919T025947Z
465949,63.53416802083333,1,1,snapshot_20150919T025947Z
465974,21.40892318287037,1,1,snapshot_20150919T025947Z
465999,111.29835075231482,1,1,snapshot_20150919T025947Z
466004,23.88670148148148,1,1,snapshot_20150919T025947Z
466227,53.91394054398149,1,1,snapshot_20150919T025947Z
466290,135.39064671296296,1,1,snapshot_20150919T025947Z
466364,25.428789421296297,1,1,snapshot_20150919T025947Z
466583,8.2549975,1,1,snapshot_20150919T025947Z
466691,22.244495439814813,1,2,snapshot_20150919T025947Z
466805,55.95249064814815,1,1,snapshot_20150919T025947Z
466834,15.407788078703703,1,1,snapshot_20150919T025947Z
466869,73.1865588888889,1,1,snapshot_20150919T025947Z
466944,2.3907189814814815,1,1,snapshot_20150919T025947Z
467086,136.36375145833333,1,1,snapshot_20150919T025947Z
467433,87.27495482638889,1,1,snapshot_20150919T025947Z
467595,61.37305644675926,1,1,snapshot_20150919T025947Z
467775,11.556337314814815,1,1,snapshot_20150919T025947Z
467899,77.9301444675926,2,4,snapshot_20150919T025947Z
468035,67.36974913194445,1,1,snapshot_20150919T025947Z
468096,3.3744231828703706,1,1,snapshot_20150919T025947Z
468154,107.40651289351851,1,1,snapshot_20150919T025947Z
468301,25.372382175925924,1,1,snapshot_20150919T025947Z
468318,59.977519687500006,2,2,snapshot_20150919T025947Z
468466,114.34307651620371,3,8,snapshot_20150919T025947Z
468499,33.448944861111116,1,1,snapshot_20150919T025947Z
468595,79.14344234953704,1,1,snapshot_20150919T025947Z
468853,136.9747711111111,1,1,snapshot_20150919T025947Z
468986,121.20494462962964,1,1,snapshot_20150919T025947Z
469022,3.896478368055556,1,13,snapshot_20150919T025947Z
469048,116.01547054398148,2,2,snapshot_20150919T025947Z
469105,107.27823325231482,1,1,snapshot_20150919T025947Z
469410,114.34943614583334,1,3,snapshot_20150919T025947Z
469559,65.12033357638889,1,1,snapshot_20150919T025947Z
469785,79.56879570601852,1,1,snapshot_20150919T025947Z
469791,123.34001961805556,1,1,snapshot_20150919T025947Z
470165,108.44316165509258,1,1,snapshot_20150919T025947Z
470176,47.8451894675926,1,1,snapshot_20150919T025947Z
470316,74.26672210648148,1,1,snapshot_20150919T025947Z
470377,128.26854539351854,1,1,snapshot_20150919T025947Z
470444,31.225085868055558,1,1,snapshot_20150919T025947Z
470487,18.145829699074074,1,1,snapshot_20150919T025947Z
470579,52.45995817129629,1,1,snapshot_20150919T025947Z
470745,125.8045121875,1,1,snapshot_20150919T025947Z
470859,135.10332291666666,1,1,snapshot_20150919T025947Z
470891,128.1836235300926,1,1,snapshot_20150919T025947Z
470959,16.54017908564815,1,3,snapshot_20150919T025947Z
471176,62.05552369212963,1,1,snapshot_20150919T025947Z
471210,74.38366780092592,1,1,snapshot_20150919T025947Z
471338,67.23410552083334,1,1,snapshot_20150919T025947Z
471437,50.00751423611111,1,1,snapshot_20150919T025947Z
471485,83.91079530092593,1,1,snapshot_20150919T025947Z
471670,63.91112094907407,1,1,snapshot_20150919T025947Z
471929,129.15770055555555,1,2,snapshot_20150919T025947Z
471950,35.37412689814815,1,1,snapshot_20150919T025947Z
472290,30.18474042824074,1,5,snapshot_20150919T025947Z
472487,103.19690034722221,1,2,snapshot_20150919T025947Z
472614,127.92027016203704,1,1,snapshot_20150919T025947Z
473021,117.01370968750001,1,1,snapshot_20150919T025947Z
473074,28.35263021990741,1,1,snapshot_20150919T025947Z
473078,17.24966152777778,1,1,snapshot_20150919T025947Z
473357,50.39347276620371,1,1,snapshot_20150919T025947Z
473366,129.38767475694445,1,1,snapshot_20150919T025947Z
474257,88.87657266203703,1,1,snapshot_20150919T025947Z
474313,69.49707607638888,1,1,snapshot_20150919T025947Z
474497,31.97294508101852,1,1,snapshot_20150919T025947Z
474650,110.2274977199074,1,1,snapshot_20150919T025947Z
474912,74.24036746527777,1,1,snapshot_20150919T025947Z
474956,32.13086921296296,1,1,snapshot_20150919T025947Z
474972,134.1053973611111,1,1,snapshot_20150919T025947Z
475172,7.323306527777778,8,13,snapshot_20150919T025947Z
475204,81.12002112268519,1,2,snapshot_20150919T025947Z
475268,119.33664997685186,1,1,snapshot_20150919T025947Z
475303,133.5371335648148,1,1,snapshot_20150919T025947Z
475447,123.16362476851852,1,1,snapshot_20150919T025947Z
475479,58.19876451388888,9,14,snapshot_20150919T025947Z
475717,10.006207060185186,1,1,snapshot_20150919T025947Z
475994,111.16492327546295,1,1,snapshot_20150919T025947Z
476125,51.2636359837963,1,1,snapshot_20150919T025947Z
476132,79.33978769675926,1,1,snapshot_20150919T025947Z
476165,134.9028913773148,1,1,snapshot_20150919T025947Z
476207,129.03981929398148,1,1,snapshot_20150919T025947Z
476273,57.992645601851855,1,1,snapshot_20150919T025947Z
476523,72.33081077546296,1,3,snapshot_20150919T025947Z
476773,113.89663484953704,1,1,snapshot_20150919T025947Z
476780,61.392735254629635,1,1,snapshot_20150919T025947Z
476870,103.83227909722223,1,1,snapshot_20150919T025947Z
477155,113.35127262731481,1,1,snapshot_20150919T025947Z
477390,106.5072290162037,1,1,snapshot_20150919T025947Z
477505,118.19633172453705,1,1,snapshot_20150919T025947Z
477566,52.95836802083334,1,2,snapshot_20150919T025947Z
477743,31.904183749999998,1,1,snapshot_20150919T025947Z
477826,54.0739397337963,25,27,snapshot_20150919T025947Z
477941,118.32703197916666,1,1,snapshot_20150919T025947Z
478054,114.21256427083333,1,14,snapshot_20150919T025947Z
478518,87.1922453587963,1,2,snapshot_20150919T025947Z
478763,108.07924532407408,1,1,snapshot_20150919T025947Z
478902,8.370100949074073,1,1,snapshot_20150919T025947Z
478995,60.41561594907408,1,1,snapshot_20150919T025947Z
479005,46.3370737037037,1,1,snapshot_20150919T025947Z
479127,25.38814949074074,1,1,snapshot_20150919T025947Z
479324,108.37443181712963,1,1,snapshot_20150919T025947Z
479343,134.8534667013889,1,1,snapshot_20150919T025947Z
479891,92.856148125,1,1,snapshot_20150919T025947Z
480000,81.47690814814815,1,1,snapshot_20150919T025947Z
480011,15.926430150462963,1,1,snapshot_20150919T025947Z
480064,123.29702324074074,1,1,snapshot_20150919T025947Z
480198,45.80140418981482,1,1,snapshot_20150919T025947Z
480203,32.43134722222222,1,2,snapshot_20150919T025947Z
480399,7.488766608796297,1,1,snapshot_20150919T025947Z
480440,3.2895788425925927,1,1,snapshot_20150919T025947Z
480552,79.22337274305556,1,1,snapshot_20150919T025947Z
480593,109.31066059027776,1,1,snapshot_20150919T025947Z
480624,10.302397523148148,1,1,snapshot_20150919T025947Z
480628,107.39070560185185,1,1,snapshot_20150919T025947Z
480666,112.16660747685185,1,1,snapshot_20150919T025947Z
480722,131.26871042824075,1,1,snapshot_20150919T025947Z
480744,116.00222159722223,1,3,snapshot_20150919T025947Z
480933,50.290253032407406,1,2,snapshot_20150919T025947Z
481102,126.02316035879629,1,1,snapshot_20150919T025947Z
481437,58.0467609837963,1,7,snapshot_20150919T025947Z
481481,126.39127171296296,1,1,snapshot_20150919T025947Z
481630,126.96235995370371,1,1,snapshot_20150919T025947Z
481830,122.25548528935185,1,1,snapshot_20150919T025947Z
481873,31.570501550925922,1,1,snapshot_20150919T025947Z
481915,32.03801150462963,1,1,snapshot_20150919T025947Z
481982,63.30327622685185,2,2,snapshot_20150919T025947Z
482240,64.39075640046296,1,1,snapshot_20150919T025947Z
482401,44.99452494212963,1,1,snapshot_20150919T025947Z
482439,108.39615590277776,1,1,snapshot_20150919T025947Z
482558,53.86146497685185,1,1,snapshot_20150919T025947Z
482614,22.923866504629633,1,1,snapshot_20150919T025947Z
482752,25.381399166666665,2,2,snapshot_20150919T025947Z
483048,9.400779895833333,1,1,snapshot_20150919T025947Z
483098,112.11801189814815,1,1,snapshot_20150919T025947Z
483168,99.21230255787037,1,1,snapshot_20150919T025947Z
483194,77.37900972222222,1,1,snapshot_20150919T025947Z
483303,104.29419480324074,1,1,snapshot_20150919T025947Z
483316,45.04128636574074,1,1,snapshot_20150919T025947Z
483336,54.397451018518524,1,2,snapshot_20150919T025947Z
483363,116.34891972222223,1,4,snapshot_20150919T025947Z
483471,116.05292646990739,3,3,snapshot_20150919T025947Z
483743,67.41152238425926,1,1,snapshot_20150919T025947Z
484064,7.010900509259259,1,1,snapshot_20150919T025947Z
484291,116.42352981481481,1,1,snapshot_20150919T025947Z
484451,87.18020516203704,1,1,snapshot_20150919T025947Z
484459,55.025704606481476,1,1,snapshot_20150919T025947Z
484584,21.504790185185186,1,1,snapshot_20150919T025947Z
484641,113.38492263888888,2,2,snapshot_20150919T025947Z
484875,11.22099675925926,1,1,snapshot_20150919T025947Z
485161,94.53882516203704,1,1,snapshot_20150919T025947Z
485368,58.458664328703705,1,3,snapshot_20150919T025947Z
485680,34.85847855324074,1,1,snapshot_20150919T025947Z
485689,52.413416284722224,3,3,snapshot_20150919T025947Z
485699,35.80628835648148,1,1,snapshot_20150919T025947Z
485795,31.11364200231482,1,2,snapshot_20150919T025947Z
485812,7.08206136574074,1,1,snapshot_20150919T025947Z
485995,54.286483518518516,1,1,snapshot_20150919T025947Z
486312,14.441144363425925,2,2,snapshot_20150919T025947Z
486346,68.02375667824073,1,1,snapshot_20150919T025947Z
486538,38.18493839120371,1,1,snapshot_20150919T025947Z
486681,86.8654205787037,1,1,snapshot_20150919T025947Z
486906,60.2088743287037,1,1,snapshot_20150919T025947Z
486983,102.8744899074074,1,1,snapshot_20150919T025947Z
487062,4.206882604166667,1,1,snapshot_20150919T025947Z
487295,72.45035070601851,1,1,snapshot_20150919T025947Z
487536,28.002270219907405,1,1,snapshot_20150919T025947Z
487541,46.518058530092596,1,1,snapshot_20150919T025947Z
487568,29.455414710648146,1,1,snapshot_20150919T025947Z
487723,117.16328258101852,1,1,snapshot_20150919T025947Z
487926,133.03900302083332,1,2,snapshot_20150919T025947Z
488020,43.47927490740741,1,2,snapshot_20150919T025947Z
488277,108.03371770833334,1,1,snapshot_20150919T025947Z
488322,58.639360312499996,1,3,snapshot_20150919T025947Z
488343,71.88078708333333,1,1,snapshot_20150919T025947Z
488462,64.29468967592592,1,1,snapshot_20150919T025947Z
488490,119.32880402777778,1,1,snapshot_20150919T025947Z
488712,46.39881224537037,1,1,snapshot_20150919T025947Z
488723,121.44318925925926,1,1,snapshot_20150919T025947Z
488858,49.94377706018519,3,5,snapshot_20150919T025947Z
489033,53.39295769675926,1,1,snapshot_20150919T025947Z
489217,112.43465287037036,1,1,snapshot_20150919T025947Z
489659,115.1547635763889,1,1,snapshot_20150919T025947Z
490113,74.43029163194444,1,1,snapshot_20150919T025947Z
490177,93.97637815972222,1,1,snapshot_20150919T025947Z
490223,22.887150439814814,2,2,snapshot_20150919T025947Z
490604,17.978616030092592,1,1,snapshot_20150919T025947Z
490684,70.13463461805556,1,1,snapshot_20150919T025947Z
490755,52.19285459490741,1,1,snapshot_20150919T025947Z
490761,100.13855872685184,1,3,snapshot_20150919T025947Z
490857,73.27109542824074,1,1,snapshot_20150919T025947Z
490916,116.15075827546298,1,1,snapshot_20150919T025947Z
491108,56.37110416666667,1,2,snapshot_20150919T025947Z
491192,23.027556944444445,1,1,snapshot_20150919T025947Z
491245,133.39988936342593,1,1,snapshot_20150919T025947Z
491280,126.33596531250001,1,1,snapshot_20150919T025947Z
491323,89.97428452546296,1,2,snapshot_20150919T025947Z
491610,9.010141273148148,1,1,snapshot_20150919T025947Z
491657,91.53589769675925,1,1,snapshot_20150919T025947Z
491737,37.24939207175926,1,1,snapshot_20150919T025947Z
491895,94.99396853009259,1,1,snapshot_20150919T025947Z
491908,129.29297163194445,1,2,snapshot_20150919T025947Z
491949,50.99068737268519,1,1,snapshot_20150919T025947Z
491961,6.181720208333334,2,2,snapshot_20150919T025947Z
492191,112.01773167824075,1,1,snapshot_20150919T025947Z
492384,47.892119074074074,1,1,snapshot_20150919T025947Z
492404,63.17074577546296,1,1,snapshot_20150919T025947Z
492432,38.01236094907407,1,1,snapshot_20150919T025947Z
492470,87.06080736111112,1,1,snapshot_20150919T025947Z
492796,77.05036668981481,1,2,snapshot_20150919T025947Z
492800,58.25513070601851,1,1,snapshot_20150919T025947Z
492867,134.8137247916667,2,2,snapshot_20150919T025947Z
493111,110.39886959490741,1,1,snapshot_20150919T025947Z
493156,64.42548469907408,1,1,snapshot_20150919T025947Z
493213,60.44023709490741,1,1,snapshot_20150919T025947Z
493231,120.81609872685185,1,1,snapshot_20150919T025947Z
493239,78.23779145833333,1,1,snapshot_20150919T025947Z
493320,129.2633055324074,1,1,snapshot_20150919T025947Z
493601,78.9803227662037,1,1,snapshot_20150919T025947Z
493613,102.23647958333332,1,1,snapshot_20150919T025947Z
493708,9.919488148148147,1,2,snapshot_20150919T025947Z
493930,22.83847527777778,1,1,snapshot_20150919T025947Z
494059,121.24365267361111,2,3,snapshot_20150919T025947Z
494239,107.54740616898147,1,1,snapshot_20150919T025947Z
494335,106.36032534722221,1,1,snapshot_20150919T025947Z
494369,102.22673629629631,1,1,snapshot_20150919T025947Z
494396,106.22931086805556,1,1,snapshot_20150919T025947Z
494464,74.36213557870371,1,2,snapshot_20150919T025947Z
494576,80.92316387731482,1,1,snapshot_20150919T025947Z
494643,19.64683115740741,1,1,snapshot_20150919T025947Z
494728,10.810152534722222,1,1,snapshot_20150919T025947Z
494791,126.1239501736111,1,1,snapshot_20150919T025947Z
495095,22.283269108796294,1,1,snapshot_20150919T025947Z
495139,115.32880695601852,1,1,snapshot_20150919T025947Z
495152,126.18140230324074,1,2,snapshot_20150919T025947Z
495385,115.55416368055556,1,1,snapshot_20150919T025947Z
495597,58.17016194444444,1,1,snapshot_20150919T025947Z
495782,72.97882479166667,1,1,snapshot_20150919T025947Z
496310,51.93225563657408,1,1,snapshot_20150919T025947Z
496313,60.13812208333333,1,1,snapshot_20150919T025947Z
496425,113.80283554398149,1,1,snapshot_20150919T025947Z
496489,52.98606917824075,1,1,snapshot_20150919T025947Z
496628,75.02025465277778,1,1,snapshot_20150919T025947Z
496689,13.44828943287037,1,1,snapshot_20150919T025947Z
496796,79.26946258101852,1,1,snapshot_20150919T025947Z
496986,40.94022585648148,1,1,snapshot_20150919T025947Z
497100,24.28959287037037,1,4,snapshot_20150919T025947Z
497167,109.9595849074074,2,2,snapshot_20150919T025947Z
497270,59.39328670138889,1,1,snapshot_20150919T025947Z
497351,23.286197581018516,1,1,snapshot_20150919T025947Z
497371,9.340874872685186,1,9,snapshot_20150919T025947Z
497449,16.265368379629628,1,1,snapshot_20150919T025947Z
497546,106.10758068287038,1,2,snapshot_20150919T025947Z
497721,67.23610793981481,1,1,snapshot_20150919T025947Z
497761,90.43627385416666,1,2,snapshot_20150919T025947Z
497789,127.2420870601852,1,1,snapshot_20150919T025947Z
497826,109.33488219907409,1,1,snapshot_20150919T025947Z
497827,52.039660428240744,1,2,snapshot_20150919T025947Z
497935,129.2872548611111,1,4,snapshot_20150919T025947Z
498134,15.107329143518518,1,1,snapshot_20150919T025947Z
498136,3.9362498611111114,1,2,snapshot_20150919T025947Z
498233,62.16048657407408,1,1,snapshot_20150919T025947Z
498259,122.01635324074074,1,1,snapshot_20150919T025947Z
498381,104.09706858796297,1,1,snapshot_20150919T025947Z
498657,32.99573851851852,1,1,snapshot_20150919T025947Z
498856,29.05504006944444,3,3,snapshot_20150919T025947Z
499155,74.91809181712964,1,1,snapshot_20150919T025947Z
499246,71.89734398148147,2,2,snapshot_20150919T025947Z
499382,71.34892186342593,1,1,snapshot_20150919T025947Z
499686,136.04707837962962,1,4,snapshot_20150919T025947Z
499745,60.20107556712962,1,1,snapshot_20150919T025947Z
499833,107.38810980324075,1,1,snapshot_20150919T025947Z
499910,84.52793797453704,1,1,snapshot_20150919T025947Z
500008,109.24192425925925,1,1,snapshot_20150919T025947Z
500130,44.382171585648145,1,4,snapshot_20150919T025947Z
500167,32.149082731481485,1,1,snapshot_20150919T025947Z
500412,107.04741081018518,1,1,snapshot_20150919T025947Z
501099,16.33017890046296,1,1,snapshot_20150919T025947Z
501184,91.06455641203704,1,2,snapshot_20150919T025947Z
501189,120.96809429398147,1,1,snapshot_20150919T025947Z
501391,128.96153365740741,1,1,snapshot_20150919T025947Z
501429,9.31108287037037,1,1,snapshot_20150919T025947Z
501594,66.22280778935186,1,1,snapshot_20150919T025947Z
501814,8.946133622685185,1,3,snapshot_20150919T025947Z
502083,94.4813772337963,1,1,snapshot_20150919T025947Z
502170,42.221828726851854,1,1,snapshot_20150919T025947Z
502189,99.3374366087963,3,3,snapshot_20150919T025947Z
502408,50.91966388888889,1,2,snapshot_20150919T025947Z
502586,31.30110116898148,1,1,snapshot_20150919T025947Z
502593,123.38965942129629,1,1,snapshot_20150919T025947Z
502646,79.88215841435185,1,1,snapshot_20150919T025947Z
502658,9.980061006944444,1,1,snapshot_20150919T025947Z
502778,118.37570880787038,1,2,snapshot_20150919T025947Z
502892,123.9801607986111,1,1,snapshot_20150919T025947Z
502974,92.40067789351852,1,1,snapshot_20150919T025947Z
503040,123.65267731481482,1,1,snapshot_20150919T025947Z
503136,30.288516354166667,1,1,snapshot_20150919T025947Z
503405,135.22704983796297,1,1,snapshot_20150919T025947Z
503427,131.15227350694445,1,1,snapshot_20150919T025947Z
503469,115.50261976851851,1,1,snapshot_20150919T025947Z
503489,94.21742015046296,1,1,snapshot_20150919T025947Z
503511,105.08302628472224,1,1,snapshot_20150919T025947Z
503542,127.92434025462963,1,1,snapshot_20150919T025947Z
503587,9.373072627314814,1,1,snapshot_20150919T025947Z
503671,85.0920872800926,1,1,snapshot_20150919T025947Z
503691,27.393010185185187,1,1,snapshot_20150919T025947Z
503800,136.1532273611111,1,1,snapshot_20150919T025947Z
503857,106.03835083333334,19,19,snapshot_20150919T025947Z
503889,11.066993391203704,1,1,snapshot_20150919T025947Z
503891,98.30473009259259,1,1,snapshot_20150919T025947Z
503906,15.08589511574074,1,1,snapshot_20150919T025947Z
504204,74.52395253472223,1,1,snapshot_20150919T025947Z
504634,83.18404649305555,1,1,snapshot_20150919T025947Z
504656,82.04799613425926,1,2,snapshot_20150919T025947Z
504827,94.23075844907407,1,1,snapshot_20150919T025947Z
504901,109.07741770833334,1,1,snapshot_20150919T025947Z
504978,128.2316023611111,1,1,snapshot_20150919T025947Z
505168,117.88473234953703,1,1,snapshot_20150919T025947Z
505313,59.81489317129629,1,1,snapshot_20150919T025947Z
505455,83.01190391203703,1,1,snapshot_20150919T025947Z
505471,52.902269861111115,1,2,snapshot_20150919T025947Z
505565,109.57537680555555,1,1,snapshot_20150919T025947Z
505568,57.01960493055556,1,2,snapshot_20150919T025947Z
505739,100.97610771990742,1,1,snapshot_20150919T025947Z
505824,93.3507283912037,1,1,snapshot_20150919T025947Z
505988,137.46708846064814,1,1,snapshot_20150919T025947Z
506007,102.9196055324074,1,1,snapshot_20150919T025947Z
506086,70.4690386111111,1,1,snapshot_20150919T025947Z
506260,25.486096620370372,1,1,snapshot_20150919T025947Z
506308,110.36818350694445,1,3,snapshot_20150919T025947Z
506467,106.27759165509259,1,1,snapshot_20150919T025947Z
506763,88.20070981481481,1,1,snapshot_20150919T025947Z
506800,77.32396567129629,1,1,snapshot_20150919T025947Z
506838,13.363078900462963,1,1,snapshot_20150919T025947Z
506843,85.23180436342592,1,1,snapshot_20150919T025947Z
506913,69.6391891087963,1,1,snapshot_20150919T025947Z
507103,110.85022577546296,1,2,snapshot_20150919T025947Z
507246,57.13290306712963,1,1,snapshot_20150919T025947Z
507351,88.32399818287037,1,1,snapshot_20150919T025947Z
507593,40.18229831018519,1,1,snapshot_20150919T025947Z
507612,7.421019039351853,1,1,snapshot_20150919T025947Z
507743,79.20911344907407,1,1,snapshot_20150919T025947Z
507994,51.16904981481482,1,1,snapshot_20150919T025947Z
508278,57.381867141203706,1,1,snapshot_20150919T025947Z
508334,105.1180636574074,1,1,snapshot_20150919T025947Z
508520,121.2566383101852,1,1,snapshot_20150919T025947Z
508609,133.35486538194445,1,1,snapshot_20150919T025947Z
508655,10.900279988425925,1,1,snapshot_20150919T025947Z
508719,4.062488171296296,1,1,snapshot_20150919T025947Z
508863,119.07192800925927,1,1,snapshot_20150919T025947Z
508929,135.3691004050926,1,1,snapshot_20150919T025947Z
509017,17.352201203703704,2,2,snapshot_20150919T025947Z
509109,115.23908380787037,1,4,snapshot_20150919T025947Z
509343,92.2115736574074,1,2,snapshot_20150919T025947Z
509346,18.60894178240741,3,4,snapshot_20150919T025947Z
509434,3.534343634259259,1,1,snapshot_20150919T025947Z
509444,57.35243388888888,2,6,snapshot_20150919T025947Z
509679,118.00098957175926,1,1,snapshot_20150919T025947Z
509833,99.59980671296297,1,1,snapshot_20150919T025947Z
510215,22.022446770833334,1,1,snapshot_20150919T025947Z
510429,10.064162268518519,1,1,snapshot_20150919T025947Z
510546,23.07164324074074,1,1,snapshot_20150919T025947Z
510974,93.30158546296296,1,1,snapshot_20150919T025947Z
511086,60.232177569444445,1,1,snapshot_20150919T025947Z
511161,49.28662013888889,1,1,snapshot_20150919T025947Z
511312,30.93499611111111,1,1,snapshot_20150919T025947Z
511438,83.19097924768518,1,1,snapshot_20150919T025947Z
511646,114.14264734953704,2,2,snapshot_20150919T025947Z
511708,78.4241479050926,1,1,snapshot_20150919T025947Z
511779,115.21115621527778,1,1,snapshot_20150919T025947Z
512033,13.165023622685185,2,4,snapshot_20150919T025947Z
512180,67.12164056712963,1,1,snapshot_20150919T025947Z
512281,43.97884653935185,1,1,snapshot_20150919T025947Z
512833,129.45313813657407,1,1,snapshot_20150919T025947Z
512920,128.01211355324074,1,1,snapshot_20150919T025947Z
513361,2.2872608449074074,1,1,snapshot_20150919T025947Z
513374,10.246282893518519,1,1,snapshot_20150919T025947Z
513408,20.856782696759257,1,1,snapshot_20150919T025947Z
513479,92.30587739583333,1,1,snapshot_20150919T025947Z
513497,115.93234340277779,1,1,snapshot_20150919T025947Z
513593,52.44298896990741,1,1,snapshot_20150919T025947Z
513830,28.469081006944442,1,1,snapshot_20150919T025947Z
513854,10.11116241898148,1,1,snapshot_20150919T025947Z
513984,33.72012978009259,2,2,snapshot_20150919T025947Z
514028,28.427707766203703,1,1,snapshot_20150919T025947Z
514217,113.21102783564814,1,1,snapshot_20150919T025947Z
514625,26.412488252314812,1,1,snapshot_20150919T025947Z
514740,126.94740512731481,1,1,snapshot_20150919T025947Z
514825,65.81529606481482,2,2,snapshot_20150919T025947Z
514943,82.31408547453704,1,1,snapshot_20150919T025947Z
515710,31.181452372685182,1,1,snapshot_20150919T025947Z
515716,23.279288009259258,1,1,snapshot_20150919T025947Z
515719,43.37093648148148,1,1,snapshot_20150919T025947Z
515890,66.04386949074075,1,3,snapshot_20150919T025947Z
515906,17.257254155092593,1,1,snapshot_20150919T025947Z
515962,59.135270625000004,2,2,snapshot_20150919T025947Z
515977,117.43508126157407,1,1,snapshot_20150919T025947Z
516143,28.993650115740742,1,1,snapshot_20150919T025947Z
516157,31.877089953703706,1,1,snapshot_20150919T025947Z
516166,138.19897074074075,1,1,snapshot_20150919T025947Z
516261,95.27419928240741,2,2,snapshot_20150919T025947Z
516355,21.07308690972222,1,1,snapshot_20150919T025947Z
516563,44.85935650462962,1,2,snapshot_20150919T025947Z
516648,116.21887650462962,1,1,snapshot_20150919T025947Z
516732,24.445479398148148,3,3,snapshot_20150919T025947Z
516778,32.43013583333333,1,1,snapshot_20150919T025947Z
516784,88.05991403935185,1,1,snapshot_20150919T025947Z
517019,58.32127451388889,1,1,snapshot_20150919T025947Z
517088,118.98863394675925,1,1,snapshot_20150919T025947Z
517613,70.10732252314816,1,1,snapshot_20150919T025947Z
517690,114.52062445601851,1,1,snapshot_20150919T025947Z
517720,108.30179292824074,1,1,snapshot_20150919T025947Z
517951,134.43000797453703,1,1,snapshot_20150919T025947Z
518294,89.25868856481482,1,1,snapshot_20150919T025947Z
518417,59.31468696759259,1,1,snapshot_20150919T025947Z
518461,58.24784924768518,1,1,snapshot_20150919T025947Z
518659,11.156392604166667,17,40,snapshot_20150919T025947Z
519103,55.331138877314814,1,1,snapshot_20150919T025947Z
519346,44.97695763888889,1,1,snapshot_20150919T025947Z
519535,126.3563467824074,1,1,snapshot_20150919T025947Z
519563,23.510113090277777,1,1,snapshot_20150919T025947Z
519586,22.309319340277778,1,1,snapshot_20150919T025947Z
519736,61.15561097222222,1,1,snapshot_20150919T025947Z
519839,69.00561636574074,25,38,snapshot_20150919T025947Z
519885,53.0003669675926,2,6,snapshot_20150919T025947Z
519945,53.30582980324074,1,1,snapshot_20150919T025947Z
519955,36.265461493055554,1,1,snapshot_20150919T025947Z
520238,32.396745833333334,1,1,snapshot_20150919T025947Z
520278,111.50126032407408,1,1,snapshot_20150919T025947Z
520400,117.16958498842591,1,1,snapshot_20150919T025947Z
520459,43.39319159722223,1,1,snapshot_20150919T025947Z
520501,130.404473125,2,2,snapshot_20150919T025947Z
520510,6.966649270833333,1,1,snapshot_20150919T025947Z
521014,135.9189560300926,1,1,snapshot_20150919T025947Z
521228,93.35494564814815,1,1,snapshot_20150919T025947Z
521261,86.26318261574075,1,1,snapshot_20150919T025947Z
521286,124.05876390046295,1,1,snapshot_20150919T025947Z
521419,96.9126072337963,1,1,snapshot_20150919T025947Z
521451,16.19333866898148,1,1,snapshot_20150919T025947Z
521488,64.23009883101852,4,4,snapshot_20150919T025947Z
521494,66.12421652777778,1,1,snapshot_20150919T025947Z
521563,84.41617734953704,3,3,snapshot_20150919T025947Z
521576,10.240245555555555,1,1,snapshot_20150919T025947Z
521580,82.01487078703704,1,1,snapshot_20150919T025947Z
521734,102.51104443287038,1,1,snapshot_20150919T025947Z
521802,53.047233576388884,1,1,snapshot_20150919T025947Z
521833,127.39031488425927,1,1,snapshot_20150919T025947Z
521841,63.2306258912037,1,1,snapshot_20150919T025947Z
522018,75.22980454861111,1,1,snapshot_20150919T025947Z
522192,35.279532071759256,1,1,snapshot_20150919T025947Z
522427,21.85414238425926,1,2,snapshot_20150919T025947Z
522428,64.39546436342593,1,1,snapshot_20150919T025947Z
522568,29.39234070601852,3,3,snapshot_20150919T025947Z
522644,52.35623951388889,1,2,snapshot_20150919T025947Z
522739,54.890630520833334,1,3,snapshot_20150919T025947Z
523058,15.482837465277777,1,1,snapshot_20150919T025947Z
523281,123.2094192824074,1,1,snapshot_20150919T025947Z
523381,98.17544131944446,1,1,snapshot_20150919T025947Z
523543,129.2985062962963,1,1,snapshot_20150919T025947Z
523640,130.43434998842594,2,2,snapshot_20150919T025947Z
523654,48.85914292824074,1,1,snapshot_20150919T025947Z
523663,10.088412708333333,1,2,snapshot_20150919T025947Z
523703,58.259871493055556,1,2,snapshot_20150919T025947Z
523878,106.91474791666667,1,1,snapshot_20150919T025947Z
523988,11.252444907407407,1,1,snapshot_20150919T025947Z
524115,118.45816575231481,4,4,snapshot_20150919T025947Z
524146,76.84179894675925,1,2,snapshot_20150919T025947Z
524680,41.55418224537037,1,1,snapshot_20150919T025947Z
524682,61.073024884259254,1,1,snapshot_20150919T025947Z
524905,33.25830559027778,1,1,snapshot_20150919T025947Z
524974,18.43244949074074,1,1,snapshot_20150919T025947Z
525008,10.295609143518519,1,1,snapshot_20150919T025947Z
525170,74.22496677083333,2,2,snapshot_20150919T025947Z
525173,124.02361871527778,1,1,snapshot_20150919T025947Z
525183,110.25335002314814,1,1,snapshot_20150919T025947Z
525397,60.34337684027777,1,2,snapshot_20150919T025947Z
525437,127.42227664351852,1,1,snapshot_20150919T025947Z
525445,67.34965226851853,1,2,snapshot_20150919T025947Z
525529,94.09946265046297,1,1,snapshot_20150919T025947Z
525851,27.384583819444444,1,1,snapshot_20150919T025947Z
526081,59.31613640046296,1,1,snapshot_20150919T025947Z
526183,71.05804729166667,1,1,snapshot_20150919T025947Z
526452,124.24076958333335,1,1,snapshot_20150919T025947Z
526603,4.377523368055555,1,1,snapshot_20150919T025947Z
527033,84.47842096064815,1,1,snapshot_20150919T025947Z
527035,8.646203738425926,1,1,snapshot_20150919T025947Z
527144,61.83270493055556,1,1,snapshot_20150919T025947Z
527277,106.28574152777777,2,5,snapshot_20150919T025947Z
527476,32.22768847222222,1,1,snapshot_20150919T025947Z
527506,134.84891461805555,1,1,snapshot_20150919T025947Z
527722,136.35878449074076,1,1,snapshot_20150919T025947Z
527782,93.98573356481481,1,1,snapshot_20150919T025947Z
527789,87.4353438888889,1,1,snapshot_20150919T025947Z
527815,131.18224649305554,3,3,snapshot_20150919T025947Z
527872,92.28400521990741,1,2,snapshot_20150919T025947Z
527903,37.11250583333334,1,1,snapshot_20150919T025947Z
528074,94.52574743055555,2,6,snapshot_20150919T025947Z
528082,38.98034077546296,1,1,snapshot_20150919T025947Z
528169,114.34532237268519,1,2,snapshot_20150919T025947Z
528198,69.1582877662037,1,1,snapshot_20150919T025947Z
528211,115.24086981481483,1,1,snapshot_20150919T025947Z
528336,72.26799916666666,1,2,snapshot_20150919T025947Z
528531,57.32424825231481,1,4,snapshot_20150919T025947Z
528547,87.4342143287037,1,1,snapshot_20150919T025947Z
528934,91.47368310185185,1,1,snapshot_20150919T025947Z
529164,26.015285775462964,1,1,snapshot_20150919T025947Z
529248,65.36151309027777,1,1,snapshot_20150919T025947Z
529312,86.95689857638888,1,1,snapshot_20150919T025947Z
529371,19.250903055555554,1,1,snapshot_20150919T025947Z
529601,108.90106085648148,1,1,snapshot_20150919T025947Z
529925,92.25474424768518,2,5,snapshot_20150919T025947Z
530033,105.99681943287035,5,5,snapshot_20150919T025947Z
530205,108.97305339120369,1,1,snapshot_20150919T025947Z
530277,59.914296550925926,1,1,snapshot_20150919T025947Z
530559,6.154883391203704,221,286,snapshot_20150919T025947Z
530617,114.44536729166666,1,1,snapshot_20150919T025947Z
530726,124.8880028125,1,1,snapshot_20150919T025947Z
530863,109.93010042824073,5,6,snapshot_20150919T025947Z
530984,93.06622672453703,1,1,snapshot_20150919T025947Z
530999,26.92088084490741,1,1,snapshot_20150919T025947Z
531000,133.1781151388889,1,4,snapshot_20150919T025947Z
531340,67.01803486111112,1,1,snapshot_20150919T025947Z
531440,72.23558482638889,1,1,snapshot_20150919T025947Z
531569,50.25578158564815,1,1,snapshot_20150919T025947Z
531661,103.18012525462964,4,4,snapshot_20150919T025947Z
531706,74.46221211805556,1,1,snapshot_20150919T025947Z
531869,88.34859561342593,1,1,snapshot_20150919T025947Z
531957,79.49679059027778,1,1,snapshot_20150919T025947Z
532126,117.42168145833334,1,1,snapshot_20150919T025947Z
532242,52.277206944444444,1,1,snapshot_20150919T025947Z
532247,23.891240914351854,1,1,snapshot_20150919T025947Z
532307,123.25328591435186,1,1,snapshot_20150919T025947Z
532444,91.66546188657406,1,1,snapshot_20150919T025947Z
532514,136.1881292361111,1,1,snapshot_20150919T025947Z
532571,53.10299638888889,1,1,snapshot_20150919T025947Z
532575,46.88276751157407,1,1,snapshot_20150919T025947Z
532641,45.21145122685185,1,1,snapshot_20150919T025947Z
532853,29.88639986111111,1,1,snapshot_20150919T025947Z
532932,22.39669671296296,2,2,snapshot_20150919T025947Z
533142,119.90327550925927,1,1,snapshot_20150919T025947Z
533153,56.21052269675926,1,1,snapshot_20150919T025947Z
533357,35.134832939814814,1,1,snapshot_20150919T025947Z
533484,45.54713871527778,1,1,snapshot_20150919T025947Z
533553,32.93311390046296,1,1,snapshot_20150919T025947Z
533824,35.927594016203706,1,1,snapshot_20150919T025947Z
533967,64.30023918981482,1,1,snapshot_20150919T025947Z
534021,9.227789108796296,1,1,snapshot_20150919T025947Z
534073,8.034701180555556,2,3,snapshot_20150919T025947Z
534123,4.043463125,1,1,snapshot_20150919T025947Z
534151,69.31001020833334,1,1,snapshot_20150919T025947Z
534217,99.27975517361111,1,1,snapshot_20150919T025947Z
534341,23.727333124999998,1,1,snapshot_20150919T025947Z
534689,36.35036984953704,1,1,snapshot_20150919T025947Z
534712,100.96587041666666,1,2,snapshot_20150919T025947Z
534814,49.326218240740744,1,1,snapshot_20150919T025947Z
534914,46.45528371527777,1,1,snapshot_20150919T025947Z
535009,37.237208564814814,1,1,snapshot_20150919T025947Z
535091,92.19345273148147,1,1,snapshot_20150919T025947Z
535410,87.8258484375,1,4,snapshot_20150919T025947Z
535433,94.32044388888889,1,1,snapshot_20150919T025947Z
535446,31.978077060185186,1,1,snapshot_20150919T025947Z
535471,114.41371962962963,1,2,snapshot_20150919T025947Z
535618,99.62724916666666,1,1,snapshot_20150919T025947Z
535623,95.18482755787036,1,1,snapshot_20150919T025947Z
535835,76.15121993055556,1,1,snapshot_20150919T025947Z
536244,53.29091891203704,1,1,snapshot_20150919T025947Z
536255,27.02550164351852,1,1,snapshot_20150919T025947Z
536257,91.39893207175926,1,1,snapshot_20150919T025947Z
536478,88.96703457175926,1,1,snapshot_20150919T025947Z
536661,133.48372322916669,1,1,snapshot_20150919T025947Z
536757,109.01461657407407,1,1,snapshot_20150919T025947Z
536804,73.44495715277779,3,16,snapshot_20150919T025947Z
536824,7.472629814814815,1,1,snapshot_20150919T025947Z
536938,133.30044284722223,1,1,snapshot_20150919T025947Z
536952,135.42748516203704,1,1,snapshot_20150919T025947Z
537127,82.06734806712963,1,1,snapshot_20150919T025947Z
537189,114.1092364699074,1,1,snapshot_20150919T025947Z
537309,18.44715652777778,1,1,snapshot_20150919T025947Z
537639,65.32873212962963,3,6,snapshot_20150919T025947Z
537692,114.39888898148148,1,2,snapshot_20150919T025947Z
537742,15.375413182870371,1,1,snapshot_20150919T025947Z
537781,105.26809200231482,1,1,snapshot_20150919T025947Z
537828,133.8491871875,1,1,snapshot_20150919T025947Z
538000,70.25581892361112,1,1,snapshot_20150919T025947Z
538189,72.3728669675926,1,1,snapshot_20150919T025947Z
538288,118.49579090277778,1,1,snapshot_20150919T025947Z
538534,100.58348953703702,1,1,snapshot_20150919T025947Z
538822,7.279233113425926,1,1,snapshot_20150919T025947Z
539043,68.3681065162037,1,2,snapshot_20150919T025947Z
539225,52.4056327662037,1,1,snapshot_20150919T025947Z
539388,52.205986921296294,1,1,snapshot_20150919T025947Z
539612,27.888701006944444,1,1,snapshot_20150919T025947Z
539661,20.01859357638889,1,2,snapshot_20150919T025947Z
539833,41.91999212962963,1,1,snapshot_20150919T025947Z
539910,109.2186330324074,1,1,snapshot_20150919T025947Z
540284,78.40188287037037,1,1,snapshot_20150919T025947Z
540350,32.216780694444445,1,1,snapshot_20150919T025947Z
540368,30.225292766203705,1,1,snapshot_20150919T025947Z
540387,62.31771284722222,1,1,snapshot_20150919T025947Z
540789,62.29493186342592,1,1,snapshot_20150919T025947Z
541012,95.18162460648149,1,1,snapshot_20150919T025947Z
541173,123.33904002314814,1,1,snapshot_20150919T025947Z
541296,125.99343076388888,1,1,snapshot_20150919T025947Z
541315,32.18228068287037,1,1,snapshot_20150919T025947Z
541411,39.98821142361111,1,1,snapshot_20150919T025947Z
541474,22.432506377314816,2,2,snapshot_20150919T025947Z
541479,95.04473966435185,1,1,snapshot_20150919T025947Z
541552,55.06737936342592,1,1,snapshot_20150919T025947Z
541564,14.288744259259259,2,2,snapshot_20150919T025947Z
541685,38.981676979166664,1,1,snapshot_20150919T025947Z
541997,65.07360525462963,1,2,snapshot_20150919T025947Z
542030,26.981978159722225,1,1,snapshot_20150919T025947Z
542156,44.40685975694445,2,2,snapshot_20150919T025947Z
542159,9.374317291666665,1,1,snapshot_20150919T025947Z
542183,107.17507628472222,1,1,snapshot_20150919T025947Z
542453,87.47360549768518,1,2,snapshot_20150919T025947Z
542485,18.24650425925926,1,1,snapshot_20150919T025947Z
542498,88.34368554398148,1,3,snapshot_20150919T025947Z
542575,49.2682569212963,1,2,snapshot_20150919T025947Z
542646,5.3450409375,2,2,snapshot_20150919T025947Z
542702,126.14078116898149,7,7,snapshot_20150919T025947Z
542731,86.1730272800926,1,1,snapshot_20150919T025947Z
542750,5.2486307638888885,1,1,snapshot_20150919T025947Z
543122,28.00904619212963,1,1,snapshot_20150919T025947Z
543357,36.447297210648145,1,1,snapshot_20150919T025947Z
543365,17.17427390046296,1,1,snapshot_20150919T025947Z
543423,11.206468912037037,2,2,snapshot_20150919T025947Z
543532,60.7820431712963,1,1,snapshot_20150919T025947Z
543762,44.365099039351854,1,2,snapshot_20150919T025947Z
544129,135.33388666666667,1,1,snapshot_20150919T025947Z
544205,115.53276512731482,1,1,snapshot_20150919T025947Z
544660,29.34451550925926,1,1,snapshot_20150919T025947Z
544724,126.14427202546297,1,1,snapshot_20150919T025947Z
544774,59.23160957175926,1,1,snapshot_20150919T025947Z
544849,111.4796927662037,1,1,snapshot_20150919T025947Z
545365,74.22578114583334,1,1,snapshot_20150919T025947Z
545539,128.37288090277778,1,1,snapshot_20150919T025947Z
545808,97.91566328703703,1,2,snapshot_20150919T025947Z
545846,68.1173768287037,1,2,snapshot_20150919T025947Z
546022,97.53442189814814,1,1,snapshot_20150919T025947Z
546086,24.097850555555556,1,2,snapshot_20150919T025947Z
546210,73.13233547453704,1,1,snapshot_20150919T025947Z
546355,100.30864396990741,1,1,snapshot_20150919T025947Z
546406,91.93612585648148,1,1,snapshot_20150919T025947Z
546612,88.29190677083334,1,1,snapshot_20150919T025947Z
546717,28.328954409722222,1,1,snapshot_20150919T025947Z
546805,121.4532005787037,1,1,snapshot_20150919T025947Z
546836,45.45820298611111,1,1,snapshot_20150919T025947Z
547006,130.96383462962964,1,1,snapshot_20150919T025947Z
547365,75.08413627314815,1,1,snapshot_20150919T025947Z
547506,73.24600729166667,13,18,snapshot_20150919T025947Z
547624,49.19380903935185,1,1,snapshot_20150919T025947Z
547738,68.4079325,1,1,snapshot_20150919T025947Z
547834,92.89487508101853,1,1,snapshot_20150919T025947Z
547852,114.05061645833334,9,9,snapshot_20150919T025947Z
547933,106.89583468750001,1,1,snapshot_20150919T025947Z
548132,115.2256155324074,1,2,snapshot_20150919T025947Z
548219,126.85367385416667,1,2,snapshot_20150919T025947Z
548257,19.004501388888887,1,1,snapshot_20150919T025947Z
548479,118.18483219907408,1,1,snapshot_20150919T025947Z
548514,15.98031361111111,1,1,snapshot_20150919T025947Z
548607,69.20291962962963,2,4,snapshot_20150919T025947Z
548718,23.02536613425926,1,1,snapshot_20150919T025947Z
548730,77.13247935185186,1,1,snapshot_20150919T025947Z
548772,49.49105888888889,45,60,snapshot_20150919T025947Z
548824,59.461501875,1,1,snapshot_20150919T025947Z
548868,22.3339258912037,1,1,snapshot_20150919T025947Z
548918,127.39889209490741,1,5,snapshot_20150919T025947Z
548949,12.152165763888888,1,1,snapshot_20150919T025947Z
549012,8.40786414351852,1,1,snapshot_20150919T025947Z
549148,96.03887773148149,1,1,snapshot_20150919T025947Z
549188,126.28017179398148,1,1,snapshot_20150919T025947Z
549321,22.54151917824074,1,1,snapshot_20150919T025947Z
549579,27.46101298611111,1,1,snapshot_20150919T025947Z
549672,96.05100657407408,1,1,snapshot_20150919T025947Z
549778,134.3320373263889,1,1,snapshot_20150919T025947Z
549798,27.393602789351853,1,1,snapshot_20150919T025947Z
549812,16.45977372685185,1,1,snapshot_20150919T025947Z
549863,136.0670998263889,1,1,snapshot_20150919T025947Z
549919,50.04807699074074,2,2,snapshot_20150919T025947Z
549938,94.18357607638889,1,1,snapshot_20150919T025947Z
550158,120.31197806712962,1,3,snapshot_20150919T025947Z
550243,43.2763939699074,1,1,snapshot_20150919T025947Z
550259,46.267336875,1,3,snapshot_20150919T025947Z
550337,22.78563736111111,1,1,snapshot_20150919T025947Z
550370,45.18966216435185,1,1,snapshot_20150919T025947Z
550414,80.15581543981482,1,1,snapshot_20150919T025947Z
550638,25.463671620370373,2,2,snapshot_20150919T025947Z
551053,53.17550869212963,1,1,snapshot_20150919T025947Z
551147,35.996109548611116,2,2,snapshot_20150919T025947Z
551250,114.50045454861112,1,1,snapshot_20150919T025947Z
551322,100.33726121527779,1,1,snapshot_20150919T025947Z
551398,128.17617978009258,1,2,snapshot_20150919T025947Z
551411,91.39808961805555,2,6,snapshot_20150919T025947Z
551469,116.33581806712962,1,1,snapshot_20150919T025947Z
551536,53.443310000000004,1,1,snapshot_20150919T025947Z
551650,127.20809668981481,1,1,snapshot_20150919T025947Z
551661,119.39131929398148,1,1,snapshot_20150919T025947Z
551746,30.388174108796292,1,2,snapshot_20150919T025947Z
551849,102.15353670138889,1,1,snapshot_20150919T025947Z
551852,22.413395717592593,1,1,snapshot_20150919T025947Z
552045,74.45824681712963,1,1,snapshot_20150919T025947Z
552123,25.535895543981482,1,3,snapshot_20150919T025947Z
552148,109.23232384259258,1,1,snapshot_20150919T025947Z
552160,7.954887175925926,1,1,snapshot_20150919T025947Z
552165,107.1119152199074,1,1,snapshot_20150919T025947Z
552247,53.08240427083334,1,1,snapshot_20150919T025947Z
552261,89.89313243055555,1,1,snapshot_20150919T025947Z
552498,32.37088519675926,1,1,snapshot_20150919T025947Z
552564,125.09782557870372,1,1,snapshot_20150919T025947Z
552571,78.0287560300926,1,1,snapshot_20150919T025947Z
553132,51.33726915509259,1,1,snapshot_20150919T025947Z
553179,92.8876566550926,1,2,snapshot_20150919T025947Z
553217,30.18839131944444,1,1,snapshot_20150919T025947Z
553226,46.42732518518519,1,1,snapshot_20150919T025947Z
553252,64.22038042824074,1,1,snapshot_20150919T025947Z
553273,104.01639063657409,1,2,snapshot_20150919T025947Z
553333,12.454666319444444,1,1,snapshot_20150919T025947Z
553624,22.30101302083333,1,4,snapshot_20150919T025947Z
553710,45.15477170138889,1,1,snapshot_20150919T025947Z
553749,25.217078425925923,2,2,snapshot_20150919T025947Z
553772,19.30138539351852,1,1,snapshot_20150919T025947Z
553965,131.84412287037037,1,1,snapshot_20150919T025947Z
553988,135.95726254629628,1,1,snapshot_20150919T025947Z
554203,126.87695952546295,1,1,snapshot_20150919T025947Z
554368,123.24479921296297,1,1,snapshot_20150919T025947Z
554424,136.70200877314815,1,1,snapshot_20150919T025947Z
554612,79.33668560185185,1,1,snapshot_20150919T025947Z
554737,13.417039675925924,1,2,snapshot_20150919T025947Z
554839,123.80614958333332,1,1,snapshot_20150919T025947Z
554892,17.229375972222222,1,1,snapshot_20150919T025947Z
555021,93.8635707175926,2,2,snapshot_20150919T025947Z
555045,72.45956945601851,1,1,snapshot_20150919T025947Z
555047,126.43533193287037,1,1,snapshot_20150919T025947Z
555094,109.3844458912037,1,1,snapshot_20150919T025947Z
555215,100.21867488425926,1,1,snapshot_20150919T025947Z
555251,39.0811099537037,2,3,snapshot_20150919T025947Z
555265,39.238575,1,2,snapshot_20150919T025947Z
555329,42.24851619212963,1,1,snapshot_20150919T025947Z
555511,17.887751712962963,1,2,snapshot_20150919T025947Z
555519,21.05566445601852,1,1,snapshot_20150919T025947Z
555544,95.96292702546296,1,2,snapshot_20150919T025947Z
555583,95.08195028935185,1,1,snapshot_20150919T025947Z
555718,5.058700833333333,1,1,snapshot_20150919T025947Z
555744,28.896946342592592,1,1,snapshot_20150919T025947Z
555773,132.19808277777778,1,1,snapshot_20150919T025947Z
555876,24.448114999999998,1,1,snapshot_20150919T025947Z
555887,107.97464515046296,1,1,snapshot_20150919T025947Z
555946,7.220999675925926,1,1,snapshot_20150919T025947Z
556054,79.38573131944445,1,1,snapshot_20150919T025947Z
556101,58.13144655092592,1,1,snapshot_20150919T025947Z
556179,8.400406030092592,1,1,snapshot_20150919T025947Z
556360,5.385199155092592,1,1,snapshot_20150919T025947Z
556459,56.39418329861111,1,1,snapshot_20150919T025947Z
556610,22.424373043981483,1,1,snapshot_20150919T025947Z
556688,130.01118356481481,1,1,snapshot_20150919T025947Z
556819,137.430494375,2,2,snapshot_20150919T025947Z
556822,95.12433199074074,1,1,snapshot_20150919T025947Z
556880,29.123591458333333,1,1,snapshot_20150919T025947Z
556967,107.37312420138889,1,1,snapshot_20150919T025947Z
557182,26.261236620370372,1,1,snapshot_20150919T025947Z
557212,87.89968539351852,1,1,snapshot_20150919T025947Z
557470,99.2242675925926,1,2,snapshot_20150919T025947Z
557657,73.88298467592593,1,1,snapshot_20150919T025947Z
557693,137.22366375000001,2,2,snapshot_20150919T025947Z
557700,93.89002814814815,1,8,snapshot_20150919T025947Z
557811,56.24033138888889,1,1,snapshot_20150919T025947Z
558000,84.83617763888888,1,1,snapshot_20150919T025947Z
558068,6.411359768518519,1,1,snapshot_20150919T025947Z
558238,132.47805328703703,1,1,snapshot_20150919T025947Z
558258,59.98430302083334,1,1,snapshot_20150919T025947Z
558511,8.472345185185185,1,1,snapshot_20150919T025947Z
558691,74.38271425925926,1,1,snapshot_20150919T025947Z
558878,127.3728914351852,1,1,snapshot_20150919T025947Z
559278,114.45841167824074,2,2,snapshot_20150919T025947Z
559564,129.90543653935185,1,1,snapshot_20150919T025947Z
559692,57.10721983796296,1,1,snapshot_20150919T025947Z
559722,92.85587657407407,2,2,snapshot_20150919T025947Z
560304,28.367997199074075,1,2,snapshot_20150919T025947Z
560305,138.49582601851853,1,1,snapshot_20150919T025947Z
560361,96.3807153587963,1,1,snapshot_20150919T025947Z
560375,4.315173506944444,1,1,snapshot_20150919T025947Z
560579,29.318322881944447,1,1,snapshot_20150919T025947Z
560753,32.1986319675926,1,2,snapshot_20150919T025947Z
560785,86.22026848379629,1,1,snapshot_20150919T025947Z
560891,16.506189895833334,1,1,snapshot_20150919T025947Z
560961,67.16036369212964,1,1,snapshot_20150919T025947Z
561220,118.19825756944444,1,1,snapshot_20150919T025947Z
561236,85.25188229166666,1,1,snapshot_20150919T025947Z
561311,78.37541381944445,1,1,snapshot_20150919T025947Z
561388,49.08231126157408,1,1,snapshot_20150919T025947Z
561436,36.05701519675926,1,1,snapshot_20150919T025947Z
561441,94.94012162037038,1,1,snapshot_20150919T025947Z
561543,58.41476925925926,1,1,snapshot_20150919T025947Z
561581,17.32669815972222,1,1,snapshot_20150919T025947Z
561611,106.47266355324074,3,3,snapshot_20150919T025947Z
561982,74.9095432175926,2,2,snapshot_20150919T025947Z
562008,120.93286219907407,4,5,snapshot_20150919T025947Z
562286,30.206397719907404,1,1,snapshot_20150919T025947Z
562364,83.90363734953704,1,2,snapshot_20150919T025947Z
562495,73.34461853009259,1,1,snapshot_20150919T025947Z
562527,66.85344376157407,1,1,snapshot_20150919T025947Z
562813,84.79927726851852,1,2,snapshot_20150919T025947Z
562938,126.87267824074074,1,1,snapshot_20150919T025947Z
562956,70.08098056712963,1,1,snapshot_20150919T025947Z
563081,58.41733276620371,1,1,snapshot_20150919T025947Z
563104,45.30720761574074,1,1,snapshot_20150919T025947Z
563134,53.36740019675926,1,1,snapshot_20150919T025947Z
563313,29.46572438657407,1,1,snapshot_20150919T025947Z
563422,116.37462055555555,1,2,snapshot_20150919T025947Z
563448,87.89228947916666,1,1,snapshot_20150919T025947Z
563454,19.008803472222223,1,1,snapshot_20150919T025947Z
563495,22.23022890046296,1,1,snapshot_20150919T025947Z
563565,77.42150246527778,1,1,snapshot_20150919T025947Z
563592,74.43397834490742,1,1,snapshot_20150919T025947Z
563665,55.94722945601852,1,1,snapshot_20150919T025947Z
563685,32.17643836805556,1,1,snapshot_20150919T025947Z
563799,138.27991662037036,1,1,snapshot_20150919T025947Z
563979,73.92149449074074,1,1,snapshot_20150919T025947Z
564070,53.15494851851852,1,1,snapshot_20150919T025947Z
564150,71.35000126157408,1,1,snapshot_20150919T025947Z
564199,118.91884333333333,1,2,snapshot_20150919T025947Z
564398,99.38418178240741,1,1,snapshot_20150919T025947Z
564442,75.90809697916667,1,1,snapshot_20150919T025947Z
564572,63.186290775462965,1,1,snapshot_20150919T025947Z
564666,122.38614023148149,1,1,snapshot_20150919T025947Z
564689,86.30246994212963,1,1,snapshot_20150919T025947Z
564775,85.3074637962963,1,1,snapshot_20150919T025947Z
564895,8.44096457175926,1,1,snapshot_20150919T025947Z
564916,21.389381932870368,1,1,snapshot_20150919T025947Z
564986,94.19349990740741,1,1,snapshot_20150919T025947Z
564990,125.97595121527779,1,1,snapshot_20150919T025947Z
565078,108.2803634837963,1,1,snapshot_20150919T025947Z
565335,32.33167395833333,1,1,snapshot_20150919T025947Z
565386,118.1254144675926,1,1,snapshot_20150919T025947Z
565492,13.733379108796298,2,10,snapshot_20150919T025947Z
565562,123.96944931712963,1,1,snapshot_20150919T025947Z
565590,29.26936428240741,1,1,snapshot_20150919T025947Z
565617,8.129285844907407,1,1,snapshot_20150919T025947Z
565656,128.388419375,1,1,snapshot_20150919T025947Z
565788,116.15489561342594,1,2,snapshot_20150919T025947Z
565865,8.343485578703703,1,1,snapshot_20150919T025947Z
565892,16.381805983796298,1,1,snapshot_20150919T025947Z
565903,55.34717019675926,1,15,snapshot_20150919T025947Z
565943,72.36204751157408,1,1,snapshot_20150919T025947Z
565978,18.20478767361111,2,3,snapshot_20150919T025947Z
566009,53.130069641203704,2,4,snapshot_20150919T025947Z
566245,51.324261747685185,1,1,snapshot_20150919T025947Z
566355,114.32353451388889,1,1,snapshot_20150919T025947Z
566426,93.44172480324075,1,1,snapshot_20150919T025947Z
566474,97.23429381944445,1,1,snapshot_20150919T025947Z
566565,124.27387430555555,1,1,snapshot_20150919T025947Z
566590,111.32484349537037,1,1,snapshot_20150919T025947Z
566725,4.9789529050925925,1,1,snapshot_20150919T025947Z
566850,108.30714206018517,1,1,snapshot_20150919T025947Z
566902,94.33691289351852,1,1,snapshot_20150919T025947Z
566951,80.24573197916666,1,4,snapshot_20150919T025947Z
567071,18.20941989583333,1,1,snapshot_20150919T025947Z
567087,77.57564901620371,1,1,snapshot_20150919T025947Z
567183,46.86322011574074,1,1,snapshot_20150919T025947Z
567340,45.265363541666666,1,1,snapshot_20150919T025947Z
567388,72.20516481481482,2,3,snapshot_20150919T025947Z
567487,30.20933699074074,1,1,snapshot_20150919T025947Z
567526,69.95970957175926,1,1,snapshot_20150919T025947Z
567535,35.2870043287037,1,1,snapshot_20150919T025947Z
567651,34.129928310185186,1,1,snapshot_20150919T025947Z
567838,73.39551591435185,1,1,snapshot_20150919T025947Z
568120,131.34958949074073,1,1,snapshot_20150919T025947Z
568275,133.9381359027778,1,1,snapshot_20150919T025947Z
568290,27.474292430555554,1,1,snapshot_20150919T025947Z
568330,116.29191850694444,1,1,snapshot_20150919T025947Z
568481,81.37112171296296,1,1,snapshot_20150919T025947Z
568495,101.34932222222221,1,1,snapshot_20150919T025947Z
568736,22.30292295138889,1,1,snapshot_20150919T025947Z
568894,25.249143344907406,1,1,snapshot_20150919T025947Z
569031,101.12447209490742,1,1,snapshot_20150919T025947Z
569182,128.8643901388889,1,1,snapshot_20150919T025947Z
569356,83.45693733796296,1,1,snapshot_20150919T025947Z
569401,80.11226092592592,1,1,snapshot_20150919T025947Z
569471,46.25303025462963,1,1,snapshot_20150919T025947Z
569504,91.34944396990741,1,1,snapshot_20150919T025947Z
569539,1.1099924652777777,42,67,snapshot_20150919T025947Z
569740,17.79691408564815,1,1,snapshot_20150919T025947Z
569788,68.29859635416666,1,1,snapshot_20150919T025947Z
570023,71.31641936342594,1,1,snapshot_20150919T025947Z
570175,57.85640978009259,1,1,snapshot_20150919T025947Z
570360,109.36562925925926,1,1,snapshot_20150919T025947Z
570529,31.885167685185184,1,3,snapshot_20150919T025947Z
570583,58.303619942129636,1,1,snapshot_20150919T025947Z
570586,60.36794520833333,1,1,snapshot_20150919T025947Z
570716,102.92808690972223,1,1,snapshot_20150919T025947Z
570944,113.34500840277778,1,1,snapshot_20150919T025947Z
571258,108.94462618055555,1,1,snapshot_20150919T025947Z
571268,110.74695508101851,1,1,snapshot_20150919T025947Z
571497,49.44667371527778,2,2,snapshot_20150919T025947Z
571645,94.0491442013889,1,2,snapshot_20150919T025947Z
571677,134.33125753472223,1,1,snapshot_20150919T025947Z
571830,109.97845796296295,1,1,snapshot_20150919T025947Z
572053,70.40051179398148,1,1,snapshot_20150919T025947Z
572287,93.44451241898147,1,1,snapshot_20150919T025947Z
572480,74.31542755787036,1,1,snapshot_20150919T025947Z
572700,6.225381261574074,1,1,snapshot_20150919T025947Z
572806,31.219872384259258,2,2,snapshot_20150919T025947Z
573020,29.388479907407405,1,1,snapshot_20150919T025947Z
573213,66.43933490740741,1,1,snapshot_20150919T025947Z
573249,16.417256840277776,1,1,snapshot_20150919T025947Z
573267,100.42692966435185,1,1,snapshot_20150919T025947Z
573285,52.984720555555555,1,1,snapshot_20150919T025947Z
573311,95.38117572916666,1,1,snapshot_20150919T025947Z
573397,112.3265835763889,1,1,snapshot_20150919T025947Z
573431,99.17880570601851,1,1,snapshot_20150919T025947Z
573466,129.3778462847222,2,4,snapshot_20150919T025947Z
573490,124.4709146412037,1,1,snapshot_20150919T025947Z
573587,136.8912883101852,1,1,snapshot_20150919T025947Z
573782,68.08356420138888,1,1,snapshot_20150919T025947Z
574213,82.01126064814815,1,2,snapshot_20150919T025947Z
574370,72.10646946759259,1,1,snapshot_20150919T025947Z
574650,51.033825532407405,1,2,snapshot_20150919T025947Z
574661,137.4116309722222,1,1,snapshot_20150919T025947Z
575045,110.96865024305555,1,1,snapshot_20150919T025947Z
575208,121.57951833333333,1,1,snapshot_20150919T025947Z
575295,46.113734837962966,1,1,snapshot_20150919T025947Z
575493,85.98738988425926,1,1,snapshot_20150919T025947Z
575634,31.397496284722223,2,2,snapshot_20150919T025947Z
575731,76.03471005787037,1,1,snapshot_20150919T025947Z
575741,92.30638011574074,1,1,snapshot_20150919T025947Z
575773,102.97658320601853,1,2,snapshot_20150919T025947Z
576184,94.2683270023148,1,1,snapshot_20150919T025947Z
576252,19.527627094907405,1,1,snapshot_20150919T025947Z
576405,106.97640565972222,1,1,snapshot_20150919T025947Z
576588,95.3467415162037,1,1,snapshot_20150919T025947Z
576696,99.03647074074075,1,1,snapshot_20150919T025947Z
576828,92.33428866898149,1,1,snapshot_20150919T025947Z
576880,127.50240136574074,1,1,snapshot_20150919T025947Z
577054,46.637076828703705,1,1,snapshot_20150919T025947Z
577103,67.92162854166666,1,1,snapshot_20150919T025947Z
577261,106.40442412037038,1,1,snapshot_20150919T025947Z
577262,100.04386957175926,1,8,snapshot_20150919T025947Z
577397,78.53039090277778,1,1,snapshot_20150919T025947Z
577764,126.0995404976852,1,1,snapshot_20150919T025947Z
577903,59.20066917824074,1,2,snapshot_20150919T025947Z
577947,131.51615997685184,1,1,snapshot_20150919T025947Z
578239,82.31738037037037,1,1,snapshot_20150919T025947Z
578528,43.015294814814816,1,3,snapshot_20150919T025947Z
579018,128.21601324074075,1,1,snapshot_20150919T025947Z
579049,116.95167489583332,1,1,snapshot_20150919T025947Z
579349,44.46435486111111,1,1,snapshot_20150919T025947Z
579655,127.94361465277778,1,1,snapshot_20150919T025947Z
579659,59.04987609953704,1,1,snapshot_20150919T025947Z
579742,74.39153023148148,1,1,snapshot_20150919T025947Z
579956,119.99462048611112,1,1,snapshot_20150919T025947Z
580000,30.43509564814815,1,3,snapshot_20150919T025947Z
580135,87.6044125925926,1,1,snapshot_20150919T025947Z
580236,17.321720902777777,1,1,snapshot_20150919T025947Z
580297,61.433739062499995,2,2,snapshot_20150919T025947Z
580472,73.39714623842592,1,1,snapshot_20150919T025947Z
580494,124.0402236574074,1,1,snapshot_20150919T025947Z
580540,75.1003837037037,1,2,snapshot_20150919T025947Z
580562,60.59176460648148,1,1,snapshot_20150919T025947Z
580583,72.1592093287037,1,1,snapshot_20150919T025947Z
580612,107.28084809027779,1,1,snapshot_20150919T025947Z
580781,70.28458394675927,1,1,snapshot_20150919T025947Z
580917,127.33956145833332,1,1,snapshot_20150919T025947Z
581004,18.483501423611113,1,1,snapshot_20150919T025947Z
581056,94.51678113425926,1,1,snapshot_20150919T025947Z
581091,28.66594545138889,2,2,snapshot_20150919T025947Z
581152,73.44327496527778,1,9,snapshot_20150919T025947Z
581183,73.41666574074074,1,1,snapshot_20150919T025947Z
581300,128.18164872685185,1,1,snapshot_20150919T025947Z
581456,119.36210218750001,1,2,snapshot_20150919T025947Z
581495,115.42738112268519,1,1,snapshot_20150919T025947Z
581617,94.15502706018519,1,1,snapshot_20150919T025947Z
581889,128.57051668981484,1,1,snapshot_20150919T025947Z
581980,115.22732738425925,1,1,snapshot_20150919T025947Z
582418,2.4403571527777776,1,2,snapshot_20150919T025947Z
582423,79.9832295949074,1,1,snapshot_20150919T025947Z
582432,72.46718918981482,1,1,snapshot_20150919T025947Z
582453,74.28413945601852,1,1,snapshot_20150919T025947Z
582525,17.501558900462964,4,5,snapshot_20150919T025947Z
582632,127.52482559027777,1,1,snapshot_20150919T025947Z
582638,20.91010358796296,1,1,snapshot_20150919T025947Z
582788,98.11787685185186,1,1,snapshot_20150919T025947Z
582933,60.125897233796294,17,18,snapshot_20150919T025947Z
583003,99.93804127314816,1,2,snapshot_20150919T025947Z
583089,73.2115094212963,1,1,snapshot_20150919T025947Z
583425,64.0366177662037,1,1,snapshot_20150919T025947Z
583525,86.20094929398148,1,2,snapshot_20150919T025947Z
583827,104.39607900462963,1,1,snapshot_20150919T025947Z
583892,6.220719131944445,1,1,snapshot_20150919T025947Z
584015,5.938108101851852,1,1,snapshot_20150919T025947Z
584224,62.23787917824074,1,1,snapshot_20150919T025947Z
584257,24.311280486111112,1,1,snapshot_20150919T025947Z
584940,123.32280168981481,1,1,snapshot_20150919T025947Z
585036,99.53874052083333,1,1,snapshot_20150919T025947Z
585358,88.49653445601851,1,1,snapshot_20150919T025947Z
585363,132.98440297453703,1,1,snapshot_20150919T025947Z
585372,65.5597451851852,1,1,snapshot_20150919T025947Z
585580,73.31344202546296,1,1,snapshot_20150919T025947Z
585885,71.21534568287036,1,1,snapshot_20150919T025947Z
586012,69.90024469907408,1,1,snapshot_20150919T025947Z
586187,120.3773144675926,1,1,snapshot_20150919T025947Z
586427,26.8320915625,1,4,snapshot_20150919T025947Z
586700,102.32660432870371,1,1,snapshot_20150919T025947Z
586748,60.11633435185185,2,2,snapshot_20150919T025947Z
586756,138.95694672453703,1,1,snapshot_20150919T025947Z
586891,16.02865923611111,1,1,snapshot_20150919T025947Z
587126,67.09754108796297,1,2,snapshot_20150919T025947Z
587651,123.91841381944444,1,1,snapshot_20150919T025947Z
587663,96.14564363425926,1,1,snapshot_20150919T025947Z
587734,51.18115300925926,1,1,snapshot_20150919T025947Z
587802,94.10990859953704,3,3,snapshot_20150919T025947Z
588087,101.31943343750001,1,1,snapshot_20150919T025947Z
588181,126.36632413194444,1,1,snapshot_20150919T025947Z
588445,38.15212986111111,1,1,snapshot_20150919T025947Z
588483,77.30112491898149,1,1,snapshot_20150919T025947Z
588490,29.077851203703705,1,2,snapshot_20150919T025947Z
588612,23.459613125,1,1,snapshot_20150919T025947Z
588703,15.343998240740742,1,1,snapshot_20150919T025947Z
588708,38.49999806712963,2,3,snapshot_20150919T025947Z
588753,68.28432104166667,1,1,snapshot_20150919T025947Z
588949,93.43545748842593,1,1,snapshot_20150919T025947Z
589227,51.876144849537035,1,1,snapshot_20150919T025947Z
589376,67.00535996527778,1,1,snapshot_20150919T025947Z
589789,108.5784405787037,1,1,snapshot_20150919T025947Z
590095,64.56120364583333,1,1,snapshot_20150919T025947Z
590225,93.93162967592592,1,1,snapshot_20150919T025947Z
590239,111.1659202662037,1,1,snapshot_20150919T025947Z
590241,95.87701711805556,1,1,snapshot_20150919T025947Z
590308,21.911149004629628,1,1,snapshot_20150919T025947Z
590602,127.89709591435185,1,1,snapshot_20150919T025947Z
590670,136.35469868055554,1,1,snapshot_20150919T025947Z
590931,89.06574024305556,1,1,snapshot_20150919T025947Z
591006,72.20305472222222,1,1,snapshot_20150919T025947Z
591430,59.36576894675926,1,1,snapshot_20150919T025947Z
591631,88.68717659722222,1,1,snapshot_20150919T025947Z
591869,61.20978511574074,9,10,snapshot_20150919T025947Z
591906,102.4025791087963,1,2,snapshot_20150919T025947Z
592164,128.37342251157406,1,1,snapshot_20150919T025947Z
592247,95.06195540509259,2,2,snapshot_20150919T025947Z
592317,26.16605997685185,1,1,snapshot_20150919T025947Z
592330,43.402760462962966,1,1,snapshot_20150919T025947Z
592348,108.37426611111111,1,1,snapshot_20150919T025947Z
592385,33.071526122685185,1,1,snapshot_20150919T025947Z
592555,81.97822700231481,1,1,snapshot_20150919T025947Z
592787,104.71915284722222,2,8,snapshot_20150919T025947Z
592916,73.21813311342594,1,1,snapshot_20150919T025947Z
592953,102.35857752314814,1,1,snapshot_20150919T025947Z
592998,113.25192855324075,1,1,snapshot_20150919T025947Z
593595,48.01716099537037,1,1,snapshot_20150919T025947Z
593775,127.3636476273148,1,1,snapshot_20150919T025947Z
593905,120.39568140046296,3,6,snapshot_20150919T025947Z
593964,130.25782993055554,1,2,snapshot_20150919T025947Z
594085,23.133386180555558,1,1,snapshot_20150919T025947Z
594242,74.24137211805555,1,1,snapshot_20150919T025947Z
594399,39.82819848379629,1,1,snapshot_20150919T025947Z
594511,40.1701400462963,1,1,snapshot_20150919T025947Z
594603,117.15394609953704,1,1,snapshot_20150919T025947Z
594746,85.93675063657408,1,1,snapshot_20150919T025947Z
594852,67.20858870370371,1,1,snapshot_20150919T025947Z
594935,117.30060019675926,1,1,snapshot_20150919T025947Z
595159,91.82370714120371,1,1,snapshot_20150919T025947Z
595321,108.38252523148148,1,1,snapshot_20150919T025947Z
595388,14.359847013888887,1,1,snapshot_20150919T025947Z
595454,8.49367400462963,1,1,snapshot_20150919T025947Z
595595,96.43872912037038,1,1,snapshot_20150919T025947Z
595640,20.185339050925926,4,5,snapshot_20150919T025947Z
595826,37.195814884259256,1,2,snapshot_20150919T025947Z
595844,60.18182265046296,1,1,snapshot_20150919T025947Z
595900,94.89748138888889,1,1,snapshot_20150919T025947Z
595913,75.85754532407408,1,1,snapshot_20150919T025947Z
595957,22.76479454861111,1,1,snapshot_20150919T025947Z
596140,79.96081447916667,1,1,snapshot_20150919T025947Z
596232,73.07842232638889,1,1,snapshot_20150919T025947Z
596234,107.20742928240742,1,1,snapshot_20150919T025947Z
596542,70.41727650462964,1,1,snapshot_20150919T025947Z
596591,95.21525002314814,1,1,snapshot_20150919T025947Z
596611,133.26692883101853,1,1,snapshot_20150919T025947Z
596627,3.892896701388889,1,1,snapshot_20150919T025947Z
596678,47.36687282407407,1,1,snapshot_20150919T025947Z
596737,104.38542925925925,1,1,snapshot_20150919T025947Z
596853,131.01404332175926,1,1,snapshot_20150919T025947Z
596876,99.72675846064814,1,1,snapshot_20150919T025947Z
597070,72.61368054398147,1,1,snapshot_20150919T025947Z
597161,133.30481898148147,1,1,snapshot_20150919T025947Z
597366,55.95720975694445,1,1,snapshot_20150919T025947Z
597416,86.50802469907407,2,2,snapshot_20150919T025947Z
597443,52.33591438657407,1,1,snapshot_20150919T025947Z
597521,5.366408472222222,1,1,snapshot_20150919T025947Z
597784,58.110334548611114,1,3,snapshot_20150919T025947Z
597906,87.91737164351852,1,1,snapshot_20150919T025947Z
597930,107.007173125,1,1,snapshot_20150919T025947Z
597988,127.31296592592592,1,1,snapshot_20150919T025947Z
598009,25.52056111111111,1,1,snapshot_20150919T025947Z
598077,18.882725798611112,1,1,snapshot_20150919T025947Z
598107,136.94707394675925,1,1,snapshot_20150919T025947Z
598282,22.40553846064815,1,1,snapshot_20150919T025947Z
598404,42.3690196875,1,1,snapshot_20150919T025947Z
598451,57.54880023148148,1,1,snapshot_20150919T025947Z
598467,23.305434606481484,1,1,snapshot_20150919T025947Z
598472,136.92551277777778,1,1,snapshot_20150919T025947Z
598494,95.23079549768518,1,1,snapshot_20150919T025947Z
598497,79.13764549768518,1,1,snapshot_20150919T025947Z
598609,75.05634815972222,1,1,snapshot_20150919T025947Z
598812,126.21694685185186,1,1,snapshot_20150919T025947Z
598996,126.19141854166668,1,1,snapshot_20150919T025947Z
599222,79.2579500925926,1,1,snapshot_20150919T025947Z
599453,32.22371965277778,1,1,snapshot_20150919T025947Z
599528,108.90406842592593,1,1,snapshot_20150919T025947Z
599574,128.15799480324074,1,1,snapshot_20150919T025947Z
599599,77.14011717592592,1,1,snapshot_20150919T025947Z
599633,102.98563002314815,1,1,snapshot_20150919T025947Z
599832,117.88713302083333,1,2,snapshot_20150919T025947Z
599864,124.8215920949074,1,1,snapshot_20150919T025947Z
599877,32.46396063657407,1,1,snapshot_20150919T025947Z
599943,18.097488194444445,1,1,snapshot_20150919T025947Z
600025,37.38568449074074,1,1,snapshot_20150919T025947Z
600100,53.608158888888894,1,1,snapshot_20150919T025947Z
600337,45.131408379629626,1,1,snapshot_20150919T025947Z
600339,45.99160259259259,1,1,snapshot_20150919T025947Z
600485,60.38809643518518,1,1,snapshot_20150919T025947Z
600511,88.0575674537037,1,1,snapshot_20150919T025947Z
600589,137.9366865162037,1,3,snapshot_20150919T025947Z
600721,51.14318922453703,1,1,snapshot_20150919T025947Z
600815,130.93038092592593,2,4,snapshot_20150919T025947Z
601615,109.92264495370371,1,1,snapshot_20150919T025947Z
601768,74.43081884259259,1,9,snapshot_20150919T025947Z
602003,96.87078420138889,1,1,snapshot_20150919T025947Z
602027,19.282508935185188,1,1,snapshot_20150919T025947Z
602171,50.41429775462964,1,1,snapshot_20150919T025947Z
602354,54.24209535879629,1,1,snapshot_20150919T025947Z
602451,52.290273344907405,1,1,snapshot_20150919T025947Z
602510,58.02847785879629,1,1,snapshot_20150919T025947Z
602545,70.07202734953704,1,1,snapshot_20150919T025947Z
602688,84.38798998842593,1,1,snapshot_20150919T025947Z
602801,8.835147662037038,1,1,snapshot_20150919T025947Z
602822,5.4765724189814815,1,1,snapshot_20150919T025947Z
602875,114.43938231481481,1,1,snapshot_20150919T025947Z
602886,42.85788597222223,1,2,snapshot_20150919T025947Z
603011,60.104692476851845,1,1,snapshot_20150919T025947Z
603228,53.63562118055555,1,1,snapshot_20150919T025947Z
603616,25.30591479166667,2,2,snapshot_20150919T025947Z
603635,10.017378252314815,1,1,snapshot_20150919T025947Z
603702,123.51106133101851,1,1,snapshot_20150919T025947Z
603936,31.021038599537036,1,1,snapshot_20150919T025947Z
603999,5.27227056712963,1,1,snapshot_20150919T025947Z
604058,93.85753106481482,1,1,snapshot_20150919T025947Z
604144,23.572419768518518,1,1,snapshot_20150919T025947Z
604376,70.27954398148148,1,1,snapshot_20150919T025947Z
604403,135.28866866898147,1,1,snapshot_20150919T025947Z
604740,90.87249195601852,1,2,snapshot_20150919T025947Z
604938,51.28521083333333,1,1,snapshot_20150919T025947Z
605013,123.83456850694445,2,2,snapshot_20150919T025947Z
605095,85.0588785300926,1,1,snapshot_20150919T025947Z
605245,32.56573569444444,1,1,snapshot_20150919T025947Z
605517,49.31247716435185,1,1,snapshot_20150919T025947Z
605832,88.22389128472223,1,1,snapshot_20150919T025947Z
606060,66.1105239699074,1,1,snapshot_20150919T025947Z
606091,27.087438900462963,1,1,snapshot_20150919T025947Z
606184,125.98333337962964,1,1,snapshot_20150919T025947Z
606226,25.365768819444444,1,2,snapshot_20150919T025947Z
606338,40.09213416666667,1,1,snapshot_20150919T025947Z
606605,64.40820990740741,1,1,snapshot_20150919T025947Z
606755,23.38816119212963,1,1,snapshot_20150919T025947Z
607090,120.7839616898148,1,1,snapshot_20150919T025947Z
607106,101.42512871527776,1,1,snapshot_20150919T025947Z
607285,6.542333368055556,1,1,snapshot_20150919T025947Z
607434,125.67932443287036,1,1,snapshot_20150919T025947Z
607518,52.101104004629626,1,1,snapshot_20150919T025947Z
607534,127.91334204861111,1,1,snapshot_20150919T025947Z
607916,50.891199872685185,1,1,snapshot_20150919T025947Z
608098,22.228496041666666,1,1,snapshot_20150919T025947Z
608218,9.19632994212963,1,1,snapshot_20150919T025947Z
608240,48.11552417824074,1,1,snapshot_20150919T025947Z
608513,35.60472657407408,1,1,snapshot_20150919T025947Z
608567,56.3795783912037,1,1,snapshot_20150919T025947Z
608628,109.16514828703704,2,2,snapshot_20150919T025947Z
608773,126.12008880787037,1,1,snapshot_20150919T025947Z
608808,9.431758298611111,1,2,snapshot_20150919T025947Z
608844,100.33257797453703,1,4,snapshot_20150919T025947Z
608855,30.471765752314816,1,1,snapshot_20150919T025947Z
609009,8.89718142361111,1,2,snapshot_20150919T025947Z
609294,44.328081689814816,1,1,snapshot_20150919T025947Z
609642,136.0633751273148,1,1,snapshot_20150919T025947Z
609895,27.099247488425927,1,2,snapshot_20150919T025947Z
609963,63.230085474537034,1,2,snapshot_20150919T025947Z
610105,87.41259298611111,1,1,snapshot_20150919T025947Z
610115,82.0336605787037,1,1,snapshot_20150919T025947Z
610182,85.31765407407407,1,1,snapshot_20150919T025947Z
610403,106.04217277777778,1,1,snapshot_20150919T025947Z
610418,131.0874066898148,1,1,snapshot_20150919T025947Z
610683,63.00975423611111,1,1,snapshot_20150919T025947Z
610819,44.195230405092595,1,1,snapshot_20150919T025947Z
610841,15.42390693287037,3,4,snapshot_20150919T025947Z
610859,80.13881212962963,1,1,snapshot_20150919T025947Z
611155,64.2384044212963,1,1,snapshot_20150919T025947Z
611362,130.1418929513889,1,1,snapshot_20150919T025947Z
611369,73.49063961805555,1,1,snapshot_20150919T025947Z
611484,35.46541505787037,1,1,snapshot_20150919T025947Z
611548,109.06650318287036,1,1,snapshot_20150919T025947Z
611754,138.9134073263889,1,1,snapshot_20150919T025947Z
611804,89.07008877314814,1,3,snapshot_20150919T025947Z
611993,17.12109849537037,1,2,snapshot_20150919T025947Z
612386,112.11003520833333,1,1,snapshot_20150919T025947Z
612711,60.03871599537037,1,1,snapshot_20150919T025947Z
612918,2.2807522106481484,1,1,snapshot_20150919T025947Z
613066,22.22530084490741,1,2,snapshot_20150919T025947Z
613384,54.236465520833335,1,3,snapshot_20150919T025947Z
613507,26.23769684027778,1,1,snapshot_20150919T025947Z
613539,136.1142053125,1,1,snapshot_20150919T025947Z
613579,23.263472418981483,1,1,snapshot_20150919T025947Z
613618,32.41921094907407,1,1,snapshot_20150919T025947Z
613701,86.27121775462963,1,1,snapshot_20150919T025947Z
613825,23.86126371527778,1,2,snapshot_20150919T025947Z
614077,14.276969247685184,1,2,snapshot_20150919T025947Z
614685,49.2178422337963,1,1,snapshot_20150919T025947Z
614785,94.32011072916666,1,1,snapshot_20150919T025947Z
614943,42.805347627314816,1,1,snapshot_20150919T025947Z
614999,138.85068835648147,1,1,snapshot_20150919T025947Z
615132,42.076953055555556,11,11,snapshot_20150919T025947Z
615250,81.8861153125,1,1,snapshot_20150919T025947Z
615473,118.32507114583333,1,1,snapshot_20150919T025947Z
615486,94.16985528935186,2,2,snapshot_20150919T025947Z
615631,115.98748400462964,1,1,snapshot_20150919T025947Z
615910,59.44248363425926,1,1,snapshot_20150919T025947Z
615913,86.00396575231481,1,1,snapshot_20150919T025947Z
615931,92.15547063657407,1,1,snapshot_20150919T025947Z
616066,43.018238368055556,2,2,snapshot_20150919T025947Z
616081,52.9082487962963,1,2,snapshot_20150919T025947Z
616466,125.88229306712962,1,1,snapshot_20150919T025947Z
616521,37.04005796296296,1,1,snapshot_20150919T025947Z
616565,72.40560211805555,1,2,snapshot_20150919T025947Z
616794,58.14431327546297,1,1,snapshot_20150919T025947Z
616796,100.18197004629629,1,1,snapshot_20150919T025947Z
617101,113.97237440972222,2,3,snapshot_20150919T025947Z
617191,113.84780725694445,1,1,snapshot_20150919T025947Z
617584,22.37525329861111,1,1,snapshot_20150919T025947Z
617591,60.44468888888889,1,1,snapshot_20150919T025947Z
617700,11.696278518518518,1,3,snapshot_20150919T025947Z
617793,92.87554680555556,1,3,snapshot_20150919T025947Z
617872,21.31949832175926,1,1,snapshot_20150919T025947Z
617963,8.285051817129629,1,1,snapshot_20150919T025947Z
618031,5.109708645833333,1,1,snapshot_20150919T025947Z
618195,10.940955,1,1,snapshot_20150919T025947Z
618259,116.94284388888889,1,1,snapshot_20150919T025947Z
618368,91.38589280092593,1,1,snapshot_20150919T025947Z
618705,128.3273636111111,2,3,snapshot_20150919T025947Z
618840,134.8156441435185,1,2,snapshot_20150919T025947Z
619012,136.5168363425926,1,2,snapshot_20150919T025947Z
619227,116.94238743055556,1,1,snapshot_20150919T025947Z
619488,8.212395081018519,1,2,snapshot_20150919T025947Z
619657,95.1671783101852,1,1,snapshot_20150919T025947Z
619835,86.46653032407407,1,5,snapshot_20150919T025947Z
619893,138.9127124884259,1,1,snapshot_20150919T025947Z
620240,4.280231192129629,1,2,snapshot_20150919T025947Z
620292,76.37546826388889,2,2,snapshot_20150919T025947Z
620297,13.878088599537037,1,2,snapshot_20150919T025947Z
620451,52.46438273148148,1,1,snapshot_20150919T025947Z
620989,83.06363556712962,1,1,snapshot_20150919T025947Z
620993,122.83278214120371,1,1,snapshot_20150919T025947Z
621030,31.40105099537037,1,1,snapshot_20150919T025947Z
621195,94.45828260416667,1,1,snapshot_20150919T025947Z
621254,4.3311256365740745,1,1,snapshot_20150919T025947Z
621312,35.953220046296295,1,1,snapshot_20150919T025947Z
621384,18.35891976851852,1,1,snapshot_20150919T025947Z
621474,104.11252590277778,6,6,snapshot_20150919T025947Z
621588,106.45873475694445,1,1,snapshot_20150919T025947Z
621720,45.42232114583333,2,2,snapshot_20150919T025947Z
621942,84.5137641550926,1,1,snapshot_20150919T025947Z
622025,61.16048627314815,1,1,snapshot_20150919T025947Z
622097,19.344927048611112,1,2,snapshot_20150919T025947Z
622240,76.31269302083334,1,1,snapshot_20150919T025947Z
622280,53.25926186342592,1,1,snapshot_20150919T025947Z
622534,45.38116306712963,1,1,snapshot_20150919T025947Z
622704,15.349346550925924,1,1,snapshot_20150919T025947Z
622717,85.06519050925925,1,1,snapshot_20150919T025947Z
623233,21.489069375,1,1,snapshot_20150919T025947Z
623466,52.44232402777778,1,1,snapshot_20150919T025947Z
623540,98.85058719907407,1,1,snapshot_20150919T025947Z
623548,110.25843778935186,1,1,snapshot_20150919T025947Z
623685,23.970851215277776,1,1,snapshot_20150919T025947Z
623908,83.5030254513889,1,1,snapshot_20150919T025947Z
624006,43.869878460648145,1,1,snapshot_20150919T025947Z
624072,98.54689002314815,1,1,snapshot_20150919T025947Z
624095,27.19367943287037,1,1,snapshot_20150919T025947Z
624124,26.05849148148148,1,1,snapshot_20150919T025947Z
624259,51.00902918981482,1,1,snapshot_20150919T025947Z
624782,53.46779145833333,2,2,snapshot_20150919T025947Z
624786,53.45066309027778,1,2,snapshot_20150919T025947Z
624926,13.265156898148149,1,1,snapshot_20150919T025947Z
625091,43.375231168981486,1,1,snapshot_20150919T025947Z
625275,15.245272789351851,1,1,snapshot_20150919T025947Z
625383,137.30688284722223,1,1,snapshot_20150919T025947Z
625399,22.786469606481482,2,2,snapshot_20150919T025947Z
625653,127.33586686342592,1,3,snapshot_20150919T025947Z
625795,106.35165780092592,3,4,snapshot_20150919T025947Z
625872,123.38060224537037,1,1,snapshot_20150919T025947Z
626013,112.29730021990741,1,1,snapshot_20150919T025947Z
626212,127.39654342592593,1,1,snapshot_20150919T025947Z
626237,86.11283136574075,3,4,snapshot_20150919T025947Z
626261,71.97353770833332,1,1,snapshot_20150919T025947Z
626320,112.85611274305556,1,1,snapshot_20150919T025947Z
626440,74.08475519675926,1,1,snapshot_20150919T025947Z
626492,16.915370185185186,1,1,snapshot_20150919T025947Z
626807,129.53496537037037,2,2,snapshot_20150919T025947Z
626837,78.30452275462963,1,1,snapshot_20150919T025947Z
626881,127.94264789351853,1,1,snapshot_20150919T025947Z
626903,32.03454199074074,1,1,snapshot_20150919T025947Z
627121,116.16728949074076,1,1,snapshot_20150919T025947Z
627293,13.399198125000002,1,1,snapshot_20150919T025947Z
627323,59.46256524305556,1,1,snapshot_20150919T025947Z
627358,79.99080891203704,1,1,snapshot_20150919T025947Z
627760,34.02644307870371,1,1,snapshot_20150919T025947Z
627868,17.39902689814815,1,2,snapshot_20150919T025947Z
627932,53.114016863425924,2,2,snapshot_20150919T025947Z
628240,56.93286340277778,1,2,snapshot_20150919T025947Z
628257,23.891374282407405,1,1,snapshot_20150919T025947Z
628305,120.34107181712963,1,1,snapshot_20150919T025947Z
628309,53.46065009259259,1,1,snapshot_20150919T025947Z
628362,94.38436214120371,1,1,snapshot_20150919T025947Z
628536,99.36619876157408,1,1,snapshot_20150919T025947Z
628648,33.41171364583333,1,1,snapshot_20150919T025947Z
628764,51.23633961805555,1,1,snapshot_20150919T025947Z
628771,72.0626646875,1,1,snapshot_20150919T025947Z
628803,125.2271102662037,1,1,snapshot_20150919T025947Z
628857,95.17378332175926,1,1,snapshot_20150919T025947Z
629346,52.137800034722225,1,3,snapshot_20150919T025947Z
629386,128.25555899305556,1,2,snapshot_20150919T025947Z
629422,110.90446193287038,1,1,snapshot_20150919T025947Z
629436,104.04261284722222,1,1,snapshot_20150919T025947Z
629576,46.204950439814816,1,1,snapshot_20150919T025947Z
629925,85.31366157407408,1,1,snapshot_20150919T025947Z
629938,9.3442284375,1,1,snapshot_20150919T025947Z
630039,76.3162485300926,1,1,snapshot_20150919T025947Z
630073,113.40248280092594,1,1,snapshot_20150919T025947Z
630195,56.45052378472222,2,2,snapshot_20150919T025947Z
630224,30.15360945601852,1,1,snapshot_20150919T025947Z
630627,46.29937181712963,1,1,snapshot_20150919T025947Z
630705,130.87420467592594,1,1,snapshot_20150919T025947Z
630746,5.694704548611111,1,1,snapshot_20150919T025947Z
630803,102.8453426388889,1,1,snapshot_20150919T025947Z
630841,18.297322175925924,1,1,snapshot_20150919T025947Z
630993,122.36132206018519,1,1,snapshot_20150919T025947Z
631078,35.20145800925926,1,1,snapshot_20150919T025947Z
631140,53.013142951388886,1,1,snapshot_20150919T025947Z
631154,22.291440590277777,1,1,snapshot_20150919T025947Z
631228,10.135062673611111,1,1,snapshot_20150919T025947Z
631251,6.390153877314815,1,1,snapshot_20150919T025947Z
631296,127.09997946759259,1,1,snapshot_20150919T025947Z
631750,4.229186736111111,1,1,snapshot_20150919T025947Z
631757,48.38454116898148,1,1,snapshot_20150919T025947Z
631946,51.883256145833336,1,1,snapshot_20150919T025947Z
632138,40.31591612268519,1,1,snapshot_20150919T025947Z
632358,85.82854737268518,1,1,snapshot_20150919T025947Z
632504,135.86378319444447,1,1,snapshot_20150919T025947Z
632538,39.12424923611111,1,1,snapshot_20150919T025947Z
632574,95.0556871875,1,1,snapshot_20150919T025947Z
632714,4.89443912037037,1,1,snapshot_20150919T025947Z
632773,5.17637474537037,1,1,snapshot_20150919T025947Z
632951,71.17820979166667,1,1,snapshot_20150919T025947Z
633063,106.12261298611111,2,2,snapshot_20150919T025947Z
633161,119.03928083333334,1,3,snapshot_20150919T025947Z
633177,125.21816116898148,1,1,snapshot_20150919T025947Z
633212,95.08532390046297,1,1,snapshot_20150919T025947Z
633626,7.169184502314814,1,1,snapshot_20150919T025947Z
633658,54.080595671296294,1,1,snapshot_20150919T025947Z
633718,61.334527326388894,1,1,snapshot_20150919T025947Z
633919,9.14094431712963,1,1,snapshot_20150919T025947Z
634017,34.3974844212963,1,1,snapshot_20150919T025947Z
634120,108.42397962962963,1,1,snapshot_20150919T025947Z
634183,44.26387643518519,1,1,snapshot_20150919T025947Z
634281,55.11373391203704,1,1,snapshot_20150919T025947Z
634300,100.32936646990741,1,1,snapshot_20150919T025947Z
634352,76.94426947916668,1,1,snapshot_20150919T025947Z
634506,128.35250122685187,1,1,snapshot_20150919T025947Z
634736,60.89388677083333,1,1,snapshot_20150919T025947Z
634766,83.44590799768518,1,2,snapshot_20150919T025947Z
634842,10.104728460648149,1,1,snapshot_20150919T025947Z
634973,51.46956209490741,1,1,snapshot_20150919T025947Z
635052,18.995788194444444,1,1,snapshot_20150919T025947Z
635351,58.448959293981474,1,2,snapshot_20150919T025947Z
635357,124.27730858796295,2,2,snapshot_20150919T025947Z
635436,8.124242349537036,1,1,snapshot_20150919T025947Z
635630,73.47407570601851,1,1,snapshot_20150919T025947Z
635650,102.8697804398148,1,1,snapshot_20150919T025947Z
635667,35.28357231481481,1,1,snapshot_20150919T025947Z
635760,56.28483935185185,1,1,snapshot_20150919T025947Z
635778,81.002126875,1,1,snapshot_20150919T025947Z
635862,85.37574223379629,1,2,snapshot_20150919T025947Z
635963,95.50945361111111,1,1,snapshot_20150919T025947Z
635987,94.40568649305555,1,2,snapshot_20150919T025947Z
636149,64.32919334490741,1,1,snapshot_20150919T025947Z
636313,128.35907188657407,1,2,snapshot_20150919T025947Z
636520,138.24080601851853,1,1,snapshot_20150919T025947Z
636529,128.1661056365741,1,1,snapshot_20150919T025947Z
636539,116.48103782407406,1,1,snapshot_20150919T025947Z
636569,137.20182747685183,1,1,snapshot_20150919T025947Z
636710,110.73523472222222,1,2,snapshot_20150919T025947Z
636918,78.40334247685185,1,1,snapshot_20150919T025947Z
637017,134.29426804398148,2,6,snapshot_20150919T025947Z
637193,51.599908692129624,1,1,snapshot_20150919T025947Z
637274,125.45676201388889,1,1,snapshot_20150919T025947Z
637285,117.27699256944445,1,2,snapshot_20150919T025947Z
637412,36.54562428240741,1,1,snapshot_20150919T025947Z
637672,136.4350528125,1,1,snapshot_20150919T025947Z
638272,19.157524814814817,1,1,snapshot_20150919T025947Z
638328,22.462564814814815,1,1,snapshot_20150919T025947Z
638441,69.07368006944444,1,1,snapshot_20150919T025947Z
638506,88.42482841435185,1,1,snapshot_20150919T025947Z
638573,35.434759166666666,1,1,snapshot_20150919T025947Z
638627,19.4438853125,1,1,snapshot_20150919T025947Z
638723,127.25127711805555,1,1,snapshot_20150919T025947Z
638736,79.88407494212963,1,1,snapshot_20150919T025947Z
639061,92.17241515046295,1,1,snapshot_20150919T025947Z
639216,115.28841655092592,1,1,snapshot_20150919T025947Z
639300,30.400640335648152,1,1,snapshot_20150919T025947Z
639377,57.40399291666667,1,1,snapshot_20150919T025947Z
639450,59.363267557870365,2,2,snapshot_20150919T025947Z
639529,102.32912237268519,1,1,snapshot_20150919T025947Z
639616,5.9400524421296295,1,1,snapshot_20150919T025947Z
639724,8.173384837962962,1,1,snapshot_20150919T025947Z
639775,4.202636458333333,1,1,snapshot_20150919T025947Z
639780,102.9306114699074,1,1,snapshot_20150919T025947Z
639826,77.75609195601851,1,1,snapshot_20150919T025947Z
639828,12.929302418981482,1,1,snapshot_20150919T025947Z
639948,128.35088863425926,1,1,snapshot_20150919T025947Z
639964,109.29129769675926,1,1,snapshot_20150919T025947Z
640476,11.218560486111112,1,1,snapshot_20150919T025947Z
640754,33.57231503472222,1,1,snapshot_20150919T025947Z
640892,88.41111219907407,2,2,snapshot_20150919T025947Z
640902,136.03519107638888,1,1,snapshot_20150919T025947Z
641020,77.40931590277778,1,1,snapshot_20150919T025947Z
641068,58.25112724537038,1,1,snapshot_20150919T025947Z
641077,16.31695321759259,1,1,snapshot_20150919T025947Z
641366,112.10820806712962,1,1,snapshot_20150919T025947Z
641557,46.08876077546296,1,1,snapshot_20150919T025947Z
641689,36.38530653935185,1,1,snapshot_20150919T025947Z
641790,52.91117623842593,1,1,snapshot_20150919T025947Z
641815,90.32835859953704,1,1,snapshot_20150919T025947Z
641943,39.09610326388889,1,1,snapshot_20150919T025947Z
642091,31.383388854166665,2,2,snapshot_20150919T025947Z
642124,4.083186620370371,1,1,snapshot_20150919T025947Z
642130,9.13735954861111,2,4,snapshot_20150919T025947Z
642233,9.947464178240741,1,1,snapshot_20150919T025947Z
642492,70.96953153935186,1,1,snapshot_20150919T025947Z
642505,39.20450635416667,1,1,snapshot_20150919T025947Z
642546,50.08971709490741,1,2,snapshot_20150919T025947Z
642818,73.30912484953704,1,1,snapshot_20150919T025947Z
643004,76.27769876157407,1,1,snapshot_20150919T025947Z
643085,110.9633326851852,1,1,snapshot_20150919T025947Z
643195,49.34536158564815,1,1,snapshot_20150919T025947Z
643208,123.21153070601852,1,2,snapshot_20150919T025947Z
643307,24.021479247685185,1,1,snapshot_20150919T025947Z
643357,78.35330527777778,1,1,snapshot_20150919T025947Z
643525,130.94513061342593,1,1,snapshot_20150919T025947Z
643535,48.174868206018516,1,1,snapshot_20150919T025947Z
643691,12.346546921296298,1,1,snapshot_20150919T025947Z
643768,14.213120601851854,1,8,snapshot_20150919T025947Z
643771,78.3205320486111,1,1,snapshot_20150919T025947Z
643881,73.86466322916667,1,1,snapshot_20150919T025947Z
644031,98.23520188657407,1,1,snapshot_20150919T025947Z
644227,4.2762265393518515,1,1,snapshot_20150919T025947Z
644346,110.77829550925927,1,1,snapshot_20150919T025947Z
644422,111.32486921296295,2,4,snapshot_20150919T025947Z
644522,114.07908260416666,1,1,snapshot_20150919T025947Z
644845,56.34054983796296,2,2,snapshot_20150919T025947Z
644887,17.934227881944445,1,1,snapshot_20150919T025947Z
645326,109.97447269675925,1,1,snapshot_20150919T025947Z
645352,114.30495805555556,1,2,snapshot_20150919T025947Z
645414,96.29435245370371,1,1,snapshot_20150919T025947Z
645507,79.02346385416666,1,1,snapshot_20150919T025947Z
645511,9.987724652777779,1,1,snapshot_20150919T025947Z
645525,12.124532083333333,85,107,snapshot_20150919T025947Z
645600,8.469054282407408,1,1,snapshot_20150919T025947Z
645935,123.0482875925926,2,2,snapshot_20150919T025947Z
645995,113.25143931712964,1,2,snapshot_20150919T025947Z
646011,119.89449905092593,1,2,snapshot_20150919T025947Z
646035,80.78370475694445,1,1,snapshot_20150919T025947Z
646154,33.52879997685185,1,1,snapshot_20150919T025947Z
646169,137.75151072916668,1,1,snapshot_20150919T025947Z
646172,75.98672200231482,1,1,snapshot_20150919T025947Z
646373,52.25636729166666,1,1,snapshot_20150919T025947Z
646402,42.61443108796296,1,1,snapshot_20150919T025947Z
646421,106.14618457175925,1,3,snapshot_20150919T025947Z
646468,70.33653126157408,1,1,snapshot_20150919T025947Z
646494,31.278037141203704,1,1,snapshot_20150919T025947Z
646913,10.14846613425926,1,1,snapshot_20150919T025947Z
647011,82.25962894675925,1,1,snapshot_20150919T025947Z
647026,137.37444025462963,1,2,snapshot_20150919T025947Z
647087,18.339450370370372,1,1,snapshot_20150919T025947Z
647183,85.36058423611111,1,1,snapshot_20150919T025947Z
647289,85.28638638888889,1,1,snapshot_20150919T025947Z
647294,50.451755694444444,1,1,snapshot_20150919T025947Z
647304,95.92798228009259,1,1,snapshot_20150919T025947Z
647330,134.03108409722222,1,1,snapshot_20150919T025947Z
647350,112.40308153935185,1,1,snapshot_20150919T025947Z
647428,113.30835479166667,1,1,snapshot_20150919T025947Z
647863,119.29285408564816,1,1,snapshot_20150919T025947Z
647891,27.21900125,1,1,snapshot_20150919T025947Z
647934,23.446915266203703,1,1,snapshot_20150919T025947Z
647987,43.0573580787037,1,1,snapshot_20150919T025947Z
648048,64.93652609953705,1,2,snapshot_20150919T025947Z
648175,61.09626304398149,1,1,snapshot_20150919T025947Z
648463,136.36119194444444,1,1,snapshot_20150919T025947Z
648464,56.00798429398149,1,1,snapshot_20150919T025947Z
648603,78.23350202546297,1,1,snapshot_20150919T025947Z
649003,31.39686701388889,1,3,snapshot_20150919T025947Z
649196,122.25232451388888,1,1,snapshot_20150919T025947Z
649387,137.35762129629632,1,2,snapshot_20150919T025947Z
649448,62.219325428240744,1,1,snapshot_20150919T025947Z
649460,106.44872940972223,1,1,snapshot_20150919T025947Z
649499,116.24766884259259,1,1,snapshot_20150919T025947Z
649511,135.28826349537036,1,1,snapshot_20150919T025947Z
649946,115.05857459490741,1,1,snapshot_20150919T025947Z
650028,71.11666872685186,1,1,snapshot_20150919T025947Z
650076,72.4918743287037,1,1,snapshot_20150919T025947Z
650108,100.4644287962963,3,5,snapshot_20150919T025947Z
650526,10.019518148148148,1,1,snapshot_20150919T025947Z
650547,135.22766030092592,1,1,snapshot_20150919T025947Z
650670,37.41667541666667,1,1,snapshot_20150919T025947Z
650738,32.45388519675926,1,1,snapshot_20150919T025947Z
650747,123.04510780092592,1,1,snapshot_20150919T025947Z
650815,50.460104745370366,1,1,snapshot_20150919T025947Z
650824,17.374834166666666,1,1,snapshot_20150919T025947Z
651173,106.28598034722222,1,1,snapshot_20150919T025947Z
651283,123.18972351851852,1,1,snapshot_20150919T025947Z
651334,115.0004149074074,1,1,snapshot_20150919T025947Z
651390,9.214805960648148,1,1,snapshot_20150919T025947Z
651553,36.89733689814815,1,1,snapshot_20150919T025947Z
651630,126.19261618055556,1,1,snapshot_20150919T025947Z
651655,50.84672158564815,1,3,snapshot_20150919T025947Z
651768,18.068212951388887,1,1,snapshot_20150919T025947Z
651990,126.22109077546297,1,1,snapshot_20150919T025947Z
652361,50.378371875,1,1,snapshot_20150919T025947Z
652423,116.35504640046295,1,1,snapshot_20150919T025947Z
652566,108.63122900462963,1,1,snapshot_20150919T025947Z
652700,38.87048596064815,1,1,snapshot_20150919T025947Z
652941,73.16769901620371,1,1,snapshot_20150919T025947Z
652968,94.26262868055555,1,1,snapshot_20150919T025947Z
653012,97.95045604166667,1,1,snapshot_20150919T025947Z
653076,40.06927303240741,1,1,snapshot_20150919T025947Z
653210,133.24834863425926,1,1,snapshot_20150919T025947Z
653759,96.45905309027778,1,1,snapshot_20150919T025947Z
653891,86.04174725694445,1,1,snapshot_20150919T025947Z
653971,50.31338201388889,1,1,snapshot_20150919T025947Z
654002,27.574367824074073,1,1,snapshot_20150919T025947Z
654148,107.4145986574074,1,1,snapshot_20150919T025947Z
654292,101.94806788194444,1,1,snapshot_20150919T025947Z
654340,7.922717569444444,1,1,snapshot_20150919T025947Z
654496,38.47898436342592,2,2,snapshot_20150919T025947Z
654573,130.14698886574072,1,1,snapshot_20150919T025947Z
654608,15.863268159722221,1,1,snapshot_20150919T025947Z
654715,71.44858222222221,1,1,snapshot_20150919T025947Z
654718,20.282346828703705,1,1,snapshot_20150919T025947Z
654838,122.1249394212963,1,1,snapshot_20150919T025947Z
654878,7.4000903125,1,1,snapshot_20150919T025947Z
655092,121.0029405787037,3,3,snapshot_20150919T025947Z
655325,123.46650805555555,1,1,snapshot_20150919T025947Z
655336,53.262818842592594,1,1,snapshot_20150919T025947Z
655539,54.41140480324074,1,1,snapshot_20150919T025947Z
655713,2.7040826041666666,1,2,snapshot_20150919T025947Z
655854,98.36095282407406,1,1,snapshot_20150919T025947Z
655937,71.93221087962962,1,1,snapshot_20150919T025947Z
655964,119.50351954861111,1,1,snapshot_20150919T025947Z
655995,71.2656296412037,1,1,snapshot_20150919T025947Z
656029,67.09038267361112,1,1,snapshot_20150919T025947Z
656253,55.90627364583333,1,1,snapshot_20150919T025947Z
656350,45.91903012731482,1,1,snapshot_20150919T025947Z
656602,79.88505091435185,1,1,snapshot_20150919T025947Z
656771,19.257324386574073,1,1,snapshot_20150919T025947Z
656837,29.258792025462963,1,1,snapshot_20150919T025947Z
656967,134.30570304398148,1,6,snapshot_20150919T025947Z
657096,9.245968645833333,1,2,snapshot_20150919T025947Z
657293,66.32035709490741,1,2,snapshot_20150919T025947Z
657378,73.96175209490741,2,2,snapshot_20150919T025947Z
657394,110.24096585648147,1,1,snapshot_20150919T025947Z
657414,59.29485153935185,2,2,snapshot_20150919T025947Z
657508,16.411446655092593,1,1,snapshot_20150919T025947Z
657556,74.43470268518519,1,1,snapshot_20150919T025947Z
657617,57.17832886574074,1,1,snapshot_20150919T025947Z
657631,124.72896572916667,1,1,snapshot_20150919T025947Z
657633,52.432415300925925,1,1,snapshot_20150919T025947Z
658138,56.459607974537036,1,1,snapshot_20150919T025947Z
658171,119.24765538194445,1,1,snapshot_20150919T025947Z
658278,87.3892999074074,1,2,snapshot_20150919T025947Z
658299,71.04449275462963,1,1,snapshot_20150919T025947Z
658473,87.84562277777778,1,1,snapshot_20150919T025947Z
658609,8.353939907407408,1,1,snapshot_20150919T025947Z
658611,75.23702631944444,1,4,snapshot_20150919T025947Z
658626,13.54723681712963,1,1,snapshot_20150919T025947Z
659024,8.092786840277778,1,1,snapshot_20150919T025947Z
659293,93.50781746527777,1,1,snapshot_20150919T025947Z
659301,103.51331495370371,1,1,snapshot_20150919T025947Z
660033,34.42293516203704,1,1,snapshot_20150919T025947Z
660393,54.17020855324074,7,7,snapshot_20150919T025947Z
660620,92.91899596064815,1,2,snapshot_20150919T025947Z
660673,123.38634415509259,1,1,snapshot_20150919T025947Z
660677,114.30490016203703,1,1,snapshot_20150919T025947Z
660789,52.18849130787037,1,1,snapshot_20150919T025947Z
660893,79.18659141203703,1,1,snapshot_20150919T025947Z
660952,17.346089027777776,1,1,snapshot_20150919T025947Z
661096,14.29771398148148,1,1,snapshot_20150919T025947Z
661164,88.7963557986111,2,2,snapshot_20150919T025947Z
661290,28.37590243055556,1,1,snapshot_20150919T025947Z
661382,134.25683401620373,1,1,snapshot_20150919T025947Z
661580,73.3319334837963,1,2,snapshot_20150919T025947Z
661619,98.1368482523148,1,1,snapshot_20150919T025947Z
661719,33.07541278935185,1,2,snapshot_20150919T025947Z
661809,59.26150192129629,1,1,snapshot_20150919T025947Z
661931,19.7505691087963,2,2,snapshot_20150919T025947Z
662024,127.53384219907407,1,1,snapshot_20150919T025947Z
662041,14.31675451388889,1,1,snapshot_20150919T025947Z
662257,68.28429209490741,1,1,snapshot_20150919T025947Z
662462,125.3788769212963,1,1,snapshot_20150919T025947Z
662475,60.8832946412037,1,2,snapshot_20150919T025947Z
662500,93.06331604166667,1,1,snapshot_20150919T025947Z
662735,8.123913090277778,1,1,snapshot_20150919T025947Z
662900,123.92388716435185,1,1,snapshot_20150919T025947Z
663166,62.82143247685185,1,1,snapshot_20150919T025947Z
663210,52.08145989583333,1,1,snapshot_20150919T025947Z
663372,120.99936666666666,1,1,snapshot_20150919T025947Z
663411,67.29683421296296,1,1,snapshot_20150919T025947Z
663616,23.4519475,1,1,snapshot_20150919T025947Z
663861,127.9927789236111,1,1,snapshot_20150919T025947Z
663983,26.44290033564815,1,1,snapshot_20150919T025947Z
664127,82.93149631944443,1,1,snapshot_20150919T025947Z
664130,101.5440483912037,1,1,snapshot_20150919T025947Z
664310,115.32873590277778,1,1,snapshot_20150919T025947Z
664424,123.89956763888888,1,1,snapshot_20150919T025947Z
664551,9.438920555555557,1,4,snapshot_20150919T025947Z
664682,13.22669454861111,1,2,snapshot_20150919T025947Z
664689,87.37315835648148,1,1,snapshot_20150919T025947Z
664721,46.30864614583333,1,6,snapshot_20150919T025947Z
664735,117.35512829861112,1,1,snapshot_20150919T025947Z
664763,93.90487275462964,1,6,snapshot_20150919T025947Z
664829,58.1718613425926,1,1,snapshot_20150919T025947Z
664846,98.09353549768518,1,1,snapshot_20150919T025947Z
665150,134.34238122685184,1,1,snapshot_20150919T025947Z
665308,84.92149664351851,2,3,snapshot_20150919T025947Z
665788,110.19252670138889,1,1,snapshot_20150919T025947Z
666046,105.23834979166666,1,1,snapshot_20150919T025947Z
666056,32.403520416666666,1,1,snapshot_20150919T025947Z
666162,89.22351797453703,1,1,snapshot_20150919T025947Z
666163,45.079003981481485,1,1,snapshot_20150919T025947Z
666168,124.33027135416667,1,1,snapshot_20150919T025947Z
666335,9.33235954861111,1,1,snapshot_20150919T025947Z
666443,76.43870445601853,1,1,snapshot_20150919T025947Z
666500,29.391364988425927,1,1,snapshot_20150919T025947Z
666517,64.54446980324073,1,1,snapshot_20150919T025947Z
666594,45.43097755787037,1,1,snapshot_20150919T025947Z
666897,16.129425069444444,1,1,snapshot_20150919T025947Z
666908,107.16018527777777,1,1,snapshot_20150919T025947Z
666960,109.34200805555555,1,1,snapshot_20150919T025947Z
667085,91.35948855324074,1,1,snapshot_20150919T025947Z
667148,45.77555909722222,1,1,snapshot_20150919T025947Z
667217,102.5653933101852,1,1,snapshot_20150919T025947Z
667420,101.49896292824074,1,1,snapshot_20150919T025947Z
667559,54.055358668981484,1,1,snapshot_20150919T025947Z
667565,136.4450349421296,1,1,snapshot_20150919T025947Z
667569,96.0036357175926,2,2,snapshot_20150919T025947Z
667707,81.97899288194445,1,1,snapshot_20150919T025947Z
667873,58.20955722222222,1,1,snapshot_20150919T025947Z
668226,66.95002690972223,1,2,snapshot_20150919T025947Z
668227,115.4762471875,2,2,snapshot_20150919T025947Z
668251,124.42125038194445,1,1,snapshot_20150919T025947Z
668288,124.74559768518519,1,2,snapshot_20150919T025947Z
668489,129.1947566087963,1,1,snapshot_20150919T025947Z
668637,115.24323261574075,1,1,snapshot_20150919T025947Z
668775,106.25295750000001,1,1,snapshot_20150919T025947Z
668937,22.966533506944447,1,1,snapshot_20150919T025947Z
669299,30.748913368055558,1,1,snapshot_20150919T025947Z
669387,113.02349170138889,1,1,snapshot_20150919T025947Z
669744,27.295345162037037,1,1,snapshot_20150919T025947Z
669949,58.96059909722222,1,3,snapshot_20150919T025947Z
669974,10.303211064814814,1,1,snapshot_20150919T025947Z
669989,9.430305729166667,1,1,snapshot_20150919T025947Z
669994,118.97658792824075,1,1,snapshot_20150919T025947Z
670011,58.399264270833335,1,1,snapshot_20150919T025947Z
670220,40.962875474537036,2,2,snapshot_20150919T025947Z
670282,32.304013078703704,1,2,snapshot_20150919T025947Z
670307,9.04289747685185,1,1,snapshot_20150919T025947Z
670551,79.278633125,1,1,snapshot_20150919T025947Z
670832,122.4417692939815,1,1,snapshot_20150919T025947Z
671272,16.255528900462963,1,1,snapshot_20150919T025947Z
671304,78.54865902777777,1,1,snapshot_20150919T025947Z
671481,11.268513645833334,1,1,snapshot_20150919T025947Z
671597,27.72923107638889,1,1,snapshot_20150919T025947Z
671723,11.38404375,1,1,snapshot_20150919T025947Z
671765,60.00136211805555,1,1,snapshot_20150919T025947Z
671906,80.14187414351852,1,1,snapshot_20150919T025947Z
671926,98.34389155092593,1,1,snapshot_20150919T025947Z
671934,122.48293962962963,1,1,snapshot_20150919T025947Z
672066,2.6160523495370374,1,1,snapshot_20150919T025947Z
672120,30.433115127314814,1,2,snapshot_20150919T025947Z
672217,45.34120319444444,1,1,snapshot_20150919T025947Z
672218,57.15719377314815,1,4,snapshot_20150919T025947Z
672339,83.48111601851852,1,1,snapshot_20150919T025947Z
672404,17.300767627314816,1,1,snapshot_20150919T025947Z
672630,134.32597582175927,1,1,snapshot_20150919T025947Z
672725,74.07875074074074,1,1,snapshot_20150919T025947Z
672767,107.97136981481482,1,1,snapshot_20150919T025947Z
672785,67.50030592592593,1,3,snapshot_20150919T025947Z
672855,60.381862268518525,1,2,snapshot_20150919T025947Z
672896,84.11258662037038,1,1,snapshot_20150919T025947Z
673007,84.97499221064814,1,1,snapshot_20150919T025947Z
673028,87.91213532407407,1,1,snapshot_20150919T025947Z
673138,60.503413460648154,2,4,snapshot_20150919T025947Z
673291,50.968206412037034,1,1,snapshot_20150919T025947Z
673331,11.4196778125,1,1,snapshot_20150919T025947Z
673557,52.07305386574075,1,1,snapshot_20150919T025947Z
673572,108.32412196759259,7,7,snapshot_20150919T025947Z
673618,50.938587094907405,1,1,snapshot_20150919T025947Z
673776,138.2743681134259,1,1,snapshot_20150919T025947Z
673841,92.27935834490741,1,1,snapshot_20150919T025947Z
673913,52.14121226851852,1,1,snapshot_20150919T025947Z
673919,103.2097181712963,1,1,snapshot_20150919T025947Z
673950,43.18217325231481,1,1,snapshot_20150919T025947Z
674067,119.2247604050926,1,2,snapshot_20150919T025947Z
674207,87.50624598379629,1,1,snapshot_20150919T025947Z
674233,115.39218761574074,1,1,snapshot_20150919T025947Z
674240,30.88871431712963,1,1,snapshot_20150919T025947Z
674283,66.1143800925926,1,1,snapshot_20150919T025947Z
674356,52.30282902777778,1,1,snapshot_20150919T025947Z
674830,72.63188935185185,1,1,snapshot_20150919T025947Z
674837,48.77161675925926,1,1,snapshot_20150919T025947Z
675006,36.24837324074074,1,1,snapshot_20150919T025947Z
675039,72.07422158564815,1,1,snapshot_20150919T025947Z
675069,124.34060599537035,1,1,snapshot_20150919T025947Z
675209,59.993314768518516,1,1,snapshot_20150919T025947Z
675230,73.47370271990741,1,1,snapshot_20150919T025947Z
675313,47.28063965277778,1,1,snapshot_20150919T025947Z
675368,82.22220599537037,1,1,snapshot_20150919T025947Z
675619,66.08291097222222,1,1,snapshot_20150919T025947Z
675646,68.39190655092592,1,2,snapshot_20150919T025947Z
675725,124.02447302083334,1,1,snapshot_20150919T025947Z
675843,7.3519257523148145,1,3,snapshot_20150919T025947Z
676349,29.403374930555557,1,1,snapshot_20150919T025947Z
676455,46.44658944444445,2,2,snapshot_20150919T025947Z
676464,87.30457467592593,1,1,snapshot_20150919T025947Z
676700,99.49687517361112,1,4,snapshot_20150919T025947Z
676713,89.50340991898148,1,1,snapshot_20150919T025947Z
676722,63.19340958333334,1,2,snapshot_20150919T025947Z
676735,98.9830323263889,1,1,snapshot_20150919T025947Z
676919,4.258716782407407,2,4,snapshot_20150919T025947Z
676990,12.004251099537038,1,4,snapshot_20150919T025947Z
676997,127.24624525462963,1,3,snapshot_20150919T025947Z
677046,87.97158380787037,1,1,snapshot_20150919T025947Z
677255,128.31366511574072,2,4,snapshot_20150919T025947Z
677274,64.98656653935186,1,1,snapshot_20150919T025947Z
677299,74.48400701388888,3,3,snapshot_20150919T025947Z
677318,88.11483659722222,2,2,snapshot_20150919T025947Z
677329,64.22375078703703,1,1,snapshot_20150919T025947Z
677571,18.322721018518518,1,1,snapshot_20150919T025947Z
677623,24.52011622685185,1,1,snapshot_20150919T025947Z
677721,109.9030788888889,1,1,snapshot_20150919T025947Z
677741,106.90050952546297,1,1,snapshot_20150919T025947Z
677771,65.18993956018518,1,1,snapshot_20150919T025947Z
678230,120.88007605324074,1,1,snapshot_20150919T025947Z
678935,45.27760668981481,1,1,snapshot_20150919T025947Z
678937,73.43570358796296,1,3,snapshot_20150919T025947Z
678948,133.22912386574072,1,1,snapshot_20150919T025947Z
679084,46.09257517361111,1,1,snapshot_20150919T025947Z
679201,113.96003569444446,1,3,snapshot_20150919T025947Z
679422,136.33103734953704,1,1,snapshot_20150919T025947Z
679473,71.12198099537036,1,1,snapshot_20150919T025947Z
679711,124.18129466435184,1,1,snapshot_20150919T025947Z
679892,87.51895219907406,1,1,snapshot_20150919T025947Z
680026,37.30973320601852,1,1,snapshot_20150919T025947Z
680221,26.304615532407407,1,1,snapshot_20150919T025947Z
680400,58.59630256944445,1,1,snapshot_20150919T025947Z
680488,52.442193993055554,1,1,snapshot_20150919T025947Z
680552,135.42449843749998,2,2,snapshot_20150919T025947Z
680669,78.63960604166667,1,1,snapshot_20150919T025947Z
680820,29.255221307870368,1,1,snapshot_20150919T025947Z
680858,59.39028381944444,1,2,snapshot_20150919T025947Z
680865,66.06278681712963,1,1,snapshot_20150919T025947Z
681101,77.04754239583333,1,1,snapshot_20150919T025947Z
681196,137.37736656250001,2,2,snapshot_20150919T025947Z
681231,43.89784310185185,1,1,snapshot_20150919T025947Z
681283,63.34086854166667,1,1,snapshot_20150919T025947Z
681486,51.43416615740741,1,1,snapshot_20150919T025947Z
681489,116.36033914351852,1,1,snapshot_20150919T025947Z
681609,51.94975491898148,1,1,snapshot_20150919T025947Z
681733,51.29380814814815,1,1,snapshot_20150919T025947Z
682031,93.28020690972222,2,7,snapshot_20150919T025947Z
682067,78.2998269212963,1,2,snapshot_20150919T025947Z
682448,117.13517922453703,1,1,snapshot_20150919T025947Z
682501,128.87968158564814,1,1,snapshot_20150919T025947Z
682534,51.385892152777785,1,1,snapshot_20150919T025947Z
682715,56.42492550925926,1,1,snapshot_20150919T025947Z
683069,19.293481886574074,1,1,snapshot_20150919T025947Z
683086,42.8160240625,1,1,snapshot_20150919T025947Z
683140,76.38912642361112,1,1,snapshot_20150919T025947Z
683211,96.46536601851852,1,1,snapshot_20150919T025947Z
683255,10.568674085648148,1,1,snapshot_20150919T025947Z
683346,92.34435909722222,1,1,snapshot_20150919T025947Z
683548,87.84650555555555,1,1,snapshot_20150919T025947Z
683597,3.955074050925926,1,1,snapshot_20150919T025947Z
683598,111.23515806712963,1,1,snapshot_20150919T025947Z
683628,94.1166262037037,1,1,snapshot_20150919T025947Z
683706,24.357092071759258,1,1,snapshot_20150919T025947Z
683796,80.17423809027778,1,2,snapshot_20150919T025947Z
683901,8.615741655092593,1,5,snapshot_20150919T025947Z
683914,11.39021619212963,1,1,snapshot_20150919T025947Z
684000,79.46089768518517,1,1,snapshot_20150919T025947Z
684072,98.12779416666666,1,1,snapshot_20150919T025947Z
684128,73.0196723611111,1,1,snapshot_20150919T025947Z
684153,28.309685798611113,1,1,snapshot_20150919T025947Z
684190,30.325480208333335,1,1,snapshot_20150919T025947Z
684213,59.19233662037037,1,2,snapshot_20150919T025947Z
684514,74.29090122685186,162,189,snapshot_20150919T025947Z
684531,21.803921550925924,1,2,snapshot_20150919T025947Z
684679,116.16384079861112,1,1,snapshot_20150919T025947Z
684791,72.05603002314815,1,1,snapshot_20150919T025947Z
684873,81.23900984953704,1,2,snapshot_20150919T025947Z
684976,128.10091993055556,1,1,snapshot_20150919T025947Z
685025,70.4005224537037,1,1,snapshot_20150919T025947Z
685118,14.897542384259259,1,3,snapshot_20150919T025947Z
685143,102.33735899305556,1,1,snapshot_20150919T025947Z
685444,101.32844443287037,1,1,snapshot_20150919T025947Z
685502,18.931249803240743,1,1,snapshot_20150919T025947Z
685520,71.91461090277778,1,1,snapshot_20150919T025947Z
685630,122.30457608796296,1,1,snapshot_20150919T025947Z
685665,44.76767947916667,1,1,snapshot_20150919T025947Z
686012,33.42672810185186,19,22,snapshot_20150919T025947Z
686039,86.29546472222222,1,3,snapshot_20150919T025947Z
686211,49.772271249999996,1,1,snapshot_20150919T025947Z
686253,135.30867651620372,1,1,snapshot_20150919T025947Z
686262,44.45244034722222,1,1,snapshot_20150919T025947Z
686854,17.19781164351852,7,18,snapshot_20150919T025947Z
686896,137.05180733796294,1,1,snapshot_20150919T025947Z
686940,4.350390601851852,2,2,snapshot_20150919T025947Z
687602,58.99775957175926,1,4,snapshot_20150919T025947Z
687775,101.08220283564813,1,2,snapshot_20150919T025947Z
687940,88.24247842592592,1,1,snapshot_20150919T025947Z
688234,113.83656829861111,1,1,snapshot_20150919T025947Z
688237,102.29861516203704,1,1,snapshot_20150919T025947Z
688314,117.46534351851851,2,2,snapshot_20150919T025947Z
688563,73.39350621527778,1,1,snapshot_20150919T025947Z
688645,45.28987709490741,1,1,snapshot_20150919T025947Z
688825,45.4411740625,1,1,snapshot_20150919T025947Z
688840,30.03739170138889,1,1,snapshot_20150919T025947Z
688912,64.35647839120371,1,2,snapshot_20150919T025947Z
689091,79.89190873842593,1,1,snapshot_20150919T025947Z
689115,80.19703199074074,1,3,snapshot_20150919T025947Z
689209,85.57865638888889,1,1,snapshot_20150919T025947Z
689266,43.929847592592594,1,1,snapshot_20150919T025947Z
689290,70.90273217592592,1,1,snapshot_20150919T025947Z
689522,22.430693020833335,1,1,snapshot_20150919T025947Z
689605,21.95522148148148,1,1,snapshot_20150919T025947Z
689611,95.60058841435185,1,1,snapshot_20150919T025947Z
689640,31.36760141203704,1,1,snapshot_20150919T025947Z
690114,113.2872042476852,1,1,snapshot_20150919T025947Z
690130,114.18562684027778,1,1,snapshot_20150919T025947Z
690336,52.965919953703704,1,1,snapshot_20150919T025947Z
690443,18.131561863425926,1,1,snapshot_20150919T025947Z
690787,7.3348761574074075,1,1,snapshot_20150919T025947Z
690929,95.47782256944444,2,2,snapshot_20150919T025947Z
691013,79.9808061574074,2,2,snapshot_20150919T025947Z
691215,47.910511550925925,2,2,snapshot_20150919T025947Z
691268,80.07238778935185,1,1,snapshot_20150919T025947Z
691766,108.48048208333334,1,2,snapshot_20150919T025947Z
691958,132.0764284375,1,1,snapshot_20150919T025947Z
692199,19.20151871527778,1,1,snapshot_20150919T025947Z
692368,33.08930584490741,3,3,snapshot_20150919T025947Z
692447,71.88399690972221,1,1,snapshot_20150919T025947Z
692653,37.37309856481482,1,2,snapshot_20150919T025947Z
692676,115.85584333333334,1,1,snapshot_20150919T025947Z
692959,60.8671515625,1,1,snapshot_20150919T025947Z
693104,107.08065858796297,1,1,snapshot_20150919T025947Z
693398,36.149865347222224,1,1,snapshot_20150919T025947Z
693400,135.3135761111111,1,1,snapshot_20150919T025947Z
693528,66.94091412037038,1,6,snapshot_20150919T025947Z
693591,53.183613738425926,1,1,snapshot_20150919T025947Z
693648,92.12858304398148,1,2,snapshot_20150919T025947Z
693672,85.99215417824074,1,1,snapshot_20150919T025947Z
693688,78.43005322916667,1,1,snapshot_20150919T025947Z
693709,16.357235694444444,8,8,snapshot_20150919T025947Z
693975,44.275720810185184,1,1,snapshot_20150919T025947Z
694497,113.35756216435185,1,1,snapshot_20150919T025947Z
694977,100.26637181712964,1,1,snapshot_20150919T025947Z
695025,92.23486155092593,1,3,snapshot_20150919T025947Z
695074,82.0369499537037,1,1,snapshot_20150919T025947Z
695198,63.35774365740741,1,1,snapshot_20150919T025947Z
695604,95.50272166666666,1,1,snapshot_20150919T025947Z
695620,8.792180613425927,1,1,snapshot_20150919T025947Z
695657,135.04371049768517,1,1,snapshot_20150919T025947Z
695747,86.6060833449074,1,1,snapshot_20150919T025947Z
696046,69.28857094907407,1,1,snapshot_20150919T025947Z
696363,99.32972350694443,2,2,snapshot_20150919T025947Z
696393,137.43447296296296,1,1,snapshot_20150919T025947Z
696424,135.27086398148148,1,1,snapshot_20150919T025947Z
696774,137.83611203703703,1,1,snapshot_20150919T025947Z
697009,93.13289457175927,1,1,snapshot_20150919T025947Z
697361,33.04592319444444,1,1,snapshot_20150919T025947Z
697366,71.33577371527778,1,1,snapshot_20150919T025947Z
697408,93.25695949074074,1,2,snapshot_20150919T025947Z
697413,86.0424825,1,2,snapshot_20150919T025947Z
697426,116.9796841898148,1,1,snapshot_20150919T025947Z
697585,100.34093189814816,1,2,snapshot_20150919T025947Z
697629,135.11708877314817,1,1,snapshot_20150919T025947Z
697687,8.13249491898148,1,1,snapshot_20150919T025947Z
697734,26.34681790509259,1,1,snapshot_20150919T025947Z
697828,37.244424108796295,1,1,snapshot_20150919T025947Z
697830,58.267730925925925,1,1,snapshot_20150919T025947Z
698124,31.202416550925925,1,1,snapshot_20150919T025947Z
698162,19.29872974537037,1,1,snapshot_20150919T025947Z
698640,52.957507800925924,1,1,snapshot_20150919T025947Z
698812,79.23806969907407,1,4,snapshot_20150919T025947Z
698816,18.30263417824074,1,2,snapshot_20150919T025947Z
698846,64.35711844907408,1,1,snapshot_20150919T025947Z
698958,43.27162447916667,1,1,snapshot_20150919T025947Z
698973,133.04398425925928,1,1,snapshot_20150919T025947Z
699183,70.24910555555556,1,2,snapshot_20150919T025947Z
699341,115.40529842592592,1,1,snapshot_20150919T025947Z
699342,43.100582152777775,1,1,snapshot_20150919T025947Z
699505,52.424665,1,1,snapshot_20150919T025947Z
699764,13.043672430555555,1,1,snapshot_20150919T025947Z
699789,127.13978262731482,1,1,snapshot_20150919T025947Z
700066,43.07450598379629,1,1,snapshot_20150919T025947Z
700110,82.18409212962962,1,1,snapshot_20150919T025947Z
700128,135.94165010416665,1,1,snapshot_20150919T025947Z
700240,36.24962086805555,1,1,snapshot_20150919T025947Z
700303,85.30913283564814,1,2,snapshot_20150919T025947Z
700327,38.29773699074074,1,1,snapshot_20150919T025947Z
700595,1.4254040856481482,1,1,snapshot_20150919T025947Z
700623,76.41288596064815,1,1,snapshot_20150919T025947Z
700680,119.68098415509259,1,1,snapshot_20150919T025947Z
700839,36.244708888888894,1,1,snapshot_20150919T025947Z
700847,87.40597487268519,1,1,snapshot_20150919T025947Z
700881,15.336326180555554,1,1,snapshot_20150919T025947Z
700903,106.28899981481483,1,1,snapshot_20150919T025947Z
701119,89.23729015046297,1,1,snapshot_20150919T025947Z
701145,41.94834878472222,1,1,snapshot_20150919T025947Z
701326,36.45230023148149,1,1,snapshot_20150919T025947Z
701621,126.03485202546297,2,2,snapshot_20150919T025947Z
701722,100.3528556712963,2,2,snapshot_20150919T025947Z
701750,36.01895429398148,1,1,snapshot_20150919T025947Z
701781,134.35547503472222,1,1,snapshot_20150919T025947Z
702000,70.46854143518519,1,2,snapshot_20150919T025947Z
702055,63.002760682870374,1,1,snapshot_20150919T025947Z
702070,57.236160300925924,1,1,snapshot_20150919T025947Z
702147,77.39530943287038,1,1,snapshot_20150919T025947Z
702314,122.24130229166666,1,1,snapshot_20150919T025947Z
702504,65.90238581018518,1,1,snapshot_20150919T025947Z
702866,43.42951181712963,2,2,snapshot_20150919T025947Z
703023,96.09245321759259,1,1,snapshot_20150919T025947Z
703221,53.91387402777778,1,1,snapshot_20150919T025947Z
703222,72.51089539351851,2,2,snapshot_20150919T025947Z
703309,68.21264550925926,1,3,snapshot_20150919T025947Z
703462,133.23420702546295,1,1,snapshot_20150919T025947Z
703502,35.06399987268519,1,1,snapshot_20150919T025947Z
703540,14.248658472222221,1,2,snapshot_20150919T025947Z
703691,57.320311851851855,1,1,snapshot_20150919T025947Z
703762,81.58142177083333,2,2,snapshot_20150919T025947Z
704586,57.037571828703705,1,2,snapshot_20150919T025947Z
704666,123.95452089120371,1,1,snapshot_20150919T025947Z
704800,74.29616706018518,1,1,snapshot_20150919T025947Z
704927,120.58531758101851,1,1,snapshot_20150919T025947Z
705174,137.47089423611112,1,1,snapshot_20150919T025947Z
705177,108.43328993055556,1,1,snapshot_20150919T025947Z
705439,56.06847414351852,3,3,snapshot_20150919T025947Z
705492,109.91725253472224,2,2,snapshot_20150919T025947Z
705542,41.306456168981484,79,100,snapshot_20150919T025947Z
705611,39.943247453703705,1,1,snapshot_20150919T025947Z
705834,66.93012871527777,1,2,snapshot_20150919T025947Z
706050,45.36204861111111,1,1,snapshot_20150919T025947Z
706387,85.12862917824074,3,3,snapshot_20150919T025947Z
706640,112.92937166666665,2,2,snapshot_20150919T025947Z
707002,64.2105167013889,1,1,snapshot_20150919T025947Z
707112,78.18219880787036,1,1,snapshot_20150919T025947Z
707368,36.01056825231482,1,1,snapshot_20150919T025947Z
707728,128.38439087962962,1,1,snapshot_20150919T025947Z
707844,81.32807597222222,1,1,snapshot_20150919T025947Z
708329,49.4831594212963,1,1,snapshot_20150919T025947Z
708533,37.229007002314816,1,1,snapshot_20150919T025947Z
708596,77.15856293981481,1,1,snapshot_20150919T025947Z
708918,109.08335822916668,1,1,snapshot_20150919T025947Z
709126,107.02584753472222,1,1,snapshot_20150919T025947Z
709263,42.356330254629626,1,1,snapshot_20150919T025947Z
709484,53.94036336805555,1,2,snapshot_20150919T025947Z
709578,122.46512671296297,1,1,snapshot_20150919T025947Z
709797,31.419069780092595,1,1,snapshot_20150919T025947Z
709834,85.24685210648148,1,2,snapshot_20150919T025947Z
709888,66.35307221064815,1,1,snapshot_20150919T025947Z
709940,46.47475171296296,1,1,snapshot_20150919T025947Z
710143,52.24930384259259,1,1,snapshot_20150919T025947Z
710152,10.294430277777778,1,1,snapshot_20150919T025947Z
710159,15.350967858796295,1,1,snapshot_20150919T025947Z
710299,34.049368611111106,1,1,snapshot_20150919T025947Z
710338,134.25443837962962,10,10,snapshot_20150919T025947Z
710623,125.40622474537037,1,1,snapshot_20150919T025947Z
710895,44.380948368055556,1,1,snapshot_20150919T025947Z
711110,4.8366125,1,2,snapshot_20150919T025947Z
711118,38.89252972222222,1,1,snapshot_20150919T025947Z
711167,20.26037587962963,1,1,snapshot_20150919T025947Z
711222,3.0142131712962965,1,1,snapshot_20150919T025947Z
711318,96.31699851851852,1,1,snapshot_20150919T025947Z
711410,115.9393872337963,1,3,snapshot_20150919T025947Z
711733,45.18442671296296,1,1,snapshot_20150919T025947Z
711810,64.93450363425926,1,1,snapshot_20150919T025947Z
711901,77.98592905092592,1,1,snapshot_20150919T025947Z
711913,29.423464907407404,1,1,snapshot_20150919T025947Z
712121,125.01605436342592,1,1,snapshot_20150919T025947Z
712241,50.30910858796296,1,1,snapshot_20150919T025947Z
712440,45.28046008101852,1,1,snapshot_20150919T025947Z
712443,110.01538072916667,1,1,snapshot_20150919T025947Z
712608,89.83365273148148,1,1,snapshot_20150919T025947Z
712632,25.169817175925925,1,1,snapshot_20150919T025947Z
712705,66.13383623842593,1,1,snapshot_20150919T025947Z
712773,94.2553346412037,1,1,snapshot_20150919T025947Z
712844,108.37051174768519,1,1,snapshot_20150919T025947Z
712880,21.85863332175926,1,1,snapshot_20150919T025947Z
713127,94.37556921296296,1,1,snapshot_20150919T025947Z
713186,129.61778395833332,1,1,snapshot_20150919T025947Z
713283,16.29871849537037,2,2,snapshot_20150919T025947Z
713408,53.518306851851854,1,1,snapshot_20150919T025947Z
713553,58.22782592592593,1,1,snapshot_20150919T025947Z
713670,126.03364868055554,2,2,snapshot_20150919T025947Z
713698,6.265942372685185,1,1,snapshot_20150919T025947Z
713728,31.089283425925927,1,1,snapshot_20150919T025947Z
713838,102.27691747685185,1,1,snapshot_20150919T025947Z
713967,82.20175303240741,1,1,snapshot_20150919T025947Z
714734,70.40363200231481,2,2,snapshot_20150919T025947Z
714740,133.86038965277777,1,1,snapshot_20150919T025947Z
715210,82.97727672453703,1,1,snapshot_20150919T025947Z
715260,122.25346688657409,1,1,snapshot_20150919T025947Z
715680,121.96423064814816,1,1,snapshot_20150919T025947Z
715804,93.88715131944444,1,2,snapshot_20150919T025947Z
715832,87.29856900462963,1,2,snapshot_20150919T025947Z
715841,15.08484096064815,1,1,snapshot_20150919T025947Z
716315,60.85177256944445,2,3,snapshot_20150919T025947Z
716609,21.401152766203705,1,1,snapshot_20150919T025947Z
716683,18.75927966435185,1,1,snapshot_20150919T025947Z
716938,137.30846216435185,1,1,snapshot_20150919T025947Z
716947,68.07852944444444,1,1,snapshot_20150919T025947Z
717072,8.228460034722223,1,1,snapshot_20150919T025947Z
717226,95.14178026620371,1,1,snapshot_20150919T025947Z
717294,95.20606789351852,1,1,snapshot_20150919T025947Z
717336,34.77397400462963,1,1,snapshot_20150919T025947Z
717370,119.20012607638888,1,1,snapshot_20150919T025947Z
717396,50.62111295138889,1,1,snapshot_20150919T025947Z
717701,94.31106408564814,1,1,snapshot_20150919T025947Z
717705,124.4603351388889,1,1,snapshot_20150919T025947Z
717708,113.59327868055557,1,1,snapshot_20150919T025947Z
717862,54.42527365740741,1,2,snapshot_20150919T025947Z
717866,126.83765974537036,1,1,snapshot_20150919T025947Z
718044,100.96218446759259,1,1,snapshot_20150919T025947Z
718052,76.97116934027778,1,1,snapshot_20150919T025947Z
718266,64.3863337037037,1,2,snapshot_20150919T025947Z
718279,9.34092625,1,1,snapshot_20150919T025947Z
718314,109.98781476851852,1,1,snapshot_20150919T025947Z
718461,86.24804829861111,1,1,snapshot_20150919T025947Z
718708,24.976650659722225,2,5,snapshot_20150919T025947Z
718723,12.876376180555555,2,2,snapshot_20150919T025947Z
718748,111.58022300925926,1,1,snapshot_20150919T025947Z
718851,121.17388309027777,1,1,snapshot_20150919T025947Z
718852,129.08041063657407,1,1,snapshot_20150919T025947Z
719055,60.19537059027778,1,1,snapshot_20150919T025947Z
719153,73.91467233796297,1,3,snapshot_20150919T025947Z
719301,116.51812024305555,1,1,snapshot_20150919T025947Z
719538,92.38188285879629,1,1,snapshot_20150919T025947Z
719605,72.21128541666666,1,1,snapshot_20150919T025947Z
719670,138.10523603009258,1,1,snapshot_20150919T025947Z
719915,110.11841792824075,1,1,snapshot_20150919T025947Z
719946,14.851848935185185,1,1,snapshot_20150919T025947Z
719967,70.42700324074075,1,1,snapshot_20150919T025947Z
720020,60.253667210648146,1,1,snapshot_20150919T025947Z
720275,138.15476471064815,1,1,snapshot_20150919T025947Z
720561,45.03996462962963,1,1,snapshot_20150919T025947Z
720666,60.09443878472222,1,1,snapshot_20150919T025947Z
720903,71.37128293981482,1,1,snapshot_20150919T025947Z
721106,96.0307266550926,1,1,snapshot_20150919T025947Z
721142,29.406652395833333,1,1,snapshot_20150919T025947Z
721641,87.38862586805556,1,1,snapshot_20150919T025947Z
721660,53.2897872800926,1,1,snapshot_20150919T025947Z
721749,87.29374754629629,1,1,snapshot_20150919T025947Z
721753,133.5661738888889,1,1,snapshot_20150919T025947Z
721849,3.6971377546296296,1,1,snapshot_20150919T025947Z
721899,7.121547546296296,1,1,snapshot_20150919T025947Z
722267,93.44271498842593,1,1,snapshot_20150919T025947Z
722307,128.4715402199074,1,1,snapshot_20150919T025947Z
722312,64.1819107175926,1,1,snapshot_20150919T025947Z
722375,130.0449240625,1,1,snapshot_20150919T025947Z
722406,45.21705405092593,1,1,snapshot_20150919T025947Z
722470,115.04511679398148,1,1,snapshot_20150919T025947Z
722512,130.0279832523148,1,1,snapshot_20150919T025947Z
722641,130.15534693287037,1,1,snapshot_20150919T025947Z
722657,49.04526043981482,1,2,snapshot_20150919T025947Z
722862,80.37045792824074,1,1,snapshot_20150919T025947Z
722875,22.20826266203704,1,1,snapshot_20150919T025947Z
722953,18.98962375,1,1,snapshot_20150919T025947Z
722990,63.5211387037037,3,5,snapshot_20150919T025947Z
723092,94.18526922453704,4,11,snapshot_20150919T025947Z
723312,30.89111809027778,1,1,snapshot_20150919T025947Z
723403,67.15758121527777,1,1,snapshot_20150919T025947Z
723619,125.23761484953704,1,3,snapshot_20150919T025947Z
723670,67.89790462962964,2,2,snapshot_20150919T025947Z
723877,84.43695354166667,2,2,snapshot_20150919T025947Z
724060,101.92257645833334,1,1,snapshot_20150919T025947Z
724334,35.22450543981481,1,1,snapshot_20150919T025947Z
724403,7.14807005787037,1,1,snapshot_20150919T025947Z
724423,91.92150177083333,1,1,snapshot_20150919T025947Z
724521,57.35661563657408,1,1,snapshot_20150919T025947Z
724587,124.11522091435184,1,1,snapshot_20150919T025947Z
724618,7.333780694444444,3,3,snapshot_20150919T025947Z
724900,73.1853144212963,1,1,snapshot_20150919T025947Z
724914,35.47225208333334,1,1,snapshot_20150919T025947Z
725007,43.99471032407408,1,1,snapshot_20150919T025947Z
725439,22.16290070601852,1,1,snapshot_20150919T025947Z
725562,3.071266666666667,1,1,snapshot_20150919T025947Z
725579,121.49057508101853,2,2,snapshot_20150919T025947Z
725780,10.919179756944445,1,1,snapshot_20150919T025947Z
726006,36.446724270833336,1,1,snapshot_20150919T025947Z
726092,53.27657416666667,1,2,snapshot_20150919T025947Z
726129,79.1232157175926,1,1,snapshot_20150919T025947Z
726288,33.0713125,1,1,snapshot_20150919T025947Z
726478,15.996534328703705,1,2,snapshot_20150919T025947Z
726734,37.03490646990741,1,1,snapshot_20150919T025947Z
727209,12.112326770833334,1,1,snapshot_20150919T025947Z
727357,8.613289039351852,1,2,snapshot_20150919T025947Z
727370,122.91337438657408,1,1,snapshot_20150919T025947Z
727466,98.16515956018519,1,2,snapshot_20150919T025947Z
727576,14.29771787037037,2,4,snapshot_20150919T025947Z
727717,116.32167818287036,1,3,snapshot_20150919T025947Z
727739,116.22062025462962,1,1,snapshot_20150919T025947Z
727821,118.01381032407407,1,1,snapshot_20150919T025947Z
727930,8.215935416666666,1,1,snapshot_20150919T025947Z
728093,72.36052343749999,1,1,snapshot_20150919T025947Z
728219,66.06720582175926,1,1,snapshot_20150919T025947Z
728253,60.349066423611106,1,1,snapshot_20150919T025947Z
728266,34.09539427083333,1,1,snapshot_20150919T025947Z
728281,59.35383775462964,1,1,snapshot_20150919T025947Z
728314,30.00448554398148,1,1,snapshot_20150919T025947Z
728347,10.191108414351852,1,1,snapshot_20150919T025947Z
728421,122.43697262731482,1,1,snapshot_20150919T025947Z
728593,3.2800508796296297,1,1,snapshot_20150919T025947Z
728673,73.97881207175926,1,1,snapshot_20150919T025947Z
728701,20.208921493055556,1,1,snapshot_20150919T025947Z
728718,5.365811388888889,1,5,snapshot_20150919T025947Z
728779,135.04489572916668,1,1,snapshot_20150919T025947Z
728944,86.91995350694444,1,1,snapshot_20150919T025947Z
729148,122.45636295138888,1,2,snapshot_20150919T025947Z
729150,2.231524247685185,2,13,snapshot_20150919T025947Z
729152,105.93473474537038,1,1,snapshot_20150919T025947Z
729155,106.9223042013889,1,1,snapshot_20150919T025947Z
729498,94.18770162037038,1,2,snapshot_20150919T025947Z
729517,84.37956105324075,2,2,snapshot_20150919T025947Z
729572,102.18121280092593,1,1,snapshot_20150919T025947Z
729641,10.773142407407407,1,1,snapshot_20150919T025947Z
729708,113.86193945601852,1,1,snapshot_20150919T025947Z
729726,71.23411383101852,2,2,snapshot_20150919T025947Z
729806,138.47949193287036,1,1,snapshot_20150919T025947Z
729960,46.02317292824074,1,4,snapshot_20150919T025947Z
730188,93.39191652777778,2,2,snapshot_20150919T025947Z
730192,59.052059409722226,4,4,snapshot_20150919T025947Z
730510,70.35390549768518,1,1,snapshot_20150919T025947Z
730678,70.35443942129629,1,1,snapshot_20150919T025947Z
731015,49.40831497685185,1,1,snapshot_20150919T025947Z
731052,29.40969953703704,1,1,snapshot_20150919T025947Z
731313,34.93501364583334,1,4,snapshot_20150919T025947Z
731376,43.88436589120371,1,1,snapshot_20150919T025947Z
731435,125.9968257523148,1,1,snapshot_20150919T025947Z
731580,131.38341767361112,1,1,snapshot_20150919T025947Z
731625,51.27474818287037,1,1,snapshot_20150919T025947Z
731857,104.37904909722222,2,2,snapshot_20150919T025947Z
731881,23.15978337962963,1,1,snapshot_20150919T025947Z
731943,136.0459792824074,1,1,snapshot_20150919T025947Z
731998,122.32667436342591,2,2,snapshot_20150919T025947Z
732066,136.38809600694444,1,1,snapshot_20150919T025947Z
732102,57.379654456018514,1,2,snapshot_20150919T025947Z
732108,25.168030671296297,1,2,snapshot_20150919T025947Z
732139,138.87807159722223,1,1,snapshot_20150919T025947Z
732232,91.40462921296296,1,1,snapshot_20150919T025947Z
732352,99.08265207175927,1,3,snapshot_20150919T025947Z
732504,87.16734354166667,1,1,snapshot_20150919T025947Z
732625,29.388796874999997,1,1,snapshot_20150919T025947Z
732725,66.15379077546297,1,1,snapshot_20150919T025947Z
732767,101.42631240740742,1,2,snapshot_20150919T025947Z
732803,12.97863636574074,1,1,snapshot_20150919T025947Z
733458,28.441886724537035,1,1,snapshot_20150919T025947Z
733771,60.247434166666665,1,1,snapshot_20150919T025947Z
734226,44.319351087962964,1,1,snapshot_20150919T025947Z
734350,62.19362152777778,1,1,snapshot_20150919T025947Z
734374,72.43619429398149,1,1,snapshot_20150919T025947Z
734432,7.573494976851852,1,1,snapshot_20150919T025947Z
734633,102.30110633101852,1,2,snapshot_20150919T025947Z
734719,98.17145016203703,1,1,snapshot_20150919T025947Z
734846,71.22587128472222,1,1,snapshot_20150919T025947Z
734989,31.23882792824074,2,2,snapshot_20150919T025947Z
735088,133.00877434027777,1,1,snapshot_20150919T025947Z
735090,68.30474075231481,1,1,snapshot_20150919T025947Z
735322,44.38258160879629,1,1,snapshot_20150919T025947Z
735385,20.43851886574074,1,1,snapshot_20150919T025947Z
735474,133.97714671296296,1,1,snapshot_20150919T025947Z
735490,64.8617101736111,1,1,snapshot_20150919T025947Z
735763,88.79873109953704,1,1,snapshot_20150919T025947Z
736455,29.910214282407406,1,1,snapshot_20150919T025947Z
736846,137.8708836111111,1,1,snapshot_20150919T025947Z
737053,5.4944800115740735,8,10,snapshot_20150919T025947Z
737166,38.34632841435185,1,1,snapshot_20150919T025947Z
737329,1.4369876736111111,1,1,snapshot_20150919T025947Z
737341,22.441395983796294,1,1,snapshot_20150919T025947Z
737454,61.24675759259259,1,1,snapshot_20150919T025947Z
738182,93.15640878472222,1,3,snapshot_20150919T025947Z
738195,133.3390396875,1,1,snapshot_20150919T025947Z
738198,113.26936672453704,1,1,snapshot_20150919T025947Z
738365,23.3329915625,1,1,snapshot_20150919T025947Z
738410,29.96401622685185,1,2,snapshot_20150919T025947Z
738499,65.88567449074074,1,1,snapshot_20150919T025947Z
738601,16.891979641203704,1,1,snapshot_20150919T025947Z
738700,28.978356875,1,1,snapshot_20150919T025947Z
738746,37.32018167824074,1,3,snapshot_20150919T025947Z
738773,7.276626458333332,1,1,snapshot_20150919T025947Z
738908,9.115018344907407,2,2,snapshot_20150919T025947Z
739473,61.28555935185185,1,2,snapshot_20150919T025947Z
739495,83.18961614583333,1,1,snapshot_20150919T025947Z
739647,84.24067309027778,1,1,snapshot_20150919T025947Z
739773,10.105228854166667,1,1,snapshot_20150919T025947Z
740116,37.39593261574074,1,1,snapshot_20150919T025947Z
740132,131.4403799537037,1,2,snapshot_20150919T025947Z
740308,15.267836655092593,1,1,snapshot_20150919T025947Z
740324,107.28689509259259,1,1,snapshot_20150919T025947Z
740575,12.894704409722221,1,3,snapshot_20150919T025947Z
740720,119.2346859375,1,2,snapshot_20150919T025947Z
740743,6.353035173611111,1,1,snapshot_20150919T025947Z
740777,135.02493481481483,1,1,snapshot_20150919T025947Z
740861,37.401314560185185,1,1,snapshot_20150919T025947Z
741012,67.2196880324074,1,1,snapshot_20150919T025947Z
741119,113.30333872685185,1,1,snapshot_20150919T025947Z
741123,54.40337181712963,1,1,snapshot_20150919T025947Z
741178,137.2475407986111,1,1,snapshot_20150919T025947Z
741296,106.40349531249998,1,1,snapshot_20150919T025947Z
741488,47.35835949074074,1,1,snapshot_20150919T025947Z
741539,32.38270233796296,1,2,snapshot_20150919T025947Z
741611,128.9882340740741,1,1,snapshot_20150919T025947Z
741744,12.215303425925926,1,2,snapshot_20150919T025947Z
741899,130.91389927083333,1,1,snapshot_20150919T025947Z
741945,100.4230975,1,1,snapshot_20150919T025947Z
741951,87.24992019675926,1,1,snapshot_20150919T025947Z
742070,74.40645847222223,1,1,snapshot_20150919T025947Z
742163,57.47036461805555,1,1,snapshot_20150919T025947Z
742185,128.00465646990742,1,1,snapshot_20150919T025947Z
742661,94.42335497685185,1,1,snapshot_20150919T025947Z
742698,54.29842157407407,1,2,snapshot_20150919T025947Z
742824,116.27736048611112,1,1,snapshot_20150919T025947Z
742889,5.120738865740741,1,1,snapshot_20150919T025947Z
742963,27.112639328703704,1,2,snapshot_20150919T025947Z
743101,41.1126325,1,1,snapshot_20150919T025947Z
743198,9.272323449074074,1,1,snapshot_20150919T025947Z
743285,34.21089243055556,1,1,snapshot_20150919T025947Z
743308,39.94537283564815,1,1,snapshot_20150919T025947Z
743319,89.47021525462964,2,2,snapshot_20150919T025947Z
743466,98.14991285879631,1,1,snapshot_20150919T025947Z
743497,18.240219108796296,1,1,snapshot_20150919T025947Z
743537,122.21727064814816,1,1,snapshot_20150919T025947Z
743674,68.91134907407407,1,1,snapshot_20150919T025947Z
743832,75.10085998842592,1,1,snapshot_20150919T025947Z
743835,107.57186506944446,1,1,snapshot_20150919T025947Z
744118,44.98138530092592,1,2,snapshot_20150919T025947Z
744123,40.302491805555555,1,1,snapshot_20150919T025947Z
744188,123.93224591435185,1,1,snapshot_20150919T025947Z
744243,84.02162936342593,1,2,snapshot_20150919T025947Z
744315,68.21650988425925,1,1,snapshot_20150919T025947Z
744454,47.813530856481485,1,1,snapshot_20150919T025947Z
744474,57.37910907407408,1,1,snapshot_20150919T025947Z
744547,123.98740074074075,1,1,snapshot_20150919T025947Z
744651,123.55867924768519,1,1,snapshot_20150919T025947Z
744717,71.38577494212963,1,1,snapshot_20150919T025947Z
744769,6.279342106481482,1,1,snapshot_20150919T025947Z
745007,44.04237072916666,1,1,snapshot_20150919T025947Z
745037,71.16225163194444,1,1,snapshot_20150919T025947Z
745358,116.16711670138888,1,2,snapshot_20150919T025947Z
745504,38.88511954861111,1,1,snapshot_20150919T025947Z
745620,64.96281505787037,1,1,snapshot_20150919T025947Z
745633,67.41335190972222,2,2,snapshot_20150919T025947Z
745702,94.3085475462963,1,1,snapshot_20150919T025947Z
745802,83.40484644675927,1,1,snapshot_20150919T025947Z
745877,127.36922888888888,1,1,snapshot_20150919T025947Z
746204,127.06357297453704,1,1,snapshot_20150919T025947Z
746296,135.93826322916667,1,1,snapshot_20150919T025947Z
746343,26.18478454861111,1,1,snapshot_20150919T025947Z
746554,111.88661643518519,4,5,snapshot_20150919T025947Z
746666,63.433964780092595,1,1,snapshot_20150919T025947Z
746698,22.354062546296294,1,1,snapshot_20150919T025947Z
746706,7.324826840277778,1,1,snapshot_20150919T025947Z
746841,47.286024965277775,1,1,snapshot_20150919T025947Z
746939,105.27679924768519,1,3,snapshot_20150919T025947Z
747091,107.14504329861111,1,2,snapshot_20150919T025947Z
747097,63.305032106481484,1,1,snapshot_20150919T025947Z
747123,31.266739189814814,1,1,snapshot_20150919T025947Z
747165,37.00576167824074,1,1,snapshot_20150919T025947Z
747251,60.00577577546296,1,1,snapshot_20150919T025947Z
747310,107.76741246527779,1,1,snapshot_20150919T025947Z
747537,100.79464349537038,1,1,snapshot_20150919T025947Z
747630,4.970745011574074,1,2,snapshot_20150919T025947Z
747695,25.057756203703704,1,1,snapshot_20150919T025947Z
747952,8.186659814814815,1,1,snapshot_20150919T025947Z
748001,81.30904435185185,1,1,snapshot_20150919T025947Z
748035,59.10229100694444,1,1,snapshot_20150919T025947Z
748040,98.12264952546296,20,26,snapshot_20150919T025947Z
748102,57.1697084837963,1,1,snapshot_20150919T025947Z
748120,108.98225500000001,1,1,snapshot_20150919T025947Z
748342,100.30687979166667,1,3,snapshot_20150919T025947Z
748427,118.57420657407408,1,1,snapshot_20150919T025947Z
748562,1.3766307175925927,10,11,snapshot_20150919T025947Z
748586,97.8667739699074,1,1,snapshot_20150919T025947Z
748697,2.332458969907407,2,3,snapshot_20150919T025947Z
748726,59.347615138888884,1,1,snapshot_20150919T025947Z
748917,66.36404361111111,1,1,snapshot_20150919T025947Z
748969,65.78409394675926,1,1,snapshot_20150919T025947Z
748994,118.7763504050926,1,1,snapshot_20150919T025947Z
749196,30.10795127314815,1,1,snapshot_20150919T025947Z
749201,107.36687502314815,2,4,snapshot_20150919T025947Z
749244,119.35644406250002,1,1,snapshot_20150919T025947Z
749407,47.25702034722222,1,1,snapshot_20150919T025947Z
749501,11.357091168981482,1,1,snapshot_20150919T025947Z
749945,59.29551958333333,1,1,snapshot_20150919T025947Z
750008,129.96565686342592,1,1,snapshot_20150919T025947Z
750151,51.423121377314814,1,1,snapshot_20150919T025947Z
750601,112.4194740625,34,39,snapshot_20150919T025947Z
750603,48.078134328703705,1,1,snapshot_20150919T025947Z
750724,135.1128765625,1,1,snapshot_20150919T025947Z
750808,44.14187943287037,1,1,snapshot_20150919T025947Z
750986,49.80328023148147,1,2,snapshot_20150919T025947Z
751033,87.30470681712963,1,2,snapshot_20150919T025947Z
751054,88.42304748842594,1,1,snapshot_20150919T025947Z
751149,23.428123125,1,1,snapshot_20150919T025947Z
751200,134.30878358796298,1,1,snapshot_20150919T025947Z
751256,1.0833184722222222,1,1,snapshot_20150919T025947Z
751291,11.169464317129629,1,2,snapshot_20150919T025947Z
751321,99.42358825231481,1,1,snapshot_20150919T025947Z
751418,37.88883282407407,1,1,snapshot_20150919T025947Z
751754,9.93982375,1,1,snapshot_20150919T025947Z
751832,46.92706182870371,1,1,snapshot_20150919T025947Z
752309,84.15960962962963,1,1,snapshot_20150919T025947Z
752555,31.271840347222223,1,1,snapshot_20150919T025947Z
753155,51.29961387731482,1,1,snapshot_20150919T025947Z
753277,137.2636064699074,1,1,snapshot_20150919T025947Z
753425,121.29112069444444,1,1,snapshot_20150919T025947Z
753438,43.37789351851852,1,1,snapshot_20150919T025947Z
753494,34.35749263888889,1,1,snapshot_20150919T025947Z
753768,29.955514629629633,1,1,snapshot_20150919T025947Z
753827,134.98729493055555,2,2,snapshot_20150919T025947Z
753987,74.13510171296296,1,2,snapshot_20150919T025947Z
754039,19.31058696759259,1,6,snapshot_20150919T025947Z
754046,84.85249836805556,1,1,snapshot_20150919T025947Z
754049,4.325648425925926,1,1,snapshot_20150919T025947Z
754077,32.22802815972222,1,2,snapshot_20150919T025947Z
754142,108.93538296296296,1,1,snapshot_20150919T025947Z
754188,130.36476959490741,1,1,snapshot_20150919T025947Z
754218,126.84756873842592,1,10,snapshot_20150919T025947Z
754341,70.06601712962963,1,1,snapshot_20150919T025947Z
754358,131.22569950231482,2,3,snapshot_20150919T025947Z
754472,9.008400300925926,1,1,snapshot_20150919T025947Z
754523,73.17782223379629,1,1,snapshot_20150919T025947Z
754579,92.37041759259259,1,1,snapshot_20150919T025947Z
754661,134.49943671296296,1,2,snapshot_20150919T025947Z
754666,43.426545868055555,1,1,snapshot_20150919T025947Z
754781,28.961761446759258,1,1,snapshot_20150919T025947Z
754989,85.23759358796296,1,1,snapshot_20150919T025947Z
755110,11.211669537037038,2,2,snapshot_20150919T025947Z
755125,27.51720216435185,1,1,snapshot_20150919T025947Z
755363,3.1001825462962964,1,1,snapshot_20150919T025947Z
755413,86.038465,1,1,snapshot_20150919T025947Z
755534,133.20590957175926,1,1,snapshot_20150919T025947Z
755605,2.9892810879629628,1,1,snapshot_20150919T025947Z
755636,38.259217210648146,1,1,snapshot_20150919T025947Z
755797,67.22834887731482,1,1,snapshot_20150919T025947Z
755815,1.3508224074074073,1,3,snapshot_20150919T025947Z
755979,63.31213979166666,1,1,snapshot_20150919T025947Z
756442,88.24025623842593,2,2,snapshot_20150919T025947Z
756459,136.78774903935187,1,1,snapshot_20150919T025947Z
756473,89.29619212962963,1,1,snapshot_20150919T025947Z
756562,61.226815162037035,1,2,snapshot_20150919T025947Z
756574,10.06987335648148,1,1,snapshot_20150919T025947Z
756583,86.22581194444444,1,1,snapshot_20150919T025947Z
756632,114.51023296296297,1,2,snapshot_20150919T025947Z
756716,113.46039620370371,2,2,snapshot_20150919T025947Z
756735,103.14272962962963,1,1,snapshot_20150919T025947Z
756779,101.37026023148147,1,1,snapshot_20150919T025947Z
756858,30.17910079861111,1,2,snapshot_20150919T025947Z
756996,60.949575520833335,1,1,snapshot_20150919T025947Z
757132,25.566393252314814,1,1,snapshot_20150919T025947Z
757199,101.22997534722221,1,1,snapshot_20150919T025947Z
757344,55.85222652777778,1,1,snapshot_20150919T025947Z
757355,56.45362997685185,82,101,snapshot_20150919T025947Z
757591,54.89227488425926,2,2,snapshot_20150919T025947Z
757892,22.24903395833333,1,1,snapshot_20150919T025947Z
757934,21.466697905092595,1,1,snapshot_20150919T025947Z
757989,68.76279667824075,2,2,snapshot_20150919T025947Z
758150,7.154495925925926,1,1,snapshot_20150919T025947Z
758223,94.36261796296296,1,1,snapshot_20150919T025947Z
758315,59.4277871875,1,1,snapshot_20150919T025947Z
758346,122.91578934027777,1,2,snapshot_20150919T025947Z
758359,60.925210578703705,1,2,snapshot_20150919T025947Z
758719,74.91343408564815,1,1,snapshot_20150919T025947Z
758725,81.23697971064816,1,1,snapshot_20150919T025947Z
758797,20.470661284722222,1,1,snapshot_20150919T025947Z
758827,69.42200306712964,1,2,snapshot_20150919T025947Z
759183,65.15233055555557,1,1,snapshot_20150919T025947Z
759288,107.60273002314814,1,3,snapshot_20150919T025947Z
759353,129.1534760763889,1,2,snapshot_20150919T025947Z
759356,136.9493230787037,1,1,snapshot_20150919T025947Z
759678,102.33433921296296,1,1,snapshot_20150919T025947Z
759893,121.16407746527777,1,2,snapshot_20150919T025947Z
760024,7.260043472222223,1,1,snapshot_20150919T025947Z
760119,9.954904074074074,4,4,snapshot_20150919T025947Z
760187,135.0341823726852,1,1,snapshot_20150919T025947Z
760257,46.35110819444444,1,2,snapshot_20150919T025947Z
760266,68.0415353587963,1,1,snapshot_20150919T025947Z
760430,13.279415625,2,4,snapshot_20150919T025947Z
760537,21.357683541666667,1,1,snapshot_20150919T025947Z
760652,108.29146946759259,1,1,snapshot_20150919T025947Z
760673,48.01087871527778,1,2,snapshot_20150919T025947Z
760728,124.97862849537037,1,1,snapshot_20150919T025947Z
760986,92.38078773148148,1,1,snapshot_20150919T025947Z
761181,82.14171984953704,1,3,snapshot_20150919T025947Z
761332,129.25128828703703,1,1,snapshot_20150919T025947Z
761381,130.8812824074074,1,2,snapshot_20150919T025947Z
761482,127.37109519675926,2,59,snapshot_20150919T025947Z
761583,121.23987868055555,1,1,snapshot_20150919T025947Z
761655,129.26725280092595,1,1,snapshot_20150919T025947Z
761680,130.5005257175926,1,1,snapshot_20150919T025947Z
761783,16.237780231481484,5,6,snapshot_20150919T025947Z
761862,50.069079907407406,2,2,snapshot_20150919T025947Z
762073,113.30163561342593,1,1,snapshot_20150919T025947Z
762163,89.37420240740741,1,1,snapshot_20150919T025947Z
762170,70.61232078703704,1,1,snapshot_20150919T025947Z
762687,133.08941194444444,1,1,snapshot_20150919T025947Z
762703,11.862106655092592,1,1,snapshot_20150919T025947Z
763153,85.90501336805556,1,1,snapshot_20150919T025947Z
763195,107.16082093749999,1,1,snapshot_20150919T025947Z
763234,71.1844758912037,1,1,snapshot_20150919T025947Z
763257,113.9704903935185,1,14,snapshot_20150919T025947Z
763580,106.31287856481482,1,1,snapshot_20150919T025947Z
763582,57.936111458333336,1,1,snapshot_20150919T025947Z
763594,13.053953391203704,1,1,snapshot_20150919T025947Z
763653,119.12495640046295,1,1,snapshot_20150919T025947Z
763741,122.04022034722223,1,1,snapshot_20150919T025947Z
763880,72.49437501157408,1,1,snapshot_20150919T025947Z
763954,71.42832996527777,1,1,snapshot_20150919T025947Z
764068,135.23724657407408,1,1,snapshot_20150919T025947Z
764150,24.527178518518518,1,1,snapshot_20150919T025947Z
764490,23.639335162037035,1,1,snapshot_20150919T025947Z
764672,51.35933726851852,1,1,snapshot_20150919T025947Z
764755,28.40332863425926,1,1,snapshot_20150919T025947Z
764790,65.42100106481482,3,13,snapshot_20150919T025947Z
764802,128.08775318287036,1,1,snapshot_20150919T025947Z
764821,94.51678836805556,1,1,snapshot_20150919T025947Z
765630,86.01341131944444,33,51,snapshot_20150919T025947Z
765671,38.44276752314815,1,1,snapshot_20150919T025947Z
765884,71.21989841435186,1,1,snapshot_20150919T025947Z
765900,32.186009004629625,1,6,snapshot_20150919T025947Z
766104,58.87001726851852,1,1,snapshot_20150919T025947Z
766217,135.4210708564815,1,1,snapshot_20150919T025947Z
766227,53.16488318287037,1,2,snapshot_20150919T025947Z
766244,57.89076952546296,1,1,snapshot_20150919T025947Z
766389,104.30419311342592,1,1,snapshot_20150919T025947Z
766423,129.97612362268518,1,1,snapshot_20150919T025947Z
766486,87.18795722222222,2,2,snapshot_20150919T025947Z
766489,135.53078180555556,1,1,snapshot_20150919T025947Z
766502,102.8154142824074,1,1,snapshot_20150919T025947Z
766526,96.48349934027779,1,1,snapshot_20150919T025947Z
766527,24.868994166666667,1,1,snapshot_20150919T025947Z
766603,55.80100270833333,1,3,snapshot_20150919T025947Z
766850,98.10604633101853,1,1,snapshot_20150919T025947Z
767044,65.90215680555556,2,2,snapshot_20150919T025947Z
767157,9.249356655092592,1,1,snapshot_20150919T025947Z
767178,44.24348766203703,1,1,snapshot_20150919T025947Z
767419,100.21823958333334,1,1,snapshot_20150919T025947Z
767448,79.0596901388889,3,3,snapshot_20150919T025947Z
767480,129.37281864583332,1,1,snapshot_20150919T025947Z
767636,110.38160293981483,1,1,snapshot_20150919T025947Z
767702,116.26429900462963,1,1,snapshot_20150919T025947Z
767789,75.08697685185184,1,1,snapshot_20150919T025947Z
767849,14.592535520833332,1,1,snapshot_20150919T025947Z
768067,69.28648258101852,1,1,snapshot_20150919T025947Z
768137,125.14803040509258,1,1,snapshot_20150919T025947Z
768341,101.50757371527779,1,1,snapshot_20150919T025947Z
768775,126.94987520833334,1,1,snapshot_20150919T025947Z
768875,45.186719537037035,1,1,snapshot_20150919T025947Z
768923,58.426370138888885,1,1,snapshot_20150919T025947Z
768931,116.02041299768518,1,1,snapshot_20150919T025947Z
768946,15.307028321759258,4,7,snapshot_20150919T025947Z
769006,91.85555141203703,1,1,snapshot_20150919T025947Z
769016,87.2239316550926,1,1,snapshot_20150919T025947Z
769032,83.12422962962964,1,1,snapshot_20150919T025947Z
769140,110.41981828703705,1,1,snapshot_20150919T025947Z
769241,111.3231354513889,1,1,snapshot_20150919T025947Z
769337,91.06972034722223,1,1,snapshot_20150919T025947Z
769676,100.2107303587963,1,3,snapshot_20150919T025947Z
769790,88.34808234953704,1,1,snapshot_20150919T025947Z
769836,7.063890185185185,1,1,snapshot_20150919T025947Z
769838,122.27915761574074,2,2,snapshot_20150919T025947Z
769903,73.42389740740741,1,1,snapshot_20150919T025947Z
769985,81.44123722222221,1,1,snapshot_20150919T025947Z
770015,82.14515270833334,1,1,snapshot_20150919T025947Z
770097,52.229581770833335,1,1,snapshot_20150919T025947Z
770124,123.98841042824074,1,1,snapshot_20150919T025947Z
770170,5.341714456018519,1,1,snapshot_20150919T025947Z
770188,87.98575724537037,1,1,snapshot_20150919T025947Z
770189,78.05736619212963,1,1,snapshot_20150919T025947Z
770282,106.9385090625,1,1,snapshot_20150919T025947Z
770292,118.95698542824073,2,2,snapshot_20150919T025947Z
770538,127.14950241898147,2,2,snapshot_20150919T025947Z
770651,37.597947858796296,1,2,snapshot_20150919T025947Z
770690,108.93039143518519,1,1,snapshot_20150919T025947Z
770741,31.28921423611111,1,2,snapshot_20150919T025947Z
770829,24.151707175925925,1,1,snapshot_20150919T025947Z
770887,25.18196366898148,1,1,snapshot_20150919T025947Z
770983,77.88785527777779,1,2,snapshot_20150919T025947Z
771058,54.17241991898148,2,2,snapshot_20150919T025947Z
771313,9.346558888888888,1,1,snapshot_20150919T025947Z
771466,126.87031894675926,1,1,snapshot_20150919T025947Z
771571,83.84200158564815,1,2,snapshot_20150919T025947Z
771611,72.26693586805555,1,1,snapshot_20150919T025947Z
771659,74.3644355787037,1,1,snapshot_20150919T025947Z
771722,43.86255741898148,1,1,snapshot_20150919T025947Z
771810,104.37218752314816,1,1,snapshot_20150919T025947Z
771838,60.410775208333334,1,1,snapshot_20150919T025947Z
771903,16.30540440972222,1,1,snapshot_20150919T025947Z
771946,108.37820886574073,1,2,snapshot_20150919T025947Z
772015,21.205191909722224,1,1,snapshot_20150919T025947Z
772037,66.1702478935185,1,1,snapshot_20150919T025947Z
772213,102.2656197337963,1,1,snapshot_20150919T025947Z
772262,35.3166759837963,2,4,snapshot_20150919T025947Z
772273,14.420595983796296,1,1,snapshot_20150919T025947Z
772285,123.01662776620371,1,1,snapshot_20150919T025947Z
772453,76.11005894675927,1,1,snapshot_20150919T025947Z
772687,28.272319293981482,1,2,snapshot_20150919T025947Z
773110,126.37484645833332,1,1,snapshot_20150919T025947Z
773156,118.97787549768519,1,1,snapshot_20150919T025947Z
773217,92.4508589699074,1,1,snapshot_20150919T025947Z
773901,119.5257864699074,1,2,snapshot_20150919T025947Z
773947,39.2306868287037,1,1,snapshot_20150919T025947Z
773985,65.97122715277777,1,1,snapshot_20150919T025947Z
774018,105.94937630787037,1,2,snapshot_20150919T025947Z
774274,71.50276206018519,1,1,snapshot_20150919T025947Z
774305,8.2024434375,1,1,snapshot_20150919T025947Z
774424,38.95301383101852,1,1,snapshot_20150919T025947Z
774758,81.37428510416666,1,1,snapshot_20150919T025947Z
774788,79.26877332175926,1,1,snapshot_20150919T025947Z
774920,127.4600257523148,2,2,snapshot_20150919T025947Z
775150,18.089496273148146,1,1,snapshot_20150919T025947Z
775282,106.98074313657408,1,1,snapshot_20150919T025947Z
775289,134.0518533564815,1,1,snapshot_20150919T025947Z
775616,52.61654310185185,1,2,snapshot_20150919T025947Z
775821,44.22247445601852,1,1,snapshot_20150919T025947Z
775942,37.15288525462963,1,1,snapshot_20150919T025947Z
776052,24.344766400462962,1,1,snapshot_20150919T025947Z
776325,89.22016962962964,1,1,snapshot_20150919T025947Z
776534,79.52587307870371,1,1,snapshot_20150919T025947Z
776665,59.356526562499994,1,1,snapshot_20150919T025947Z
776927,84.44378663194445,1,1,snapshot_20150919T025947Z
776945,10.465360081018519,1,1,snapshot_20150919T025947Z
776978,134.48268216435184,1,1,snapshot_20150919T025947Z
777134,52.50379746527778,1,1,snapshot_20150919T025947Z
777365,88.2815124537037,1,1,snapshot_20150919T025947Z
777503,67.34714342592592,1,2,snapshot_20150919T025947Z
777788,107.06487569444444,1,2,snapshot_20150919T025947Z
777821,126.29459731481482,1,1,snapshot_20150919T025947Z
777857,92.28100394675927,1,1,snapshot_20150919T025947Z
777908,122.21836435185185,1,2,snapshot_20150919T025947Z
777942,44.47523664351852,1,1,snapshot_20150919T025947Z
778098,88.99048862268519,1,1,snapshot_20150919T025947Z
778118,45.30912424768518,1,1,snapshot_20150919T025947Z
778442,58.836168946759265,1,1,snapshot_20150919T025947Z
778459,35.16556872685185,1,1,snapshot_20150919T025947Z
778509,71.25342256944444,1,1,snapshot_20150919T025947Z
778937,8.871576157407407,1,2,snapshot_20150919T025947Z
779000,15.376346157407406,1,1,snapshot_20150919T025947Z
779056,83.23413634259259,2,2,snapshot_20150919T025947Z
779386,4.471936678240741,1,1,snapshot_20150919T025947Z
779397,79.26221030092593,1,1,snapshot_20150919T025947Z
779514,67.0984918287037,1,2,snapshot_20150919T025947Z
779785,123.54092035879628,1,1,snapshot_20150919T025947Z
779794,9.395722210648147,1,1,snapshot_20150919T025947Z
780205,95.98125010416666,2,2,snapshot_20150919T025947Z
780230,56.31171392361111,1,1,snapshot_20150919T025947Z
780301,38.35595009259259,1,1,snapshot_20150919T025947Z
780392,44.416010497685185,1,2,snapshot_20150919T025947Z
780488,33.95062574074074,1,1,snapshot_20150919T025947Z
780708,65.23404186342593,1,1,snapshot_20150919T025947Z
780731,69.98126305555554,1,1,snapshot_20150919T025947Z
780733,80.43975042824074,1,1,snapshot_20150919T025947Z
780925,136.26784359953706,1,1,snapshot_20150919T025947Z
781099,122.21728187499998,1,1,snapshot_20150919T025947Z
781101,78.39734314814815,1,2,snapshot_20150919T025947Z
781156,23.113203715277777,2,2,snapshot_20150919T025947Z
781189,38.42530043981482,1,1,snapshot_20150919T025947Z
781477,34.254075462962966,1,1,snapshot_20150919T025947Z
781583,43.202537847222224,1,1,snapshot_20150919T025947Z
781592,65.46284418981482,2,2,snapshot_20150919T025947Z
781616,50.48689368055555,1,1,snapshot_20150919T025947Z
781666,57.16274796296296,1,1,snapshot_20150919T025947Z
781731,73.40124454861112,1,1,snapshot_20150919T025947Z
781759,135.11834811342592,1,1,snapshot_20150919T025947Z
781972,64.852165625,1,1,snapshot_20150919T025947Z
781974,94.18329619212963,1,1,snapshot_20150919T025947Z
781980,21.415963206018517,1,1,snapshot_20150919T025947Z
782163,60.012401724537035,1,1,snapshot_20150919T025947Z
782169,111.03180372685185,1,1,snapshot_20150919T025947Z
782178,51.21218872685185,1,1,snapshot_20150919T025947Z
782325,36.46407431712963,1,1,snapshot_20150919T025947Z
782343,86.42802259259258,1,1,snapshot_20150919T025947Z
782523,94.24959493055556,1,1,snapshot_20150919T025947Z
782961,96.43612093750001,1,3,snapshot_20150919T025947Z
783088,84.7987924537037,1,1,snapshot_20150919T025947Z
783254,80.25858809027778,1,1,snapshot_20150919T025947Z
783282,99.82303953703705,1,1,snapshot_20150919T025947Z
783364,46.3497872337963,1,1,snapshot_20150919T025947Z
783405,35.35030439814815,1,1,snapshot_20150919T025947Z
783408,62.99067675925926,1,1,snapshot_20150919T025947Z
783599,135.9474195023148,1,1,snapshot_20150919T025947Z
783700,61.33083732638889,1,1,snapshot_20150919T025947Z
783756,88.00348702546296,1,4,snapshot_20150919T025947Z
783857,23.971013657407408,1,1,snapshot_20150919T025947Z
783905,105.98797118055556,1,1,snapshot_20150919T025947Z
783998,54.04272606481481,1,1,snapshot_20150919T025947Z
784049,43.45444130787037,1,2,snapshot_20150919T025947Z
784178,125.32258277777778,1,1,snapshot_20150919T025947Z
784477,70.31258386574075,1,1,snapshot_20150919T025947Z
784543,79.3505371412037,1,1,snapshot_20150919T025947Z
784558,33.37425728009259,1,1,snapshot_20150919T025947Z
784757,102.38921429398148,1,1,snapshot_20150919T025947Z
784769,121.91512787037037,1,1,snapshot_20150919T025947Z
784783,4.792782916666667,1,1,snapshot_20150919T025947Z
785001,9.221023136574074,1,1,snapshot_20150919T025947Z
785043,31.34939778935185,1,1,snapshot_20150919T025947Z
785226,22.33524125,1,1,snapshot_20150919T025947Z
785456,125.07533489583334,2,2,snapshot_20150919T025947Z
785643,79.37559290509259,1,1,snapshot_20150919T025947Z
785737,3.3178200462962963,1,1,snapshot_20150919T025947Z
785782,16.349891886574074,1,1,snapshot_20150919T025947Z
785814,47.128228935185184,1,1,snapshot_20150919T025947Z
786017,53.3611108912037,1,3,snapshot_20150919T025947Z
786045,127.04874953703705,2,2,snapshot_20150919T025947Z
786265,128.99962414351853,1,1,snapshot_20150919T025947Z
786374,95.44427855324075,1,1,snapshot_20150919T025947Z
786406,85.33824619212963,1,1,snapshot_20150919T025947Z
786486,116.39609740740741,1,1,snapshot_20150919T025947Z
786728,75.82972008101852,1,1,snapshot_20150919T025947Z
786834,121.22083144675925,1,1,snapshot_20150919T025947Z
787217,136.0537071875,1,2,snapshot_20150919T025947Z
787290,93.22256744212963,1,1,snapshot_20150919T025947Z
787425,33.3934777662037,1,1,snapshot_20150919T025947Z
787440,22.048940162037038,1,1,snapshot_20150919T025947Z
787802,96.3208550925926,1,5,snapshot_20150919T025947Z
787878,15.181978935185185,1,1,snapshot_20150919T025947Z
787997,68.93556576388889,1,1,snapshot_20150919T025947Z
788113,123.3950216087963,1,3,snapshot_20150919T025947Z
788475,64.2588683912037,1,1,snapshot_20150919T025947Z
788871,50.166193298611105,1,2,snapshot_20150919T025947Z
788900,16.264457280092593,1,5,snapshot_20150919T025947Z
788972,5.1354872337962965,1,1,snapshot_20150919T025947Z
789256,25.10695278935185,1,1,snapshot_20150919T025947Z
789277,8.032134270833334,1,2,snapshot_20150919T025947Z
789620,118.23659638888888,1,4,snapshot_20150919T025947Z
789675,123.90815099537036,1,1,snapshot_20150919T025947Z
789699,64.3004275,1,1,snapshot_20150919T025947Z
789749,41.29417613425926,1,1,snapshot_20150919T025947Z
789793,111.15534612268517,1,3,snapshot_20150919T025947Z
789844,107.52884633101853,1,1,snapshot_20150919T025947Z
789937,133.17127680555555,1,1,snapshot_20150919T025947Z
789945,80.06313533564816,1,1,snapshot_20150919T025947Z
790272,31.15380940972222,1,1,snapshot_20150919T025947Z
790379,122.03219885416668,1,1,snapshot_20150919T025947Z
790828,124.44274107638888,1,1,snapshot_20150919T025947Z
791048,87.18139744212964,1,1,snapshot_20150919T025947Z
791108,51.58990881944445,1,1,snapshot_20150919T025947Z
791118,85.09281299768519,1,1,snapshot_20150919T025947Z
791204,129.38022512731482,1,1,snapshot_20150919T025947Z
791361,100.05349148148149,1,1,snapshot_20150919T025947Z
791547,104.10213556712964,1,1,snapshot_20150919T025947Z
791551,43.84749957175926,1,1,snapshot_20150919T025947Z
791616,62.979694537037034,1,1,snapshot_20150919T025947Z
791750,66.4603084375,1,2,snapshot_20150919T025947Z
791783,95.11298663194444,1,1,snapshot_20150919T025947Z
791854,35.00003572916666,1,1,snapshot_20150919T025947Z
791895,33.11167155092593,1,1,snapshot_20150919T025947Z
792208,43.4228353587963,1,1,snapshot_20150919T025947Z
792383,135.15623797453702,1,1,snapshot_20150919T025947Z
792479,45.18316943287037,1,1,snapshot_20150919T025947Z
792567,127.18522603009258,1,1,snapshot_20150919T025947Z
792616,53.1306865625,1,1,snapshot_20150919T025947Z
792642,91.39903631944445,1,1,snapshot_20150919T025947Z
792658,66.18651167824075,1,2,snapshot_20150919T025947Z
792663,123.39212618055555,1,1,snapshot_20150919T025947Z
792741,100.11007118055556,3,3,snapshot_20150919T025947Z
792995,70.96871193287038,1,1,snapshot_20150919T025947Z
793007,57.261401597222225,2,2,snapshot_20150919T025947Z
793038,47.49185287037037,2,3,snapshot_20150919T025947Z
793091,42.27460217592593,3,3,snapshot_20150919T025947Z
793134,33.096845972222226,1,1,snapshot_20150919T025947Z
793157,115.1356799537037,2,2,snapshot_20150919T025947Z
793374,88.34523915509259,2,2,snapshot_20150919T025947Z
793424,34.820591875,1,1,snapshot_20150919T025947Z
793602,135.24341940972224,1,1,snapshot_20150919T025947Z
793661,18.965564699074076,1,2,snapshot_20150919T025947Z
793866,16.16902486111111,1,1,snapshot_20150919T025947Z
794126,89.41258530092593,1,2,snapshot_20150919T025947Z
794152,10.927452129629629,1,1,snapshot_20150919T025947Z
794304,94.05152225694445,1,1,snapshot_20150919T025947Z
794340,72.23410577546296,1,1,snapshot_20150919T025947Z
794642,119.93324234953704,1,1,snapshot_20150919T025947Z
794751,24.43244853009259,2,2,snapshot_20150919T025947Z
794758,126.10585908564815,2,2,snapshot_20150919T025947Z
794775,8.706392210648149,1,1,snapshot_20150919T025947Z
795056,8.284277638888888,2,5,snapshot_20150919T025947Z
795060,108.00842107638888,1,4,snapshot_20150919T025947Z
795171,41.02236510416667,1,1,snapshot_20150919T025947Z
795257,44.90591969907407,1,1,snapshot_20150919T025947Z
795274,50.47660782407408,1,1,snapshot_20150919T025947Z
795423,44.35485317129629,1,1,snapshot_20150919T025947Z
795448,79.51377824074075,1,1,snapshot_20150919T025947Z
795731,31.04576716435185,1,2,snapshot_20150919T025947Z
795975,18.29927375,2,2,snapshot_20150919T025947Z
796000,100.12354392361111,2,2,snapshot_20150919T025947Z
796062,21.235438472222224,2,2,snapshot_20150919T025947Z
796083,52.17859954861111,1,1,snapshot_20150919T025947Z
796090,135.4170917361111,1,1,snapshot_20150919T025947Z
796253,38.57887930555555,2,2,snapshot_20150919T025947Z
796367,19.350094930555557,1,1,snapshot_20150919T025947Z
796470,47.16423490740741,1,2,snapshot_20150919T025947Z
796611,117.85582972222221,1,1,snapshot_20150919T025947Z
796670,10.298707210648148,1,1,snapshot_20150919T025947Z
796940,135.40405119212963,1,2,snapshot_20150919T025947Z
797023,23.079822407407406,1,1,snapshot_20150919T025947Z
797108,127.71886158564816,1,2,snapshot_20150919T025947Z
797295,46.07615630787037,1,1,snapshot_20150919T025947Z
797409,32.04211188657408,30,40,snapshot_20150919T025947Z
797487,5.284465462962963,1,1,snapshot_20150919T025947Z
797644,122.91518313657409,1,1,snapshot_20150919T025947Z
797729,53.29694293981482,1,2,snapshot_20150919T025947Z
797789,66.37742297453704,1,1,snapshot_20150919T025947Z
797872,51.9305209837963,1,1,snapshot_20150919T025947Z
797935,31.738630277777776,1,1,snapshot_20150919T025947Z
798349,70.09821378472222,1,1,snapshot_20150919T025947Z
798441,80.92591113425927,1,1,snapshot_20150919T025947Z
798738,85.57181493055555,1,1,snapshot_20150919T025947Z
798809,70.0565,1,1,snapshot_20150919T025947Z
799313,69.98063527777778,1,2,snapshot_20150919T025947Z
799331,74.40500706018518,2,8,snapshot_20150919T025947Z
799355,115.89568736111111,1,1,snapshot_20150919T025947Z
799471,91.04355900462963,1,1,snapshot_20150919T025947Z
799678,95.21449862268518,1,1,snapshot_20150919T025947Z
799716,40.14759934027778,1,1,snapshot_20150919T025947Z
799861,4.544654108796296,1,2,snapshot_20150919T025947Z
799974,122.07621202546297,1,1,snapshot_20150919T025947Z
800138,44.00621810185185,1,1,snapshot_20150919T025947Z
800150,52.46968472222222,1,1,snapshot_20150919T025947Z
800426,45.286919814814816,1,2,snapshot_20150919T025947Z
800489,50.87787423611111,3,3,snapshot_20150919T025947Z
800578,88.11892271990742,1,1,snapshot_20150919T025947Z
800638,109.02856438657408,1,1,snapshot_20150919T025947Z
800723,113.31477016203705,1,2,snapshot_20150919T025947Z
800777,116.22078613425926,1,1,snapshot_20150919T025947Z
800894,119.4684935763889,1,1,snapshot_20150919T025947Z
800917,89.18472989583333,1,1,snapshot_20150919T025947Z
801026,81.44427944444445,1,1,snapshot_20150919T025947Z
801091,51.855686365740745,1,1,snapshot_20150919T025947Z
801172,6.453308877314814,1,1,snapshot_20150919T025947Z
801313,29.108208680555556,1,1,snapshot_20150919T025947Z
801365,60.473391585648145,1,1,snapshot_20150919T025947Z
801554,93.83730938657408,1,1,snapshot_20150919T025947Z
801664,59.390992835648156,1,1,snapshot_20150919T025947Z
801898,50.41189716435185,1,1,snapshot_20150919T025947Z
802043,42.42884349537037,1,1,snapshot_20150919T025947Z
802259,106.31800439814815,1,1,snapshot_20150919T025947Z
802281,37.26970502314815,2,2,snapshot_20150919T025947Z
802379,41.92404337962963,2,2,snapshot_20150919T025947Z
802580,127.88343107638889,1,1,snapshot_20150919T025947Z
802676,93.42227172453704,1,1,snapshot_20150919T025947Z
802702,44.341082754629625,1,1,snapshot_20150919T025947Z
802717,109.96866018518519,1,1,snapshot_20150919T025947Z
803016,44.989098125000005,1,1,snapshot_20150919T025947Z
803139,92.39993079861111,1,1,snapshot_20150919T025947Z
803150,113.48032833333335,1,1,snapshot_20150919T025947Z
803791,115.45985472222223,1,1,snapshot_20150919T025947Z
803960,31.916935960648146,1,1,snapshot_20150919T025947Z
803997,73.445051875,1,1,snapshot_20150919T025947Z
804113,81.38727596064815,2,2,snapshot_20150919T025947Z
804216,22.271451319444445,1,1,snapshot_20150919T025947Z
804418,72.3754848611111,3,3,snapshot_20150919T025947Z
804434,131.07661321759258,1,1,snapshot_20150919T025947Z
804657,25.431016400462962,1,1,snapshot_20150919T025947Z
804712,48.27619983796296,1,1,snapshot_20150919T025947Z
804836,100.12723481481481,1,1,snapshot_20150919T025947Z
804842,91.54808966435185,1,1,snapshot_20150919T025947Z
804846,58.279900624999996,1,1,snapshot_20150919T025947Z
804876,101.6125447337963,1,1,snapshot_20150919T025947Z
804983,18.489510613425924,1,1,snapshot_20150919T025947Z
805200,74.96005672453703,1,1,snapshot_20150919T025947Z
805204,70.42156077546296,5,7,snapshot_20150919T025947Z
805249,101.52191033564814,1,1,snapshot_20150919T025947Z
805254,88.00825420138888,1,1,snapshot_20150919T025947Z
805448,60.28096410879629,1,1,snapshot_20150919T025947Z
805595,25.425512488425927,1,1,snapshot_20150919T025947Z
805630,70.32713923611111,1,1,snapshot_20150919T025947Z
805761,127.45626251157408,1,1,snapshot_20150919T025947Z
805780,64.18120796296296,2,4,snapshot_20150919T025947Z
805787,129.41976847222222,1,1,snapshot_20150919T025947Z
805790,84.43422659722222,2,2,snapshot_20150919T025947Z
805864,30.531350069444446,1,1,snapshot_20150919T025947Z
806014,60.82346393518519,1,2,snapshot_20150919T025947Z
806308,77.90431097222222,1,1,snapshot_20150919T025947Z
806371,101.28428744212964,1,1,snapshot_20150919T025947Z
806439,32.96960773148148,1,1,snapshot_20150919T025947Z
806787,117.48149841435185,1,1,snapshot_20150919T025947Z
806817,95.31063836805556,1,2,snapshot_20150919T025947Z
806954,118.21605399305555,1,1,snapshot_20150919T025947Z
807288,78.28337664351851,1,1,snapshot_20150919T025947Z
807462,45.03746545138889,1,1,snapshot_20150919T025947Z
807509,27.279546863425924,1,2,snapshot_20150919T025947Z
807730,58.40100159722222,1,1,snapshot_20150919T025947Z
807851,97.11886952546296,2,2,snapshot_20150919T025947Z
807918,79.1217138425926,1,1,snapshot_20150919T025947Z
808207,115.26250061342591,1,3,snapshot_20150919T025947Z
808303,41.895257881944445,1,1,snapshot_20150919T025947Z
808351,23.106963888888888,1,1,snapshot_20150919T025947Z
808400,15.217268958333333,1,1,snapshot_20150919T025947Z
808508,87.23510071759259,1,1,snapshot_20150919T025947Z
808547,118.321235,1,1,snapshot_20150919T025947Z
808750,19.304663981481482,1,1,snapshot_20150919T025947Z
808813,71.29819158564814,3,3,snapshot_20150919T025947Z
808966,19.023156689814815,1,1,snapshot_20150919T025947Z
808985,51.018971712962966,1,1,snapshot_20150919T025947Z
809043,53.03324758101852,1,1,snapshot_20150919T025947Z
809109,87.14126782407408,1,2,snapshot_20150919T025947Z
809129,22.136317673611114,1,1,snapshot_20150919T025947Z
809220,30.338290706018515,1,1,snapshot_20150919T025947Z
809384,89.16055820601852,1,2,snapshot_20150919T025947Z
809388,111.41362520833334,1,1,snapshot_20150919T025947Z
809402,135.4294218287037,1,1,snapshot_20150919T025947Z
809818,51.3441993287037,1,1,snapshot_20150919T025947Z
809822,115.08755741898148,56,60,snapshot_20150919T025947Z
809888,81.86904140046296,1,1,snapshot_20150919T025947Z
809973,97.22875208333333,1,1,snapshot_20150919T025947Z
810114,72.35056306712963,1,1,snapshot_20150919T025947Z
810342,39.31104203703704,1,1,snapshot_20150919T025947Z
810608,24.021436828703703,1,1,snapshot_20150919T025947Z
810900,100.95343361111112,1,1,snapshot_20150919T025947Z
810921,128.83512002314814,1,2,snapshot_20150919T025947Z
811031,74.95012184027777,1,1,snapshot_20150919T025947Z
811310,109.95533708333333,1,1,snapshot_20150919T025947Z
811563,106.0330611574074,1,1,snapshot_20150919T025947Z
811745,24.359790034722224,1,1,snapshot_20150919T025947Z
811818,77.88923966435185,1,1,snapshot_20150919T025947Z
811838,53.45441877314814,1,2,snapshot_20150919T025947Z
811841,112.23533967592591,1,1,snapshot_20150919T025947Z
811978,137.9400489351852,1,1,snapshot_20150919T025947Z
812069,78.35977033564815,1,1,snapshot_20150919T025947Z
812122,85.93089331018518,1,1,snapshot_20150919T025947Z
812393,50.48862103009259,1,1,snapshot_20150919T025947Z
812624,130.08483042824074,1,1,snapshot_20150919T025947Z
812693,131.06836369212962,1,1,snapshot_20150919T025947Z
812707,59.35463887731481,2,2,snapshot_20150919T025947Z
812764,74.8991210648148,1,1,snapshot_20150919T025947Z
812909,62.3923484837963,1,1,snapshot_20150919T025947Z
813035,59.48232129629629,1,3,snapshot_20150919T025947Z
813069,109.07852785879629,1,1,snapshot_20150919T025947Z
813137,3.3987694328703704,1,2,snapshot_20150919T025947Z
813175,64.26117328703704,1,1,snapshot_20150919T025947Z
813307,106.40334603009258,1,1,snapshot_20150919T025947Z
813387,98.19483935185184,2,6,snapshot_20150919T025947Z
813417,115.3066158912037,1,1,snapshot_20150919T025947Z
813446,129.14242743055556,1,1,snapshot_20150919T025947Z
813450,47.39261564814815,1,1,snapshot_20150919T025947Z
813477,67.42932682870371,1,2,snapshot_20150919T025947Z
813796,46.985007384259255,1,1,snapshot_20150919T025947Z
813925,135.37327289351853,1,2,snapshot_20150919T025947Z
813971,63.143429918981475,1,1,snapshot_20150919T025947Z
814041,123.49055081018518,1,2,snapshot_20150919T025947Z
814059,56.32669390046296,1,1,snapshot_20150919T025947Z
814238,86.92733741898148,1,1,snapshot_20150919T025947Z
814542,14.259676076388889,1,2,snapshot_20150919T025947Z
814619,97.0379861574074,1,1,snapshot_20150919T025947Z
814663,60.49478115740741,3,4,snapshot_20150919T025947Z
814864,76.28645826388889,1,4,snapshot_20150919T025947Z
814892,8.151743148148148,1,1,snapshot_20150919T025947Z
815215,102.20752894675927,1,1,snapshot_20150919T025947Z
815259,110.23967565972222,1,1,snapshot_20150919T025947Z
815343,70.74539247685185,1,1,snapshot_20150919T025947Z
815466,7.989985798611111,1,1,snapshot_20150919T025947Z
815560,53.91758011574074,1,1,snapshot_20150919T025947Z
815663,52.75807378472222,1,1,snapshot_20150919T025947Z
815678,18.918051608796297,1,1,snapshot_20150919T025947Z
815905,48.441955462962966,1,2,snapshot_20150919T025947Z
816056,42.427787557870374,1,1,snapshot_20150919T025947Z
816102,116.9830784375,1,1,snapshot_20150919T025947Z
816144,77.34759137731481,1,1,snapshot_20150919T025947Z
816161,72.62988175925926,1,1,snapshot_20150919T025947Z
816384,27.809172349537036,1,1,snapshot_20150919T025947Z
816637,11.10498866898148,1,1,snapshot_20150919T025947Z
816889,29.430306458333334,1,1,snapshot_20150919T025947Z
816978,10.900994895833334,1,1,snapshot_20150919T025947Z
817080,43.09291069444445,1,1,snapshot_20150919T025947Z
817448,102.06258620370372,1,1,snapshot_20150919T025947Z
817474,9.480682268518517,3,5,snapshot_20150919T025947Z
817978,114.15312273148147,1,1,snapshot_20150919T025947Z
818050,134.28950912037035,1,1,snapshot_20150919T025947Z
818067,64.94499690972222,1,1,snapshot_20150919T025947Z
818116,110.43654212962963,1,2,snapshot_20150919T025947Z
818205,101.97971554398148,1,1,snapshot_20150919T025947Z
818254,111.48124106481481,1,1,snapshot_20150919T025947Z
818334,35.30771710648148,1,1,snapshot_20150919T025947Z
818371,75.21050121527777,1,1,snapshot_20150919T025947Z
818589,88.2893234837963,1,1,snapshot_20150919T025947Z
818645,86.89763773148148,1,1,snapshot_20150919T025947Z
818734,45.38529431712963,2,3,snapshot_20150919T025947Z
818819,3.492749872685185,1,1,snapshot_20150919T025947Z
819001,135.10202203703705,1,1,snapshot_20150919T025947Z
819108,42.604898275462965,1,1,snapshot_20150919T025947Z
819210,60.965965902777775,1,1,snapshot_20150919T025947Z
819520,80.4220899537037,1,1,snapshot_20150919T025947Z
819547,114.49740064814814,4,14,snapshot_20150919T025947Z
819587,94.30171185185185,2,4,snapshot_20150919T025947Z
820002,74.35383542824074,1,1,snapshot_20150919T025947Z
820155,85.58163694444444,1,3,snapshot_20150919T025947Z
820159,109.12962013888888,4,5,snapshot_20150919T025947Z
820191,102.42411571759258,1,1,snapshot_20150919T025947Z
820229,29.328030555555554,1,1,snapshot_20150919T025947Z
820254,134.30566760416667,1,2,snapshot_20150919T025947Z
820349,116.23682369212963,1,1,snapshot_20150919T025947Z
820440,95.0321593287037,1,1,snapshot_20150919T025947Z
820530,132.27471539351853,1,1,snapshot_20150919T025947Z
820759,119.4839723263889,1,1,snapshot_20150919T025947Z
820848,3.9215789583333334,1,1,snapshot_20150919T025947Z
820902,88.51863530092592,1,1,snapshot_20150919T025947Z
821083,58.32699677083333,1,2,snapshot_20150919T025947Z
821263,24.31904824074074,1,2,snapshot_20150919T025947Z
821427,26.50043542824074,1,1,snapshot_20150919T025947Z
821436,44.20396229166667,1,1,snapshot_20150919T025947Z
821737,41.26482715277778,1,1,snapshot_20150919T025947Z
821982,45.20580774305555,1,2,snapshot_20150919T025947Z
822058,31.20615421296296,1,1,snapshot_20150919T025947Z
822155,30.598176111111112,1,2,snapshot_20150919T025947Z
822168,59.6279677662037,1,1,snapshot_20150919T025947Z
822310,99.26668474537038,1,16,snapshot_20150919T025947Z
822325,40.25047796296296,1,1,snapshot_20150919T025947Z
822416,17.328138425925925,2,2,snapshot_20150919T025947Z
822553,80.94999672453704,1,1,snapshot_20150919T025947Z
822869,29.470496493055553,1,1,snapshot_20150919T025947Z
823073,105.54758569444444,1,1,snapshot_20150919T025947Z
823124,7.295987523148149,1,1,snapshot_20150919T025947Z
823143,105.90213832175927,1,1,snapshot_20150919T025947Z
823349,59.93910533564815,1,1,snapshot_20150919T025947Z
823481,52.27668268518518,1,1,snapshot_20150919T025947Z
823664,88.51358217592593,1,1,snapshot_20150919T025947Z
823705,82.80577207175926,1,1,snapshot_20150919T025947Z
823721,17.853350254629632,1,1,snapshot_20150919T025947Z
823746,76.34612724537037,1,1,snapshot_20150919T025947Z
823931,4.356399652777777,1,1,snapshot_20150919T025947Z
823982,46.09857054398148,2,2,snapshot_20150919T025947Z
824061,34.34738145833333,1,1,snapshot_20150919T025947Z
824071,59.328578391203706,1,1,snapshot_20150919T025947Z
824082,5.4205672569444445,4,5,snapshot_20150919T025947Z
824119,80.00613576388889,1,1,snapshot_20150919T025947Z
824335,60.05232030092593,1,1,snapshot_20150919T025947Z
824550,115.04075068287037,1,1,snapshot_20150919T025947Z
824760,17.020468981481482,1,1,snapshot_20150919T025947Z
824775,14.285998252314815,1,1,snapshot_20150919T025947Z
824837,97.95106578703705,1,1,snapshot_20150919T025947Z
824842,28.299930798611115,16,22,snapshot_20150919T025947Z
824918,125.31531523148148,1,1,snapshot_20150919T025947Z
825030,85.84175846064815,1,1,snapshot_20150919T025947Z
825191,53.48519469907407,1,1,snapshot_20150919T025947Z
825224,80.4178353587963,1,2,snapshot_20150919T025947Z
825226,87.20687697916667,1,1,snapshot_20150919T025947Z
825307,7.427252083333332,1,1,snapshot_20150919T025947Z
825321,30.1991734375,4,4,snapshot_20150919T025947Z
825557,57.46513604166666,2,2,snapshot_20150919T025947Z
825563,44.956310520833334,1,1,snapshot_20150919T025947Z
825575,91.00205001157407,1,1,snapshot_20150919T025947Z
825800,69.04500059027778,1,1,snapshot_20150919T025947Z
826010,109.62820293981481,1,1,snapshot_20150919T025947Z
826073,137.03529111111112,1,1,snapshot_20150919T025947Z
826101,136.31730559027778,1,1,snapshot_20150919T025947Z
826275,30.91414679398148,2,3,snapshot_20150919T025947Z
826663,28.299870613425927,2,2,snapshot_20150919T025947Z
826774,122.12584476851852,1,1,snapshot_20150919T025947Z
826799,4.576076921296296,2,2,snapshot_20150919T025947Z
826804,27.11038195601852,1,1,snapshot_20150919T025947Z
826820,74.46355259259259,1,1,snapshot_20150919T025947Z
826958,43.225444733796294,1,1,snapshot_20150919T025947Z
827164,123.32846396990742,1,1,snapshot_20150919T025947Z
827184,43.42031390046296,1,1,snapshot_20150919T025947Z
827191,66.94896489583333,1,1,snapshot_20150919T025947Z
827333,123.91866363425926,1,1,snapshot_20150919T025947Z
827376,50.15129056712963,1,1,snapshot_20150919T025947Z
827595,54.07805773148148,1,1,snapshot_20150919T025947Z
827689,69.07506623842593,1,1,snapshot_20150919T025947Z
827884,58.18791459490741,1,1,snapshot_20150919T025947Z
827999,96.41042096064815,1,1,snapshot_20150919T025947Z
828218,43.060372118055554,1,1,snapshot_20150919T025947Z
828219,45.863665231481484,1,1,snapshot_20150919T025947Z
828257,49.295490740740746,1,1,snapshot_20150919T025947Z
828308,91.33833657407408,1,3,snapshot_20150919T025947Z
828437,49.93411572916667,1,1,snapshot_20150919T025947Z
828542,7.448350902777778,2,2,snapshot_20150919T025947Z
828727,52.15797121527778,1,1,snapshot_20150919T025947Z
829183,50.1274069675926,1,1,snapshot_20150919T025947Z
829289,115.22737375,14,24,snapshot_20150919T025947Z
830003,100.77452707175927,1,1,snapshot_20150919T025947Z
830026,52.891734710648144,1,1,snapshot_20150919T025947Z
830069,92.13775282407407,1,1,snapshot_20150919T025947Z
830113,120.97662800925926,1,1,snapshot_20150919T025947Z
830328,53.223383831018516,1,1,snapshot_20150919T025947Z
830370,5.805597847222222,1,1,snapshot_20150919T025947Z
830793,85.84168940972222,1,1,snapshot_20150919T025947Z
830875,114.95142966435185,1,2,snapshot_20150919T025947Z
831008,134.25320078703703,1,1,snapshot_20150919T025947Z
831120,53.27964241898149,3,3,snapshot_20150919T025947Z
831139,114.49105519675926,1,2,snapshot_20150919T025947Z
831166,113.52981151620371,1,1,snapshot_20150919T025947Z
831213,129.3791192708333,1,1,snapshot_20150919T025947Z
831387,30.05974449074074,1,1,snapshot_20150919T025947Z
831413,95.39613361111111,1,1,snapshot_20150919T025947Z
831443,92.1287904513889,1,1,snapshot_20150919T025947Z
831449,124.95115496527778,1,1,snapshot_20150919T025947Z
831463,30.37968548611111,1,1,snapshot_20150919T025947Z
831617,122.47912835648148,1,1,snapshot_20150919T025947Z
831854,45.379777708333336,1,1,snapshot_20150919T025947Z
831928,19.304452511574073,1,4,snapshot_20150919T025947Z
832222,101.19326671296297,1,1,snapshot_20150919T025947Z
832453,128.21264931712963,1,2,snapshot_20150919T025947Z
832527,43.44092243055555,1,1,snapshot_20150919T025947Z
832580,35.96152983796296,1,1,snapshot_20150919T025947Z
832747,22.910894456018518,1,1,snapshot_20150919T025947Z
832751,115.39653466435186,1,1,snapshot_20150919T025947Z
832773,16.04226553240741,1,1,snapshot_20150919T025947Z
832864,23.378088125,1,1,snapshot_20150919T025947Z
832904,74.25458188657407,1,1,snapshot_20150919T025947Z
833217,71.2382649537037,1,1,snapshot_20150919T025947Z
833404,71.25356335648148,1,1,snapshot_20150919T025947Z
833429,2.4335508796296295,1,1,snapshot_20150919T025947Z
833447,23.352115717592593,1,1,snapshot_20150919T025947Z
833719,134.46962644675926,1,1,snapshot_20150919T025947Z
833834,88.35563097222222,1,1,snapshot_20150919T025947Z
834036,98.1820140625,1,1,snapshot_20150919T025947Z
834421,66.93167546296296,1,1,snapshot_20150919T025947Z
834550,36.42548440972222,1,1,snapshot_20150919T025947Z
834646,66.34347680555555,1,1,snapshot_20150919T025947Z
834679,66.21921577546296,1,1,snapshot_20150919T025947Z
834736,87.46065025462963,1,1,snapshot_20150919T025947Z
834832,127.2282453587963,1,1,snapshot_20150919T025947Z
834898,30.50203240740741,1,1,snapshot_20150919T025947Z
834998,74.38090644675925,1,2,snapshot_20150919T025947Z
835094,62.86284163194444,1,1,snapshot_20150919T025947Z
835193,100.86782111111113,1,1,snapshot_20150919T025947Z
835208,94.00737039351851,1,1,snapshot_20150919T025947Z
835215,90.42082702546297,1,1,snapshot_20150919T025947Z
835295,122.79785991898147,1,1,snapshot_20150919T025947Z
835424,114.5486139351852,1,1,snapshot_20150919T025947Z
835566,19.23241997685185,1,1,snapshot_20150919T025947Z
835586,14.350779490740742,1,1,snapshot_20150919T025947Z
835648,113.18978837962963,1,1,snapshot_20150919T025947Z
835657,23.883885729166668,1,1,snapshot_20150919T025947Z
835779,72.92182763888889,1,1,snapshot_20150919T025947Z
836045,80.86055137731482,1,2,snapshot_20150919T025947Z
836186,42.484852071759256,1,1,snapshot_20150919T025947Z
836212,58.185205798611115,2,2,snapshot_20150919T025947Z
836341,115.18859319444444,1,1,snapshot_20150919T025947Z
836347,68.95393802083333,1,1,snapshot_20150919T025947Z
836485,120.58521399305556,1,1,snapshot_20150919T025947Z
836542,95.34970166666668,1,1,snapshot_20150919T025947Z
836635,76.17464332175926,79,90,snapshot_20150919T025947Z
836799,86.97328248842592,1,1,snapshot_20150919T025947Z
836852,120.10797398148148,1,1,snapshot_20150919T025947Z
837052,101.35998981481481,2,4,snapshot_20150919T025947Z
837186,113.32111983796297,1,1,snapshot_20150919T025947Z
837197,51.49681966435185,1,1,snapshot_20150919T025947Z
837233,32.165811157407404,1,1,snapshot_20150919T025947Z
837242,17.37092553240741,1,1,snapshot_20150919T025947Z
837352,91.44743070601852,1,1,snapshot_20150919T025947Z
837376,6.049597407407408,1,1,snapshot_20150919T025947Z
837377,54.9310221875,1,5,snapshot_20150919T025947Z
837613,15.275981840277778,1,1,snapshot_20150919T025947Z
837657,43.11454203703704,1,2,snapshot_20150919T025947Z
837675,22.236594733796295,1,1,snapshot_20150919T025947Z
837781,66.17833777777777,1,1,snapshot_20150919T025947Z
837952,57.285059583333336,1,1,snapshot_20150919T025947Z
838086,77.37844431712962,1,1,snapshot_20150919T025947Z
838113,57.55462269675925,1,1,snapshot_20150919T025947Z
838154,65.43635564814814,1,1,snapshot_20150919T025947Z
838194,35.19233215277778,1,1,snapshot_20150919T025947Z
838226,53.861878391203696,1,2,snapshot_20150919T025947Z
838490,48.15849137731481,1,1,snapshot_20150919T025947Z
839322,31.02262425925926,1,2,snapshot_20150919T025947Z
839347,135.98832837962965,1,1,snapshot_20150919T025947Z
839496,78.14072862268519,1,1,snapshot_20150919T025947Z
839529,19.78804054398148,1,1,snapshot_20150919T025947Z
839704,122.37583613425926,1,1,snapshot_20150919T025947Z
839761,38.43806752314815,1,1,snapshot_20150919T025947Z
839832,40.144104675925924,1,1,snapshot_20150919T025947Z
839860,114.36595403935185,1,1,snapshot_20150919T025947Z
840029,36.207611585648145,1,1,snapshot_20150919T025947Z
840031,60.89930329861111,1,1,snapshot_20150919T025947Z
840076,62.423688310185184,1,1,snapshot_20150919T025947Z
840234,24.981389409722222,1,1,snapshot_20150919T025947Z
840427,50.36955520833334,1,1,snapshot_20150919T025947Z
840638,19.16601528935185,1,1,snapshot_20150919T025947Z
840742,51.121480740740736,1,1,snapshot_20150919T025947Z
840783,51.458227094907414,1,1,snapshot_20150919T025947Z
840793,29.231334525462962,1,1,snapshot_20150919T025947Z
840868,122.45942921296297,1,1,snapshot_20150919T025947Z
841511,88.21079221064815,1,1,snapshot_20150919T025947Z
841560,1.398254212962963,1,1,snapshot_20150919T025947Z
841657,16.18136976851852,1,1,snapshot_20150919T025947Z
841767,22.271013113425926,1,1,snapshot_20150919T025947Z
841939,101.07653003472223,30,38,snapshot_20150919T025947Z
842249,113.40283552083334,1,1,snapshot_20150919T025947Z
842264,15.224049525462963,1,1,snapshot_20150919T025947Z
842297,46.41998534722222,1,1,snapshot_20150919T025947Z
842357,60.14103996527778,1,1,snapshot_20150919T025947Z
842413,71.26832331018518,1,1,snapshot_20150919T025947Z
842547,36.23450282407408,1,1,snapshot_20150919T025947Z
842640,122.83294160879629,1,1,snapshot_20150919T025947Z
842713,19.29629314814815,1,1,snapshot_20150919T025947Z
842906,10.24973306712963,1,1,snapshot_20150919T025947Z
843246,4.258945381944445,1,1,snapshot_20150919T025947Z
843284,43.91686609953704,1,2,snapshot_20150919T025947Z
843382,84.89015253472222,1,1,snapshot_20150919T025947Z
843438,114.94954517361111,1,2,snapshot_20150919T025947Z
843535,96.14139061342593,1,1,snapshot_20150919T025947Z
843754,128.42192689814814,1,1,snapshot_20150919T025947Z
843805,60.19820890046296,1,1,snapshot_20150919T025947Z
843884,18.481328668981483,1,1,snapshot_20150919T025947Z
844369,47.837251932870366,1,1,snapshot_20150919T025947Z
844406,19.441907395833336,1,1,snapshot_20150919T025947Z
844423,74.37991506944444,1,1,snapshot_20150919T025947Z
844650,65.29062796296296,1,1,snapshot_20150919T025947Z
844840,98.44784320601853,1,1,snapshot_20150919T025947Z
845364,23.507422569444444,1,1,snapshot_20150919T025947Z
845399,15.404923055555555,1,1,snapshot_20150919T025947Z
845681,9.071231180555555,1,1,snapshot_20150919T025947Z
845701,95.40232064814815,1,2,snapshot_20150919T025947Z
845909,44.50515471064815,1,1,snapshot_20150919T025947Z
846135,41.043464479166666,1,1,snapshot_20150919T025947Z
846194,88.07822453703703,1,1,snapshot_20150919T025947Z
846256,7.306639548611111,1,1,snapshot_20150919T025947Z
846581,123.33986334490741,1,1,snapshot_20150919T025947Z
846617,89.05185167824075,1,2,snapshot_20150919T025947Z
846650,85.45947766203705,1,1,snapshot_20150919T025947Z
846763,37.220402256944446,1,5,snapshot_20150919T025947Z
846775,66.1552259837963,1,2,snapshot_20150919T025947Z
846908,2.992355555555555,1,2,snapshot_20150919T025947Z
847359,42.207932256944446,1,1,snapshot_20150919T025947Z
848052,66.96588033564815,1,1,snapshot_20150919T025947Z
848086,24.15496451388889,1,1,snapshot_20150919T025947Z
848163,99.51208787037038,1,1,snapshot_20150919T025947Z
848371,74.82824501157407,1,1,snapshot_20150919T025947Z
848427,91.22144894675927,1,2,snapshot_20150919T025947Z
848474,23.35372162037037,1,1,snapshot_20150919T025947Z
848739,70.38130769675927,1,1,snapshot_20150919T025947Z
848806,133.220226875,1,1,snapshot_20150919T025947Z
849034,107.40032815972222,1,1,snapshot_20150919T025947Z
849201,53.14050025462963,1,1,snapshot_20150919T025947Z
849322,136.43884703703702,1,1,snapshot_20150919T025947Z
849756,22.32141784722222,1,1,snapshot_20150919T025947Z
849838,115.88762260416667,1,1,snapshot_20150919T025947Z
849872,92.47693001157407,1,2,snapshot_20150919T025947Z
849908,106.99920625,1,1,snapshot_20150919T025947Z
849941,137.85208880787036,1,1,snapshot_20150919T025947Z
849992,29.36630271990741,1,1,snapshot_20150919T025947Z
850173,109.25963180555554,1,1,snapshot_20150919T025947Z
850317,117.9562282523148,2,2,snapshot_20150919T025947Z
850320,93.90741337962963,1,1,snapshot_20150919T025947Z
850462,19.748351261574076,1,1,snapshot_20150919T025947Z
850520,110.15797640046297,1,2,snapshot_20150919T025947Z
850561,33.9312462037037,1,1,snapshot_20150919T025947Z
850564,70.4197108912037,1,3,snapshot_20150919T025947Z
850942,122.44751466435186,1,1,snapshot_20150919T025947Z
850983,12.851314675925925,1,1,snapshot_20150919T025947Z
851049,111.42139440972223,1,1,snapshot_20150919T025947Z
851095,43.51953890046296,1,1,snapshot_20150919T025947Z
851228,87.35294622685184,1,1,snapshot_20150919T025947Z
851296,58.457175740740745,1,1,snapshot_20150919T025947Z
851416,84.15021159722222,1,1,snapshot_20150919T025947Z
851563,128.28984503472222,1,1,snapshot_20150919T025947Z
851653,88.23065818287037,1,1,snapshot_20150919T025947Z
851858,69.02181626157407,1,1,snapshot_20150919T025947Z
851970,7.26926775462963,1,1,snapshot_20150919T025947Z
851973,108.31406493055556,1,1,snapshot_20150919T025947Z
852055,86.23311505787036,1,2,snapshot_20150919T025947Z
852118,57.178510636574075,1,1,snapshot_20150919T025947Z
852251,75.1408697800926,1,4,snapshot_20150919T025947Z
852252,39.20806450231481,1,1,snapshot_20150919T025947Z
852288,46.8930547800926,1,1,snapshot_20150919T025947Z
852548,121.9911384375,1,1,snapshot_20150919T025947Z
852757,51.96449974537037,1,2,snapshot_20150919T025947Z
852875,86.41575050925925,1,1,snapshot_20150919T025947Z
853218,129.4413292013889,1,1,snapshot_20150919T025947Z
853312,128.41197077546298,1,1,snapshot_20150919T025947Z
853545,74.90698804398149,1,1,snapshot_20150919T025947Z
853627,127.33893042824074,1,1,snapshot_20150919T025947Z
853747,81.24456572916667,2,2,snapshot_20150919T025947Z
853851,105.20083065972221,1,1,snapshot_20150919T025947Z
853860,111.23504178240741,1,1,snapshot_20150919T025947Z
853874,79.98570517361111,1,1,snapshot_20150919T025947Z
854134,22.969097939814812,3,3,snapshot_20150919T025947Z
854227,8.308219745370371,1,1,snapshot_20150919T025947Z
854310,102.58445484953704,1,1,snapshot_20150919T025947Z
854415,14.551036030092593,1,1,snapshot_20150919T025947Z
854516,65.90272431712962,1,1,snapshot_20150919T025947Z
854517,16.250744027777777,1,1,snapshot_20150919T025947Z
854570,120.36958175925926,1,1,snapshot_20150919T025947Z
854740,109.16337894675925,1,1,snapshot_20150919T025947Z
854797,5.465828472222222,1,2,snapshot_20150919T025947Z
854854,94.22040384259259,1,1,snapshot_20150919T025947Z
854858,107.93476254629628,1,1,snapshot_20150919T025947Z
854863,100.85090445601851,1,1,snapshot_20150919T025947Z
854879,58.923118298611115,1,1,snapshot_20150919T025947Z
855092,136.90929034722222,1,1,snapshot_20150919T025947Z
855251,137.19703427083334,1,1,snapshot_20150919T025947Z
855383,85.139788125,2,2,snapshot_20150919T025947Z
855614,105.15837309027778,1,2,snapshot_20150919T025947Z
855713,38.151270983796294,2,3,snapshot_20150919T025947Z
855728,133.00454282407406,5,5,snapshot_20150919T025947Z
855941,49.46594519675926,1,1,snapshot_20150919T025947Z
856226,128.1291762384259,2,3,snapshot_20150919T025947Z
856304,52.462675428240736,4,4,snapshot_20150919T025947Z
856489,38.19323510416667,1,1,snapshot_20150919T025947Z
856584,38.442225011574074,1,3,snapshot_20150919T025947Z
856600,12.121945381944444,1,1,snapshot_20150919T025947Z
856639,124.97670765046296,1,1,snapshot_20150919T025947Z
856753,112.96796480324075,1,1,snapshot_20150919T025947Z
856766,5.426002754629629,1,1,snapshot_20150919T025947Z
856826,79.19325716435185,1,1,snapshot_20150919T025947Z
856897,119.4385292824074,1,1,snapshot_20150919T025947Z
856909,117.4477347337963,1,1,snapshot_20150919T025947Z
856949,87.03996291666667,1,1,snapshot_20150919T025947Z
857013,53.165302627314816,2,2,snapshot_20150919T025947Z
857125,58.34097672453704,1,1,snapshot_20150919T025947Z
857188,62.143762268518515,1,1,snapshot_20150919T025947Z
857417,66.26852458333333,1,1,snapshot_20150919T025947Z
857465,123.14009425925926,1,2,snapshot_20150919T025947Z
857716,14.933646689814815,1,2,snapshot_20150919T025947Z
858052,50.31821456018518,1,1,snapshot_20150919T025947Z
858127,108.00592050925925,1,1,snapshot_20150919T025947Z
858299,72.55426733796295,1,1,snapshot_20150919T025947Z
858324,35.24603297453704,2,2,snapshot_20150919T025947Z
858411,136.82381876157407,2,2,snapshot_20150919T025947Z
858445,102.86680421296296,2,2,snapshot_20150919T025947Z
858493,136.43954751157406,1,1,snapshot_20150919T025947Z
858524,129.22141516203703,1,1,snapshot_20150919T025947Z
858750,59.32099815972223,1,1,snapshot_20150919T025947Z
858934,131.3101354861111,1,1,snapshot_20150919T025947Z
858951,9.191559826388888,1,1,snapshot_20150919T025947Z
858966,126.89363145833333,1,1,snapshot_20150919T025947Z
859012,4.371139398148149,1,1,snapshot_20150919T025947Z
859080,52.35091349537037,1,1,snapshot_20150919T025947Z
859454,108.41042275462964,1,3,snapshot_20150919T025947Z
859462,101.33846498842593,1,1,snapshot_20150919T025947Z
859654,47.009700405092595,1,1,snapshot_20150919T025947Z
859783,107.22718828703704,1,1,snapshot_20150919T025947Z
859964,44.482340127314814,1,1,snapshot_20150919T025947Z
860026,36.39630105324074,1,1,snapshot_20150919T025947Z
860075,76.80199605324074,1,3,snapshot_20150919T025947Z
860099,55.92370069444445,1,1,snapshot_20150919T025947Z
860228,87.27913291666667,1,1,snapshot_20150919T025947Z
860295,8.202427245370371,1,1,snapshot_20150919T025947Z
860652,30.938554085648146,1,2,snapshot_20150919T025947Z
860950,45.26250679398148,1,1,snapshot_20150919T025947Z
861157,65.28826159722222,1,1,snapshot_20150919T025947Z
861158,94.19129700231481,1,1,snapshot_20150919T025947Z
861173,124.30091302083333,1,2,snapshot_20150919T025947Z
861299,31.025398206018515,148,188,snapshot_20150919T025947Z
861301,31.149378993055556,1,1,snapshot_20150919T025947Z
861356,63.10410122685185,1,1,snapshot_20150919T025947Z
861630,60.310647118055556,1,2,snapshot_20150919T025947Z
861638,81.99855894675926,1,1,snapshot_20150919T025947Z
861651,99.03887738425925,1,2,snapshot_20150919T025947Z
861923,95.1761127662037,1,2,snapshot_20150919T025947Z
861940,135.99212020833335,1,1,snapshot_20150919T025947Z
862280,87.99220693287036,1,1,snapshot_20150919T025947Z
862551,23.451872662037037,1,1,snapshot_20150919T025947Z
862608,43.576446770833336,1,1,snapshot_20150919T025947Z
862751,22.290600555555557,1,1,snapshot_20150919T025947Z
862797,46.02227056712963,1,1,snapshot_20150919T025947Z
862823,67.26021862268519,1,1,snapshot_20150919T025947Z
863141,71.19935321759259,1,1,snapshot_20150919T025947Z
863181,9.16888662037037,1,1,snapshot_20150919T025947Z
863183,43.27253315972222,1,1,snapshot_20150919T025947Z
863203,44.227884155092596,1,1,snapshot_20150919T025947Z
863219,66.22568166666666,20,28,snapshot_20150919T025947Z
863250,120.26510394675927,1,1,snapshot_20150919T025947Z
863260,67.12578256944444,1,1,snapshot_20150919T025947Z
863345,10.310604108796296,1,1,snapshot_20150919T025947Z
863452,59.44218313657407,1,1,snapshot_20150919T025947Z
863549,38.01712017361111,1,2,snapshot_20150919T025947Z
863634,7.113272754629629,1,2,snapshot_20150919T025947Z
863830,23.996293344907407,1,2,snapshot_20150919T025947Z
864077,74.30302114583333,1,1,snapshot_20150919T025947Z
864512,11.415050868055555,1,1,snapshot_20150919T025947Z
864513,137.19812944444445,1,2,snapshot_20150919T025947Z
864621,52.47797444444444,1,1,snapshot_20150919T025947Z
864632,6.863563414351852,1,1,snapshot_20150919T025947Z
864696,44.51863181712963,1,1,snapshot_20150919T025947Z
864738,24.502192337962963,1,2,snapshot_20150919T025947Z
864847,13.404995405092592,1,1,snapshot_20150919T025947Z
864848,80.66495804398149,1,1,snapshot_20150919T025947Z
865129,128.6582445023148,1,1,snapshot_20150919T025947Z
865268,124.11533476851852,1,1,snapshot_20150919T025947Z
865376,3.186243368055556,1,2,snapshot_20150919T025947Z
865620,88.35146553240742,1,1,snapshot_20150919T025947Z
865638,87.50304721064815,1,1,snapshot_20150919T025947Z
865646,101.25139894675927,1,1,snapshot_20150919T025947Z
865905,128.1592440162037,1,1,snapshot_20150919T025947Z
865938,55.89511869212963,1,1,snapshot_20150919T025947Z
865943,114.48492524305554,1,1,snapshot_20150919T025947Z
866176,29.422823784722222,1,1,snapshot_20150919T025947Z
866191,65.19402759259259,2,6,snapshot_20150919T025947Z
866242,57.20114811342592,3,3,snapshot_20150919T025947Z
866327,59.30814938657407,1,1,snapshot_20150919T025947Z
866540,109.33168609953704,1,1,snapshot_20150919T025947Z
866629,61.183571388888886,1,1,snapshot_20150919T025947Z
866887,39.0139440625,1,1,snapshot_20150919T025947Z
866924,103.50232113425926,1,1,snapshot_20150919T025947Z
867161,93.28619627314815,1,1,snapshot_20150919T025947Z
867219,8.346714479166668,1,1,snapshot_20150919T025947Z
867277,114.91935071759261,1,1,snapshot_20150919T025947Z
867302,100.26220119212964,1,1,snapshot_20150919T025947Z
867355,92.96151964120371,1,3,snapshot_20150919T025947Z
867365,112.70813765046297,1,1,snapshot_20150919T025947Z
867441,7.079097997685186,1,3,snapshot_20150919T025947Z
867490,118.8575232523148,1,1,snapshot_20150919T025947Z
867658,3.4481409375,1,1,snapshot_20150919T025947Z
867768,83.24282440972222,2,2,snapshot_20150919T025947Z
867926,11.384655486111111,1,1,snapshot_20150919T025947Z
868057,102.25406869212964,2,3,snapshot_20150919T025947Z
868302,29.16623396990741,1,1,snapshot_20150919T025947Z
868429,121.88274524305555,1,1,snapshot_20150919T025947Z
868475,48.31716788194445,1,1,snapshot_20150919T025947Z
868499,79.38032997685185,1,1,snapshot_20150919T025947Z
868505,114.22326634259258,1,2,snapshot_20150919T025947Z
868541,137.19795008101852,6,7,snapshot_20150919T025947Z
868795,35.89017236111111,1,1,snapshot_20150919T025947Z
868964,93.03293782407407,1,1,snapshot_20150919T025947Z
868985,70.62878761574073,1,1,snapshot_20150919T025947Z
869008,138.9808610763889,1,1,snapshot_20150919T025947Z
869081,30.03540033564815,1,1,snapshot_20150919T025947Z
869101,73.22123356481481,1,1,snapshot_20150919T025947Z
869123,103.27113863425926,1,1,snapshot_20150919T025947Z
869170,31.059526909722223,1,1,snapshot_20150919T025947Z
869183,94.0039538425926,1,1,snapshot_20150919T025947Z
869275,54.20817048611111,1,1,snapshot_20150919T025947Z
869432,127.24025243055556,2,2,snapshot_20150919T025947Z
869542,57.273549340277775,1,1,snapshot_20150919T025947Z
869544,90.00501144675926,1,1,snapshot_20150919T025947Z
869576,72.30601703703704,1,1,snapshot_20150919T025947Z
869663,114.36184565972222,1,1,snapshot_20150919T025947Z
869899,66.45280443287038,1,1,snapshot_20150919T025947Z
870052,97.09075743055556,1,1,snapshot_20150919T025947Z
870114,18.322463194444445,1,1,snapshot_20150919T025947Z
870243,46.38994059027778,1,1,snapshot_20150919T025947Z
870323,129.47939608796298,1,3,snapshot_20150919T025947Z
870390,11.44342804398148,1,1,snapshot_20150919T025947Z
870683,91.90762831018519,1,1,snapshot_20150919T025947Z
870834,3.261010949074074,1,1,snapshot_20150919T025947Z
870843,19.972179780092592,1,2,snapshot_20150919T025947Z
871147,51.44004505787037,1,1,snapshot_20150919T025947Z
871178,127.2601803587963,1,1,snapshot_20150919T025947Z
871243,1.4242548958333334,1,1,snapshot_20150919T025947Z
871303,99.33834105324074,1,1,snapshot_20150919T025947Z
871359,38.945401006944444,1,1,snapshot_20150919T025947Z
871413,23.182080636574074,1,1,snapshot_20150919T025947Z
871414,128.24264710648148,1,1,snapshot_20150919T025947Z
871424,11.420425497685185,1,1,snapshot_20150919T025947Z
871476,72.2372019675926,1,1,snapshot_20150919T025947Z
871854,133.451704375,1,1,snapshot_20150919T025947Z
871971,97.41463728009259,1,1,snapshot_20150919T025947Z
872005,129.29574193287038,1,1,snapshot_20150919T025947Z
872183,137.15710994212964,1,1,snapshot_20150919T025947Z
872187,89.1651996412037,1,1,snapshot_20150919T025947Z
872338,94.3675156712963,1,7,snapshot_20150919T025947Z
872457,30.32712699074074,1,1,snapshot_20150919T025947Z
872574,9.82903667824074,1,1,snapshot_20150919T025947Z
872690,73.49363037037037,1,1,snapshot_20150919T025947Z
872963,23.41109150462963,1,2,snapshot_20150919T025947Z
873157,31.93637181712963,1,2,snapshot_20150919T025947Z
873285,64.74067265046295,1,1,snapshot_20150919T025947Z
873287,2.5745689814814816,1,1,snapshot_20150919T025947Z
873353,72.28099054398147,1,3,snapshot_20150919T025947Z
873361,40.91952856481482,1,1,snapshot_20150919T025947Z
873401,109.3794881712963,1,1,snapshot_20150919T025947Z
873435,116.35511665509259,1,1,snapshot_20150919T025947Z
873597,126.08122651620371,1,1,snapshot_20150919T025947Z
873605,134.32389601851852,1,1,snapshot_20150919T025947Z
874288,79.27407086805556,1,1,snapshot_20150919T025947Z
874524,71.33104415509258,1,1,snapshot_20150919T025947Z
874668,129.3666438888889,1,1,snapshot_20150919T025947Z
874723,29.84495892361111,1,1,snapshot_20150919T025947Z
875146,56.088968888888886,1,2,snapshot_20150919T025947Z
875263,88.3756757523148,1,1,snapshot_20150919T025947Z
875441,42.124097928240744,1,1,snapshot_20150919T025947Z
875496,27.40243605324074,1,1,snapshot_20150919T025947Z
875538,17.388082858796295,1,1,snapshot_20150919T025947Z
875557,60.3629222800926,1,1,snapshot_20150919T025947Z
875801,95.3748993287037,1,1,snapshot_20150919T025947Z
875891,133.93127658564816,1,1,snapshot_20150919T025947Z
875921,122.41869273148147,3,4,snapshot_20150919T025947Z
875980,2.235053946759259,1,1,snapshot_20150919T025947Z
876029,25.53411133101852,1,1,snapshot_20150919T025947Z
876241,75.20086591435185,1,1,snapshot_20150919T025947Z
876254,127.48701619212962,1,1,snapshot_20150919T025947Z
876319,30.1505840625,1,1,snapshot_20150919T025947Z
876323,126.37708072916666,1,1,snapshot_20150919T025947Z
876481,97.16376186342593,1,1,snapshot_20150919T025947Z
876581,109.12358883101851,1,1,snapshot_20150919T025947Z
876612,60.32984837962963,1,1,snapshot_20150919T025947Z
876719,11.858022407407407,1,1,snapshot_20150919T025947Z
877058,116.27345311342592,1,2,snapshot_20150919T025947Z
877108,74.5015690625,1,1,snapshot_20150919T025947Z
877212,134.42571229166666,1,1,snapshot_20150919T025947Z
877289,31.185710428240743,1,1,snapshot_20150919T025947Z
877309,11.117010648148147,1,1,snapshot_20150919T025947Z
877421,86.30946592592592,1,1,snapshot_20150919T025947Z
877486,12.745108368055554,1,2,snapshot_20150919T025947Z
877963,89.19499767361111,1,1,snapshot_20150919T025947Z
878229,102.14090761574073,1,1,snapshot_20150919T025947Z
878466,3.8879983217592593,1,2,snapshot_20150919T025947Z
878690,105.92355664351851,1,1,snapshot_20150919T025947Z
878699,79.2827271875,1,1,snapshot_20150919T025947Z
879019,129.3347804861111,1,2,snapshot_20150919T025947Z
879063,101.93067324074073,1,1,snapshot_20150919T025947Z
879169,135.27544599537038,1,1,snapshot_20150919T025947Z
879173,122.16531994212961,1,1,snapshot_20150919T025947Z
879320,37.15215554398148,1,1,snapshot_20150919T025947Z
879518,57.13979613425926,1,1,snapshot_20150919T025947Z
879685,103.34620537037037,1,2,snapshot_20150919T025947Z
879818,18.233320115740742,1,3,snapshot_20150919T025947Z
879907,115.13479031249999,1,2,snapshot_20150919T025947Z
880099,77.13784028935184,1,1,snapshot_20150919T025947Z
880333,37.232229699074075,1,1,snapshot_20150919T025947Z
880377,121.81112328703703,1,1,snapshot_20150919T025947Z
880465,98.80577753472221,1,2,snapshot_20150919T025947Z
880513,92.91211173611111,1,1,snapshot_20150919T025947Z
880629,79.30086094907408,1,1,snapshot_20150919T025947Z
880840,69.2376371412037,1,1,snapshot_20150919T025947Z
880959,62.293021388888896,1,1,snapshot_20150919T025947Z
881061,43.98221579861111,1,3,snapshot_20150919T025947Z
881365,83.99894641203703,1,1,snapshot_20150919T025947Z
881599,132.37531042824074,1,1,snapshot_20150919T025947Z
881608,124.9765837962963,1,1,snapshot_20150919T025947Z
881734,79.52738974537037,1,1,snapshot_20150919T025947Z
881932,127.25420427083333,2,2,snapshot_20150919T025947Z
881948,53.23693039351852,1,1,snapshot_20150919T025947Z
881999,57.34542248842592,2,2,snapshot_20150919T025947Z
882108,9.534243807870372,1,2,snapshot_20150919T025947Z
882313,136.35632724537038,1,1,snapshot_20150919T025947Z
882367,47.387497870370375,1,1,snapshot_20150919T025947Z
882469,30.086655578703702,1,1,snapshot_20150919T025947Z
883069,81.1587701388889,1,2,snapshot_20150919T025947Z
883093,44.24711222222222,1,3,snapshot_20150919T025947Z
883121,59.00540616898149,1,1,snapshot_20150919T025947Z
883355,79.87001956018518,1,1,snapshot_20150919T025947Z
883404,9.563352025462963,1,1,snapshot_20150919T025947Z
883655,42.40489087962963,1,1,snapshot_20150919T025947Z
883693,28.12795798611111,1,1,snapshot_20150919T025947Z
883745,14.056713101851853,4,8,snapshot_20150919T025947Z
883817,116.88566813657407,1,1,snapshot_20150919T025947Z
883927,18.269282731481482,1,1,snapshot_20150919T025947Z
884078,57.41336759259259,1,1,snapshot_20150919T025947Z
884409,136.39401447916666,1,1,snapshot_20150919T025947Z
884495,112.08556177083334,1,1,snapshot_20150919T025947Z
884534,65.39218090277778,1,1,snapshot_20150919T025947Z
884674,44.21669869212963,1,1,snapshot_20150919T025947Z
884923,39.21552075231481,1,1,snapshot_20150919T025947Z
884927,133.87814431712962,1,1,snapshot_20150919T025947Z
884928,91.3319087037037,1,2,snapshot_20150919T025947Z
885199,87.97232049768519,1,1,snapshot_20150919T025947Z
885223,127.57160667824074,2,3,snapshot_20150919T025947Z
885324,123.03705113425926,1,1,snapshot_20150919T025947Z
885513,117.22710434027778,1,1,snapshot_20150919T025947Z
885852,114.2433071412037,1,1,snapshot_20150919T025947Z
885864,52.36086730324074,1,1,snapshot_20150919T025947Z
885899,119.21831094907407,1,1,snapshot_20150919T025947Z
885909,81.30735930555555,1,1,snapshot_20150919T025947Z
886025,59.44674813657407,1,1,snapshot_20150919T025947Z
886110,124.0274029513889,1,2,snapshot_20150919T025947Z
886166,109.92810487268518,1,3,snapshot_20150919T025947Z
886178,98.28943681712963,1,1,snapshot_20150919T025947Z
886313,136.95235263888887,1,2,snapshot_20150919T025947Z
886390,65.85752936342593,1,1,snapshot_20150919T025947Z
886402,105.00092027777778,1,1,snapshot_20150919T025947Z
886494,75.87457945601852,1,3,snapshot_20150919T025947Z
886766,94.3051936226852,1,1,snapshot_20150919T025947Z
886905,3.365536122685185,2,2,snapshot_20150919T025947Z
887007,44.939716608796296,1,1,snapshot_20150919T025947Z
887168,15.923325324074074,1,1,snapshot_20150919T025947Z
887269,3.1569032523148146,1,1,snapshot_20150919T025947Z
887451,36.27122826388889,1,1,snapshot_20150919T025947Z
887459,46.212164907407406,1,1,snapshot_20150919T025947Z
887488,32.44036255787037,4,4,snapshot_20150919T025947Z
887520,59.3635090625,1,1,snapshot_20150919T025947Z
887615,77.32775101851853,1,1,snapshot_20150919T025947Z
888165,50.98224256944445,1,1,snapshot_20150919T025947Z
888200,50.464895590277784,1,1,snapshot_20150919T025947Z
888465,93.08641640046297,1,1,snapshot_20150919T025947Z
888469,44.24700511574074,1,2,snapshot_20150919T025947Z
888537,30.89854261574074,2,5,snapshot_20150919T025947Z
888593,21.850390243055553,1,1,snapshot_20150919T025947Z
888717,34.81769123842593,1,1,snapshot_20150919T025947Z
888739,106.03432708333332,1,1,snapshot_20150919T025947Z
888741,108.19094060185185,1,3,snapshot_20150919T025947Z
888829,89.88624375,1,1,snapshot_20150919T025947Z
888834,114.48838538194444,1,2,snapshot_20150919T025947Z
888860,26.042130520833332,1,1,snapshot_20150919T025947Z
888881,92.37303346064814,1,3,snapshot_20150919T025947Z
889244,7.456623240740741,1,1,snapshot_20150919T025947Z
889407,136.35198532407406,1,1,snapshot_20150919T025947Z
889526,37.540914479166666,1,1,snapshot_20150919T025947Z
889692,35.33827930555555,1,1,snapshot_20150919T025947Z
889801,129.3092075,1,1,snapshot_20150919T025947Z
889802,105.21875059027779,1,1,snapshot_20150919T025947Z
889964,46.229879618055556,1,1,snapshot_20150919T025947Z
889997,122.23044820601851,1,1,snapshot_20150919T025947Z
890047,4.806444513888889,2,2,snapshot_20150919T025947Z
890105,29.263978726851853,1,4,snapshot_20150919T025947Z
890290,92.39843425925926,1,1,snapshot_20150919T025947Z
890458,56.908476539351845,1,1,snapshot_20150919T025947Z
890611,95.1127309837963,1,1,snapshot_20150919T025947Z
890915,132.00879090277778,1,1,snapshot_20150919T025947Z
890980,52.12684224537037,104,145,snapshot_20150919T025947Z
891134,17.887762037037035,1,1,snapshot_20150919T025947Z
891328,20.96387364583333,1,2,snapshot_20150919T025947Z
891726,116.2910191087963,1,1,snapshot_20150919T025947Z
891847,1.5147759722222223,1,1,snapshot_20150919T025947Z
891938,46.35672306712963,1,1,snapshot_20150919T025947Z
891942,60.25592398148149,1,1,snapshot_20150919T025947Z
892018,55.96286009259259,1,1,snapshot_20150919T025947Z
892316,23.304603842592595,1,1,snapshot_20150919T025947Z
892355,95.36580385416666,33,38,snapshot_20150919T025947Z
892371,128.39841924768518,1,1,snapshot_20150919T025947Z
892394,5.15788488425926,2,2,snapshot_20150919T025947Z
892424,124.82336983796296,1,1,snapshot_20150919T025947Z
892464,81.3858941087963,1,1,snapshot_20150919T025947Z
892515,2.5093333680555556,1,1,snapshot_20150919T025947Z
892646,60.29739340277778,1,1,snapshot_20150919T025947Z
892697,90.28095197916667,1,1,snapshot_20150919T025947Z
892706,53.28986467592593,2,2,snapshot_20150919T025947Z
892771,84.39045974537036,1,1,snapshot_20150919T025947Z
893009,58.24752228009259,2,2,snapshot_20150919T025947Z
893043,108.43396350694445,1,1,snapshot_20150919T025947Z
893113,107.58623391203703,1,1,snapshot_20150919T025947Z
893155,97.33750031250001,1,1,snapshot_20150919T025947Z
893232,74.23681256944444,1,1,snapshot_20150919T025947Z
893345,23.541047349537035,1,1,snapshot_20150919T025947Z
893541,30.83260021990741,2,3,snapshot_20150919T025947Z
893630,59.060790983796295,1,1,snapshot_20150919T025947Z
893695,135.4253955439815,1,1,snapshot_20150919T025947Z
893784,100.3248923611111,1,1,snapshot_20150919T025947Z
893962,118.02605872685184,1,1,snapshot_20150919T025947Z
894034,131.5600153935185,1,3,snapshot_20150919T025947Z
894065,4.080343981481481,1,1,snapshot_20150919T025947Z
894114,12.183214386574074,1,4,snapshot_20150919T025947Z
894153,57.255884143518514,2,4,snapshot_20150919T025947Z
894476,116.25559814814814,1,1,snapshot_20150919T025947Z
894696,66.94437164351852,2,2,snapshot_20150919T025947Z
895189,71.1589733912037,1,1,snapshot_20150919T025947Z
895230,59.01946987268518,1,2,snapshot_20150919T025947Z
895547,78.89365912037037,2,2,snapshot_20150919T025947Z
895590,121.39956403935186,1,1,snapshot_20150919T025947Z
895690,111.41419451388889,1,1,snapshot_20150919T025947Z
895733,75.05427853009259,2,10,snapshot_20150919T025947Z
895744,59.98548116898148,1,1,snapshot_20150919T025947Z
895969,58.28603619212963,2,2,snapshot_20150919T025947Z
895999,1.3627877546296296,44,50,snapshot_20150919T025947Z
896012,21.373450405092594,1,3,snapshot_20150919T025947Z
896066,7.419381064814814,9,10,snapshot_20150919T025947Z
896088,49.39220118055555,1,2,snapshot_20150919T025947Z
896188,30.798235370370367,1,1,snapshot_20150919T025947Z
896273,123.31857943287038,1,1,snapshot_20150919T025947Z
896274,92.90213934027777,1,1,snapshot_20150919T025947Z
896347,25.547383171296296,10,17,snapshot_20150919T025947Z
896538,121.29647805555555,1,1,snapshot_20150919T025947Z
896640,14.28524101851852,1,1,snapshot_20150919T025947Z
896750,124.26907101851852,1,1,snapshot_20150919T025947Z
897013,5.522531180555556,1,1,snapshot_20150919T025947Z
897017,95.42670425925925,1,1,snapshot_20150919T025947Z
897109,101.05151820601853,1,1,snapshot_20150919T025947Z
897140,51.38662759259259,1,1,snapshot_20150919T025947Z
897209,50.33325954861111,1,1,snapshot_20150919T025947Z
897308,115.32596784722222,1,1,snapshot_20150919T025947Z
897374,31.86732144675926,1,1,snapshot_20150919T025947Z
897411,28.93448087962963,1,1,snapshot_20150919T025947Z
897565,45.9458490162037,1,1,snapshot_20150919T025947Z
897665,94.38004418981481,1,1,snapshot_20150919T025947Z
897873,106.12833921296296,1,1,snapshot_20150919T025947Z
897961,13.472230752314815,1,1,snapshot_20150919T025947Z
897982,47.18681684027778,1,1,snapshot_20150919T025947Z
897984,11.403520439814814,1,1,snapshot_20150919T025947Z
898096,88.36477465277778,1,1,snapshot_20150919T025947Z
898161,33.025835046296294,1,1,snapshot_20150919T025947Z
898506,68.23425266203704,1,1,snapshot_20150919T025947Z
898590,22.268887083333333,1,1,snapshot_20150919T025947Z
898655,126.4354299074074,1,1,snapshot_20150919T025947Z
898902,74.27870896990741,1,1,snapshot_20150919T025947Z
899006,49.265864363425926,1,1,snapshot_20150919T025947Z
899008,35.022514675925926,1,1,snapshot_20150919T025947Z
899357,136.33036015046298,1,2,snapshot_20150919T025947Z
899494,84.43521306712962,1,1,snapshot_20150919T025947Z
899781,47.22454004629629,2,2,snapshot_20150919T025947Z
899836,51.16659218750001,1,1,snapshot_20150919T025947Z
899857,8.401321655092593,51,72,snapshot_20150919T025947Z
899898,77.06088074074074,1,1,snapshot_20150919T025947Z
899963,71.22591820601852,1,1,snapshot_20150919T025947Z
900369,112.31929858796296,1,1,snapshot_20150919T025947Z
900674,127.48089626157409,1,1,snapshot_20150919T025947Z
900715,44.16818859953704,1,1,snapshot_20150919T025947Z
900820,96.22162340277778,1,1,snapshot_20150919T025947Z
900966,21.089954074074072,1,1,snapshot_20150919T025947Z
901007,83.01862989583333,1,1,snapshot_20150919T025947Z
901221,85.16905851851853,1,1,snapshot_20150919T025947Z
901283,93.36725297453704,1,1,snapshot_20150919T025947Z
901422,14.325277141203705,1,1,snapshot_20150919T025947Z
901467,105.2836025925926,1,1,snapshot_20150919T025947Z
901801,93.15876940972223,1,1,snapshot_20150919T025947Z
901880,42.29045079861111,1,1,snapshot_20150919T025947Z
901953,67.37131961805555,1,2,snapshot_20150919T025947Z
901963,43.47525023148148,1,1,snapshot_20150919T025947Z
902186,59.420790983796294,2,3,snapshot_20150919T025947Z
902220,138.22702050925926,1,1,snapshot_20150919T025947Z
902243,125.05319296296295,1,1,snapshot_20150919T025947Z
902303,45.293393854166666,1,1,snapshot_20150919T025947Z
902561,77.08170766203705,1,1,snapshot_20150919T025947Z
902662,70.9129052199074,1,2,snapshot_20150919T025947Z
902701,65.37762891203704,1,1,snapshot_20150919T025947Z
902711,36.40294456018519,1,1,snapshot_20150919T025947Z
902756,37.223943310185184,1,3,snapshot_20150919T025947Z
902881,69.15542451388889,1,1,snapshot_20150919T025947Z
902934,137.1954374537037,1,1,snapshot_20150919T025947Z
903316,90.9403987037037,1,1,snapshot_20150919T025947Z
903507,104.81314583333334,2,4,snapshot_20150919T025947Z
903515,51.57260365740741,1,1,snapshot_20150919T025947Z
903580,78.01872342592593,1,1,snapshot_20150919T025947Z
903829,116.23961346064814,1,1,snapshot_20150919T025947Z
903847,93.82741072916666,1,3,snapshot_20150919T025947Z
903935,105.8393726851852,1,1,snapshot_20150919T025947Z
904015,18.958187060185185,1,1,snapshot_20150919T025947Z
904135,71.17701541666666,2,2,snapshot_20150919T025947Z
904167,74.46979498842592,1,1,snapshot_20150919T025947Z
904185,24.190706006944446,1,1,snapshot_20150919T025947Z
904265,38.051193877314816,1,1,snapshot_20150919T025947Z
904294,105.26917331018518,1,1,snapshot_20150919T025947Z
904351,30.454692453703704,13,14,snapshot_20150919T025947Z
904418,96.23469626157407,1,2,snapshot_20150919T025947Z
904485,51.32129892361111,1,1,snapshot_20150919T025947Z
904488,119.28344835648147,1,1,snapshot_20150919T025947Z
904709,73.31116769675927,1,1,snapshot_20150919T025947Z
904736,45.40339415509259,1,1,snapshot_20150919T025947Z
904879,52.45677283564815,1,1,snapshot_20150919T025947Z
904880,117.05235873842592,1,1,snapshot_20150919T025947Z
904885,103.91879027777779,1,1,snapshot_20150919T025947Z
904909,68.1827771412037,1,2,snapshot_20150919T025947Z
905132,64.1914935763889,1,1,snapshot_20150919T025947Z
905237,53.887860914351855,1,1,snapshot_20150919T025947Z
905280,80.25930363425925,1,1,snapshot_20150919T025947Z
905308,87.37689003472222,1,1,snapshot_20150919T025947Z
905375,3.1126044560185187,1,1,snapshot_20150919T025947Z
905476,27.31614679398148,2,2,snapshot_20150919T025947Z
905500,84.98724446759259,2,2,snapshot_20150919T025947Z
905698,70.44651571759259,1,1,snapshot_20150919T025947Z
905751,11.026840798611111,1,1,snapshot_20150919T025947Z
905872,5.0962876273148146,1,1,snapshot_20150919T025947Z
905936,96.22856704861111,2,2,snapshot_20150919T025947Z
905952,17.992770613425925,1,1,snapshot_20150919T025947Z
905976,21.145769768518516,1,1,snapshot_20150919T025947Z
906092,136.57181304398148,1,1,snapshot_20150919T025947Z
906126,10.019550729166665,1,1,snapshot_20150919T025947Z
906134,50.68230861111111,1,1,snapshot_20150919T025947Z
906238,105.08200893518519,2,2,snapshot_20150919T025947Z
906325,59.24376667824074,2,2,snapshot_20150919T025947Z
906550,64.49739336805555,1,1,snapshot_20150919T025947Z
906695,10.24346400462963,1,1,snapshot_20150919T025947Z
906703,79.00030199074074,1,1,snapshot_20150919T025947Z
906707,9.460562048611111,1,1,snapshot_20150919T025947Z
906711,30.005953055555555,1,1,snapshot_20150919T025947Z
906765,99.4343716087963,1,1,snapshot_20150919T025947Z
906835,121.45852527777778,1,1,snapshot_20150919T025947Z
906971,38.36576611111111,1,1,snapshot_20150919T025947Z
907091,107.39964130787037,1,1,snapshot_20150919T025947Z
907797,61.47546421296296,1,1,snapshot_20150919T025947Z
907812,5.243411851851851,1,1,snapshot_20150919T025947Z
907815,10.288019097222222,1,1,snapshot_20150919T025947Z
908278,80.82750866898148,1,1,snapshot_20150919T025947Z
908372,61.24108362268519,1,1,snapshot_20150919T025947Z
908446,81.31965196759259,1,1,snapshot_20150919T025947Z
908646,26.80515133101852,1,1,snapshot_20150919T025947Z
908786,48.38503184027778,1,1,snapshot_20150919T025947Z
908805,53.065994664351855,1,1,snapshot_20150919T025947Z
908818,59.226725011574075,1,1,snapshot_20150919T025947Z
908905,78.29912584490741,1,1,snapshot_20150919T025947Z
908941,102.09058957175925,1,1,snapshot_20150919T025947Z
908971,130.01003643518519,1,1,snapshot_20150919T025947Z
909277,25.31134028935185,1,1,snapshot_20150919T025947Z
909282,80.96664384259259,1,1,snapshot_20150919T025947Z
909547,80.19239366898148,1,1,snapshot_20150919T025947Z
910083,79.36187370370371,1,1,snapshot_20150919T025947Z
910106,71.92358309027777,1,1,snapshot_20150919T025947Z
910312,117.38712775462962,1,1,snapshot_20150919T025947Z
910472,100.39158311342592,1,1,snapshot_20150919T025947Z
910960,135.41316071759258,1,1,snapshot_20150919T025947Z
911093,109.02857863425926,1,3,snapshot_20150919T025947Z
911377,44.98449925925926,1,1,snapshot_20150919T025947Z
911378,22.005940763888887,1,1,snapshot_20150919T025947Z
911446,127.06825069444444,1,1,snapshot_20150919T025947Z
911447,25.998199444444445,1,1,snapshot_20150919T025947Z
911457,92.98152373842592,1,1,snapshot_20150919T025947Z
911674,104.22222085648147,1,1,snapshot_20150919T025947Z
911693,115.49055383101852,1,1,snapshot_20150919T025947Z
911744,113.33543237268519,1,1,snapshot_20150919T025947Z
911759,118.07228231481481,1,1,snapshot_20150919T025947Z
912102,113.51281697916667,1,1,snapshot_20150919T025947Z
912117,25.513397905092592,1,1,snapshot_20150919T025947Z
912214,91.23113347222223,1,1,snapshot_20150919T025947Z
912550,67.18663409722222,1,1,snapshot_20150919T025947Z
913045,95.9800408449074,2,2,snapshot_20150919T025947Z
913185,20.230583634259258,1,1,snapshot_20150919T025947Z
913201,130.00402689814817,2,4,snapshot_20150919T025947Z
913285,101.40694388888889,1,1,snapshot_20150919T025947Z
913454,138.31903199074074,1,1,snapshot_20150919T025947Z
913490,107.28039004629629,1,1,snapshot_20150919T025947Z
913725,56.218441134259265,1,1,snapshot_20150919T025947Z
913869,77.27838263888889,1,1,snapshot_20150919T025947Z
913976,5.432114907407407,1,1,snapshot_20150919T025947Z
914152,119.48945329861112,1,1,snapshot_20150919T025947Z
914409,59.15224116898148,1,8,snapshot_20150919T025947Z
914613,57.41583122685185,1,1,snapshot_20150919T025947Z
914617,4.4302831712962965,2,2,snapshot_20150919T025947Z
914636,60.123970856481485,1,1,snapshot_20150919T025947Z
914651,73.95675752314814,1,1,snapshot_20150919T025947Z
914734,49.75531226851852,1,1,snapshot_20150919T025947Z
914895,8.214675844907408,1,1,snapshot_20150919T025947Z
915019,118.89736766203703,1,1,snapshot_20150919T025947Z
915069,67.29582832175926,1,1,snapshot_20150919T025947Z
915126,116.28922859953704,4,4,snapshot_20150919T025947Z
915213,18.40720425925926,1,2,snapshot_20150919T025947Z
915374,108.06547160879629,1,1,snapshot_20150919T025947Z
915412,66.39691949074074,1,1,snapshot_20150919T025947Z
915485,71.38235173611112,1,1,snapshot_20150919T025947Z
915594,89.64751355324074,1,1,snapshot_20150919T025947Z
915623,25.37162094907407,1,1,snapshot_20150919T025947Z
915759,114.47078950231482,1,1,snapshot_20150919T025947Z
915892,93.93555449074074,1,1,snapshot_20150919T025947Z
916024,85.08870306712963,1,1,snapshot_20150919T025947Z
916332,24.393513715277777,1,1,snapshot_20150919T025947Z
916518,75.16927435185184,1,1,snapshot_20150919T025947Z
916527,10.495981284722223,1,1,snapshot_20150919T025947Z
916600,95.18429643518519,1,1,snapshot_20150919T025947Z
916601,2.2082380439814813,1,1,snapshot_20150919T025947Z
916742,22.222624479166665,1,1,snapshot_20150919T025947Z
917001,126.44424739583333,1,1,snapshot_20150919T025947Z
917005,58.28642648148148,1,1,snapshot_20150919T025947Z
917036,104.00133248842593,1,1,snapshot_20150919T025947Z
917038,100.25574969907407,1,1,snapshot_20150919T025947Z
917059,92.55718070601851,1,1,snapshot_20150919T025947Z
917188,63.46433586805556,1,1,snapshot_20150919T025947Z
917289,102.27587929398149,1,1,snapshot_20150919T025947Z
917293,107.38711535879631,1,1,snapshot_20150919T025947Z
917345,57.404600844907414,1,2,snapshot_20150919T025947Z
917360,73.0376639236111,1,1,snapshot_20150919T025947Z
917500,82.01980902777778,2,4,snapshot_20150919T025947Z
917528,12.102803668981482,1,1,snapshot_20150919T025947Z
917577,5.128740324074074,1,2,snapshot_20150919T025947Z
917594,81.15776626157407,1,1,snapshot_20150919T025947Z
917629,11.250883368055556,2,2,snapshot_20150919T025947Z
917791,24.432429837962964,1,1,snapshot_20150919T025947Z
917851,64.45747128472223,1,2,snapshot_20150919T025947Z
917853,36.029003831018514,1,2,snapshot_20150919T025947Z
918146,99.33080052083332,1,1,snapshot_20150919T025947Z
918201,29.375587662037038,1,1,snapshot_20150919T025947Z
918277,15.320132372685185,2,12,snapshot_20150919T025947Z
918289,115.17351598379629,1,1,snapshot_20150919T025947Z
918412,76.1040787037037,1,1,snapshot_20150919T025947Z
918415,126.31266796296296,1,1,snapshot_20150919T025947Z
918441,6.123482303240741,1,1,snapshot_20150919T025947Z
918585,44.148908032407405,1,1,snapshot_20150919T025947Z
918651,16.430188032407408,1,6,snapshot_20150919T025947Z
918664,124.21580601851852,1,1,snapshot_20150919T025947Z
919028,90.25868969907407,1,5,snapshot_20150919T025947Z
919275,135.41072041666666,1,1,snapshot_20150919T025947Z
919302,111.32119083333333,1,3,snapshot_20150919T025947Z
919347,56.29554280092593,1,1,snapshot_20150919T025947Z
919420,110.3467751736111,1,1,snapshot_20150919T025947Z
919682,52.226332453703705,1,1,snapshot_20150919T025947Z
919820,112.2953887962963,1,1,snapshot_20150919T025947Z
920004,31.26085613425926,1,1,snapshot_20150919T025947Z
920018,51.318567916666666,1,1,snapshot_20150919T025947Z
920156,83.19847038194445,2,2,snapshot_20150919T025947Z
920453,53.34965613425926,1,1,snapshot_20150919T025947Z
920899,81.11390284722222,1,1,snapshot_20150919T025947Z
921444,102.33571258101851,1,1,snapshot_20150919T025947Z
921489,93.20670149305555,1,1,snapshot_20150919T025947Z
921499,17.94440965277778,1,1,snapshot_20150919T025947Z
921518,122.99851680555555,1,1,snapshot_20150919T025947Z
921696,63.93427077546296,1,1,snapshot_20150919T025947Z
921915,2.334712314814815,1,1,snapshot_20150919T025947Z
922581,61.91528822916666,1,2,snapshot_20150919T025947Z
922607,32.08752840277778,1,2,snapshot_20150919T025947Z
922817,61.21551126157408,1,1,snapshot_20150919T025947Z
922843,110.93675916666668,1,1,snapshot_20150919T025947Z
922967,91.1454010648148,1,1,snapshot_20150919T025947Z
923017,16.25457403935185,1,1,snapshot_20150919T025947Z
923179,17.105941412037037,1,1,snapshot_20150919T025947Z
923338,97.88723383101852,1,1,snapshot_20150919T025947Z
923418,32.70582854166667,1,1,snapshot_20150919T025947Z
923475,29.50650434027778,1,1,snapshot_20150919T025947Z
923908,120.10511303240742,2,2,snapshot_20150919T025947Z
924020,88.38607572916666,1,1,snapshot_20150919T025947Z
924176,58.0478050925926,1,1,snapshot_20150919T025947Z
924468,124.13641366898149,1,1,snapshot_20150919T025947Z
924484,123.83697386574073,1,1,snapshot_20150919T025947Z
924526,118.41647400462963,1,1,snapshot_20150919T025947Z
924551,60.208840254629635,1,1,snapshot_20150919T025947Z
924707,8.953122210648148,1,1,snapshot_20150919T025947Z
924711,76.99160358796296,1,1,snapshot_20150919T025947Z
924724,117.98759361111111,1,1,snapshot_20150919T025947Z
924839,19.041008391203704,1,1,snapshot_20150919T025947Z
924939,80.16305274305556,1,1,snapshot_20150919T025947Z
925004,121.01687517361111,3,3,snapshot_20150919T025947Z
925062,15.042401516203702,1,1,snapshot_20150919T025947Z
925189,93.88858331018518,1,1,snapshot_20150919T025947Z
925350,2.998333148148148,1,1,snapshot_20150919T025947Z
925703,101.97869427083334,1,1,snapshot_20150919T025947Z
925755,42.21099652777778,1,1,snapshot_20150919T025947Z
925775,95.3360890625,1,1,snapshot_20150919T025947Z
925888,99.09132373842591,1,2,snapshot_20150919T025947Z
925995,123.24381906250001,1,1,snapshot_20150919T025947Z
926014,6.260254918981482,1,1,snapshot_20150919T025947Z
926018,30.19425309027778,1,1,snapshot_20150919T025947Z
926289,133.84522934027777,1,1,snapshot_20150919T025947Z
926397,44.43484443287037,1,1,snapshot_20150919T025947Z
926439,8.105612916666667,1,1,snapshot_20150919T025947Z
926490,64.46205238425927,1,1,snapshot_20150919T025947Z
926668,3.251798599537037,1,1,snapshot_20150919T025947Z
926821,84.84304340277778,1,1,snapshot_20150919T025947Z
927045,69.17788568287037,1,2,snapshot_20150919T025947Z
927075,30.302923414351852,1,1,snapshot_20150919T025947Z
927157,6.2622457986111115,1,1,snapshot_20150919T025947Z
927183,46.06560175925926,1,2,snapshot_20150919T025947Z
927384,45.93152063657407,2,3,snapshot_20150919T025947Z
927429,51.151614583333334,1,2,snapshot_20150919T025947Z
927447,55.84466045138888,1,1,snapshot_20150919T025947Z
927736,66.25748197916667,1,1,snapshot_20150919T025947Z
927756,74.32445517361111,2,3,snapshot_20150919T025947Z
927784,110.14288435185186,1,1,snapshot_20150919T025947Z
927838,115.47946155092593,5,6,snapshot_20150919T025947Z
928046,108.37050958333334,1,2,snapshot_20150919T025947Z
928367,123.2796832175926,2,2,snapshot_20150919T025947Z
928951,58.47135003472222,1,3,snapshot_20150919T025947Z
929045,134.27813226851853,1,4,snapshot_20150919T025947Z
929159,52.39486368055556,1,1,snapshot_20150919T025947Z
929230,125.81476819444444,1,1,snapshot_20150919T025947Z
929356,26.160654560185186,1,1,snapshot_20150919T025947Z
929382,102.38427577546295,2,2,snapshot_20150919T025947Z
929480,2.363307523148148,1,1,snapshot_20150919T025947Z
929638,114.17135520833334,2,2,snapshot_20150919T025947Z
929721,87.87175018518519,1,1,snapshot_20150919T025947Z
929807,78.04917820601852,1,1,snapshot_20150919T025947Z
929875,121.18983171296297,1,1,snapshot_20150919T025947Z
930274,72.22316700231481,1,1,snapshot_20150919T025947Z
930609,72.30615237268519,1,1,snapshot_20150919T025947Z
930694,10.082645601851851,2,2,snapshot_20150919T025947Z
930934,63.17343877314815,1,1,snapshot_20150919T025947Z
931020,58.28964226851852,1,1,snapshot_20150919T025947Z
931074,9.129645520833334,1,1,snapshot_20150919T025947Z
931182,128.29072177083333,2,2,snapshot_20150919T025947Z
931515,115.44681871527779,1,1,snapshot_20150919T025947Z
931900,38.244209201388884,4,5,snapshot_20150919T025947Z
931964,98.30511087962964,1,1,snapshot_20150919T025947Z
932017,56.964699733796294,1,1,snapshot_20150919T025947Z
932109,93.43372777777778,1,1,snapshot_20150919T025947Z
932151,138.10771541666665,1,2,snapshot_20150919T025947Z
932193,100.17750109953704,2,2,snapshot_20150919T025947Z
932203,87.13736167824074,2,2,snapshot_20150919T025947Z
932290,25.178560682870373,1,1,snapshot_20150919T025947Z
932444,117.08608756944444,1,1,snapshot_20150919T025947Z
932542,118.45524631944444,2,2,snapshot_20150919T025947Z
932633,10.177088807870371,1,1,snapshot_20150919T025947Z
932651,127.18049133101852,1,2,snapshot_20150919T025947Z
933174,89.14816275462962,1,2,snapshot_20150919T025947Z
933225,36.42329,1,1,snapshot_20150919T025947Z
933310,107.3684184837963,1,2,snapshot_20150919T025947Z
933327,31.259741990740743,1,2,snapshot_20150919T025947Z
933696,113.10588384259259,1,1,snapshot_20150919T025947Z
933700,23.046057037037038,1,1,snapshot_20150919T025947Z
933821,36.278035439814815,1,7,snapshot_20150919T025947Z
933885,54.18900446759259,1,1,snapshot_20150919T025947Z
933910,81.4252396875,1,1,snapshot_20150919T025947Z
934208,60.9209515625,1,3,snapshot_20150919T025947Z
934244,80.31910541666666,1,1,snapshot_20150919T025947Z
934396,64.48840094907408,1,1,snapshot_20150919T025947Z
934487,4.244640856481481,1,1,snapshot_20150919T025947Z
934588,67.21232355324074,1,1,snapshot_20150919T025947Z
934648,110.99406846064815,1,1,snapshot_20150919T025947Z
934663,42.29416409722222,1,1,snapshot_20150919T025947Z
934704,54.38984766203704,1,1,snapshot_20150919T025947Z
934767,94.97481344907408,1,3,snapshot_20150919T025947Z
935325,130.40481792824073,19,23,snapshot_20150919T025947Z
935355,70.1801460763889,1,1,snapshot_20150919T025947Z
935481,128.8829049652778,1,1,snapshot_20150919T025947Z
935588,80.33058768518518,1,1,snapshot_20150919T025947Z
935624,63.34594555555556,1,1,snapshot_20150919T025947Z
935667,87.04236239583332,1,1,snapshot_20150919T025947Z
935726,5.1112638657407405,1,1,snapshot_20150919T025947Z
935908,79.34729031250001,1,1,snapshot_20150919T025947Z
935910,66.26691737268519,1,1,snapshot_20150919T025947Z
935959,28.076680590277782,1,1,snapshot_20150919T025947Z
935997,127.41009087962964,1,2,snapshot_20150919T025947Z
936360,111.77790541666667,1,1,snapshot_20150919T025947Z
936434,131.16225225694444,1,1,snapshot_20150919T025947Z
936674,92.3299822800926,2,2,snapshot_20150919T025947Z
936737,108.20743716435186,1,1,snapshot_20150919T025947Z
936783,93.19174383101853,1,1,snapshot_20150919T025947Z
937192,10.459618958333333,1,1,snapshot_20150919T025947Z
937219,76.8273216087963,1,1,snapshot_20150919T025947Z
937463,122.29288886574074,2,4,snapshot_20150919T025947Z
937483,123.10399450231482,1,2,snapshot_20150919T025947Z
937494,95.17659819444444,1,1,snapshot_20150919T025947Z
937584,99.30535444444445,1,2,snapshot_20150919T025947Z
937709,41.88007678240741,1,1,snapshot_20150919T025947Z
938120,95.33347409722222,1,1,snapshot_20150919T025947Z
938199,13.223238831018518,1,1,snapshot_20150919T025947Z
938243,51.09079810185185,1,1,snapshot_20150919T025947Z
938270,125.29749633101852,1,1,snapshot_20150919T025947Z
938396,4.430684479166667,3,3,snapshot_20150919T025947Z
938411,42.437504386574076,1,3,snapshot_20150919T025947Z
938512,72.11092125,1,1,snapshot_20150919T025947Z
938513,115.41352274305555,1,1,snapshot_20150919T025947Z
938835,122.9445953587963,1,1,snapshot_20150919T025947Z
938994,118.08042891203704,1,1,snapshot_20150919T025947Z
939019,71.10101256944444,1,1,snapshot_20150919T025947Z
939169,113.04802708333332,1,1,snapshot_20150919T025947Z
939233,53.36600317129629,1,2,snapshot_20150919T025947Z
939239,24.467038599537034,1,1,snapshot_20150919T025947Z
939279,45.07350820601852,1,2,snapshot_20150919T025947Z
939309,104.40362890046296,2,2,snapshot_20150919T025947Z
939395,61.00376549768518,1,1,snapshot_20150919T025947Z
939674,35.90598712962963,1,1,snapshot_20150919T025947Z
939751,106.00293807870369,2,2,snapshot_20150919T025947Z
939792,8.416691342592593,1,2,snapshot_20150919T025947Z
939961,30.233731134259262,1,1,snapshot_20150919T025947Z
940070,59.213258865740734,1,2,snapshot_20150919T025947Z
940301,118.31720482638889,1,1,snapshot_20150919T025947Z
940445,44.37001369212963,1,1,snapshot_20150919T025947Z
940498,99.1167525462963,1,1,snapshot_20150919T025947Z
940608,105.15802122685186,1,1,snapshot_20150919T025947Z
940689,107.37069101851851,1,1,snapshot_20150919T025947Z
940760,61.35607761574074,1,1,snapshot_20150919T025947Z
940955,87.21066768518519,2,2,snapshot_20150919T025947Z
941104,30.140342754629632,1,1,snapshot_20150919T025947Z
941284,72.20721378472221,1,1,snapshot_20150919T025947Z
941359,94.94962836805556,3,3,snapshot_20150919T025947Z
941576,126.3449901851852,1,1,snapshot_20150919T025947Z
941761,134.52855677083332,1,3,snapshot_20150919T025947Z
942023,31.090297118055556,1,1,snapshot_20150919T025947Z
942096,36.42259052083333,2,2,snapshot_20150919T025947Z
942176,130.93802564814814,1,2,snapshot_20150919T025947Z
942616,115.25628232638888,1,1,snapshot_20150919T025947Z
942814,94.94900019675926,1,1,snapshot_20150919T025947Z
942926,119.26587469907406,2,5,snapshot_20150919T025947Z
943123,59.933215555555556,1,1,snapshot_20150919T025947Z
943357,53.48562211805556,1,1,snapshot_20150919T025947Z
943466,116.38647027777778,1,1,snapshot_20150919T025947Z
943518,107.79953563657408,1,2,snapshot_20150919T025947Z
943572,80.40758378472222,1,1,snapshot_20150919T025947Z
943802,10.274835381944445,1,1,snapshot_20150919T025947Z
943950,110.98992534722223,1,2,snapshot_20150919T025947Z
944168,69.51188674768518,1,3,snapshot_20150919T025947Z
944221,124.41506225694445,1,1,snapshot_20150919T025947Z
944307,81.34310804398149,1,2,snapshot_20150919T025947Z
944416,22.436670439814815,1,1,snapshot_20150919T025947Z
944418,65.40124269675925,1,1,snapshot_20150919T025947Z
944439,6.331920069444444,1,1,snapshot_20150919T025947Z
944478,126.39650569444444,1,1,snapshot_20150919T025947Z
944546,133.18650336805555,1,1,snapshot_20150919T025947Z
945184,109.38870755787038,1,1,snapshot_20150919T025947Z
945223,86.33757061342592,1,1,snapshot_20150919T025947Z
945356,118.06964628472221,1,1,snapshot_20150919T025947Z
945421,134.20935311342592,1,2,snapshot_20150919T025947Z
945508,16.886929988425926,2,2,snapshot_20150919T025947Z
945545,79.18912326388889,1,1,snapshot_20150919T025947Z
945612,89.83963177083334,1,3,snapshot_20150919T025947Z
945706,99.2509566435185,1,1,snapshot_20150919T025947Z
946197,60.12940331018519,1,1,snapshot_20150919T025947Z
946268,134.31968077546296,1,3,snapshot_20150919T025947Z
946269,88.33146078703705,1,1,snapshot_20150919T025947Z
946363,41.44463283564814,1,3,snapshot_20150919T025947Z
946607,107.21863895833333,1,1,snapshot_20150919T025947Z
946749,138.85500268518518,1,1,snapshot_20150919T025947Z
947112,78.54220054398148,1,1,snapshot_20150919T025947Z
947389,79.89812065972222,1,4,snapshot_20150919T025947Z
947392,16.317696875,1,1,snapshot_20150919T025947Z
947400,15.019814386574074,1,1,snapshot_20150919T025947Z
947485,122.4508079513889,1,1,snapshot_20150919T025947Z
947562,19.153349016203702,1,1,snapshot_20150919T025947Z
947585,50.82855233796297,3,3,snapshot_20150919T025947Z
947609,42.43116040509259,1,2,snapshot_20150919T025947Z
947666,116.13744077546296,1,1,snapshot_20150919T025947Z
947829,60.22776591435185,1,1,snapshot_20150919T025947Z
947843,135.37366827546296,1,3,snapshot_20150919T025947Z
948047,88.24924524305555,1,1,snapshot_20150919T025947Z
948335,136.90736612268518,1,3,snapshot_20150919T025947Z
948336,114.15058055555556,1,1,snapshot_20150919T025947Z
948540,15.008666192129631,1,1,snapshot_20150919T025947Z
948926,16.18878769675926,1,1,snapshot_20150919T025947Z
948961,60.27641350694445,1,1,snapshot_20150919T025947Z
949077,8.887219513888889,1,1,snapshot_20150919T025947Z
949126,79.36165203703703,1,1,snapshot_20150919T025947Z
949263,29.974062199074073,1,1,snapshot_20150919T025947Z
949323,119.27967804398148,1,5,snapshot_20150919T025947Z
949435,19.273032280092593,1,1,snapshot_20150919T025947Z
949454,107.24542997685185,1,4,snapshot_20150919T025947Z
949562,113.36002195601851,1,1,snapshot_20150919T025947Z
949626,86.17109121527778,1,1,snapshot_20150919T025947Z
949648,77.1526417476852,1,1,snapshot_20150919T025947Z
949780,21.067671261574073,1,1,snapshot_20150919T025947Z
949876,134.53026072916668,1,1,snapshot_20150919T025947Z
949896,93.89698377314815,1,1,snapshot_20150919T025947Z
949981,75.12606844907408,1,1,snapshot_20150919T025947Z
950153,19.0569000462963,1,6,snapshot_20150919T025947Z
950508,126.07656942129628,1,1,snapshot_20150919T025947Z
950833,61.34506681712963,1,1,snapshot_20150919T025947Z
950881,59.30303005787037,1,1,snapshot_20150919T025947Z
951095,66.02203276620371,2,2,snapshot_20150919T025947Z
951347,102.3842367361111,1,1,snapshot_20150919T025947Z
951407,72.49202416666667,1,1,snapshot_20150919T025947Z
951430,36.26674122685185,1,1,snapshot_20150919T025947Z
951555,28.35881527777778,1,1,snapshot_20150919T025947Z
951590,127.17253994212962,1,1,snapshot_20150919T025947Z
951702,137.31401771990738,1,1,snapshot_20150919T025947Z
951816,55.381530949074076,1,1,snapshot_20150919T025947Z
952015,38.94592616898149,1,1,snapshot_20150919T025947Z
952246,65.48088559027778,44,55,snapshot_20150919T025947Z
952266,121.08832038194443,1,1,snapshot_20150919T025947Z
952319,136.5733817939815,1,1,snapshot_20150919T025947Z
952388,93.0667715625,2,3,snapshot_20150919T025947Z
952390,32.25623431712963,1,1,snapshot_20150919T025947Z
952446,18.26870783564815,1,2,snapshot_20150919T025947Z
952700,70.43480736111111,1,5,snapshot_20150919T025947Z
952791,41.393089699074075,1,1,snapshot_20150919T025947Z
952882,119.05111394675924,1,2,snapshot_20150919T025947Z
952904,16.586281226851852,2,3,snapshot_20150919T025947Z
952962,124.17959159722221,1,1,snapshot_20150919T025947Z
953198,128.38807136574076,1,1,snapshot_20150919T025947Z
953371,120.48412156250001,3,5,snapshot_20150919T025947Z
953412,106.42161953703703,1,1,snapshot_20150919T025947Z
953625,77.23705135416667,1,1,snapshot_20150919T025947Z
953662,135.09375427083333,1,1,snapshot_20150919T025947Z
953666,126.91878047453703,1,1,snapshot_20150919T025947Z
953678,53.16661623842593,1,1,snapshot_20150919T025947Z
953734,126.24119438657408,1,1,snapshot_20150919T025947Z
953833,85.21348377314814,2,2,snapshot_20150919T025947Z
953853,35.10177283564815,2,2,snapshot_20150919T025947Z
953963,46.142688356481486,1,1,snapshot_20150919T025947Z
953982,5.017189398148148,1,1,snapshot_20150919T025947Z
954026,79.38127146990742,1,1,snapshot_20150919T025947Z
954086,60.121769085648154,1,1,snapshot_20150919T025947Z
954160,14.323147337962963,1,1,snapshot_20150919T025947Z
954259,66.4945551388889,1,1,snapshot_20150919T025947Z
954276,6.127580717592593,1,1,snapshot_20150919T025947Z
954360,52.3535677662037,1,1,snapshot_20150919T025947Z
954541,44.40693922453704,1,1,snapshot_20150919T025947Z
954590,3.114200092592592,1,1,snapshot_20150919T025947Z
954619,74.9473722337963,1,1,snapshot_20150919T025947Z
954716,57.85497217592592,1,1,snapshot_20150919T025947Z
954836,38.416396435185185,1,1,snapshot_20150919T025947Z
955081,44.20617950231482,2,2,snapshot_20150919T025947Z
955154,60.11461167824074,1,1,snapshot_20150919T025947Z
955335,81.09934435185185,1,1,snapshot_20150919T025947Z
955486,120.38961055555555,1,1,snapshot_20150919T025947Z
955557,29.83033777777778,1,1,snapshot_20150919T025947Z
955719,37.18032681712963,1,1,snapshot_20150919T025947Z
955924,91.48410026620371,1,1,snapshot_20150919T025947Z
956011,109.01969135416667,1,1,snapshot_20150919T025947Z
956214,72.12754706018518,1,1,snapshot_20150919T025947Z
956258,70.02654050925925,1,1,snapshot_20150919T025947Z
956280,80.23820210648148,1,1,snapshot_20150919T025947Z
956284,37.39912181712963,1,1,snapshot_20150919T025947Z
956343,60.387504293981486,1,1,snapshot_20150919T025947Z
956435,7.938637962962963,1,1,snapshot_20150919T025947Z
956613,31.354407407407404,1,1,snapshot_20150919T025947Z
956729,135.50721975694444,1,1,snapshot_20150919T025947Z
957284,88.4216750462963,1,1,snapshot_20150919T025947Z
957312,93.23934623842592,1,3,snapshot_20150919T025947Z
957392,103.95793722222223,1,1,snapshot_20150919T025947Z
957393,73.94975013888889,1,1,snapshot_20150919T025947Z
957595,73.38664790509259,1,2,snapshot_20150919T025947Z
957685,11.10239587962963,1,1,snapshot_20150919T025947Z
957729,70.20843841435185,1,1,snapshot_20150919T025947Z
958246,125.97805466435186,1,1,snapshot_20150919T025947Z
958255,114.96813844907408,1,3,snapshot_20150919T025947Z
958262,26.008729097222222,1,1,snapshot_20150919T025947Z
958461,81.44226054398148,3,6,snapshot_20150919T025947Z
958747,135.2678358912037,1,1,snapshot_20150919T025947Z
959037,106.2692175925926,2,2,snapshot_20150919T025947Z
959082,136.9008852199074,1,1,snapshot_20150919T025947Z
959170,3.526445462962963,1,1,snapshot_20150919T025947Z
959204,29.878712256944446,1,1,snapshot_20150919T025947Z
959284,71.86352981481481,1,1,snapshot_20150919T025947Z
959326,80.43629993055556,1,1,snapshot_20150919T025947Z
959698,67.19391997685184,1,1,snapshot_20150919T025947Z
959808,19.33023314814815,1,1,snapshot_20150919T025947Z
959855,94.27134887731481,1,1,snapshot_20150919T025947Z
959967,67.37221371527778,1,1,snapshot_20150919T025947Z
960004,104.15497383101852,5,6,snapshot_20150919T025947Z
960056,101.17103519675925,1,1,snapshot_20150919T025947Z
960093,7.448141712962963,1,1,snapshot_20150919T025947Z
960105,35.857393576388894,1,1,snapshot_20150919T025947Z
960145,105.2020101736111,1,1,snapshot_20150919T025947Z
960340,79.16349390046295,1,1,snapshot_20150919T025947Z
960661,93.16351081018519,1,1,snapshot_20150919T025947Z
960778,72.11890445601851,1,1,snapshot_20150919T025947Z
960783,31.98043008101852,1,1,snapshot_20150919T025947Z
960916,104.93404315972222,1,1,snapshot_20150919T025947Z
960928,107.88522546296296,1,1,snapshot_20150919T025947Z
960973,99.03732873842593,1,1,snapshot_20150919T025947Z
961001,19.40120472222222,1,1,snapshot_20150919T025947Z
961085,108.0056511574074,1,1,snapshot_20150919T025947Z
961272,21.320799756944442,1,3,snapshot_20150919T025947Z
961324,128.17079252314815,2,4,snapshot_20150919T025947Z
961349,125.18262805555555,1,1,snapshot_20150919T025947Z
961411,107.32501472222222,2,3,snapshot_20150919T025947Z
961421,22.283178680555555,4,6,snapshot_20150919T025947Z
961427,65.43346902777778,1,1,snapshot_20150919T025947Z
961717,123.39674378472223,1,3,snapshot_20150919T025947Z
962056,85.47277831018519,1,1,snapshot_20150919T025947Z
962091,8.15616880787037,1,1,snapshot_20150919T025947Z
962131,62.07745289351851,12,14,snapshot_20150919T025947Z
962181,126.39418738425925,1,1,snapshot_20150919T025947Z
962368,51.857352210648145,1,1,snapshot_20150919T025947Z
962631,71.08214994212963,3,3,snapshot_20150919T025947Z
962819,73.50359967592593,1,1,snapshot_20150919T025947Z
962863,19.432241793981483,1,1,snapshot_20150919T025947Z
962933,106.17978480324074,1,2,snapshot_20150919T025947Z
963194,79.79115015046295,1,1,snapshot_20150919T025947Z
963337,50.471009942129626,1,2,snapshot_20150919T025947Z
963387,30.02265693287037,1,1,snapshot_20150919T025947Z
963916,14.25400662037037,1,1,snapshot_20150919T025947Z
964178,71.89977643518519,1,2,snapshot_20150919T025947Z
964317,79.3357482175926,1,1,snapshot_20150919T025947Z
964382,31.420344421296296,1,1,snapshot_20150919T025947Z
964404,43.308289027777775,1,1,snapshot_20150919T025947Z
964726,102.38803001157407,1,1,snapshot_20150919T025947Z
964763,135.9799706134259,1,1,snapshot_20150919T025947Z
964767,43.224466006944446,1,2,snapshot_20150919T025947Z
964794,40.146639398148146,15,17,snapshot_20150919T025947Z
964795,109.88349747685186,1,1,snapshot_20150919T025947Z
964962,66.04242773148148,1,1,snapshot_20150919T025947Z
965057,135.92857445601854,1,1,snapshot_20150919T025947Z
965434,46.40442160879629,1,1,snapshot_20150919T025947Z
965471,91.1431632523148,1,1,snapshot_20150919T025947Z
965603,46.397663298611114,1,1,snapshot_20150919T025947Z
966010,106.04330526620369,1,1,snapshot_20150919T025947Z
966535,50.99668895833333,1,1,snapshot_20150919T025947Z
966579,102.37256064814815,1,1,snapshot_20150919T025947Z
966628,134.44190015046297,1,1,snapshot_20150919T025947Z
966752,34.25802662037037,1,2,snapshot_20150919T025947Z
966859,79.24607305555556,1,1,snapshot_20150919T025947Z
966971,128.20504351851852,1,1,snapshot_20150919T025947Z
967034,110.93929062500001,1,1,snapshot_20150919T025947Z
967093,127.19592391203703,1,1,snapshot_20150919T025947Z
967112,135.37638265046294,2,4,snapshot_20150919T025947Z
967180,123.43978347222222,1,4,snapshot_20150919T025947Z
967462,52.21412866898148,1,1,snapshot_20150919T025947Z
967483,105.20552561342593,1,4,snapshot_20150919T025947Z
967783,32.27052127314815,1,2,snapshot_20150919T025947Z
967857,96.02709819444445,1,1,snapshot_20150919T025947Z
967877,79.87481706018518,1,1,snapshot_20150919T025947Z
968098,57.90122637731481,2,2,snapshot_20150919T025947Z
968110,24.93096949074074,2,4,snapshot_20150919T025947Z
968156,45.93673646990741,1,1,snapshot_20150919T025947Z
968159,61.48256186342592,1,6,snapshot_20150919T025947Z
968390,10.236964571759259,1,1,snapshot_20150919T025947Z
968555,25.24069027777778,1,1,snapshot_20150919T025947Z
968585,32.08659626157407,1,1,snapshot_20150919T025947Z
968647,90.98023143518519,1,4,snapshot_20150919T025947Z
968652,32.51917644675926,1,1,snapshot_20150919T025947Z
968769,136.36421261574074,1,1,snapshot_20150919T025947Z
968880,28.584785740740738,1,3,snapshot_20150919T025947Z
969200,123.37261709490741,1,1,snapshot_20150919T025947Z
969295,53.45611574074074,1,1,snapshot_20150919T025947Z
969326,86.29849724537037,1,2,snapshot_20150919T025947Z
969519,101.05854979166666,1,1,snapshot_20150919T025947Z
969655,45.27512636574074,1,1,snapshot_20150919T025947Z
969827,85.0433619675926,1,4,snapshot_20150919T025947Z
969845,44.99157100694444,2,2,snapshot_20150919T025947Z
969860,42.42549372685185,1,1,snapshot_20150919T025947Z
970208,19.187763101851854,1,1,snapshot_20150919T025947Z
970345,38.496185601851856,1,1,snapshot_20150919T025947Z
970404,78.21235005787037,1,1,snapshot_20150919T025947Z
970787,22.459337777777776,1,1,snapshot_20150919T025947Z
970883,135.4639659953704,1,1,snapshot_20150919T025947Z
971243,48.20616743055555,1,1,snapshot_20150919T025947Z
971301,137.09992805555555,1,1,snapshot_20150919T025947Z
971406,64.46144321759259,1,1,snapshot_20150919T025947Z
971413,116.9402432175926,1,1,snapshot_20150919T025947Z
971454,2.1337189930555556,4,5,snapshot_20150919T025947Z
971479,137.39685469907405,1,1,snapshot_20150919T025947Z
972040,136.2216905787037,1,4,snapshot_20150919T025947Z
972071,50.95589092592592,2,5,snapshot_20150919T025947Z
972095,104.80209775462963,1,4,snapshot_20150919T025947Z
972500,69.1464870486111,1,1,snapshot_20150919T025947Z
972638,5.150449618055555,1,1,snapshot_20150919T025947Z
972698,129.37436711805555,1,1,snapshot_20150919T025947Z
972757,49.314696041666664,1,1,snapshot_20150919T025947Z
972775,136.08768024305556,1,1,snapshot_20150919T025947Z
972968,67.21596355324074,2,2,snapshot_20150919T025947Z
973109,48.16408378472222,1,1,snapshot_20150919T025947Z
973129,122.05752273148148,1,1,snapshot_20150919T025947Z
973195,60.15702638888889,2,3,snapshot_20150919T025947Z
973243,45.40870959490741,1,1,snapshot_20150919T025947Z
973305,29.04474841435185,1,1,snapshot_20150919T025947Z
973332,37.28999806712963,1,1,snapshot_20150919T025947Z
973585,123.33760358796296,1,1,snapshot_20150919T025947Z
973633,19.253476284722222,1,2,snapshot_20150919T025947Z
973908,107.86148327546296,1,1,snapshot_20150919T025947Z
973946,94.89187164351851,1,1,snapshot_20150919T025947Z
973973,53.42901876157407,1,1,snapshot_20150919T025947Z
974226,64.01459819444445,14,45,snapshot_20150919T025947Z
974291,112.51122658564815,1,1,snapshot_20150919T025947Z
974437,7.156592546296297,1,2,snapshot_20150919T025947Z
974539,136.2102837962963,1,1,snapshot_20150919T025947Z
974673,53.881817060185185,1,1,snapshot_20150919T025947Z
974794,106.94103284722222,1,1,snapshot_20150919T025947Z
975595,96.86428070601852,1,1,snapshot_20150919T025947Z
975652,60.328167083333334,1,1,snapshot_20150919T025947Z
975683,92.23674142361111,1,1,snapshot_20150919T025947Z
975703,91.32943917824073,1,2,snapshot_20150919T025947Z
975757,104.27536649305554,1,1,snapshot_20150919T025947Z
975820,8.026332824074073,1,1,snapshot_20150919T025947Z
976190,136.21653814814815,1,1,snapshot_20150919T025947Z
976217,87.03712653935185,1,1,snapshot_20150919T025947Z
976410,93.91933331018518,1,1,snapshot_20150919T025947Z
976424,125.55470484953703,1,1,snapshot_20150919T025947Z
976601,84.85501586805556,1,1,snapshot_20150919T025947Z
976621,65.50700853009259,1,1,snapshot_20150919T025947Z
976623,16.924967199074075,1,1,snapshot_20150919T025947Z
976885,71.21252331018519,1,1,snapshot_20150919T025947Z
976950,34.35001787037037,2,2,snapshot_20150919T025947Z
977158,49.22306434027777,1,1,snapshot_20150919T025947Z
977305,19.44685298611111,1,1,snapshot_20150919T025947Z
977325,136.07492930555557,1,1,snapshot_20150919T025947Z
977450,104.83568069444445,1,1,snapshot_20150919T025947Z
977486,53.28564315972223,1,1,snapshot_20150919T025947Z
977536,117.01632935185187,1,1,snapshot_20150919T025947Z
977567,109.39426378472223,1,1,snapshot_20150919T025947Z
977593,34.33064366898148,1,1,snapshot_20150919T025947Z
977651,5.245428206018518,1,1,snapshot_20150919T025947Z
977751,64.24180407407408,1,1,snapshot_20150919T025947Z
977791,37.13359261574074,1,1,snapshot_20150919T025947Z
978112,114.23224732638889,2,4,snapshot_20150919T025947Z
978294,86.25471710648148,1,1,snapshot_20150919T025947Z
978578,97.97484037037037,1,1,snapshot_20150919T025947Z
978636,92.88575981481482,1,1,snapshot_20150919T025947Z
978717,123.03235085648149,1,1,snapshot_20150919T025947Z
978755,86.44521087962963,1,1,snapshot_20150919T025947Z
978758,16.158680671296295,1,1,snapshot_20150919T025947Z
978909,92.0130203587963,1,3,snapshot_20150919T025947Z
978968,36.36833197916667,1,1,snapshot_20150919T025947Z
979458,70.94531719907408,1,1,snapshot_20150919T025947Z
979535,80.25517559027777,1,1,snapshot_20150919T025947Z
979550,22.449121342592594,1,1,snapshot_20150919T025947Z
979847,92.92864393518519,1,1,snapshot_20150919T025947Z
979940,127.0572233449074,1,1,snapshot_20150919T025947Z
980166,42.02224903935185,1,1,snapshot_20150919T025947Z
980414,71.6572194675926,1,2,snapshot_20150919T025947Z
980817,123.14034152777778,1,1,snapshot_20150919T025947Z
980851,10.936635543981481,1,1,snapshot_20150919T025947Z
980867,80.55144055555556,1,1,snapshot_20150919T025947Z
981111,29.12769087962963,1,1,snapshot_20150919T025947Z
981144,105.65201497685186,1,2,snapshot_20150919T025947Z
981216,92.98400528935186,1,1,snapshot_20150919T025947Z
981240,85.43380130787037,1,1,snapshot_20150919T025947Z
981245,85.31732034722222,1,1,snapshot_20150919T025947Z
981266,59.11914498842593,1,1,snapshot_20150919T025947Z
981323,38.35125436342592,1,1,snapshot_20150919T025947Z
981327,33.17721290509259,1,1,snapshot_20150919T025947Z
981430,63.31210726851852,1,1,snapshot_20150919T025947Z
981516,19.290130775462963,1,1,snapshot_20150919T025947Z
981541,58.80978009259259,1,1,snapshot_20150919T025947Z
981607,71.95823743055556,1,1,snapshot_20150919T025947Z
981838,45.561192650462964,1,1,snapshot_20150919T025947Z
981868,118.68049869212962,1,1,snapshot_20150919T025947Z
982027,52.26752311342593,1,1,snapshot_20150919T025947Z
982049,73.04092797453704,1,1,snapshot_20150919T025947Z
982154,46.400704571759256,1,4,snapshot_20150919T025947Z
982175,134.3483812037037,1,1,snapshot_20150919T025947Z
982231,74.22566664351852,1,1,snapshot_20150919T025947Z
982271,61.25528570601851,1,1,snapshot_20150919T025947Z
982453,60.46411017361111,1,2,snapshot_20150919T025947Z
982518,23.892627824074076,1,1,snapshot_20150919T025947Z
982605,75.3189565625,1,1,snapshot_20150919T025947Z
982634,115.49356567129628,1,2,snapshot_20150919T025947Z
982670,77.34466221064815,2,3,snapshot_20150919T025947Z
982764,57.155322569444444,1,1,snapshot_20150919T025947Z
982880,55.195548761574074,1,1,snapshot_20150919T025947Z
982959,122.09786034722222,2,2,snapshot_20150919T025947Z
983224,10.147628020833332,1,1,snapshot_20150919T025947Z
983395,107.00368208333333,1,2,snapshot_20150919T025947Z
983783,9.423482673611112,1,1,snapshot_20150919T025947Z
983841,8.757728078703703,1,1,snapshot_20150919T025947Z
983850,107.28081387731481,1,1,snapshot_20150919T025947Z
983908,135.1745899074074,1,2,snapshot_20150919T025947Z
983943,3.124982222222222,1,1,snapshot_20150919T025947Z
984077,126.95293746527778,1,3,snapshot_20150919T025947Z
984171,9.128087430555555,1,1,snapshot_20150919T025947Z
984521,8.382327581018519,1,1,snapshot_20150919T025947Z
984532,8.830489861111111,1,1,snapshot_20150919T025947Z
984544,136.80736491898148,1,1,snapshot_20150919T025947Z
985513,64.20982497685185,1,1,snapshot_20150919T025947Z
985691,87.29693329861111,1,1,snapshot_20150919T025947Z
985771,3.0748995023148145,1,1,snapshot_20150919T025947Z
985837,73.30894598379629,1,5,snapshot_20150919T025947Z
985863,5.399856400462963,1,1,snapshot_20150919T025947Z
985901,107.36295200231481,1,1,snapshot_20150919T025947Z
985974,30.857161863425926,1,1,snapshot_20150919T025947Z
986064,67.14160273148148,1,1,snapshot_20150919T025947Z
986085,16.16743105324074,1,1,snapshot_20150919T025947Z
986104,115.15457337962964,1,1,snapshot_20150919T025947Z
986111,23.427617233796298,1,1,snapshot_20150919T025947Z
986223,58.99197299768519,1,2,snapshot_20150919T025947Z
986288,90.07075335648148,1,1,snapshot_20150919T025947Z
986325,137.02980177083333,1,1,snapshot_20150919T025947Z
986353,23.03582224537037,1,1,snapshot_20150919T025947Z
986413,7.054041076388889,1,2,snapshot_20150919T025947Z
986554,93.19926821759259,1,1,snapshot_20150919T025947Z
986577,67.45354388888889,3,6,snapshot_20150919T025947Z
986730,60.35755509259259,1,1,snapshot_20150919T025947Z
986748,52.15944028935185,1,1,snapshot_20150919T025947Z
986764,92.4615982175926,1,1,snapshot_20150919T025947Z
986876,35.8382494212963,1,1,snapshot_20150919T025947Z
987045,60.93544277777778,1,1,snapshot_20150919T025947Z
987255,114.85919387731481,1,1,snapshot_20150919T025947Z
987431,53.326730590277776,1,1,snapshot_20150919T025947Z
987534,42.19045001157407,1,1,snapshot_20150919T025947Z
987655,59.33527716435185,1,1,snapshot_20150919T025947Z
987715,138.4461510648148,1,1,snapshot_20150919T025947Z
987857,62.376699351851855,1,1,snapshot_20150919T025947Z
987912,106.38797607638888,1,1,snapshot_20150919T025947Z
987921,59.39529452546296,1,1,snapshot_20150919T025947Z
988009,62.90678016203704,2,3,snapshot_20150919T025947Z
988142,93.25076181712963,1,1,snapshot_20150919T025947Z
988274,123.86423121527777,2,2,snapshot_20150919T025947Z
988367,126.16448224537038,1,1,snapshot_20150919T025947Z
988412,125.01263667824074,1,2,snapshot_20150919T025947Z
988441,42.376248993055555,1,1,snapshot_20150919T025947Z
988447,124.38342008101851,1,1,snapshot_20150919T025947Z
988452,126.36894412037037,1,2,snapshot_20150919T025947Z
988658,21.11308704861111,1,3,snapshot_20150919T025947Z
988939,72.23561021990741,3,9,snapshot_20150919T025947Z
989023,82.16467096064815,1,1,snapshot_20150919T025947Z
989085,104.39405537037037,1,1,snapshot_20150919T025947Z
989215,93.42091841435185,1,1,snapshot_20150919T025947Z
989283,58.33587736111111,1,1,snapshot_20150919T025947Z
989290,36.83904321759259,1,1,snapshot_20150919T025947Z
989360,120.24112626157408,1,1,snapshot_20150919T025947Z
989748,137.35181671296297,1,1,snapshot_20150919T025947Z
989759,91.30567900462964,1,1,snapshot_20150919T025947Z
989917,3.2939623611111113,1,1,snapshot_20150919T025947Z
989923,136.41504518518516,1,1,snapshot_20150919T025947Z
990103,18.169005254629628,1,1,snapshot_20150919T025947Z
990104,53.21266858796296,1,1,snapshot_20150919T025947Z
990216,80.74226650462964,1,3,snapshot_20150919T025947Z
990276,33.13473738425926,1,1,snapshot_20150919T025947Z
990306,112.15641465277777,1,2,snapshot_20150919T025947Z
990624,18.253500497685184,1,2,snapshot_20150919T025947Z
990637,65.45563219907407,1,1,snapshot_20150919T025947Z
990746,56.00442917824074,1,1,snapshot_20150919T025947Z
990819,13.156639768518518,1,1,snapshot_20150919T025947Z
990984,85.86727369212963,1,1,snapshot_20150919T025947Z
991189,18.366871504629632,1,2,snapshot_20150919T025947Z
991198,108.3159750925926,1,1,snapshot_20150919T025947Z
991246,67.31428668981482,1,3,snapshot_20150919T025947Z
991350,95.17127099537038,1,1,snapshot_20150919T025947Z
991381,94.2611528587963,1,1,snapshot_20150919T025947Z
992385,65.2755377199074,1,1,snapshot_20150919T025947Z
992397,19.445172222222222,1,1,snapshot_20150919T025947Z
992447,108.78075871527777,1,1,snapshot_20150919T025947Z
992844,108.86580481481482,1,1,snapshot_20150919T025947Z
993032,73.22703193287037,1,1,snapshot_20150919T025947Z
993078,125.31632945601852,1,2,snapshot_20150919T025947Z
993137,135.52597998842592,1,1,snapshot_20150919T025947Z
993282,45.03604034722222,3,3,snapshot_20150919T025947Z
993355,52.96640119212963,1,1,snapshot_20150919T025947Z
993475,125.97473777777779,1,1,snapshot_20150919T025947Z
993674,62.994148333333335,1,1,snapshot_20150919T025947Z
993759,73.28246572916666,1,1,snapshot_20150919T025947Z
993905,63.09937717592593,1,1,snapshot_20150919T025947Z
994099,22.290966064814818,1,1,snapshot_20150919T025947Z
994633,59.09398600694444,1,1,snapshot_20150919T025947Z
994815,121.28439631944444,1,1,snapshot_20150919T025947Z
994820,3.3133379050925926,70,71,snapshot_20150919T025947Z
994931,30.789716273148148,1,1,snapshot_20150919T025947Z
994937,117.09722265046297,1,1,snapshot_20150919T025947Z
994979,114.27812361111113,1,1,snapshot_20150919T025947Z
995024,47.124312245370376,1,1,snapshot_20150919T025947Z
995103,28.228714953703705,1,1,snapshot_20150919T025947Z
995122,24.21499740740741,1,1,snapshot_20150919T025947Z
995225,47.08184667824074,2,4,snapshot_20150919T025947Z
995227,137.23801768518518,1,1,snapshot_20150919T025947Z
995267,72.88880282407408,1,1,snapshot_20150919T025947Z
995314,138.1141173611111,1,1,snapshot_20150919T025947Z
995343,93.38098097222222,1,1,snapshot_20150919T025947Z
995397,17.128541006944445,1,1,snapshot_20150919T025947Z
995406,4.23506875,1,1,snapshot_20150919T025947Z
995714,20.316300185185185,1,1,snapshot_20150919T025947Z
995727,8.444791944444445,1,1,snapshot_20150919T025947Z
995838,65.32965761574074,1,3,snapshot_20150919T025947Z
995908,124.12819261574074,1,1,snapshot_20150919T025947Z
995925,94.48536493055556,1,1,snapshot_20150919T025947Z
996134,108.95755890046296,1,1,snapshot_20150919T025947Z
996157,111.56631346064813,1,1,snapshot_20150919T025947Z
996699,113.99829004629629,1,1,snapshot_20150919T025947Z
996714,128.01863958333334,1,1,snapshot_20150919T025947Z
996879,79.02600015046296,19,25,snapshot_20150919T025947Z
996891,88.05745475694444,1,1,snapshot_20150919T025947Z
996991,138.76928025462962,1,1,snapshot_20150919T025947Z
997125,12.729218900462964,1,2,snapshot_20150919T025947Z
997219,71.3214469212963,1,1,snapshot_20150919T025947Z
997256,114.48106371527777,1,1,snapshot_20150919T025947Z
997282,129.43942119212963,1,2,snapshot_20150919T025947Z
997690,19.236409120370368,1,1,snapshot_20150919T025947Z
997699,127.56435630787037,1,1,snapshot_20150919T025947Z
997925,112.23087431712962,1,1,snapshot_20150919T025947Z
998017,67.49984292824074,4,6,snapshot_20150919T025947Z
998175,117.38428872685185,1,1,snapshot_20150919T025947Z
998383,102.92649417824073,1,1,snapshot_20150919T025947Z
998502,19.39246394675926,1,1,snapshot_20150919T025947Z
998545,106.22927708333333,1,2,snapshot_20150919T025947Z
998577,50.376397696759255,1,1,snapshot_20150919T025947Z
998681,77.05470658564815,1,1,snapshot_20150919T025947Z
998729,66.40163729166667,2,2,snapshot_20150919T025947Z
998808,92.02801604166667,1,1,snapshot_20150919T025947Z
998938,46.125403078703705,1,1,snapshot_20150919T025947Z
998962,96.17436797453703,1,1,snapshot_20150919T025947Z
999047,24.284125775462964,1,1,snapshot_20150919T025947Z
999212,64.93745516203704,1,1,snapshot_20150919T025947Z
999295,109.96130577546296,1,1,snapshot_20150919T025947Z
999378,51.18187230324074,1,1,snapshot_20150919T025947Z
999399,55.1372950462963,2,2,snapshot_20150919T025947Z
999814,82.49762045138888,1,1,snapshot_20150919T025947Z
999869,74.33216936342593,1,3,snapshot_20150919T025947Z
999926,94.94226218749999,1,1,snapshot_20150919T025947Z
1000030,11.405430092592592,1,1,snapshot_20150919T025947Z
1000057,71.99665001157408,1,1,snapshot_20150919T025947Z
1000093,12.155192777777778,2,2,snapshot_20150919T025947Z
1000248,32.23326336805555,1,1,snapshot_20150919T025947Z
1000306,21.33948736111111,2,2,snapshot_20150919T025947Z
1000454,86.19522991898148,1,1,snapshot_20150919T025947Z
1000561,40.35582763888889,1,1,snapshot_20150919T025947Z
1000583,55.286096817129625,1,1,snapshot_20150919T025947Z
1000593,136.34522528935184,1,2,snapshot_20150919T025947Z
1000656,116.29966282407408,3,3,snapshot_20150919T025947Z
1000678,23.074672175925926,1,1,snapshot_20150919T025947Z
1000767,108.25203973379628,1,1,snapshot_20150919T025947Z
1001248,76.29626966435185,1,1,snapshot_20150919T025947Z
1001263,20.141654189814815,1,1,snapshot_20150919T025947Z
1001270,70.35582092592593,1,1,snapshot_20150919T025947Z
1001317,18.213797418981482,1,1,snapshot_20150919T025947Z
1001344,122.51604521990741,1,1,snapshot_20150919T025947Z
1001365,83.04407144675926,1,3,snapshot_20150919T025947Z
1001427,57.63069699074074,1,1,snapshot_20150919T025947Z
1001567,106.01338061342594,1,1,snapshot_20150919T025947Z
1001673,109.29400613425926,2,2,snapshot_20150919T025947Z
1001771,74.16668438657408,1,1,snapshot_20150919T025947Z
1001901,59.43972927083333,1,1,snapshot_20150919T025947Z
1002060,107.32569621527779,1,1,snapshot_20150919T025947Z
1002107,38.292485844907404,1,1,snapshot_20150919T025947Z
1002162,27.17191045138889,1,1,snapshot_20150919T025947Z
1002419,55.382720497685185,1,2,snapshot_20150919T025947Z
1002471,95.33057662037038,1,1,snapshot_20150919T025947Z
1002478,31.103082708333332,1,1,snapshot_20150919T025947Z
1002583,17.99647996527778,1,1,snapshot_20150919T025947Z
1002973,114.04232238425925,1,1,snapshot_20150919T025947Z
1003058,3.465214467592593,13,13,snapshot_20150919T025947Z
1003087,3.322270625,2,2,snapshot_20150919T025947Z
1003152,123.34206313657408,1,1,snapshot_20150919T025947Z
1003580,33.35736929398148,1,1,snapshot_20150919T025947Z
1003787,9.989571539351852,1,1,snapshot_20150919T025947Z
1003939,25.438683564814813,1,1,snapshot_20150919T025947Z
1004088,103.07302728009259,1,2,snapshot_20150919T025947Z
1004110,85.00351318287036,1,1,snapshot_20150919T025947Z
1004134,20.35286465277778,1,1,snapshot_20150919T025947Z
1004213,30.156228958333333,1,1,snapshot_20150919T025947Z
1004238,55.79643289351852,1,1,snapshot_20150919T025947Z
1004543,85.9886249074074,1,1,snapshot_20150919T025947Z
1004573,119.35016859953703,1,1,snapshot_20150919T025947Z
1004711,100.06008758101852,1,1,snapshot_20150919T025947Z
1004871,123.19760504629629,1,1,snapshot_20150919T025947Z
1005001,31.35036084490741,1,1,snapshot_20150919T025947Z
1005010,78.93701804398148,1,1,snapshot_20150919T025947Z
1005052,82.46790694444445,1,1,snapshot_20150919T025947Z
1005141,67.21613644675926,1,2,snapshot_20150919T025947Z
1005153,43.338470856481486,1,1,snapshot_20150919T025947Z
1005223,135.5479558101852,2,2,snapshot_20150919T025947Z
1005234,47.32073373842593,1,1,snapshot_20150919T025947Z
1005305,93.0870934375,1,1,snapshot_20150919T025947Z
1005330,59.91541780092593,1,2,snapshot_20150919T025947Z
1005397,85.39269435185186,1,1,snapshot_20150919T025947Z
1005558,126.31312109953704,2,9,snapshot_20150919T025947Z
1005583,23.367729942129632,1,1,snapshot_20150919T025947Z
1005613,128.40430503472223,2,2,snapshot_20150919T025947Z
1005723,67.04146712962962,1,1,snapshot_20150919T025947Z
1005779,84.34760885416667,1,1,snapshot_20150919T025947Z
1005822,66.32224748842593,1,1,snapshot_20150919T025947Z
1005863,2.459670138888889,1,2,snapshot_20150919T025947Z
1005867,99.93645582175925,2,4,snapshot_20150919T025947Z
1005876,120.56392813657408,1,1,snapshot_20150919T025947Z
1006067,52.18140254629629,1,1,snapshot_20150919T025947Z
1006114,32.29110954861111,1,1,snapshot_20150919T025947Z
1006359,24.517464942129628,2,2,snapshot_20150919T025947Z
1006407,81.29229960648148,1,2,snapshot_20150919T025947Z
1006522,63.16752118055555,3,3,snapshot_20150919T025947Z
1006557,1.4045500231481483,1,1,snapshot_20150919T025947Z
1007078,130.9491989236111,1,1,snapshot_20150919T025947Z
1007184,80.32908271990742,1,1,snapshot_20150919T025947Z
1007248,94.62768976851852,2,2,snapshot_20150919T025947Z
1007362,91.08034771990741,1,1,snapshot_20150919T025947Z
1007372,59.521480358796296,1,1,snapshot_20150919T025947Z
1007671,49.265874895833335,1,1,snapshot_20150919T025947Z
1007692,30.492481724537036,2,2,snapshot_20150919T025947Z
1007724,47.242087696759256,1,3,snapshot_20150919T025947Z
1008289,67.13876396990742,1,1,snapshot_20150919T025947Z
1008434,6.089002731481481,1,1,snapshot_20150919T025947Z
1008461,76.8678625,1,1,snapshot_20150919T025947Z
1008517,23.405128159722224,1,1,snapshot_20150919T025947Z
1008540,88.38856675925925,1,1,snapshot_20150919T025947Z
1008739,51.262218159722224,2,5,snapshot_20150919T025947Z
1008753,49.47545244212963,1,1,snapshot_20150919T025947Z
1008793,82.27537795138889,1,1,snapshot_20150919T025947Z
1008851,115.38236074074075,2,4,snapshot_20150919T025947Z
1009185,116.00482851851852,2,2,snapshot_20150919T025947Z
1009186,13.963480659722222,1,1,snapshot_20150919T025947Z
1009304,93.38469302083334,1,1,snapshot_20150919T025947Z
1009438,52.93355342592592,1,1,snapshot_20150919T025947Z
1009613,82.00261989583333,2,3,snapshot_20150919T025947Z
1009644,37.456550740740745,1,1,snapshot_20150919T025947Z
1009686,43.900971053240745,1,1,snapshot_20150919T025947Z
1009766,20.950635972222223,1,2,snapshot_20150919T025947Z
1009811,94.31691210648148,1,1,snapshot_20150919T025947Z
1009812,93.33262480324073,1,1,snapshot_20150919T025947Z
1010111,22.213624571759258,1,3,snapshot_20150919T025947Z
1010592,84.95757063657408,1,1,snapshot_20150919T025947Z
1010711,89.23613825231482,1,3,snapshot_20150919T025947Z
1010812,92.33895231481482,1,1,snapshot_20150919T025947Z
1010834,113.08546394675928,1,4,snapshot_20150919T025947Z
1010916,135.15225199074075,1,2,snapshot_20150919T025947Z
1011116,10.21165025462963,1,1,snapshot_20150919T025947Z
1011421,51.9458571412037,1,1,snapshot_20150919T025947Z
1011481,41.48486920138889,1,1,snapshot_20150919T025947Z
1011731,53.3648168287037,1,1,snapshot_20150919T025947Z
1011757,137.0551064699074,1,1,snapshot_20150919T025947Z
1011796,19.408248726851852,1,2,snapshot_20150919T025947Z
1011817,26.648552002314815,1,1,snapshot_20150919T025947Z
1011956,10.078032268518518,1,1,snapshot_20150919T025947Z
1011964,31.38763552083333,1,4,snapshot_20150919T025947Z
1012089,109.55703657407409,1,1,snapshot_20150919T025947Z
1012108,24.366288263888887,2,2,snapshot_20150919T025947Z
1012118,130.90763841435185,1,1,snapshot_20150919T025947Z
1012516,100.41913677083333,1,1,snapshot_20150919T025947Z
1012647,103.18239822916667,1,1,snapshot_20150919T025947Z
1012717,30.268306377314815,1,1,snapshot_20150919T025947Z
1012836,82.2555392361111,1,1,snapshot_20150919T025947Z
1012983,123.31248539351851,1,1,snapshot_20150919T025947Z
1013035,136.0555573611111,1,1,snapshot_20150919T025947Z
1013317,48.91061775462963,1,1,snapshot_20150919T025947Z
1013418,18.233024305555556,1,2,snapshot_20150919T025947Z
1013440,87.1210691898148,2,2,snapshot_20150919T025947Z
1013524,46.90198180555556,1,1,snapshot_20150919T025947Z
1013587,45.41207537037037,1,1,snapshot_20150919T025947Z
1013626,4.222508865740741,1,1,snapshot_20150919T025947Z
1013810,46.21661690972222,1,3,snapshot_20150919T025947Z
1013847,110.84986194444446,1,1,snapshot_20150919T025947Z
1013883,46.34284638888889,2,7,snapshot_20150919T025947Z
1014071,60.319189236111114,1,4,snapshot_20150919T025947Z
1014131,72.63056953703703,1,1,snapshot_20150919T025947Z
1014161,126.90560503472223,1,1,snapshot_20150919T025947Z
1014189,94.29985877314816,1,3,snapshot_20150919T025947Z
1014288,114.18907996527777,1,1,snapshot_20150919T025947Z
1014314,66.39982288194444,1,2,snapshot_20150919T025947Z
1014434,134.46615184027777,4,4,snapshot_20150919T025947Z
1014574,94.90407940972223,1,1,snapshot_20150919T025947Z
1014701,60.32138835648148,1,4,snapshot_20150919T025947Z
1015123,104.24207244212964,1,1,snapshot_20150919T025947Z
1015139,71.3866542824074,9,10,snapshot_20150919T025947Z
1015243,11.138297025462963,1,1,snapshot_20150919T025947Z
1015807,13.221269976851852,1,1,snapshot_20150919T025947Z
1016212,48.989902488425926,1,1,snapshot_20150919T025947Z
1016234,113.03495853009258,1,1,snapshot_20150919T025947Z
1016281,72.07782620370371,1,1,snapshot_20150919T025947Z
1016356,131.30440936342592,2,2,snapshot_20150919T025947Z
1016496,77.36069789351852,1,1,snapshot_20150919T025947Z
1016574,90.8692688888889,1,1,snapshot_20150919T025947Z
1016592,126.22159238425927,1,1,snapshot_20150919T025947Z
1016855,114.39329136574074,1,1,snapshot_20150919T025947Z
1017137,38.435632858796296,2,2,snapshot_20150919T025947Z
1017211,11.845272291666666,1,1,snapshot_20150919T025947Z
1017263,18.136498252314816,1,2,snapshot_20150919T025947Z
1017375,86.15728796296295,1,1,snapshot_20150919T025947Z
1017413,136.21037724537038,1,1,snapshot_20150919T025947Z
1017619,131.4891333449074,1,1,snapshot_20150919T025947Z
1017798,36.70941778935185,1,1,snapshot_20150919T025947Z
1017859,87.2781580787037,1,1,snapshot_20150919T025947Z
1017973,68.08793381944444,1,1,snapshot_20150919T025947Z
1017997,133.98539359953702,1,4,snapshot_20150919T025947Z
1018074,19.178960752314815,2,2,snapshot_20150919T025947Z
1018140,124.06615221064816,1,1,snapshot_20150919T025947Z
1018203,25.362799374999998,1,1,snapshot_20150919T025947Z
1018216,89.22295322916666,1,1,snapshot_20150919T025947Z
1018325,109.37274006944445,1,1,snapshot_20150919T025947Z
1018339,32.24415378472222,2,2,snapshot_20150919T025947Z
1018423,65.14064166666667,1,2,snapshot_20150919T025947Z
1018513,115.23789998842592,1,1,snapshot_20150919T025947Z
1018526,26.451956493055558,1,1,snapshot_20150919T025947Z
1018616,43.343882962962965,1,1,snapshot_20150919T025947Z
1018880,14.326513900462963,1,2,snapshot_20150919T025947Z
1018974,134.39769769675925,1,1,snapshot_20150919T025947Z
1018985,100.50082612268518,1,1,snapshot_20150919T025947Z
1019032,81.25978721064816,1,1,snapshot_20150919T025947Z
1019052,72.88375493055555,1,1,snapshot_20150919T025947Z
1019094,87.99312915509259,1,1,snapshot_20150919T025947Z
1019196,59.99304054398148,1,1,snapshot_20150919T025947Z
1019407,124.23980633101853,1,2,snapshot_20150919T025947Z
1019495,23.875732766203704,1,1,snapshot_20150919T025947Z
1019510,66.15690612268519,1,1,snapshot_20150919T025947Z
1019573,68.36006194444444,1,1,snapshot_20150919T025947Z
1019603,29.385372997685185,1,1,snapshot_20150919T025947Z
1019696,27.01640777777778,1,1,snapshot_20150919T025947Z
1019930,57.43055556712963,1,1,snapshot_20150919T025947Z
1020024,15.034804074074072,5,5,snapshot_20150919T025947Z
1020169,109.05977732638888,1,2,snapshot_20150919T025947Z
1020281,28.095231458333334,1,1,snapshot_20150919T025947Z
1020462,114.3912123611111,1,1,snapshot_20150919T025947Z
1020495,134.92676422453704,1,1,snapshot_20150919T025947Z
1020511,30.158581400462964,2,2,snapshot_20150919T025947Z
1020574,11.890908402777779,1,1,snapshot_20150919T025947Z
1020737,91.26449870370371,1,5,snapshot_20150919T025947Z
1020763,18.968037164351852,1,1,snapshot_20150919T025947Z
1020965,129.3557329050926,1,1,snapshot_20150919T025947Z
1021170,112.60326241898147,1,1,snapshot_20150919T025947Z
1021202,104.98351872685184,1,1,snapshot_20150919T025947Z
1021527,70.27416615740741,1,2,snapshot_20150919T025947Z
1021744,91.22879356481482,1,1,snapshot_20150919T025947Z
1021811,96.6054676388889,1,4,snapshot_20150919T025947Z
1021936,5.297639594907407,1,1,snapshot_20150919T025947Z
1022003,77.35928,1,3,snapshot_20150919T025947Z
1022147,9.393486736111111,1,1,snapshot_20150919T025947Z
1022199,102.85793945601853,1,1,snapshot_20150919T025947Z
1022415,78.29590575231482,1,1,snapshot_20150919T025947Z
1022432,63.99517201388888,1,1,snapshot_20150919T025947Z
1022503,57.81667930555556,1,1,snapshot_20150919T025947Z
1022968,122.14092328703704,1,2,snapshot_20150919T025947Z
1023087,52.34524215277778,1,1,snapshot_20150919T025947Z
1023090,129.36783743055554,1,1,snapshot_20150919T025947Z
1023179,93.31180994212963,1,1,snapshot_20150919T025947Z
1023195,3.5766338194444445,3,3,snapshot_20150919T025947Z
1023198,128.35381188657405,1,1,snapshot_20150919T025947Z
1023537,27.187277233796298,1,1,snapshot_20150919T025947Z
1023761,58.981407905092595,2,2,snapshot_20150919T025947Z
1024035,94.8926456712963,1,1,snapshot_20150919T025947Z
1024199,84.3752565625,1,2,snapshot_20150919T025947Z
1024325,82.2259364236111,1,1,snapshot_20150919T025947Z
1024334,36.20621078703704,1,1,snapshot_20150919T025947Z
1024873,34.636858877314815,1,1,snapshot_20150919T025947Z
1024919,58.2468227662037,1,1,snapshot_20150919T025947Z
1025012,12.325508541666668,1,1,snapshot_20150919T025947Z
1025263,22.21843326388889,1,1,snapshot_20150919T025947Z
1025490,84.36753754629629,1,1,snapshot_20150919T025947Z
1025715,54.925104293981484,1,1,snapshot_20150919T025947Z
1025723,1.8658789236111113,1,1,snapshot_20150919T025947Z
1025839,88.29433288194444,1,1,snapshot_20150919T025947Z
1026145,125.13909215277779,1,1,snapshot_20150919T025947Z
1026160,114.04946203703703,1,1,snapshot_20150919T025947Z
1026208,108.34967685185185,1,1,snapshot_20150919T025947Z
1026425,138.40655616898147,1,1,snapshot_20150919T025947Z
1026467,54.44779226851852,1,2,snapshot_20150919T025947Z
1026720,109.47005570601851,1,1,snapshot_20150919T025947Z
1026772,36.25941310185185,1,1,snapshot_20150919T025947Z
1027308,130.18444219907408,1,1,snapshot_20150919T025947Z
1027310,85.38940128472223,1,1,snapshot_20150919T025947Z
1027328,67.37034209490741,1,1,snapshot_20150919T025947Z
1027357,88.38166157407407,1,1,snapshot_20150919T025947Z
1027706,23.08506232638889,1,1,snapshot_20150919T025947Z
1027708,108.02568582175927,1,1,snapshot_20150919T025947Z
1027767,128.08822050925926,1,1,snapshot_20150919T025947Z
1027949,93.45437700231481,1,1,snapshot_20150919T025947Z
1028073,108.05848438657408,1,1,snapshot_20150919T025947Z
1028180,114.02708474537036,1,1,snapshot_20150919T025947Z
1028187,57.91038084490741,1,1,snapshot_20150919T025947Z
1028379,56.2831791087963,1,1,snapshot_20150919T025947Z
1028639,106.17598135416668,1,1,snapshot_20150919T025947Z
1028669,129.56178699074073,1,1,snapshot_20150919T025947Z
1028889,126.09708499999999,1,1,snapshot_20150919T025947Z
1028897,2.2151519328703704,1,2,snapshot_20150919T025947Z
1029094,78.4323742013889,1,1,snapshot_20150919T025947Z
1029355,65.26530708333333,1,1,snapshot_20150919T025947Z
1029499,107.38851510416667,2,2,snapshot_20150919T025947Z
1029750,83.35674656249999,1,1,snapshot_20150919T025947Z
1029755,88.26055318287037,1,2,snapshot_20150919T025947Z
1029785,98.45573825231482,1,1,snapshot_20150919T025947Z
1030351,75.32142391203703,1,1,snapshot_20150919T025947Z
1030439,19.29830869212963,1,1,snapshot_20150919T025947Z
1030794,12.218166747685187,2,2,snapshot_20150919T025947Z
1030813,136.21450078703705,1,1,snapshot_20150919T025947Z
1030861,29.073779895833333,1,1,snapshot_20150919T025947Z
1030896,58.996780763888886,1,1,snapshot_20150919T025947Z
1030990,62.956846504629624,1,1,snapshot_20150919T025947Z
1031046,66.18234217592592,3,3,snapshot_20150919T025947Z
1031191,19.30079576388889,1,1,snapshot_20150919T025947Z
1031226,117.01178778935186,1,1,snapshot_20150919T025947Z
1031546,67.37758342592592,1,1,snapshot_20150919T025947Z
1031618,33.51612122685185,1,1,snapshot_20150919T025947Z
1031663,33.046851331018516,1,8,snapshot_20150919T025947Z
1031691,135.4494439699074,1,1,snapshot_20150919T025947Z
1032156,136.01665287037036,1,1,snapshot_20150919T025947Z
1032211,67.42114831018519,1,1,snapshot_20150919T025947Z
1032217,3.8688243981481483,1,1,snapshot_20150919T025947Z
1032349,48.17614112268518,1,3,snapshot_20150919T025947Z
1032380,30.904076122685186,1,1,snapshot_20150919T025947Z
1032394,90.47203413194444,1,1,snapshot_20150919T025947Z
1032403,10.428580266203703,1,2,snapshot_20150919T025947Z
1032432,50.251959837962964,1,4,snapshot_20150919T025947Z
1032561,5.4818927083333335,1,1,snapshot_20150919T025947Z
1032718,57.028666458333326,1,1,snapshot_20150919T025947Z
1032778,129.55117145833333,1,1,snapshot_20150919T025947Z
1033046,72.28321255787037,1,1,snapshot_20150919T025947Z
1033073,93.41797787037036,1,1,snapshot_20150919T025947Z
1033279,23.18104019675926,1,1,snapshot_20150919T025947Z
1033428,89.37441453703704,1,1,snapshot_20150919T025947Z
1033504,39.373220312499996,1,1,snapshot_20150919T025947Z
1033586,13.331238136574076,1,2,snapshot_20150919T025947Z
1033678,19.44573947916667,1,1,snapshot_20150919T025947Z
1033716,9.316880000000001,1,1,snapshot_20150919T025947Z
1033920,128.90807960648146,1,2,snapshot_20150919T025947Z
1033942,124.31598538194444,1,1,snapshot_20150919T025947Z
1033958,127.26187828703704,1,1,snapshot_20150919T025947Z
1034255,21.447534166666667,1,1,snapshot_20150919T025947Z
1034371,84.2590195486111,1,1,snapshot_20150919T025947Z
1034675,50.446354004629626,1,1,snapshot_20150919T025947Z
1034756,54.88790648148148,2,2,snapshot_20150919T025947Z
1034827,8.330349074074075,1,1,snapshot_20150919T025947Z
1034893,95.89934215277778,1,1,snapshot_20150919T025947Z
1035007,55.109181990740744,1,1,snapshot_20150919T025947Z
1035009,129.38881467592591,2,2,snapshot_20150919T025947Z
1035266,124.15515181712964,1,1,snapshot_20150919T025947Z
1035426,81.15047451388888,2,2,snapshot_20150919T025947Z
1035459,27.354765266203703,1,1,snapshot_20150919T025947Z
1035678,74.45206300925926,1,1,snapshot_20150919T025947Z
1035684,92.26408035879629,1,1,snapshot_20150919T025947Z
1035708,117.42645597222223,1,1,snapshot_20150919T025947Z
1035744,11.335586527777778,1,2,snapshot_20150919T025947Z
1035750,64.33958211805555,1,2,snapshot_20150919T025947Z
1035814,128.13979045138888,27,31,snapshot_20150919T025947Z
1035890,127.31634900462963,1,1,snapshot_20150919T025947Z
1035968,61.48399408564814,1,1,snapshot_20150919T025947Z
1036016,59.47399052083334,2,3,snapshot_20150919T025947Z
1036059,61.95039131944444,1,2,snapshot_20150919T025947Z
1036246,26.059230081018516,1,1,snapshot_20150919T025947Z
1036286,81.49175167824073,1,1,snapshot_20150919T025947Z
1036360,4.391294675925926,1,1,snapshot_20150919T025947Z
1036452,60.33447759259259,1,1,snapshot_20150919T025947Z
1036487,70.9998792824074,1,1,snapshot_20150919T025947Z
1036738,123.93108295138889,1,1,snapshot_20150919T025947Z
1036936,58.376427291666666,1,1,snapshot_20150919T025947Z
1037270,137.0704917476852,1,1,snapshot_20150919T025947Z
1037330,32.442255358796295,1,1,snapshot_20150919T025947Z
1037384,15.085175694444443,1,1,snapshot_20150919T025947Z
1037441,92.28725858796297,1,1,snapshot_20150919T025947Z
1037514,56.409077465277775,1,1,snapshot_20150919T025947Z
1037560,107.03013328703705,1,1,snapshot_20150919T025947Z
1038221,102.09882552083334,1,1,snapshot_20150919T025947Z
1038322,134.25976025462964,1,1,snapshot_20150919T025947Z
1038363,8.059157615740741,1,1,snapshot_20150919T025947Z
1038542,70.95701319444444,1,1,snapshot_20150919T025947Z
1038646,44.16021407407407,1,1,snapshot_20150919T025947Z
1038651,136.01223074074073,1,1,snapshot_20150919T025947Z
1038782,95.40286009259259,2,2,snapshot_20150919T025947Z
1038789,94.9680496875,1,1,snapshot_20150919T025947Z
1038848,9.34450355324074,1,1,snapshot_20150919T025947Z
1038991,55.51108018518518,1,1,snapshot_20150919T025947Z
1039032,102.2546871875,1,1,snapshot_20150919T025947Z
1039060,133.26211131944444,1,1,snapshot_20150919T025947Z
1039214,122.46230510416667,1,1,snapshot_20150919T025947Z
1039506,18.356400393518516,1,1,snapshot_20150919T025947Z
1039509,28.784678576388888,1,1,snapshot_20150919T025947Z
1039753,96.15786358796296,1,1,snapshot_20150919T025947Z
1039831,67.33505975694445,1,1,snapshot_20150919T025947Z
1039973,72.92704596064814,1,1,snapshot_20150919T025947Z
1039976,84.32733637731481,2,2,snapshot_20150919T025947Z
1040041,8.208967372685185,1,1,snapshot_20150919T025947Z
1040075,112.4738914351852,1,1,snapshot_20150919T025947Z
1040119,72.30258552083333,1,1,snapshot_20150919T025947Z
1040266,44.29296989583333,1,1,snapshot_20150919T025947Z
1040321,64.10148877314815,1,2,snapshot_20150919T025947Z
1040574,86.16205912037037,1,2,snapshot_20150919T025947Z
1040857,125.50638462962962,3,3,snapshot_20150919T025947Z
1040946,133.10417645833334,1,1,snapshot_20150919T025947Z
1040979,106.42439408564815,1,1,snapshot_20150919T025947Z
1040993,52.517262986111106,1,1,snapshot_20150919T025947Z
1041001,89.43470131944444,1,1,snapshot_20150919T025947Z
1041043,59.06036909722222,1,1,snapshot_20150919T025947Z
1041111,8.104373541666666,1,1,snapshot_20150919T025947Z
1041255,109.10215666666666,1,1,snapshot_20150919T025947Z
1041299,106.11570168981481,1,1,snapshot_20150919T025947Z
1041389,43.89935336805556,1,1,snapshot_20150919T025947Z
1041558,25.316214895833337,1,1,snapshot_20150919T025947Z
1041562,129.22715761574074,1,1,snapshot_20150919T025947Z
1041707,24.297149780092592,1,1,snapshot_20150919T025947Z
1041986,81.20704402777778,1,1,snapshot_20150919T025947Z
1042059,50.34669247685186,1,1,snapshot_20150919T025947Z
1042112,29.37243486111111,6,19,snapshot_20150919T025947Z
1042192,31.997538599537037,1,1,snapshot_20150919T025947Z
1042356,123.36116004629629,1,1,snapshot_20150919T025947Z
1042434,60.15257427083334,1,5,snapshot_20150919T025947Z
1042656,95.4762809837963,1,1,snapshot_20150919T025947Z
1042727,39.17746165509259,1,1,snapshot_20150919T025947Z
1042749,108.9481574189815,2,2,snapshot_20150919T025947Z
1042885,122.50422329861111,1,1,snapshot_20150919T025947Z
1043181,46.0293843287037,1,2,snapshot_20150919T025947Z
1043386,71.30721634259258,1,1,snapshot_20150919T025947Z
1043417,16.004059328703704,1,1,snapshot_20150919T025947Z
1043433,108.90694459490742,1,1,snapshot_20150919T025947Z
1043498,65.37331791666666,1,1,snapshot_20150919T025947Z
1043535,28.456414976851853,1,1,snapshot_20150919T025947Z
1043550,71.0700096875,1,1,snapshot_20150919T025947Z
1043555,137.25376880787036,1,3,snapshot_20150919T025947Z
1043576,135.9269202662037,1,1,snapshot_20150919T025947Z
1043630,10.13032255787037,2,2,snapshot_20150919T025947Z
1043678,92.33745950231481,1,1,snapshot_20150919T025947Z
1043832,118.12456924768519,1,1,snapshot_20150919T025947Z
1044028,29.03136560185185,1,1,snapshot_20150919T025947Z
1044121,60.454418495370376,1,1,snapshot_20150919T025947Z
1044586,93.87418940972222,1,1,snapshot_20150919T025947Z
1044618,37.324429143518515,1,1,snapshot_20150919T025947Z
1044703,105.46974737268519,1,1,snapshot_20150919T025947Z
1044770,126.25764993055556,1,1,snapshot_20150919T025947Z
1044793,19.308478391203703,1,1,snapshot_20150919T025947Z
1044842,44.16544299768518,1,1,snapshot_20150919T025947Z
1044862,136.2272404976852,1,1,snapshot_20150919T025947Z
1044986,44.398112662037036,1,1,snapshot_20150919T025947Z
1045077,63.4482518287037,1,1,snapshot_20150919T025947Z
1045152,138.83123832175926,1,3,snapshot_20150919T025947Z
1045205,134.02564649305558,2,2,snapshot_20150919T025947Z
1045212,54.36381586805555,1,1,snapshot_20150919T025947Z
1045290,79.13183518518518,1,1,snapshot_20150919T025947Z
1045409,116.85327271990741,1,2,snapshot_20150919T025947Z
1045440,9.909227129629631,1,1,snapshot_20150919T025947Z
1045445,62.381351817129634,1,1,snapshot_20150919T025947Z
1045572,33.94694785879629,1,1,snapshot_20150919T025947Z
1045580,92.21013274305555,1,1,snapshot_20150919T025947Z
1045905,66.33472016203703,1,1,snapshot_20150919T025947Z
1045937,1.5622923032407408,1,1,snapshot_20150919T025947Z
1046101,86.37599540509258,1,1,snapshot_20150919T025947Z
1046172,109.93809427083335,1,1,snapshot_20150919T025947Z
1046288,23.43031020833333,1,1,snapshot_20150919T025947Z
1046310,4.016609710648148,1,1,snapshot_20150919T025947Z
1046490,7.230495416666667,1,1,snapshot_20150919T025947Z
1046579,124.43519034722223,1,1,snapshot_20150919T025947Z
1046769,122.21422062500001,1,1,snapshot_20150919T025947Z
1046787,11.110762592592593,1,1,snapshot_20150919T025947Z
1046837,44.91586782407408,1,1,snapshot_20150919T025947Z
1046904,78.8194815162037,1,1,snapshot_20150919T025947Z
1046933,133.2189259375,1,1,snapshot_20150919T025947Z
1046944,79.32627436342594,1,1,snapshot_20150919T025947Z
1047253,37.154681655092595,1,1,snapshot_20150919T025947Z
1047269,120.41368471064814,1,2,snapshot_20150919T025947Z
1047384,129.2128942013889,2,2,snapshot_20150919T025947Z
1047431,67.33419476851853,1,1,snapshot_20150919T025947Z
1047637,20.469170891203703,1,1,snapshot_20150919T025947Z
1047813,93.1496793287037,1,1,snapshot_20150919T025947Z
1048033,14.153787465277777,1,2,snapshot_20150919T025947Z
1048327,4.141968506944445,1,1,snapshot_20150919T025947Z
1048533,120.1623189699074,3,3,snapshot_20150919T025947Z
1048650,32.48417364583334,1,1,snapshot_20150919T025947Z
1048836,87.04723295138889,1,1,snapshot_20150919T025947Z
1048883,61.470405717592584,1,1,snapshot_20150919T025947Z
1049594,74.12657469907407,1,1,snapshot_20150919T025947Z
1049595,136.46269135416665,1,2,snapshot_20150919T025947Z
1049610,41.15422445601852,1,1,snapshot_20150919T025947Z
1050037,29.057505729166667,1,1,snapshot_20150919T025947Z
1050385,103.96006201388887,1,1,snapshot_20150919T025947Z
1050485,115.38901913194445,1,1,snapshot_20150919T025947Z
1050575,49.240870578703706,1,1,snapshot_20150919T025947Z
1050618,118.14029024305555,1,1,snapshot_20150919T025947Z
1050805,109.14617304398148,1,2,snapshot_20150919T025947Z
1051054,49.44642813657407,2,2,snapshot_20150919T025947Z
1051319,49.97757650462963,1,2,snapshot_20150919T025947Z
1051368,60.17846328703704,1,1,snapshot_20150919T025947Z
1051470,66.40826785879631,1,1,snapshot_20150919T025947Z
1051529,8.418007650462963,1,1,snapshot_20150919T025947Z
1051557,92.3466065625,2,3,snapshot_20150919T025947Z
1051607,105.14001332175927,1,1,snapshot_20150919T025947Z
1051642,123.23365880787037,1,1,snapshot_20150919T025947Z
1051698,87.09885976851852,1,1,snapshot_20150919T025947Z
1052281,37.374681423611115,1,1,snapshot_20150919T025947Z
1052311,99.19696179398147,1,2,snapshot_20150919T025947Z
1052403,129.4582807986111,1,8,snapshot_20150919T025947Z
1052428,103.37396762731481,1,1,snapshot_20150919T025947Z
1052508,32.936033414351854,1,1,snapshot_20150919T025947Z
1052690,46.244491053240736,1,1,snapshot_20150919T025947Z
1052785,86.16655349537037,2,2,snapshot_20150919T025947Z
1052861,51.879296574074075,1,1,snapshot_20150919T025947Z
1053089,84.17979966435185,2,2,snapshot_20150919T025947Z
1053100,77.12420643518519,1,1,snapshot_20150919T025947Z
1053258,59.20055001157407,1,1,snapshot_20150919T025947Z
1053351,111.15968604166666,2,2,snapshot_20150919T025947Z
1053437,123.47826546296297,1,3,snapshot_20150919T025947Z
1053559,31.1673277662037,1,1,snapshot_20150919T025947Z
1053581,37.318790625,1,1,snapshot_20150919T025947Z
1053591,26.031201712962964,1,1,snapshot_20150919T025947Z
1053783,60.397838900462965,2,4,snapshot_20150919T025947Z
1053908,52.18202039351852,1,1,snapshot_20150919T025947Z
1053942,28.34536609953704,1,1,snapshot_20150919T025947Z
1054391,47.47110915509259,1,1,snapshot_20150919T025947Z
1054587,36.01087699074074,1,1,snapshot_20150919T025947Z
1054607,31.398326747685182,2,3,snapshot_20150919T025947Z
1054695,11.353400949074073,1,1,snapshot_20150919T025947Z
1054808,60.242921331018515,2,2,snapshot_20150919T025947Z
1054824,59.11412547453703,1,1,snapshot_20150919T025947Z
1055074,30.53393289351852,1,1,snapshot_20150919T025947Z
1055133,80.13381303240742,1,1,snapshot_20150919T025947Z
1055329,122.86977438657406,1,2,snapshot_20150919T025947Z
1055347,26.351482326388886,1,1,snapshot_20150919T025947Z
1055401,27.44210457175926,2,6,snapshot_20150919T025947Z
1055770,104.88656692129629,1,1,snapshot_20150919T025947Z
1056030,78.3000457175926,1,1,snapshot_20150919T025947Z
1056162,45.26713240740741,1,1,snapshot_20150919T025947Z
1056168,15.035595682870369,1,1,snapshot_20150919T025947Z
1056247,112.21187166666665,1,1,snapshot_20150919T025947Z
1056311,31.986086145833333,1,1,snapshot_20150919T025947Z
1056551,29.337735405092594,2,2,snapshot_20150919T025947Z
1056651,24.138298564814814,1,1,snapshot_20150919T025947Z
1056881,88.3932945949074,1,1,snapshot_20150919T025947Z
1056901,27.793138379629628,1,1,snapshot_20150919T025947Z
1056921,65.3156196412037,1,1,snapshot_20150919T025947Z
1056961,32.216123136574076,1,2,snapshot_20150919T025947Z
1057266,68.05517844907406,1,1,snapshot_20150919T025947Z
1057330,120.17463430555554,1,1,snapshot_20150919T025947Z
1057465,94.51303027777777,1,1,snapshot_20150919T025947Z
1057581,123.45588853009258,1,1,snapshot_20150919T025947Z
1057608,65.30412269675926,1,1,snapshot_20150919T025947Z
1058123,17.365674953703707,1,2,snapshot_20150919T025947Z
1058185,52.199907939814814,1,1,snapshot_20150919T025947Z
1058190,46.40667162037037,1,1,snapshot_20150919T025947Z
1058213,130.26604041666667,1,3,snapshot_20150919T025947Z
1058268,85.39391299768518,1,2,snapshot_20150919T025947Z
1058388,101.32911835648147,1,1,snapshot_20150919T025947Z
1058404,93.37803016203704,1,1,snapshot_20150919T025947Z
1058409,58.11626619212963,1,2,snapshot_20150919T025947Z
1058490,88.25343270833334,1,1,snapshot_20150919T025947Z
1058657,133.9624835763889,1,1,snapshot_20150919T025947Z
1058705,88.4000988425926,1,1,snapshot_20150919T025947Z
1058708,2.1080271180555554,2,2,snapshot_20150919T025947Z
1058710,60.8670578125,1,1,snapshot_20150919T025947Z
1058908,71.24287230324074,1,1,snapshot_20150919T025947Z
1058941,3.392010833333333,1,2,snapshot_20150919T025947Z
1059065,9.958198831018517,1,1,snapshot_20150919T025947Z
1059363,7.260067256944445,1,2,snapshot_20150919T025947Z
1059475,107.96462122685186,1,1,snapshot_20150919T025947Z
1059647,67.09575899305555,1,1,snapshot_20150919T025947Z
1059939,22.063430150462963,1,1,snapshot_20150919T025947Z
1060139,34.96047510416667,1,1,snapshot_20150919T025947Z
1060241,78.94144015046295,1,1,snapshot_20150919T025947Z
1060420,88.13153229166666,1,1,snapshot_20150919T025947Z
1060458,77.17195209490741,1,1,snapshot_20150919T025947Z
1060630,114.00374002314815,2,2,snapshot_20150919T025947Z
1060743,85.55433916666667,1,1,snapshot_20150919T025947Z
1061238,14.908158611111112,2,6,snapshot_20150919T025947Z
1061273,50.25818665509259,1,1,snapshot_20150919T025947Z
1061336,20.20726689814815,1,1,snapshot_20150919T025947Z
1061666,4.1734449537037035,1,1,snapshot_20150919T025947Z
1061966,119.27395788194444,1,2,snapshot_20150919T025947Z
1062192,64.18886038194444,1,3,snapshot_20150919T025947Z
1062424,62.91533293981481,1,1,snapshot_20150919T025947Z
1062583,98.4706712962963,1,1,snapshot_20150919T025947Z
1062602,29.95015690972222,1,1,snapshot_20150919T025947Z
1062712,128.26124315972223,1,1,snapshot_20150919T025947Z
1062766,30.95188755787037,1,1,snapshot_20150919T025947Z
1062953,129.20606332175925,1,1,snapshot_20150919T025947Z
1062982,48.441120949074076,1,1,snapshot_20150919T025947Z
1062987,137.12759940972222,1,2,snapshot_20150919T025947Z
1063648,79.47482278935186,1,1,snapshot_20150919T025947Z
1063775,90.40101708333333,1,1,snapshot_20150919T025947Z
1063848,21.193572939814814,1,1,snapshot_20150919T025947Z
1063946,36.02887579861111,1,1,snapshot_20150919T025947Z
1064350,53.99901784722222,1,1,snapshot_20150919T025947Z
1064358,41.016105127314816,2,2,snapshot_20150919T025947Z
1064422,19.908835046296296,2,3,snapshot_20150919T025947Z
1064435,78.36813949074075,1,1,snapshot_20150919T025947Z
1064436,11.499651226851853,1,1,snapshot_20150919T025947Z
1064483,120.10472976851852,1,1,snapshot_20150919T025947Z
1064813,43.444979432870376,1,1,snapshot_20150919T025947Z
1064901,74.44449354166666,1,1,snapshot_20150919T025947Z
1065189,23.234905509259256,1,2,snapshot_20150919T025947Z
1065255,93.4463703587963,30,36,snapshot_20150919T025947Z
1065320,33.29426858796296,1,1,snapshot_20150919T025947Z
1065650,66.30350607638889,1,1,snapshot_20150919T025947Z
1065793,128.4382513773148,1,1,snapshot_20150919T025947Z
1065827,129.2652564814815,1,1,snapshot_20150919T025947Z
1065940,94.22680873842593,1,2,snapshot_20150919T025947Z
1066033,70.79511136574075,1,1,snapshot_20150919T025947Z
1066199,72.18645548611111,1,1,snapshot_20150919T025947Z
1066293,107.18072453703704,1,1,snapshot_20150919T025947Z
1066337,37.21237795138889,1,1,snapshot_20150919T025947Z
1066430,133.06469101851852,1,1,snapshot_20150919T025947Z
1066440,127.53179355324073,1,1,snapshot_20150919T025947Z
1066883,94.36743309027777,1,1,snapshot_20150919T025947Z
1066959,2.085715127314815,1,1,snapshot_20150919T025947Z
1067290,31.300318148148147,1,1,snapshot_20150919T025947Z
1067500,46.96844304398148,1,1,snapshot_20150919T025947Z
1067646,92.26798881944444,1,1,snapshot_20150919T025947Z
1067805,57.39516261574074,1,1,snapshot_20150919T025947Z
1067810,63.414122812500004,1,1,snapshot_20150919T025947Z
1068179,20.13346457175926,1,1,snapshot_20150919T025947Z
1068387,19.061182141203705,1,1,snapshot_20150919T025947Z
1068640,124.16542215277777,1,1,snapshot_20150919T025947Z
1068737,31.443165532407406,1,1,snapshot_20150919T025947Z
1068780,88.16358609953703,1,1,snapshot_20150919T025947Z
1068812,66.98827582175926,1,1,snapshot_20150919T025947Z
1069077,10.30540068287037,1,1,snapshot_20150919T025947Z
1069091,73.24531575231482,1,1,snapshot_20150919T025947Z
1069361,43.20984982638889,1,1,snapshot_20150919T025947Z
1069511,114.10546936342593,1,1,snapshot_20150919T025947Z
1069526,41.43502303240741,1,1,snapshot_20150919T025947Z
1069711,94.07999451388888,1,1,snapshot_20150919T025947Z
1069746,6.8123743402777786,1,1,snapshot_20150919T025947Z
1069754,29.670415891203707,1,1,snapshot_20150919T025947Z
1069856,66.29224069444444,1,1,snapshot_20150919T025947Z
1069931,75.86871871527778,1,1,snapshot_20150919T025947Z
1069987,13.364232847222224,1,1,snapshot_20150919T025947Z
1070029,81.09154809027778,1,3,snapshot_20150919T025947Z
1070060,42.95824432870371,1,1,snapshot_20150919T025947Z
1070249,57.33181172453703,1,4,snapshot_20150919T025947Z
1070384,25.948072118055553,1,1,snapshot_20150919T025947Z
1070440,10.209244212962963,1,1,snapshot_20150919T025947Z
1070506,85.40870163194445,1,1,snapshot_20150919T025947Z
1070509,87.78427282407408,1,1,snapshot_20150919T025947Z
1070560,72.45828648148148,1,1,snapshot_20150919T025947Z
1070882,112.40035800925926,1,1,snapshot_20150919T025947Z
1070938,78.16942893518518,1,1,snapshot_20150919T025947Z
1071121,41.99197384259259,2,2,snapshot_20150919T025947Z
1071124,37.42864168981482,1,1,snapshot_20150919T025947Z
1071234,129.3381696759259,1,1,snapshot_20150919T025947Z
1071262,88.19544921296296,1,1,snapshot_20150919T025947Z
1071308,84.91034503472223,2,2,snapshot_20150919T025947Z
1071322,116.31071758101852,1,1,snapshot_20150919T025947Z
1071410,66.33429790509258,1,1,snapshot_20150919T025947Z
1071499,36.320012303240745,1,1,snapshot_20150919T025947Z
1071608,123.47012668981482,1,1,snapshot_20150919T025947Z
1071627,52.114398854166666,1,1,snapshot_20150919T025947Z
1071835,71.14581243055555,1,1,snapshot_20150919T025947Z
1071917,126.1731315625,1,1,snapshot_20150919T025947Z
1071919,9.42770892361111,1,1,snapshot_20150919T025947Z
1072212,106.9883712962963,1,1,snapshot_20150919T025947Z
1072220,12.41242837962963,1,1,snapshot_20150919T025947Z
1072230,106.04480233796296,1,1,snapshot_20150919T025947Z
1072332,91.01745903935185,1,1,snapshot_20150919T025947Z
1072496,19.89824090277778,1,1,snapshot_20150919T025947Z
1072753,51.99359274305555,1,1,snapshot_20150919T025947Z
1072776,25.228897858796294,1,2,snapshot_20150919T025947Z
1073168,123.85923315972221,1,1,snapshot_20150919T025947Z
1073266,120.39282760416667,1,1,snapshot_20150919T025947Z
1073377,71.94328099537037,2,8,snapshot_20150919T025947Z
1073653,114.44489476851852,3,3,snapshot_20150919T025947Z
1073658,3.992440844907408,1,2,snapshot_20150919T025947Z
1073844,80.92473820601852,1,1,snapshot_20150919T025947Z
1073944,8.39084630787037,1,1,snapshot_20150919T025947Z
1074034,102.14588265046297,1,1,snapshot_20150919T025947Z
1074117,15.808620983796295,1,1,snapshot_20150919T025947Z
1074157,51.91385172453703,1,2,snapshot_20150919T025947Z
1074170,10.670111400462963,1,1,snapshot_20150919T025947Z
1074223,123.42942902777777,1,1,snapshot_20150919T025947Z
1074236,46.04642369212963,1,1,snapshot_20150919T025947Z
1074248,14.124207673611112,1,1,snapshot_20150919T025947Z
1074315,87.8703171412037,1,1,snapshot_20150919T025947Z
1074354,22.104633252314816,1,1,snapshot_20150919T025947Z
1074449,80.89102773148149,1,1,snapshot_20150919T025947Z
1074470,78.96849159722221,1,1,snapshot_20150919T025947Z
1074644,18.507000381944447,1,1,snapshot_20150919T025947Z
1074861,50.106101215277775,2,4,snapshot_20150919T025947Z
1075090,93.34564853009259,1,1,snapshot_20150919T025947Z
1075203,16.407224988425927,1,1,snapshot_20150919T025947Z
1075423,83.13631005787038,37,47,snapshot_20150919T025947Z
1075444,63.877315474537035,1,1,snapshot_20150919T025947Z
1075504,128.20644418981482,1,1,snapshot_20150919T025947Z
1075782,74.18040699074074,1,1,snapshot_20150919T025947Z
1075785,30.969595844907406,1,1,snapshot_20150919T025947Z
1075788,35.162305914351855,1,1,snapshot_20150919T025947Z
1075890,28.158857442129626,1,1,snapshot_20150919T025947Z
1075898,4.41315412037037,1,1,snapshot_20150919T025947Z
1076102,67.5025807175926,1,2,snapshot_20150919T025947Z
1076167,37.19947763888889,1,1,snapshot_20150919T025947Z
1076270,108.89117361111111,1,2,snapshot_20150919T025947Z
1076359,122.2329397800926,1,1,snapshot_20150919T025947Z
1076366,27.775327534722223,6,20,snapshot_20150919T025947Z
1076451,135.30737582175925,1,1,snapshot_20150919T025947Z
1076479,15.89437685185185,1,2,snapshot_20150919T025947Z
1076493,53.35870439814814,1,1,snapshot_20150919T025947Z
1076559,4.033835856481481,1,1,snapshot_20150919T025947Z
1076611,92.9045277662037,1,1,snapshot_20150919T025947Z
1076857,46.87565487268518,1,2,snapshot_20150919T025947Z
1077145,105.15306440972223,1,1,snapshot_20150919T025947Z
1077320,91.17405516203704,3,3,snapshot_20150919T025947Z
1077471,120.26522702546296,1,1,snapshot_20150919T025947Z
1077585,72.3143617824074,1,1,snapshot_20150919T025947Z
1077937,8.918784791666667,1,1,snapshot_20150919T025947Z
1077968,74.43456797453705,2,5,snapshot_20150919T025947Z
1077984,2.404340115740741,2,8,snapshot_20150919T025947Z
1078180,52.27145898148148,1,2,snapshot_20150919T025947Z
1078208,75.91609439814815,1,1,snapshot_20150919T025947Z
1078266,48.84615822916667,1,1,snapshot_20150919T025947Z
1078486,137.13172663194445,1,2,snapshot_20150919T025947Z
1078513,105.2447820023148,1,1,snapshot_20150919T025947Z
1078946,62.17374966435185,1,2,snapshot_20150919T025947Z
1079139,19.341181921296297,1,2,snapshot_20150919T025947Z
1079533,137.2460487384259,1,1,snapshot_20150919T025947Z
1079760,129.4040275810185,1,1,snapshot_20150919T025947Z
1079932,43.29421724537037,1,2,snapshot_20150919T025947Z
1079996,85.2296017361111,1,1,snapshot_20150919T025947Z
1080273,14.232915706018517,1,1,snapshot_20150919T025947Z
1080647,73.05239438657408,1,1,snapshot_20150919T025947Z
1080678,76.5422916550926,1,1,snapshot_20150919T025947Z
1080729,12.238079375,1,1,snapshot_20150919T025947Z
1080955,17.266954652777777,1,1,snapshot_20150919T025947Z
1081220,80.83247079861111,1,2,snapshot_20150919T025947Z
1081405,9.180348923611112,1,1,snapshot_20150919T025947Z
1081431,8.928302766203704,1,1,snapshot_20150919T025947Z
1081566,112.17922724537036,1,1,snapshot_20150919T025947Z
1081624,116.01622034722222,1,1,snapshot_20150919T025947Z
1081726,70.37980153935186,1,2,snapshot_20150919T025947Z
1081741,115.12408319444445,2,2,snapshot_20150919T025947Z
1081894,77.97260930555555,1,1,snapshot_20150919T025947Z
1081901,116.16485665509259,1,1,snapshot_20150919T025947Z
1082043,52.09089339120371,1,1,snapshot_20150919T025947Z
1082305,23.305286898148147,3,3,snapshot_20150919T025947Z
1082371,75.13621980324073,1,1,snapshot_20150919T025947Z
1082536,15.116124340277777,1,1,snapshot_20150919T025947Z
1082641,37.18881864583333,1,2,snapshot_20150919T025947Z
1082822,91.34290486111112,1,1,snapshot_20150919T025947Z
1082887,32.500916458333336,1,1,snapshot_20150919T025947Z
1083036,78.1681598611111,1,1,snapshot_20150919T025947Z
1083118,13.330529074074075,1,1,snapshot_20150919T025947Z
1083127,79.33266747685185,1,1,snapshot_20150919T025947Z
1083188,108.30883450231482,1,1,snapshot_20150919T025947Z
1083253,7.870848587962962,1,1,snapshot_20150919T025947Z
1083369,94.93527135416667,1,1,snapshot_20150919T025947Z
1083373,39.21274318287037,9,9,snapshot_20150919T025947Z
1083495,110.9622464236111,1,1,snapshot_20150919T025947Z
1083658,56.56907549768518,1,1,snapshot_20150919T025947Z
1083786,127.22834275462962,1,5,snapshot_20150919T025947Z
1083837,119.40824959490742,1,1,snapshot_20150919T025947Z
1083923,30.9260540162037,1,1,snapshot_20150919T025947Z
1084018,44.33012209490741,2,2,snapshot_20150919T025947Z
1084182,136.2205955439815,1,1,snapshot_20150919T025947Z
1084265,81.27760873842593,1,1,snapshot_20150919T025947Z
1084305,42.86197923611111,1,1,snapshot_20150919T025947Z
1084338,32.49910587962963,1,1,snapshot_20150919T025947Z
1084528,35.9549940625,1,1,snapshot_20150919T025947Z
1084561,17.170612604166667,1,1,snapshot_20150919T025947Z
1084569,132.34426841435183,2,2,snapshot_20150919T025947Z
1084617,105.00061923611112,1,1,snapshot_20150919T025947Z
1084677,79.90236493055555,1,2,snapshot_20150919T025947Z
1084741,63.97943761574074,1,2,snapshot_20150919T025947Z
1084952,16.40104252314815,2,3,snapshot_20150919T025947Z
1085279,64.26346554398148,1,1,snapshot_20150919T025947Z
1085571,137.5250728935185,1,1,snapshot_20150919T025947Z
1085620,129.59738510416668,1,1,snapshot_20150919T025947Z
1085624,65.18969851851851,1,1,snapshot_20150919T025947Z
1085761,137.33735337962963,1,1,snapshot_20150919T025947Z
1085818,24.163890185185185,2,3,snapshot_20150919T025947Z
1085829,115.38914660879631,1,1,snapshot_20150919T025947Z
1085971,88.3520078587963,1,1,snapshot_20150919T025947Z
1086003,13.007757905092593,1,1,snapshot_20150919T025947Z
1086034,77.90304719907407,1,1,snapshot_20150919T025947Z
1086075,90.97082043981482,1,1,snapshot_20150919T025947Z
1086108,129.26432181712963,1,1,snapshot_20150919T025947Z
1086334,48.885216666666665,2,2,snapshot_20150919T025947Z
1086897,94.26852090277778,1,1,snapshot_20150919T025947Z
1086903,63.90550225694444,1,1,snapshot_20150919T025947Z
1086913,64.39001619212964,1,1,snapshot_20150919T025947Z
1086982,31.122610891203703,2,2,snapshot_20150919T025947Z
1087295,89.00554327546297,1,1,snapshot_20150919T025947Z
1087601,120.23975396990741,1,1,snapshot_20150919T025947Z
1088027,23.231116979166668,1,1,snapshot_20150919T025947Z
1088068,32.360617418981484,1,1,snapshot_20150919T025947Z
1088103,61.13576729166667,1,1,snapshot_20150919T025947Z
1088116,125.1985325925926,1,1,snapshot_20150919T025947Z
1088151,122.29561746527777,1,1,snapshot_20150919T025947Z
1088210,31.141690740740742,1,1,snapshot_20150919T025947Z
1088211,44.19335803240741,1,1,snapshot_20150919T025947Z
1088275,109.46291752314814,1,1,snapshot_20150919T025947Z
1088393,116.86948355324076,1,1,snapshot_20150919T025947Z
1088465,104.07381226851852,1,1,snapshot_20150919T025947Z
1088880,21.391346238425925,1,3,snapshot_20150919T025947Z
1088976,107.42691548611111,1,1,snapshot_20150919T025947Z
1089538,53.26835773148148,1,1,snapshot_20150919T025947Z
1089853,135.81129056712965,1,1,snapshot_20150919T025947Z
1089934,93.09187438657408,1,1,snapshot_20150919T025947Z
1089992,27.54896248842593,1,1,snapshot_20150919T025947Z
1090044,80.30318270833332,1,1,snapshot_20150919T025947Z
1090063,37.2981763425926,1,1,snapshot_20150919T025947Z
1090124,38.30830871527778,1,1,snapshot_20150919T025947Z
1090144,134.43664902777778,1,1,snapshot_20150919T025947Z
1090325,7.640313611111111,1,1,snapshot_20150919T025947Z
1090413,128.11043760416666,1,1,snapshot_20150919T025947Z
1090473,25.289883564814815,1,1,snapshot_20150919T025947Z
1090548,137.33064225694446,1,1,snapshot_20150919T025947Z
1090665,79.14240237268518,1,2,snapshot_20150919T025947Z
1090824,14.177091550925926,1,1,snapshot_20150919T025947Z
1090856,64.26542041666667,1,1,snapshot_20150919T025947Z
1090857,107.45498151620372,1,1,snapshot_20150919T025947Z
1090887,62.28566340277778,1,1,snapshot_20150919T025947Z
1091087,35.237645891203705,1,2,snapshot_20150919T025947Z
1091107,104.29084650462963,1,1,snapshot_20150919T025947Z
1091556,136.3735279050926,1,1,snapshot_20150919T025947Z
1091732,79.28710556712963,1,1,snapshot_20150919T025947Z
1091855,124.92612122685185,1,2,snapshot_20150919T025947Z
1092175,36.81456423611111,1,1,snapshot_20150919T025947Z
1092199,32.430847129629626,1,1,snapshot_20150919T025947Z
1092370,136.12291906250002,2,2,snapshot_20150919T025947Z
1092403,43.88344549768519,1,1,snapshot_20150919T025947Z
1092409,19.4304471875,1,1,snapshot_20150919T025947Z
1092478,94.4604533449074,1,2,snapshot_20150919T025947Z
1092723,72.54386591435185,1,2,snapshot_20150919T025947Z
1092797,59.92607351851852,1,1,snapshot_20150919T025947Z
1093035,100.21869946759259,47,68,snapshot_20150919T025947Z
1093062,26.513489965277774,1,1,snapshot_20150919T025947Z
1093151,103.37580952546297,1,1,snapshot_20150919T025947Z
1093456,74.23423402777779,1,1,snapshot_20150919T025947Z
1093461,25.393236296296294,1,1,snapshot_20150919T025947Z
1093736,138.40333628472223,1,1,snapshot_20150919T025947Z
1093771,50.41316303240741,1,1,snapshot_20150919T025947Z
1093946,112.25694479166665,2,2,snapshot_20150919T025947Z
1094021,64.04499927083333,1,2,snapshot_20150919T025947Z
1094034,42.18697215277778,1,1,snapshot_20150919T025947Z
1094089,137.3159750810185,1,1,snapshot_20150919T025947Z
1094128,69.56375561342593,2,2,snapshot_20150919T025947Z
1094188,52.090523796296296,1,1,snapshot_20150919T025947Z
1094310,72.28501980324074,1,1,snapshot_20150919T025947Z
1094389,87.15170538194444,1,1,snapshot_20150919T025947Z
1094490,109.30392560185186,1,1,snapshot_20150919T025947Z
1094597,52.44917771990741,1,1,snapshot_20150919T025947Z
1094829,31.380362418981484,1,1,snapshot_20150919T025947Z
1095103,127.1505686574074,1,1,snapshot_20150919T025947Z
1095124,44.20892663194444,1,1,snapshot_20150919T025947Z
1095458,29.724758483796297,1,5,snapshot_20150919T025947Z
1095470,71.089404375,2,2,snapshot_20150919T025947Z
1095484,60.11212964120371,1,1,snapshot_20150919T025947Z
1095555,33.49517394675926,1,1,snapshot_20150919T025947Z
1095676,74.44652666666667,1,1,snapshot_20150919T025947Z
1096075,73.0911034837963,1,1,snapshot_20150919T025947Z
1096142,93.90165445601852,1,1,snapshot_20150919T025947Z
1096330,78.35803658564814,1,1,snapshot_20150919T025947Z
1096495,54.28769011574074,1,1,snapshot_20150919T025947Z
1096542,127.12033753472222,1,1,snapshot_20150919T025947Z
1096676,121.50597453703703,1,1,snapshot_20150919T025947Z
1096840,72.3212240625,1,1,snapshot_20150919T025947Z
1097026,51.84138322916667,1,2,snapshot_20150919T025947Z
1097216,49.355268275462954,1,3,snapshot_20150919T025947Z
1097386,67.04288969907407,1,1,snapshot_20150919T025947Z
1097400,72.41051435185186,1,5,snapshot_20150919T025947Z
1097512,58.02416788194445,1,1,snapshot_20150919T025947Z
1097646,87.28169871527778,1,2,snapshot_20150919T025947Z
1097897,81.00351572916666,1,1,snapshot_20150919T025947Z
1098035,45.266310636574076,1,1,snapshot_20150919T025947Z
1098310,85.15021474537036,1,1,snapshot_20150919T025947Z
1098391,64.05690287037037,1,1,snapshot_20150919T025947Z
1098607,59.17450761574074,1,1,snapshot_20150919T025947Z
1098616,16.11077107638889,1,1,snapshot_20150919T025947Z
1098767,78.0130624537037,1,1,snapshot_20150919T025947Z
1098769,8.210694421296296,1,2,snapshot_20150919T025947Z
1098883,11.427051400462963,1,1,snapshot_20150919T025947Z
1098888,77.73616310185184,1,1,snapshot_20150919T025947Z
1098959,21.860944895833335,1,1,snapshot_20150919T025947Z
1099198,64.15976096064814,1,1,snapshot_20150919T025947Z
1099348,62.948146273148154,1,1,snapshot_20150919T025947Z
1099519,9.179737222222222,1,1,snapshot_20150919T025947Z
1099612,59.87905168981481,1,1,snapshot_20150919T025947Z
1099749,49.26382252314814,1,3,snapshot_20150919T025947Z
1099801,47.029506678240736,1,1,snapshot_20150919T025947Z
1099842,50.90715871527778,1,2,snapshot_20150919T025947Z
1099905,53.2780291087963,1,1,snapshot_20150919T025947Z
1099916,57.26513990740741,1,2,snapshot_20150919T025947Z
1100002,58.1712408449074,1,1,snapshot_20150919T025947Z
1100036,24.47663340277778,1,1,snapshot_20150919T025947Z
1100390,107.29962954861112,1,1,snapshot_20150919T025947Z
1100641,67.75886768518518,1,2,snapshot_20150919T025947Z
1100851,55.2114296875,1,1,snapshot_20150919T025947Z
1100884,123.24167174768517,1,1,snapshot_20150919T025947Z
1100892,7.963097951388888,1,2,snapshot_20150919T025947Z
1100984,14.096815636574075,1,1,snapshot_20150919T025947Z
1101023,4.286577418981481,1,1,snapshot_20150919T025947Z
1101111,8.171189976851853,1,1,snapshot_20150919T025947Z
1101242,129.7103275810185,1,1,snapshot_20150919T025947Z
1101303,98.21073136574074,1,1,snapshot_20150919T025947Z
1101373,28.53919238425926,2,2,snapshot_20150919T025947Z
1101539,3.9568285300925923,1,2,snapshot_20150919T025947Z
1101747,51.00450946759259,1,7,snapshot_20150919T025947Z
1101754,112.46187006944443,1,1,snapshot_20150919T025947Z
1101917,87.35457831018518,1,1,snapshot_20150919T025947Z
1102019,118.25538296296295,1,2,snapshot_20150919T025947Z
1102053,72.14015521990741,1,1,snapshot_20150919T025947Z
1102257,67.30116836805556,1,2,snapshot_20150919T025947Z
1102275,92.40804999999999,1,1,snapshot_20150919T025947Z
1102279,6.137009236111111,1,1,snapshot_20150919T025947Z
1102311,44.145458946759256,1,1,snapshot_20150919T025947Z
1102467,44.16140667824074,1,1,snapshot_20150919T025947Z
1102508,125.23846631944444,1,1,snapshot_20150919T025947Z
1102694,67.89399237268518,1,1,snapshot_20150919T025947Z
1102743,59.21614003472222,1,3,snapshot_20150919T025947Z
1102940,85.87237966435185,1,1,snapshot_20150919T025947Z
1103132,53.05269061342592,1,1,snapshot_20150919T025947Z
1103176,76.38114253472222,1,1,snapshot_20150919T025947Z
1103202,25.41047503472222,1,1,snapshot_20150919T025947Z
1103292,135.13138122685186,1,1,snapshot_20150919T025947Z
1103541,11.97268488425926,1,14,snapshot_20150919T025947Z
1103783,44.01975307870371,1,1,snapshot_20150919T025947Z
1103835,74.070395625,1,1,snapshot_20150919T025947Z
1103840,100.1916083449074,1,1,snapshot_20150919T025947Z
1103880,98.40814828703704,1,1,snapshot_20150919T025947Z
1103897,79.20713717592592,2,2,snapshot_20150919T025947Z
1103912,11.264462974537038,1,1,snapshot_20150919T025947Z
1103914,62.3015115625,3,8,snapshot_20150919T025947Z
1104027,56.37429652777777,1,2,snapshot_20150919T025947Z
1104056,53.894928125,1,1,snapshot_20150919T025947Z
1104076,16.361513020833335,2,2,snapshot_20150919T025947Z
1104300,101.02587971064814,1,2,snapshot_20150919T025947Z
1104374,3.2892413078703706,1,1,snapshot_20150919T025947Z
1104446,2.4050994791666667,1,1,snapshot_20150919T025947Z
1104456,43.85508038194444,1,2,snapshot_20150919T025947Z
1104495,136.9138189351852,1,1,snapshot_20150919T025947Z
1104649,69.20084307870371,2,2,snapshot_20150919T025947Z
1104771,18.990604988425925,1,5,snapshot_20150919T025947Z
1104878,129.4529204976852,2,2,snapshot_20150919T025947Z
1104957,47.2943590162037,1,4,snapshot_20150919T025947Z
1105004,92.34248993055556,1,1,snapshot_20150919T025947Z
1105174,11.487101481481481,1,2,snapshot_20150919T025947Z
1105313,127.87379236111111,1,1,snapshot_20150919T025947Z
1105909,14.103753645833333,1,1,snapshot_20150919T025947Z
1105978,91.04335686342593,1,1,snapshot_20150919T025947Z
1106054,101.94068653935184,1,2,snapshot_20150919T025947Z
1106141,52.36076357638889,1,1,snapshot_20150919T025947Z
1106143,135.1294709722222,1,1,snapshot_20150919T025947Z
1106190,105.39156946759259,1,2,snapshot_20150919T025947Z
1106244,45.0661064699074,1,1,snapshot_20150919T025947Z
1106288,59.2582828587963,1,1,snapshot_20150919T025947Z
1106356,137.10562619212962,1,1,snapshot_20150919T025947Z
1106563,19.285167858796296,1,1,snapshot_20150919T025947Z
1106611,39.42030402777778,1,1,snapshot_20150919T025947Z
1106764,78.26483761574073,1,1,snapshot_20150919T025947Z
1106803,78.46788538194444,1,1,snapshot_20150919T025947Z
1106846,75.03159596064815,1,1,snapshot_20150919T025947Z
1107033,30.873950289351853,1,1,snapshot_20150919T025947Z
1107097,41.05707335648148,1,1,snapshot_20150919T025947Z
1107485,50.126644444444445,1,1,snapshot_20150919T025947Z
1107505,26.481488842592594,1,2,snapshot_20150919T025947Z
1107953,136.89439565972222,1,1,snapshot_20150919T025947Z
1107997,31.36502310185185,1,1,snapshot_20150919T025947Z
1108172,67.34903285879629,1,1,snapshot_20150919T025947Z
1108396,108.29490425925925,1,1,snapshot_20150919T025947Z
1108631,36.269896249999995,24,26,snapshot_20150919T025947Z
1108664,20.96430380787037,1,1,snapshot_20150919T025947Z
1108790,69.68183891203704,1,1,snapshot_20150919T025947Z
1108795,129.3310790625,1,1,snapshot_20150919T025947Z
1108873,124.37463337962961,1,1,snapshot_20150919T025947Z
1108906,125.43517729166666,1,1,snapshot_20150919T025947Z
1108919,16.517547685185185,1,1,snapshot_20150919T025947Z
1109044,105.16097952546295,1,1,snapshot_20150919T025947Z
1109295,30.440412187499998,1,1,snapshot_20150919T025947Z
1109799,121.81220275462962,1,1,snapshot_20150919T025947Z
1109812,35.25213943287037,1,1,snapshot_20150919T025947Z
1109848,2.9322360416666666,1,1,snapshot_20150919T025947Z
1109927,74.41045163194444,1,1,snapshot_20150919T025947Z
1109989,36.29986532407408,1,1,snapshot_20150919T025947Z
1110180,13.337769363425926,1,1,snapshot_20150919T025947Z
1110237,87.27001527777779,1,1,snapshot_20150919T025947Z
1110239,36.358878240740744,1,1,snapshot_20150919T025947Z
1110278,39.19588585648148,1,1,snapshot_20150919T025947Z
1110280,110.39109299768519,1,1,snapshot_20150919T025947Z
1110455,85.38254464120371,1,2,snapshot_20150919T025947Z
1110471,33.1146587962963,1,1,snapshot_20150919T025947Z
1110523,60.475106689814815,1,2,snapshot_20150919T025947Z
1110744,116.24572957175926,1,1,snapshot_20150919T025947Z
1110822,34.99455872685185,1,4,snapshot_20150919T025947Z
1110929,56.29230952546296,1,3,snapshot_20150919T025947Z
1110986,25.155695196759257,1,1,snapshot_20150919T025947Z
1110994,133.4709397800926,1,1,snapshot_20150919T025947Z
1111177,117.02386528935185,1,2,snapshot_20150919T025947Z
1111195,83.14488752314814,1,1,snapshot_20150919T025947Z
1111213,54.18011634259259,1,1,snapshot_20150919T025947Z
1111469,11.462288206018519,1,1,snapshot_20150919T025947Z
1111661,65.05322766203705,1,1,snapshot_20150919T025947Z
1111735,77.25729929398148,1,1,snapshot_20150919T025947Z
1111928,101.97028835648149,1,1,snapshot_20150919T025947Z
1112013,44.1588741087963,3,5,snapshot_20150919T025947Z
1112020,39.206010625,1,1,snapshot_20150919T025947Z
1112178,63.07178717592592,1,1,snapshot_20150919T025947Z
1112198,129.1609562962963,1,1,snapshot_20150919T025947Z
1112510,86.95686899305555,1,1,snapshot_20150919T025947Z
1112704,66.00948675925926,1,1,snapshot_20150919T025947Z
1112769,48.29266778935185,1,1,snapshot_20150919T025947Z
1113059,51.23328078703704,1,1,snapshot_20150919T025947Z
1113064,58.915223993055555,1,1,snapshot_20150919T025947Z
1113110,124.36400224537037,1,1,snapshot_20150919T025947Z
1113250,46.19045182870371,1,1,snapshot_20150919T025947Z
1113351,29.249235358796298,4,5,snapshot_20150919T025947Z
1113362,136.4968783101852,1,1,snapshot_20150919T025947Z
1113417,80.32633046296296,1,2,snapshot_20150919T025947Z
1113427,94.29473748842592,1,1,snapshot_20150919T025947Z
1113443,21.411604386574073,1,3,snapshot_20150919T025947Z
1113547,82.9138042361111,2,2,snapshot_20150919T025947Z
1113650,130.0934929050926,1,2,snapshot_20150919T025947Z
1113675,23.254976747685184,1,1,snapshot_20150919T025947Z
1113715,25.0177771412037,1,1,snapshot_20150919T025947Z
1114039,23.40229099537037,1,1,snapshot_20150919T025947Z
1114192,65.63633362268519,1,1,snapshot_20150919T025947Z
1114201,2.815109085648148,1,1,snapshot_20150919T025947Z
1114308,135.1973134375,1,1,snapshot_20150919T025947Z
1114514,108.30851724537038,1,1,snapshot_20150919T025947Z
1114772,113.26242997685185,1,1,snapshot_20150919T025947Z
1114887,23.072913055555556,1,1,snapshot_20150919T025947Z
1115272,92.09210354166667,1,1,snapshot_20150919T025947Z
1115446,49.928999814814816,1,4,snapshot_20150919T025947Z
1115616,43.35714391203704,1,1,snapshot_20150919T025947Z
1115637,111.96428707175927,1,1,snapshot_20150919T025947Z
1115891,57.60004351851852,1,1,snapshot_20150919T025947Z
1115938,96.17594363425927,1,1,snapshot_20150919T025947Z
1115990,22.0055496875,1,1,snapshot_20150919T025947Z
1116078,126.46312245370369,1,2,snapshot_20150919T025947Z
1116087,121.14745813657407,1,2,snapshot_20150919T025947Z
1116368,116.33993268518519,1,1,snapshot_20150919T025947Z
1116426,103.19549428240741,1,1,snapshot_20150919T025947Z
1116522,65.4661637962963,1,1,snapshot_20150919T025947Z
1116575,9.991895405092594,1,1,snapshot_20150919T025947Z
1116687,72.08391672453703,1,1,snapshot_20150919T025947Z
1116716,106.50650185185185,1,1,snapshot_20150919T025947Z
1116948,128.2031293287037,20,27,snapshot_20150919T025947Z
1117079,89.03842513888888,1,1,snapshot_20150919T025947Z
1117144,114.13227016203705,1,1,snapshot_20150919T025947Z
1117293,122.42457682870369,3,4,snapshot_20150919T025947Z
1117312,38.13568784722222,1,1,snapshot_20150919T025947Z
1117333,117.88799091435185,2,2,snapshot_20150919T025947Z
1117547,31.074092754629632,1,1,snapshot_20150919T025947Z
1117667,60.152419120370375,1,1,snapshot_20150919T025947Z
1117845,98.91839896990741,1,1,snapshot_20150919T025947Z
1118004,81.3932224074074,1,1,snapshot_20150919T025947Z
1118015,49.40361863425926,1,1,snapshot_20150919T025947Z
1118074,70.3045690162037,1,1,snapshot_20150919T025947Z
1118106,101.19469120370371,1,1,snapshot_20150919T025947Z
1118109,10.546554236111112,1,2,snapshot_20150919T025947Z
1118325,23.26005172453704,1,3,snapshot_20150919T025947Z
1118397,82.33712741898148,1,1,snapshot_20150919T025947Z
1118449,86.27481446759259,1,1,snapshot_20150919T025947Z
1118705,46.4586595949074,1,1,snapshot_20150919T025947Z
1119174,67.36148114583334,1,1,snapshot_20150919T025947Z
1119195,96.88369104166667,1,1,snapshot_20150919T025947Z
1119553,104.39000407407407,1,1,snapshot_20150919T025947Z
1119669,56.10269219907407,1,1,snapshot_20150919T025947Z
1119697,87.31728851851852,1,1,snapshot_20150919T025947Z
1119719,99.2533085300926,1,1,snapshot_20150919T025947Z
1119767,69.35838238425926,1,1,snapshot_20150919T025947Z
1119870,94.19707394675926,1,1,snapshot_20150919T025947Z
1119872,50.36789103009259,1,1,snapshot_20150919T025947Z
1119941,51.34264163194444,1,2,snapshot_20150919T025947Z
1120092,23.403887141203704,1,1,snapshot_20150919T025947Z
1120124,54.01584180555555,1,1,snapshot_20150919T025947Z
1120144,51.94789340277778,1,3,snapshot_20150919T025947Z
1120343,121.47716414351852,1,1,snapshot_20150919T025947Z
1120402,100.89057320601852,1,1,snapshot_20150919T025947Z
1120642,85.03444489583333,1,1,snapshot_20150919T025947Z
1120870,66.34931081018519,1,7,snapshot_20150919T025947Z
1121064,87.97050277777778,1,1,snapshot_20150919T025947Z
1121100,128.26797233796296,1,1,snapshot_20150919T025947Z
1121386,20.276998657407407,1,1,snapshot_20150919T025947Z
1121454,78.23374951388888,1,1,snapshot_20150919T025947Z
1121652,19.126217002314814,1,3,snapshot_20150919T025947Z
1121665,17.202786365740742,1,1,snapshot_20150919T025947Z
1121776,37.42124636574074,1,1,snapshot_20150919T025947Z
1121909,87.24470765046297,1,1,snapshot_20150919T025947Z
1122208,107.43751853009259,1,1,snapshot_20150919T025947Z
1122429,90.01281637731482,1,1,snapshot_20150919T025947Z
1122464,30.283984525462962,1,1,snapshot_20150919T025947Z
1122486,53.39504038194445,1,1,snapshot_20150919T025947Z
1122620,6.096788738425926,1,1,snapshot_20150919T025947Z
1122754,98.06688916666666,1,1,snapshot_20150919T025947Z
1122758,90.21710909722222,1,2,snapshot_20150919T025947Z
1122870,7.33301894675926,6,6,snapshot_20150919T025947Z
1122980,132.03416329861113,1,1,snapshot_20150919T025947Z
1123042,95.20008611111112,2,2,snapshot_20150919T025947Z
1123059,25.491974537037038,1,1,snapshot_20150919T025947Z
1123085,107.93035608796298,1,1,snapshot_20150919T025947Z
1123106,104.23195082175927,1,1,snapshot_20150919T025947Z
1123149,122.10923833333334,1,1,snapshot_20150919T025947Z
1123245,45.84300414351852,1,1,snapshot_20150919T025947Z
1123295,56.40632819444445,1,5,snapshot_20150919T025947Z
1123306,72.45954996527777,1,1,snapshot_20150919T025947Z
1123419,11.406107835648147,1,2,snapshot_20150919T025947Z
1123490,32.44361670138889,1,1,snapshot_20150919T025947Z
1123575,59.909537210648146,1,2,snapshot_20150919T025947Z
1123577,60.37398056712963,1,1,snapshot_20150919T025947Z
1123703,94.35389226851852,1,1,snapshot_20150919T025947Z
1123995,64.51225287037038,2,2,snapshot_20150919T025947Z
1124031,35.245431655092595,1,1,snapshot_20150919T025947Z
1124488,74.52320869212963,1,1,snapshot_20150919T025947Z
1124499,73.99454063657407,1,1,snapshot_20150919T025947Z
1124557,123.93949202546295,1,1,snapshot_20150919T025947Z
1124617,113.29025458333332,1,1,snapshot_20150919T025947Z
1124622,8.98900511574074,1,1,snapshot_20150919T025947Z
1124699,2.3279256944444446,1,1,snapshot_20150919T025947Z
1124964,71.22042598379629,3,10,snapshot_20150919T025947Z
1125180,33.88144921296296,1,1,snapshot_20150919T025947Z
1125220,46.3765502662037,2,2,snapshot_20150919T025947Z
1125459,52.370872256944445,1,1,snapshot_20150919T025947Z
1125465,88.30662143518519,1,1,snapshot_20150919T025947Z
1125532,128.2624391087963,1,3,snapshot_20150919T025947Z
1125577,77.18323541666666,1,1,snapshot_20150919T025947Z
1125765,6.1036401620370375,1,1,snapshot_20150919T025947Z
1125791,12.219101400462963,1,1,snapshot_20150919T025947Z
1125860,32.79954704861111,1,1,snapshot_20150919T025947Z
1125958,89.37100818287037,1,1,snapshot_20150919T025947Z
1126069,73.09552297453703,1,1,snapshot_20150919T025947Z
1126439,42.99823707175926,1,1,snapshot_20150919T025947Z
1126569,4.3061364583333335,31,35,snapshot_20150919T025947Z
1126660,68.47078474537037,1,1,snapshot_20150919T025947Z
1126674,136.95379443287035,1,1,snapshot_20150919T025947Z
1126685,61.483964548611105,1,1,snapshot_20150919T025947Z
1126793,31.334640868055555,3,3,snapshot_20150919T025947Z
1126836,88.85750579861111,1,1,snapshot_20150919T025947Z
1126939,60.074088321759255,1,1,snapshot_20150919T025947Z
1126945,36.09962728009259,2,2,snapshot_20150919T025947Z
1127021,103.15919876157407,1,1,snapshot_20150919T025947Z
1127110,40.20828335648148,1,1,snapshot_20150919T025947Z
1127166,135.3552718287037,1,2,snapshot_20150919T025947Z
1127234,70.35484560185185,1,1,snapshot_20150919T025947Z
1127406,94.02579305555555,1,2,snapshot_20150919T025947Z
1127429,52.45220799768518,1,2,snapshot_20150919T025947Z
1127697,87.51197386574074,1,1,snapshot_20150919T025947Z
1127962,3.074287800925926,1,3,snapshot_20150919T025947Z
1128088,47.12249340277778,1,1,snapshot_20150919T025947Z
1128102,116.02218057870371,1,1,snapshot_20150919T025947Z
1128161,84.28063269675926,1,1,snapshot_20150919T025947Z
1128190,7.34922457175926,1,1,snapshot_20150919T025947Z
1128416,35.18461388888889,1,1,snapshot_20150919T025947Z
1128479,77.36464554398148,1,1,snapshot_20150919T025947Z
1128592,101.65555291666666,1,1,snapshot_20150919T025947Z
1128809,126.9750497337963,1,4,snapshot_20150919T025947Z
1128828,78.01612155092592,1,1,snapshot_20150919T025947Z
1128992,67.32096212962962,1,1,snapshot_20150919T025947Z
1129209,56.01522892361111,1,1,snapshot_20150919T025947Z
1129347,85.97322023148148,1,2,snapshot_20150919T025947Z
1129356,135.39811996527777,1,1,snapshot_20150919T025947Z
1129379,36.201118587962966,1,1,snapshot_20150919T025947Z
1129408,123.27093232638889,1,1,snapshot_20150919T025947Z
1129553,122.21351605324075,1,2,snapshot_20150919T025947Z
1129560,105.36489061342593,2,2,snapshot_20150919T025947Z
1129594,131.08412981481482,2,2,snapshot_20150919T025947Z
1129614,7.263647465277777,1,8,snapshot_20150919T025947Z
1129898,28.347618541666666,1,1,snapshot_20150919T025947Z
1130032,21.464822280092594,1,2,snapshot_20150919T025947Z
1130129,93.29959725694444,1,1,snapshot_20150919T025947Z
1130179,98.17054480324074,1,1,snapshot_20150919T025947Z
1130204,116.14364765046295,1,2,snapshot_20150919T025947Z
1130351,45.51827232638889,1,1,snapshot_20150919T025947Z
1130635,137.8460452314815,1,1,snapshot_20150919T025947Z
1130689,54.393728680555554,1,1,snapshot_20150919T025947Z
1130809,87.4968638425926,1,1,snapshot_20150919T025947Z
1130813,76.82261856481482,1,1,snapshot_20150919T025947Z
1130868,113.43468956018518,1,1,snapshot_20150919T025947Z
1131152,52.19151981481481,1,1,snapshot_20150919T025947Z
1131362,12.24593716435185,1,2,snapshot_20150919T025947Z
1131431,125.20601537037037,1,3,snapshot_20150919T025947Z
1131565,59.34130064814815,1,1,snapshot_20150919T025947Z
1131582,57.15355611111111,1,1,snapshot_20150919T025947Z
1131632,100.30883192129629,1,1,snapshot_20150919T025947Z
1131743,95.26109653935185,1,1,snapshot_20150919T025947Z
1131970,121.25986215277777,1,1,snapshot_20150919T025947Z
1132150,111.24157709490741,2,2,snapshot_20150919T025947Z
1132349,81.25487439814815,1,1,snapshot_20150919T025947Z
1132359,24.42939842592593,1,1,snapshot_20150919T025947Z
1132402,125.02996300925925,1,1,snapshot_20150919T025947Z
1132549,37.1768384375,1,1,snapshot_20150919T025947Z
1132655,80.42559996527778,1,1,snapshot_20150919T025947Z
1132858,1.3660976157407407,1,1,snapshot_20150919T025947Z
1132933,113.24765762731482,2,2,snapshot_20150919T025947Z
1132989,79.99553107638889,1,1,snapshot_20150919T025947Z
1133097,24.295473935185182,2,2,snapshot_20150919T025947Z
1133108,78.96604559027777,1,1,snapshot_20150919T025947Z
1133645,127.14873378472221,1,1,snapshot_20150919T025947Z
1133713,58.47012690972222,1,1,snapshot_20150919T025947Z
1134182,26.590376273148145,1,1,snapshot_20150919T025947Z
1134369,24.89676275462963,1,1,snapshot_20150919T025947Z
1134479,23.31123854166667,1,1,snapshot_20150919T025947Z
1134627,26.108171863425927,1,1,snapshot_20150919T025947Z
1134659,100.34812570601852,1,1,snapshot_20150919T025947Z
1134753,40.90593894675926,1,1,snapshot_20150919T025947Z
1134806,73.9500684375,1,1,snapshot_20150919T025947Z
1134854,76.18590592592592,1,2,snapshot_20150919T025947Z
1134909,49.1449534375,1,1,snapshot_20150919T025947Z
1134963,16.933560555555555,1,1,snapshot_20150919T025947Z
1134975,25.281464756944445,22,26,snapshot_20150919T025947Z
1134979,11.234857777777778,1,2,snapshot_20150919T025947Z
1135150,123.31100820601851,1,1,snapshot_20150919T025947Z
1135249,129.27299162037036,1,2,snapshot_20150919T025947Z
1135254,36.252505613425924,1,1,snapshot_20150919T025947Z
1135274,52.04508951388889,1,1,snapshot_20150919T025947Z
1135374,133.88041708333333,1,1,snapshot_20150919T025947Z
1135500,136.58596532407407,1,1,snapshot_20150919T025947Z
1135803,127.3789339351852,1,1,snapshot_20150919T025947Z
1135842,73.40827070601851,1,1,snapshot_20150919T025947Z
1135907,88.29573796296296,1,1,snapshot_20150919T025947Z
1136498,75.12257381944444,1,1,snapshot_20150919T025947Z
1136594,4.3911141898148145,3,3,snapshot_20150919T025947Z
1136617,95.48763527777778,1,1,snapshot_20150919T025947Z
1136622,122.18231287037038,1,1,snapshot_20150919T025947Z
1136644,86.95311020833333,1,1,snapshot_20150919T025947Z
1136709,44.83306138888889,1,1,snapshot_20150919T025947Z
1136741,9.19401119212963,1,1,snapshot_20150919T025947Z
1136787,29.362631562500003,1,1,snapshot_20150919T025947Z
1136931,113.20145179398149,1,2,snapshot_20150919T025947Z
1137032,49.14394728009259,1,1,snapshot_20150919T025947Z
1137033,70.2567944675926,1,1,snapshot_20150919T025947Z
1137093,70.49227871527778,1,1,snapshot_20150919T025947Z
1137581,125.04577975694444,1,2,snapshot_20150919T025947Z
1137634,112.30130430555555,3,4,snapshot_20150919T025947Z
1137704,107.8226933449074,1,3,snapshot_20150919T025947Z
1137846,97.93344438657408,1,1,snapshot_20150919T025947Z
1137950,28.061403819444443,1,2,snapshot_20150919T025947Z
1137997,105.16381498842593,1,1,snapshot_20150919T025947Z
1138103,80.72583207175926,1,1,snapshot_20150919T025947Z
1138300,72.31675133101852,1,1,snapshot_20150919T025947Z
1138326,64.42488407407407,1,4,snapshot_20150919T025947Z
1138443,134.23771873842594,1,1,snapshot_20150919T025947Z
1138492,10.307406689814814,1,1,snapshot_20150919T025947Z
1138722,90.0425885300926,1,1,snapshot_20150919T025947Z
1139013,74.04483281249999,1,1,snapshot_20150919T025947Z
1139092,109.14886668981482,1,1,snapshot_20150919T025947Z
1139336,113.95237899305556,1,1,snapshot_20150919T025947Z
1139426,40.37038714120371,1,1,snapshot_20150919T025947Z
1139502,32.26907613425926,1,1,snapshot_20150919T025947Z
1139617,23.020542083333332,1,1,snapshot_20150919T025947Z
1139658,54.261075254629624,1,1,snapshot_20150919T025947Z
1139670,70.33641262731481,1,1,snapshot_20150919T025947Z
1139909,126.14264184027779,1,1,snapshot_20150919T025947Z
1140031,98.79122217592594,1,1,snapshot_20150919T025947Z
1140064,33.04025546296297,1,1,snapshot_20150919T025947Z
1140205,89.21571228009259,2,2,snapshot_20150919T025947Z
1140215,137.2692113310185,1,1,snapshot_20150919T025947Z
1140225,117.21819173611112,2,2,snapshot_20150919T025947Z
1140386,4.048344872685185,1,1,snapshot_20150919T025947Z
1140406,50.06369456018518,2,2,snapshot_20150919T025947Z
1140665,137.05131761574074,1,1,snapshot_20150919T025947Z
1140795,94.2471243287037,1,1,snapshot_20150919T025947Z
1140878,137.1486563888889,1,1,snapshot_20150919T025947Z
1140886,67.22718722222221,2,6,snapshot_20150919T025947Z
1141126,56.93465649305556,1,1,snapshot_20150919T025947Z
1141285,77.46086056712963,1,1,snapshot_20150919T025947Z
1141334,54.10107549768519,1,1,snapshot_20150919T025947Z
1141663,59.46600197916667,2,2,snapshot_20150919T025947Z
1141925,117.5030975462963,1,2,snapshot_20150919T025947Z
1142076,55.48024505787038,1,1,snapshot_20150919T025947Z
1142081,72.36342961805556,1,1,snapshot_20150919T025947Z
1142299,77.41477574074074,1,1,snapshot_20150919T025947Z
1142434,53.161465196759266,1,1,snapshot_20150919T025947Z
1142436,93.96015872685184,1,1,snapshot_20150919T025947Z
1142592,70.8731028587963,1,1,snapshot_20150919T025947Z
1143014,49.394730081018515,1,1,snapshot_20150919T025947Z
1143105,75.47852916666666,1,1,snapshot_20150919T025947Z
1143173,77.40130559027779,1,1,snapshot_20150919T025947Z
1143222,87.56283608796296,1,1,snapshot_20150919T025947Z
1143288,127.00452835648149,1,1,snapshot_20150919T025947Z
1143344,108.45580658564813,2,4,snapshot_20150919T025947Z
1143379,85.43207898148148,1,1,snapshot_20150919T025947Z
1143383,96.17596,47,56,snapshot_20150919T025947Z
1143600,134.11861371527777,1,1,snapshot_20150919T025947Z
1143755,67.48590335648147,1,1,snapshot_20150919T025947Z
1143795,33.31115001157407,1,2,snapshot_20150919T025947Z
1143882,51.322469201388884,1,1,snapshot_20150919T025947Z
1143932,68.21546222222221,1,1,snapshot_20150919T025947Z
1144107,4.414575578703704,1,1,snapshot_20150919T025947Z
1144300,125.32549501157406,1,1,snapshot_20150919T025947Z
1144306,36.12995003472223,1,1,snapshot_20150919T025947Z
1144503,54.11107802083333,2,3,snapshot_20150919T025947Z
1144517,39.27398913194444,1,1,snapshot_20150919T025947Z
1144604,58.592274861111115,1,1,snapshot_20150919T025947Z
1144735,78.14180516203703,1,1,snapshot_20150919T025947Z
1144846,67.40879789351852,2,2,snapshot_20150919T025947Z
1144857,76.82436241898148,2,14,snapshot_20150919T025947Z
1144858,7.3995433796296295,1,1,snapshot_20150919T025947Z
1144904,57.99084318287037,1,1,snapshot_20150919T025947Z
1145025,116.99470211805556,1,1,snapshot_20150919T025947Z
1145088,65.11789268518518,1,1,snapshot_20150919T025947Z
1145187,34.30286660879629,1,1,snapshot_20150919T025947Z
1145243,93.18559976851853,1,1,snapshot_20150919T025947Z
1145382,115.40373247685184,5,7,snapshot_20150919T025947Z
1145611,46.44926616898148,1,1,snapshot_20150919T025947Z
1145844,14.417565358796297,2,2,snapshot_20150919T025947Z
1145919,18.34986886574074,1,1,snapshot_20150919T025947Z
1146070,47.9974250462963,1,1,snapshot_20150919T025947Z
1146169,44.38758427083333,2,2,snapshot_20150919T025947Z
1146172,93.3871821875,1,1,snapshot_20150919T025947Z
1146291,55.91994739583333,2,2,snapshot_20150919T025947Z
1146423,134.47508949074074,1,1,snapshot_20150919T025947Z
1146431,63.86009662037037,2,2,snapshot_20150919T025947Z
1146510,135.06097033564814,1,1,snapshot_20150919T025947Z
1146520,43.19981685185185,1,1,snapshot_20150919T025947Z
1146647,87.39761460648148,1,1,snapshot_20150919T025947Z
1146790,46.43491042824074,1,2,snapshot_20150919T025947Z
1146952,63.076586724537044,1,1,snapshot_20150919T025947Z
1147655,8.185429131944446,10,10,snapshot_20150919T025947Z
1148075,45.9670878587963,1,1,snapshot_20150919T025947Z
1148151,31.469229745370374,2,2,snapshot_20150919T025947Z
1148273,46.38223634259259,1,1,snapshot_20150919T025947Z
1148285,24.211289293981483,1,1,snapshot_20150919T025947Z
1148299,49.33397390046296,1,1,snapshot_20150919T025947Z
1148301,74.10365887731481,1,1,snapshot_20150919T025947Z
1148408,63.40182008101852,1,1,snapshot_20150919T025947Z
1148976,73.93199335648148,1,1,snapshot_20150919T025947Z
1149102,29.42845042824074,1,2,snapshot_20150919T025947Z
1149209,46.92359871527778,1,1,snapshot_20150919T025947Z
1149213,115.44578510416667,1,1,snapshot_20150919T025947Z
1149234,108.32156087962963,1,1,snapshot_20150919T025947Z
1149372,101.27672234953704,1,1,snapshot_20150919T025947Z
1149471,61.461617777777775,1,1,snapshot_20150919T025947Z
1149521,44.29731939814815,1,1,snapshot_20150919T025947Z
1149586,120.44123712962963,1,1,snapshot_20150919T025947Z
1149667,9.251407210648148,1,1,snapshot_20150919T025947Z
1149756,135.9048207523148,2,2,snapshot_20150919T025947Z
1149804,90.86778966435185,1,1,snapshot_20150919T025947Z
1149894,132.47235055555555,1,1,snapshot_20150919T025947Z
1150086,2.1075097800925926,502,559,snapshot_20150919T025947Z
1150088,96.15452761574073,1,1,snapshot_20150919T025947Z
1150405,47.20048267361111,1,3,snapshot_20150919T025947Z
1150455,25.428548958333334,1,1,snapshot_20150919T025947Z
1150460,12.35863361111111,1,1,snapshot_20150919T025947Z
1150478,24.419451064814815,1,1,snapshot_20150919T025947Z
1150514,86.34666763888889,1,1,snapshot_20150919T025947Z
1150613,102.49644200231481,1,1,snapshot_20150919T025947Z
1151093,64.24078627314815,1,1,snapshot_20150919T025947Z
1151581,57.36635927083333,1,1,snapshot_20150919T025947Z
1151604,16.74189130787037,2,2,snapshot_20150919T025947Z
1151703,72.42445253472222,1,1,snapshot_20150919T025947Z
1151781,113.41723375,1,1,snapshot_20150919T025947Z
1151782,19.438823703703704,1,1,snapshot_20150919T025947Z
1151882,48.3508552662037,1,1,snapshot_20150919T025947Z
1151933,25.240032071759263,1,1,snapshot_20150919T025947Z
1152128,62.913423807870366,1,1,snapshot_20150919T025947Z
1152259,80.95808265046297,1,1,snapshot_20150919T025947Z
1152318,95.34085011574075,1,1,snapshot_20150919T025947Z
1152346,106.42238935185185,1,1,snapshot_20150919T025947Z
1152367,25.78204201388889,1,1,snapshot_20150919T025947Z
1152432,69.22635096064815,1,1,snapshot_20150919T025947Z
1152644,106.04568326388889,1,1,snapshot_20150919T025947Z
1152738,40.374753078703705,2,3,snapshot_20150919T025947Z
1153013,126.27024541666667,1,1,snapshot_20150919T025947Z
1153047,33.4717262037037,1,1,snapshot_20150919T025947Z
1153138,93.39686284722222,1,1,snapshot_20150919T025947Z
1153145,18.43175270833333,1,1,snapshot_20150919T025947Z
1153460,85.18954376157407,1,1,snapshot_20150919T025947Z
1153564,44.469104027777774,2,6,snapshot_20150919T025947Z
1153702,95.08436930555555,1,1,snapshot_20150919T025947Z
1153783,128.24385332175925,1,1,snapshot_20150919T025947Z
1153970,114.1307537962963,1,1,snapshot_20150919T025947Z
1154301,95.05302993055555,1,1,snapshot_20150919T025947Z
1154309,94.41948518518518,1,1,snapshot_20150919T025947Z
1154310,25.419372060185182,1,1,snapshot_20150919T025947Z
1154334,121.97253469907407,1,1,snapshot_20150919T025947Z
1154431,10.228561319444443,1,1,snapshot_20150919T025947Z
1154710,77.04099957175926,1,1,snapshot_20150919T025947Z
1154784,118.3323463888889,1,1,snapshot_20150919T025947Z
1154800,125.10844090277777,1,1,snapshot_20150919T025947Z
1154951,120.41710909722222,1,1,snapshot_20150919T025947Z
1154973,135.9415192476852,1,1,snapshot_20150919T025947Z
1155030,74.38403124999999,1,2,snapshot_20150919T025947Z
1155466,92.27718618055556,1,1,snapshot_20150919T025947Z
1155475,55.92697837962963,1,2,snapshot_20150919T025947Z
1155647,86.4006679861111,1,3,snapshot_20150919T025947Z
1155663,113.11092880787037,1,1,snapshot_20150919T025947Z
1155978,49.1105496875,1,1,snapshot_20150919T025947Z
1156452,27.1027478125,1,2,snapshot_20150919T025947Z
1156525,16.493336284722222,2,4,snapshot_20150919T025947Z
1156674,24.906934074074073,1,2,snapshot_20150919T025947Z
1156860,1.1067095023148148,2,2,snapshot_20150919T025947Z
1156870,13.406074976851853,2,2,snapshot_20150919T025947Z
1156938,65.22991756944444,1,1,snapshot_20150919T025947Z
1156969,99.37164322916666,1,1,snapshot_20150919T025947Z
1157108,56.81690291666666,1,1,snapshot_20150919T025947Z
1157167,102.21112869212962,1,2,snapshot_20150919T025947Z
1157291,122.1588817361111,1,1,snapshot_20150919T025947Z
1157313,40.15944100694445,1,1,snapshot_20150919T025947Z
1157385,31.365110717592593,1,1,snapshot_20150919T025947Z
1157587,70.3688520138889,1,1,snapshot_20150919T025947Z
1157842,124.0822154050926,1,1,snapshot_20150919T025947Z
1157950,54.795280185185185,1,1,snapshot_20150919T025947Z
1158076,123.14489513888888,1,1,snapshot_20150919T025947Z
1158127,114.87681743055556,1,3,snapshot_20150919T025947Z
1158402,60.215963136574075,1,1,snapshot_20150919T025947Z
1158677,101.11025342592592,1,1,snapshot_20150919T025947Z
1158831,14.451567222222224,1,1,snapshot_20150919T025947Z
1159125,93.27235876157408,1,1,snapshot_20150919T025947Z
1159485,128.3883245486111,1,1,snapshot_20150919T025947Z
1159592,72.00671975694445,2,2,snapshot_20150919T025947Z
1159609,53.955820821759254,1,1,snapshot_20150919T025947Z
1159681,107.4844851388889,1,1,snapshot_20150919T025947Z
1159713,47.119069305555556,1,1,snapshot_20150919T025947Z
1159752,26.466133495370368,1,1,snapshot_20150919T025947Z
1159765,104.154611875,1,1,snapshot_20150919T025947Z
1159847,88.43812258101852,1,1,snapshot_20150919T025947Z
1160112,94.48975594907407,1,2,snapshot_20150919T025947Z
1160258,18.267511388888888,1,2,snapshot_20150919T025947Z
1160338,52.954283831018515,1,1,snapshot_20150919T025947Z
1160346,33.93466945601852,1,1,snapshot_20150919T025947Z
1160402,3.225647673611111,1,1,snapshot_20150919T025947Z
1160440,93.34939533564815,1,1,snapshot_20150919T025947Z
1160836,94.30529600694445,1,1,snapshot_20150919T025947Z
1160882,28.284224502314814,1,1,snapshot_20150919T025947Z
1160955,10.831113206018518,1,1,snapshot_20150919T025947Z
1160976,11.452720011574074,1,1,snapshot_20150919T025947Z
1161147,118.94607872685185,1,1,snapshot_20150919T025947Z
1161163,92.37130541666666,93,115,snapshot_20150919T025947Z
1161252,81.93881407407407,1,2,snapshot_20150919T025947Z
1161263,53.10111510416667,1,1,snapshot_20150919T025947Z
1161707,2.192510763888889,1,1,snapshot_20150919T025947Z
1161712,94.89670711805556,1,1,snapshot_20150919T025947Z
1161968,132.45646842592592,3,10,snapshot_20150919T025947Z
1161980,9.318573854166667,1,1,snapshot_20150919T025947Z
1162129,115.42978430555556,1,1,snapshot_20150919T025947Z
1162136,5.440994537037037,1,3,snapshot_20150919T025947Z
1162188,30.226553773148147,1,1,snapshot_20150919T025947Z
1162239,93.43294476851852,1,1,snapshot_20150919T025947Z
1162252,53.1415090162037,1,1,snapshot_20150919T025947Z
1162584,65.42323445601852,1,1,snapshot_20150919T025947Z
1162772,31.163157199074075,3,3,snapshot_20150919T025947Z
1162858,108.96174824074075,2,2,snapshot_20150919T025947Z
1162982,111.30222700231482,1,1,snapshot_20150919T025947Z
1163126,122.23953417824075,1,1,snapshot_20150919T025947Z
1163388,22.888139502314814,1,1,snapshot_20150919T025947Z
1163417,49.44494802083333,1,1,snapshot_20150919T025947Z
1163432,19.833143530092592,1,1,snapshot_20150919T025947Z
1163475,102.22208784722223,1,1,snapshot_20150919T025947Z
1163709,6.211526967592593,1,1,snapshot_20150919T025947Z
1163984,23.374927777777778,1,1,snapshot_20150919T025947Z
1163985,25.33452784722222,1,1,snapshot_20150919T025947Z
1164136,53.100038900462955,1,1,snapshot_20150919T025947Z
1164313,117.41841553240741,1,1,snapshot_20150919T025947Z
1164547,103.07128577546297,1,1,snapshot_20150919T025947Z
1164596,88.36844880787037,1,3,snapshot_20150919T025947Z
1164713,30.906866226851854,1,5,snapshot_20150919T025947Z
1164733,31.263925578703702,1,1,snapshot_20150919T025947Z
1164964,102.3952555324074,1,1,snapshot_20150919T025947Z
1165061,22.153374618055555,1,2,snapshot_20150919T025947Z
1165148,2.0328903703703705,23,27,snapshot_20150919T025947Z
1165239,73.47768291666667,1,1,snapshot_20150919T025947Z
1165267,116.26823755787036,1,1,snapshot_20150919T025947Z
1165346,84.49001540509259,1,2,snapshot_20150919T025947Z
1165458,93.39197724537037,1,1,snapshot_20150919T025947Z
1165524,81.50315099537038,1,1,snapshot_20150919T025947Z
1165533,53.50687954861111,1,1,snapshot_20150919T025947Z
1165669,46.16924853009259,1,2,snapshot_20150919T025947Z
1165723,53.13856438657408,1,1,snapshot_20150919T025947Z
1165753,59.19255456018518,1,1,snapshot_20150919T025947Z
1165792,22.39214821759259,1,1,snapshot_20150919T025947Z
1165904,13.421275659722221,2,2,snapshot_20150919T025947Z
1165927,106.22122604166667,1,2,snapshot_20150919T025947Z
1165947,117.2968061226852,1,1,snapshot_20150919T025947Z
1165952,93.06897537037037,1,1,snapshot_20150919T025947Z
1166108,53.242373541666666,1,1,snapshot_20150919T025947Z
1166248,113.92734634259259,1,1,snapshot_20150919T025947Z
1166352,65.98320712962963,1,1,snapshot_20150919T025947Z
1166385,19.261698564814814,1,1,snapshot_20150919T025947Z
1166469,63.220483726851846,1,1,snapshot_20150919T025947Z
1166523,26.035771469907406,1,1,snapshot_20150919T025947Z
1166551,118.16275663194445,1,1,snapshot_20150919T025947Z
1166562,109.6911619560185,1,1,snapshot_20150919T025947Z
1166580,85.19827802083333,1,1,snapshot_20150919T025947Z
1166599,31.62594008101852,1,1,snapshot_20150919T025947Z
1166651,21.20700940972222,2,2,snapshot_20150919T025947Z
1166692,38.88151064814815,1,2,snapshot_20150919T025947Z
1166783,130.07010572916667,1,1,snapshot_20150919T025947Z
1166817,108.97705434027777,1,1,snapshot_20150919T025947Z
1166904,75.2343906712963,1,1,snapshot_20150919T025947Z
1166965,124.94119248842593,1,1,snapshot_20150919T025947Z
1167125,61.760389293981476,1,1,snapshot_20150919T025947Z
1167457,90.51532666666667,2,34,snapshot_20150919T025947Z
1167802,108.06553387731482,1,2,snapshot_20150919T025947Z
1167927,90.16318923611111,1,2,snapshot_20150919T025947Z
1168109,51.26201846064814,1,1,snapshot_20150919T025947Z
1168133,106.43853681712963,1,1,snapshot_20150919T025947Z
1168222,101.20706361111111,1,1,snapshot_20150919T025947Z
1168370,133.04015493055556,1,1,snapshot_20150919T025947Z
1168431,100.19670115740742,3,6,snapshot_20150919T025947Z
1168467,64.53800471064815,1,1,snapshot_20150919T025947Z
1168496,71.93230406250001,1,1,snapshot_20150919T025947Z
1168629,30.447876840277775,1,1,snapshot_20150919T025947Z
1168709,3.364715416666667,1,1,snapshot_20150919T025947Z
1168726,30.348813356481482,1,1,snapshot_20150919T025947Z
1168756,128.39755091435185,1,1,snapshot_20150919T025947Z
1168808,108.9350894675926,1,1,snapshot_20150919T025947Z
1168816,57.49635543981482,1,1,snapshot_20150919T025947Z
1169061,28.078134942129633,1,1,snapshot_20150919T025947Z
1169129,11.397839756944444,1,1,snapshot_20150919T025947Z
1169547,99.99382413194444,1,1,snapshot_20150919T025947Z
1169620,56.78844899305555,1,3,snapshot_20150919T025947Z
1169625,59.30999280092592,1,1,snapshot_20150919T025947Z
1169689,42.32952660879629,1,9,snapshot_20150919T025947Z
1169725,135.42554538194443,2,2,snapshot_20150919T025947Z
1169792,63.97086197916666,1,1,snapshot_20150919T025947Z
1169823,118.16672128472223,1,1,snapshot_20150919T025947Z
1169857,51.06795579861111,1,1,snapshot_20150919T025947Z
1169882,90.1459969675926,1,1,snapshot_20150919T025947Z
1169933,5.8846645717592585,1,1,snapshot_20150919T025947Z
1169956,75.1732033449074,3,5,snapshot_20150919T025947Z
1170127,72.28503556712963,1,2,snapshot_20150919T025947Z
1170165,50.991476562500004,2,2,snapshot_20150919T025947Z
1170264,110.33107060185185,1,1,snapshot_20150919T025947Z
1170314,17.851131608796297,1,1,snapshot_20150919T025947Z
1170342,92.98259028935185,1,1,snapshot_20150919T025947Z
1170409,24.160005185185184,1,1,snapshot_20150919T025947Z
1170438,12.244327164351853,1,1,snapshot_20150919T025947Z
1170441,81.13147104166667,1,1,snapshot_20150919T025947Z
1170453,113.19164534722222,1,2,snapshot_20150919T025947Z
1170710,3.1855882986111115,1,1,snapshot_20150919T025947Z
1170737,53.983757187500004,1,1,snapshot_20150919T025947Z
1170743,106.2484384837963,1,1,snapshot_20150919T025947Z
1170936,108.63108628472223,1,1,snapshot_20150919T025947Z
1170959,29.187595474537034,1,2,snapshot_20150919T025947Z
1171088,70.50300212962962,1,1,snapshot_20150919T025947Z
1171341,64.29240369212962,1,1,snapshot_20150919T025947Z
1171393,116.1957544212963,1,1,snapshot_20150919T025947Z
1171448,134.1524056712963,7,8,snapshot_20150919T025947Z
1171630,71.94623381944444,2,6,snapshot_20150919T025947Z
1171776,65.98742158564815,1,1,snapshot_20150919T025947Z
1171799,101.17154278935186,1,1,snapshot_20150919T025947Z
1171831,81.37308003472222,1,2,snapshot_20150919T025947Z
1171920,81.15668877314815,1,2,snapshot_20150919T025947Z
1171932,135.00910280092594,1,1,snapshot_20150919T025947Z
1171969,107.99001350694444,1,1,snapshot_20150919T025947Z
1172037,20.289131006944444,1,1,snapshot_20150919T025947Z
1172075,124.33521075231482,1,1,snapshot_20150919T025947Z
1172087,14.193251504629629,6,6,snapshot_20150919T025947Z
1172151,136.93970869212964,1,1,snapshot_20150919T025947Z
1172272,127.88878288194445,2,2,snapshot_20150919T025947Z
1172288,124.2580563425926,1,1,snapshot_20150919T025947Z
1172291,117.1461605787037,1,1,snapshot_20150919T025947Z
1172311,135.2724315625,1,1,snapshot_20150919T025947Z
1172388,113.35528679398148,1,1,snapshot_20150919T025947Z
1172583,126.23559625000001,1,1,snapshot_20150919T025947Z
1172695,39.36600892361111,1,1,snapshot_20150919T025947Z
1172723,57.98938910879629,1,1,snapshot_20150919T025947Z
1172832,18.535399513888887,2,2,snapshot_20150919T025947Z
1172935,83.38288972222223,1,1,snapshot_20150919T025947Z
1172980,87.36472101851851,2,4,snapshot_20150919T025947Z
1173184,52.97434215277777,1,1,snapshot_20150919T025947Z
1173192,74.99243737268519,1,1,snapshot_20150919T025947Z
1173255,91.96436162037037,1,2,snapshot_20150919T025947Z
1173322,50.13790096064815,1,1,snapshot_20150919T025947Z
1173362,118.2062406712963,1,1,snapshot_20150919T025947Z
1173466,11.343092858796297,1,1,snapshot_20150919T025947Z
1173572,96.93262837962963,1,1,snapshot_20150919T025947Z
1174264,120.2498304976852,1,1,snapshot_20150919T025947Z
1174308,86.16849259259259,1,1,snapshot_20150919T025947Z
1174383,56.374916250000005,1,1,snapshot_20150919T025947Z
1174600,113.44607481481482,1,2,snapshot_20150919T025947Z
1174786,29.29444296296296,1,1,snapshot_20150919T025947Z
1174875,124.0659417013889,1,1,snapshot_20150919T025947Z
1174876,116.42602891203704,1,1,snapshot_20150919T025947Z
1174955,104.18785350694444,1,2,snapshot_20150919T025947Z
1175111,7.451355833333333,1,2,snapshot_20150919T025947Z
1175295,136.53345104166667,1,1,snapshot_20150919T025947Z
1175322,46.0011969212963,1,1,snapshot_20150919T025947Z
1175330,59.421635995370366,1,1,snapshot_20150919T025947Z
1175373,23.44410440972222,1,1,snapshot_20150919T025947Z
1175423,93.97638899305555,1,1,snapshot_20150919T025947Z
1175440,127.88105165509259,1,3,snapshot_20150919T025947Z
1175636,81.08524284722222,1,1,snapshot_20150919T025947Z
1175703,51.243347997685184,1,1,snapshot_20150919T025947Z
1175740,122.1484919212963,1,1,snapshot_20150919T025947Z
1175782,43.40761219907407,1,1,snapshot_20150919T025947Z
1175856,60.3715203125,1,1,snapshot_20150919T025947Z
1175941,136.42201744212963,1,1,snapshot_20150919T025947Z
1176032,57.147773298611106,1,1,snapshot_20150919T025947Z
1176079,115.12523060185185,1,1,snapshot_20150919T025947Z
1176366,50.96259275462963,1,1,snapshot_20150919T025947Z
1176392,13.883016157407406,3,3,snapshot_20150919T025947Z
1176490,127.36619108796296,1,1,snapshot_20150919T025947Z
1176501,83.47038065972222,1,1,snapshot_20150919T025947Z
1176550,135.85172456018518,2,2,snapshot_20150919T025947Z
1176826,70.39216175925925,1,2,snapshot_20150919T025947Z
1176865,93.15645167824074,1,1,snapshot_20150919T025947Z
1176899,137.89795399305555,1,1,snapshot_20150919T025947Z
1176924,44.46591217592592,1,1,snapshot_20150919T025947Z
1177041,92.25716887731481,1,1,snapshot_20150919T025947Z
1177212,78.30943879629629,1,1,snapshot_20150919T025947Z
1177288,59.042989247685185,1,2,snapshot_20150919T025947Z
1177519,99.19717475694445,1,1,snapshot_20150919T025947Z
1177596,59.39389519675926,1,1,snapshot_20150919T025947Z
1177689,68.38793012731482,1,1,snapshot_20150919T025947Z
1177847,60.87078370370371,1,1,snapshot_20150919T025947Z
1178073,41.26633844907408,1,16,snapshot_20150919T025947Z
1178082,118.08890703703703,1,1,snapshot_20150919T025947Z
1178186,129.22335248842592,1,1,snapshot_20150919T025947Z
1178290,28.752848530092592,1,2,snapshot_20150919T025947Z
1178494,81.19403175925926,1,2,snapshot_20150919T025947Z
1178506,64.17672008101852,1,1,snapshot_20150919T025947Z
1179005,53.9495577199074,1,14,snapshot_20150919T025947Z
1179018,128.92319729166667,1,1,snapshot_20150919T025947Z
1179141,135.91830375,1,2,snapshot_20150919T025947Z
1179152,19.293514108796295,1,1,snapshot_20150919T025947Z
1179262,129.2830274652778,1,1,snapshot_20150919T025947Z
1179331,15.361800648148147,2,2,snapshot_20150919T025947Z
1179416,19.508722800925923,1,2,snapshot_20150919T025947Z
1179500,134.76275072916667,1,1,snapshot_20150919T025947Z
1179650,7.218224282407407,1,1,snapshot_20150919T025947Z
1179782,50.380634907407405,1,1,snapshot_20150919T025947Z
1180041,136.41396975694445,2,3,snapshot_20150919T025947Z
1180110,91.08035026620371,1,1,snapshot_20150919T025947Z
1180229,2.4254496064814814,1,1,snapshot_20150919T025947Z
1180266,135.35342565972223,1,1,snapshot_20150919T025947Z
1180332,17.36882489583333,1,1,snapshot_20150919T025947Z
1180439,51.237389444444446,1,1,snapshot_20150919T025947Z
1180731,24.863007395833336,1,1,snapshot_20150919T025947Z
1180838,90.05717461805556,1,1,snapshot_20150919T025947Z
1180950,73.97274936342592,1,1,snapshot_20150919T025947Z
1181007,110.49469759259259,1,1,snapshot_20150919T025947Z
1181200,112.06733403935185,1,1,snapshot_20150919T025947Z
1181206,137.40346043981484,1,2,snapshot_20150919T025947Z
1181395,111.54120752314815,1,1,snapshot_20150919T025947Z
1181406,32.814876122685185,3,3,snapshot_20150919T025947Z
1181719,79.38395033564815,1,1,snapshot_20150919T025947Z
1181848,29.28423111111111,1,2,snapshot_20150919T025947Z
1182324,32.34855622685185,1,1,snapshot_20150919T025947Z
1182649,92.40734806712963,1,1,snapshot_20150919T025947Z
1182823,7.2622599999999995,1,1,snapshot_20150919T025947Z
1183087,4.163739178240741,1,2,snapshot_20150919T025947Z
1183092,102.29447090277777,1,1,snapshot_20150919T025947Z
1183199,67.08416231481482,1,1,snapshot_20150919T025947Z
1183236,54.97625756944444,1,1,snapshot_20150919T025947Z
1183250,31.25233859953704,1,1,snapshot_20150919T025947Z
1183412,18.972688645833333,1,1,snapshot_20150919T025947Z
1183536,44.436769768518516,1,1,snapshot_20150919T025947Z
1183717,59.346770381944445,1,1,snapshot_20150919T025947Z
1183769,87.141665625,1,1,snapshot_20150919T025947Z
1183770,43.019153171296296,1,2,snapshot_20150919T025947Z
1183793,37.90522359953704,1,1,snapshot_20150919T025947Z
1183796,72.07930552083334,1,1,snapshot_20150919T025947Z
1183811,11.041032708333333,1,1,snapshot_20150919T025947Z
1183850,71.16569271990741,1,1,snapshot_20150919T025947Z
1183876,13.864549062500002,1,1,snapshot_20150919T025947Z
1183970,31.93294123842593,1,1,snapshot_20150919T025947Z
1184189,126.34279476851852,1,1,snapshot_20150919T025947Z
1184275,86.48241986111111,1,1,snapshot_20150919T025947Z
1184315,78.48117413194444,1,2,snapshot_20150919T025947Z
1184363,84.21517094907406,1,1,snapshot_20150919T025947Z
1184392,134.07396587962964,1,1,snapshot_20150919T025947Z
1184428,116.20951152777778,1,2,snapshot_20150919T025947Z
1184443,9.01115574074074,1,1,snapshot_20150919T025947Z
1184602,64.90504335648149,1,1,snapshot_20150919T025947Z
1184848,84.81717527777778,1,1,snapshot_20150919T025947Z
1185078,88.32532430555555,1,1,snapshot_20150919T025947Z
1185234,102.2939115162037,6,6,snapshot_20150919T025947Z
1185548,121.92509585648148,1,1,snapshot_20150919T025947Z
1185744,130.44523021990742,1,1,snapshot_20150919T025947Z
1185940,10.302138263888889,1,1,snapshot_20150919T025947Z
1186185,31.332131736111112,1,1,snapshot_20150919T025947Z
1186376,49.441894236111104,1,1,snapshot_20150919T025947Z
1186389,101.32033407407407,1,1,snapshot_20150919T025947Z
1186423,135.27782094907408,1,1,snapshot_20150919T025947Z
1187034,32.20248456018519,1,1,snapshot_20150919T025947Z
1187102,87.32489653935185,2,2,snapshot_20150919T025947Z
1187124,85.50051109953704,1,1,snapshot_20150919T025947Z
1187633,95.26372145833334,1,1,snapshot_20150919T025947Z
1187718,45.39403180555556,1,1,snapshot_20150919T025947Z
1187748,93.35763532407407,1,1,snapshot_20150919T025947Z
1187853,51.34533421296297,1,1,snapshot_20150919T025947Z
1187858,62.089307696759256,1,1,snapshot_20150919T025947Z
1187986,27.280061354166666,1,4,snapshot_20150919T025947Z
1187988,105.5849375462963,1,1,snapshot_20150919T025947Z
1187998,30.364382523148148,1,1,snapshot_20150919T025947Z
1188257,112.1182346064815,1,2,snapshot_20150919T025947Z
1188331,46.083521770833336,1,1,snapshot_20150919T025947Z
1188424,21.536665844907407,1,1,snapshot_20150919T025947Z
1188496,129.13806723379628,1,1,snapshot_20150919T025947Z
1188952,23.389000185185186,2,4,snapshot_20150919T025947Z
1188968,121.64858631944443,1,2,snapshot_20150919T025947Z
1189000,115.2370633912037,1,1,snapshot_20150919T025947Z
1189129,125.3892148263889,1,2,snapshot_20150919T025947Z
1189297,22.37644472222222,1,1,snapshot_20150919T025947Z
1189339,38.51597896990741,1,4,snapshot_20150919T025947Z
1189458,23.35515829861111,1,1,snapshot_20150919T025947Z
1189567,9.217785347222222,1,2,snapshot_20150919T025947Z
1189599,67.14029944444445,1,1,snapshot_20150919T025947Z
1189650,12.297277592592593,1,1,snapshot_20150919T025947Z
1189783,77.45853260416666,1,1,snapshot_20150919T025947Z
1189991,135.19629305555557,1,1,snapshot_20150919T025947Z
1190064,124.3998119675926,1,1,snapshot_20150919T025947Z
1190446,89.46141123842592,1,2,snapshot_20150919T025947Z
1190478,59.43031190972222,1,1,snapshot_20150919T025947Z
1190624,95.4112120949074,1,1,snapshot_20150919T025947Z
1190733,94.08815719907408,1,1,snapshot_20150919T025947Z
1190799,18.974322175925927,1,1,snapshot_20150919T025947Z
1190835,136.1483997800926,1,1,snapshot_20150919T025947Z
1190855,95.83328407407407,4,14,snapshot_20150919T025947Z
1190861,85.10972106481482,1,1,snapshot_20150919T025947Z
1191192,73.49290649305556,1,1,snapshot_20150919T025947Z
1191301,123.92118413194444,1,1,snapshot_20150919T025947Z
1191434,19.794320914351854,2,2,snapshot_20150919T025947Z
1191809,125.08372559027778,2,2,snapshot_20150919T025947Z
1191828,99.77136841435185,1,1,snapshot_20150919T025947Z
1191985,58.327812118055554,1,1,snapshot_20150919T025947Z
1192181,124.06811866898148,1,1,snapshot_20150919T025947Z
1192199,109.34644005787037,1,1,snapshot_20150919T025947Z
1192236,62.84755854166667,1,1,snapshot_20150919T025947Z
1192245,65.43369773148149,1,1,snapshot_20150919T025947Z
1192524,26.00940010416667,1,1,snapshot_20150919T025947Z
1192567,11.230960474537037,1,1,snapshot_20150919T025947Z
1192580,44.274078958333334,1,1,snapshot_20150919T025947Z
1193129,123.35231674768518,1,1,snapshot_20150919T025947Z
1193534,27.099772581018517,1,1,snapshot_20150919T025947Z
1193568,26.389713217592593,1,1,snapshot_20150919T025947Z
1193588,112.00837953703704,2,3,snapshot_20150919T025947Z
1193750,23.941882141203706,1,1,snapshot_20150919T025947Z
1193771,138.12841696759259,1,2,snapshot_20150919T025947Z
1193786,85.19704571759259,1,1,snapshot_20150919T025947Z
1193899,136.1984852777778,1,1,snapshot_20150919T025947Z
1193956,117.24103569444443,1,1,snapshot_20150919T025947Z
1194230,49.43830619212963,1,1,snapshot_20150919T025947Z
1194261,5.167014791666666,1,2,snapshot_20150919T025947Z
1194295,51.241655995370365,1,1,snapshot_20150919T025947Z
1194303,128.34016246527779,1,1,snapshot_20150919T025947Z
1194376,15.053715648148147,1,1,snapshot_20150919T025947Z
1194505,47.193875497685184,1,1,snapshot_20150919T025947Z
1194554,14.936651412037037,1,1,snapshot_20150919T025947Z
1194567,86.40578225694445,1,1,snapshot_20150919T025947Z
1194654,11.89399148148148,2,2,snapshot_20150919T025947Z
1195211,92.87556952546296,1,1,snapshot_20150919T025947Z
1195388,125.36765523148149,1,1,snapshot_20150919T025947Z
1195558,25.827967824074072,1,1,snapshot_20150919T025947Z
1195643,16.311564641203706,1,1,snapshot_20150919T025947Z
1195833,14.96745982638889,1,1,snapshot_20150919T025947Z
1195928,25.036383229166667,1,1,snapshot_20150919T025947Z
1195980,101.58281186342593,1,1,snapshot_20150919T025947Z
1196160,14.052638634259258,1,1,snapshot_20150919T025947Z
1196189,86.20339606481481,1,1,snapshot_20150919T025947Z
1196322,37.53388177083333,1,1,snapshot_20150919T025947Z
1196552,100.88866634259259,1,1,snapshot_20150919T025947Z
1196616,98.34613865740742,1,1,snapshot_20150919T025947Z
1196715,9.31662443287037,1,1,snapshot_20150919T025947Z
1196748,53.39248707175926,1,1,snapshot_20150919T025947Z
1196832,107.49819282407407,1,1,snapshot_20150919T025947Z
1196942,88.18025766203704,1,1,snapshot_20150919T025947Z
1197194,42.85072774305555,1,1,snapshot_20150919T025947Z
1197341,81.15017217592593,1,1,snapshot_20150919T025947Z
1197343,36.307196122685184,2,22,snapshot_20150919T025947Z
1197479,14.077235219907406,1,1,snapshot_20150919T025947Z
1197550,108.42208958333332,1,2,snapshot_20150919T025947Z
1197629,26.103251631944445,1,1,snapshot_20150919T025947Z
1197647,93.93118690972221,2,2,snapshot_20150919T025947Z
1197809,67.00327136574074,1,3,snapshot_20150919T025947Z
1197857,79.78710266203704,1,1,snapshot_20150919T025947Z
1197875,87.33857965277777,1,1,snapshot_20150919T025947Z
1198094,25.25251563657407,1,1,snapshot_20150919T025947Z
1198289,47.38935079861111,1,1,snapshot_20150919T025947Z
1198949,32.18772675925926,2,2,snapshot_20150919T025947Z
1199061,123.2023067824074,1,1,snapshot_20150919T025947Z
1199079,27.526601168981482,1,1,snapshot_20150919T025947Z
1199094,31.431657152777777,1,1,snapshot_20150919T025947Z
1199130,74.31306819444444,1,2,snapshot_20150919T025947Z
1199182,1.3320009606481482,1,1,snapshot_20150919T025947Z
1199268,51.114226377314814,1,1,snapshot_20150919T025947Z
1199413,64.233238125,1,1,snapshot_20150919T025947Z
1199640,11.39802826388889,1,4,snapshot_20150919T025947Z
1199945,79.32181084490742,1,1,snapshot_20150919T025947Z
1200007,108.5202200925926,1,1,snapshot_20150919T025947Z
1200257,10.809351435185185,2,2,snapshot_20150919T025947Z
1200339,14.07529994212963,1,2,snapshot_20150919T025947Z
1200508,18.922631967592594,1,1,snapshot_20150919T025947Z
1200651,31.294687106481483,1,1,snapshot_20150919T025947Z
1200726,63.29409299768518,2,2,snapshot_20150919T025947Z
1201435,60.35033210648148,1,1,snapshot_20150919T025947Z
1201458,29.35875201388889,1,1,snapshot_20150919T025947Z
1201579,108.28147827546296,1,1,snapshot_20150919T025947Z
1201694,6.78396994212963,1,1,snapshot_20150919T025947Z
1202066,77.03049826388889,1,2,snapshot_20150919T025947Z
1202094,95.44254349537037,1,1,snapshot_20150919T025947Z
1202248,107.01464618055556,1,1,snapshot_20150919T025947Z
1202318,128.2700891087963,1,1,snapshot_20150919T025947Z
1202351,104.12463840277778,3,3,snapshot_20150919T025947Z
1202511,91.56664412037037,2,2,snapshot_20150919T025947Z
1202903,50.368580115740734,1,1,snapshot_20150919T025947Z
1202977,53.322606550925926,1,1,snapshot_20150919T025947Z
1203091,29.99261016203704,1,1,snapshot_20150919T025947Z
1203145,80.29560392361111,1,1,snapshot_20150919T025947Z
1203176,72.26817817129628,1,1,snapshot_20150919T025947Z
1203225,55.13941809027778,1,1,snapshot_20150919T025947Z
1203367,33.02633831018518,1,2,snapshot_20150919T025947Z
1203461,16.415570555555558,1,1,snapshot_20150919T025947Z
1203467,46.393797407407405,1,1,snapshot_20150919T025947Z
1203677,55.89230947916666,1,1,snapshot_20150919T025947Z
1203683,95.24514503472223,1,1,snapshot_20150919T025947Z
1203751,17.437164791666667,1,1,snapshot_20150919T025947Z
1203891,73.38192203703704,1,1,snapshot_20150919T025947Z
1204011,30.426428287037037,1,2,snapshot_20150919T025947Z
1204153,92.22634564814815,1,1,snapshot_20150919T025947Z
1204265,14.170943402777779,1,1,snapshot_20150919T025947Z
1204351,88.91044116898148,1,1,snapshot_20150919T025947Z
1204368,42.38761921296296,1,1,snapshot_20150919T025947Z
1204372,19.83009476851852,1,3,snapshot_20150919T025947Z
1204493,130.06806210648148,1,1,snapshot_20150919T025947Z
1204946,100.30165452546295,1,1,snapshot_20150919T025947Z
1204969,104.01617211805555,1,1,snapshot_20150919T025947Z
1205120,48.17425118055556,1,1,snapshot_20150919T025947Z
1205233,74.45357480324074,3,3,snapshot_20150919T025947Z
1205291,9.408936770833334,1,1,snapshot_20150919T025947Z
1205376,32.184797789351855,1,1,snapshot_20150919T025947Z
1205631,31.234411539351854,1,1,snapshot_20150919T025947Z
1206028,94.30848599537038,1,1,snapshot_20150919T025947Z
1206138,98.19956097222222,1,2,snapshot_20150919T025947Z
1206306,19.430838738425926,1,1,snapshot_20150919T025947Z
1206408,136.94769543981482,1,1,snapshot_20150919T025947Z
1206421,49.33281005787037,1,1,snapshot_20150919T025947Z
1206508,100.37821501157408,1,1,snapshot_20150919T025947Z
1206600,59.20989667824074,1,1,snapshot_20150919T025947Z
1206613,24.908489097222223,1,1,snapshot_20150919T025947Z
1206788,138.88766754629629,1,1,snapshot_20150919T025947Z
1206805,18.459221689814814,2,2,snapshot_20150919T025947Z
1206877,29.866116469907407,1,2,snapshot_20150919T025947Z
1206962,46.85168189814815,1,1,snapshot_20150919T025947Z
1206963,8.10844519675926,1,4,snapshot_20150919T025947Z
1207006,93.13644822916667,1,1,snapshot_20150919T025947Z
1207222,54.1765761574074,1,3,snapshot_20150919T025947Z
1207232,21.324668645833334,1,1,snapshot_20150919T025947Z
1207286,76.27989583333333,1,1,snapshot_20150919T025947Z
1207332,100.23173975694444,1,1,snapshot_20150919T025947Z
1207439,9.413219016203705,1,1,snapshot_20150919T025947Z
1207614,96.34710947916666,1,1,snapshot_20150919T025947Z
1207662,125.21627645833334,1,1,snapshot_20150919T025947Z
1207835,80.40550447916667,1,2,snapshot_20150919T025947Z
1207863,94.32090943287037,1,1,snapshot_20150919T025947Z
1207981,106.37422225694444,1,1,snapshot_20150919T025947Z
1208048,114.46962805555556,1,1,snapshot_20150919T025947Z
1208148,53.2847094212963,1,3,snapshot_20150919T025947Z
1208219,74.20564866898148,1,1,snapshot_20150919T025947Z
1208229,134.1847786574074,1,1,snapshot_20150919T025947Z
1208486,20.963546412037037,1,1,snapshot_20150919T025947Z
1208531,112.14013710648149,1,1,snapshot_20150919T025947Z
1208747,138.5006764236111,1,1,snapshot_20150919T025947Z
1208868,73.17702146990742,1,1,snapshot_20150919T025947Z
1208957,100.35839284722223,1,1,snapshot_20150919T025947Z
1209226,59.58039914351851,1,1,snapshot_20150919T025947Z
1209311,52.84099468749999,1,1,snapshot_20150919T025947Z
1209444,103.12718280092594,1,1,snapshot_20150919T025947Z
1209676,135.18228885416667,1,1,snapshot_20150919T025947Z
1209685,25.240917025462963,1,1,snapshot_20150919T025947Z
1209965,108.46381760416666,1,3,snapshot_20150919T025947Z
1209995,73.88591247685186,1,2,snapshot_20150919T025947Z
1210029,61.0515494212963,1,1,snapshot_20150919T025947Z
1210136,18.234667002314815,3,13,snapshot_20150919T025947Z
1210476,85.96371472222222,1,1,snapshot_20150919T025947Z
1210592,127.99701653935186,1,1,snapshot_20150919T025947Z
1211071,102.24538387731481,1,1,snapshot_20150919T025947Z
1211110,100.33823895833335,1,1,snapshot_20150919T025947Z
1211344,41.36569545138889,1,1,snapshot_20150919T025947Z
1211623,78.01605288194445,1,1,snapshot_20150919T025947Z
1211914,99.86034483796296,1,2,snapshot_20150919T025947Z
1211924,40.2669861574074,1,1,snapshot_20150919T025947Z
1212037,109.34089239583334,1,1,snapshot_20150919T025947Z
1212041,112.24478206018519,1,1,snapshot_20150919T025947Z
1212071,38.55118318287037,1,1,snapshot_20150919T025947Z
1212080,67.22180393518519,1,1,snapshot_20150919T025947Z
1212426,24.17741269675926,1,1,snapshot_20150919T025947Z
1212549,36.09839331018519,1,1,snapshot_20150919T025947Z
1212631,37.18321744212963,1,1,snapshot_20150919T025947Z
1212730,16.25851403935185,1,1,snapshot_20150919T025947Z
1212999,102.39908982638889,4,24,snapshot_20150919T025947Z
1213112,30.071290474537037,1,1,snapshot_20150919T025947Z
1213114,106.38370556712964,1,2,snapshot_20150919T025947Z
1213184,100.25856601851852,1,1,snapshot_20150919T025947Z
1213250,33.317548368055554,1,1,snapshot_20150919T025947Z
1213423,6.016545405092592,3,6,snapshot_20150919T025947Z
1213456,124.96142236111112,1,1,snapshot_20150919T025947Z
1213458,35.42706988425926,1,2,snapshot_20150919T025947Z
1213852,120.89730978009258,1,1,snapshot_20150919T025947Z
1213853,93.37601275462963,1,1,snapshot_20150919T025947Z
1213873,93.29318472222222,1,2,snapshot_20150919T025947Z
1214074,42.569107696759254,1,1,snapshot_20150919T025947Z
1214191,85.31684206018518,1,2,snapshot_20150919T025947Z
1214320,62.290155069444445,1,1,snapshot_20150919T025947Z
1214388,52.96663616898148,1,1,snapshot_20150919T025947Z
1214394,22.6879578125,1,1,snapshot_20150919T025947Z
1214531,69.21344105324074,1,1,snapshot_20150919T025947Z
1214715,32.345292361111106,1,1,snapshot_20150919T025947Z
1214933,16.420109467592592,1,2,snapshot_20150919T025947Z
1214988,49.33767596064815,1,3,snapshot_20150919T025947Z
1215034,17.262088796296297,1,2,snapshot_20150919T025947Z
1215171,37.96290361111111,1,1,snapshot_20150919T025947Z
1215257,63.12989509259259,1,1,snapshot_20150919T025947Z
1215287,59.473253784722225,1,1,snapshot_20150919T025947Z
1215406,58.39701663194444,1,1,snapshot_20150919T025947Z
1215432,119.79317614583333,1,1,snapshot_20150919T025947Z
1215681,24.204609930555556,1,1,snapshot_20150919T025947Z
1216079,104.95998811342592,1,3,snapshot_20150919T025947Z
1216153,17.35595546296296,1,1,snapshot_20150919T025947Z
1216259,63.037302152777784,1,2,snapshot_20150919T025947Z
1216705,51.34833706018518,3,4,snapshot_20150919T025947Z
1216792,83.175676875,1,1,snapshot_20150919T025947Z
1216971,97.9288827199074,1,1,snapshot_20150919T025947Z
1217016,110.0979246875,1,1,snapshot_20150919T025947Z
1217291,36.273463275462966,1,1,snapshot_20150919T025947Z
1217315,3.4990065856481483,1,1,snapshot_20150919T025947Z
1217330,38.37707736111111,1,1,snapshot_20150919T025947Z
1217536,129.24589119212962,1,1,snapshot_20150919T025947Z
1217782,67.68255304398147,1,4,snapshot_20150919T025947Z
1218140,24.42124393518518,1,1,snapshot_20150919T025947Z
1218239,118.89430409722222,1,1,snapshot_20150919T025947Z
1218480,38.46217332175926,2,2,snapshot_20150919T025947Z
1218507,24.06431101851852,1,1,snapshot_20150919T025947Z
1218508,18.330711574074073,1,1,snapshot_20150919T025947Z
1218647,58.96837950231482,1,1,snapshot_20150919T025947Z
1218905,108.40904871527778,1,1,snapshot_20150919T025947Z
1218962,25.62969576388889,1,1,snapshot_20150919T025947Z
1219089,137.3859409375,1,1,snapshot_20150919T025947Z
1219147,72.30204440972223,1,1,snapshot_20150919T025947Z
1219187,114.86284155092592,1,1,snapshot_20150919T025947Z
1219216,66.05787857638889,1,1,snapshot_20150919T025947Z
1219251,122.20090524305554,1,1,snapshot_20150919T025947Z
1219276,43.28245612268518,1,1,snapshot_20150919T025947Z
1219305,23.38388800925926,1,1,snapshot_20150919T025947Z
1219361,125.01504033564814,1,1,snapshot_20150919T025947Z
1219375,57.219111793981476,3,8,snapshot_20150919T025947Z
1219448,2.1602125925925924,1,1,snapshot_20150919T025947Z
1219487,117.4154179050926,2,2,snapshot_20150919T025947Z
1219594,12.052489062500001,1,1,snapshot_20150919T025947Z
1219635,102.30930775462963,1,1,snapshot_20150919T025947Z
1219705,33.06024076388889,1,1,snapshot_20150919T025947Z
1219882,49.95919281249999,2,2,snapshot_20150919T025947Z
1220101,93.96949527777778,1,1,snapshot_20150919T025947Z
1220196,24.16710127314815,1,1,snapshot_20150919T025947Z
1220230,59.911481226851855,1,1,snapshot_20150919T025947Z
1220368,128.8384597800926,1,1,snapshot_20150919T025947Z
1220372,55.003879212962964,4,6,snapshot_20150919T025947Z
1220381,118.86821045138888,2,2,snapshot_20150919T025947Z
1220455,88.46042030092593,1,1,snapshot_20150919T025947Z
1220556,98.00609518518519,2,2,snapshot_20150919T025947Z
1220633,23.30514820601852,1,3,snapshot_20150919T025947Z
1220741,51.227128611111105,1,1,snapshot_20150919T025947Z
1220875,137.02088412037037,1,1,snapshot_20150919T025947Z
1220942,124.35548758101852,1,1,snapshot_20150919T025947Z
1221036,94.31466579861112,1,1,snapshot_20150919T025947Z
1221063,51.093981759259265,1,1,snapshot_20150919T025947Z
1221125,91.38187756944444,1,1,snapshot_20150919T025947Z
1221228,126.83817997685185,1,1,snapshot_20150919T025947Z
1221273,74.36932951388889,1,1,snapshot_20150919T025947Z
1221736,89.10260325231482,1,1,snapshot_20150919T025947Z
1221828,66.2366339699074,1,2,snapshot_20150919T025947Z
1221887,50.14617653935185,1,1,snapshot_20150919T025947Z
1222464,86.33349800925926,1,1,snapshot_20150919T025947Z
1222708,63.29980484953704,1,1,snapshot_20150919T025947Z
1222828,123.02545409722221,1,1,snapshot_20150919T025947Z
1222875,7.354247812500001,1,1,snapshot_20150919T025947Z
1223007,36.25324495370371,2,2,snapshot_20150919T025947Z
1223331,69.90705435185185,1,1,snapshot_20150919T025947Z
1223450,53.40094011574074,1,1,snapshot_20150919T025947Z
1223654,27.487788877314813,2,2,snapshot_20150919T025947Z
1223705,45.41746587962963,1,1,snapshot_20150919T025947Z
1223878,88.19213376157407,1,3,snapshot_20150919T025947Z
1223981,97.4079103587963,1,1,snapshot_20150919T025947Z
1224025,109.96303495370371,1,1,snapshot_20150919T025947Z
1224104,68.06154956018518,1,1,snapshot_20150919T025947Z
1224144,74.94320797453703,1,1,snapshot_20150919T025947Z
1224155,8.409082916666666,1,1,snapshot_20150919T025947Z
1224201,2.8913094444444445,3,7,snapshot_20150919T025947Z
1224226,71.2579859837963,1,1,snapshot_20150919T025947Z
1224323,70.89866873842593,1,1,snapshot_20150919T025947Z
1224381,92.89285968749999,1,1,snapshot_20150919T025947Z
1224500,95.10627222222222,1,1,snapshot_20150919T025947Z
1224659,106.15064280092594,1,1,snapshot_20150919T025947Z
1224670,115.16157693287036,1,1,snapshot_20150919T025947Z
1224814,136.30535291666666,1,1,snapshot_20150919T025947Z
1224966,136.34040251157407,1,1,snapshot_20150919T025947Z
1225085,136.50420030092593,1,1,snapshot_20150919T025947Z
1225435,72.06937399305555,2,4,snapshot_20150919T025947Z
1225468,94.33287324074074,1,1,snapshot_20150919T025947Z
1225721,3.120686122685185,1,1,snapshot_20150919T025947Z
1226063,131.20166762731483,1,1,snapshot_20150919T025947Z
1226374,8.120546620370371,1,1,snapshot_20150919T025947Z
1226691,93.89115930555555,1,1,snapshot_20150919T025947Z
1226740,134.2900156712963,1,2,snapshot_20150919T025947Z
1226883,80.25718075231482,1,1,snapshot_20150919T025947Z
1227060,72.21439636574074,1,2,snapshot_20150919T025947Z
1227097,91.9686575462963,1,1,snapshot_20150919T025947Z
1227164,38.93874820601852,1,1,snapshot_20150919T025947Z
1227440,124.00628846064815,1,1,snapshot_20150919T025947Z
1227472,30.212166932870375,1,1,snapshot_20150919T025947Z
1227583,138.27500362268518,1,1,snapshot_20150919T025947Z
1227634,134.31984621527778,1,3,snapshot_20150919T025947Z
1227712,56.60461523148148,3,3,snapshot_20150919T025947Z
1227721,25.119553819444448,1,1,snapshot_20150919T025947Z
1227768,130.35287784722223,1,1,snapshot_20150919T025947Z
1227941,24.379456354166667,1,1,snapshot_20150919T025947Z
1228166,31.38858090277778,1,1,snapshot_20150919T025947Z
1228172,63.213115509259254,1,2,snapshot_20150919T025947Z
1228310,63.235398645833335,1,1,snapshot_20150919T025947Z
1228324,103.04915902777778,1,1,snapshot_20150919T025947Z
1228413,126.89344351851851,1,1,snapshot_20150919T025947Z
1228414,110.01782518518519,1,1,snapshot_20150919T025947Z
1228795,112.90919238425924,1,1,snapshot_20150919T025947Z
1228883,86.29506936342592,1,1,snapshot_20150919T025947Z
1229029,30.15925076388889,1,3,snapshot_20150919T025947Z
1229254,38.482274548611116,1,1,snapshot_20150919T025947Z
1229369,7.17922988425926,1,1,snapshot_20150919T025947Z
1229430,73.31750313657408,1,1,snapshot_20150919T025947Z
1229494,93.33068427083333,1,1,snapshot_20150919T025947Z
1229650,42.35842038194445,1,1,snapshot_20150919T025947Z
1229729,94.1351174074074,1,3,snapshot_20150919T025947Z
1229806,94.34393070601851,1,1,snapshot_20150919T025947Z
1229936,48.41125278935185,1,1,snapshot_20150919T025947Z
1230022,71.36248912037037,1,1,snapshot_20150919T025947Z
1230122,113.24341407407407,1,1,snapshot_20150919T025947Z
1230189,15.924926273148147,1,1,snapshot_20150919T025947Z
1230424,9.815345162037037,1,1,snapshot_20150919T025947Z
1230504,58.31616162037037,1,1,snapshot_20150919T025947Z
1230558,19.342698506944444,1,1,snapshot_20150919T025947Z
1230652,13.39303085648148,1,1,snapshot_20150919T025947Z
1230767,4.410844826388889,1,1,snapshot_20150919T025947Z
1230976,74.59450271990741,1,1,snapshot_20150919T025947Z
1230978,106.41738200231481,1,1,snapshot_20150919T025947Z
1231186,45.50922951388889,1,1,snapshot_20150919T025947Z
1231193,52.97858633101852,2,4,snapshot_20150919T025947Z
1231446,65.35921869212963,1,1,snapshot_20150919T025947Z
1231533,115.22466096064815,1,1,snapshot_20150919T025947Z
1231909,71.07696746527778,1,1,snapshot_20150919T025947Z
1232031,71.42980377314815,1,1,snapshot_20150919T025947Z
1232231,110.85205332175926,1,1,snapshot_20150919T025947Z
1232385,85.13765478009259,1,1,snapshot_20150919T025947Z
1232441,46.29507318287037,2,2,snapshot_20150919T025947Z
1232652,130.1549376736111,1,1,snapshot_20150919T025947Z
1232720,121.321128125,1,1,snapshot_20150919T025947Z
1232791,19.054427418981483,1,1,snapshot_20150919T025947Z
1232884,38.474225636574076,1,1,snapshot_20150919T025947Z
1232925,73.05691788194444,1,1,snapshot_20150919T025947Z
1233001,88.18704895833334,1,1,snapshot_20150919T025947Z
1233041,50.463887685185185,1,2,snapshot_20150919T025947Z
1233088,70.51037560185185,1,1,snapshot_20150919T025947Z
1233140,108.97139756944445,1,3,snapshot_20150919T025947Z
1233201,73.13339005787037,1,1,snapshot_20150919T025947Z
1233406,49.92902980324074,1,1,snapshot_20150919T025947Z
1233483,127.92906621527779,1,2,snapshot_20150919T025947Z
1233722,15.179780787037037,1,1,snapshot_20150919T025947Z
1233931,109.28182766203705,1,1,snapshot_20150919T025947Z
1233976,79.29318381944445,1,1,snapshot_20150919T025947Z
1233979,93.22809662037038,1,4,snapshot_20150919T025947Z
1234033,27.76546986111111,1,1,snapshot_20150919T025947Z
1234052,112.13941373842592,1,1,snapshot_20150919T025947Z
1234063,15.196308148148148,1,1,snapshot_20150919T025947Z
1234095,100.43724440972221,1,1,snapshot_20150919T025947Z
1234428,84.96696473379629,1,1,snapshot_20150919T025947Z
1234499,103.02671572916667,1,1,snapshot_20150919T025947Z
1234667,99.22027712962964,1,1,snapshot_20150919T025947Z
1234997,134.28875344907408,1,2,snapshot_20150919T025947Z
1235136,61.33753399305555,2,2,snapshot_20150919T025947Z
1235152,113.43913649305554,2,2,snapshot_20150919T025947Z
1235292,109.34686153935185,1,9,snapshot_20150919T025947Z
1235294,23.182728599537036,1,1,snapshot_20150919T025947Z
1235469,110.10646609953704,2,2,snapshot_20150919T025947Z
1235609,57.414430532407415,1,1,snapshot_20150919T025947Z
1236134,74.39451858796296,1,1,snapshot_20150919T025947Z
1236241,22.153358055555554,1,1,snapshot_20150919T025947Z
1236376,100.29523355324073,1,1,snapshot_20150919T025947Z
1236406,34.436715104166666,1,1,snapshot_20150919T025947Z
1236547,73.00941570601852,1,1,snapshot_20150919T025947Z
1236594,19.30615578703704,1,1,snapshot_20150919T025947Z
1236721,90.36277758101852,1,1,snapshot_20150919T025947Z
1236742,57.07036518518519,1,2,snapshot_20150919T025947Z
1236753,109.30349937500002,2,6,snapshot_20150919T025947Z
1237022,18.491024930555554,1,1,snapshot_20150919T025947Z
1237111,40.87248945601852,1,2,snapshot_20150919T025947Z
1237167,94.0132241087963,1,1,snapshot_20150919T025947Z
1237530,50.161679247685186,1,1,snapshot_20150919T025947Z
1237565,71.29483152777777,1,1,snapshot_20150919T025947Z
1237629,46.482081793981486,1,1,snapshot_20150919T025947Z
1237668,84.29645349537037,1,1,snapshot_20150919T025947Z
1237694,72.9532540162037,1,1,snapshot_20150919T025947Z
1237699,60.817147534722224,1,1,snapshot_20150919T025947Z
1237790,4.402564212962963,1,1,snapshot_20150919T025947Z
1238367,33.95144039351852,1,1,snapshot_20150919T025947Z
1238550,125.97863300925927,1,1,snapshot_20150919T025947Z
1238789,25.11046784722222,1,1,snapshot_20150919T025947Z
1238791,58.324995925925926,1,4,snapshot_20150919T025947Z
1238886,92.96138766203704,1,1,snapshot_20150919T025947Z
1238931,46.59800515046296,1,1,snapshot_20150919T025947Z
1238935,115.9453301851852,1,1,snapshot_20150919T025947Z
1239003,118.24569487268519,1,1,snapshot_20150919T025947Z
1239048,73.8562320486111,1,1,snapshot_20150919T025947Z
1239490,82.3208934375,1,1,snapshot_20150919T025947Z
1239575,101.01252069444445,1,1,snapshot_20150919T025947Z
1239679,46.44608474537037,1,1,snapshot_20150919T025947Z
1239747,93.12218585648148,1,1,snapshot_20150919T025947Z
1239805,94.99505244212963,1,1,snapshot_20150919T025947Z
1239823,135.44524777777778,1,1,snapshot_20150919T025947Z
1240133,130.97969871527778,1,1,snapshot_20150919T025947Z
1240591,129.1625696412037,1,1,snapshot_20150919T025947Z
1240704,21.45803763888889,1,1,snapshot_20150919T025947Z
1240832,57.18866083333334,1,1,snapshot_20150919T025947Z
1240849,95.45937760416666,1,1,snapshot_20150919T025947Z
1240995,2.1159490046296296,1,1,snapshot_20150919T025947Z
1241183,4.013174953703704,1,1,snapshot_20150919T025947Z
1241360,32.989144340277775,1,1,snapshot_20150919T025947Z
1241378,129.10651377314815,1,1,snapshot_20150919T025947Z
1241454,60.231211863425926,1,1,snapshot_20150919T025947Z
1241565,18.32015017361111,1,1,snapshot_20150919T025947Z
1241621,102.38781028935186,1,1,snapshot_20150919T025947Z
1241716,41.79885894675926,1,1,snapshot_20150919T025947Z
1241829,53.23143251157408,1,1,snapshot_20150919T025947Z
1241954,122.4197022337963,1,1,snapshot_20150919T025947Z
1241973,13.498033194444444,1,1,snapshot_20150919T025947Z
1242255,79.33459090277778,1,1,snapshot_20150919T025947Z
1242328,46.17682284722222,1,1,snapshot_20150919T025947Z
1242383,124.18702505787037,1,1,snapshot_20150919T025947Z
1242777,109.43674399305556,1,1,snapshot_20150919T025947Z
1242822,72.53266604166667,1,1,snapshot_20150919T025947Z
1242825,111.9912770949074,1,1,snapshot_20150919T025947Z
1242900,39.11727517361111,1,1,snapshot_20150919T025947Z
1243048,34.96721689814815,2,2,snapshot_20150919T025947Z
1243262,43.06934998842593,2,4,snapshot_20150919T025947Z
1243437,42.4409084375,1,1,snapshot_20150919T025947Z
1243545,19.258390844907407,1,1,snapshot_20150919T025947Z
1243613,85.4079113425926,1,1,snapshot_20150919T025947Z
1243636,125.23328730324074,1,1,snapshot_20150919T025947Z
1243764,125.46238473379628,2,2,snapshot_20150919T025947Z
1243940,67.30921892361111,1,1,snapshot_20150919T025947Z
1243953,92.43423625,1,1,snapshot_20150919T025947Z
1244048,107.25477546296295,1,1,snapshot_20150919T025947Z
1244056,9.408293900462963,1,1,snapshot_20150919T025947Z
1244177,79.25891465277778,1,1,snapshot_20150919T025947Z
1244337,60.8748940625,1,1,snapshot_20150919T025947Z
1244340,41.046795,1,1,snapshot_20150919T025947Z
1244487,96.56005648148148,1,1,snapshot_20150919T025947Z
1244501,97.89842422453704,1,1,snapshot_20150919T025947Z
1244569,122.88241965277778,1,1,snapshot_20150919T025947Z
1244638,80.38749502314815,1,2,snapshot_20150919T025947Z
1244651,75.4628868287037,1,1,snapshot_20150919T025947Z
1244696,25.46824391203704,1,1,snapshot_20150919T025947Z
1244964,53.88753758101852,1,1,snapshot_20150919T025947Z
1244998,17.245021238425924,1,1,snapshot_20150919T025947Z
1245217,119.60028042824075,1,2,snapshot_20150919T025947Z
1245257,104.76792758101851,1,1,snapshot_20150919T025947Z
1245381,7.361403298611111,1,2,snapshot_20150919T025947Z
1245659,102.92471488425926,1,1,snapshot_20150919T025947Z
1245726,44.929990949074075,1,1,snapshot_20150919T025947Z
1245733,42.25163138888889,1,1,snapshot_20150919T025947Z
1245790,124.0349098263889,1,1,snapshot_20150919T025947Z
1245838,94.0130527199074,1,1,snapshot_20150919T025947Z
1245863,31.244431446759258,1,1,snapshot_20150919T025947Z
1246009,47.530240185185185,1,1,snapshot_20150919T025947Z
1246259,52.039138414351854,1,1,snapshot_20150919T025947Z
1246346,103.32408320601853,1,1,snapshot_20150919T025947Z
1246369,26.223712824074077,1,1,snapshot_20150919T025947Z
1246436,100.07669115740741,2,2,snapshot_20150919T025947Z
1246441,101.15695193287037,1,1,snapshot_20150919T025947Z
1246703,33.44091545138889,1,1,snapshot_20150919T025947Z
1246731,110.93351751157408,1,1,snapshot_20150919T025947Z
1246769,25.38197914351852,1,1,snapshot_20150919T025947Z
1246823,32.50047490740741,3,5,snapshot_20150919T025947Z
1247053,122.54930258101852,1,1,snapshot_20150919T025947Z
1247378,10.268278067129629,1,1,snapshot_20150919T025947Z
1247427,125.77964251157407,1,1,snapshot_20150919T025947Z
1247679,105.98596239583334,1,1,snapshot_20150919T025947Z
1247686,128.33761797453704,1,1,snapshot_20150919T025947Z
1247721,137.24064171296297,1,1,snapshot_20150919T025947Z
1247882,113.28732162037036,1,1,snapshot_20150919T025947Z
1247894,123.38203418981482,1,3,snapshot_20150919T025947Z
1247958,74.30717480324074,1,1,snapshot_20150919T025947Z
1248438,19.28378777777778,1,2,snapshot_20150919T025947Z
1248614,32.303216400462965,1,1,snapshot_20150919T025947Z
1248740,86.43594217592593,1,1,snapshot_20150919T025947Z
1248762,67.24121315972222,1,1,snapshot_20150919T025947Z
1248805,74.06188506944444,2,5,snapshot_20150919T025947Z
1248817,70.42822159722222,1,1,snapshot_20150919T025947Z
1248943,60.23268680555555,1,2,snapshot_20150919T025947Z
1248989,25.347957650462966,1,3,snapshot_20150919T025947Z
1249058,109.27406019675927,2,2,snapshot_20150919T025947Z
1249088,54.44456394675926,1,1,snapshot_20150919T025947Z
1249201,102.9146991087963,1,1,snapshot_20150919T025947Z
1249220,7.230346423611111,1,1,snapshot_20150919T025947Z
1249272,31.06867451388889,1,1,snapshot_20150919T025947Z
1249422,93.08076922453704,1,2,snapshot_20150919T025947Z
1249442,129.05384612268517,1,1,snapshot_20150919T025947Z
1249456,49.04973689814815,1,1,snapshot_20150919T025947Z
1250217,4.150681354166667,1,1,snapshot_20150919T025947Z
1250237,75.97068730324075,1,1,snapshot_20150919T025947Z
1250316,86.34040297453703,1,2,snapshot_20150919T025947Z
1250332,79.2726078125,1,1,snapshot_20150919T025947Z
1250550,126.05545865740741,1,1,snapshot_20150919T025947Z
1250902,81.31222797453704,1,2,snapshot_20150919T025947Z
1251116,137.18169908564815,1,1,snapshot_20150919T025947Z
1251265,126.18183224537037,1,1,snapshot_20150919T025947Z
1251411,96.91703726851851,1,1,snapshot_20150919T025947Z
1251426,127.17763300925927,1,1,snapshot_20150919T025947Z
1251642,57.934531990740744,1,1,snapshot_20150919T025947Z
1251749,87.22592188657407,1,1,snapshot_20150919T025947Z
1251841,65.48544013888889,1,1,snapshot_20150919T025947Z
1251848,86.8952529513889,1,1,snapshot_20150919T025947Z
1251920,18.932130300925927,1,1,snapshot_20150919T025947Z
1251955,131.4546618865741,1,1,snapshot_20150919T025947Z
1252037,65.45062318287037,1,1,snapshot_20150919T025947Z
1252079,29.341743391203707,1,1,snapshot_20150919T025947Z
1252195,107.40399574074075,1,1,snapshot_20150919T025947Z
1252293,56.885202685185185,1,1,snapshot_20150919T025947Z
1252394,133.32235876157407,1,1,snapshot_20150919T025947Z
1252549,10.265461342592593,1,1,snapshot_20150919T025947Z
1252556,68.03688460648148,1,1,snapshot_20150919T025947Z
1252634,125.31591920138888,1,1,snapshot_20150919T025947Z
1252646,29.406283078703705,1,1,snapshot_20150919T025947Z
1252850,109.39298273148148,1,1,snapshot_20150919T025947Z
1252924,128.45730472222223,1,1,snapshot_20150919T025947Z
1253728,94.22111813657408,1,3,snapshot_20150919T025947Z
1253754,84.92839056712964,1,1,snapshot_20150919T025947Z
1253966,49.31429912037037,1,1,snapshot_20150919T025947Z
1254278,44.250234641203704,1,2,snapshot_20150919T025947Z
1254379,44.18837248842593,1,6,snapshot_20150919T025947Z
1254385,115.05225731481481,1,1,snapshot_20150919T025947Z
1254634,4.321380416666666,1,1,snapshot_20150919T025947Z
1254716,106.32199658564815,2,8,snapshot_20150919T025947Z
1254717,20.056430787037037,1,1,snapshot_20150919T025947Z
1254731,93.1998433912037,1,1,snapshot_20150919T025947Z
1254756,51.60204576388889,1,1,snapshot_20150919T025947Z
1254762,59.50656736111111,1,1,snapshot_20150919T025947Z
1254842,40.44286975694445,1,1,snapshot_20150919T025947Z
1254846,53.112078993055555,1,4,snapshot_20150919T025947Z
1254921,128.327998125,1,1,snapshot_20150919T025947Z
1255071,100.37583807870371,1,1,snapshot_20150919T025947Z
1255141,69.2419981712963,1,1,snapshot_20150919T025947Z
1255260,5.9596726273148155,1,1,snapshot_20150919T025947Z
1255316,30.397865706018518,1,1,snapshot_20150919T025947Z
1255322,74.44349192129629,1,1,snapshot_20150919T025947Z
1255456,74.07356253472223,11,15,snapshot_20150919T025947Z
1255495,25.208994224537033,1,1,snapshot_20150919T025947Z
1255510,110.12281482638888,1,1,snapshot_20150919T025947Z
1255688,43.50953385416667,1,2,snapshot_20150919T025947Z
1255725,128.40439281250002,1,1,snapshot_20150919T025947Z
1255801,5.969372222222223,1,3,snapshot_20150919T025947Z
1255826,82.24653075231481,2,2,snapshot_20150919T025947Z
1255923,121.33264121527777,1,1,snapshot_20150919T025947Z
1255925,29.108368958333337,1,1,snapshot_20150919T025947Z
1255966,42.31303520833333,1,1,snapshot_20150919T025947Z
1256020,110.25686377314814,1,2,snapshot_20150919T025947Z
1256029,136.35826069444443,1,1,snapshot_20150919T025947Z
1256074,80.90244107638888,1,1,snapshot_20150919T025947Z
1256293,37.18468174768518,1,4,snapshot_20150919T025947Z
1256475,88.27791164351851,1,1,snapshot_20150919T025947Z
1256617,78.36501231481482,1,1,snapshot_20150919T025947Z
1256683,50.938428483796294,1,2,snapshot_20150919T025947Z
1256880,9.369498252314814,1,1,snapshot_20150919T025947Z
1256916,3.4615674999999997,1,1,snapshot_20150919T025947Z
1256988,129.1974233912037,1,1,snapshot_20150919T025947Z
1257331,88.98173466435185,1,1,snapshot_20150919T025947Z
1257461,10.43299699074074,1,1,snapshot_20150919T025947Z
1257598,118.1374588888889,1,2,snapshot_20150919T025947Z
1257751,107.4565497800926,1,1,snapshot_20150919T025947Z
1257991,16.39906684027778,1,1,snapshot_20150919T025947Z
1258035,32.33661302083333,1,2,snapshot_20150919T025947Z
1258125,98.4729005439815,1,1,snapshot_20150919T025947Z
1258453,122.16932467592594,2,2,snapshot_20150919T025947Z
1258617,49.315108055555555,1,1,snapshot_20150919T025947Z
1258744,88.00399201388889,1,1,snapshot_20150919T025947Z
1258857,19.189039375,1,1,snapshot_20150919T025947Z
1258888,57.12290857638889,1,1,snapshot_20150919T025947Z
1258911,73.4688258912037,1,1,snapshot_20150919T025947Z
1258928,100.85311688657409,1,6,snapshot_20150919T025947Z
1259051,119.84258752314815,1,1,snapshot_20150919T025947Z
1259062,51.41853829861111,1,5,snapshot_20150919T025947Z
1259098,106.93780037037037,1,1,snapshot_20150919T025947Z
1259331,30.96208292824074,1,1,snapshot_20150919T025947Z
1259402,8.04406388888889,1,2,snapshot_20150919T025947Z
1259476,111.00096126157406,1,1,snapshot_20150919T025947Z
1259588,114.41944574074074,1,1,snapshot_20150919T025947Z
1259989,62.27623571759259,1,1,snapshot_20150919T025947Z
1260012,41.41108033564815,1,1,snapshot_20150919T025947Z
1260071,74.90695686342592,1,1,snapshot_20150919T025947Z
1260190,129.16894609953704,1,1,snapshot_20150919T025947Z
1260275,37.85420506944445,1,1,snapshot_20150919T025947Z
1260396,87.70014449074074,1,1,snapshot_20150919T025947Z
1260447,88.38526633101851,1,1,snapshot_20150919T025947Z
1260481,64.38464012731481,4,4,snapshot_20150919T025947Z
1260804,61.31804449074074,1,1,snapshot_20150919T025947Z
1261090,81.20049555555555,1,1,snapshot_20150919T025947Z
1261200,86.20540400462963,1,1,snapshot_20150919T025947Z
1261449,123.36310927083335,1,1,snapshot_20150919T025947Z
1261536,125.23197503472221,1,1,snapshot_20150919T025947Z
1261557,136.0874061226852,1,5,snapshot_20150919T025947Z
1261991,113.28874547453702,1,2,snapshot_20150919T025947Z
1262053,116.5487833912037,1,1,snapshot_20150919T025947Z
1262190,67.67975694444445,1,3,snapshot_20150919T025947Z
1262257,67.9802959837963,1,2,snapshot_20150919T025947Z
1262299,66.45732864583334,1,1,snapshot_20150919T025947Z
1262351,137.83415226851852,1,1,snapshot_20150919T025947Z
1262804,10.098447210648148,2,2,snapshot_20150919T025947Z
1263060,14.03636439814815,1,1,snapshot_20150919T025947Z
1263146,2.2330835763888888,1,1,snapshot_20150919T025947Z
1263358,2.296225150462963,1,1,snapshot_20150919T025947Z
1263427,53.42346371527778,1,1,snapshot_20150919T025947Z
1263541,25.054581840277777,1,1,snapshot_20150919T025947Z
1263731,4.075134594907407,1,3,snapshot_20150919T025947Z
1263757,19.03700027777778,1,1,snapshot_20150919T025947Z
1263797,136.31513395833332,1,1,snapshot_20150919T025947Z
1263954,105.82863013888888,1,1,snapshot_20150919T025947Z
1263992,94.93792219907408,1,1,snapshot_20150919T025947Z
1264026,125.0433054976852,1,1,snapshot_20150919T025947Z
1264132,58.433531875,1,1,snapshot_20150919T025947Z
1264213,93.47880762731482,1,1,snapshot_20150919T025947Z
1264264,116.19115648148149,1,1,snapshot_20150919T025947Z
1264334,31.864299039351852,1,1,snapshot_20150919T025947Z
1264440,17.992333900462963,1,1,snapshot_20150919T025947Z
1264468,110.31399127314816,2,2,snapshot_20150919T025947Z
1264709,85.47533078703704,1,1,snapshot_20150919T025947Z
1264860,136.2143480324074,1,2,snapshot_20150919T025947Z
1265054,31.210668333333334,1,1,snapshot_20150919T025947Z
1265107,134.10555416666668,1,1,snapshot_20150919T025947Z
1265288,6.171035775462963,2,3,snapshot_20150919T025947Z
1265323,3.1133345833333332,1,1,snapshot_20150919T025947Z
1265333,11.163973761574074,1,2,snapshot_20150919T025947Z
1265536,46.90289856481482,1,1,snapshot_20150919T025947Z
1265599,29.868854398148148,1,3,snapshot_20150919T025947Z
1265602,90.28258922453703,1,1,snapshot_20150919T025947Z
1265615,67.26537430555555,1,1,snapshot_20150919T025947Z
1265730,51.13684729166666,1,4,snapshot_20150919T025947Z
1265850,102.86963062499999,1,1,snapshot_20150919T025947Z
1266017,93.39699951388889,1,1,snapshot_20150919T025947Z
1266096,85.09699616898148,1,1,snapshot_20150919T025947Z
1266370,99.42323756944444,1,1,snapshot_20150919T025947Z
1266427,18.198793599537037,1,3,snapshot_20150919T025947Z
1266599,56.95624510416666,1,2,snapshot_20150919T025947Z
1266679,114.2541248726852,1,1,snapshot_20150919T025947Z
1266838,3.3718633680555556,1,1,snapshot_20150919T025947Z
1267084,43.45955991898148,1,1,snapshot_20150919T025947Z
1267546,80.79543255787037,1,2,snapshot_20150919T025947Z
1267748,54.008538657407406,1,1,snapshot_20150919T025947Z
1267759,119.38203223379631,1,1,snapshot_20150919T025947Z
1267997,107.4113080787037,1,1,snapshot_20150919T025947Z
1268175,95.9510642476852,1,1,snapshot_20150919T025947Z
1268562,28.183273032407406,1,1,snapshot_20150919T025947Z
1268600,58.33478842592592,1,1,snapshot_20150919T025947Z
1268742,77.88203429398149,1,1,snapshot_20150919T025947Z
1268760,92.95216305555556,1,1,snapshot_20150919T025947Z
1269056,92.24244473379629,1,1,snapshot_20150919T025947Z
1269087,64.33291912037038,1,1,snapshot_20150919T025947Z
1269166,51.95236163194444,1,1,snapshot_20150919T025947Z
1269591,137.2838460648148,1,1,snapshot_20150919T025947Z
1269642,137.50991403935186,1,1,snapshot_20150919T025947Z
1269683,93.28991327546296,1,1,snapshot_20150919T025947Z
1269725,44.95674679398148,1,1,snapshot_20150919T025947Z
1269788,30.422182685185184,1,1,snapshot_20150919T025947Z
1269810,44.285455381944445,1,1,snapshot_20150919T025947Z
1270093,79.39189909722222,1,1,snapshot_20150919T025947Z
1270116,15.838500624999998,1,1,snapshot_20150919T025947Z
1270129,9.358598877314815,1,1,snapshot_20150919T025947Z
1270193,99.07003724537037,2,2,snapshot_20150919T025947Z
1270266,19.51273287037037,1,1,snapshot_20150919T025947Z
1270480,87.09908706018518,1,1,snapshot_20150919T025947Z
1270574,105.22111008101852,1,1,snapshot_20150919T025947Z
1270624,108.08653304398148,1,1,snapshot_20150919T025947Z
1270729,75.38750373842592,1,1,snapshot_20150919T025947Z
1270912,53.501332824074076,1,1,snapshot_20150919T025947Z
1271021,63.20807567129629,1,1,snapshot_20150919T025947Z
1271092,44.192969733796296,1,1,snapshot_20150919T025947Z
1271132,134.39724133101853,1,1,snapshot_20150919T025947Z
1271174,30.347716782407407,2,4,snapshot_20150919T025947Z
1271212,22.994686215277778,1,1,snapshot_20150919T025947Z
1271388,137.1740330787037,1,1,snapshot_20150919T025947Z
1271652,123.25319592592594,2,2,snapshot_20150919T025947Z
1271671,58.13191133101852,1,1,snapshot_20150919T025947Z
1271695,110.31567903935185,1,1,snapshot_20150919T025947Z
1271835,4.325945011574074,1,1,snapshot_20150919T025947Z
1271844,5.062061446759259,1,1,snapshot_20150919T025947Z
1271881,72.16915391203703,1,1,snapshot_20150919T025947Z
1272002,56.43460413194445,1,2,snapshot_20150919T025947Z
1272407,132.78859497685187,1,6,snapshot_20150919T025947Z
1272503,28.731466180555554,1,1,snapshot_20150919T025947Z
1272533,14.235573460648148,1,1,snapshot_20150919T025947Z
1272551,87.20836780092593,1,1,snapshot_20150919T025947Z
1272795,118.46062240740741,1,2,snapshot_20150919T025947Z
1272843,21.498723194444445,1,1,snapshot_20150919T025947Z
1273126,86.20761710648148,1,1,snapshot_20150919T025947Z
1273193,122.01002123842594,1,1,snapshot_20150919T025947Z
1273262,60.32258541666666,1,1,snapshot_20150919T025947Z
1273306,51.375794803240744,5,5,snapshot_20150919T025947Z
1273329,88.3385865162037,1,1,snapshot_20150919T025947Z
1273397,98.08095015046297,1,1,snapshot_20150919T025947Z
1273401,112.96469668981482,1,2,snapshot_20150919T025947Z
1273697,50.82870966435185,1,1,snapshot_20150919T025947Z
1273771,3.2286341203703706,1,1,snapshot_20150919T025947Z
1273910,127.17075773148149,1,1,snapshot_20150919T025947Z
1274040,95.27572460648148,1,1,snapshot_20150919T025947Z
1274063,108.3980341550926,1,1,snapshot_20150919T025947Z
1274085,68.8554140625,1,1,snapshot_20150919T025947Z
1274251,57.2116004050926,1,1,snapshot_20150919T025947Z
1274293,67.93013841435184,1,1,snapshot_20150919T025947Z
1274320,25.959300590277778,1,1,snapshot_20150919T025947Z
1274321,57.33671105324074,1,1,snapshot_20150919T025947Z
1274505,51.55173910879629,1,2,snapshot_20150919T025947Z
1274507,102.14609511574075,1,1,snapshot_20150919T025947Z
1274778,62.17146350694444,1,1,snapshot_20150919T025947Z
1274947,136.34681936342594,1,2,snapshot_20150919T025947Z
1275371,90.3513631712963,1,1,snapshot_20150919T025947Z
1275484,73.16560104166666,1,1,snapshot_20150919T025947Z
1275487,4.299002303240741,1,1,snapshot_20150919T025947Z
1275590,7.421647581018519,1,1,snapshot_20150919T025947Z
1275725,51.281110625,1,1,snapshot_20150919T025947Z
1276055,84.34154726851853,1,1,snapshot_20150919T025947Z
1276175,113.20384653935186,1,1,snapshot_20150919T025947Z
1276260,28.349179652777778,1,1,snapshot_20150919T025947Z
1276300,82.90667037037038,1,1,snapshot_20150919T025947Z
1276315,94.85122601851852,1,1,snapshot_20150919T025947Z
1276445,57.16912520833333,1,1,snapshot_20150919T025947Z
1276539,21.37193826388889,1,1,snapshot_20150919T025947Z
1276579,130.16788260416666,1,1,snapshot_20150919T025947Z
1276617,38.38242501157408,1,1,snapshot_20150919T025947Z
1276648,24.419748912037036,1,1,snapshot_20150919T025947Z
1276807,99.36173416666666,1,1,snapshot_20150919T025947Z
1276854,84.91290391203704,1,2,snapshot_20150919T025947Z
1277072,127.00708827546295,1,1,snapshot_20150919T025947Z
1277142,15.174291469907407,1,2,snapshot_20150919T025947Z
1277580,67.3633594675926,1,1,snapshot_20150919T025947Z
1277643,93.36462806712963,1,1,snapshot_20150919T025947Z
1277748,59.199900682870364,1,1,snapshot_20150919T025947Z
1277783,105.21187762731482,1,1,snapshot_20150919T025947Z
1277956,72.29534952546297,1,1,snapshot_20150919T025947Z
1277987,113.98858256944445,1,3,snapshot_20150919T025947Z
1277990,42.30488542824074,1,1,snapshot_20150919T025947Z
1278009,23.33095710648148,1,1,snapshot_20150919T025947Z
1278185,119.8106831712963,1,1,snapshot_20150919T025947Z
1278398,114.3339479513889,1,1,snapshot_20150919T025947Z
1278459,31.266035578703704,1,1,snapshot_20150919T025947Z
1278460,25.435183819444447,1,1,snapshot_20150919T025947Z
1278635,17.210174050925925,1,1,snapshot_20150919T025947Z
1278686,93.21223701388888,1,1,snapshot_20150919T025947Z
1278874,49.00752636574074,1,1,snapshot_20150919T025947Z
1279042,138.07622815972223,1,1,snapshot_20150919T025947Z
1279171,55.883910254629626,1,3,snapshot_20150919T025947Z
1279275,54.43619841435185,1,8,snapshot_20150919T025947Z
1279465,29.980972245370367,1,1,snapshot_20150919T025947Z
1279582,54.81300243055556,2,2,snapshot_20150919T025947Z
1279737,63.46615064814815,1,2,snapshot_20150919T025947Z
1279799,73.73939740740741,1,1,snapshot_20150919T025947Z
1279866,61.21362752314814,1,1,snapshot_20150919T025947Z
1279985,95.41679440972221,1,1,snapshot_20150919T025947Z
1280004,51.924216712962966,1,1,snapshot_20150919T025947Z
1280456,11.350660706018518,1,1,snapshot_20150919T025947Z
1280613,107.89843217592592,1,1,snapshot_20150919T025947Z
1281043,10.326682615740742,1,3,snapshot_20150919T025947Z
1281052,52.527995231481476,1,3,snapshot_20150919T025947Z
1281293,53.00795321759259,1,2,snapshot_20150919T025947Z
1281324,88.37224549768519,1,1,snapshot_20150919T025947Z
1281446,109.00732625,2,2,snapshot_20150919T025947Z
1281566,26.334749953703707,1,1,snapshot_20150919T025947Z
1281624,135.5457932523148,1,1,snapshot_20150919T025947Z
1281645,114.94421152777778,1,1,snapshot_20150919T025947Z
1281851,72.95639135416667,1,1,snapshot_20150919T025947Z
1282058,64.2349948263889,1,1,snapshot_20150919T025947Z
1282091,30.20043462962963,1,1,snapshot_20150919T025947Z
1282205,138.93614399305557,1,1,snapshot_20150919T025947Z
1282441,85.26462825231482,1,1,snapshot_20150919T025947Z
1282648,126.26379444444444,1,2,snapshot_20150919T025947Z
1282656,73.29958900462964,1,2,snapshot_20150919T025947Z
1282744,15.489008958333335,1,1,snapshot_20150919T025947Z
1282815,120.32428090277777,1,1,snapshot_20150919T025947Z
1282824,126.23547296296296,1,1,snapshot_20150919T025947Z
1282868,135.48353843750002,1,1,snapshot_20150919T025947Z
1282976,126.55789488425927,1,1,snapshot_20150919T025947Z
1283301,52.42772688657408,1,3,snapshot_20150919T025947Z
1283513,83.32176061342592,1,1,snapshot_20150919T025947Z
1283523,9.353046134259259,1,1,snapshot_20150919T025947Z
1283589,53.13745538194444,1,2,snapshot_20150919T025947Z
1283751,68.07566201388889,1,1,snapshot_20150919T025947Z
1283849,8.264684363425927,2,3,snapshot_20150919T025947Z
1283916,23.13622121527778,1,1,snapshot_20150919T025947Z
1283922,22.344275486111112,1,4,snapshot_20150919T025947Z
1284067,128.1522692013889,1,2,snapshot_20150919T025947Z
1284340,99.2653243287037,3,6,snapshot_20150919T025947Z
1284823,19.279512164351853,1,1,snapshot_20150919T025947Z
1285092,99.46082695601851,1,1,snapshot_20150919T025947Z
1285176,87.01412413194444,1,1,snapshot_20150919T025947Z
1285472,55.62813491898148,1,1,snapshot_20150919T025947Z
1285763,109.10355435185186,1,1,snapshot_20150919T025947Z
1285800,124.31334929398149,1,2,snapshot_20150919T025947Z
1285802,6.034237152777778,1,1,snapshot_20150919T025947Z
1285810,11.201509375,1,1,snapshot_20150919T025947Z
1286040,133.23428854166667,1,1,snapshot_20150919T025947Z
1286090,38.45067248842593,1,1,snapshot_20150919T025947Z
1286355,25.445330555555557,1,2,snapshot_20150919T025947Z
1286525,44.61541886574074,1,1,snapshot_20150919T025947Z
1286722,74.27699902777778,1,1,snapshot_20150919T025947Z
1286827,104.86173780092592,1,1,snapshot_20150919T025947Z
1286960,23.513684803240743,1,1,snapshot_20150919T025947Z
1287087,3.4360197106481483,1,1,snapshot_20150919T025947Z
1287192,103.09728537037037,1,1,snapshot_20150919T025947Z
1287568,32.45651016203704,1,1,snapshot_20150919T025947Z
1287579,32.16439043981481,1,1,snapshot_20150919T025947Z
1287670,94.01512946759259,3,3,snapshot_20150919T025947Z
1287798,84.28475641203704,1,1,snapshot_20150919T025947Z
1287860,48.19714773148148,2,2,snapshot_20150919T025947Z
1288024,116.17880413194443,2,2,snapshot_20150919T025947Z
1288048,58.301918020833334,1,1,snapshot_20150919T025947Z
1288067,88.25583548611111,1,1,snapshot_20150919T025947Z
1288102,32.02303785879629,1,1,snapshot_20150919T025947Z
1288137,138.16115189814815,1,1,snapshot_20150919T025947Z
1288354,128.03970832175926,1,1,snapshot_20150919T025947Z
1288368,110.4534563425926,1,1,snapshot_20150919T025947Z
1288378,133.49225425925925,1,1,snapshot_20150919T025947Z
1288545,67.46538246527777,1,1,snapshot_20150919T025947Z
1288576,95.3896810763889,1,1,snapshot_20150919T025947Z
1288706,129.4183867361111,1,1,snapshot_20150919T025947Z
1288717,36.00673869212963,1,1,snapshot_20150919T025947Z
1288724,44.95575241898148,1,1,snapshot_20150919T025947Z
1288872,49.258865219907406,1,2,snapshot_20150919T025947Z
1288957,67.42750137731481,1,2,snapshot_20150919T025947Z
1289081,9.311629039351851,1,1,snapshot_20150919T025947Z
1289569,38.373585266203705,1,3,snapshot_20150919T025947Z
1289841,44.15636424768518,1,1,snapshot_20150919T025947Z
1290069,105.35325704861111,1,1,snapshot_20150919T025947Z
1290200,80.94490219907408,1,1,snapshot_20150919T025947Z
1290336,15.003665601851853,1,1,snapshot_20150919T025947Z
1290558,125.31167569444443,2,4,snapshot_20150919T025947Z
1290573,27.063495925925924,1,1,snapshot_20150919T025947Z
1290672,51.237292673611115,1,1,snapshot_20150919T025947Z
1290796,64.29751584490741,1,2,snapshot_20150919T025947Z
1290967,11.992866354166667,1,1,snapshot_20150919T025947Z
1291013,131.58939152777776,1,1,snapshot_20150919T025947Z
1291031,30.017970717592593,1,2,snapshot_20150919T025947Z
1291043,81.44621947916667,1,1,snapshot_20150919T025947Z
1291319,35.49530571759259,1,1,snapshot_20150919T025947Z
1291791,85.23319258101851,1,1,snapshot_20150919T025947Z
1291803,109.51638349537038,1,1,snapshot_20150919T025947Z
1291892,137.9030172800926,1,1,snapshot_20150919T025947Z
1292053,111.4568257986111,1,1,snapshot_20150919T025947Z
1292125,125.07901658564815,1,1,snapshot_20150919T025947Z
1292316,92.91833407407408,1,1,snapshot_20150919T025947Z
1292444,95.14387787037037,1,1,snapshot_20150919T025947Z
1292449,56.36742189814815,1,1,snapshot_20150919T025947Z
1292703,138.1104454976852,1,1,snapshot_20150919T025947Z
1292722,127.38946741898147,1,1,snapshot_20150919T025947Z
1292947,55.023414502314814,1,6,snapshot_20150919T025947Z
1293015,27.990406284722223,1,1,snapshot_20150919T025947Z
1293141,45.400930173611115,1,1,snapshot_20150919T025947Z
1293259,56.50682238425926,1,1,snapshot_20150919T025947Z
1293285,96.05904099537037,1,1,snapshot_20150919T025947Z
1293358,45.35035491898148,56,62,snapshot_20150919T025947Z
1293368,1.575432685185185,1,1,snapshot_20150919T025947Z
1293619,56.054442395833334,1,1,snapshot_20150919T025947Z
1293754,7.544518611111112,1,1,snapshot_20150919T025947Z
1294186,95.2672844212963,1,1,snapshot_20150919T025947Z
1294231,78.92594907407407,1,1,snapshot_20150919T025947Z
1294402,10.96397494212963,1,1,snapshot_20150919T025947Z
1294599,52.423226863425924,1,1,snapshot_20150919T025947Z
1294601,69.45951068287037,1,1,snapshot_20150919T025947Z
1294769,9.92981550925926,1,1,snapshot_20150919T025947Z
1294899,18.34316738425926,1,1,snapshot_20150919T025947Z
1295021,55.27265568287037,1,1,snapshot_20150919T025947Z
1295047,132.1153299189815,1,1,snapshot_20150919T025947Z
1295114,120.61574144675927,1,1,snapshot_20150919T025947Z
1295178,92.44741677083334,1,2,snapshot_20150919T025947Z
1295179,21.37716425925926,1,1,snapshot_20150919T025947Z
1295240,103.93453392361111,1,1,snapshot_20150919T025947Z
1295414,52.21270901620371,1,1,snapshot_20150919T025947Z
1295664,113.37955452546296,1,1,snapshot_20150919T025947Z
1295687,65.24911472222222,1,1,snapshot_20150919T025947Z
1295811,30.971320625,2,3,snapshot_20150919T025947Z
1296018,136.27057895833335,1,1,snapshot_20150919T025947Z
1296257,94.95424679398148,1,1,snapshot_20150919T025947Z
1296388,50.11592931712963,1,1,snapshot_20150919T025947Z
1296486,67.98088770833333,2,2,snapshot_20150919T025947Z
1296635,23.457496030092592,4,7,snapshot_20150919T025947Z
1296680,82.04939076388888,1,1,snapshot_20150919T025947Z
1296732,24.311183587962965,1,1,snapshot_20150919T025947Z
1296733,65.3089200925926,1,1,snapshot_20150919T025947Z
1296786,101.07324121527778,1,1,snapshot_20150919T025947Z
1297062,46.14721792824074,111,136,snapshot_20150919T025947Z
1297168,48.65473907407408,1,1,snapshot_20150919T025947Z
1297334,47.12836105324074,1,1,snapshot_20150919T025947Z
1297469,88.13139230324074,1,1,snapshot_20150919T025947Z
1297538,122.20063747685185,1,1,snapshot_20150919T025947Z
1297821,107.86417643518519,1,1,snapshot_20150919T025947Z
1297940,113.18275869212962,1,1,snapshot_20150919T025947Z
1297960,31.275793622685185,1,1,snapshot_20150919T025947Z
1298137,35.289462337962966,1,1,snapshot_20150919T025947Z
1298376,124.94828171296295,1,1,snapshot_20150919T025947Z
1298462,1.0788152083333333,1,1,snapshot_20150919T025947Z
1298514,129.29557697916667,1,1,snapshot_20150919T025947Z
1298723,53.18550009259259,1,1,snapshot_20150919T025947Z
1298797,134.28164292824073,1,1,snapshot_20150919T025947Z
1298962,24.527824444444445,1,1,snapshot_20150919T025947Z
1299034,9.047907997685186,1,1,snapshot_20150919T025947Z
1299065,125.49859907407408,1,1,snapshot_20150919T025947Z
1299250,108.94664056712962,1,1,snapshot_20150919T025947Z
1299406,16.00107046296296,1,1,snapshot_20150919T025947Z
1299506,126.90362596064814,2,6,snapshot_20150919T025947Z
1299749,56.37630467592593,1,1,snapshot_20150919T025947Z
1299951,102.02099013888889,1,1,snapshot_20150919T025947Z
1300098,126.69105930555556,1,2,snapshot_20150919T025947Z
1300254,35.15146553240741,1,1,snapshot_20150919T025947Z
1300280,63.89084853009259,1,1,snapshot_20150919T025947Z
1300297,76.38520466435186,1,2,snapshot_20150919T025947Z
1300499,52.02151923611111,1,1,snapshot_20150919T025947Z
1300763,92.4444606712963,1,1,snapshot_20150919T025947Z
1300863,80.13910425925926,1,1,snapshot_20150919T025947Z
1300964,119.3688203587963,1,1,snapshot_20150919T025947Z
1301173,67.10994494212963,1,3,snapshot_20150919T025947Z
1301225,87.14800456018519,1,1,snapshot_20150919T025947Z
1301279,39.43801138888889,1,2,snapshot_20150919T025947Z
1301468,15.842418009259259,1,3,snapshot_20150919T025947Z
1301479,66.23891562499999,1,1,snapshot_20150919T025947Z
1301567,113.31603458333333,1,2,snapshot_20150919T025947Z
1301585,32.48323174768519,1,1,snapshot_20150919T025947Z
1301975,135.8412395486111,1,1,snapshot_20150919T025947Z
1302059,126.0950675,1,1,snapshot_20150919T025947Z
1302271,53.30530890046297,1,3,snapshot_20150919T025947Z
1302281,66.91832542824073,2,2,snapshot_20150919T025947Z
1302340,46.31540165509259,1,1,snapshot_20150919T025947Z
1302398,126.1005969675926,1,1,snapshot_20150919T025947Z
1302590,83.97126403935185,1,1,snapshot_20150919T025947Z
1302613,131.22451399305555,1,2,snapshot_20150919T025947Z
1302668,79.48150851851852,1,1,snapshot_20150919T025947Z
1303183,6.535660671296297,1,1,snapshot_20150919T025947Z
1303260,135.37494260416665,1,1,snapshot_20150919T025947Z
1303368,72.96513181712963,1,1,snapshot_20150919T025947Z
1303541,11.166811284722222,1,1,snapshot_20150919T025947Z
1303691,21.004443333333334,1,1,snapshot_20150919T025947Z
1303858,100.1453227199074,1,2,snapshot_20150919T025947Z
1303988,119.09721998842592,1,1,snapshot_20150919T025947Z
1304026,68.06513041666666,1,3,snapshot_20150919T025947Z
1304200,15.020355208333333,1,1,snapshot_20150919T025947Z
1304217,60.241058657407415,1,1,snapshot_20150919T025947Z
1304307,87.06774738425926,1,1,snapshot_20150919T025947Z
1304526,71.51334119212963,1,1,snapshot_20150919T025947Z
1304736,106.33350938657406,1,1,snapshot_20150919T025947Z
1304759,61.48076975694445,1,1,snapshot_20150919T025947Z
1305292,73.04492931712963,1,1,snapshot_20150919T025947Z
1305317,60.42346045138889,1,2,snapshot_20150919T025947Z
1305593,90.95206609953703,1,1,snapshot_20150919T025947Z
1305792,80.49998520833333,1,1,snapshot_20150919T025947Z
1305818,12.049399641203703,1,1,snapshot_20150919T025947Z
1305841,136.07529921296296,1,1,snapshot_20150919T025947Z
1305875,46.39918614583333,1,1,snapshot_20150919T025947Z
1305891,52.885964826388886,2,2,snapshot_20150919T025947Z
1305909,96.90379152777778,1,1,snapshot_20150919T025947Z
1305946,79.3427297337963,1,1,snapshot_20150919T025947Z
1306125,101.39777946759258,1,1,snapshot_20150919T025947Z
1306236,54.093968796296295,1,1,snapshot_20150919T025947Z
1306335,57.81713804398148,1,1,snapshot_20150919T025947Z
1306369,61.04190689814815,1,1,snapshot_20150919T025947Z
1306382,34.32941239583334,2,3,snapshot_20150919T025947Z
1306387,19.380065196759258,1,1,snapshot_20150919T025947Z
1306457,102.19132886574073,1,1,snapshot_20150919T025947Z
1306949,132.93118094907408,1,1,snapshot_20150919T025947Z
1307016,23.91020425925926,1,1,snapshot_20150919T025947Z
1307202,109.17535957175926,1,1,snapshot_20150919T025947Z
1307312,130.97087530092594,1,1,snapshot_20150919T025947Z
1307375,44.224701377314815,2,2,snapshot_20150919T025947Z
1307466,130.19818321759257,1,4,snapshot_20150919T025947Z
1307498,62.79215510416667,2,4,snapshot_20150919T025947Z
1307524,33.264141620370374,1,1,snapshot_20150919T025947Z
1307619,4.928297418981481,1,1,snapshot_20150919T025947Z
1307620,58.359937592592594,1,1,snapshot_20150919T025947Z
1307687,52.48135476851852,1,2,snapshot_20150919T025947Z
1307741,121.3726711689815,1,1,snapshot_20150919T025947Z
1307815,5.312172349537037,1,1,snapshot_20150919T025947Z
1307820,36.02942244212963,1,1,snapshot_20150919T025947Z
1307990,72.25610313657407,1,1,snapshot_20150919T025947Z
1308171,73.29182773148149,2,2,snapshot_20150919T025947Z
1308333,51.94146453703704,1,2,snapshot_20150919T025947Z
1308455,107.8684125,1,1,snapshot_20150919T025947Z
1308517,11.207993217592591,1,1,snapshot_20150919T025947Z
1308653,58.48373510416667,1,1,snapshot_20150919T025947Z
1308708,95.39066371527777,1,1,snapshot_20150919T025947Z
1308709,32.186159699074075,1,1,snapshot_20150919T025947Z
1308761,99.90876643518519,1,1,snapshot_20150919T025947Z
1308763,45.62857888888889,1,2,snapshot_20150919T025947Z
1308813,78.95228642361111,1,2,snapshot_20150919T025947Z
1308898,38.920012962962964,1,1,snapshot_20150919T025947Z
1309268,84.14324858796297,1,1,snapshot_20150919T025947Z
1309276,56.139069606481485,1,1,snapshot_20150919T025947Z
1309591,73.4194978125,2,10,snapshot_20150919T025947Z
1309705,93.31716989583333,1,1,snapshot_20150919T025947Z
1310033,47.66482349537037,1,5,snapshot_20150919T025947Z
1310105,9.297264444444444,1,1,snapshot_20150919T025947Z
1310119,21.26683321759259,1,1,snapshot_20150919T025947Z
1310463,8.894916238425926,1,1,snapshot_20150919T025947Z
1310502,135.09614253472222,1,2,snapshot_20150919T025947Z
1310560,129.0408960185185,1,1,snapshot_20150919T025947Z
1310978,126.33474194444445,1,1,snapshot_20150919T025947Z
1311022,135.65252359953703,1,1,snapshot_20150919T025947Z
1311118,96.87482833333333,1,1,snapshot_20150919T025947Z
1311266,135.0378524537037,1,1,snapshot_20150919T025947Z
1311579,94.4492034375,1,4,snapshot_20150919T025947Z
1311615,124.95038109953703,2,2,snapshot_20150919T025947Z
1311623,7.010234155092593,1,1,snapshot_20150919T025947Z
1311647,31.253356215277776,1,1,snapshot_20150919T025947Z
1311725,30.33496210648148,1,1,snapshot_20150919T025947Z
1311727,77.86811466435185,1,2,snapshot_20150919T025947Z
1311741,103.13235806712963,1,1,snapshot_20150919T025947Z
1311802,90.05085277777778,1,1,snapshot_20150919T025947Z
1311900,52.43610684027778,2,2,snapshot_20150919T025947Z
1311937,11.429923622685184,1,1,snapshot_20150919T025947Z
1312018,91.19879015046295,1,1,snapshot_20150919T025947Z
1312247,22.95086302083333,1,1,snapshot_20150919T025947Z
1312434,112.27871731481483,1,1,snapshot_20150919T025947Z
1312527,4.0314796875,1,1,snapshot_20150919T025947Z
1312556,52.2700800462963,1,1,snapshot_20150919T025947Z
1312927,20.904742627314814,1,1,snapshot_20150919T025947Z
1312942,9.272260543981481,1,1,snapshot_20150919T025947Z
1313071,26.058762523148147,1,1,snapshot_20150919T025947Z
1313304,94.92042592592593,2,2,snapshot_20150919T025947Z
1313330,84.25437813657408,1,2,snapshot_20150919T025947Z
1313374,71.33568037037037,1,1,snapshot_20150919T025947Z
1313381,17.1918253125,6,6,snapshot_20150919T025947Z
1313473,33.023692106481484,1,3,snapshot_20150919T025947Z
1313638,42.500226006944445,1,1,snapshot_20150919T025947Z
1313950,105.98170798611112,1,1,snapshot_20150919T025947Z
1313980,69.2044402662037,2,4,snapshot_20150919T025947Z
1314032,108.44348577546296,1,1,snapshot_20150919T025947Z
1314233,137.06193226851852,1,1,snapshot_20150919T025947Z
1314472,113.96073284722222,1,1,snapshot_20150919T025947Z
1314820,81.06202569444444,2,2,snapshot_20150919T025947Z
1314856,103.1271558564815,1,1,snapshot_20150919T025947Z
1314950,60.66240105324074,1,1,snapshot_20150919T025947Z
1314979,96.25848876157407,1,1,snapshot_20150919T025947Z
1315056,43.25212710648148,1,1,snapshot_20150919T025947Z
1315100,2.3580014120370367,1,1,snapshot_20150919T025947Z
1315102,129.30368487268518,1,1,snapshot_20150919T025947Z
1315273,11.181593078703704,1,1,snapshot_20150919T025947Z
1315376,11.219424432870369,1,1,snapshot_20150919T025947Z
1315473,53.126519710648154,1,1,snapshot_20150919T025947Z
1315702,8.455282604166667,1,1,snapshot_20150919T025947Z
1316038,125.43702328703705,1,1,snapshot_20150919T025947Z
1316061,78.92828791666668,1,3,snapshot_20150919T025947Z
1316130,87.18758778935185,1,1,snapshot_20150919T025947Z
1316174,68.04538005787037,1,1,snapshot_20150919T025947Z
1316274,105.29879232638889,1,1,snapshot_20150919T025947Z
1316368,126.3297922685185,2,3,snapshot_20150919T025947Z
1316429,49.462836412037035,1,1,snapshot_20150919T025947Z
1316484,50.406764189814815,1,1,snapshot_20150919T025947Z
1316555,90.17310752314815,1,1,snapshot_20150919T025947Z
1316765,21.210642372685186,1,1,snapshot_20150919T025947Z
1317003,135.44128862268516,1,1,snapshot_20150919T025947Z
1317031,88.37243957175926,1,1,snapshot_20150919T025947Z
1317048,98.35414451388888,2,2,snapshot_20150919T025947Z
1317103,106.28723055555557,1,2,snapshot_20150919T025947Z
1317180,58.26772313657408,1,1,snapshot_20150919T025947Z
1317218,68.10859511574074,1,1,snapshot_20150919T025947Z
1317254,22.354891828703703,1,1,snapshot_20150919T025947Z
1317418,79.8841708449074,1,1,snapshot_20150919T025947Z
1317721,106.42695393518518,1,4,snapshot_20150919T025947Z
1317771,85.15426942129629,1,1,snapshot_20150919T025947Z
1317826,102.05596039351852,1,1,snapshot_20150919T025947Z
1318049,44.62861743055556,1,1,snapshot_20150919T025947Z
1318053,33.216123217592596,1,1,snapshot_20150919T025947Z
1318154,129.32119861111113,1,1,snapshot_20150919T025947Z
1318167,18.139868541666665,1,3,snapshot_20150919T025947Z
1318195,125.30642224537036,1,1,snapshot_20150919T025947Z
1318304,47.891705358796294,1,1,snapshot_20150919T025947Z
1318306,76.20651449074074,1,1,snapshot_20150919T025947Z
1318309,64.01147554398148,1,1,snapshot_20150919T025947Z
1318394,108.33441395833334,2,2,snapshot_20150919T025947Z
1318401,8.902531701388888,1,1,snapshot_20150919T025947Z
1318447,59.36753593750001,1,2,snapshot_20150919T025947Z
1318649,68.1695388425926,1,1,snapshot_20150919T025947Z
1319044,53.288848530092594,1,1,snapshot_20150919T025947Z
1319233,12.042879201388889,1,1,snapshot_20150919T025947Z
1319444,14.409277523148148,1,1,snapshot_20150919T025947Z
1319584,51.28612127314814,3,3,snapshot_20150919T025947Z
1319777,58.431024756944446,1,1,snapshot_20150919T025947Z
1319843,121.42528181712963,1,1,snapshot_20150919T025947Z
1319884,21.220459733796297,1,1,snapshot_20150919T025947Z
1320211,90.24089856481481,1,4,snapshot_20150919T025947Z
1320216,123.12689891203703,1,1,snapshot_20150919T025947Z
1320249,88.42525614583333,1,1,snapshot_20150919T025947Z
1320394,37.9474297800926,1,1,snapshot_20150919T025947Z
1320417,45.241299652777776,1,1,snapshot_20150919T025947Z
1320501,134.2741575347222,1,1,snapshot_20150919T025947Z
1320564,102.4446731712963,1,1,snapshot_20150919T025947Z
1320646,11.225091574074074,1,1,snapshot_20150919T025947Z
1320689,51.18224961805555,2,2,snapshot_20150919T025947Z
1320730,99.89735856481481,1,1,snapshot_20150919T025947Z
1320960,126.30388652777778,1,4,snapshot_20150919T025947Z
1320985,66.91821430555555,1,1,snapshot_20150919T025947Z
1321212,77.72449065972222,1,1,snapshot_20150919T025947Z
1321718,128.52097604166667,1,1,snapshot_20150919T025947Z
1321824,92.59757596064814,1,1,snapshot_20150919T025947Z
1321887,3.2438912847222223,1,1,snapshot_20150919T025947Z
1322042,66.80070270833333,1,1,snapshot_20150919T025947Z
1322168,105.0103358912037,1,1,snapshot_20150919T025947Z
1322322,90.94310436342593,1,1,snapshot_20150919T025947Z
1322398,124.29113532407408,1,1,snapshot_20150919T025947Z
1322470,130.24590708333332,1,1,snapshot_20150919T025947Z
1322520,75.1379126273148,1,2,snapshot_20150919T025947Z
1322599,94.18913814814815,2,2,snapshot_20150919T025947Z
1322637,48.121549907407406,1,1,snapshot_20150919T025947Z
1322674,21.971929444444445,1,1,snapshot_20150919T025947Z
1322770,133.3796976388889,1,1,snapshot_20150919T025947Z
1322788,88.33731721064815,1,1,snapshot_20150919T025947Z
1322865,107.3001391550926,1,1,snapshot_20150919T025947Z
1322909,27.120451458333335,1,2,snapshot_20150919T025947Z
1323099,32.13656423611111,1,1,snapshot_20150919T025947Z
1323154,31.29541158564815,1,3,snapshot_20150919T025947Z
1323187,39.12105155092593,1,1,snapshot_20150919T025947Z
1323354,81.26925236111111,1,1,snapshot_20150919T025947Z
1323498,40.819162094907405,1,1,snapshot_20150919T025947Z
1323594,117.01603489583333,1,1,snapshot_20150919T025947Z
1323783,130.32119603009258,1,1,snapshot_20150919T025947Z
1323794,65.46613887731482,1,1,snapshot_20150919T025947Z
1323880,20.285132407407406,1,2,snapshot_20150919T025947Z
1323890,119.29163619212963,1,1,snapshot_20150919T025947Z
1324121,48.28294653935185,1,1,snapshot_20150919T025947Z
1324157,4.130499930555556,1,1,snapshot_20150919T025947Z
1324500,65.85734491898148,1,1,snapshot_20150919T025947Z
1324552,122.36063569444445,1,1,snapshot_20150919T025947Z
1324606,129.25234475694444,1,1,snapshot_20150919T025947Z
1324670,68.49006565972223,1,2,snapshot_20150919T025947Z
1324707,54.25629819444444,1,1,snapshot_20150919T025947Z
1324810,71.46463642361111,1,1,snapshot_20150919T025947Z
1324948,38.239839733796295,1,1,snapshot_20150919T025947Z
1325114,101.91488289351851,1,1,snapshot_20150919T025947Z
1325162,19.286100358796297,1,1,snapshot_20150919T025947Z
1325176,84.10603513888888,1,1,snapshot_20150919T025947Z
1325281,119.40465790509259,1,1,snapshot_20150919T025947Z
1325283,132.13005613425926,1,1,snapshot_20150919T025947Z
1325569,137.25459342592592,1,1,snapshot_20150919T025947Z
1326010,14.848905243055555,1,1,snapshot_20150919T025947Z
1326042,52.059698240740744,2,2,snapshot_20150919T025947Z
1326080,115.97097086805555,1,1,snapshot_20150919T025947Z
1326089,67.13446459490741,1,1,snapshot_20150919T025947Z
1326335,17.885588796296297,1,1,snapshot_20150919T025947Z
1326554,20.962853715277777,1,1,snapshot_20150919T025947Z
1326781,122.2628790625,1,1,snapshot_20150919T025947Z
1326801,114.01084962962963,1,1,snapshot_20150919T025947Z
1326870,76.27663695601852,1,1,snapshot_20150919T025947Z
1326956,95.32349203703704,1,1,snapshot_20150919T025947Z
1326987,136.14666668981482,1,1,snapshot_20150919T025947Z
1327003,35.42561028935185,1,1,snapshot_20150919T025947Z
1327109,3.4698264236111114,2,3,snapshot_20150919T025947Z
1327215,121.26150368055555,1,2,snapshot_20150919T025947Z
1327477,26.84959951388889,2,2,snapshot_20150919T025947Z
1327559,9.95407269675926,1,1,snapshot_20150919T025947Z
1327578,53.169595162037034,1,1,snapshot_20150919T025947Z
1327760,126.23470502314815,1,1,snapshot_20150919T025947Z
1327826,3.3374431828703703,1,1,snapshot_20150919T025947Z
1327842,123.2446990162037,1,1,snapshot_20150919T025947Z
1327847,60.93240362268519,1,1,snapshot_20150919T025947Z
1327853,59.705073090277786,1,1,snapshot_20150919T025947Z
1328192,83.20183670138888,1,1,snapshot_20150919T025947Z
1328266,122.27076804398148,1,1,snapshot_20150919T025947Z
1328532,50.38680880787037,1,1,snapshot_20150919T025947Z
1328538,60.44405045138889,1,1,snapshot_20150919T025947Z
1328780,84.38901976851852,1,1,snapshot_20150919T025947Z
1328944,127.49074009259259,1,1,snapshot_20150919T025947Z
1328985,67.10688106481481,1,3,snapshot_20150919T025947Z
1329074,115.81418047453704,1,1,snapshot_20150919T025947Z
1329108,32.14187520833333,1,1,snapshot_20150919T025947Z
1329147,85.41033783564815,1,1,snapshot_20150919T025947Z
1329289,1.351272013888889,1,1,snapshot_20150919T025947Z
1329376,118.27519763888888,1,2,snapshot_20150919T025947Z
1329391,15.967486840277777,2,6,snapshot_20150919T025947Z
1329523,35.445215821759255,2,2,snapshot_20150919T025947Z
1329553,57.919824004629625,1,1,snapshot_20150919T025947Z
1329573,112.09534738425927,1,1,snapshot_20150919T025947Z
1329673,91.07967289351852,1,1,snapshot_20150919T025947Z
1329712,36.99183063657407,2,2,snapshot_20150919T025947Z
1329874,47.17525392361111,1,1,snapshot_20150919T025947Z
1330096,74.45275267361112,1,1,snapshot_20150919T025947Z
1330284,9.202352673611111,1,1,snapshot_20150919T025947Z
1330305,86.44129493055556,1,1,snapshot_20150919T025947Z
1330518,126.18263340277778,1,1,snapshot_20150919T025947Z
1330668,134.22603800925927,1,1,snapshot_20150919T025947Z
1330682,66.72653650462962,1,1,snapshot_20150919T025947Z
1330764,82.1791766087963,1,1,snapshot_20150919T025947Z
1330816,60.19237869212964,1,1,snapshot_20150919T025947Z
1330823,81.24803130787038,1,1,snapshot_20150919T025947Z
1330835,127.49926800925925,1,1,snapshot_20150919T025947Z
1330932,30.433281435185183,1,1,snapshot_20150919T025947Z
1330952,98.51776787037036,1,1,snapshot_20150919T025947Z
1330964,70.97201589120371,1,1,snapshot_20150919T025947Z
1331125,109.05346583333335,1,1,snapshot_20150919T025947Z
1331232,19.445324849537037,1,1,snapshot_20150919T025947Z
1331553,128.31117587962964,1,1,snapshot_20150919T025947Z
1331585,111.5366008912037,1,5,snapshot_20150919T025947Z
1331661,19.25633789351852,1,1,snapshot_20150919T025947Z
1331678,78.3773058449074,2,2,snapshot_20150919T025947Z
1331702,42.39656019675926,1,1,snapshot_20150919T025947Z
1331777,65.88062795138889,1,1,snapshot_20150919T025947Z
1331780,22.408345069444444,2,3,snapshot_20150919T025947Z
1331824,94.16117572916666,1,1,snapshot_20150919T025947Z
1331859,128.12772231481483,1,1,snapshot_20150919T025947Z
1331885,93.09700611111111,1,1,snapshot_20150919T025947Z
1331889,68.33239576388888,1,1,snapshot_20150919T025947Z
1331964,50.276561909722226,1,1,snapshot_20150919T025947Z
1332318,116.417734375,1,1,snapshot_20150919T025947Z
1332357,74.87603590277779,1,1,snapshot_20150919T025947Z
1332508,100.15262924768518,1,1,snapshot_20150919T025947Z
1332700,74.18399612268519,1,1,snapshot_20150919T025947Z
1332844,41.17369642361111,1,1,snapshot_20150919T025947Z
1333167,81.12983965277778,1,1,snapshot_20150919T025947Z
1333273,50.10919952546296,1,3,snapshot_20150919T025947Z
1333311,61.367909097222224,2,2,snapshot_20150919T025947Z
1333481,80.03589983796297,1,1,snapshot_20150919T025947Z
1333540,68.06041087962963,1,1,snapshot_20150919T025947Z
1333733,79.13480673611112,2,2,snapshot_20150919T025947Z
1333820,72.44701696759259,1,1,snapshot_20150919T025947Z
1333907,67.20730605324074,2,2,snapshot_20150919T025947Z
1334441,71.18230321759259,1,1,snapshot_20150919T025947Z
1334545,137.174135,1,1,snapshot_20150919T025947Z
1334582,79.93888532407408,1,1,snapshot_20150919T025947Z
1334913,68.31081079861112,1,1,snapshot_20150919T025947Z
1335026,108.06459745370371,1,1,snapshot_20150919T025947Z
1335080,31.10088357638889,1,1,snapshot_20150919T025947Z
1335082,8.441646469907408,1,1,snapshot_20150919T025947Z
1335349,114.94588410879629,1,1,snapshot_20150919T025947Z
1335459,6.384782442129629,1,1,snapshot_20150919T025947Z
1335601,37.48275908564815,1,1,snapshot_20150919T025947Z
1335604,112.00146157407407,1,1,snapshot_20150919T025947Z
1335661,126.01709640046298,1,2,snapshot_20150919T025947Z
1335805,100.24438083333334,1,1,snapshot_20150919T025947Z
1335889,117.49741408564815,1,1,snapshot_20150919T025947Z
1336061,65.8489173263889,1,1,snapshot_20150919T025947Z
1336074,94.0446148148148,1,1,snapshot_20150919T025947Z
1336078,42.891863125,1,1,snapshot_20150919T025947Z
1336094,112.33382439814814,1,1,snapshot_20150919T025947Z
1336124,130.3518325925926,1,1,snapshot_20150919T025947Z
1336181,7.901752071759259,1,4,snapshot_20150919T025947Z
1336367,73.45737136574074,1,1,snapshot_20150919T025947Z
1336393,53.37128684027778,1,1,snapshot_20150919T025947Z
1336520,88.36594822916666,8,9,snapshot_20150919T025947Z
1336562,71.24359829861112,1,1,snapshot_20150919T025947Z
1336602,120.88209450231481,1,1,snapshot_20150919T025947Z
1336714,57.322903368055556,1,1,snapshot_20150919T025947Z
1336737,5.417105532407407,1,1,snapshot_20150919T025947Z
1336747,45.989891550925925,1,2,snapshot_20150919T025947Z
1336835,3.3856994791666666,5,9,snapshot_20150919T025947Z
1336983,81.28341957175927,1,1,snapshot_20150919T025947Z
1337038,44.038386527777774,1,1,snapshot_20150919T025947Z
1337048,93.97699695601851,2,2,snapshot_20150919T025947Z
1337142,106.1889689236111,1,1,snapshot_20150919T025947Z
1337382,3.264946828703704,1,1,snapshot_20150919T025947Z
1337408,102.20842746527777,1,1,snapshot_20150919T025947Z
1337665,84.36557909722222,1,2,snapshot_20150919T025947Z
1337710,90.35475174768519,1,1,snapshot_20150919T025947Z
1337842,4.302974016203704,1,1,snapshot_20150919T025947Z
1337853,111.46642322916667,1,1,snapshot_20150919T025947Z
1337898,119.31313284722222,1,1,snapshot_20150919T025947Z
1338125,87.8573832175926,1,1,snapshot_20150919T025947Z
1338149,122.95539783564814,1,1,snapshot_20150919T025947Z
1338232,49.01403251157407,1,1,snapshot_20150919T025947Z
1338521,116.15361618055555,1,1,snapshot_20150919T025947Z
1338587,9.256999826388888,1,2,snapshot_20150919T025947Z
1338668,60.29225148148148,1,1,snapshot_20150919T025947Z
1338780,136.30936175925928,1,1,snapshot_20150919T025947Z
1338885,137.19327835648147,1,1,snapshot_20150919T025947Z
1338933,88.11270758101851,1,1,snapshot_20150919T025947Z
1339057,132.38003028935185,1,2,snapshot_20150919T025947Z
1339096,60.27795491898148,1,1,snapshot_20150919T025947Z
1339274,102.90464813657407,1,1,snapshot_20150919T025947Z
1339801,107.42138648148148,1,1,snapshot_20150919T025947Z
1340078,19.59463650462963,1,1,snapshot_20150919T025947Z
1340083,7.423727442129629,1,2,snapshot_20150919T025947Z
1340188,131.25238465277778,1,2,snapshot_20150919T025947Z
1340231,42.29110282407407,1,1,snapshot_20150919T025947Z
1340286,50.372351817129626,1,1,snapshot_20150919T025947Z
1340323,103.21920327546297,1,1,snapshot_20150919T025947Z
1340407,2.139651539351852,1,3,snapshot_20150919T025947Z
1340493,129.50024320601852,1,1,snapshot_20150919T025947Z
1340641,119.32274496527776,1,1,snapshot_20150919T025947Z
1340695,70.23191414351852,1,1,snapshot_20150919T025947Z
1340866,42.880093206018515,2,2,snapshot_20150919T025947Z
1341153,129.11123577546297,1,1,snapshot_20150919T025947Z
1341202,105.14479,13,17,snapshot_20150919T025947Z
1341603,81.14198939814814,1,1,snapshot_20150919T025947Z
1341635,113.32552008101852,2,2,snapshot_20150919T025947Z
1341642,19.54020277777778,1,1,snapshot_20150919T025947Z
1341789,57.49177600694444,1,1,snapshot_20150919T025947Z
1341795,87.44329781249999,1,1,snapshot_20150919T025947Z
1341849,63.08717819444445,1,1,snapshot_20150919T025947Z
1341879,133.06370961805555,1,1,snapshot_20150919T025947Z
1342222,81.2038347337963,1,1,snapshot_20150919T025947Z
1342293,114.89733502314814,1,1,snapshot_20150919T025947Z
1342297,60.31285943287037,1,1,snapshot_20150919T025947Z
1342394,78.03130829861111,1,1,snapshot_20150919T025947Z
1342432,115.93253915509258,1,1,snapshot_20150919T025947Z
1342601,33.553802893518515,1,1,snapshot_20150919T025947Z
1342608,87.00496893518518,1,1,snapshot_20150919T025947Z
1342737,107.1199165625,1,1,snapshot_20150919T025947Z
1342839,73.35578292824074,1,1,snapshot_20150919T025947Z
1342961,96.90929891203703,1,1,snapshot_20150919T025947Z
1342999,52.021329004629635,1,1,snapshot_20150919T025947Z
1343401,9.40605494212963,1,1,snapshot_20150919T025947Z
1343588,5.232088958333333,1,1,snapshot_20150919T025947Z
1343868,79.24199280092593,1,1,snapshot_20150919T025947Z
1343903,45.29699451388889,1,1,snapshot_20150919T025947Z
1344040,33.27581321759259,1,1,snapshot_20150919T025947Z
1344286,104.99039971064815,1,1,snapshot_20150919T025947Z
1344445,96.12289717592593,1,1,snapshot_20150919T025947Z
1344553,118.81652270833334,1,2,snapshot_20150919T025947Z
1344604,4.967099733796297,3,3,snapshot_20150919T025947Z
1344782,14.376796805555555,1,1,snapshot_20150919T025947Z
1344801,65.33860431712962,1,1,snapshot_20150919T025947Z
1344887,109.29376579861112,1,1,snapshot_20150919T025947Z
1344912,7.30217724537037,1,1,snapshot_20150919T025947Z
1344941,21.35792994212963,1,2,snapshot_20150919T025947Z
1345109,86.3382145486111,1,1,snapshot_20150919T025947Z
1345124,112.05172578703703,1,1,snapshot_20150919T025947Z
1345272,46.33612927083333,1,3,snapshot_20150919T025947Z
1345275,83.17451721064815,1,1,snapshot_20150919T025947Z
1345403,51.23646222222222,1,1,snapshot_20150919T025947Z
1345741,15.217437291666666,1,1,snapshot_20150919T025947Z
1346024,32.885762847222225,1,1,snapshot_20150919T025947Z
1346082,116.21796751157406,3,3,snapshot_20150919T025947Z
1346296,117.96973416666667,1,3,snapshot_20150919T025947Z
1346314,92.39554780092593,1,1,snapshot_20150919T025947Z
1346334,11.944285358796296,1,1,snapshot_20150919T025947Z
1346478,109.33601564814815,1,1,snapshot_20150919T025947Z
1346514,4.34006417824074,1,1,snapshot_20150919T025947Z
1346665,75.22970824074075,1,1,snapshot_20150919T025947Z
1346711,94.81139832175927,1,1,snapshot_20150919T025947Z
1346842,31.40041112268519,1,1,snapshot_20150919T025947Z
1346891,89.2376359375,1,1,snapshot_20150919T025947Z
1347094,113.2871783912037,1,1,snapshot_20150919T025947Z
1347290,122.4555993287037,1,1,snapshot_20150919T025947Z
1347509,65.3658379513889,1,1,snapshot_20150919T025947Z
1347736,51.35962166666667,1,2,snapshot_20150919T025947Z
1347797,12.985111597222222,1,1,snapshot_20150919T025947Z
1347891,76.44820517361111,1,1,snapshot_20150919T025947Z
1348073,125.34268712962962,1,1,snapshot_20150919T025947Z
1348862,29.88556630787037,1,1,snapshot_20150919T025947Z
1348865,76.33819262731483,1,1,snapshot_20150919T025947Z
1348883,126.3047433449074,1,1,snapshot_20150919T025947Z
1349049,32.24132513888889,1,1,snapshot_20150919T025947Z
1349061,135.2064252199074,1,1,snapshot_20150919T025947Z
1349106,18.436650069444447,1,1,snapshot_20150919T025947Z
1349155,8.808133541666667,2,5,snapshot_20150919T025947Z
1349317,49.91538900462963,2,2,snapshot_20150919T025947Z
1349325,15.895399189814814,1,1,snapshot_20150919T025947Z
1349607,137.20876480324074,1,1,snapshot_20150919T025947Z
1349681,51.29307143518519,2,2,snapshot_20150919T025947Z
1349713,110.11943771990741,1,1,snapshot_20150919T025947Z
1349720,59.18161017361111,1,1,snapshot_20150919T025947Z
1349746,18.427528449074075,1,1,snapshot_20150919T025947Z
1349942,123.26816225694445,1,1,snapshot_20150919T025947Z
1350023,65.02219621527777,1,1,snapshot_20150919T025947Z
1350073,59.45153818287037,1,1,snapshot_20150919T025947Z
1350128,21.432494594907407,1,2,snapshot_20150919T025947Z
1350190,61.28310859953703,2,4,snapshot_20150919T025947Z
1350315,81.89569324074074,1,1,snapshot_20150919T025947Z
1350547,39.144695625,2,2,snapshot_20150919T025947Z
1350799,56.092390277777774,1,1,snapshot_20150919T025947Z
1350828,59.25140436342593,1,1,snapshot_20150919T025947Z
1351148,117.29324564814816,1,1,snapshot_20150919T025947Z
1351230,85.47579276620371,1,2,snapshot_20150919T025947Z
1351265,58.10769056712963,1,1,snapshot_20150919T025947Z
1351655,123.10354043981481,1,1,snapshot_20150919T025947Z
1351788,94.12760807870372,2,4,snapshot_20150919T025947Z
1351796,3.3862704513888886,2,9,snapshot_20150919T025947Z
1351812,50.92036074074073,1,4,snapshot_20150919T025947Z
1351930,5.13227662037037,1,1,snapshot_20150919T025947Z
1352025,7.960298831018519,1,1,snapshot_20150919T025947Z
1352044,21.1556525,8,14,snapshot_20150919T025947Z
1352090,7.427635844907407,1,1,snapshot_20150919T025947Z
1352320,6.045732395833333,1,1,snapshot_20150919T025947Z
1352334,124.23655415509258,4,12,snapshot_20150919T025947Z
1352445,32.21703771990741,1,1,snapshot_20150919T025947Z
1352494,123.32723278935185,1,1,snapshot_20150919T025947Z
1352661,121.89139167824075,1,1,snapshot_20150919T025947Z
1352723,45.37028614583333,1,1,snapshot_20150919T025947Z
1352763,46.26378453703704,1,1,snapshot_20150919T025947Z
1352958,4.072191377314815,1,1,snapshot_20150919T025947Z
1353280,17.445846157407406,3,3,snapshot_20150919T025947Z
1353381,131.9369067824074,1,1,snapshot_20150919T025947Z
1353452,134.8546335185185,1,1,snapshot_20150919T025947Z
1353976,64.98417206018519,1,3,snapshot_20150919T025947Z
1354560,38.25241972222222,1,1,snapshot_20150919T025947Z
1354658,106.92085074074075,1,1,snapshot_20150919T025947Z
1354703,17.240256493055558,1,1,snapshot_20150919T025947Z
1354710,134.5440425462963,2,3,snapshot_20150919T025947Z
1355063,116.97582996527778,1,1,snapshot_20150919T025947Z
1355275,38.48217587962963,1,1,snapshot_20150919T025947Z
1355454,81.18906796296297,1,1,snapshot_20150919T025947Z
1355680,20.505400416666667,1,1,snapshot_20150919T025947Z
1355819,57.03739921296297,1,1,snapshot_20150919T025947Z
1355914,108.21574612268519,1,1,snapshot_20150919T025947Z
1355935,82.90312187500001,1,1,snapshot_20150919T025947Z
1355960,70.28795427083332,1,1,snapshot_20150919T025947Z
1356035,90.93858364583333,1,1,snapshot_20150919T025947Z
1356492,54.3959053587963,1,1,snapshot_20150919T025947Z
1356496,87.41500385416666,3,7,snapshot_20150919T025947Z
1356584,121.24408348379629,1,1,snapshot_20150919T025947Z
1356614,84.39321407407408,1,1,snapshot_20150919T025947Z
1357083,84.36110738425926,2,2,snapshot_20150919T025947Z
1357134,52.15386577546296,1,1,snapshot_20150919T025947Z
1357344,82.9099089699074,1,1,snapshot_20150919T025947Z
1357391,94.63267802083334,1,1,snapshot_20150919T025947Z
1357459,114.0148635648148,1,1,snapshot_20150919T025947Z
1357597,63.553184791666666,1,1,snapshot_20150919T025947Z
1357641,10.330422199074073,1,1,snapshot_20150919T025947Z
1357744,29.20552959490741,1,1,snapshot_20150919T025947Z
1358038,53.207159421296296,1,1,snapshot_20150919T025947Z
1358060,116.18674354166667,1,6,snapshot_20150919T025947Z
1358147,118.07507443287037,4,4,snapshot_20150919T025947Z
1358558,2.984196435185185,1,1,snapshot_20150919T025947Z
1358585,22.023479120370368,1,1,snapshot_20150919T025947Z
1358883,23.83153005787037,2,2,snapshot_20150919T025947Z
1358911,122.49149383101852,1,1,snapshot_20150919T025947Z
1359060,112.92504528935186,1,1,snapshot_20150919T025947Z
1359248,77.19991560185184,1,2,snapshot_20150919T025947Z
1359452,120.58976831018519,2,2,snapshot_20150919T025947Z
1359587,101.02751657407407,1,1,snapshot_20150919T025947Z
1359706,103.44899835648148,1,2,snapshot_20150919T025947Z
1360055,37.152976134259255,1,3,snapshot_20150919T025947Z
1360085,109.18097408564815,1,1,snapshot_20150919T025947Z
1360087,32.31751421296296,1,1,snapshot_20150919T025947Z
1360175,26.328867604166664,1,4,snapshot_20150919T025947Z
1360314,41.04610248842592,1,2,snapshot_20150919T025947Z
1360837,45.33519302083334,1,1,snapshot_20150919T025947Z
1360994,25.432698877314817,1,1,snapshot_20150919T025947Z
1361213,74.10218408564815,1,1,snapshot_20150919T025947Z
1361256,60.36676460648148,2,2,snapshot_20150919T025947Z
1361451,7.511979120370371,1,1,snapshot_20150919T025947Z
1361470,79.45475143518519,1,1,snapshot_20150919T025947Z
1361621,31.506424224537035,1,1,snapshot_20150919T025947Z
1361730,130.29414451388888,1,1,snapshot_20150919T025947Z
1361832,128.4111657986111,1,1,snapshot_20150919T025947Z
1361978,83.12484511574074,1,1,snapshot_20150919T025947Z
1362019,24.89200662037037,1,2,snapshot_20150919T025947Z
1362222,96.83240105324074,1,3,snapshot_20150919T025947Z
1362265,126.91051836805556,1,1,snapshot_20150919T025947Z
1362292,58.967889085648146,1,1,snapshot_20150919T025947Z
1362384,94.95311062500001,1,1,snapshot_20150919T025947Z
1362413,107.09521802083333,2,2,snapshot_20150919T025947Z
1362452,67.89414386574074,1,1,snapshot_20150919T025947Z
1362583,79.33744513888888,1,1,snapshot_20150919T025947Z
1362665,105.94698578703705,1,1,snapshot_20150919T025947Z
1362715,93.33178887731482,1,1,snapshot_20150919T025947Z
1362799,81.08694702546296,1,1,snapshot_20150919T025947Z
1362813,94.30982215277777,1,1,snapshot_20150919T025947Z
1363012,29.530520914351854,1,1,snapshot_20150919T025947Z
1363046,124.39436703703704,1,1,snapshot_20150919T025947Z
1363173,60.31448416666667,1,1,snapshot_20150919T025947Z
1363181,107.32417684027779,1,1,snapshot_20150919T025947Z
1363232,77.96815510416667,1,1,snapshot_20150919T025947Z
1363344,97.19946460648148,1,1,snapshot_20150919T025947Z
1363526,17.219500960648148,1,1,snapshot_20150919T025947Z
1363612,8.482121203703704,3,14,snapshot_20150919T025947Z
1363631,46.291536979166665,1,1,snapshot_20150919T025947Z
1363632,114.02228765046297,1,1,snapshot_20150919T025947Z
1363671,110.12711599537037,1,1,snapshot_20150919T025947Z
1363767,10.9891953125,1,1,snapshot_20150919T025947Z
1363788,53.190858495370364,1,1,snapshot_20150919T025947Z
1363955,64.2980414699074,2,2,snapshot_20150919T025947Z
1363994,37.10322289351852,1,1,snapshot_20150919T025947Z
1364037,84.03394981481482,1,2,snapshot_20150919T025947Z
1364057,117.69149461805556,1,1,snapshot_20150919T025947Z
1364130,42.885319062499995,1,1,snapshot_20150919T025947Z
1364157,68.14736064814815,1,2,snapshot_20150919T025947Z
1364162,109.4958893287037,1,1,snapshot_20150919T025947Z
1364329,28.067880266203705,1,1,snapshot_20150919T025947Z
1364407,35.34582423611111,1,1,snapshot_20150919T025947Z
1364594,118.94237877314815,1,1,snapshot_20150919T025947Z
1364595,50.446138275462964,1,1,snapshot_20150919T025947Z
1364680,102.2629250925926,1,1,snapshot_20150919T025947Z
1364781,110.05493157407408,1,1,snapshot_20150919T025947Z
1364905,1.3627673032407408,1,1,snapshot_20150919T025947Z
1365156,37.25757486111111,1,1,snapshot_20150919T025947Z
1365340,66.26824909722222,2,3,snapshot_20150919T025947Z
1365382,19.032012662037037,1,1,snapshot_20150919T025947Z
1365514,72.21872346064815,1,1,snapshot_20150919T025947Z
1365602,83.3215521875,1,1,snapshot_20150919T025947Z
1365610,66.93090951388889,1,1,snapshot_20150919T025947Z
1365673,123.35034770833333,1,1,snapshot_20150919T025947Z
1365706,25.10847679398148,12,14,snapshot_20150919T025947Z
1365841,92.21248675925925,1,1,snapshot_20150919T025947Z
1365849,64.92321645833333,1,1,snapshot_20150919T025947Z
1365892,122.47887658564815,1,1,snapshot_20150919T025947Z
1365958,94.19809576388889,1,1,snapshot_20150919T025947Z
1366154,100.49356575231482,1,1,snapshot_20150919T025947Z
1366259,109.18175741898148,1,1,snapshot_20150919T025947Z
1366329,81.93590799768519,1,1,snapshot_20150919T025947Z
1366465,13.39988949074074,1,1,snapshot_20150919T025947Z
1366613,50.339702314814815,2,2,snapshot_20150919T025947Z
1366764,108.42099319444445,1,1,snapshot_20150919T025947Z
1366782,88.31016775462963,1,1,snapshot_20150919T025947Z
1366787,14.21484636574074,2,2,snapshot_20150919T025947Z
1366797,103.21060916666666,1,1,snapshot_20150919T025947Z
1367059,54.18765837962963,1,2,snapshot_20150919T025947Z
1367269,58.925610729166664,1,1,snapshot_20150919T025947Z
1367308,95.37783226851852,1,1,snapshot_20150919T025947Z
1367426,38.177096504629624,1,4,snapshot_20150919T025947Z
1367544,40.08196901620371,1,1,snapshot_20150919T025947Z
1367560,67.19455533564815,1,2,snapshot_20150919T025947Z
1367601,106.368805625,1,2,snapshot_20150919T025947Z
1367706,44.77762334490741,1,1,snapshot_20150919T025947Z
1368221,100.69639387731482,1,1,snapshot_20150919T025947Z
1368267,95.01941258101853,1,1,snapshot_20150919T025947Z
1368280,5.179031678240741,1,1,snapshot_20150919T025947Z
1368445,67.47753025462963,1,1,snapshot_20150919T025947Z
1368491,129.98630494212964,1,1,snapshot_20150919T025947Z
1368493,76.7617413888889,1,5,snapshot_20150919T025947Z
1368494,134.97811003472222,1,1,snapshot_20150919T025947Z
1368582,80.4784121412037,1,1,snapshot_20150919T025947Z
1368638,82.14873642361111,1,1,snapshot_20150919T025947Z
1368652,77.22319304398148,1,1,snapshot_20150919T025947Z
1368659,74.35388105324074,1,1,snapshot_20150919T025947Z
1368742,50.123690243055556,1,1,snapshot_20150919T025947Z
1368789,53.166742175925926,1,1,snapshot_20150919T025947Z
1368868,65.1557285763889,1,1,snapshot_20150919T025947Z
1368970,44.973884803240736,2,3,snapshot_20150919T025947Z
1369100,106.52561259259258,1,1,snapshot_20150919T025947Z
1369176,74.95575716435185,1,1,snapshot_20150919T025947Z
1369324,66.41959325231481,1,1,snapshot_20150919T025947Z
1369328,40.96865105324074,1,1,snapshot_20150919T025947Z
1369848,126.58524839120369,1,2,snapshot_20150919T025947Z
1369885,78.2947053125,1,1,snapshot_20150919T025947Z
1369915,61.30577902777778,1,2,snapshot_20150919T025947Z
1369956,78.02492454861111,1,1,snapshot_20150919T025947Z
1370030,123.02799284722222,1,1,snapshot_20150919T025947Z
1370101,100.85093052083333,1,1,snapshot_20150919T025947Z
1370116,35.42907378472222,1,1,snapshot_20150919T025947Z
1370124,102.35958979166666,1,1,snapshot_20150919T025947Z
1370169,15.284648032407409,1,1,snapshot_20150919T025947Z
1370617,125.16564243055555,1,3,snapshot_20150919T025947Z
1370651,88.24082549768518,1,1,snapshot_20150919T025947Z
1370695,67.03895502314815,1,1,snapshot_20150919T025947Z
1371288,52.05181319444445,2,3,snapshot_20150919T025947Z
1371376,90.39910962962962,1,1,snapshot_20150919T025947Z
1371456,127.9312591435185,1,1,snapshot_20150919T025947Z
1371510,57.41482866898148,1,1,snapshot_20150919T025947Z
1371620,8.486295995370371,1,1,snapshot_20150919T025947Z
1371767,27.210934282407408,1,1,snapshot_20150919T025947Z
1371841,135.34353059027777,1,1,snapshot_20150919T025947Z
1372125,113.25987508101852,1,1,snapshot_20150919T025947Z
1372317,101.49400921296296,1,3,snapshot_20150919T025947Z
1372364,81.25602599537036,1,2,snapshot_20150919T025947Z
1372585,15.385856990740741,1,1,snapshot_20150919T025947Z
1372660,52.39523528935185,1,1,snapshot_20150919T025947Z
1372681,127.5658546412037,1,1,snapshot_20150919T025947Z
1372912,78.87937834490741,1,1,snapshot_20150919T025947Z
1373034,123.2564217013889,1,1,snapshot_20150919T025947Z
1373037,110.35631351851852,1,2,snapshot_20150919T025947Z
1373123,101.86256791666668,1,1,snapshot_20150919T025947Z
1373164,57.47888216435185,1,1,snapshot_20150919T025947Z
1373207,61.32608170138889,1,1,snapshot_20150919T025947Z
1373373,93.00929234953703,1,1,snapshot_20150919T025947Z
1373543,132.94796451388888,1,1,snapshot_20150919T025947Z
1373738,121.90484638888888,1,1,snapshot_20150919T025947Z
1373942,74.10641758101852,1,1,snapshot_20150919T025947Z
1374146,81.21249064814815,1,1,snapshot_20150919T025947Z
1374215,24.00587028935185,1,1,snapshot_20150919T025947Z
1374225,10.997775717592592,1,1,snapshot_20150919T025947Z
1374423,126.10229908564816,1,1,snapshot_20150919T025947Z
1374501,136.44665578703703,1,1,snapshot_20150919T025947Z
1374597,66.35371087962963,5,7,snapshot_20150919T025947Z
1374616,73.26040699074073,1,1,snapshot_20150919T025947Z
1374631,115.16393223379629,1,1,snapshot_20150919T025947Z
1374804,47.109367418981485,1,1,snapshot_20150919T025947Z
1374839,127.8796137037037,1,1,snapshot_20150919T025947Z
1375060,93.12403895833333,1,1,snapshot_20150919T025947Z
1375137,19.341113148148146,1,1,snapshot_20150919T025947Z
1375192,93.44362585648149,1,1,snapshot_20150919T025947Z
1375328,7.679282361111111,1,1,snapshot_20150919T025947Z
1375515,100.15355164351851,1,4,snapshot_20150919T025947Z
1375602,68.0352983449074,1,4,snapshot_20150919T025947Z
1375611,88.18805809027778,1,1,snapshot_20150919T025947Z
1375685,44.88140886574074,1,6,snapshot_20150919T025947Z
1376241,101.02225431712964,1,1,snapshot_20150919T025947Z
1376254,20.07724392361111,1,1,snapshot_20150919T025947Z
1376500,56.3463300462963,2,2,snapshot_20150919T025947Z
1376605,57.85232222222222,1,1,snapshot_20150919T025947Z
1376659,125.32761686342592,2,4,snapshot_20150919T025947Z
1376736,71.86340530092593,1,1,snapshot_20150919T025947Z
1376763,58.04362533564815,6,8,snapshot_20150919T025947Z
1376817,71.97022278935185,1,1,snapshot_20150919T025947Z
1376921,57.114998657407405,1,1,snapshot_20150919T025947Z
1377052,110.96638744212963,1,1,snapshot_20150919T025947Z
1377165,60.09775084490741,1,1,snapshot_20150919T025947Z
1377259,26.541783807870367,1,1,snapshot_20150919T025947Z
1377272,133.91209006944445,1,1,snapshot_20150919T025947Z
1377311,51.43759677083333,1,1,snapshot_20150919T025947Z
1377363,22.12572991898148,1,1,snapshot_20150919T025947Z
1377460,94.9285431712963,1,2,snapshot_20150919T025947Z
1377562,53.157082349537035,1,1,snapshot_20150919T025947Z
1377712,81.41350643518518,1,1,snapshot_20150919T025947Z
1377734,88.79730915509259,1,1,snapshot_20150919T025947Z
1378003,93.96150387731481,1,1,snapshot_20150919T025947Z
1378019,129.29484354166667,1,1,snapshot_20150919T025947Z
1378125,99.4708548263889,1,1,snapshot_20150919T025947Z
1378271,130.52207202546296,1,1,snapshot_20150919T025947Z
1378332,18.325180567129628,1,2,snapshot_20150919T025947Z
1378430,8.19779295138889,1,2,snapshot_20150919T025947Z
1378683,88.05102418981481,1,1,snapshot_20150919T025947Z
1378697,11.297943217592593,3,3,snapshot_20150919T025947Z
1378732,71.89834310185185,1,1,snapshot_20150919T025947Z
1378931,4.319461388888889,1,1,snapshot_20150919T025947Z
1379149,17.982371180555557,1,1,snapshot_20150919T025947Z
1379241,16.254019768518518,1,1,snapshot_20150919T025947Z
1379280,28.494585046296297,1,1,snapshot_20150919T025947Z
1379343,28.285867662037038,1,1,snapshot_20150919T025947Z
1379377,128.09629989583334,1,1,snapshot_20150919T025947Z
1379388,60.87604854166666,3,3,snapshot_20150919T025947Z
1379419,125.38759158564815,1,1,snapshot_20150919T025947Z
1379868,67.47330872685185,1,1,snapshot_20150919T025947Z
1379952,127.37913940972221,1,1,snapshot_20150919T025947Z
1380106,47.440125486111114,1,1,snapshot_20150919T025947Z
1380233,100.59938370370371,1,1,snapshot_20150919T025947Z
1380247,72.82759299768519,1,1,snapshot_20150919T025947Z
1380494,104.59280278935185,2,2,snapshot_20150919T025947Z
1380534,12.067018368055555,1,1,snapshot_20150919T025947Z
1380565,128.24278961805555,1,1,snapshot_20150919T025947Z
1380599,57.344312476851854,1,1,snapshot_20150919T025947Z
1380711,115.01612056712963,1,2,snapshot_20150919T025947Z
1380719,37.3912991087963,1,1,snapshot_20150919T025947Z
1380773,98.2657453587963,1,1,snapshot_20150919T025947Z
1380845,137.33361123842593,1,2,snapshot_20150919T025947Z
1381119,111.08750260416666,1,1,snapshot_20150919T025947Z
1381267,11.214079849537036,1,1,snapshot_20150919T025947Z
1381286,24.36310398148148,1,1,snapshot_20150919T025947Z
1381398,97.85445869212964,1,1,snapshot_20150919T025947Z
1381498,87.95851506944445,1,1,snapshot_20150919T025947Z
1381558,18.003235868055555,2,2,snapshot_20150919T025947Z
1381613,109.45441163194444,1,1,snapshot_20150919T025947Z
1381652,133.96614782407408,1,1,snapshot_20150919T025947Z
1381830,102.63860104166667,2,2,snapshot_20150919T025947Z
1382092,1.9356906712962962,2,2,snapshot_20150919T025947Z
1382282,39.337407025462966,1,1,snapshot_20150919T025947Z
1382441,51.07306165509259,1,2,snapshot_20150919T025947Z
1382658,136.30774291666665,1,1,snapshot_20150919T025947Z
1382772,3.0425655208333335,1,1,snapshot_20150919T025947Z
1382778,43.15790539351852,1,3,snapshot_20150919T025947Z
1382817,133.35092217592594,1,1,snapshot_20150919T025947Z
1383053,53.05745071759259,2,2,snapshot_20150919T025947Z
1383142,72.48838807870371,1,1,snapshot_20150919T025947Z
1383306,100.37866677083333,1,1,snapshot_20150919T025947Z
1383402,32.19689107638889,1,1,snapshot_20150919T025947Z
1383726,11.304431388888888,1,1,snapshot_20150919T025947Z
1383834,17.975476435185186,1,1,snapshot_20150919T025947Z
1383839,129.46891914351852,1,1,snapshot_20150919T025947Z
1384144,85.29307090277779,1,1,snapshot_20150919T025947Z
1384234,81.30127710648148,1,1,snapshot_20150919T025947Z
1384315,32.26282782407407,1,1,snapshot_20150919T025947Z
1384368,116.86159517361112,1,1,snapshot_20150919T025947Z
1384383,26.223884699074073,1,1,snapshot_20150919T025947Z
1384404,72.9671748263889,1,1,snapshot_20150919T025947Z
1384460,13.118453460648148,1,1,snapshot_20150919T025947Z
1384487,51.40866532407408,1,1,snapshot_20150919T025947Z
1384613,57.805741041666664,1,1,snapshot_20150919T025947Z
1384769,24.115400601851853,1,1,snapshot_20150919T025947Z
1384789,66.89594425925925,1,1,snapshot_20150919T025947Z
1384800,106.4059952662037,1,2,snapshot_20150919T025947Z
1384833,82.94768371527778,1,1,snapshot_20150919T025947Z
1384843,7.065656099537037,1,1,snapshot_20150919T025947Z
1385029,84.93758653935186,5,5,snapshot_20150919T025947Z
1385042,67.29912935185185,1,1,snapshot_20150919T025947Z
1385073,37.13665015046296,61,86,snapshot_20150919T025947Z
1385109,110.39706664351851,1,3,snapshot_20150919T025947Z
1385333,88.35181798611112,1,1,snapshot_20150919T025947Z
1385559,120.87959554398148,1,1,snapshot_20150919T025947Z
1385821,56.34637474537037,1,1,snapshot_20150919T025947Z
1385863,15.943359560185186,1,1,snapshot_20150919T025947Z
1385870,49.144285277777776,1,1,snapshot_20150919T025947Z
1385901,93.08318282407407,1,1,snapshot_20150919T025947Z
1386260,136.3996955787037,1,1,snapshot_20150919T025947Z
1386264,89.25813084490741,1,1,snapshot_20150919T025947Z
1386311,67.87352961805556,1,1,snapshot_20150919T025947Z
1386710,22.89877150462963,1,1,snapshot_20150919T025947Z
1386991,130.05518810185185,1,1,snapshot_20150919T025947Z
1387042,53.22607143518518,1,1,snapshot_20150919T025947Z
1387237,134.99387032407407,2,2,snapshot_20150919T025947Z
1387427,113.38773118055555,1,1,snapshot_20150919T025947Z
1387562,14.964125590277776,1,1,snapshot_20150919T025947Z
1387584,133.41265658564814,1,1,snapshot_20150919T025947Z
1387650,103.41565931712962,1,3,snapshot_20150919T025947Z
1387689,70.92076729166666,1,1,snapshot_20150919T025947Z
1387958,64.91704652777779,1,1,snapshot_20150919T025947Z
1388288,111.22553318287036,1,1,snapshot_20150919T025947Z
1388417,119.88186013888888,1,2,snapshot_20150919T025947Z
1388473,47.46562765046296,1,1,snapshot_20150919T025947Z
1388563,130.32607355324075,1,1,snapshot_20150919T025947Z
1388913,126.24750729166668,1,1,snapshot_20150919T025947Z
1388970,53.98855054398148,1,1,snapshot_20150919T025947Z
1389049,98.30472396990741,1,1,snapshot_20150919T025947Z
1389108,126.97391425925926,1,1,snapshot_20150919T025947Z
1389243,58.97974275462963,1,1,snapshot_20150919T025947Z
1389639,77.1902305324074,1,1,snapshot_20150919T025947Z
1389672,76.92954508101852,1,1,snapshot_20150919T025947Z
1389709,95.09263,1,2,snapshot_20150919T025947Z
1390171,25.910711979166667,1,1,snapshot_20150919T025947Z
1390178,129.19283005787037,1,1,snapshot_20150919T025947Z
1390313,88.30551296296296,1,1,snapshot_20150919T025947Z
1390335,137.2607149074074,1,1,snapshot_20150919T025947Z
1390675,10.379373506944445,1,4,snapshot_20150919T025947Z
1390702,138.45405730324075,1,1,snapshot_20150919T025947Z
1390722,15.537922071759258,1,1,snapshot_20150919T025947Z
1390774,94.36426324074074,1,2,snapshot_20150919T025947Z
1390784,135.42609631944444,1,1,snapshot_20150919T025947Z
1390828,100.26889392361112,1,1,snapshot_20150919T025947Z
1390842,10.32764971064815,1,1,snapshot_20150919T025947Z
1391065,135.3502601736111,1,3,snapshot_20150919T025947Z
1391079,8.232226944444445,1,1,snapshot_20150919T025947Z
1391212,103.26474726851853,1,1,snapshot_20150919T025947Z
1391499,63.85198655092593,1,2,snapshot_20150919T025947Z
1391644,105.3830625462963,1,1,snapshot_20150919T025947Z
1391732,60.30388744212963,1,1,snapshot_20150919T025947Z
1392423,51.88072070601852,1,3,snapshot_20150919T025947Z
1392946,131.2678140625,1,2,snapshot_20150919T025947Z
1393113,91.28618775462964,1,1,snapshot_20150919T025947Z
1393377,66.16942378472223,1,1,snapshot_20150919T025947Z
1393752,9.490199166666667,1,1,snapshot_20150919T025947Z
1393980,99.98523995370371,1,1,snapshot_20150919T025947Z
1393998,130.04461579861112,1,1,snapshot_20150919T025947Z
1394186,28.394714016203707,1,1,snapshot_20150919T025947Z
1394236,20.09174037037037,1,1,snapshot_20150919T025947Z
1394271,69.11541469907408,2,2,snapshot_20150919T025947Z
1394717,49.200930428240746,1,1,snapshot_20150919T025947Z
1394933,51.30253215277778,1,1,snapshot_20150919T025947Z
1394982,110.11900712962964,1,1,snapshot_20150919T025947Z
1395025,77.1972000925926,1,1,snapshot_20150919T025947Z
1395578,33.016081747685185,1,1,snapshot_20150919T025947Z
1395724,90.86154377314816,1,1,snapshot_20150919T025947Z
1395774,102.89513532407408,2,2,snapshot_20150919T025947Z
1396078,40.96740631944444,1,1,snapshot_20150919T025947Z
1396084,114.2774908912037,1,1,snapshot_20150919T025947Z
1396109,21.803535949074075,1,1,snapshot_20150919T025947Z
1396162,66.06909694444444,1,1,snapshot_20150919T025947Z
1396286,33.095191203703706,1,1,snapshot_20150919T025947Z
1396315,48.35006594907407,1,1,snapshot_20150919T025947Z
1396374,42.21959659722222,1,1,snapshot_20150919T025947Z
1396399,121.16810597222224,1,1,snapshot_20150919T025947Z
1396541,6.483385138888889,1,1,snapshot_20150919T025947Z
1396583,106.55090726851851,1,1,snapshot_20150919T025947Z
1396823,97.87109337962963,1,1,snapshot_20150919T025947Z
1396871,73.4260879398148,1,1,snapshot_20150919T025947Z
1396960,117.35155956018518,1,1,snapshot_20150919T025947Z
1397020,102.52129490740742,1,1,snapshot_20150919T025947Z
1397089,96.01219149305555,1,1,snapshot_20150919T025947Z
1397094,33.43692412037037,2,2,snapshot_20150919T025947Z
1397098,11.254494409722223,1,1,snapshot_20150919T025947Z
1397172,115.28298150462963,1,1,snapshot_20150919T025947Z
1397340,74.08579208333333,2,2,snapshot_20150919T025947Z
1397522,123.38201784722223,1,1,snapshot_20150919T025947Z
1397591,16.18201204861111,1,1,snapshot_20150919T025947Z
1397653,37.56766097222222,1,1,snapshot_20150919T025947Z
1397742,3.1883785648148146,1,1,snapshot_20150919T025947Z
1398260,75.01682685185185,1,1,snapshot_20150919T025947Z
1398476,31.003754247685187,2,2,snapshot_20150919T025947Z
1398505,83.8719342361111,2,2,snapshot_20150919T025947Z
1398624,43.87245134259259,1,1,snapshot_20150919T025947Z
1398721,7.3261909953703706,1,1,snapshot_20150919T025947Z
1398725,81.9307558912037,1,1,snapshot_20150919T025947Z
1398811,60.82632384259259,2,2,snapshot_20150919T025947Z
1398970,60.16387339120371,1,1,snapshot_20150919T025947Z
1398978,46.331162766203704,1,9,snapshot_20150919T025947Z
1399144,64.26233291666667,1,1,snapshot_20150919T025947Z
1399260,6.799767881944444,1,1,snapshot_20150919T025947Z
1399343,74.2298600462963,1,1,snapshot_20150919T025947Z
1399374,99.37634074074074,1,1,snapshot_20150919T025947Z
1399500,8.039912893518519,1,1,snapshot_20150919T025947Z
1399705,16.430874097222222,1,1,snapshot_20150919T025947Z
1399960,24.99831685185185,1,1,snapshot_20150919T025947Z
1399991,113.19971780092594,1,1,snapshot_20150919T025947Z
1400110,15.416304155092593,1,1,snapshot_20150919T025947Z
1400296,124.47827099537037,1,3,snapshot_20150919T025947Z
1400416,79.34193619212962,1,1,snapshot_20150919T025947Z
1400758,124.91416072916667,1,1,snapshot_20150919T025947Z
1400958,84.50272097222222,1,1,snapshot_20150919T025947Z
1401260,45.98170516203704,1,1,snapshot_20150919T025947Z
1401333,87.25911777777777,1,2,snapshot_20150919T025947Z
1401744,58.32352091435185,1,1,snapshot_20150919T025947Z
1402116,59.04701599537037,1,1,snapshot_20150919T025947Z
1402220,127.94906861111112,2,3,snapshot_20150919T025947Z
1402363,101.582245,1,1,snapshot_20150919T025947Z
1402575,107.3285386111111,1,1,snapshot_20150919T025947Z
1402829,76.28517000000001,1,1,snapshot_20150919T025947Z
1402860,86.22340883101852,1,1,snapshot_20150919T025947Z
1402869,115.39693680555555,1,1,snapshot_20150919T025947Z
1402877,67.98944939814815,1,1,snapshot_20150919T025947Z
1402890,119.53684281250001,1,1,snapshot_20150919T025947Z
1402979,121.0382725,1,1,snapshot_20150919T025947Z
1403350,30.971629722222225,1,1,snapshot_20150919T025947Z
1403465,55.206236006944444,1,1,snapshot_20150919T025947Z
1403649,124.20865577546296,1,1,snapshot_20150919T025947Z
1403769,24.26187997685185,7,7,snapshot_20150919T025947Z
1403935,92.28536576388889,1,1,snapshot_20150919T025947Z
1404061,49.42641902777778,1,1,snapshot_20150919T025947Z
1404086,43.36293518518519,1,1,snapshot_20150919T025947Z
1404130,71.39439795138888,1,1,snapshot_20150919T025947Z
1404233,58.46232353009259,1,1,snapshot_20150919T025947Z
1404265,8.458694016203703,1,2,snapshot_20150919T025947Z
1404286,68.81299537037037,1,1,snapshot_20150919T025947Z
1404797,75.20473581018518,1,1,snapshot_20150919T025947Z
1404894,10.330643935185186,1,1,snapshot_20150919T025947Z
1404991,88.20944528935185,1,3,snapshot_20150919T025947Z
1405688,93.91445244212963,1,1,snapshot_20150919T025947Z
1405714,125.33427491898148,1,1,snapshot_20150919T025947Z
1405831,78.11091429398148,1,1,snapshot_20150919T025947Z
1405861,122.08427356481481,1,1,snapshot_20150919T025947Z
1405929,15.835204548611111,1,1,snapshot_20150919T025947Z
1406087,108.64957195601853,3,4,snapshot_20150919T025947Z
1406564,23.264895011574072,1,1,snapshot_20150919T025947Z
1406708,11.940948032407407,1,1,snapshot_20150919T025947Z
1406787,109.41874706018518,1,1,snapshot_20150919T025947Z
1406981,123.18850141203704,1,1,snapshot_20150919T025947Z
1407070,128.17954430555557,1,1,snapshot_20150919T025947Z
1407110,45.15858986111111,1,1,snapshot_20150919T025947Z
1407398,73.96703494212963,1,1,snapshot_20150919T025947Z
