dataset,dataset_kind,n_samples,n_features,method,params,n_structure_rows,deterministic_structure,structural_repeats_identical,ari_mean,ari_std,nmi_mean,nmi_std,silhouette_mean,silhouette_std,davies_bouldin_mean,davies_bouldin_std,calinski_harabasz_mean,calinski_harabasz_std,n_clusters_excluding_noise_mean,n_clusters_excluding_noise_std,n_noise_mean,n_noise_std,runtime_seconds_mean,runtime_seconds_std,runtime_repeat_std_mean,runtime_repeat_count
aggregation,shape,788,2,classix,"{""engine"":""classix"",""group_merging"":""density"",""minPts"":1,""radius"":0.1}",1,True,True,0.854307878326875,0.0,0.9092209538028906,0.0,0.050645348890440825,0.0,1.003169819027285,0.0,392.6452403662412,0.0,9.0,0.0,0.0,0.0,0.03153306199237704,0.0,0.008333645993843675,2
aggregation,shape,788,2,classix,"{""engine"":""classix"",""group_merging"":""density"",""minPts"":1,""radius"":0.2}",1,True,True,0.8089434170360936,0.0,0.8894055132776747,0.0,0.37039256879370025,0.0,0.6742803844689748,0.0,664.1193104126552,0.0,5.0,0.0,0.0,0.0,0.010786666971398517,0.0,0.002722708013607189,2
aggregation,shape,788,2,classix,"{""engine"":""classix"",""group_merging"":""density"",""minPts"":1,""radius"":0.3}",1,True,True,0.7910949948212165,0.0,0.8673722420386002,0.0,0.36161083627726226,0.0,0.6716124906405507,0.0,649.3224668453618,0.0,5.0,0.0,0.0,0.0,0.005651375016896054,0.0,0.0008581669826526195,2
aggregation,shape,788,2,classix,"{""engine"":""classix"",""group_merging"":""density"",""minPts"":1,""radius"":0.4}",1,True,True,0.3289699961992319,0.0,0.5268191526296805,0.0,0.4099782637693135,0.0,1.0023226964750271,0.0,501.5474547719734,0.0,2.0,0.0,0.0,0.0,0.003800228994805366,0.0,0.000757728994358331,2
aggregation,shape,788,2,classix,"{""engine"":""classix"",""group_merging"":""density"",""minPts"":1,""radius"":0.5}",1,True,True,0.31005991784167203,0.0,0.5004975617823224,0.0,0.18447018466520002,0.0,0.9393690905280723,0.0,211.46486965470558,0.0,3.0,0.0,0.0,0.0,0.0029488125001080334,0.0,0.0005610624793916941,2
aggregation,shape,788,2,classix,"{""engine"":""classix"",""group_merging"":""density"",""minPts"":1,""radius"":0.6}",1,True,True,0.0,0.0,0.0,0.0,,,,,,,1.0,0.0,0.0,0.0,0.0018220210040453821,0.0,0.00011552099022082984,2
aggregation,shape,788,2,classix,"{""engine"":""classix"",""group_merging"":""density"",""minPts"":1,""radius"":0.7}",1,True,True,0.4067954373011212,0.0,0.5279153316170333,0.0,0.4249980998951848,0.0,1.0714388689511836,0.0,565.3847661484826,0.0,2.0,0.0,0.0,0.0,0.00143768748966977,0.0,6.685452535748482e-05,2
aggregation,shape,788,2,classix,"{""engine"":""classix"",""group_merging"":""density"",""minPts"":1,""radius"":0.8}",1,True,True,0.0,0.0,0.0,0.0,,,,,,,1.0,0.0,0.0,0.0,0.0016561670345254242,0.0,0.00027591700199991465,2
aggregation,shape,788,2,classix,"{""engine"":""classix"",""group_merging"":""density"",""minPts"":1,""radius"":0.9}",1,True,True,0.0,0.0,0.0,0.0,,,,,,,1.0,0.0,0.0,0.0,0.0011264170170761645,0.0,7.083301898092031e-05,2
aggregation,shape,788,2,classix,"{""engine"":""classix"",""group_merging"":""density"",""minPts"":1,""radius"":1.0}",1,True,True,0.0,0.0,0.0,0.0,,,,,,,1.0,0.0,0.0,0.0,0.0011803749948740005,0.0,0.00020291697001084685,2
aggregation,shape,788,2,classix,"{""engine"":""classix"",""group_merging"":""density"",""minPts"":1,""radius"":1.1}",1,True,True,0.0,0.0,0.0,0.0,,,,,,,1.0,0.0,0.0,0.0,0.01118522897013463,0.0,0.010346145980292931,2
aggregation,shape,788,2,classix,"{""engine"":""classix"",""group_merging"":""density"",""minPts"":1,""radius"":1.2}",1,True,True,0.0,0.0,0.0,0.0,,,,,,,1.0,0.0,0.0,0.0,0.0008563540177419782,0.0,0.00015847902977839112,2
aggregation,shape,788,2,classix,"{""engine"":""classix"",""group_merging"":""density"",""minPts"":1,""radius"":1.3}",1,True,True,0.0,0.0,0.0,0.0,,,,,,,1.0,0.0,0.0,0.0,0.042612895980710164,0.0,0.041893895977409557,2
aggregation,shape,788,2,classix,"{""engine"":""classix"",""group_merging"":""density"",""minPts"":1,""radius"":1.4}",1,True,True,0.0,0.0,0.0,0.0,,,,,,,1.0,0.0,0.0,0.0,0.0008406040142290294,0.0,0.00024060398573055863,2
aggregation,shape,788,2,classix,"{""engine"":""classix"",""group_merging"":""density"",""minPts"":1,""radius"":1.5}",1,True,True,0.0,0.0,0.0,0.0,,,,,,,1.0,0.0,0.0,0.0,0.000664187507936731,0.0,4.7937530325725675e-05,2
aggregation,shape,788,2,classix,"{""engine"":""classix"",""group_merging"":""density"",""minPts"":10,""radius"":0.1}",1,True,True,0.876661678197261,0.0,0.928986255465168,0.0,0.37632756052162086,0.0,0.6347817909382207,0.0,623.581260858031,0.0,6.0,0.0,0.0,0.0,0.02433189598377794,0.0,0.0017117289826273918,2
aggregation,shape,788,2,classix,"{""engine"":""classix"",""group_merging"":""density"",""minPts"":10,""radius"":0.2}",1,True,True,0.8089434170360936,0.0,0.8894055132776747,0.0,0.37039256879370025,0.0,0.6742803844689748,0.0,664.1193104126552,0.0,5.0,0.0,0.0,0.0,0.00810139550594613,0.0,0.00014968746108934283,2
aggregation,shape,788,2,classix,"{""engine"":""classix"",""group_merging"":""density"",""minPts"":10,""radius"":0.3}",1,True,True,0.7910949948212165,0.0,0.8673722420386002,0.0,0.36161083627726226,0.0,0.6716124906405507,0.0,649.3224668453618,0.0,5.0,0.0,0.0,0.0,0.005738874519011006,0.0,0.0009027084743138403,2
aggregation,shape,788,2,classix,"{""engine"":""classix"",""group_merging"":""density"",""minPts"":10,""radius"":0.4}",1,True,True,0.3289699961992319,0.0,0.5268191526296805,0.0,0.4099782637693135,0.0,1.0023226964750271,0.0,501.5474547719734,0.0,2.0,0.0,0.0,0.0,0.003590145497582853,0.0,0.0005766454851254821,2
aggregation,shape,788,2,classix,"{""engine"":""classix"",""group_merging"":""density"",""minPts"":10,""radius"":0.5}",1,True,True,0.31005991784167203,0.0,0.5004975617823224,0.0,0.18447018466520002,0.0,0.9393690905280723,0.0,211.46486965470558,0.0,3.0,0.0,0.0,0.0,0.002828187483828515,0.0,0.0004888534895144403,2
aggregation,shape,788,2,classix,"{""engine"":""classix"",""group_merging"":""density"",""minPts"":10,""radius"":0.6}",1,True,True,0.0,0.0,0.0,0.0,,,,,,,1.0,0.0,0.0,0.0,0.0026209584902971983,0.0,0.0009346664883196354,2
aggregation,shape,788,2,classix,"{""engine"":""classix"",""group_merging"":""density"",""minPts"":10,""radius"":0.7}",1,True,True,0.4067954373011212,0.0,0.5279153316170333,0.0,0.4249980998951848,0.0,1.0714388689511836,0.0,565.3847661484826,0.0,2.0,0.0,0.0,0.0,0.0016392710094805807,0.0,0.00027114598196931183,2
aggregation,shape,788,2,classix,"{""engine"":""classix"",""group_merging"":""density"",""minPts"":10,""radius"":0.8}",1,True,True,0.0,0.0,0.0,0.0,,,,,,,1.0,0.0,0.0,0.0,0.004418375523528084,0.0,0.0030508335039485246,2
aggregation,shape,788,2,classix,"{""engine"":""classix"",""group_merging"":""density"",""minPts"":10,""radius"":0.9}",1,True,True,0.0,0.0,0.0,0.0,,,,,,,1.0,0.0,0.0,0.0,0.0012704375258181244,0.0,0.00023327147937379777,2
aggregation,shape,788,2,classix,"{""engine"":""classix"",""group_merging"":""density"",""minPts"":10,""radius"":1.0}",1,True,True,0.0,0.0,0.0,0.0,,,,,,,1.0,0.0,0.0,0.0,0.0010315830004401505,0.0,5.3957977797836065e-05,2
aggregation,shape,788,2,classix,"{""engine"":""classix"",""group_merging"":""density"",""minPts"":10,""radius"":1.1}",1,True,True,0.0,0.0,0.0,0.0,,,,,,,1.0,0.0,0.0,0.0,0.0009307709988206625,0.0,9.410397615283728e-05,2
aggregation,shape,788,2,classix,"{""engine"":""classix"",""group_merging"":""density"",""minPts"":10,""radius"":1.2}",1,True,True,0.0,0.0,0.0,0.0,,,,,,,1.0,0.0,0.0,0.0,0.0008580829889979213,0.0,0.000172624975675717,2
aggregation,shape,788,2,classix,"{""engine"":""classix"",""group_merging"":""density"",""minPts"":10,""radius"":1.3}",1,True,True,0.0,0.0,0.0,0.0,,,,,,,1.0,0.0,0.0,0.0,0.0009071670356206596,0.0,0.00019637501100078225,2
aggregation,shape,788,2,classix,"{""engine"":""classix"",""group_merging"":""density"",""minPts"":10,""radius"":1.4}",1,True,True,0.0,0.0,0.0,0.0,,,,,,,1.0,0.0,0.0,0.0,0.0008585620089434087,0.0,0.00025910401018336415,2
aggregation,shape,788,2,classix,"{""engine"":""classix"",""group_merging"":""density"",""minPts"":10,""radius"":1.5}",1,True,True,0.0,0.0,0.0,0.0,,,,,,,1.0,0.0,0.0,0.0,0.0006446460029110312,0.0,4.3812033254653215e-05,2
aggregation,shape,788,2,classix,"{""engine"":""classix"",""group_merging"":""density"",""minPts"":5,""radius"":0.1}",1,True,True,0.8639222885844395,0.0,0.9198760966929376,0.0,0.18806616188609088,0.0,0.940618805504321,0.0,519.9914780112316,0.0,7.0,0.0,0.0,0.0,0.02696341698174365,0.0,0.004321375017752871,2
aggregation,shape,788,2,classix,"{""engine"":""classix"",""group_merging"":""density"",""minPts"":5,""radius"":0.2}",1,True,True,0.8089434170360936,0.0,0.8894055132776747,0.0,0.37039256879370025,0.0,0.6742803844689748,0.0,664.1193104126552,0.0,5.0,0.0,0.0,0.0,0.00905391652486287,0.0,0.0010197914962191135,2
aggregation,shape,788,2,classix,"{""engine"":""classix"",""group_merging"":""density"",""minPts"":5,""radius"":0.3}",1,True,True,0.7910949948212165,0.0,0.8673722420386002,0.0,0.36161083627726226,0.0,0.6716124906405507,0.0,649.3224668453618,0.0,5.0,0.0,0.0,0.0,0.004991082998458296,0.0,0.0002049999893642962,2
aggregation,shape,788,2,classix,"{""engine"":""classix"",""group_merging"":""density"",""minPts"":5,""radius"":0.4}",1,True,True,0.3289699961992319,0.0,0.5268191526296805,0.0,0.4099782637693135,0.0,1.0023226964750271,0.0,501.5474547719734,0.0,2.0,0.0,0.0,0.0,0.0036399789969436824,0.0,0.00048239598982036114,2
aggregation,shape,788,2,classix,"{""engine"":""classix"",""group_merging"":""density"",""minPts"":5,""radius"":0.5}",1,True,True,0.31005991784167203,0.0,0.5004975617823224,0.0,0.18447018466520002,0.0,0.9393690905280723,0.0,211.46486965470558,0.0,3.0,0.0,0.0,0.0,0.0029038334905635566,0.0,0.0005495834921021014,2
aggregation,shape,788,2,classix,"{""engine"":""classix"",""group_merging"":""density"",""minPts"":5,""radius"":0.6}",1,True,True,0.0,0.0,0.0,0.0,,,,,,,1.0,0.0,0.0,0.0,0.002042020991211757,0.0,0.00033381200046278536,2
aggregation,shape,788,2,classix,"{""engine"":""classix"",""group_merging"":""density"",""minPts"":5,""radius"":0.7}",1,True,True,0.4067954373011212,0.0,0.5279153316170333,0.0,0.4249980998951848,0.0,1.0714388689511836,0.0,565.3847661484826,0.0,2.0,0.0,0.0,0.0,0.0022870420361869037,0.0,0.0009259170037694275,2
aggregation,shape,788,2,classix,"{""engine"":""classix"",""group_merging"":""density"",""minPts"":5,""radius"":0.8}",1,True,True,0.0,0.0,0.0,0.0,,,,,,,1.0,0.0,0.0,0.0,0.001668249984504655,0.0,0.0002735830203164369,2
aggregation,shape,788,2,classix,"{""engine"":""classix"",""group_merging"":""density"",""minPts"":5,""radius"":0.9}",1,True,True,0.0,0.0,0.0,0.0,,,,,,,1.0,0.0,0.0,0.0,0.0010960834915749729,0.0,6.100052269175649e-05,2
aggregation,shape,788,2,classix,"{""engine"":""classix"",""group_merging"":""density"",""minPts"":5,""radius"":1.0}",1,True,True,0.0,0.0,0.0,0.0,,,,,,,1.0,0.0,0.0,0.0,0.0010583130060695112,0.0,8.82290187291801e-05,2
aggregation,shape,788,2,classix,"{""engine"":""classix"",""group_merging"":""density"",""minPts"":5,""radius"":1.1}",1,True,True,0.0,0.0,0.0,0.0,,,,,,,1.0,0.0,0.0,0.0,0.0009990835096687078,0.0,0.00016691646305844188,2
aggregation,shape,788,2,classix,"{""engine"":""classix"",""group_merging"":""density"",""minPts"":5,""radius"":1.2}",1,True,True,0.0,0.0,0.0,0.0,,,,,,,1.0,0.0,0.0,0.0,0.0008498124952893704,0.0,0.00015872952644713223,2
aggregation,shape,788,2,classix,"{""engine"":""classix"",""group_merging"":""density"",""minPts"":5,""radius"":1.3}",1,True,True,0.0,0.0,0.0,0.0,,,,,,,1.0,0.0,0.0,0.0,0.001039541995851323,0.0,0.00032316698343493044,2
aggregation,shape,788,2,classix,"{""engine"":""classix"",""group_merging"":""density"",""minPts"":5,""radius"":1.4}",1,True,True,0.0,0.0,0.0,0.0,,,,,,,1.0,0.0,0.0,0.0,0.000759374990593642,0.0,0.0001674999948590994,2
aggregation,shape,788,2,classix,"{""engine"":""classix"",""group_merging"":""density"",""minPts"":5,""radius"":1.5}",1,True,True,0.0,0.0,0.0,0.0,,,,,,,1.0,0.0,0.0,0.0,0.0006482710014097393,0.0,4.31869993917644e-05,2
aggregation,shape,788,2,classix,"{""engine"":""classix"",""group_merging"":""distance"",""minPts"":1,""radius"":0.1}",1,True,True,0.7923746943529704,0.0,0.8745853447198743,0.0,0.2755281539054025,0.0,0.8019725857891181,0.0,537.4968668475404,0.0,6.0,0.0,0.0,0.0,0.00514997896971181,0.0,0.0002141459845006466,2
aggregation,shape,788,2,classix,"{""engine"":""classix"",""group_merging"":""distance"",""minPts"":1,""radius"":0.2}",1,True,True,0.8089434170360936,0.0,0.8894055132776747,0.0,0.37039256879370025,0.0,0.6742803844689748,0.0,664.1193104126552,0.0,5.0,0.0,0.0,0.0,0.002316166996024549,0.0,0.0004772079992108047,2
aggregation,shape,788,2,classix,"{""engine"":""classix"",""group_merging"":""distance"",""minPts"":1,""radius"":0.3}",1,True,True,0.30822029796565603,0.0,0.5139057632068562,0.0,0.3706744249435122,0.0,0.9883365116431602,0.0,393.318807010491,0.0,2.0,0.0,0.0,0.0,0.0015636039897799492,0.0,0.0003829370252788067,2
aggregation,shape,788,2,classix,"{""engine"":""classix"",""group_merging"":""distance"",""minPts"":1,""radius"":0.4}",1,True,True,0.0,0.0,0.0,0.0,,,,,,,1.0,0.0,0.0,0.0,0.001062916504452005,0.0,0.0002095414965879172,2
aggregation,shape,788,2,classix,"{""engine"":""classix"",""group_merging"":""distance"",""minPts"":1,""radius"":0.5}",1,True,True,0.0,0.0,0.0,0.0,,,,,,,1.0,0.0,0.0,0.0,0.0007878120231907815,0.0,8.402098319493234e-05,2
aggregation,shape,788,2,classix,"{""engine"":""classix"",""group_merging"":""distance"",""minPts"":1,""radius"":0.6}",1,True,True,0.0,0.0,0.0,0.0,,,,,,,1.0,0.0,0.0,0.0,0.0007141665264498442,0.0,0.000119249481940642,2
aggregation,shape,788,2,classix,"{""engine"":""classix"",""group_merging"":""distance"",""minPts"":1,""radius"":0.7}",1,True,True,0.0,0.0,0.0,0.0,,,,,,,1.0,0.0,0.0,0.0,0.0005931869964115322,0.0,6.452098023146391e-05,2
aggregation,shape,788,2,classix,"{""engine"":""classix"",""group_merging"":""distance"",""minPts"":1,""radius"":0.8}",1,True,True,0.0,0.0,0.0,0.0,,,,,,,1.0,0.0,0.0,0.0,0.0005666665092576295,0.0,4.887449904344976e-05,2
aggregation,shape,788,2,classix,"{""engine"":""classix"",""group_merging"":""distance"",""minPts"":1,""radius"":0.9}",1,True,True,0.0,0.0,0.0,0.0,,,,,,,1.0,0.0,0.0,0.0,0.0005288129905238748,0.0,7.939600618556142e-05,2
aggregation,shape,788,2,classix,"{""engine"":""classix"",""group_merging"":""distance"",""minPts"":1,""radius"":1.0}",1,True,True,0.0,0.0,0.0,0.0,,,,,,,1.0,0.0,0.0,0.0,0.0005524169828277081,0.0,0.00012174996663816273,2
aggregation,shape,788,2,classix,"{""engine"":""classix"",""group_merging"":""distance"",""minPts"":1,""radius"":1.1}",1,True,True,0.0,0.0,0.0,0.0,,,,,,,1.0,0.0,0.0,0.0,0.00044560449896380305,0.0,3.9854494389146566e-05,2
aggregation,shape,788,2,classix,"{""engine"":""classix"",""group_merging"":""distance"",""minPts"":1,""radius"":1.2}",1,True,True,0.0,0.0,0.0,0.0,,,,,,,1.0,0.0,0.0,0.0,0.0005038540111854672,0.0,0.00012414599768817425,2
aggregation,shape,788,2,classix,"{""engine"":""classix"",""group_merging"":""distance"",""minPts"":1,""radius"":1.3}",1,True,True,0.0,0.0,0.0,0.0,,,,,,,1.0,0.0,0.0,0.0,0.0005076459783595055,0.0,0.00012847900507040322,2
aggregation,shape,788,2,classix,"{""engine"":""classix"",""group_merging"":""distance"",""minPts"":1,""radius"":1.4}",1,True,True,0.0,0.0,0.0,0.0,,,,,,,1.0,0.0,0.0,0.0,0.0005074789805803448,0.0,0.0001550209999550134,2
aggregation,shape,788,2,classix,"{""engine"":""classix"",""group_merging"":""distance"",""minPts"":1,""radius"":1.5}",1,True,True,0.0,0.0,0.0,0.0,,,,,,,1.0,0.0,0.0,0.0,0.00041800050530582666,0.0,5.783350206911564e-05,2
aggregation,shape,788,2,classix,"{""engine"":""classix"",""group_merging"":""distance"",""minPts"":10,""radius"":0.1}",1,True,True,0.7923746943529704,0.0,0.8745853447198743,0.0,0.2755281539054025,0.0,0.8019725857891181,0.0,537.4968668475404,0.0,6.0,0.0,0.0,0.0,0.00472718698438257,0.0,0.00016652100021019578,2
aggregation,shape,788,2,classix,"{""engine"":""classix"",""group_merging"":""distance"",""minPts"":10,""radius"":0.2}",1,True,True,0.8089434170360936,0.0,0.8894055132776747,0.0,0.37039256879370025,0.0,0.6742803844689748,0.0,664.1193104126552,0.0,5.0,0.0,0.0,0.0,0.0018887504993472248,0.0,9.65415092650801e-05,2
aggregation,shape,788,2,classix,"{""engine"":""classix"",""group_merging"":""distance"",""minPts"":10,""radius"":0.3}",1,True,True,0.30822029796565603,0.0,0.5139057632068562,0.0,0.3706744249435122,0.0,0.9883365116431602,0.0,393.318807010491,0.0,2.0,0.0,0.0,0.0,0.001460353989386931,0.0,0.00028497897437773645,2
aggregation,shape,788,2,classix,"{""engine"":""classix"",""group_merging"":""distance"",""minPts"":10,""radius"":0.4}",1,True,True,0.0,0.0,0.0,0.0,,,,,,,1.0,0.0,0.0,0.0,0.0010666250018402934,0.0,0.00023016700288280845,2
aggregation,shape,788,2,classix,"{""engine"":""classix"",""group_merging"":""distance"",""minPts"":10,""radius"":0.5}",1,True,True,0.0,0.0,0.0,0.0,,,,,,,1.0,0.0,0.0,0.0,0.0007556875061709434,0.0,6.402048165909946e-05,2
aggregation,shape,788,2,classix,"{""engine"":""classix"",""group_merging"":""distance"",""minPts"":10,""radius"":0.6}",1,True,True,0.0,0.0,0.0,0.0,,,,,,,1.0,0.0,0.0,0.0,0.000742520991479978,0.0,0.0001617289672140032,2
aggregation,shape,788,2,classix,"{""engine"":""classix"",""group_merging"":""distance"",""minPts"":10,""radius"":0.7}",1,True,True,0.0,0.0,0.0,0.0,,,,,,,1.0,0.0,0.0,0.0,0.0006796669913455844,0.0,0.00015712500317022204,2
aggregation,shape,788,2,classix,"{""engine"":""classix"",""group_merging"":""distance"",""minPts"":10,""radius"":0.8}",1,True,True,0.0,0.0,0.0,0.0,,,,,,,1.0,0.0,0.0,0.0,0.0006394794909283519,0.0,0.00013547949492931366,2
aggregation,shape,788,2,classix,"{""engine"":""classix"",""group_merging"":""distance"",""minPts"":10,""radius"":0.9}",1,True,True,0.0,0.0,0.0,0.0,,,,,,,1.0,0.0,0.0,0.0,0.0005911874759476632,0.0,0.0001526875130366534,2
aggregation,shape,788,2,classix,"{""engine"":""classix"",""group_merging"":""distance"",""minPts"":10,""radius"":1.0}",1,True,True,0.0,0.0,0.0,0.0,,,,,,,1.0,0.0,0.0,0.0,0.00047214547521434724,0.0,5.9270503697916865e-05,2
aggregation,shape,788,2,classix,"{""engine"":""classix"",""group_merging"":""distance"",""minPts"":10,""radius"":1.1}",1,True,True,0.0,0.0,0.0,0.0,,,,,,,1.0,0.0,0.0,0.0,0.00045722900540567935,0.0,6.685403059236705e-05,2
aggregation,shape,788,2,classix,"{""engine"":""classix"",""group_merging"":""distance"",""minPts"":10,""radius"":1.2}",1,True,True,0.0,0.0,0.0,0.0,,,,,,,1.0,0.0,0.0,0.0,0.0011591044603846967,0.0,0.0007892705034464598,2
aggregation,shape,788,2,classix,"{""engine"":""classix"",""group_merging"":""distance"",""minPts"":10,""radius"":1.3}",1,True,True,0.0,0.0,0.0,0.0,,,,,,,1.0,0.0,0.0,0.0,0.00053720801952295,0.0,0.00016654198407195508,2
aggregation,shape,788,2,classix,"{""engine"":""classix"",""group_merging"":""distance"",""minPts"":10,""radius"":1.4}",1,True,True,0.0,0.0,0.0,0.0,,,,,,,1.0,0.0,0.0,0.0,0.00046397949336096644,0.0,0.00011281250044703484,2
aggregation,shape,788,2,classix,"{""engine"":""classix"",""group_merging"":""distance"",""minPts"":10,""radius"":1.5}",1,True,True,0.0,0.0,0.0,0.0,,,,,,,1.0,0.0,0.0,0.0,0.00039641649345867336,0.0,4.683350562117994e-05,2
aggregation,shape,788,2,classix,"{""engine"":""classix"",""group_merging"":""distance"",""minPts"":5,""radius"":0.1}",1,True,True,0.7923746943529704,0.0,0.8745853447198743,0.0,0.2755281539054025,0.0,0.8019725857891181,0.0,537.4968668475404,0.0,6.0,0.0,0.0,0.0,0.005675478983903304,0.0,0.0010310209763702005,2
aggregation,shape,788,2,classix,"{""engine"":""classix"",""group_merging"":""distance"",""minPts"":5,""radius"":0.2}",1,True,True,0.8089434170360936,0.0,0.8894055132776747,0.0,0.37039256879370025,0.0,0.6742803844689748,0.0,664.1193104126552,0.0,5.0,0.0,0.0,0.0,0.0022630830062553287,0.0,0.00045537500409409404,2
aggregation,shape,788,2,classix,"{""engine"":""classix"",""group_merging"":""distance"",""minPts"":5,""radius"":0.3}",1,True,True,0.30822029796565603,0.0,0.5139057632068562,0.0,0.3706744249435122,0.0,0.9883365116431602,0.0,393.318807010491,0.0,2.0,0.0,0.0,0.0,0.0014360625064000487,0.0,0.0002796454937197268,2
aggregation,shape,788,2,classix,"{""engine"":""classix"",""group_merging"":""distance"",""minPts"":5,""radius"":0.4}",1,True,True,0.0,0.0,0.0,0.0,,,,,,,1.0,0.0,0.0,0.0,0.0011878125078510493,0.0,0.0003500205057207495,2
aggregation,shape,788,2,classix,"{""engine"":""classix"",""group_merging"":""distance"",""minPts"":5,""radius"":0.5}",1,True,True,0.0,0.0,0.0,0.0,,,,,,,1.0,0.0,0.0,0.0,0.0007738124986644834,0.0,7.847949746064842e-05,2
aggregation,shape,788,2,classix,"{""engine"":""classix"",""group_merging"":""distance"",""minPts"":5,""radius"":0.6}",1,True,True,0.0,0.0,0.0,0.0,,,,,,,1.0,0.0,0.0,0.0,0.000763916497817263,0.0,0.00018116648425348103,2
aggregation,shape,788,2,classix,"{""engine"":""classix"",""group_merging"":""distance"",""minPts"":5,""radius"":0.7}",1,True,True,0.0,0.0,0.0,0.0,,,,,,,1.0,0.0,0.0,0.0,0.0006897090061102062,0.0,0.00016700002015568316,2
aggregation,shape,788,2,classix,"{""engine"":""classix"",""group_merging"":""distance"",""minPts"":5,""radius"":0.8}",1,True,True,0.0,0.0,0.0,0.0,,,,,,,1.0,0.0,0.0,0.0,0.0007191039912868291,0.0,0.0002187289937864989,2
aggregation,shape,788,2,classix,"{""engine"":""classix"",""group_merging"":""distance"",""minPts"":5,""radius"":0.9}",1,True,True,0.0,0.0,0.0,0.0,,,,,,,1.0,0.0,0.0,0.0,0.0004950209695380181,0.0,5.002101534046233e-05,2
aggregation,shape,788,2,classix,"{""engine"":""classix"",""group_merging"":""distance"",""minPts"":5,""radius"":1.0}",1,True,True,0.0,0.0,0.0,0.0,,,,,,,1.0,0.0,0.0,0.0,0.0005390205187723041,0.0,0.00011585449101403356,2
aggregation,shape,788,2,classix,"{""engine"":""classix"",""group_merging"":""distance"",""minPts"":5,""radius"":1.1}",1,True,True,0.0,0.0,0.0,0.0,,,,,,,1.0,0.0,0.0,0.0,0.0005454164929687977,0.0,0.0001466665416955948,2
aggregation,shape,788,2,classix,"{""engine"":""classix"",""group_merging"":""distance"",""minPts"":5,""radius"":1.2}",1,True,True,0.0,0.0,0.0,0.0,,,,,,,1.0,0.0,0.0,0.0,0.00048018753295764327,0.0,0.00010968750575557351,2
aggregation,shape,788,2,classix,"{""engine"":""classix"",""group_merging"":""distance"",""minPts"":5,""radius"":1.3}",1,True,True,0.0,0.0,0.0,0.0,,,,,,,1.0,0.0,0.0,0.0,0.0004740204894915223,0.0,9.58545133471489e-05,2
aggregation,shape,788,2,classix,"{""engine"":""classix"",""group_merging"":""distance"",""minPts"":5,""radius"":1.4}",1,True,True,0.0,0.0,0.0,0.0,,,,,,,1.0,0.0,0.0,0.0,0.0005236660072114319,0.0,0.00017099999240599573,2
aggregation,shape,788,2,classix,"{""engine"":""classix"",""group_merging"":""distance"",""minPts"":5,""radius"":1.5}",1,True,True,0.0,0.0,0.0,0.0,,,,,,,1.0,0.0,0.0,0.0,0.0003987079835496843,0.0,3.591697895899415e-05,2
aggregation,shape,788,2,dbscan,"{""eps"":0.1,""min_samples"":10}",1,True,True,0.0,0.0,0.0,0.0,,,,,,,0.0,0.0,788.0,0.0,0.0020835414761677384,0.0,2.179149305447936e-05,2
aggregation,shape,788,2,dbscan,"{""eps"":0.1,""min_samples"":3}",1,True,True,0.7817070369634618,0.0,0.8187909561405071,0.0,0.1588031653882999,0.0,0.765189560667886,0.0,277.30137706002785,0.0,13.0,0.0,33.0,0.0,0.0023764795041643083,0.0,0.00016889546532183886,2
aggregation,shape,788,2,dbscan,"{""eps"":0.1,""min_samples"":5}",1,True,True,0.5205095476507712,0.0,0.6168997373654124,0.0,0.2844973428346749,0.0,0.7063533206365484,0.0,274.39038114200326,0.0,37.0,0.0,204.0,0.0,0.0021861249988432974,0.0,0.00010649996693246067,2
aggregation,shape,788,2,dbscan,"{""eps"":0.2,""min_samples"":10}",1,True,True,0.9097222076744425,0.0,0.9474586019072934,0.0,0.4623387833048385,0.0,0.5748573703934534,0.0,1061.4196677185266,0.0,6.0,0.0,0.0,0.0,0.0038461250078398734,0.0,0.0016726670146454126,2
aggregation,shape,788,2,dbscan,"{""eps"":0.2,""min_samples"":3}",1,True,True,0.8089434170360936,0.0,0.8894055132776747,0.0,0.37039256879370025,0.0,0.6742803844689748,0.0,664.1193104126551,0.0,5.0,0.0,0.0,0.0,0.002514542022254318,0.0,0.0001431250129826367,2
aggregation,shape,788,2,dbscan,"{""eps"":0.2,""min_samples"":5}",1,True,True,0.8089434170360936,0.0,0.8894055132776747,0.0,0.37039256879370025,0.0,0.6742803844689748,0.0,664.1193104126551,0.0,5.0,0.0,0.0,0.0,0.003172291995724663,0.0,0.0009289579757023603,2
aggregation,shape,788,2,dbscan,"{""eps"":0.3,""min_samples"":10}",1,True,True,0.7338255908338442,0.0,0.8358524361747061,0.0,0.44888631766542825,0.0,0.6844716892894749,0.0,777.0770865043559,0.0,4.0,0.0,0.0,0.0,0.0027979375154245645,0.0,0.000311270501697436,2
aggregation,shape,788,2,dbscan,"{""eps"":0.3,""min_samples"":3}",1,True,True,0.7338255908338442,0.0,0.8358524361747061,0.0,0.44888631766542825,0.0,0.6844716892894749,0.0,777.0770865043559,0.0,4.0,0.0,0.0,0.0,0.003392875019926578,0.0,0.0008960830164141953,2
aggregation,shape,788,2,dbscan,"{""eps"":0.3,""min_samples"":5}",1,True,True,0.7338255908338442,0.0,0.8358524361747061,0.0,0.44888631766542825,0.0,0.6844716892894749,0.0,777.0770865043559,0.0,4.0,0.0,0.0,0.0,0.007492145989090204,0.0,0.005255520984064788,2
aggregation,shape,788,2,dbscan,"{""eps"":0.4,""min_samples"":10}",1,True,True,0.7338255908338442,0.0,0.8358524361747061,0.0,0.44888631766542825,0.0,0.6844716892894749,0.0,777.0770865043559,0.0,4.0,0.0,0.0,0.0,0.0043126669770572335,0.0,0.0004692080256063491,2
aggregation,shape,788,2,dbscan,"{""eps"":0.4,""min_samples"":3}",1,True,True,0.7338255908338442,0.0,0.8358524361747061,0.0,0.44888631766542825,0.0,0.6844716892894749,0.0,777.0770865043559,0.0,4.0,0.0,0.0,0.0,0.0030946875049266964,0.0,0.00016127046546898782,2
aggregation,shape,788,2,dbscan,"{""eps"":0.4,""min_samples"":5}",1,True,True,0.7338255908338442,0.0,0.8358524361747061,0.0,0.44888631766542825,0.0,0.6844716892894749,0.0,777.0770865043559,0.0,4.0,0.0,0.0,0.0,0.003019936993950978,0.0,7.01459648553282e-05,2
aggregation,shape,788,2,dbscan,"{""eps"":0.5,""min_samples"":10}",1,True,True,0.0,0.0,0.0,0.0,,,,,,,1.0,0.0,0.0,0.0,0.002716104034334421,0.0,3.7771009374409914e-05,2
aggregation,shape,788,2,dbscan,"{""eps"":0.5,""min_samples"":3}",1,True,True,0.0,0.0,0.0,0.0,,,,,,,1.0,0.0,0.0,0.0,0.011142000003019348,0.0,0.007302416983293369,2
aggregation,shape,788,2,dbscan,"{""eps"":0.5,""min_samples"":5}",1,True,True,0.0,0.0,0.0,0.0,,,,,,,1.0,0.0,0.0,0.0,0.0028317085234448314,0.0,3.508350346237421e-05,2
aggregation,shape,788,2,dbscan,"{""eps"":0.6,""min_samples"":10}",1,True,True,0.0,0.0,0.0,0.0,,,,,,,1.0,0.0,0.0,0.0,0.006695521005894989,0.0,0.0030931460205465555,2
aggregation,shape,788,2,dbscan,"{""eps"":0.6,""min_samples"":3}",1,True,True,0.0,0.0,0.0,0.0,,,,,,,1.0,0.0,0.0,0.0,0.004599145468091592,0.0,0.0012396454985719174,2
aggregation,shape,788,2,dbscan,"{""eps"":0.6,""min_samples"":5}",1,True,True,0.0,0.0,0.0,0.0,,,,,,,1.0,0.0,0.0,0.0,0.003690520505188033,0.0,0.000432145461672917,2
aggregation,shape,788,2,dbscan,"{""eps"":0.7,""min_samples"":10}",1,True,True,0.0,0.0,0.0,0.0,,,,,,,1.0,0.0,0.0,0.0,0.003265291510615498,0.0,0.00030274951132014394,2
aggregation,shape,788,2,dbscan,"{""eps"":0.7,""min_samples"":3}",1,True,True,0.0,0.0,0.0,0.0,,,,,,,1.0,0.0,0.0,0.0,0.0031975830206647515,0.0,0.0001366669894196093,2
aggregation,shape,788,2,dbscan,"{""eps"":0.7,""min_samples"":5}",1,True,True,0.0,0.0,0.0,0.0,,,,,,,1.0,0.0,0.0,0.0,0.003274208487709984,0.0,0.00032033349270932376,2
aggregation,shape,788,2,dbscan,"{""eps"":0.8,""min_samples"":10}",1,True,True,0.0,0.0,0.0,0.0,,,,,,,1.0,0.0,0.0,0.0,0.004391167021822184,0.0,0.00010599999222904444,2
aggregation,shape,788,2,dbscan,"{""eps"":0.8,""min_samples"":3}",1,True,True,0.0,0.0,0.0,0.0,,,,,,,1.0,0.0,0.0,0.0,0.010366062488174066,0.0,0.005964354466414079,2
aggregation,shape,788,2,dbscan,"{""eps"":0.8,""min_samples"":5}",1,True,True,0.0,0.0,0.0,0.0,,,,,,,1.0,0.0,0.0,0.0,0.003825083520496264,0.0,0.0006467915081884712,2
aggregation,shape,788,2,dbscan,"{""eps"":0.9,""min_samples"":10}",1,True,True,0.0,0.0,0.0,0.0,,,,,,,1.0,0.0,0.0,0.0,0.004959583020536229,0.0,0.0006741250108461827,2
aggregation,shape,788,2,dbscan,"{""eps"":0.9,""min_samples"":3}",1,True,True,0.0,0.0,0.0,0.0,,,,,,,1.0,0.0,0.0,0.0,0.003890896012308076,0.0,5.977097316645086e-05,2
aggregation,shape,788,2,dbscan,"{""eps"":0.9,""min_samples"":5}",1,True,True,0.0,0.0,0.0,0.0,,,,,,,1.0,0.0,0.0,0.0,0.0044625830196309835,0.0,0.0012084170302841812,2
aggregation,shape,788,2,dbscan,"{""eps"":1.0,""min_samples"":10}",1,True,True,0.0,0.0,0.0,0.0,,,,,,,1.0,0.0,0.0,0.0,0.004322500521084294,0.0,0.00022066649398766458,2
aggregation,shape,788,2,dbscan,"{""eps"":1.0,""min_samples"":3}",1,True,True,0.0,0.0,0.0,0.0,,,,,,,1.0,0.0,0.0,0.0,0.004020207998109981,0.0,0.0004371250106487423,2
aggregation,shape,788,2,dbscan,"{""eps"":1.0,""min_samples"":5}",1,True,True,0.0,0.0,0.0,0.0,,,,,,,1.0,0.0,0.0,0.0,0.006456750008510426,0.0,0.00294175001909025,2
aggregation,shape,788,2,dbscan,"{""eps"":1.1,""min_samples"":10}",1,True,True,0.0,0.0,0.0,0.0,,,,,,,1.0,0.0,0.0,0.0,0.012501082994276658,0.0,0.00782370803062804,2
aggregation,shape,788,2,dbscan,"{""eps"":1.1,""min_samples"":3}",1,True,True,0.0,0.0,0.0,0.0,,,,,,,1.0,0.0,0.0,0.0,0.011688041500747204,0.0,0.007323958503548056,2
aggregation,shape,788,2,dbscan,"{""eps"":1.1,""min_samples"":5}",1,True,True,0.0,0.0,0.0,0.0,,,,,,,1.0,0.0,0.0,0.0,0.006459999975049868,0.0,0.0015272079908754677,2
aggregation,shape,788,2,dbscan,"{""eps"":1.2,""min_samples"":10}",1,True,True,0.0,0.0,0.0,0.0,,,,,,,1.0,0.0,0.0,0.0,0.0037038130103610456,0.0,3.5603996366262436e-05,2
aggregation,shape,788,2,dbscan,"{""eps"":1.2,""min_samples"":3}",1,True,True,0.0,0.0,0.0,0.0,,,,,,,1.0,0.0,0.0,0.0,0.006034146004822105,0.0,0.0016221459954977036,2
aggregation,shape,788,2,dbscan,"{""eps"":1.2,""min_samples"":5}",1,True,True,0.0,0.0,0.0,0.0,,,,,,,1.0,0.0,0.0,0.0,0.004060228995513171,0.0,0.0002696869778446853,2
aggregation,shape,788,2,kmeans,"{""init"":""k-means++"",""n_clusters"":10,""n_init"":20}",5,False,,0.5554729288185707,0.005554512716249437,0.8003085204518972,0.003116937118901671,0.44671190161027463,0.001148332281655175,0.7822041967436952,0.006067140806200973,1405.4294241836935,1.3598439696455522,10.0,0.0,0.0,0.0,0.047667724813800307,0.0179400570322469,0.0,5
aggregation,shape,788,2,kmeans,"{""init"":""k-means++"",""n_clusters"":11,""n_init"":20}",5,False,,0.5491145553285428,0.00298783995805611,0.8165509255879725,0.001944864236650868,0.46074406077843194,0.0009640727132798699,0.7198044151317621,0.0023961049408837173,1472.581039046985,2.125967157445198,11.0,0.0,0.0,0.0,0.08380948361009359,0.0723022383834781,0.0,5
aggregation,shape,788,2,kmeans,"{""init"":""k-means++"",""n_clusters"":12,""n_init"":20}",5,False,,0.5053271510143553,0.0020847983896204853,0.7928497528333719,0.00256183912423971,0.44565498185305685,0.0009404122004360626,0.7543618608963697,0.0015248295796200372,1517.0362844310566,1.4830320678125768,12.0,0.0,0.0,0.0,0.04975907498737797,0.009846486880654372,0.0,5
aggregation,shape,788,2,kmeans,"{""init"":""k-means++"",""n_clusters"":2,""n_init"":20}",5,False,,0.4214129427823258,5.551115123125783e-17,0.5694776105467808,0.0,0.4333313516522467,5.551115123125783e-17,1.058615986622845,0.0,579.5826263405551,0.0,2.0,0.0,0.0,0.0,0.08228565000463277,0.08904719327258948,0.0,5
aggregation,shape,788,2,kmeans,"{""init"":""k-means++"",""n_clusters"":3,""n_init"":20}",5,False,,0.6800803075709085,0.0,0.7644852863775335,0.0,0.5225641857738812,0.0,0.6796956836687014,0.0,984.3915588985044,7.190186943645084e-14,3.0,0.0,0.0,0.0,0.03254965819651261,0.008119408625401824,0.0,5
aggregation,shape,788,2,kmeans,"{""init"":""k-means++"",""n_clusters"":4,""n_init"":20}",5,False,,0.7622852332885822,0.0,0.8150503913222599,0.0,0.5365827183828406,0.0,0.5546957348268272,4.965068306494546e-17,1216.099653976664,2.033691978340166e-13,4.0,0.0,0.0,0.0,0.05816900021163747,0.04587986313179775,0.0,5
aggregation,shape,788,2,kmeans,"{""init"":""k-means++"",""n_clusters"":5,""n_init"":20}",5,False,,0.7358101065810307,0.0009999749966697927,0.8145884354206089,0.00031922295192115125,0.49190123660574053,3.589051731792949e-05,0.7218926952226399,9.572012486031191e-05,1291.1266620169674,0.002095864796491198,5.0,0.0,0.0,0.0,0.05631450022337958,0.03690233107665398,0.0,5
aggregation,shape,788,2,kmeans,"{""init"":""k-means++"",""n_clusters"":6,""n_init"":20}",5,False,,0.7922578192038506,0.0015710848585604744,0.8748719472760283,0.0004787030255011503,0.48072991904064555,0.0001238247467951639,0.7117042301076852,0.00017823939807684608,1307.8970248042397,0.002323224903602267,6.0,0.0,0.0,0.0,0.041994558391161264,0.004362589827526665,0.0,5
aggregation,shape,788,2,kmeans,"{""init"":""k-means++"",""n_clusters"":7,""n_init"":20}",5,False,,0.7234586376788903,0.007878924974142006,0.8340047995234245,0.003549759736892906,0.47253313874219716,0.0006606209844709559,0.7016173733688309,0.004469694663188639,1292.5232711231079,0.2456716116759644,7.0,0.0,0.0,0.0,0.04497660839697346,0.006437757970408955,0.0,5
aggregation,shape,788,2,kmeans,"{""init"":""k-means++"",""n_clusters"":8,""n_init"":20}",5,False,,0.6686015676902382,0.0016243123163998342,0.8307181824502605,0.0005159058394939797,0.4636762131431792,0.0001880129801830277,0.7689125438647096,0.0013248104115489157,1323.9387800703037,0.0005609105091252786,8.0,0.0,0.0,0.0,0.042336833209265026,0.003722705825823312,0.0,5
aggregation,shape,788,2,kmeans,"{""init"":""k-means++"",""n_clusters"":9,""n_init"":20}",5,False,,0.6172202103783079,0.004160771002415401,0.8240628334132067,0.0026774775629562412,0.46403045588800557,0.0006617001194482666,0.762043217722804,0.004887461614500031,1353.2839136026025,0.26498847316357094,9.0,0.0,0.0,0.0,0.04121678321389481,0.008991133099345834,0.0,5
aggregation,shape,788,2,ward,"{""linkage"":""ward"",""n_clusters"":10}",1,True,True,0.6517458889336599,0.0,0.8596977654711764,0.0,0.4430370885628968,0.0,0.7273235243998595,0.0,1254.5040405801833,0.0,10.0,0.0,0.0,0.0,0.009861750004347414,0.0,0.000858207989949733,2
aggregation,shape,788,2,ward,"{""linkage"":""ward"",""n_clusters"":11}",1,True,True,0.5954947833299851,0.0,0.8357845288102402,0.0,0.4282517399600335,0.0,0.7483317394806924,0.0,1319.394481610274,0.0,11.0,0.0,0.0,0.0,0.009450666490010917,0.0,0.0020002914825454354,2
aggregation,shape,788,2,ward,"{""linkage"":""ward"",""n_clusters"":12}",1,True,True,0.5418952278466153,0.0,0.8146174061608298,0.0,0.4318915861342625,0.0,0.7632215831816094,0.0,1381.0201264736527,0.0,12.0,0.0,0.0,0.0,0.0063843959651421756,0.0,9.106300421990454e-05,2
aggregation,shape,788,2,ward,"{""linkage"":""ward"",""n_clusters"":2}",1,True,True,0.3767832080009821,0.0,0.5534300129166425,0.0,0.4165350233713828,0.0,1.045376288842011,0.0,531.341457054407,0.0,2.0,0.0,0.0,0.0,0.01903991648578085,0.0,0.012833666492952034,2
aggregation,shape,788,2,ward,"{""linkage"":""ward"",""n_clusters"":3}",1,True,True,0.665543565661718,0.0,0.7699578523910665,0.0,0.5073200623989083,0.0,0.70633957208174,0.0,915.1062140804423,0.0,3.0,0.0,0.0,0.0,0.015417062502820045,0.0,0.007165187504142523,2
aggregation,shape,788,2,ward,"{""linkage"":""ward"",""n_clusters"":4}",1,True,True,0.7831505864044634,0.0,0.8569399829882308,0.0,0.5361425457357981,0.0,0.5467559607889201,0.0,1195.6769020202676,0.0,4.0,0.0,0.0,0.0,0.012876312510343269,0.0,0.004239562520524487,2
aggregation,shape,788,2,ward,"{""linkage"":""ward"",""n_clusters"":5}",1,True,True,0.7197080029909153,0.0,0.8302373405492589,0.0,0.4618637201399163,0.0,0.802785362813687,0.0,1170.9478939045655,0.0,5.0,0.0,0.0,0.0,0.012559624970890582,0.0,0.0049808750045485795,2
aggregation,shape,788,2,ward,"{""linkage"":""ward"",""n_clusters"":6}",1,True,True,0.7681211860843302,0.0,0.8733855268258027,0.0,0.4492516197170301,0.0,0.7678566689236505,0.0,1188.7702482600155,0.0,6.0,0.0,0.0,0.0,0.013032250019023195,0.0,0.007132833969080821,2
aggregation,shape,788,2,ward,"{""linkage"":""ward"",""n_clusters"":7}",1,True,True,0.8018873039381645,0.0,0.9003890226911717,0.0,0.4456446500640389,0.0,0.7105435289947482,0.0,1184.8092338163635,0.0,7.0,0.0,0.0,0.0,0.013793854013783857,0.0,0.006763229001080617,2
aggregation,shape,788,2,ward,"{""linkage"":""ward"",""n_clusters"":8}",1,True,True,0.6981034945504428,0.0,0.8606079876582147,0.0,0.44176839489893294,0.0,0.7000520821329681,0.0,1185.973572441469,0.0,8.0,0.0,0.0,0.0,0.013868958019884303,0.0,0.003642083000158891,2
aggregation,shape,788,2,ward,"{""linkage"":""ward"",""n_clusters"":9}",1,True,True,0.6268004582460156,0.0,0.8329882352213074,0.0,0.4221501886199132,0.0,0.7496099647394746,0.0,1209.312820543611,0.0,9.0,0.0,0.0,0.0,0.00698239600751549,0.0,0.0007339789881370962,2
compound,shape,399,2,classix,"{""engine"":""classix"",""group_merging"":""density"",""minPts"":1,""radius"":0.1}",1,True,True,0.5783746464648787,0.0,0.6950478526974083,0.0,0.030476571461241962,0.0,0.40874349002774535,0.0,62.76275373461747,0.0,97.0,0.0,0.0,0.0,0.01469537545926869,0.0,3.895850386470556e-05,2
compound,shape,399,2,classix,"{""engine"":""classix"",""group_merging"":""density"",""minPts"":1,""radius"":0.2}",1,True,True,0.7969788673747236,0.0,0.7618076333957754,0.0,0.2809283443192508,0.0,0.5305373396056385,0.0,94.6075770385675,0.0,28.0,0.0,0.0,0.0,0.011607458494836465,0.0,0.003239666490117088,2
compound,shape,399,2,classix,"{""engine"":""classix"",""group_merging"":""density"",""minPts"":1,""radius"":0.3}",1,True,True,0.7793185369478741,0.0,0.8376446512894328,0.0,0.5105311737854707,0.0,0.6459796156906613,0.0,460.1832504496667,0.0,5.0,0.0,0.0,0.0,0.004863792011747137,0.0,0.00031262499396689236,2
compound,shape,399,2,classix,"{""engine"":""classix"",""group_merging"":""density"",""minPts"":1,""radius"":0.4}",1,True,True,0.740208347351395,0.0,0.806069222511028,0.0,0.6007215793981607,0.0,0.5562846578557398,0.0,751.0750064414428,0.0,3.0,0.0,0.0,0.0,0.0034547914983704686,0.0,0.0002703334903344512,2
compound,shape,399,2,classix,"{""engine"":""classix"",""group_merging"":""density"",""minPts"":1,""radius"":0.5}",1,True,True,0.0,0.0,0.0,0.0,,,,,,,1.0,0.0,0.0,0.0,0.0035749795206356794,0.0,0.0009364795114379376,2
compound,shape,399,2,classix,"{""engine"":""classix"",""group_merging"":""density"",""minPts"":1,""radius"":0.6}",1,True,True,0.0,0.0,0.0,0.0,,,,,,,1.0,0.0,0.0,0.0,0.002589832991361618,0.0,0.0006758749950677156,2
compound,shape,399,2,classix,"{""engine"":""classix"",""group_merging"":""density"",""minPts"":1,""radius"":0.7}",1,True,True,0.0,0.0,0.0,0.0,,,,,,,1.0,0.0,0.0,0.0,0.002202686999225989,0.0,0.0005845210107509047,2
compound,shape,399,2,classix,"{""engine"":""classix"",""group_merging"":""density"",""minPts"":1,""radius"":0.8}",1,True,True,0.0,0.0,0.0,0.0,,,,,,,1.0,0.0,0.0,0.0,0.0016986874979920685,0.0,0.00045877048978582025,2
compound,shape,399,2,classix,"{""engine"":""classix"",""group_merging"":""density"",""minPts"":1,""radius"":0.9}",1,True,True,0.0,0.0,0.0,0.0,,,,,,,1.0,0.0,0.0,0.0,0.0014258334995247424,0.0,0.0003606255049817264,2
compound,shape,399,2,classix,"{""engine"":""classix"",""group_merging"":""density"",""minPts"":1,""radius"":1.0}",1,True,True,0.0,0.0,0.0,0.0,,,,,,,1.0,0.0,0.0,0.0,0.0016671665071044117,0.0,0.0007079994829837233,2
compound,shape,399,2,classix,"{""engine"":""classix"",""group_merging"":""density"",""minPts"":1,""radius"":1.1}",1,True,True,0.0,0.0,0.0,0.0,,,,,,,1.0,0.0,0.0,0.0,0.0021305829868651927,0.0,0.0012817499809898436,2
compound,shape,399,2,classix,"{""engine"":""classix"",""group_merging"":""density"",""minPts"":1,""radius"":1.2}",1,True,True,0.0,0.0,0.0,0.0,,,,,,,1.0,0.0,0.0,0.0,0.0009841459977906197,0.0,0.00021585400099866092,2
compound,shape,399,2,classix,"{""engine"":""classix"",""group_merging"":""density"",""minPts"":1,""radius"":1.3}",1,True,True,0.0,0.0,0.0,0.0,,,,,,,1.0,0.0,0.0,0.0,0.0007134165207389742,0.0,0.00016470850096084177,2
compound,shape,399,2,classix,"{""engine"":""classix"",""group_merging"":""density"",""minPts"":1,""radius"":1.4}",1,True,True,0.0,0.0,0.0,0.0,,,,,,,1.0,0.0,0.0,0.0,0.0007153749756980687,0.0,0.00016991599113680422,2
compound,shape,399,2,classix,"{""engine"":""classix"",""group_merging"":""density"",""minPts"":1,""radius"":1.5}",1,True,True,0.0,0.0,0.0,0.0,,,,,,,1.0,0.0,0.0,0.0,0.0006872919911984354,0.0,0.000139375013532117,2
compound,shape,399,2,classix,"{""engine"":""classix"",""group_merging"":""density"",""minPts"":10,""radius"":0.1}",1,True,True,0.5587169895686844,0.0,0.7383316042690923,0.0,0.16644016277227372,0.0,1.2567178335324125,0.0,399.0887491816345,0.0,7.0,0.0,0.0,0.0,0.01986722947913222,0.0,0.0042225625074934214,2
compound,shape,399,2,classix,"{""engine"":""classix"",""group_merging"":""density"",""minPts"":10,""radius"":0.2}",1,True,True,0.7292550624626539,0.0,0.783586817333655,0.0,0.6042389986308314,0.0,0.5486680989251694,0.0,772.9933782219349,0.0,3.0,0.0,0.0,0.0,0.011516208498505875,0.0,0.0028559994825627655,2
compound,shape,399,2,classix,"{""engine"":""classix"",""group_merging"":""density"",""minPts"":10,""radius"":0.3}",1,True,True,0.7756290483955285,0.0,0.8437231747625981,0.0,0.5405029377837207,0.0,0.6967272808867041,0.0,556.2541471061279,0.0,4.0,0.0,0.0,0.0,0.005901395983528346,0.0,0.0011770210112445056,2
compound,shape,399,2,classix,"{""engine"":""classix"",""group_merging"":""density"",""minPts"":10,""radius"":0.4}",1,True,True,0.740208347351395,0.0,0.806069222511028,0.0,0.6007215793981607,0.0,0.5562846578557398,0.0,751.0750064414428,0.0,3.0,0.0,0.0,0.0,0.004925416462356225,0.0,0.0017663335020188242,2
compound,shape,399,2,classix,"{""engine"":""classix"",""group_merging"":""density"",""minPts"":10,""radius"":0.5}",1,True,True,0.0,0.0,0.0,0.0,,,,,,,1.0,0.0,0.0,0.0,0.0036861459666397423,0.0,0.0010646040027495474,2
compound,shape,399,2,classix,"{""engine"":""classix"",""group_merging"":""density"",""minPts"":10,""radius"":0.6}",1,True,True,0.0,0.0,0.0,0.0,,,,,,,1.0,0.0,0.0,0.0,0.00392970847315155,0.0,0.002064666507067159,2
compound,shape,399,2,classix,"{""engine"":""classix"",""group_merging"":""density"",""minPts"":10,""radius"":0.7}",1,True,True,0.0,0.0,0.0,0.0,,,,,,,1.0,0.0,0.0,0.0,0.0021921665174886584,0.0,0.0005917914677411318,2
compound,shape,399,2,classix,"{""engine"":""classix"",""group_merging"":""density"",""minPts"":10,""radius"":0.8}",1,True,True,0.0,0.0,0.0,0.0,,,,,,,1.0,0.0,0.0,0.0,0.0017252085090149194,0.0,0.0005135835090186447,2
compound,shape,399,2,classix,"{""engine"":""classix"",""group_merging"":""density"",""minPts"":10,""radius"":0.9}",1,True,True,0.0,0.0,0.0,0.0,,,,,,,1.0,0.0,0.0,0.0,0.0022993960010353476,0.0,0.0012351869663689286,2
compound,shape,399,2,classix,"{""engine"":""classix"",""group_merging"":""density"",""minPts"":10,""radius"":1.0}",1,True,True,0.0,0.0,0.0,0.0,,,,,,,1.0,0.0,0.0,0.0,0.001374041981762275,0.0,0.0004008329997304827,2
compound,shape,399,2,classix,"{""engine"":""classix"",""group_merging"":""density"",""minPts"":10,""radius"":1.1}",1,True,True,0.0,0.0,0.0,0.0,,,,,,,1.0,0.0,0.0,0.0,0.0038566669973079115,0.0,0.002814375009620562,2
compound,shape,399,2,classix,"{""engine"":""classix"",""group_merging"":""density"",""minPts"":10,""radius"":1.2}",1,True,True,0.0,0.0,0.0,0.0,,,,,,,1.0,0.0,0.0,0.0,0.002132937021087855,0.0,0.0013731460203416646,2
compound,shape,399,2,classix,"{""engine"":""classix"",""group_merging"":""density"",""minPts"":10,""radius"":1.3}",1,True,True,0.0,0.0,0.0,0.0,,,,,,,1.0,0.0,0.0,0.0,0.0007249379996210337,0.0,0.00017114600632339716,2
compound,shape,399,2,classix,"{""engine"":""classix"",""group_merging"":""density"",""minPts"":10,""radius"":1.4}",1,True,True,0.0,0.0,0.0,0.0,,,,,,,1.0,0.0,0.0,0.0,0.0008214585250243545,0.0,0.0002680834732018411,2
compound,shape,399,2,classix,"{""engine"":""classix"",""group_merging"":""density"",""minPts"":10,""radius"":1.5}",1,True,True,0.0,0.0,0.0,0.0,,,,,,,1.0,0.0,0.0,0.0,0.0007148750009946525,0.0,0.00016237498493865132,2
compound,shape,399,2,classix,"{""engine"":""classix"",""group_merging"":""density"",""minPts"":5,""radius"":0.1}",1,True,True,0.5587169895686844,0.0,0.7383316042690923,0.0,0.16644016277227372,0.0,1.2567178335324125,0.0,399.0887491816345,0.0,7.0,0.0,0.0,0.0,0.022026603983249515,0.0,0.005923812976107001,2
compound,shape,399,2,classix,"{""engine"":""classix"",""group_merging"":""density"",""minPts"":5,""radius"":0.2}",1,True,True,0.7292550624626539,0.0,0.783586817333655,0.0,0.6042389986308314,0.0,0.5486680989251694,0.0,772.9933782219349,0.0,3.0,0.0,0.0,0.0,0.013346896012080833,0.0,0.004643478983780369,2
compound,shape,399,2,classix,"{""engine"":""classix"",""group_merging"":""density"",""minPts"":5,""radius"":0.3}",1,True,True,0.7756290483955285,0.0,0.8437231747625981,0.0,0.5405029377837207,0.0,0.6967272808867041,0.0,556.2541471061279,0.0,4.0,0.0,0.0,0.0,0.0063168545020744205,0.0,0.0017028125002980232,2
compound,shape,399,2,classix,"{""engine"":""classix"",""group_merging"":""density"",""minPts"":5,""radius"":0.4}",1,True,True,0.740208347351395,0.0,0.806069222511028,0.0,0.6007215793981607,0.0,0.5562846578557398,0.0,751.0750064414428,0.0,3.0,0.0,0.0,0.0,0.0034360210120212287,0.0,0.0002366039843764156,2
compound,shape,399,2,classix,"{""engine"":""classix"",""group_merging"":""density"",""minPts"":5,""radius"":0.5}",1,True,True,0.0,0.0,0.0,0.0,,,,,,,1.0,0.0,0.0,0.0,0.003924000513507053,0.0,0.0013074584712740034,2
compound,shape,399,2,classix,"{""engine"":""classix"",""group_merging"":""density"",""minPts"":5,""radius"":0.6}",1,True,True,0.0,0.0,0.0,0.0,,,,,,,1.0,0.0,0.0,0.0,0.0025215414934791625,0.0,0.0006407914916053414,2
compound,shape,399,2,classix,"{""engine"":""classix"",""group_merging"":""density"",""minPts"":5,""radius"":0.7}",1,True,True,0.0,0.0,0.0,0.0,,,,,,,1.0,0.0,0.0,0.0,0.002614063036162406,0.0,0.001022270997054875,2
compound,shape,399,2,classix,"{""engine"":""classix"",""group_merging"":""density"",""minPts"":5,""radius"":0.8}",1,True,True,0.0,0.0,0.0,0.0,,,,,,,1.0,0.0,0.0,0.0,0.001649229001486674,0.0,0.0004170629836153239,2
compound,shape,399,2,classix,"{""engine"":""classix"",""group_merging"":""density"",""minPts"":5,""radius"":0.9}",1,True,True,0.0,0.0,0.0,0.0,,,,,,,1.0,0.0,0.0,0.0,0.0014320419577416033,0.0,0.00037808300112374127,2
compound,shape,399,2,classix,"{""engine"":""classix"",""group_merging"":""density"",""minPts"":5,""radius"":1.0}",1,True,True,0.0,0.0,0.0,0.0,,,,,,,1.0,0.0,0.0,0.0,0.0015602500061504543,0.0,0.0005992919905111194,2
compound,shape,399,2,classix,"{""engine"":""classix"",""group_merging"":""density"",""minPts"":5,""radius"":1.1}",1,True,True,0.0,0.0,0.0,0.0,,,,,,,1.0,0.0,0.0,0.0,0.0013368539803195745,0.0,0.00048697899910621345,2
compound,shape,399,2,classix,"{""engine"":""classix"",""group_merging"":""density"",""minPts"":5,""radius"":1.2}",1,True,True,0.0,0.0,0.0,0.0,,,,,,,1.0,0.0,0.0,0.0,0.0009442710143048316,0.0,0.00018402098794467747,2
compound,shape,399,2,classix,"{""engine"":""classix"",""group_merging"":""density"",""minPts"":5,""radius"":1.3}",1,True,True,0.0,0.0,0.0,0.0,,,,,,,1.0,0.0,0.0,0.0,0.0008594580285716802,0.0,0.0003141250053886324,2
compound,shape,399,2,classix,"{""engine"":""classix"",""group_merging"":""density"",""minPts"":5,""radius"":1.4}",1,True,True,0.0,0.0,0.0,0.0,,,,,,,1.0,0.0,0.0,0.0,0.001042541494825855,0.0,0.0004969165020156652,2
compound,shape,399,2,classix,"{""engine"":""classix"",""group_merging"":""density"",""minPts"":5,""radius"":1.5}",1,True,True,0.0,0.0,0.0,0.0,,,,,,,1.0,0.0,0.0,0.0,0.0006740419776178896,0.0,0.0001212499919347465,2
compound,shape,399,2,classix,"{""engine"":""classix"",""group_merging"":""distance"",""minPts"":1,""radius"":0.1}",1,True,True,0.59212546299924,0.0,0.7151960764263556,0.0,-0.034768133318485224,0.0,0.4943425838246322,0.0,79.74049496024892,0.0,63.0,0.0,0.0,0.0,0.005604854522971436,0.0,0.00062327049090527,2
compound,shape,399,2,classix,"{""engine"":""classix"",""group_merging"":""distance"",""minPts"":1,""radius"":0.2}",1,True,True,0.7654218208555033,0.0,0.7956197930973716,0.0,0.43182747066221977,0.0,1.0630626536429093,0.0,328.19112803207344,0.0,7.0,0.0,0.0,0.0,0.0022115829633548856,0.0,0.00014162500156089664,2
compound,shape,399,2,classix,"{""engine"":""classix"",""group_merging"":""distance"",""minPts"":1,""radius"":0.3}",1,True,True,0.2787746880936021,0.0,0.4926599296384932,0.0,0.30745946611474934,0.0,1.105205351560154,0.0,118.98252599104794,0.0,2.0,0.0,0.0,0.0,0.0016377705032937229,0.0,0.0004131875466555357,2
compound,shape,399,2,classix,"{""engine"":""classix"",""group_merging"":""distance"",""minPts"":1,""radius"":0.4}",1,True,True,0.0,0.0,0.0,0.0,,,,,,,1.0,0.0,0.0,0.0,0.0009851454815361649,0.0,8.91044910531491e-05,2
compound,shape,399,2,classix,"{""engine"":""classix"",""group_merging"":""distance"",""minPts"":1,""radius"":0.5}",1,True,True,0.0,0.0,0.0,0.0,,,,,,,1.0,0.0,0.0,0.0,0.001000874995952472,0.0,0.00024129098164848983,2
compound,shape,399,2,classix,"{""engine"":""classix"",""group_merging"":""distance"",""minPts"":1,""radius"":0.6}",1,True,True,0.2787746880936021,0.0,0.4926599296384932,0.0,0.30745946611474934,0.0,1.105205351560154,0.0,118.98252599104794,0.0,2.0,0.0,0.0,0.0,0.0008368959825020283,0.0,0.00021306201233528554,2
compound,shape,399,2,classix,"{""engine"":""classix"",""group_merging"":""distance"",""minPts"":1,""radius"":0.7}",1,True,True,0.0,0.0,0.0,0.0,,,,,,,1.0,0.0,0.0,0.0,0.0006966880173422396,0.0,0.00013685401063412428,2
compound,shape,399,2,classix,"{""engine"":""classix"",""group_merging"":""distance"",""minPts"":1,""radius"":0.8}",1,True,True,0.0,0.0,0.0,0.0,,,,,,,1.0,0.0,0.0,0.0,0.000764458003686741,0.0,0.00027037502150051296,2
compound,shape,399,2,classix,"{""engine"":""classix"",""group_merging"":""distance"",""minPts"":1,""radius"":0.9}",1,True,True,0.0,0.0,0.0,0.0,,,,,,,1.0,0.0,0.0,0.0,0.0006086040230002254,0.0,0.00015827102470211685,2
compound,shape,399,2,classix,"{""engine"":""classix"",""group_merging"":""distance"",""minPts"":1,""radius"":1.0}",1,True,True,0.0,0.0,0.0,0.0,,,,,,,1.0,0.0,0.0,0.0,0.0005059999821241945,0.0,8.312499267049134e-05,2
compound,shape,399,2,classix,"{""engine"":""classix"",""group_merging"":""distance"",""minPts"":1,""radius"":1.1}",1,True,True,0.0,0.0,0.0,0.0,,,,,,,1.0,0.0,0.0,0.0,0.0004973124887328595,0.0,9.431250509805977e-05,2
compound,shape,399,2,classix,"{""engine"":""classix"",""group_merging"":""distance"",""minPts"":1,""radius"":1.2}",1,True,True,0.0,0.0,0.0,0.0,,,,,,,1.0,0.0,0.0,0.0,0.0004990830202586949,0.0,0.00011475000064820051,2
compound,shape,399,2,classix,"{""engine"":""classix"",""group_merging"":""distance"",""minPts"":1,""radius"":1.3}",1,True,True,0.0,0.0,0.0,0.0,,,,,,,1.0,0.0,0.0,0.0,0.0004819585010409355,0.0,0.00014745851512998343,2
compound,shape,399,2,classix,"{""engine"":""classix"",""group_merging"":""distance"",""minPts"":1,""radius"":1.4}",1,True,True,0.0,0.0,0.0,0.0,,,,,,,1.0,0.0,0.0,0.0,0.0004266460018698126,0.0,9.31879912968725e-05,2
compound,shape,399,2,classix,"{""engine"":""classix"",""group_merging"":""distance"",""minPts"":1,""radius"":1.5}",1,True,True,0.0,0.0,0.0,0.0,,,,,,,1.0,0.0,0.0,0.0,0.0004189580213278532,0.0,8.404202526435256e-05,2
compound,shape,399,2,classix,"{""engine"":""classix"",""group_merging"":""distance"",""minPts"":10,""radius"":0.1}",1,True,True,0.5158428097876026,0.0,0.7196352969859995,0.0,0.38143720799067715,0.0,0.8420224743486627,0.0,423.41479018256825,0.0,6.0,0.0,0.0,0.0,0.010478354495717213,0.0,0.004435187467606738,2
compound,shape,399,2,classix,"{""engine"":""classix"",""group_merging"":""distance"",""minPts"":10,""radius"":0.2}",1,True,True,0.7682536671334431,0.0,0.8075330940665245,0.0,0.5406491687757915,0.0,0.7469674617015456,0.0,639.6836262355494,0.0,4.0,0.0,0.0,0.0,0.0026353540015406907,0.0,0.0005136459949426353,2
compound,shape,399,2,classix,"{""engine"":""classix"",""group_merging"":""distance"",""minPts"":10,""radius"":0.3}",1,True,True,0.2787746880936021,0.0,0.4926599296384932,0.0,0.30745946611474934,0.0,1.105205351560154,0.0,118.98252599104794,0.0,2.0,0.0,0.0,0.0,0.0016555835027247667,0.0,0.0004286245093680918,2
compound,shape,399,2,classix,"{""engine"":""classix"",""group_merging"":""distance"",""minPts"":10,""radius"":0.4}",1,True,True,0.0,0.0,0.0,0.0,,,,,,,1.0,0.0,0.0,0.0,0.0009196659957524389,0.0,4.3374981032684445e-05,2
compound,shape,399,2,classix,"{""engine"":""classix"",""group_merging"":""distance"",""minPts"":10,""radius"":0.5}",1,True,True,0.0,0.0,0.0,0.0,,,,,,,1.0,0.0,0.0,0.0,0.000973687507212162,0.0,0.00023518747184425592,2
compound,shape,399,2,classix,"{""engine"":""classix"",""group_merging"":""distance"",""minPts"":10,""radius"":0.6}",1,True,True,0.2787746880936021,0.0,0.4926599296384932,0.0,0.30745946611474934,0.0,1.105205351560154,0.0,118.98252599104794,0.0,2.0,0.0,0.0,0.0,0.0008002289978321642,0.0,0.00018047899357043207,2
compound,shape,399,2,classix,"{""engine"":""classix"",""group_merging"":""distance"",""minPts"":10,""radius"":0.7}",1,True,True,0.0,0.0,0.0,0.0,,,,,,,1.0,0.0,0.0,0.0,0.0007607704901602119,0.0,0.00019997949129901826,2
compound,shape,399,2,classix,"{""engine"":""classix"",""group_merging"":""distance"",""minPts"":10,""radius"":0.8}",1,True,True,0.0,0.0,0.0,0.0,,,,,,,1.0,0.0,0.0,0.0,0.000815854495158419,0.0,0.0003299374657217413,2
compound,shape,399,2,classix,"{""engine"":""classix"",""group_merging"":""distance"",""minPts"":10,""radius"":0.9}",1,True,True,0.0,0.0,0.0,0.0,,,,,,,1.0,0.0,0.0,0.0,0.0009854789823293686,0.0,0.0005412289756350219,2
compound,shape,399,2,classix,"{""engine"":""classix"",""group_merging"":""distance"",""minPts"":10,""radius"":1.0}",1,True,True,0.0,0.0,0.0,0.0,,,,,,,1.0,0.0,0.0,0.0,0.0005507290188688785,0.0,0.0001290620130021125,2
compound,shape,399,2,classix,"{""engine"":""classix"",""group_merging"":""distance"",""minPts"":10,""radius"":1.1}",1,True,True,0.0,0.0,0.0,0.0,,,,,,,1.0,0.0,0.0,0.0,0.0005187909991946071,0.0,0.00012000001152046025,2
compound,shape,399,2,classix,"{""engine"":""classix"",""group_merging"":""distance"",""minPts"":10,""radius"":1.2}",1,True,True,0.0,0.0,0.0,0.0,,,,,,,1.0,0.0,0.0,0.0,0.00043485453352332115,0.0,5.527050234377384e-05,2
compound,shape,399,2,classix,"{""engine"":""classix"",""group_merging"":""distance"",""minPts"":10,""radius"":1.3}",1,True,True,0.0,0.0,0.0,0.0,,,,,,,1.0,0.0,0.0,0.0,0.0011838539794553071,0.0,0.0008533540240023285,2
compound,shape,399,2,classix,"{""engine"":""classix"",""group_merging"":""distance"",""minPts"":10,""radius"":1.4}",1,True,True,0.0,0.0,0.0,0.0,,,,,,,1.0,0.0,0.0,0.0,0.002134916983777657,0.0,0.0018012500077020377,2
compound,shape,399,2,classix,"{""engine"":""classix"",""group_merging"":""distance"",""minPts"":10,""radius"":1.5}",1,True,True,0.0,0.0,0.0,0.0,,,,,,,1.0,0.0,0.0,0.0,0.0004075000179000199,0.0,6.975000724196434e-05,2
compound,shape,399,2,classix,"{""engine"":""classix"",""group_merging"":""distance"",""minPts"":5,""radius"":0.1}",1,True,True,0.5158428097876026,0.0,0.7196352969859995,0.0,0.38143720799067715,0.0,0.8420224743486627,0.0,423.41479018256825,0.0,6.0,0.0,0.0,0.0,0.0060429169971030205,0.0,0.00010566701530478895,2
compound,shape,399,2,classix,"{""engine"":""classix"",""group_merging"":""distance"",""minPts"":5,""radius"":0.2}",1,True,True,0.7682536671334431,0.0,0.8075330940665245,0.0,0.5406491687757915,0.0,0.7469674617015456,0.0,639.6836262355494,0.0,4.0,0.0,0.0,0.0,0.002929103997303173,0.0,0.0007956879853736609,2
compound,shape,399,2,classix,"{""engine"":""classix"",""group_merging"":""distance"",""minPts"":5,""radius"":0.3}",1,True,True,0.2787746880936021,0.0,0.4926599296384932,0.0,0.30745946611474934,0.0,1.105205351560154,0.0,118.98252599104794,0.0,2.0,0.0,0.0,0.0,0.001267520507099107,0.0,5.639551091007888e-05,2
compound,shape,399,2,classix,"{""engine"":""classix"",""group_merging"":""distance"",""minPts"":5,""radius"":0.4}",1,True,True,0.0,0.0,0.0,0.0,,,,,,,1.0,0.0,0.0,0.0,0.0009328124579042196,0.0,5.660450551658869e-05,2
compound,shape,399,2,classix,"{""engine"":""classix"",""group_merging"":""distance"",""minPts"":5,""radius"":0.5}",1,True,True,0.0,0.0,0.0,0.0,,,,,,,1.0,0.0,0.0,0.0,0.0012705619737971574,0.0,0.0005297710013110191,2
compound,shape,399,2,classix,"{""engine"":""classix"",""group_merging"":""distance"",""minPts"":5,""radius"":0.6}",1,True,True,0.2787746880936021,0.0,0.4926599296384932,0.0,0.30745946611474934,0.0,1.105205351560154,0.0,118.98252599104794,0.0,2.0,0.0,0.0,0.0,0.0008325834933202714,0.0,0.00019720851560123265,2
compound,shape,399,2,classix,"{""engine"":""classix"",""group_merging"":""distance"",""minPts"":5,""radius"":0.7}",1,True,True,0.0,0.0,0.0,0.0,,,,,,,1.0,0.0,0.0,0.0,0.0007606460130773485,0.0,0.0001893119770102203,2
compound,shape,399,2,classix,"{""engine"":""classix"",""group_merging"":""distance"",""minPts"":5,""radius"":0.8}",1,True,True,0.0,0.0,0.0,0.0,,,,,,,1.0,0.0,0.0,0.0,0.000678854004945606,0.0,0.0001790630049072206,2
compound,shape,399,2,classix,"{""engine"":""classix"",""group_merging"":""distance"",""minPts"":5,""radius"":0.9}",1,True,True,0.0,0.0,0.0,0.0,,,,,,,1.0,0.0,0.0,0.0,0.0005861250101588666,0.0,0.00014054198982194066,2
compound,shape,399,2,classix,"{""engine"":""classix"",""group_merging"":""distance"",""minPts"":5,""radius"":1.0}",1,True,True,0.0,0.0,0.0,0.0,,,,,,,1.0,0.0,0.0,0.0,0.0012593120045494288,0.0,0.0008289789839182049,2
compound,shape,399,2,classix,"{""engine"":""classix"",""group_merging"":""distance"",""minPts"":5,""radius"":1.1}",1,True,True,0.0,0.0,0.0,0.0,,,,,,,1.0,0.0,0.0,0.0,0.0009413335064891726,0.0,0.0005372084851842374,2
compound,shape,399,2,classix,"{""engine"":""classix"",""group_merging"":""distance"",""minPts"":5,""radius"":1.2}",1,True,True,0.0,0.0,0.0,0.0,,,,,,,1.0,0.0,0.0,0.0,0.000521020992891863,0.0,0.00014289599494077265,2
compound,shape,399,2,classix,"{""engine"":""classix"",""group_merging"":""distance"",""minPts"":5,""radius"":1.3}",1,True,True,0.0,0.0,0.0,0.0,,,,,,,1.0,0.0,0.0,0.0,0.0003939999733120203,0.0,6.337498780339956e-05,2
compound,shape,399,2,classix,"{""engine"":""classix"",""group_merging"":""distance"",""minPts"":5,""radius"":1.4}",1,True,True,0.0,0.0,0.0,0.0,,,,,,,1.0,0.0,0.0,0.0,0.0004241665010340512,0.0,9.395851520821452e-05,2
compound,shape,399,2,classix,"{""engine"":""classix"",""group_merging"":""distance"",""minPts"":5,""radius"":1.5}",1,True,True,0.0,0.0,0.0,0.0,,,,,,,1.0,0.0,0.0,0.0,0.0003831460198853165,0.0,4.810400423593819e-05,2
compound,shape,399,2,dbscan,"{""eps"":0.1,""min_samples"":10}",1,True,True,0.0,0.0,0.0,0.0,,,,,,,0.0,0.0,399.0,0.0,0.0012181869824416935,0.0,0.00027160398894920945,2
compound,shape,399,2,dbscan,"{""eps"":0.1,""min_samples"":3}",1,True,True,0.7537513513681514,0.0,0.7876698947902391,0.0,0.14900468337683462,0.0,3.6201181081288656,0.0,238.8495493050254,0.0,9.0,0.0,114.0,0.0,0.001531208457890898,0.0,0.0001568334992043674,2
compound,shape,399,2,dbscan,"{""eps"":0.1,""min_samples"":5}",1,True,True,0.09118487283258488,0.0,0.4638030381488817,0.0,0.41493359207797526,0.0,0.6322067945869058,0.0,800.4268408056593,0.0,15.0,0.0,207.0,0.0,0.0013856875302735716,0.0,0.0003629795101005584,2
compound,shape,399,2,dbscan,"{""eps"":0.2,""min_samples"":10}",1,True,True,0.8879505121953397,0.0,0.8764191767158632,0.0,0.231663660031735,0.0,4.618618153786882,0.0,519.7691282351363,0.0,5.0,0.0,92.0,0.0,0.001351187500404194,0.0,0.0003072294930461794,2
compound,shape,399,2,dbscan,"{""eps"":0.2,""min_samples"":3}",1,True,True,0.9363134876682937,0.0,0.9098836661525694,0.0,0.12912257336850355,0.0,4.164757936589074,0.0,421.09212974544613,0.0,6.0,0.0,55.0,0.0,0.0013977290072944015,0.0,0.0003038120048586279,2
compound,shape,399,2,dbscan,"{""eps"":0.2,""min_samples"":5}",1,True,True,0.925992605744406,0.0,0.9040201287246405,0.0,0.23769716017876535,0.0,4.679451733242221,0.0,571.6205572455449,0.0,5.0,0.0,76.0,0.0,0.0014113334764260799,0.0,0.0003312914923299104,2
compound,shape,399,2,dbscan,"{""eps"":0.3,""min_samples"":10}",1,True,True,0.8255265724109755,0.0,0.8244828338760042,0.0,0.6688859528896902,0.0,0.492797655754629,0.0,1005.1986005379346,0.0,3.0,0.0,49.0,0.0,0.0022325830068439245,0.0,0.0002625000197440386,2
compound,shape,399,2,dbscan,"{""eps"":0.3,""min_samples"":3}",1,True,True,0.7828829605447494,0.0,0.800800245752438,0.0,0.5064746734462371,0.0,0.6284370043955049,0.0,414.2178048915676,0.0,6.0,0.0,19.0,0.0,0.0017661245074123144,0.0,0.0005823334795422852,2
compound,shape,399,2,dbscan,"{""eps"":0.3,""min_samples"":5}",1,True,True,0.8120916386369235,0.0,0.8386545092068968,0.0,0.6563312027995909,0.0,0.5105080563937189,0.0,991.2336998160507,0.0,3.0,0.0,36.0,0.0,0.0027811875042971224,0.0,0.0016409374948125333,2
compound,shape,399,2,dbscan,"{""eps"":0.4,""min_samples"":10}",1,True,True,0.7798751255016527,0.0,0.8146879869939425,0.0,0.6458706566541305,0.0,0.518241212535748,0.0,972.7257825350509,0.0,3.0,0.0,25.0,0.0,0.001385999988997355,0.0,4.512499435804784e-05,2
compound,shape,399,2,dbscan,"{""eps"":0.4,""min_samples"":3}",1,True,True,0.740208347351395,0.0,0.806069222511028,0.0,0.6007215793981607,0.0,0.5562846578557398,0.0,751.0750064414428,0.0,3.0,0.0,0.0,0.0,0.016826708480948582,0.0,0.015042958519188687,2
compound,shape,399,2,dbscan,"{""eps"":0.4,""min_samples"":5}",1,True,True,0.745588566283241,0.0,0.7995148997879956,0.0,0.611702623808891,0.0,0.544870056785456,0.0,806.0336961639439,0.0,3.0,0.0,6.0,0.0,0.0015750625170767307,0.0,3.272946923971176e-05,2
compound,shape,399,2,dbscan,"{""eps"":0.5,""min_samples"":10}",1,True,True,0.7558266494109299,0.0,0.7938492663881763,0.0,0.6310196300040442,0.0,0.5306404593104127,0.0,914.8291394689269,0.0,3.0,0.0,14.0,0.0,0.0019471870036795735,0.0,0.0005423540133051574,2
compound,shape,399,2,dbscan,"{""eps"":0.5,""min_samples"":3}",1,True,True,0.4841271762316797,0.0,0.6090139818657766,0.0,0.49311169876586597,0.0,0.8138525886105712,0.0,412.5247840409194,0.0,2.0,0.0,0.0,0.0,0.001754271041136235,0.0,0.0003020630101673305,2
compound,shape,399,2,dbscan,"{""eps"":0.5,""min_samples"":5}",1,True,True,0.740208347351395,0.0,0.806069222511028,0.0,0.6007215793981607,0.0,0.5562846578557398,0.0,751.0750064414428,0.0,3.0,0.0,0.0,0.0,0.001676896499702707,0.0,0.00024031251086853445,2
compound,shape,399,2,dbscan,"{""eps"":0.6,""min_samples"":10}",1,True,True,0.0,0.0,0.0,0.0,,,,,,,1.0,0.0,0.0,0.0,0.0020790000271517783,0.0,0.0007012500136625022,2
compound,shape,399,2,dbscan,"{""eps"":0.6,""min_samples"":3}",1,True,True,0.0,0.0,0.0,0.0,,,,,,,1.0,0.0,0.0,0.0,0.03408118701190688,0.0,0.03139885401469655,2
compound,shape,399,2,dbscan,"{""eps"":0.6,""min_samples"":5}",1,True,True,0.0,0.0,0.0,0.0,,,,,,,1.0,0.0,0.0,0.0,0.004539229004876688,0.0,0.0026606460160110146,2
compound,shape,399,2,dbscan,"{""eps"":0.7,""min_samples"":10}",1,True,True,0.0,0.0,0.0,0.0,,,,,,,1.0,0.0,0.0,0.0,0.0022554585011675954,0.0,0.00035687454510480165,2
compound,shape,399,2,dbscan,"{""eps"":0.7,""min_samples"":3}",1,True,True,0.0,0.0,0.0,0.0,,,,,,,1.0,0.0,0.0,0.0,0.015293812466552481,0.0,0.013890729489503428,2
compound,shape,399,2,dbscan,"{""eps"":0.7,""min_samples"":5}",1,True,True,0.0,0.0,0.0,0.0,,,,,,,1.0,0.0,0.0,0.0,0.008469229011097923,0.0,0.006458396004745737,2
compound,shape,399,2,dbscan,"{""eps"":0.8,""min_samples"":10}",1,True,True,0.0,0.0,0.0,0.0,,,,,,,1.0,0.0,0.0,0.0,0.0019882505293935537,0.0,0.00014183350140228868,2
compound,shape,399,2,dbscan,"{""eps"":0.8,""min_samples"":3}",1,True,True,0.0,0.0,0.0,0.0,,,,,,,1.0,0.0,0.0,0.0,0.002000166510697454,0.0,1.1541531421244144e-05,2
compound,shape,399,2,dbscan,"{""eps"":0.8,""min_samples"":5}",1,True,True,0.0,0.0,0.0,0.0,,,,,,,1.0,0.0,0.0,0.0,0.0021906874899286777,0.0,0.0003019374853465706,2
compound,shape,399,2,dbscan,"{""eps"":0.9,""min_samples"":10}",1,True,True,0.0,0.0,0.0,0.0,,,,,,,1.0,0.0,0.0,0.0,0.0019207499863114208,0.0,0.0002538750122766942,2
compound,shape,399,2,dbscan,"{""eps"":0.9,""min_samples"":3}",1,True,True,0.0,0.0,0.0,0.0,,,,,,,1.0,0.0,0.0,0.0,0.01448168751085177,0.0,0.010668603528756648,2
compound,shape,399,2,dbscan,"{""eps"":0.9,""min_samples"":5}",1,True,True,0.0,0.0,0.0,0.0,,,,,,,1.0,0.0,0.0,0.0,0.0021771874744445086,0.0,0.00015247950796037912,2
compound,shape,399,2,dbscan,"{""eps"":1.0,""min_samples"":10}",1,True,True,0.0,0.0,0.0,0.0,,,,,,,1.0,0.0,0.0,0.0,0.015282666485290974,0.0,0.013571249495726079,2
compound,shape,399,2,dbscan,"{""eps"":1.0,""min_samples"":3}",1,True,True,0.0,0.0,0.0,0.0,,,,,,,1.0,0.0,0.0,0.0,0.0020447919669095427,0.0,8.537500980310142e-05,2
compound,shape,399,2,dbscan,"{""eps"":1.0,""min_samples"":5}",1,True,True,0.0,0.0,0.0,0.0,,,,,,,1.0,0.0,0.0,0.0,0.0018688129785005003,0.0,0.00021535399719141424,2
compound,shape,399,2,dbscan,"{""eps"":1.1,""min_samples"":10}",1,True,True,0.0,0.0,0.0,0.0,,,,,,,1.0,0.0,0.0,0.0,0.0018028540071099997,0.0,0.00014327099779620767,2
compound,shape,399,2,dbscan,"{""eps"":1.1,""min_samples"":3}",1,True,True,0.0,0.0,0.0,0.0,,,,,,,1.0,0.0,0.0,0.0,0.0019397915166337043,0.0,0.00023004153626970947,2
compound,shape,399,2,dbscan,"{""eps"":1.1,""min_samples"":5}",1,True,True,0.0,0.0,0.0,0.0,,,,,,,1.0,0.0,0.0,0.0,0.0019379580044187605,0.0,0.00014687498332932591,2
compound,shape,399,2,dbscan,"{""eps"":1.2,""min_samples"":10}",1,True,True,0.0,0.0,0.0,0.0,,,,,,,1.0,0.0,0.0,0.0,0.0029516040231101215,0.0,0.0011822290252894163,2
compound,shape,399,2,dbscan,"{""eps"":1.2,""min_samples"":3}",1,True,True,0.0,0.0,0.0,0.0,,,,,,,1.0,0.0,0.0,0.0,0.0025405214983038604,0.0,0.0007504374952986836,2
compound,shape,399,2,dbscan,"{""eps"":1.2,""min_samples"":5}",1,True,True,0.0,0.0,0.0,0.0,,,,,,,1.0,0.0,0.0,0.0,0.0023434374888893217,0.0,0.0006400205020327121,2
compound,shape,399,2,kmeans,"{""init"":""k-means++"",""n_clusters"":10,""n_init"":20}",5,False,,0.39850436138344414,0.01157514637466801,0.6645846837813375,0.00839834030974162,0.39934002044144185,0.0011742424623935458,0.8557182403093708,0.002068320544554267,644.5434364541882,1.9501855879391956,10.0,0.0,0.0,0.0,0.04060219980310649,0.012775608482786097,0.0,5
compound,shape,399,2,kmeans,"{""init"":""k-means++"",""n_clusters"":11,""n_init"":20}",5,False,,0.37705114733975886,0.013286513290243624,0.6530301262719919,0.011828428355601106,0.3956252092708983,0.007310620098820197,0.8597292146782387,0.007044423758428034,641.049705091459,0.5172106395825439,11.0,0.0,0.0,0.0,0.035157733410596845,0.0023666322538094683,0.0,5
compound,shape,399,2,kmeans,"{""init"":""k-means++"",""n_clusters"":12,""n_init"":20}",5,False,,0.3706387698865146,0.012517030142422426,0.6584305063995924,0.004617591703007649,0.397156398309758,0.0016804218012776019,0.8542955770896985,0.012532158333343365,646.0371505585005,6.111607974494414,12.0,0.0,0.0,0.0,0.04527323339134455,0.015355234344387526,0.0,5
compound,shape,399,2,kmeans,"{""init"":""k-means++"",""n_clusters"":2,""n_init"":20}",5,False,,0.4691040789356123,0.0,0.53174328465387,0.0,0.5012774723300006,0.0,0.8180316931325077,0.0,437.2058968356524,5.684341886080802e-14,2.0,0.0,0.0,0.0,0.01736005857819691,0.003242583669597366,0.0,5
compound,shape,399,2,kmeans,"{""init"":""k-means++"",""n_clusters"":3,""n_init"":20}",5,False,,0.7210610447722992,0.0,0.7649985663232536,0.0,0.6061568110083521,0.0,0.5475220082216935,0.0,781.27738470507,7.190186943645084e-14,3.0,0.0,0.0,0.0,0.020428066793829202,0.011648944615215272,0.0,5
compound,shape,399,2,kmeans,"{""init"":""k-means++"",""n_clusters"":4,""n_init"":20}",5,False,,0.7423383762363217,0.01056053132155447,0.7618118464086324,0.011461625260402113,0.5440764530639425,0.004222700663936406,0.7228905924456352,0.005489883664401936,697.5760530273283,0.405549798727889,4.0,0.0,0.0,0.0,0.024692891584709286,0.008774450930543238,0.0,5
compound,shape,399,2,kmeans,"{""init"":""k-means++"",""n_clusters"":5,""n_init"":20}",5,False,,0.5155946708683353,0.0,0.6768836475526604,0.0,0.4378901365322861,5.551115123125783e-17,0.8672429352969473,0.0,688.247215235098,0.0,5.0,0.0,0.0,0.0,0.04201331661315635,0.03489771928518909,0.0,5
compound,shape,399,2,kmeans,"{""init"":""k-means++"",""n_clusters"":6,""n_init"":20}",5,False,,0.5766109505762866,0.008353905805999972,0.7255196895607738,0.004758384196941765,0.4246510013560184,0.0031178234903252436,0.905774899550168,0.003750742136260933,657.9010753890633,0.2382112097284655,6.0,0.0,0.0,0.0,0.03578100820304826,0.014187720558862362,0.0,5
compound,shape,399,2,kmeans,"{""init"":""k-means++"",""n_clusters"":7,""n_init"":20}",5,False,,0.5434177770118961,0.0002722190869109523,0.721655424762896,0.001326083056038053,0.4017812370112942,0.0009030149590809362,0.901116887616984,0.0038050815756619093,659.012796980635,0.17537387619150446,7.0,0.0,0.0,0.0,0.04719940839568153,0.019231645352315474,0.0,5
compound,shape,399,2,kmeans,"{""init"":""k-means++"",""n_clusters"":8,""n_init"":20}",5,False,,0.4577798411363549,0.005078091806275967,0.6783185063514479,0.008271116684324684,0.40136952737878645,0.0027314672004205426,0.8540609285387559,0.013644490451098569,656.0726700078368,0.1138923355554505,8.0,0.0,0.0,0.0,0.048642908805049956,0.027865750773860755,0.0,5
compound,shape,399,2,kmeans,"{""init"":""k-means++"",""n_clusters"":9,""n_init"":20}",5,False,,0.39327833779730403,0.0023709065435198575,0.6498020476899778,0.0026016389771369255,0.40309418255945334,0.00040103330615727024,0.818061528139402,0.0027161203776912687,642.5671128064342,0.32970560918246494,9.0,0.0,0.0,0.0,0.04344887500628829,0.015765013160914765,0.0,5
compound,shape,399,2,ward,"{""linkage"":""ward"",""n_clusters"":10}",1,True,True,0.4359997171074248,0.0,0.7002180737186426,0.0,0.37552019999842956,0.0,0.8715843365020778,0.0,612.7022828399065,0.0,10.0,0.0,0.0,0.0,0.003904583485564217,0.0,0.0017736254667397588,2
compound,shape,399,2,ward,"{""linkage"":""ward"",""n_clusters"":11}",1,True,True,0.4117088789623712,0.0,0.6878563534191826,0.0,0.3629634340260878,0.0,0.8637848150199521,0.0,600.1785760553403,0.0,11.0,0.0,0.0,0.0,0.002518895984394476,0.0,0.00031243698322214186,2
compound,shape,399,2,ward,"{""linkage"":""ward"",""n_clusters"":12}",1,True,True,0.4077604744895057,0.0,0.6828164596100182,0.0,0.3645980758540223,0.0,0.8551515350058604,0.0,591.1653159716523,0.0,12.0,0.0,0.0,0.0,0.002290395990712568,0.0,0.00014456300414167345,2
compound,shape,399,2,ward,"{""linkage"":""ward"",""n_clusters"":2}",1,True,True,0.4841271762316797,0.0,0.6090139818657766,0.0,0.49311169876586597,0.0,0.8138525886105712,0.0,412.5247840409194,0.0,2.0,0.0,0.0,0.0,0.00333279199548997,0.0,0.00032504202681593597,2
compound,shape,399,2,ward,"{""linkage"":""ward"",""n_clusters"":3}",1,True,True,0.740208347351395,0.0,0.806069222511028,0.0,0.6007215793981607,0.0,0.5562846578557398,0.0,751.0750064414428,0.0,3.0,0.0,0.0,0.0,0.0019055829907301813,0.0,9.533300180919468e-05,2
compound,shape,399,2,ward,"{""linkage"":""ward"",""n_clusters"":4}",1,True,True,0.7641301304382412,0.0,0.8052630678159259,0.0,0.572433886629797,0.0,0.6111577112355747,0.0,673.4581109126899,0.0,4.0,0.0,0.0,0.0,0.0017687084909994155,0.0,5.2833493100479245e-05,2
compound,shape,399,2,ward,"{""linkage"":""ward"",""n_clusters"":5}",1,True,True,0.5639792055194304,0.0,0.7437391958400748,0.0,0.46574237283322834,0.0,0.7984658660725783,0.0,646.1888595549947,0.0,5.0,0.0,0.0,0.0,0.0018669164855964482,0.0,0.00020412547746673226,2
compound,shape,399,2,ward,"{""linkage"":""ward"",""n_clusters"":6}",1,True,True,0.5010620619617797,0.0,0.6981450403918463,0.0,0.40553337601893963,0.0,0.8737941828498738,0.0,621.7427130219895,0.0,6.0,0.0,0.0,0.0,0.002133812988176942,0.0,0.0004972710157744586,2
compound,shape,399,2,ward,"{""linkage"":""ward"",""n_clusters"":7}",1,True,True,0.5465590674028052,0.0,0.7459270240194187,0.0,0.3888390698656326,0.0,0.9140878083237267,0.0,626.2062110359873,0.0,7.0,0.0,0.0,0.0,0.0020934370113536716,0.0,0.0004791039973497391,2
compound,shape,399,2,ward,"{""linkage"":""ward"",""n_clusters"":8}",1,True,True,0.5131638649354535,0.0,0.7356992487147327,0.0,0.36825314868468045,0.0,0.9158704275476681,0.0,606.9242882033549,0.0,8.0,0.0,0.0,0.0,0.002184687531553209,0.0,9.352050255984068e-05,2
compound,shape,399,2,ward,"{""linkage"":""ward"",""n_clusters"":9}",1,True,True,0.5085775024119834,0.0,0.7237929355917375,0.0,0.3694732740153854,0.0,0.92819981575922,0.0,602.7891648956353,0.0,9.0,0.0,0.0,0.0,0.0025865625066217035,0.0,0.0002399375371169299,2
iris,real,150,4,classix,"{""engine"":""classix"",""group_merging"":""density"",""minPts"":1,""radius"":0.1}",1,True,True,0.012016210960969161,0.0,0.3742363381928435,0.0,0.11679775660434122,0.0,0.17146383572617208,0.0,332.9797517030491,0.0,128.0,0.0,0.0,0.0,0.006520958500914276,0.0,2.2124499082565308e-05,2
iris,real,150,4,classix,"{""engine"":""classix"",""group_merging"":""density"",""minPts"":1,""radius"":0.2}",1,True,True,0.29252626660796843,0.0,0.4843931116784101,0.0,0.07925775851127964,0.0,0.5325865216245509,0.0,44.75679332167053,0.0,55.0,0.0,0.0,0.0,0.008269020996522158,0.0,3.064598422497511e-05,2
iris,real,150,4,classix,"{""engine"":""classix"",""group_merging"":""density"",""minPts"":1,""radius"":0.3}",1,True,True,0.47369463212853563,0.0,0.5832104215756859,0.0,0.0655600056808354,0.0,0.5837469518077256,0.0,37.49896609664503,0.0,14.0,0.0,0.0,0.0,0.005058728507719934,0.0,3.437511622905731e-06,2
iris,real,150,4,classix,"{""engine"":""classix"",""group_merging"":""density"",""minPts"":1,""radius"":0.4}",1,True,True,0.551796444741071,0.0,0.6957856821968479,0.0,0.34137147587698924,0.0,0.46785233503008194,0.0,77.34312567436547,0.0,5.0,0.0,0.0,0.0,0.004041978972963989,0.0,0.0007081039948388934,2
iris,real,150,4,classix,"{""engine"":""classix"",""group_merging"":""density"",""minPts"":1,""radius"":0.5}",1,True,True,0.5583714437541352,0.0,0.7201176036115982,0.0,0.5028765952374756,0.0,0.4960794386028609,0.0,130.1909884723888,0.0,3.0,0.0,0.0,0.0,0.0024910210049711168,0.0,3.310397733002901e-05,2
iris,real,150,4,classix,"{""engine"":""classix"",""group_merging"":""density"",""minPts"":1,""radius"":0.6}",1,True,True,0.5583714437541352,0.0,0.7201176036115982,0.0,0.5028765952374756,0.0,0.4960794386028609,0.0,130.1909884723888,0.0,3.0,0.0,0.0,0.0,0.0017348750261589885,0.0,3.937497967854142e-05,2
iris,real,150,4,classix,"{""engine"":""classix"",""group_merging"":""density"",""minPts"":1,""radius"":0.7}",1,True,True,0.5583714437541352,0.0,0.7201176036115982,0.0,0.5028765952374756,0.0,0.4960794386028609,0.0,130.1909884723888,0.0,3.0,0.0,0.0,0.0,0.0016388755175285041,0.0,2.6666501071304083e-05,2
iris,real,150,4,classix,"{""engine"":""classix"",""group_merging"":""density"",""minPts"":1,""radius"":0.8}",1,True,True,0.5681159420289855,0.0,0.7336804366512104,0.0,0.580184463257396,0.0,0.5975546650809878,0.0,248.90342786485118,0.0,2.0,0.0,0.0,0.0,0.0013165000127628446,0.0,0.0001793749979697168,2
iris,real,150,4,classix,"{""engine"":""classix"",""group_merging"":""density"",""minPts"":1,""radius"":0.9}",1,True,True,0.0,0.0,0.0,0.0,,,,,,,1.0,0.0,0.0,0.0,0.0009791874908842146,0.0,3.5562494304031134e-05,2
iris,real,150,4,classix,"{""engine"":""classix"",""group_merging"":""density"",""minPts"":1,""radius"":1.0}",1,True,True,0.0,0.0,0.0,0.0,,,,,,,1.0,0.0,0.0,0.0,0.000830708013381809,0.0,3.300001844763756e-05,2
iris,real,150,4,classix,"{""engine"":""classix"",""group_merging"":""density"",""minPts"":1,""radius"":1.1}",1,True,True,0.0,0.0,0.0,0.0,,,,,,,1.0,0.0,0.0,0.0,0.0008090210030786693,0.0,4.2687985114753246e-05,2
iris,real,150,4,classix,"{""engine"":""classix"",""group_merging"":""density"",""minPts"":1,""radius"":1.2}",1,True,True,0.0,0.0,0.0,0.0,,,,,,,1.0,0.0,0.0,0.0,0.0006476250127889216,0.0,3.170897252857685e-05,2
iris,real,150,4,classix,"{""engine"":""classix"",""group_merging"":""density"",""minPts"":1,""radius"":1.3}",1,True,True,0.0,0.0,0.0,0.0,,,,,,,1.0,0.0,0.0,0.0,0.0005456669896375388,0.0,3.233298775739968e-05,2
iris,real,150,4,classix,"{""engine"":""classix"",""group_merging"":""density"",""minPts"":1,""radius"":1.4}",1,True,True,0.0,0.0,0.0,0.0,,,,,,,1.0,0.0,0.0,0.0,0.0005702704947907478,0.0,3.2062496757134795e-05,2
iris,real,150,4,classix,"{""engine"":""classix"",""group_merging"":""density"",""minPts"":1,""radius"":1.5}",1,True,True,0.0,0.0,0.0,0.0,,,,,,,1.0,0.0,0.0,0.0,0.0005704999784938991,0.0,3.245798870921135e-05,2
iris,real,150,4,classix,"{""engine"":""classix"",""group_merging"":""density"",""minPts"":10,""radius"":0.1}",1,True,True,0.012016210960969161,0.0,0.3742363381928435,0.0,0.11679775660434122,0.0,0.17146383572617208,0.0,332.9797517030491,0.0,128.0,0.0,0.0,0.0,0.006395895499736071,0.0,8.006248390302062e-05,2
iris,real,150,4,classix,"{""engine"":""classix"",""group_merging"":""density"",""minPts"":10,""radius"":0.2}",1,True,True,0.5681159420289855,0.0,0.7336804366512104,0.0,0.580184463257396,0.0,0.5975546650809878,0.0,248.90342786485118,0.0,2.0,0.0,0.0,0.0,0.008837812463752925,0.0,4.093750612810254e-05,2
iris,real,150,4,classix,"{""engine"":""classix"",""group_merging"":""density"",""minPts"":10,""radius"":0.3}",1,True,True,0.5681159420289855,0.0,0.7336804366512104,0.0,0.580184463257396,0.0,0.5975546650809878,0.0,248.90342786485118,0.0,2.0,0.0,0.0,0.0,0.005712083482649177,0.0,0.0004324995097704232,2
iris,real,150,4,classix,"{""engine"":""classix"",""group_merging"":""density"",""minPts"":10,""radius"":0.4}",1,True,True,0.5437515388376617,0.0,0.6924541904553437,0.0,0.5753869579723335,0.0,0.5963088291305927,0.0,237.82590430675975,0.0,2.0,0.0,0.0,0.0,0.0033813545014709234,0.0,1.3229495380073786e-05,2
iris,real,150,4,classix,"{""engine"":""classix"",""group_merging"":""density"",""minPts"":10,""radius"":0.5}",1,True,True,0.5437515388376617,0.0,0.6924541904553437,0.0,0.5753869579723335,0.0,0.5963088291305927,0.0,237.82590430675975,0.0,2.0,0.0,0.0,0.0,0.0024918540148064494,0.0,3.2603973522782326e-05,2
iris,real,150,4,classix,"{""engine"":""classix"",""group_merging"":""density"",""minPts"":10,""radius"":0.6}",1,True,True,0.5437515388376617,0.0,0.6924541904553437,0.0,0.5753869579723335,0.0,0.5963088291305927,0.0,237.82590430675975,0.0,2.0,0.0,0.0,0.0,0.0017658744764048606,0.0,2.7458503609523177e-05,2
iris,real,150,4,classix,"{""engine"":""classix"",""group_merging"":""density"",""minPts"":10,""radius"":0.7}",1,True,True,0.5437515388376617,0.0,0.6924541904553437,0.0,0.5753869579723335,0.0,0.5963088291305927,0.0,237.82590430675975,0.0,2.0,0.0,0.0,0.0,0.0016857709852047265,0.0,4.089600406587124e-05,2
iris,real,150,4,classix,"{""engine"":""classix"",""group_merging"":""density"",""minPts"":10,""radius"":0.8}",1,True,True,0.5681159420289855,0.0,0.7336804366512104,0.0,0.580184463257396,0.0,0.5975546650809878,0.0,248.90342786485118,0.0,2.0,0.0,0.0,0.0,0.001106917014112696,0.0,3.595798625610769e-05,2
iris,real,150,4,classix,"{""engine"":""classix"",""group_merging"":""density"",""minPts"":10,""radius"":0.9}",1,True,True,0.0,0.0,0.0,0.0,,,,,,,1.0,0.0,0.0,0.0,0.0009752500336617231,0.0,3.066699719056487e-05,2
iris,real,150,4,classix,"{""engine"":""classix"",""group_merging"":""density"",""minPts"":10,""radius"":1.0}",1,True,True,0.0,0.0,0.0,0.0,,,,,,,1.0,0.0,0.0,0.0,0.0008310004777740687,0.0,4.0333514334633946e-05,2
iris,real,150,4,classix,"{""engine"":""classix"",""group_merging"":""density"",""minPts"":10,""radius"":1.1}",1,True,True,0.0,0.0,0.0,0.0,,,,,,,1.0,0.0,0.0,0.0,0.0008054999925661832,0.0,3.516700235195458e-05,2
iris,real,150,4,classix,"{""engine"":""classix"",""group_merging"":""density"",""minPts"":10,""radius"":1.2}",1,True,True,0.0,0.0,0.0,0.0,,,,,,,1.0,0.0,0.0,0.0,0.0006485829944722354,0.0,3.26669542118907e-05,2
iris,real,150,4,classix,"{""engine"":""classix"",""group_merging"":""density"",""minPts"":10,""radius"":1.3}",1,True,True,0.0,0.0,0.0,0.0,,,,,,,1.0,0.0,0.0,0.0,0.000541354005690664,0.0,3.12289921566844e-05,2
iris,real,150,4,classix,"{""engine"":""classix"",""group_merging"":""density"",""minPts"":10,""radius"":1.4}",1,True,True,0.0,0.0,0.0,0.0,,,,,,,1.0,0.0,0.0,0.0,0.0005637085123453289,0.0,2.9583490686491132e-05,2
iris,real,150,4,classix,"{""engine"":""classix"",""group_merging"":""density"",""minPts"":10,""radius"":1.5}",1,True,True,0.0,0.0,0.0,0.0,,,,,,,1.0,0.0,0.0,0.0,0.0005678750167135149,0.0,3.47500026691705e-05,2
iris,real,150,4,classix,"{""engine"":""classix"",""group_merging"":""density"",""minPts"":5,""radius"":0.1}",1,True,True,0.012016210960969161,0.0,0.3742363381928435,0.0,0.11679775660434122,0.0,0.17146383572617208,0.0,332.9797517030491,0.0,128.0,0.0,0.0,0.0,0.006432729511288926,0.0,3.177046892233193e-05,2
iris,real,150,4,classix,"{""engine"":""classix"",""group_merging"":""density"",""minPts"":5,""radius"":0.2}",1,True,True,0.5978964511505344,0.0,0.6548463353892309,0.0,0.3450484298690507,0.0,1.0998612756629453,0.0,135.42740801750693,0.0,6.0,0.0,0.0,0.0,0.008790916530415416,0.0,1.8416496459394693e-05,2
iris,real,150,4,classix,"{""engine"":""classix"",""group_merging"":""density"",""minPts"":5,""radius"":0.3}",1,True,True,0.5681159420289855,0.0,0.7336804366512104,0.0,0.580184463257396,0.0,0.5975546650809878,0.0,248.90342786485118,0.0,2.0,0.0,0.0,0.0,0.005288978980388492,0.0,7.197901140898466e-05,2
iris,real,150,4,classix,"{""engine"":""classix"",""group_merging"":""density"",""minPts"":5,""radius"":0.4}",1,True,True,0.5437515388376617,0.0,0.6924541904553437,0.0,0.5753869579723335,0.0,0.5963088291305927,0.0,237.82590430675975,0.0,2.0,0.0,0.0,0.0,0.003417729021748528,0.0,1.3312004739418626e-05,2
iris,real,150,4,classix,"{""engine"":""classix"",""group_merging"":""density"",""minPts"":5,""radius"":0.5}",1,True,True,0.5437515388376617,0.0,0.6924541904553437,0.0,0.5753869579723335,0.0,0.5963088291305927,0.0,237.82590430675975,0.0,2.0,0.0,0.0,0.0,0.0025098755140788853,0.0,2.7541478630155325e-05,2
iris,real,150,4,classix,"{""engine"":""classix"",""group_merging"":""density"",""minPts"":5,""radius"":0.6}",1,True,True,0.5437515388376617,0.0,0.6924541904553437,0.0,0.5753869579723335,0.0,0.5963088291305927,0.0,237.82590430675975,0.0,2.0,0.0,0.0,0.0,0.0017774374864529818,0.0,4.431247361935675e-05,2
iris,real,150,4,classix,"{""engine"":""classix"",""group_merging"":""density"",""minPts"":5,""radius"":0.7}",1,True,True,0.5437515388376617,0.0,0.6924541904553437,0.0,0.5753869579723335,0.0,0.5963088291305927,0.0,237.82590430675975,0.0,2.0,0.0,0.0,0.0,0.0016798959986772388,0.0,2.2813008399680257e-05,2
iris,real,150,4,classix,"{""engine"":""classix"",""group_merging"":""density"",""minPts"":5,""radius"":0.8}",1,True,True,0.5681159420289855,0.0,0.7336804366512104,0.0,0.580184463257396,0.0,0.5975546650809878,0.0,248.90342786485118,0.0,2.0,0.0,0.0,0.0,0.001110604003770277,0.0,2.452099579386413e-05,2
iris,real,150,4,classix,"{""engine"":""classix"",""group_merging"":""density"",""minPts"":5,""radius"":0.9}",1,True,True,0.0,0.0,0.0,0.0,,,,,,,1.0,0.0,0.0,0.0,0.000977833493379876,0.0,3.3291493309661746e-05,2
iris,real,150,4,classix,"{""engine"":""classix"",""group_merging"":""density"",""minPts"":5,""radius"":1.0}",1,True,True,0.0,0.0,0.0,0.0,,,,,,,1.0,0.0,0.0,0.0,0.0008355000172741711,0.0,4.054198507219553e-05,2
iris,real,150,4,classix,"{""engine"":""classix"",""group_merging"":""density"",""minPts"":5,""radius"":1.1}",1,True,True,0.0,0.0,0.0,0.0,,,,,,,1.0,0.0,0.0,0.0,0.0008027504954952747,0.0,3.6083481973037124e-05,2
iris,real,150,4,classix,"{""engine"":""classix"",""group_merging"":""density"",""minPts"":5,""radius"":1.2}",1,True,True,0.0,0.0,0.0,0.0,,,,,,,1.0,0.0,0.0,0.0,0.0006489790102932602,0.0,3.672900493256748e-05,2
iris,real,150,4,classix,"{""engine"":""classix"",""group_merging"":""density"",""minPts"":5,""radius"":1.3}",1,True,True,0.0,0.0,0.0,0.0,,,,,,,1.0,0.0,0.0,0.0,0.0005453755147755146,0.0,3.4583499655127525e-05,2
iris,real,150,4,classix,"{""engine"":""classix"",""group_merging"":""density"",""minPts"":5,""radius"":1.4}",1,True,True,0.0,0.0,0.0,0.0,,,,,,,1.0,0.0,0.0,0.0,0.0005645000201184303,0.0,2.937499084509909e-05,2
iris,real,150,4,classix,"{""engine"":""classix"",""group_merging"":""density"",""minPts"":5,""radius"":1.5}",1,True,True,0.0,0.0,0.0,0.0,,,,,,,1.0,0.0,0.0,0.0,0.0005669170059263706,0.0,2.8542010113596916e-05,2
iris,real,150,4,classix,"{""engine"":""classix"",""group_merging"":""distance"",""minPts"":1,""radius"":0.1}",1,True,True,0.06112414493613426,0.0,0.410984086274665,0.0,0.14635327446942928,0.0,0.37277353998760937,0.0,115.31343732900942,0.0,93.0,0.0,0.0,0.0,0.0034434794797562063,0.0,6.660452345386147e-05,2
iris,real,150,4,classix,"{""engine"":""classix"",""group_merging"":""distance"",""minPts"":1,""radius"":0.2}",1,True,True,0.4805403112489727,0.0,0.5815039317849512,0.0,0.07708642800816418,0.0,0.6342566924931965,0.0,33.76400622930732,0.0,17.0,0.0,0.0,0.0,0.002139646006980911,0.0,4.947898560203612e-05,2
iris,real,150,4,classix,"{""engine"":""classix"",""group_merging"":""distance"",""minPts"":1,""radius"":0.3}",1,True,True,0.528866270229472,0.0,0.6520032728056797,0.0,0.18498059261769428,0.0,0.4410678348181055,0.0,49.46023179982928,0.0,9.0,0.0,0.0,0.0,0.0013281044957693666,0.0,1.4520512195304036e-05,2
iris,real,150,4,classix,"{""engine"":""classix"",""group_merging"":""distance"",""minPts"":1,""radius"":0.4}",1,True,True,0.5522031331345544,0.0,0.7005538698980611,0.0,0.4056835774781981,0.0,0.5046141503442914,0.0,103.26154420711799,0.0,4.0,0.0,0.0,0.0,0.0012341874826233834,0.0,0.0002180625160690397,2
iris,real,150,4,classix,"{""engine"":""classix"",""group_merging"":""distance"",""minPts"":1,""radius"":0.5}",1,True,True,0.5583714437541352,0.0,0.7201176036115982,0.0,0.5028765952374756,0.0,0.4960794386028609,0.0,130.1909884723888,0.0,3.0,0.0,0.0,0.0,0.0008033330086618662,0.0,3.504200140014291e-05,2
iris,real,150,4,classix,"{""engine"":""classix"",""group_merging"":""distance"",""minPts"":1,""radius"":0.6}",1,True,True,0.0,0.0,0.0,0.0,,,,,,,1.0,0.0,0.0,0.0,0.0006468959909398109,0.0,2.8062000637874007e-05,2
iris,real,150,4,classix,"{""engine"":""classix"",""group_merging"":""distance"",""minPts"":1,""radius"":0.7}",1,True,True,0.00036284338590934,0.0,0.025361523270382092,0.0,0.31383920632651974,0.0,0.5691291107915095,0.0,6.539057106045751,0.0,2.0,0.0,0.0,0.0,0.0006238755013328046,0.0,2.7208501705899835e-05,2
iris,real,150,4,classix,"{""engine"":""classix"",""group_merging"":""distance"",""minPts"":1,""radius"":0.8}",1,True,True,0.0,0.0,0.0,0.0,,,,,,,1.0,0.0,0.0,0.0,0.0005399164801929146,0.0,3.216651384718716e-05,2
iris,real,150,4,classix,"{""engine"":""classix"",""group_merging"":""distance"",""minPts"":1,""radius"":0.9}",1,True,True,0.5437515388376617,0.0,0.6924541904553437,0.0,0.5753869579723335,0.0,0.5963088291305927,0.0,237.82590430675975,0.0,2.0,0.0,0.0,0.0,0.0005219369777478278,0.0,3.539602039381862e-05,2
iris,real,150,4,classix,"{""engine"":""classix"",""group_merging"":""distance"",""minPts"":1,""radius"":1.0}",1,True,True,0.5437515388376617,0.0,0.6924541904553437,0.0,0.5753869579723335,0.0,0.5963088291305927,0.0,237.82590430675975,0.0,2.0,0.0,0.0,0.0,0.0004773334658239037,0.0,2.9666494810953736e-05,2
iris,real,150,4,classix,"{""engine"":""classix"",""group_merging"":""distance"",""minPts"":1,""radius"":1.1}",1,True,True,0.0,0.0,0.0,0.0,,,,,,,1.0,0.0,0.0,0.0,0.0004749374929815531,0.0,3.568752435967326e-05,2
iris,real,150,4,classix,"{""engine"":""classix"",""group_merging"":""distance"",""minPts"":1,""radius"":1.2}",1,True,True,0.0,0.0,0.0,0.0,,,,,,,1.0,0.0,0.0,0.0,0.00042947952169924974,0.0,3.2354495488107204e-05,2
iris,real,150,4,classix,"{""engine"":""classix"",""group_merging"":""distance"",""minPts"":1,""radius"":1.3}",1,True,True,0.0,0.0,0.0,0.0,,,,,,,1.0,0.0,0.0,0.0,0.0004071455041412264,0.0,2.593747922219336e-05,2
iris,real,150,4,classix,"{""engine"":""classix"",""group_merging"":""distance"",""minPts"":1,""radius"":1.4}",1,True,True,0.0,0.0,0.0,0.0,,,,,,,1.0,0.0,0.0,0.0,0.0004056875186506659,0.0,3.0312483431771398e-05,2
iris,real,150,4,classix,"{""engine"":""classix"",""group_merging"":""distance"",""minPts"":1,""radius"":1.5}",1,True,True,0.0,0.0,0.0,0.0,,,,,,,1.0,0.0,0.0,0.0,0.0004100005025975406,0.0,2.395850606262684e-05,2
iris,real,150,4,classix,"{""engine"":""classix"",""group_merging"":""distance"",""minPts"":10,""radius"":0.1}",1,True,True,0.0,0.0,0.0,0.0,,,,,,,1.0,0.0,0.0,0.0,0.004932917043333873,0.0,3.7291989428922534e-05,2
iris,real,150,4,classix,"{""engine"":""classix"",""group_merging"":""distance"",""minPts"":10,""radius"":0.2}",1,True,True,0.5681159420289855,0.0,0.7336804366512104,0.0,0.580184463257396,0.0,0.5975546650809878,0.0,248.90342786485118,0.0,2.0,0.0,0.0,0.0,0.0023554789659101516,0.0,3.918699803762138e-05,2
iris,real,150,4,classix,"{""engine"":""classix"",""group_merging"":""distance"",""minPts"":10,""radius"":0.3}",1,True,True,0.5681159420289855,0.0,0.7336804366512104,0.0,0.580184463257396,0.0,0.5975546650809878,0.0,248.90342786485118,0.0,2.0,0.0,0.0,0.0,0.0014131664938759059,0.0,1.9916478777304292e-05,2
iris,real,150,4,classix,"{""engine"":""classix"",""group_merging"":""distance"",""minPts"":10,""radius"":0.4}",1,True,True,0.5437515388376617,0.0,0.6924541904553437,0.0,0.5753869579723335,0.0,0.5963088291305927,0.0,237.82590430675975,0.0,2.0,0.0,0.0,0.0,0.0010331039957236499,0.0,2.0395993487909436e-05,2
iris,real,150,4,classix,"{""engine"":""classix"",""group_merging"":""distance"",""minPts"":10,""radius"":0.5}",1,True,True,0.5437515388376617,0.0,0.6924541904553437,0.0,0.5753869579723335,0.0,0.5963088291305927,0.0,237.82590430675975,0.0,2.0,0.0,0.0,0.0,0.0008214999688789248,0.0,2.9333983547985554e-05,2
iris,real,150,4,classix,"{""engine"":""classix"",""group_merging"":""distance"",""minPts"":10,""radius"":0.6}",1,True,True,0.0,0.0,0.0,0.0,,,,,,,1.0,0.0,0.0,0.0,0.0006414589588530362,0.0,3.0750001315027475e-05,2
iris,real,150,4,classix,"{""engine"":""classix"",""group_merging"":""distance"",""minPts"":10,""radius"":0.7}",1,True,True,0.0,0.0,0.0,0.0,,,,,,,1.0,0.0,0.0,0.0,0.0006436245166696608,0.0,2.7916510589420795e-05,2
iris,real,150,4,classix,"{""engine"":""classix"",""group_merging"":""distance"",""minPts"":10,""radius"":0.8}",1,True,True,0.0,0.0,0.0,0.0,,,,,,,1.0,0.0,0.0,0.0,0.0005414785409811884,0.0,2.606250927783549e-05,2
iris,real,150,4,classix,"{""engine"":""classix"",""group_merging"":""distance"",""minPts"":10,""radius"":0.9}",1,True,True,0.5437515388376617,0.0,0.6924541904553437,0.0,0.5753869579723335,0.0,0.5963088291305927,0.0,237.82590430675975,0.0,2.0,0.0,0.0,0.0,0.0005162909801583737,0.0,3.2499985536560416e-05,2
iris,real,150,4,classix,"{""engine"":""classix"",""group_merging"":""distance"",""minPts"":10,""radius"":1.0}",1,True,True,0.5437515388376617,0.0,0.6924541904553437,0.0,0.5753869579723335,0.0,0.5963088291305927,0.0,237.82590430675975,0.0,2.0,0.0,0.0,0.0,0.00047627100138925016,0.0,3.2728974474594e-05,2
iris,real,150,4,classix,"{""engine"":""classix"",""group_merging"":""distance"",""minPts"":10,""radius"":1.1}",1,True,True,0.0,0.0,0.0,0.0,,,,,,,1.0,0.0,0.0,0.0,0.00046556300367228687,0.0,3.1853996915742755e-05,2
iris,real,150,4,classix,"{""engine"":""classix"",""group_merging"":""distance"",""minPts"":10,""radius"":1.2}",1,True,True,0.0,0.0,0.0,0.0,,,,,,,1.0,0.0,0.0,0.0,0.0004310414951760322,0.0,3.520850441418588e-05,2
iris,real,150,4,classix,"{""engine"":""classix"",""group_merging"":""distance"",""minPts"":10,""radius"":1.3}",1,True,True,0.0,0.0,0.0,0.0,,,,,,,1.0,0.0,0.0,0.0,0.000407396029913798,0.0,3.0063005397096276e-05,2
iris,real,150,4,classix,"{""engine"":""classix"",""group_merging"":""distance"",""minPts"":10,""radius"":1.4}",1,True,True,0.0,0.0,0.0,0.0,,,,,,,1.0,0.0,0.0,0.0,0.0004037909966427833,0.0,2.5125016691163182e-05,2
iris,real,150,4,classix,"{""engine"":""classix"",""group_merging"":""distance"",""minPts"":10,""radius"":1.5}",1,True,True,0.0,0.0,0.0,0.0,,,,,,,1.0,0.0,0.0,0.0,0.000401374971261248,0.0,2.6416993932798505e-05,2
iris,real,150,4,classix,"{""engine"":""classix"",""group_merging"":""distance"",""minPts"":5,""radius"":0.1}",1,True,True,0.40749704813908355,0.0,0.5421965961954897,0.0,0.2444397138074542,0.0,1.2155602874950204,0.0,144.62438959589392,0.0,6.0,0.0,0.0,0.0,0.004684229003032669,0.0,6.18539925199002e-05,2
iris,real,150,4,classix,"{""engine"":""classix"",""group_merging"":""distance"",""minPts"":5,""radius"":0.2}",1,True,True,0.5681159420289855,0.0,0.7336804366512104,0.0,0.580184463257396,0.0,0.5975546650809878,0.0,248.90342786485118,0.0,2.0,0.0,0.0,0.0,0.002381332975346595,0.0,3.74580267816782e-05,2
iris,real,150,4,classix,"{""engine"":""classix"",""group_merging"":""distance"",""minPts"":5,""radius"":0.3}",1,True,True,0.5681159420289855,0.0,0.7336804366512104,0.0,0.580184463257396,0.0,0.5975546650809878,0.0,248.90342786485118,0.0,2.0,0.0,0.0,0.0,0.0014148540212772787,0.0,2.497900277376175e-05,2
iris,real,150,4,classix,"{""engine"":""classix"",""group_merging"":""distance"",""minPts"":5,""radius"":0.4}",1,True,True,0.5437515388376617,0.0,0.6924541904553437,0.0,0.5753869579723335,0.0,0.5963088291305927,0.0,237.82590430675975,0.0,2.0,0.0,0.0,0.0,0.001206707995152101,0.0,0.00014562500291503966,2
iris,real,150,4,classix,"{""engine"":""classix"",""group_merging"":""distance"",""minPts"":5,""radius"":0.5}",1,True,True,0.5437515388376617,0.0,0.6924541904553437,0.0,0.5753869579723335,0.0,0.5963088291305927,0.0,237.82590430675975,0.0,2.0,0.0,0.0,0.0,0.0008287705131806433,0.0,3.243749961256981e-05,2
iris,real,150,4,classix,"{""engine"":""classix"",""group_merging"":""distance"",""minPts"":5,""radius"":0.6}",1,True,True,0.0,0.0,0.0,0.0,,,,,,,1.0,0.0,0.0,0.0,0.0006408754852600396,0.0,3.645848482847214e-05,2
iris,real,150,4,classix,"{""engine"":""classix"",""group_merging"":""distance"",""minPts"":5,""radius"":0.7}",1,True,True,0.0,0.0,0.0,0.0,,,,,,,1.0,0.0,0.0,0.0,0.0006475205009337515,0.0,2.8604496037587523e-05,2
iris,real,150,4,classix,"{""engine"":""classix"",""group_merging"":""distance"",""minPts"":5,""radius"":0.8}",1,True,True,0.0,0.0,0.0,0.0,,,,,,,1.0,0.0,0.0,0.0,0.0005450209719128907,0.0,2.7270987629890442e-05,2
iris,real,150,4,classix,"{""engine"":""classix"",""group_merging"":""distance"",""minPts"":5,""radius"":0.9}",1,True,True,0.5437515388376617,0.0,0.6924541904553437,0.0,0.5753869579723335,0.0,0.5963088291305927,0.0,237.82590430675975,0.0,2.0,0.0,0.0,0.0,0.000518375018145889,0.0,2.9458024073392153e-05,2
iris,real,150,4,classix,"{""engine"":""classix"",""group_merging"":""distance"",""minPts"":5,""radius"":1.0}",1,True,True,0.5437515388376617,0.0,0.6924541904553437,0.0,0.5753869579723335,0.0,0.5963088291305927,0.0,237.82590430675975,0.0,2.0,0.0,0.0,0.0,0.0004778130096383393,0.0,3.539602039381862e-05,2
iris,real,150,4,classix,"{""engine"":""classix"",""group_merging"":""distance"",""minPts"":5,""radius"":1.1}",1,True,True,0.0,0.0,0.0,0.0,,,,,,,1.0,0.0,0.0,0.0,0.0004697499971371144,0.0,3.2249983632937074e-05,2
iris,real,150,4,classix,"{""engine"":""classix"",""group_merging"":""distance"",""minPts"":5,""radius"":1.2}",1,True,True,0.0,0.0,0.0,0.0,,,,,,,1.0,0.0,0.0,0.0,0.0004340625018812716,0.0,3.1187490094453096e-05,2
iris,real,150,4,classix,"{""engine"":""classix"",""group_merging"":""distance"",""minPts"":5,""radius"":1.3}",1,True,True,0.0,0.0,0.0,0.0,,,,,,,1.0,0.0,0.0,0.0,0.0004077709745615721,0.0,3.0395982321351767e-05,2
iris,real,150,4,classix,"{""engine"":""classix"",""group_merging"":""distance"",""minPts"":5,""radius"":1.4}",1,True,True,0.0,0.0,0.0,0.0,,,,,,,1.0,0.0,0.0,0.0,0.00040620850631967187,0.0,2.858351217582822e-05,2
iris,real,150,4,classix,"{""engine"":""classix"",""group_merging"":""distance"",""minPts"":5,""radius"":1.5}",1,True,True,0.0,0.0,0.0,0.0,,,,,,,1.0,0.0,0.0,0.0,0.0004052915028296411,0.0,2.720853080973029e-05,2
iris,real,150,4,dbscan,"{""eps"":0.1,""min_samples"":10}",1,True,True,0.0,0.0,0.0,0.0,,,,,,,0.0,0.0,150.0,0.0,0.0006284789997152984,0.0,1.0854040738195181e-05,2
iris,real,150,4,dbscan,"{""eps"":0.1,""min_samples"":3}",1,True,True,0.00109588140371449,0.0,0.03740984619206995,0.0,,,,,,,1.0,0.0,147.0,0.0,0.0007698544941376895,0.0,7.812486728653312e-06,2
iris,real,150,4,dbscan,"{""eps"":0.1,""min_samples"":5}",1,True,True,0.0,0.0,0.0,0.0,,,,,,,0.0,0.0,150.0,0.0,0.0006452494708355516,0.0,5.208508810028434e-06,2
iris,real,150,4,dbscan,"{""eps"":0.2,""min_samples"":10}",1,True,True,0.0,0.0,0.0,0.0,,,,,,,0.0,0.0,150.0,0.0,0.0006203955272212625,0.0,1.839548349380493e-05,2
iris,real,150,4,dbscan,"{""eps"":0.2,""min_samples"":3}",1,True,True,0.035766788415197856,0.0,0.1799286648665518,0.0,0.4539065999147989,0.0,0.7348761247338472,0.0,62.448610938068775,0.0,5.0,0.0,132.0,0.0,0.0006268119905143976,0.0,1.3396027497947216e-05,2
iris,real,150,4,dbscan,"{""eps"":0.2,""min_samples"":5}",1,True,True,0.0,0.0,0.0,0.0,,,,,,,0.0,0.0,150.0,0.0,0.0006177914910949767,0.0,1.5041499864310026e-05,2
iris,real,150,4,dbscan,"{""eps"":0.3,""min_samples"":10}",1,True,True,0.0,0.0,0.0,0.0,,,,,,,0.0,0.0,150.0,0.0,0.0006236665067262948,0.0,1.2791482731699944e-05,2
iris,real,150,4,dbscan,"{""eps"":0.3,""min_samples"":3}",1,True,True,0.1724670147820768,0.0,0.40252878743419207,0.0,0.4099275632624032,0.0,0.7010162406671991,0.0,165.36069192890412,0.0,10.0,0.0,84.0,0.0,0.0006554169813171029,0.0,1.4416989870369434e-05,2
iris,real,150,4,dbscan,"{""eps"":0.3,""min_samples"":5}",1,True,True,0.08759538435941186,0.0,0.27830655939065907,0.0,0.6367968540335708,0.0,0.4528999303405075,0.0,187.14879832017584,0.0,3.0,0.0,120.0,0.0,0.0006350000039674342,0.0,1.4125020243227482e-05,2
iris,real,150,4,dbscan,"{""eps"":0.4,""min_samples"":10}",1,True,True,0.16163716294977953,0.0,0.34066261814894444,0.0,0.5302845050216803,0.0,0.6826598150943096,0.0,55.37074036689234,0.0,2.0,0.0,118.0,0.0,0.0006376249948516488,0.0,8.833012543618679e-06,2
iris,real,150,4,dbscan,"{""eps"":0.4,""min_samples"":3}",1,True,True,0.37199196679773633,0.0,0.49314139547555275,0.0,0.41768401058454846,0.0,0.7672376891016613,0.0,103.08153906904485,0.0,10.0,0.0,39.0,0.0,0.0006653539894614369,0.0,1.4062999980524182e-05,2
iris,real,150,4,dbscan,"{""eps"":0.4,""min_samples"":5}",1,True,True,0.36550715288152474,0.0,0.5193243715808095,0.0,0.48526123671908233,0.0,0.7873848846967074,0.0,141.9764407824195,0.0,6.0,0.0,66.0,0.0,0.0006508540245704353,0.0,5.5209966376423836e-06,2
iris,real,150,4,dbscan,"{""eps"":0.5,""min_samples"":10}",1,True,True,0.27919050283369684,0.0,0.4652293065595071,0.0,0.7096355953272914,0.0,0.37662739250330507,0.0,269.2567129304825,0.0,3.0,0.0,89.0,0.0,0.0006637914921157062,0.0,7.000518962740898e-06,2
iris,real,150,4,dbscan,"{""eps"":0.5,""min_samples"":3}",1,True,True,0.4412628636664649,0.0,0.5092347555827763,0.0,0.25571583912281837,0.0,0.7065495430162477,0.0,77.10232219403164,0.0,7.0,0.0,18.0,0.0,0.0006836045067757368,0.0,7.1874819695949554e-06,2
iris,real,150,4,dbscan,"{""eps"":0.5,""min_samples"":5}",1,True,True,0.4282634768714612,0.0,0.49964128602385205,0.0,0.6531989922140499,0.0,0.4989837582071445,0.0,332.15978252218497,0.0,2.0,0.0,35.0,0.0,0.0006786670128349215,0.0,9.95802110992372e-06,2
iris,real,150,4,dbscan,"{""eps"":0.6,""min_samples"":10}",1,True,True,0.4427182915876659,0.0,0.5114275610192268,0.0,0.6481954589482648,0.0,0.5069696796570047,0.0,321.26499916859484,0.0,2.0,0.0,35.0,0.0,0.0006753329653292894,0.0,9.707990102469921e-06,2
iris,real,150,4,dbscan,"{""eps"":0.6,""min_samples"":3}",1,True,True,0.5238576155196973,0.0,0.6048016785230341,0.0,0.34494602219660425,0.0,0.6647076330599092,0.0,117.22103481812596,0.0,4.0,0.0,9.0,0.0,0.0006987084925640374,0.0,7.291469955816865e-06,2
iris,real,150,4,dbscan,"{""eps"":0.6,""min_samples"":5}",1,True,True,0.4706267335681117,0.0,0.5407961567255838,0.0,0.6405002985705055,0.0,0.5156104220514194,0.0,327.55808714971243,0.0,2.0,0.0,26.0,0.0,0.0007217084930744022,0.0,4.791651736013591e-05,2
iris,real,150,4,dbscan,"{""eps"":0.7,""min_samples"":10}",1,True,True,0.49439085742204647,0.0,0.5695184394082807,0.0,0.6276104406246582,0.0,0.5307785794735752,0.0,311.4934365078617,0.0,2.0,0.0,20.0,0.0,0.0007000619953032583,0.0,3.960158210247755e-07,2
iris,real,150,4,dbscan,"{""eps"":0.7,""min_samples"":3}",1,True,True,0.5464223216603212,0.0,0.66438908517785,0.0,0.6034547527923034,0.0,0.5638623856616407,0.0,287.30602768644667,0.0,2.0,0.0,6.0,0.0,0.0007018960022833198,0.0,9.687995770946145e-06,2
iris,real,150,4,dbscan,"{""eps"":0.7,""min_samples"":5}",1,True,True,0.5322260962659684,0.0,0.6368135542138186,0.0,0.6103881399976636,0.0,0.5483143932859225,0.0,297.92655878960323,0.0,2.0,0.0,8.0,0.0,0.0008631869859527797,0.0,0.00015164600335992873,2
iris,real,150,4,dbscan,"{""eps"":0.8,""min_samples"":10}",1,True,True,0.5343817363753418,0.0,0.6450374556153707,0.0,0.6066619846321996,0.0,0.5567968259539697,0.0,289.75244444480404,0.0,2.0,0.0,8.0,0.0,0.0007035835005808622,0.0,1.63745426107198e-05,2
iris,real,150,4,dbscan,"{""eps"":0.8,""min_samples"":3}",1,True,True,0.5517553852833211,0.0,0.6899788289414182,0.0,0.5963181718081865,0.0,0.5733858063691407,0.0,274.6881947959128,0.0,2.0,0.0,4.0,0.0,0.0007241250132210553,0.0,1.4208024367690086e-05,2
iris,real,150,4,dbscan,"{""eps"":0.8,""min_samples"":5}",1,True,True,0.5517553852833211,0.0,0.6899788289414182,0.0,0.5963181718081865,0.0,0.5733858063691407,0.0,274.6881947959128,0.0,2.0,0.0,4.0,0.0,0.0007073544838931412,0.0,9.812501957640052e-06,2
iris,real,150,4,dbscan,"{""eps"":0.9,""min_samples"":10}",1,True,True,0.5343817363753418,0.0,0.6450374556153707,0.0,0.6066619846321996,0.0,0.5567968259539697,0.0,289.75244444480404,0.0,2.0,0.0,8.0,0.0,0.0007116244814824313,0.0,1.5083496691659093e-05,2
iris,real,150,4,dbscan,"{""eps"":0.9,""min_samples"":3}",1,True,True,0.5517553852833211,0.0,0.6899788289414182,0.0,0.5963181718081865,0.0,0.5733858063691407,0.0,274.6881947959128,0.0,2.0,0.0,4.0,0.0,0.0007217914971988648,0.0,9.958486771211028e-06,2
iris,real,150,4,dbscan,"{""eps"":0.9,""min_samples"":5}",1,True,True,0.5517553852833211,0.0,0.6899788289414182,0.0,0.5963181718081865,0.0,0.5733858063691407,0.0,274.6881947959128,0.0,2.0,0.0,4.0,0.0,0.0007180204847827554,0.0,1.1562486179172993e-05,2
iris,real,150,4,dbscan,"{""eps"":1.0,""min_samples"":10}",1,True,True,0.5503452567273898,0.0,0.6758629348322922,0.0,0.5983562430293364,0.0,0.5695509541400582,0.0,279.5748872623458,0.0,2.0,0.0,4.0,0.0,0.0007192080083768815,0.0,1.2457981938496232e-05,2
iris,real,150,4,dbscan,"{""eps"":1.0,""min_samples"":3}",1,True,True,0.5583714437541352,0.0,0.7201176036115982,0.0,0.585127480924496,0.0,0.584538002804103,0.0,254.19991284760826,0.0,2.0,0.0,1.0,0.0,0.0007334374822676182,0.0,5.812500603497028e-06,2
iris,real,150,4,dbscan,"{""eps"":1.0,""min_samples"":5}",1,True,True,0.5535820784912958,0.0,0.695615950501928,0.0,0.5935615982845575,0.0,0.5759350471303453,0.0,270.3117853996517,0.0,2.0,0.0,3.0,0.0,0.0007276880205608904,0.0,9.979004971683025e-06,2
iris,real,150,4,dbscan,"{""eps"":1.1,""min_samples"":10}",1,True,True,0.5535820784912958,0.0,0.695615950501928,0.0,0.5935615982845575,0.0,0.5759350471303453,0.0,270.3117853996517,0.0,2.0,0.0,3.0,0.0,0.0007339999719988555,0.0,1.6582984244450927e-05,2
iris,real,150,4,dbscan,"{""eps"":1.1,""min_samples"":3}",1,True,True,0.5583714437541352,0.0,0.7201176036115982,0.0,0.585127480924496,0.0,0.584538002804103,0.0,254.19991284760826,0.0,2.0,0.0,1.0,0.0,0.0007442705100402236,0.0,1.0604504495859146e-05,2
iris,real,150,4,dbscan,"{""eps"":1.1,""min_samples"":5}",1,True,True,0.5557898627256279,0.0,0.7037444914258155,0.0,0.5893665096047187,0.0,0.5801239941842823,0.0,262.03800787565365,0.0,2.0,0.0,2.0,0.0,0.0007344794867094606,0.0,8.645496563985944e-06,2
iris,real,150,4,dbscan,"{""eps"":1.2,""min_samples"":10}",1,True,True,0.5535820784912958,0.0,0.695615950501928,0.0,0.5935615982845575,0.0,0.5759350471303453,0.0,270.3117853996517,0.0,2.0,0.0,3.0,0.0,0.0007415204891003668,0.0,6.020476575940847e-06,2
iris,real,150,4,dbscan,"{""eps"":1.2,""min_samples"":3}",1,True,True,0.5583714437541352,0.0,0.7201176036115982,0.0,0.585127480924496,0.0,0.584538002804103,0.0,254.19991284760826,0.0,2.0,0.0,1.0,0.0,0.0007473954756278545,0.0,1.2812524801120162e-05,2
iris,real,150,4,dbscan,"{""eps"":1.2,""min_samples"":5}",1,True,True,0.5583714437541352,0.0,0.7201176036115982,0.0,0.585127480924496,0.0,0.584538002804103,0.0,254.19991284760826,0.0,2.0,0.0,1.0,0.0,0.0007440205372404307,0.0,4.187488229945302e-06,2
iris,real,150,4,kmeans,"{""init"":""k-means++"",""n_clusters"":10,""n_init"":20}",5,False,,0.3308712397829272,0.010588668128246988,0.5718597971190007,0.011330060686294078,0.3522577892913737,0.0032389408265399693,0.88545305361726,0.005346053474520526,180.9302473913728,1.2022707585088939,10.0,0.0,0.0,0.0,0.02526863319799304,0.007163192325852433,0.0,5
iris,real,150,4,kmeans,"{""init"":""k-means++"",""n_clusters"":11,""n_init"":20}",5,False,,0.3253135758768807,0.021063641294624375,0.5563212104594143,0.01280430507202199,0.3582207210162291,0.002344890286523201,0.8771354194797929,0.011851957910488764,178.6321138035856,2.5831891591640295,11.0,0.0,0.0,0.0,0.026693891792092472,0.006182692820888107,0.0,5
iris,real,150,4,kmeans,"{""init"":""k-means++"",""n_clusters"":12,""n_init"":20}",5,False,,0.31337199117461345,0.013022080663412722,0.5590505435300991,0.01982911527055108,0.36120496023229437,0.0027027122948605395,0.848362756675545,0.021066689427008907,177.8620263475063,0.9793007243448276,12.0,0.0,0.0,0.0,0.02901105838827789,0.00924243125362807,0.0,5
iris,real,150,4,kmeans,"{""init"":""k-means++"",""n_clusters"":2,""n_init"":20}",5,False,,0.5681159420289855,0.0,0.7336804366512104,0.0,0.580184463257396,0.0,0.5975546650809878,0.0,248.90342786485115,2.842170943040401e-14,2.0,0.0,0.0,0.0,0.011738416808657347,0.004267688705739892,0.0,5
iris,real,150,4,kmeans,"{""init"":""k-means++"",""n_clusters"":3,""n_init"":20}",5,False,,0.6201351808870379,0.0,0.659486892724918,0.0,0.4589717867018718,5.551115123125783e-17,0.8354098493935599,0.0,239.34180132491102,1.2710574864626037e-14,3.0,0.0,0.0,0.0,0.012512749771121889,0.002209432195947081,0.0,5
iris,real,150,4,kmeans,"{""init"":""k-means++"",""n_clusters"":4,""n_init"":20}",5,False,,0.4538594424705926,0.014157507262308465,0.5876578671595514,0.007522345604161655,0.3884499365970001,0.0012002186368902927,0.8705342206189872,0.003223424228270806,206.34079563660958,0.18943599550320112,4.0,0.0,0.0,0.0,0.020598091802094133,0.014825690526400275,0.0,5
iris,real,150,4,kmeans,"{""init"":""k-means++"",""n_clusters"":5,""n_init"":20}",5,False,,0.42089542653390755,0.005927661267347086,0.5929705418487522,0.011361976257861318,0.34591310595251173,0.0017650953391520974,0.9470103857624617,0.0044960774074957865,202.57781320106625,0.12643350094164582,5.0,0.0,0.0,0.0,0.016166633204557003,0.0034805337835511164,0.0,5
iris,real,150,4,kmeans,"{""init"":""k-means++"",""n_clusters"":6,""n_init"":20}",5,False,,0.3554836044777036,0.00044663783444267446,0.5403335280350754,0.0006896760913169376,0.3268465523187095,0.0018343748560891123,1.0552698153969706,0.002102120232263242,186.6089531718982,0.06882571489226906,6.0,0.0,0.0,0.0,0.016494958393741398,0.002108121896691146,0.0,5
iris,real,150,4,kmeans,"{""init"":""k-means++"",""n_clusters"":7,""n_init"":20}",5,False,,0.3761565118131859,0.05325836264210441,0.5624429743030633,0.04008880197552896,0.33794250147974336,0.007410845774458451,0.9861414294707489,0.06599033716280939,175.34019216256326,1.4888363078395308,7.0,0.0,0.0,0.0,0.017476558207999916,0.001818165436231591,0.0,5
iris,real,150,4,kmeans,"{""init"":""k-means++"",""n_clusters"":8,""n_init"":20}",5,False,,0.38908588967699703,0.03262626071069953,0.5935538337707834,0.018420906378407525,0.3409172463962956,0.006676589659220672,0.9820792513956107,0.04138782800008458,172.52068915520084,1.2402258966934343,8.0,0.0,0.0,0.0,0.021468033187557013,0.006867130991905871,0.0,5
iris,real,150,4,kmeans,"{""init"":""k-means++"",""n_clusters"":9,""n_init"":20}",5,False,,0.3605082969201067,0.018948666974477512,0.5633756559746728,0.02081639619032333,0.35187326311020034,0.001958006878639477,0.8916047273161102,0.010733446500745753,176.55593764302944,0.4922268833967553,9.0,0.0,0.0,0.0,0.02234154160832986,0.004044046662685759,0.0,5
iris,real,150,4,ward,"{""linkage"":""ward"",""n_clusters"":10}",1,True,True,0.30886543544139894,0.0,0.532076620337174,0.0,0.3270112884176204,0.0,0.9248786206204906,0.0,161.61044557566547,0.0,10.0,0.0,0.0,0.0,0.00045560396392829716,0.0,3.731201286427677e-05,2
iris,real,150,4,ward,"{""linkage"":""ward"",""n_clusters"":11}",1,True,True,0.2757365127104876,0.0,0.5186761107465043,0.0,0.3101462167805624,0.0,0.9130666416142545,0.0,164.6975608030581,0.0,11.0,0.0,0.0,0.0,0.0004268539778422564,0.0,9.854004019871354e-06,2
iris,real,150,4,ward,"{""linkage"":""ward"",""n_clusters"":12}",1,True,True,0.2786658258847395,0.0,0.5244277123648823,0.0,0.3161923417272292,0.0,0.9811957218629995,0.0,164.22418427151067,0.0,12.0,0.0,0.0,0.0,0.000449208018835634,0.0,3.687501884996891e-05,2
iris,real,150,4,ward,"{""linkage"":""ward"",""n_clusters"":2}",1,True,True,0.5437515388376617,0.0,0.6924541904553437,0.0,0.5753869579723335,0.0,0.5963088291305927,0.0,237.82590430675975,0.0,2.0,0.0,0.0,0.0,0.0007382915064226836,0.0,6.300050881691277e-05,2
iris,real,150,4,ward,"{""linkage"":""ward"",""n_clusters"":3}",1,True,True,0.6153229932145449,0.0,0.6754701853436886,0.0,0.44553956399200406,0.0,0.805940469032997,0.0,220.2604374375408,0.0,3.0,0.0,0.0,0.0,0.0004981454985681921,0.0,1.868748222477734e-05,2
iris,real,150,4,ward,"{""linkage"":""ward"",""n_clusters"":4}",1,True,True,0.5879411768926853,0.0,0.6634138658193796,0.0,0.3993263633623272,0.0,0.9810810481893735,0.0,198.73031473511566,0.0,4.0,0.0,0.0,0.0,0.0005758959741797298,0.0,0.00012935398262925446,2
iris,real,150,4,ward,"{""linkage"":""ward"",""n_clusters"":5}",1,True,True,0.4697020357152941,0.0,0.6159213130306189,0.0,0.35497024823527595,0.0,0.946528841366292,0.0,194.9615573160926,0.0,5.0,0.0,0.0,0.0,0.00044770899694412947,0.0,1.9250030163675547e-05,2
iris,real,150,4,ward,"{""linkage"":""ward"",""n_clusters"":6}",1,True,True,0.45144158497835146,0.0,0.60629085549155,0.0,0.33715063585018973,0.0,0.9666536571771126,0.0,174.39154406826643,0.0,6.0,0.0,0.0,0.0,0.000465437478851527,0.0,4.443747457116842e-05,2
iris,real,150,4,ward,"{""linkage"":""ward"",""n_clusters"":7}",1,True,True,0.4127824955173889,0.0,0.5834267621993257,0.0,0.33932929295608083,0.0,0.9509082024545413,0.0,164.1537565667794,0.0,7.0,0.0,0.0,0.0,0.00043591699795797467,0.0,1.5207973774522543e-05,2
iris,real,150,4,ward,"{""linkage"":""ward"",""n_clusters"":8}",1,True,True,0.4005242655487206,0.0,0.5725159223133416,0.0,0.33975793858918524,0.0,0.8739250539501051,0.0,158.12190799279387,0.0,8.0,0.0,0.0,0.0,0.000455916509963572,0.0,4.133349284529686e-05,2
iris,real,150,4,ward,"{""linkage"":""ward"",""n_clusters"":9}",1,True,True,0.40161207356265427,0.0,0.5606377164653231,0.0,0.34452464758135287,0.0,0.9288727544098985,0.0,157.36173307874097,0.0,9.0,0.0,0.0,0.0,0.00042920850683003664,0.0,1.3624492567032576e-05,2
jain,shape,373,2,classix,"{""engine"":""classix"",""group_merging"":""density"",""minPts"":1,""radius"":0.1}",1,True,True,0.1471357080826055,0.0,0.3277283081857008,0.0,0.11906137466331082,0.0,0.5009793319554604,0.0,124.9695599421505,0.0,59.0,0.0,0.0,0.0,0.01023499999428168,0.0,9.845802560448647e-05,2
jain,shape,373,2,classix,"{""engine"":""classix"",""group_merging"":""density"",""minPts"":1,""radius"":0.2}",1,True,True,0.9014818352629625,0.0,0.7269061583306982,0.0,0.04786564705494021,0.0,0.6867216191641469,0.0,39.56726445289521,0.0,13.0,0.0,0.0,0.0,0.00588500002049841,0.0,7.658303366042674e-05,2
jain,shape,373,2,classix,"{""engine"":""classix"",""group_merging"":""density"",""minPts"":1,""radius"":0.3}",1,True,True,0.9459344663825814,0.0,0.8853687999016611,0.0,0.4082738332950478,0.0,0.7673823112336078,0.0,213.50309186034332,0.0,3.0,0.0,0.0,0.0,0.00343839600100182,0.0,7.343801553361118e-05,2
jain,shape,373,2,classix,"{""engine"":""classix"",""group_merging"":""density"",""minPts"":1,""radius"":0.4}",1,True,True,0.0,0.0,0.0,0.0,,,,,,,1.0,0.0,0.0,0.0,0.002452332992106676,0.0,6.841699359938502e-05,2
jain,shape,373,2,classix,"{""engine"":""classix"",""group_merging"":""density"",""minPts"":1,""radius"":0.5}",1,True,True,0.0,0.0,0.0,0.0,,,,,,,1.0,0.0,0.0,0.0,0.0020199589780531824,0.0,8.450000314041972e-05,2
jain,shape,373,2,classix,"{""engine"":""classix"",""group_merging"":""density"",""minPts"":1,""radius"":0.6}",1,True,True,0.0,0.0,0.0,0.0,,,,,,,1.0,0.0,0.0,0.0,0.001999854517634958,0.0,0.00039102049777284265,2
jain,shape,373,2,classix,"{""engine"":""classix"",""group_merging"":""density"",""minPts"":1,""radius"":0.7}",1,True,True,0.0,0.0,0.0,0.0,,,,,,,1.0,0.0,0.0,0.0,0.001285145990550518,0.0,5.318800685927272e-05,2
jain,shape,373,2,classix,"{""engine"":""classix"",""group_merging"":""density"",""minPts"":1,""radius"":0.8}",1,True,True,0.0,0.0,0.0,0.0,,,,,,,1.0,0.0,0.0,0.0,0.0012252294982317835,0.0,0.00017427050624974072,2
jain,shape,373,2,classix,"{""engine"":""classix"",""group_merging"":""density"",""minPts"":1,""radius"":0.9}",1,True,True,0.0,0.0,0.0,0.0,,,,,,,1.0,0.0,0.0,0.0,0.0012481040030252188,0.0,0.00023543796851299703,2
jain,shape,373,2,classix,"{""engine"":""classix"",""group_merging"":""density"",""minPts"":1,""radius"":1.0}",1,True,True,0.0,0.0,0.0,0.0,,,,,,,1.0,0.0,0.0,0.0,0.0010627915035001934,0.0,0.00017266650684177876,2
jain,shape,373,2,classix,"{""engine"":""classix"",""group_merging"":""density"",""minPts"":1,""radius"":1.1}",1,True,True,0.0,0.0,0.0,0.0,,,,,,,1.0,0.0,0.0,0.0,0.0008292909769807011,0.0,3.862500307150185e-05,2
jain,shape,373,2,classix,"{""engine"":""classix"",""group_merging"":""density"",""minPts"":1,""radius"":1.2}",1,True,True,0.0,0.0,0.0,0.0,,,,,,,1.0,0.0,0.0,0.0,0.000830687495181337,0.0,4.2312516598030925e-05,2
jain,shape,373,2,classix,"{""engine"":""classix"",""group_merging"":""density"",""minPts"":1,""radius"":1.3}",1,True,True,0.0,0.0,0.0,0.0,,,,,,,1.0,0.0,0.0,0.0,0.0006027919589541852,0.0,3.4374999813735485e-05,2
jain,shape,373,2,classix,"{""engine"":""classix"",""group_merging"":""density"",""minPts"":1,""radius"":1.4}",1,True,True,0.0,0.0,0.0,0.0,,,,,,,1.0,0.0,0.0,0.0,0.002691499510547146,0.0,0.002103166509186849,2
jain,shape,373,2,classix,"{""engine"":""classix"",""group_merging"":""density"",""minPts"":1,""radius"":1.5}",1,True,True,0.0,0.0,0.0,0.0,,,,,,,1.0,0.0,0.0,0.0,0.0013831039832439274,0.0,0.0008177709823939949,2
jain,shape,373,2,classix,"{""engine"":""classix"",""group_merging"":""density"",""minPts"":10,""radius"":0.1}",1,True,True,0.20541692398848088,0.0,0.38560663617052404,0.0,0.3587899622722979,0.0,0.7684759603915818,0.0,469.6372806526163,0.0,6.0,0.0,0.0,0.0,0.010950687486911193,0.0,0.00018556250142864883,2
jain,shape,373,2,classix,"{""engine"":""classix"",""group_merging"":""density"",""minPts"":10,""radius"":0.2}",1,True,True,0.9397136079468119,0.0,0.8769398008811272,0.0,0.38947664455187153,0.0,0.8459797339228042,0.0,213.25573558437847,0.0,3.0,0.0,0.0,0.0,0.006176333496114239,0.0,8.06245079729706e-05,2
jain,shape,373,2,classix,"{""engine"":""classix"",""group_merging"":""density"",""minPts"":10,""radius"":0.3}",1,True,True,0.9459344663825814,0.0,0.8853687999016611,0.0,0.4082738332950478,0.0,0.7673823112336078,0.0,213.50309186034332,0.0,3.0,0.0,0.0,0.0,0.0034921664628200233,0.0,0.00014866649871692061,2
jain,shape,373,2,classix,"{""engine"":""classix"",""group_merging"":""density"",""minPts"":10,""radius"":0.4}",1,True,True,0.0,0.0,0.0,0.0,,,,,,,1.0,0.0,0.0,0.0,0.002822437498252839,0.0,0.00044910446740686893,2
jain,shape,373,2,classix,"{""engine"":""classix"",""group_merging"":""density"",""minPts"":10,""radius"":0.5}",1,True,True,0.0,0.0,0.0,0.0,,,,,,,1.0,0.0,0.0,0.0,0.002350354508962482,0.0,0.000407895480748266,2
jain,shape,373,2,classix,"{""engine"":""classix"",""group_merging"":""density"",""minPts"":10,""radius"":0.6}",1,True,True,0.0,0.0,0.0,0.0,,,,,,,1.0,0.0,0.0,0.0,0.0017754375003278255,0.0,7.103488314896822e-06,2
jain,shape,373,2,classix,"{""engine"":""classix"",""group_merging"":""density"",""minPts"":10,""radius"":0.7}",1,True,True,0.0,0.0,0.0,0.0,,,,,,,1.0,0.0,0.0,0.0,0.0014610000071115792,0.0,0.00023779197363182902,2
jain,shape,373,2,classix,"{""engine"":""classix"",""group_merging"":""density"",""minPts"":10,""radius"":0.8}",1,True,True,0.0,0.0,0.0,0.0,,,,,,,1.0,0.0,0.0,0.0,0.0010912914876826108,0.0,4.7291512601077557e-05,2
jain,shape,373,2,classix,"{""engine"":""classix"",""group_merging"":""density"",""minPts"":10,""radius"":0.9}",1,True,True,0.0,0.0,0.0,0.0,,,,,,,1.0,0.0,0.0,0.0,0.001263979502255097,0.0,0.0002501874987501651,2
jain,shape,373,2,classix,"{""engine"":""classix"",""group_merging"":""density"",""minPts"":10,""radius"":1.0}",1,True,True,0.0,0.0,0.0,0.0,,,,,,,1.0,0.0,0.0,0.0,0.0009347295272164047,0.0,4.418747266754508e-05,2
jain,shape,373,2,classix,"{""engine"":""classix"",""group_merging"":""density"",""minPts"":10,""radius"":1.1}",1,True,True,0.0,0.0,0.0,0.0,,,,,,,1.0,0.0,0.0,0.0,0.0009677709895186126,0.0,0.00019022903870791197,2
jain,shape,373,2,classix,"{""engine"":""classix"",""group_merging"":""density"",""minPts"":10,""radius"":1.2}",1,True,True,0.0,0.0,0.0,0.0,,,,,,,1.0,0.0,0.0,0.0,0.0008258544839918613,0.0,3.689550794661045e-05,2
jain,shape,373,2,classix,"{""engine"":""classix"",""group_merging"":""density"",""minPts"":10,""radius"":1.3}",1,True,True,0.0,0.0,0.0,0.0,,,,,,,1.0,0.0,0.0,0.0,0.0007092084852047265,0.0,0.00013979151844978333,2
jain,shape,373,2,classix,"{""engine"":""classix"",""group_merging"":""density"",""minPts"":10,""radius"":1.4}",1,True,True,0.0,0.0,0.0,0.0,,,,,,,1.0,0.0,0.0,0.0,0.000624249514658004,0.0,3.433349775150418e-05,2
jain,shape,373,2,classix,"{""engine"":""classix"",""group_merging"":""density"",""minPts"":10,""radius"":1.5}",1,True,True,0.0,0.0,0.0,0.0,,,,,,,1.0,0.0,0.0,0.0,0.000679020507959649,0.0,0.0001264795137103647,2
jain,shape,373,2,classix,"{""engine"":""classix"",""group_merging"":""density"",""minPts"":5,""radius"":0.1}",1,True,True,0.1849582418501998,0.0,0.40346070240134524,0.0,0.27825561146766703,0.0,0.8486047898881459,0.0,353.19747045370195,0.0,12.0,0.0,0.0,0.0,0.010891041456488892,0.0,7.312450907193124e-05,2
jain,shape,373,2,classix,"{""engine"":""classix"",""group_merging"":""density"",""minPts"":5,""radius"":0.2}",1,True,True,0.9063402685565337,0.0,0.7671860146617255,0.0,0.31111493886152397,0.0,0.8790498164700193,0.0,94.52858027991428,0.0,6.0,0.0,0.0,0.0,0.006015979015501216,0.0,9.243798558600247e-05,2
jain,shape,373,2,classix,"{""engine"":""classix"",""group_merging"":""density"",""minPts"":5,""radius"":0.3}",1,True,True,0.9459344663825814,0.0,0.8853687999016611,0.0,0.4082738332950478,0.0,0.7673823112336078,0.0,213.50309186034332,0.0,3.0,0.0,0.0,0.0,0.00345420851954259,0.0,6.68334832880646e-05,2
jain,shape,373,2,classix,"{""engine"":""classix"",""group_merging"":""density"",""minPts"":5,""radius"":0.4}",1,True,True,0.0,0.0,0.0,0.0,,,,,,,1.0,0.0,0.0,0.0,0.0027938539860770106,0.0,0.0004050210118293762,2
jain,shape,373,2,classix,"{""engine"":""classix"",""group_merging"":""density"",""minPts"":5,""radius"":0.5}",1,True,True,0.0,0.0,0.0,0.0,,,,,,,1.0,0.0,0.0,0.0,0.0019756249675992876,0.0,4.870901466347277e-05,2
jain,shape,373,2,classix,"{""engine"":""classix"",""group_merging"":""density"",""minPts"":5,""radius"":0.6}",1,True,True,0.0,0.0,0.0,0.0,,,,,,,1.0,0.0,0.0,0.0,0.001884624973172322,0.0,0.00029308299417607486,2
jain,shape,373,2,classix,"{""engine"":""classix"",""group_merging"":""density"",""minPts"":5,""radius"":0.7}",1,True,True,0.0,0.0,0.0,0.0,,,,,,,1.0,0.0,0.0,0.0,0.0014846250123810023,0.0,0.00026962501578964293,2
jain,shape,373,2,classix,"{""engine"":""classix"",""group_merging"":""density"",""minPts"":5,""radius"":0.8}",1,True,True,0.0,0.0,0.0,0.0,,,,,,,1.0,0.0,0.0,0.0,0.0011021879618056118,0.0,5.639600567519665e-05,2
jain,shape,373,2,classix,"{""engine"":""classix"",""group_merging"":""density"",""minPts"":5,""radius"":0.9}",1,True,True,0.0,0.0,0.0,0.0,,,,,,,1.0,0.0,0.0,0.0,0.001229999994393438,0.0,0.00021241599461063743,2
jain,shape,373,2,classix,"{""engine"":""classix"",""group_merging"":""density"",""minPts"":5,""radius"":1.0}",1,True,True,0.0,0.0,0.0,0.0,,,,,,,1.0,0.0,0.0,0.0,0.0009371250052936375,0.0,5.6750024668872356e-05,2
jain,shape,373,2,classix,"{""engine"":""classix"",""group_merging"":""density"",""minPts"":5,""radius"":1.1}",1,True,True,0.0,0.0,0.0,0.0,,,,,,,1.0,0.0,0.0,0.0,0.000968416512478143,0.0,0.00018733349861577153,2
jain,shape,373,2,classix,"{""engine"":""classix"",""group_merging"":""density"",""minPts"":5,""radius"":1.2}",1,True,True,0.0,0.0,0.0,0.0,,,,,,,1.0,0.0,0.0,0.0,0.0008205840131267905,0.0,4.050001734867692e-05,2
jain,shape,373,2,classix,"{""engine"":""classix"",""group_merging"":""density"",""minPts"":5,""radius"":1.3}",1,True,True,0.0,0.0,0.0,0.0,,,,,,,1.0,0.0,0.0,0.0,0.0007260209822561592,0.0,0.00015889600035734475,2
jain,shape,373,2,classix,"{""engine"":""classix"",""group_merging"":""density"",""minPts"":5,""radius"":1.4}",1,True,True,0.0,0.0,0.0,0.0,,,,,,,1.0,0.0,0.0,0.0,0.0006307919975370169,0.0,4.858302418142557e-05,2
jain,shape,373,2,classix,"{""engine"":""classix"",""group_merging"":""density"",""minPts"":5,""radius"":1.5}",1,True,True,0.0,0.0,0.0,0.0,,,,,,,1.0,0.0,0.0,0.0,0.0007676460081711411,0.0,0.00021431298227980733,2
jain,shape,373,2,classix,"{""engine"":""classix"",""group_merging"":""distance"",""minPts"":1,""radius"":0.1}",1,True,True,0.3050294161082815,0.0,0.4199600078281878,0.0,0.19319680606635295,0.0,0.5054033172215477,0.0,83.66125881548005,0.0,37.0,0.0,0.0,0.0,0.0033361875102855265,0.0,7.63125135563314e-05,2
jain,shape,373,2,classix,"{""engine"":""classix"",""group_merging"":""distance"",""minPts"":1,""radius"":0.2}",1,True,True,0.9782425915281664,0.0,0.9331332509181037,0.0,0.08164676700391668,0.0,0.8571642403828056,0.0,127.4530185267909,0.0,4.0,0.0,0.0,0.0,0.0016256249800790101,0.0,4.545800038613379e-05,2
jain,shape,373,2,classix,"{""engine"":""classix"",""group_merging"":""distance"",""minPts"":1,""radius"":0.3}",1,True,True,0.0,0.0,0.0,0.0,,,,,,,1.0,0.0,0.0,0.0,0.0010382085165474564,0.0,4.291647928766906e-05,2
jain,shape,373,2,classix,"{""engine"":""classix"",""group_merging"":""distance"",""minPts"":1,""radius"":0.4}",1,True,True,0.0,0.0,0.0,0.0,,,,,,,1.0,0.0,0.0,0.0,0.000782937539042905,0.0,5.393751780502498e-05,2
jain,shape,373,2,classix,"{""engine"":""classix"",""group_merging"":""distance"",""minPts"":1,""radius"":0.5}",1,True,True,0.0,0.0,0.0,0.0,,,,,,,1.0,0.0,0.0,0.0,0.0007091039733495563,0.0,9.893698734231293e-05,2
jain,shape,373,2,classix,"{""engine"":""classix"",""group_merging"":""distance"",""minPts"":1,""radius"":0.6}",1,True,True,0.0,0.0,0.0,0.0,,,,,,,1.0,0.0,0.0,0.0,0.0006463535246439278,0.0,0.00012593751307576895,2
jain,shape,373,2,classix,"{""engine"":""classix"",""group_merging"":""distance"",""minPts"":1,""radius"":0.7}",1,True,True,0.0,0.0,0.0,0.0,,,,,,,1.0,0.0,0.0,0.0,0.000501833506859839,0.0,4.204153083264828e-05,2
jain,shape,373,2,classix,"{""engine"":""classix"",""group_merging"":""distance"",""minPts"":1,""radius"":0.8}",1,True,True,0.0,0.0,0.0,0.0,,,,,,,1.0,0.0,0.0,0.0,0.0005062914569862187,0.0,0.00010475050657987595,2
jain,shape,373,2,classix,"{""engine"":""classix"",""group_merging"":""distance"",""minPts"":1,""radius"":0.9}",1,True,True,0.0,0.0,0.0,0.0,,,,,,,1.0,0.0,0.0,0.0,0.0005279585020616651,0.0,0.00015170848928391933,2
jain,shape,373,2,classix,"{""engine"":""classix"",""group_merging"":""distance"",""minPts"":1,""radius"":1.0}",1,True,True,0.0,0.0,0.0,0.0,,,,,,,1.0,0.0,0.0,0.0,0.0004595420032273978,0.0,0.0001001250057015568,2
jain,shape,373,2,classix,"{""engine"":""classix"",""group_merging"":""distance"",""minPts"":1,""radius"":1.1}",1,True,True,0.0,0.0,0.0,0.0,,,,,,,1.0,0.0,0.0,0.0,0.0003808539768215269,0.0,3.422898589633405e-05,2
jain,shape,373,2,classix,"{""engine"":""classix"",""group_merging"":""distance"",""minPts"":1,""radius"":1.2}",1,True,True,0.0,0.0,0.0,0.0,,,,,,,1.0,0.0,0.0,0.0,0.0004483755037654191,0.0,0.00011058352538384497,2
jain,shape,373,2,classix,"{""engine"":""classix"",""group_merging"":""distance"",""minPts"":1,""radius"":1.3}",1,True,True,0.0,0.0,0.0,0.0,,,,,,,1.0,0.0,0.0,0.0,0.00033827099832706153,0.0,3.202099469490349e-05,2
jain,shape,373,2,classix,"{""engine"":""classix"",""group_merging"":""distance"",""minPts"":1,""radius"":1.4}",1,True,True,0.0,0.0,0.0,0.0,,,,,,,1.0,0.0,0.0,0.0,0.000404853984946385,0.0,0.00010356199345551431,2
jain,shape,373,2,classix,"{""engine"":""classix"",""group_merging"":""distance"",""minPts"":1,""radius"":1.5}",1,True,True,0.0,0.0,0.0,0.0,,,,,,,1.0,0.0,0.0,0.0,0.0003268955333624035,0.0,3.156249294988811e-05,2
jain,shape,373,2,classix,"{""engine"":""classix"",""group_merging"":""distance"",""minPts"":10,""radius"":0.1}",1,True,True,0.35859386796656767,0.0,0.53957730219297,0.0,0.4316312841044816,0.0,0.7248368025110523,0.0,480.6448443881787,0.0,5.0,0.0,0.0,0.0,0.0037787085166200995,0.0,7.641647243872285e-05,2
jain,shape,373,2,classix,"{""engine"":""classix"",""group_merging"":""distance"",""minPts"":10,""radius"":0.2}",1,True,True,1.0,0.0,1.0,0.0,0.45112370157568393,0.0,0.8096925059289811,0.0,351.74177702966216,0.0,2.0,0.0,0.0,0.0,0.0016816665010992438,0.0,5.8458506828173995e-05,2
jain,shape,373,2,classix,"{""engine"":""classix"",""group_merging"":""distance"",""minPts"":10,""radius"":0.3}",1,True,True,0.0,0.0,0.0,0.0,,,,,,,1.0,0.0,0.0,0.0,0.0010268125333823264,0.0,4.4645508751273155e-05,2
jain,shape,373,2,classix,"{""engine"":""classix"",""group_merging"":""distance"",""minPts"":10,""radius"":0.4}",1,True,True,0.0,0.0,0.0,0.0,,,,,,,1.0,0.0,0.0,0.0,0.0009595209849067032,0.0,0.00024331198073923588,2
jain,shape,373,2,classix,"{""engine"":""classix"",""group_merging"":""distance"",""minPts"":10,""radius"":0.5}",1,True,True,0.0,0.0,0.0,0.0,,,,,,,1.0,0.0,0.0,0.0,0.0008037500374484807,0.0,0.00020791598944924772,2
jain,shape,373,2,classix,"{""engine"":""classix"",""group_merging"":""distance"",""minPts"":10,""radius"":0.6}",1,True,True,0.0,0.0,0.0,0.0,,,,,,,1.0,0.0,0.0,0.0,0.0006179164920467883,0.0,0.00012141649494878948,2
jain,shape,373,2,classix,"{""engine"":""classix"",""group_merging"":""distance"",""minPts"":10,""radius"":0.7}",1,True,True,0.0,0.0,0.0,0.0,,,,,,,1.0,0.0,0.0,0.0,0.0005739165062550455,0.0,0.00013725049211643636,2
jain,shape,373,2,classix,"{""engine"":""classix"",""group_merging"":""distance"",""minPts"":10,""radius"":0.8}",1,True,True,0.0,0.0,0.0,0.0,,,,,,,1.0,0.0,0.0,0.0,0.0004450409905984998,0.0,4.499999340623617e-05,2
jain,shape,373,2,classix,"{""engine"":""classix"",""group_merging"":""distance"",""minPts"":10,""radius"":0.9}",1,True,True,0.0,0.0,0.0,0.0,,,,,,,1.0,0.0,0.0,0.0,0.0004942914820276201,0.0,0.00010950048454105854,2
jain,shape,373,2,classix,"{""engine"":""classix"",""group_merging"":""distance"",""minPts"":10,""radius"":1.0}",1,True,True,0.0,0.0,0.0,0.0,,,,,,,1.0,0.0,0.0,0.0,0.00039991652010940015,0.0,3.379149711690843e-05,2
jain,shape,373,2,classix,"{""engine"":""classix"",""group_merging"":""distance"",""minPts"":10,""radius"":1.1}",1,True,True,0.0,0.0,0.0,0.0,,,,,,,1.0,0.0,0.0,0.0,0.0004721670120488852,0.0,0.0001317080168519169,2
jain,shape,373,2,classix,"{""engine"":""classix"",""group_merging"":""distance"",""minPts"":10,""radius"":1.2}",1,True,True,0.0,0.0,0.0,0.0,,,,,,,1.0,0.0,0.0,0.0,0.0003719169762916863,0.0,3.7375022657215595e-05,2
jain,shape,373,2,classix,"{""engine"":""classix"",""group_merging"":""distance"",""minPts"":10,""radius"":1.3}",1,True,True,0.0,0.0,0.0,0.0,,,,,,,1.0,0.0,0.0,0.0,0.00039220796315930784,0.0,8.841700037010014e-05,2
jain,shape,373,2,classix,"{""engine"":""classix"",""group_merging"":""distance"",""minPts"":10,""radius"":1.4}",1,True,True,0.0,0.0,0.0,0.0,,,,,,,1.0,0.0,0.0,0.0,0.0003280209784861654,0.0,3.460401785559952e-05,2
jain,shape,373,2,classix,"{""engine"":""classix"",""group_merging"":""distance"",""minPts"":10,""radius"":1.5}",1,True,True,0.0,0.0,0.0,0.0,,,,,,,1.0,0.0,0.0,0.0,0.0003924169868696481,0.0,9.83749923761934e-05,2
jain,shape,373,2,classix,"{""engine"":""classix"",""group_merging"":""distance"",""minPts"":5,""radius"":0.1}",1,True,True,0.3223555601716667,0.0,0.48470479578147074,0.0,0.4403652740656988,0.0,0.7020768381089579,0.0,316.82744857074545,0.0,10.0,0.0,0.0,0.0,0.0036746879923157394,0.0,8.539599366486073e-05,2
jain,shape,373,2,classix,"{""engine"":""classix"",""group_merging"":""distance"",""minPts"":5,""radius"":0.2}",1,True,True,0.9809240642431116,0.0,0.9444586796478842,0.0,0.3760762622382739,0.0,0.7479299971300617,0.0,189.33265867973677,0.0,3.0,0.0,0.0,0.0,0.001652687496971339,0.0,5.3520489018410444e-05,2
jain,shape,373,2,classix,"{""engine"":""classix"",""group_merging"":""distance"",""minPts"":5,""radius"":0.3}",1,True,True,0.0,0.0,0.0,0.0,,,,,,,1.0,0.0,0.0,0.0,0.001012146007269621,0.0,4.831200931221247e-05,2
jain,shape,373,2,classix,"{""engine"":""classix"",""group_merging"":""distance"",""minPts"":5,""radius"":0.4}",1,True,True,0.0,0.0,0.0,0.0,,,,,,,1.0,0.0,0.0,0.0,0.0007629375031683594,0.0,3.318747621960938e-05,2
jain,shape,373,2,classix,"{""engine"":""classix"",""group_merging"":""distance"",""minPts"":5,""radius"":0.5}",1,True,True,0.0,0.0,0.0,0.0,,,,,,,1.0,0.0,0.0,0.0,0.0006533955165650696,0.0,5.0020491471514106e-05,2
jain,shape,373,2,classix,"{""engine"":""classix"",""group_merging"":""distance"",""minPts"":5,""radius"":0.6}",1,True,True,0.0,0.0,0.0,0.0,,,,,,,1.0,0.0,0.0,0.0,0.0006420000281650573,0.0,0.00013679100084118545,2
jain,shape,373,2,classix,"{""engine"":""classix"",""group_merging"":""distance"",""minPts"":5,""radius"":0.7}",1,True,True,0.0,0.0,0.0,0.0,,,,,,,1.0,0.0,0.0,0.0,0.0004783750046044588,0.0,3.7999998312443495e-05,2
jain,shape,373,2,classix,"{""engine"":""classix"",""group_merging"":""distance"",""minPts"":5,""radius"":0.8}",1,True,True,0.0,0.0,0.0,0.0,,,,,,,1.0,0.0,0.0,0.0,0.0004741875163745135,0.0,7.218748214654624e-05,2
jain,shape,373,2,classix,"{""engine"":""classix"",""group_merging"":""distance"",""minPts"":5,""radius"":0.9}",1,True,True,0.0,0.0,0.0,0.0,,,,,,,1.0,0.0,0.0,0.0,0.00048637500731274486,0.0,0.00010549998842179775,2
jain,shape,373,2,classix,"{""engine"":""classix"",""group_merging"":""distance"",""minPts"":5,""radius"":1.0}",1,True,True,0.0,0.0,0.0,0.0,,,,,,,1.0,0.0,0.0,0.0,0.0004855210427194834,0.0,0.0001244790037162602,2
jain,shape,373,2,classix,"{""engine"":""classix"",""group_merging"":""distance"",""minPts"":5,""radius"":1.1}",1,True,True,0.0,0.0,0.0,0.0,,,,,,,1.0,0.0,0.0,0.0,0.0003745000285562128,0.0,3.183298395015299e-05,2
jain,shape,373,2,classix,"{""engine"":""classix"",""group_merging"":""distance"",""minPts"":5,""radius"":1.2}",1,True,True,0.0,0.0,0.0,0.0,,,,,,,1.0,0.0,0.0,0.0,0.00037702047848142684,0.0,4.047949914820492e-05,2
jain,shape,373,2,classix,"{""engine"":""classix"",""group_merging"":""distance"",""minPts"":5,""radius"":1.3}",1,True,True,0.0,0.0,0.0,0.0,,,,,,,1.0,0.0,0.0,0.0,0.00042187501094304025,0.0,0.00012316598440520465,2
jain,shape,373,2,classix,"{""engine"":""classix"",""group_merging"":""distance"",""minPts"":5,""radius"":1.4}",1,True,True,0.0,0.0,0.0,0.0,,,,,,,1.0,0.0,0.0,0.0,0.0003454789984971285,0.0,5.1520997658371925e-05,2
jain,shape,373,2,classix,"{""engine"":""classix"",""group_merging"":""distance"",""minPts"":5,""radius"":1.5}",1,True,True,0.0,0.0,0.0,0.0,,,,,,,1.0,0.0,0.0,0.0,0.0006923124601598829,0.0,0.0003988124954048544,2
jain,shape,373,2,dbscan,"{""eps"":0.1,""min_samples"":10}",1,True,True,-0.031214415968435286,0.0,0.02355347838199407,0.0,,,,,,,1.0,0.0,363.0,0.0,0.0009142289927694947,0.0,1.5146011719480157e-05,2
jain,shape,373,2,dbscan,"{""eps"":0.1,""min_samples"":3}",1,True,True,0.08544430136704208,0.0,0.29221492213954714,0.0,0.3082180780497825,0.0,0.5127218474816555,0.0,478.98781400444625,0.0,22.0,0.0,83.0,0.0,0.0011327500105835497,0.0,2.1875021047890186e-05,2
jain,shape,373,2,dbscan,"{""eps"":0.1,""min_samples"":5}",1,True,True,0.010863409312651113,0.0,0.22673046989622142,0.0,0.3682589952903353,0.0,0.6401486512173454,0.0,687.7577609563855,0.0,21.0,0.0,136.0,0.0,0.0009731875034049153,0.0,1.3562501408159733e-05,2
jain,shape,373,2,dbscan,"{""eps"":0.2,""min_samples"":10}",1,True,True,0.9542046459625031,0.0,0.8889017013909634,0.0,0.46529916151224504,0.0,0.45822777747174326,0.0,77.55523940657042,0.0,2.0,0.0,84.0,0.0,0.0010024375224020332,0.0,2.2187508875504136e-05,2
jain,shape,373,2,dbscan,"{""eps"":0.2,""min_samples"":3}",1,True,True,0.8842033288860134,0.0,0.6942612802644436,0.0,0.1316207563334016,0.0,0.7185497051021177,0.0,51.96219122516433,0.0,9.0,0.0,15.0,0.0,0.0010444164799991995,0.0,1.3333483366295695e-05,2
jain,shape,373,2,dbscan,"{""eps"":0.2,""min_samples"":5}",1,True,True,0.8888195070868689,0.0,0.7280008387083867,0.0,0.2732969660548489,0.0,0.6640647085885244,0.0,55.6775414351929,0.0,6.0,0.0,40.0,0.0,0.001026582991471514,0.0,2.3958011297509074e-05,2
jain,shape,373,2,dbscan,"{""eps"":0.3,""min_samples"":10}",1,True,True,0.9141601149263386,0.0,0.8128615757418354,0.0,0.23661785466518706,0.0,0.8342293595793562,0.0,84.10632143326018,0.0,3.0,0.0,49.0,0.0,0.001060625014360994,0.0,1.595797948539257e-05,2
jain,shape,373,2,dbscan,"{""eps"":0.3,""min_samples"":3}",1,True,True,0.9382350864023407,0.0,0.8462290244702023,0.0,0.3780577073274549,0.0,0.7215527010322309,0.0,146.05167337165645,0.0,4.0,0.0,1.0,0.0,0.0011136039975099266,0.0,1.6437028534710407e-05,2
jain,shape,373,2,dbscan,"{""eps"":0.3,""min_samples"":5}",1,True,True,0.9323016244825639,0.0,0.8287637133170888,0.0,0.37369446287900643,0.0,0.702043087620359,0.0,139.39062067628802,0.0,4.0,0.0,5.0,0.0,0.0010755829862318933,0.0,1.6624981071799994e-05,2
jain,shape,373,2,dbscan,"{""eps"":0.4,""min_samples"":10}",1,True,True,0.0788101217700292,0.0,0.08737666172103678,0.0,,,,,,,1.0,0.0,8.0,0.0,0.0011847289861179888,0.0,0.00010581198148429394,2
jain,shape,373,2,dbscan,"{""eps"":0.4,""min_samples"":3}",1,True,True,0.0,0.0,0.0,0.0,,,,,,,1.0,0.0,0.0,0.0,0.0012727080029435456,0.0,6.275001214817166e-05,2
jain,shape,373,2,dbscan,"{""eps"":0.4,""min_samples"":5}",1,True,True,0.0,0.0,0.0,0.0,,,,,,,1.0,0.0,0.0,0.0,0.001112791505875066,0.0,1.0958494385704398e-05,2
jain,shape,373,2,dbscan,"{""eps"":0.5,""min_samples"":10}",1,True,True,0.0,0.0,0.0,0.0,,,,,,,1.0,0.0,0.0,0.0,0.0011330624984111637,0.0,1.722949673421681e-05,2
jain,shape,373,2,dbscan,"{""eps"":0.5,""min_samples"":3}",1,True,True,0.0,0.0,0.0,0.0,,,,,,,1.0,0.0,0.0,0.0,0.001170061994343996,0.0,1.2396019883453846e-05,2
jain,shape,373,2,dbscan,"{""eps"":0.5,""min_samples"":5}",1,True,True,0.0,0.0,0.0,0.0,,,,,,,1.0,0.0,0.0,0.0,0.0011490000179037452,0.0,1.737498678267002e-05,2
jain,shape,373,2,dbscan,"{""eps"":0.6,""min_samples"":10}",1,True,True,0.0,0.0,0.0,0.0,,,,,,,1.0,0.0,0.0,0.0,0.0011777085019275546,0.0,1.1166499461978674e-05,2
jain,shape,373,2,dbscan,"{""eps"":0.6,""min_samples"":3}",1,True,True,0.0,0.0,0.0,0.0,,,,,,,1.0,0.0,0.0,0.0,0.0012171249836683273,0.0,1.637497916817665e-05,2
jain,shape,373,2,dbscan,"{""eps"":0.6,""min_samples"":5}",1,True,True,0.0,0.0,0.0,0.0,,,,,,,1.0,0.0,0.0,0.0,0.0011894164781551808,0.0,1.9083527149632573e-05,2
jain,shape,373,2,dbscan,"{""eps"":0.7,""min_samples"":10}",1,True,True,0.0,0.0,0.0,0.0,,,,,,,1.0,0.0,0.0,0.0,0.001227833010489121,0.0,1.3500015484169126e-05,2
jain,shape,373,2,dbscan,"{""eps"":0.7,""min_samples"":3}",1,True,True,0.0,0.0,0.0,0.0,,,,,,,1.0,0.0,0.0,0.0,0.0012482294987421483,0.0,1.885448000393808e-05,2
jain,shape,373,2,dbscan,"{""eps"":0.7,""min_samples"":5}",1,True,True,0.0,0.0,0.0,0.0,,,,,,,1.0,0.0,0.0,0.0,0.0012257085181772709,0.0,1.629150938242674e-05,2
jain,shape,373,2,dbscan,"{""eps"":0.8,""min_samples"":10}",1,True,True,0.0,0.0,0.0,0.0,,,,,,,1.0,0.0,0.0,0.0,0.0012482714955694973,0.0,6.812508217990398e-06,2
jain,shape,373,2,dbscan,"{""eps"":0.8,""min_samples"":3}",1,True,True,0.0,0.0,0.0,0.0,,,,,,,1.0,0.0,0.0,0.0,0.0013252499920781702,0.0,3.5667006159201264e-05,2
jain,shape,373,2,dbscan,"{""eps"":0.8,""min_samples"":5}",1,True,True,0.0,0.0,0.0,0.0,,,,,,,1.0,0.0,0.0,0.0,0.0012678755156230181,0.0,1.2041506124660373e-05,2
jain,shape,373,2,dbscan,"{""eps"":0.9,""min_samples"":10}",1,True,True,0.0,0.0,0.0,0.0,,,,,,,1.0,0.0,0.0,0.0,0.001283874997170642,0.0,2.1374988136813045e-05,2
jain,shape,373,2,dbscan,"{""eps"":0.9,""min_samples"":3}",1,True,True,0.0,0.0,0.0,0.0,,,,,,,1.0,0.0,0.0,0.0,0.0012993334676139057,0.0,1.2333504855632782e-05,2
jain,shape,373,2,dbscan,"{""eps"":0.9,""min_samples"":5}",1,True,True,0.0,0.0,0.0,0.0,,,,,,,1.0,0.0,0.0,0.0,0.0012841669959016144,0.0,1.266703475266695e-05,2
jain,shape,373,2,dbscan,"{""eps"":1.0,""min_samples"":10}",1,True,True,0.0,0.0,0.0,0.0,,,,,,,1.0,0.0,0.0,0.0,0.0013849579845555127,0.0,6.792019121348858e-06,2
jain,shape,373,2,dbscan,"{""eps"":1.0,""min_samples"":3}",1,True,True,0.0,0.0,0.0,0.0,,,,,,,1.0,0.0,0.0,0.0,0.0013656244846060872,0.0,1.4041492249816656e-05,2
jain,shape,373,2,dbscan,"{""eps"":1.0,""min_samples"":5}",1,True,True,0.0,0.0,0.0,0.0,,,,,,,1.0,0.0,0.0,0.0,0.001320896000834182,0.0,1.114603946916759e-05,2
jain,shape,373,2,dbscan,"{""eps"":1.1,""min_samples"":10}",1,True,True,0.0,0.0,0.0,0.0,,,,,,,1.0,0.0,0.0,0.0,0.001336375018581748,0.0,1.3208016753196716e-05,2
jain,shape,373,2,dbscan,"{""eps"":1.1,""min_samples"":3}",1,True,True,0.0,0.0,0.0,0.0,,,,,,,1.0,0.0,0.0,0.0,0.0013634585193358362,0.0,1.3041484635323286e-05,2
jain,shape,373,2,dbscan,"{""eps"":1.1,""min_samples"":5}",1,True,True,0.0,0.0,0.0,0.0,,,,,,,1.0,0.0,0.0,0.0,0.0014602084993384778,0.0,3.450049553066492e-05,2
jain,shape,373,2,dbscan,"{""eps"":1.2,""min_samples"":10}",1,True,True,0.0,0.0,0.0,0.0,,,,,,,1.0,0.0,0.0,0.0,0.0014233955007512122,0.0,4.520494258031249e-06,2
jain,shape,373,2,dbscan,"{""eps"":1.2,""min_samples"":3}",1,True,True,0.0,0.0,0.0,0.0,,,,,,,1.0,0.0,0.0,0.0,0.0014622085145674646,0.0,9.416486136615276e-06,2
jain,shape,373,2,dbscan,"{""eps"":1.2,""min_samples"":5}",1,True,True,0.0,0.0,0.0,0.0,,,,,,,1.0,0.0,0.0,0.0,0.0013622920087072998,0.0,1.300001167692244e-05,2
jain,shape,373,2,kmeans,"{""init"":""k-means++"",""n_clusters"":10,""n_init"":20}",5,False,,0.1407682564427669,0.0003385341301446374,0.4057822827418442,0.00025018219770710047,0.45212581622545234,0.002246773868356249,0.7369178050942222,0.011288770467848484,807.1610636614494,2.4817851008672185,10.0,0.0,0.0,0.0,0.0361870002001524,0.01586629702953752,0.0,5
jain,shape,373,2,kmeans,"{""init"":""k-means++"",""n_clusters"":11,""n_init"":20}",5,False,,0.12708747891051878,0.0052003753903692145,0.39277447793608405,0.0032187527569752135,0.44714469240661153,0.003772565299219449,0.7254748941684973,0.018359413800601607,820.5752728722084,4.266996753629069,11.0,0.0,0.0,0.0,0.031837816606275736,0.004487162004512516,0.0,5
jain,shape,373,2,kmeans,"{""init"":""k-means++"",""n_clusters"":12,""n_init"":20}",5,False,,0.12088600553021604,0.0013842562582529214,0.38463615091270187,0.0010893641040861921,0.44594947001580537,0.003075310853803444,0.7107683347126529,0.02292604061871628,850.9374669995402,9.875685580788877,12.0,0.0,0.0,0.0,0.03342052500229329,0.00557744012560577,0.0,5
jain,shape,373,2,kmeans,"{""init"":""k-means++"",""n_clusters"":2,""n_init"":20}",5,False,,0.552751161834573,0.0,0.5108315717226246,4.965068306494546e-17,0.5044779516212523,0.0,0.7914495908671927,0.0,487.6180169709948,0.0,2.0,0.0,0.0,0.0,0.017483149806503208,0.0046037920101230445,0.0,5
jain,shape,373,2,kmeans,"{""init"":""k-means++"",""n_clusters"":3,""n_init"":20}",5,False,,0.2985545601320607,0.0010534058118653402,0.42035553344617327,0.0002871539895456153,0.498834378271086,0.0003190962165543131,0.6637918487117581,0.001173243923831469,538.6309181697926,0.016595759399528016,3.0,0.0,0.0,0.0,0.02302239139098674,0.0052083536253961496,0.0,5
jain,shape,373,2,kmeans,"{""init"":""k-means++"",""n_clusters"":4,""n_init"":20}",5,False,,0.27839835303642635,0.003560836412781688,0.4417798003742323,0.0030341687844830894,0.46927689595409194,0.0007022385552642667,0.7410560958205841,0.001456223418476683,566.8558186974956,0.10145836000293672,4.0,0.0,0.0,0.0,0.03056669160723686,0.01628182611493782,0.0,5
jain,shape,373,2,kmeans,"{""init"":""k-means++"",""n_clusters"":5,""n_init"":20}",5,False,,0.21167665149204673,0.00046091058750692416,0.4108820111458888,0.0004213856084710366,0.46101182681158603,0.00016343712227355757,0.757084051082721,0.0009106687517248969,594.2708753395203,0.10225214198742379,5.0,0.0,0.0,0.0,0.03359761660685763,0.018465639098012316,0.0,5
jain,shape,373,2,kmeans,"{""init"":""k-means++"",""n_clusters"":6,""n_init"":20}",5,False,,0.20196404356420294,0.0028305589375658188,0.41090115231797586,0.0038716791850726628,0.4859402395700723,0.00011514396219141078,0.6664306675069419,0.000898613106317836,689.19472026175,0.19287927235332067,6.0,0.0,0.0,0.0,0.05886203319532797,0.040905228081944356,0.0,5
jain,shape,373,2,kmeans,"{""init"":""k-means++"",""n_clusters"":7,""n_init"":20}",5,False,,0.16635163269207226,0.0,0.3832256939091989,0.0,0.4789005341614659,0.0,0.6718048100263323,0.0,748.1748082979752,1.016845989170083e-13,7.0,0.0,0.0,0.0,0.04761614979943261,0.02362745602866561,0.0,5
jain,shape,373,2,kmeans,"{""init"":""k-means++"",""n_clusters"":8,""n_init"":20}",5,False,,0.16641842428201353,0.0,0.4064765753905776,4.965068306494546e-17,0.47166107933334667,0.0,0.6782573841832741,0.0,781.5068697348813,1.2453769102311664e-13,8.0,0.0,0.0,0.0,0.032669766596518456,0.003287100489755204,0.0,5
jain,shape,373,2,kmeans,"{""init"":""k-means++"",""n_clusters"":9,""n_init"":20}",5,False,,0.1396858516765643,0.00283680690365076,0.38711897235236836,0.007308429944347934,0.45593687679213046,0.0010031080352916292,0.687608343048808,0.0018213921920464237,798.2847070780666,0.5346399035655247,9.0,0.0,0.0,0.0,0.030862858204636724,0.0036148680453346876,0.0,5
jain,shape,373,2,ward,"{""linkage"":""ward"",""n_clusters"":10}",1,True,True,0.14421885323969175,0.0,0.40774035024426547,0.0,0.426107356487816,0.0,0.7285969285960804,0.0,753.3201138109109,0.0,10.0,0.0,0.0,0.0,0.0015138124872464687,0.0,7.7812495874241e-05,2
jain,shape,373,2,ward,"{""linkage"":""ward"",""n_clusters"":11}",1,True,True,0.1266625105215401,0.0,0.3922332666196036,0.0,0.42189628814514557,0.0,0.7415603072849936,0.0,750.3018048472763,0.0,11.0,0.0,0.0,0.0,0.0015031875227577984,0.0,7.364549674093723e-05,2
jain,shape,373,2,ward,"{""linkage"":""ward"",""n_clusters"":12}",1,True,True,0.1240129801023061,0.0,0.3866738746941747,0.0,0.4190270386979455,0.0,0.733442092237672,0.0,761.9944439876177,0.0,12.0,0.0,0.0,0.0,0.0015033960225991905,0.0,7.76039669290185e-05,2
jain,shape,373,2,ward,"{""linkage"":""ward"",""n_clusters"":2}",1,True,True,0.5691559292963253,0.0,0.5419935754570145,0.0,0.5042663862106481,0.0,0.7919435147849887,0.0,486.3050029940725,0.0,2.0,0.0,0.0,0.0,0.0016929164994508028,0.0,8.708506356924772e-06,2
jain,shape,373,2,ward,"{""linkage"":""ward"",""n_clusters"":3}",1,True,True,0.28167101322909005,0.0,0.41153205105046625,0.0,0.5017259408135004,0.0,0.633452839116968,0.0,522.4311086286152,0.0,3.0,0.0,0.0,0.0,0.0015970204549375921,0.0,6.931248935870826e-05,2
jain,shape,373,2,ward,"{""linkage"":""ward"",""n_clusters"":4}",1,True,True,0.31180148439758537,0.0,0.4425293508984231,0.0,0.463704642429364,0.0,0.8204885815629082,0.0,529.9404191915319,0.0,4.0,0.0,0.0,0.0,0.001545479492051527,0.0,5.7270488468930125e-05,2
jain,shape,373,2,ward,"{""linkage"":""ward"",""n_clusters"":5}",1,True,True,0.18972929545735503,0.0,0.385828964718812,0.0,0.43368802597245226,0.0,0.7927791106303791,0.0,555.1432907666604,0.0,5.0,0.0,0.0,0.0,0.0015161045012064278,0.0,5.481252446770668e-05,2
jain,shape,373,2,ward,"{""linkage"":""ward"",""n_clusters"":6}",1,True,True,0.17272625760377286,0.0,0.36776914251685044,0.0,0.4388511255130651,0.0,0.6938337838887331,0.0,573.1866372608981,0.0,6.0,0.0,0.0,0.0,0.0015014584932941943,0.0,6.258350913412869e-05,2
jain,shape,373,2,ward,"{""linkage"":""ward"",""n_clusters"":7}",1,True,True,0.2249523884481405,0.0,0.4723859775680717,0.0,0.44561369180122673,0.0,0.7121635103528033,0.0,630.4336954226553,0.0,7.0,0.0,0.0,0.0,0.0016221459954977036,0.0,0.00017802102956920862,2
jain,shape,373,2,ward,"{""linkage"":""ward"",""n_clusters"":8}",1,True,True,0.19674082980913563,0.0,0.44719558607485727,0.0,0.4274365696588197,0.0,0.7068013101663728,0.0,670.9188044231605,0.0,8.0,0.0,0.0,0.0,0.0015425210003741086,0.0,0.00011277099838480353,2
jain,shape,373,2,ward,"{""linkage"":""ward"",""n_clusters"":9}",1,True,True,0.15159914772386734,0.0,0.4183987175854458,0.0,0.4326626256720491,0.0,0.6978676659554328,0.0,748.432958155974,0.0,9.0,0.0,0.0,0.0,0.0015261869702953845,0.0,0.00010639600805006921,2
pathbased,shape,300,2,classix,"{""engine"":""classix"",""group_merging"":""density"",""minPts"":1,""radius"":0.1}",1,True,True,0.06791097806587676,0.0,0.3892550822491713,0.0,0.24023825800910675,0.0,0.39385726359610385,0.0,250.9641891011084,0.0,139.0,0.0,0.0,0.0,0.017928749992279336,0.0,0.005683290975866839,2
pathbased,shape,300,2,classix,"{""engine"":""classix"",""group_merging"":""density"",""minPts"":1,""radius"":0.2}",1,True,True,0.42415569347338283,0.0,0.5799480911238245,0.0,0.15825064782656503,0.0,0.6616487267159625,0.0,148.67280582709236,0.0,27.0,0.0,0.0,0.0,0.011682020995067433,0.0,0.000714311987394467,2
pathbased,shape,300,2,classix,"{""engine"":""classix"",""group_merging"":""density"",""minPts"":1,""radius"":0.3}",1,True,True,0.49471087170581063,0.0,0.5589787297814581,0.0,0.20931756251481748,0.0,1.1751748397248978,0.0,124.7703561127433,0.0,7.0,0.0,0.0,0.0,0.008079416526015848,0.0,0.0015328334993682802,2
pathbased,shape,300,2,classix,"{""engine"":""classix"",""group_merging"":""density"",""minPts"":1,""radius"":0.4}",1,True,True,0.0,0.0,0.0,0.0,,,,,,,1.0,0.0,0.0,0.0,0.005925208475673571,0.0,0.00030616650474257767,2
pathbased,shape,300,2,classix,"{""engine"":""classix"",""group_merging"":""density"",""minPts"":1,""radius"":0.5}",1,True,True,0.0,0.0,0.0,0.0,,,,,,,1.0,0.0,0.0,0.0,0.00311622949084267,0.0,0.00029818748589605093,2
pathbased,shape,300,2,classix,"{""engine"":""classix"",""group_merging"":""density"",""minPts"":1,""radius"":0.6}",1,True,True,0.0,0.0,0.0,0.0,,,,,,,1.0,0.0,0.0,0.0,0.0030672709981445223,0.0,0.00034131298889406025,2
pathbased,shape,300,2,classix,"{""engine"":""classix"",""group_merging"":""density"",""minPts"":1,""radius"":0.7}",1,True,True,0.0,0.0,0.0,0.0,,,,,,,1.0,0.0,0.0,0.0,0.0022348539787344635,0.0,0.0002824789844453335,2
pathbased,shape,300,2,classix,"{""engine"":""classix"",""group_merging"":""density"",""minPts"":1,""radius"":0.8}",1,True,True,0.0,0.0,0.0,0.0,,,,,,,1.0,0.0,0.0,0.0,0.0019420619937591255,0.0,0.0001042709918692708,2
pathbased,shape,300,2,classix,"{""engine"":""classix"",""group_merging"":""density"",""minPts"":1,""radius"":0.9}",1,True,True,0.0,0.0,0.0,0.0,,,,,,,1.0,0.0,0.0,0.0,0.0015850625350140035,0.0,0.0001298125134781003,2
pathbased,shape,300,2,classix,"{""engine"":""classix"",""group_merging"":""density"",""minPts"":1,""radius"":1.0}",1,True,True,0.0,0.0,0.0,0.0,,,,,,,1.0,0.0,0.0,0.0,0.0018652915314305574,0.0,0.0003071244864258915,2
pathbased,shape,300,2,classix,"{""engine"":""classix"",""group_merging"":""density"",""minPts"":1,""radius"":1.1}",1,True,True,0.0,0.0,0.0,0.0,,,,,,,1.0,0.0,0.0,0.0,0.0014009170117788017,0.0,0.00011854199692606926,2
pathbased,shape,300,2,classix,"{""engine"":""classix"",""group_merging"":""density"",""minPts"":1,""radius"":1.2}",1,True,True,0.0,0.0,0.0,0.0,,,,,,,1.0,0.0,0.0,0.0,0.0010695419914554805,0.0,0.00011154197272844613,2
pathbased,shape,300,2,classix,"{""engine"":""classix"",""group_merging"":""density"",""minPts"":1,""radius"":1.3}",1,True,True,0.0,0.0,0.0,0.0,,,,,,,1.0,0.0,0.0,0.0,0.0009589169931132346,0.0,1.4457997167482972e-05,2
pathbased,shape,300,2,classix,"{""engine"":""classix"",""group_merging"":""density"",""minPts"":1,""radius"":1.4}",1,True,True,0.0,0.0,0.0,0.0,,,,,,,1.0,0.0,0.0,0.0,0.000999124487861991,0.0,0.00013058347394689918,2
pathbased,shape,300,2,classix,"{""engine"":""classix"",""group_merging"":""density"",""minPts"":1,""radius"":1.5}",1,True,True,0.0,0.0,0.0,0.0,,,,,,,1.0,0.0,0.0,0.0,0.0013496459869202226,0.0,0.0005036040383856744,2
pathbased,shape,300,2,classix,"{""engine"":""classix"",""group_merging"":""density"",""minPts"":10,""radius"":0.1}",1,True,True,0.38377863567935566,0.0,0.4422553785400353,0.0,0.42773201047815634,0.0,0.9724086526452839,0.0,202.79799682676753,0.0,2.0,0.0,0.0,0.0,0.015792271005921066,0.0,0.0015377289964817464,2
pathbased,shape,300,2,classix,"{""engine"":""classix"",""group_merging"":""density"",""minPts"":10,""radius"":0.2}",1,True,True,0.4090740962383805,0.0,0.5261888473449419,0.0,0.24656254277735262,0.0,0.8847385510385717,0.0,232.037821070843,0.0,8.0,0.0,0.0,0.0,0.012668771523749456,0.0,0.004274312494089827,2
pathbased,shape,300,2,classix,"{""engine"":""classix"",""group_merging"":""density"",""minPts"":10,""radius"":0.3}",1,True,True,0.4968898766932608,0.0,0.5631346310853528,0.0,0.4504936054845668,0.0,0.7568951297312171,0.0,239.98330023574178,0.0,4.0,0.0,0.0,0.0,0.008257145993411541,0.0,0.0020881870295852423,2
pathbased,shape,300,2,classix,"{""engine"":""classix"",""group_merging"":""density"",""minPts"":10,""radius"":0.4}",1,True,True,0.0,0.0,0.0,0.0,,,,,,,1.0,0.0,0.0,0.0,0.004385979525977746,0.0,0.0005844795086886734,2
pathbased,shape,300,2,classix,"{""engine"":""classix"",""group_merging"":""density"",""minPts"":10,""radius"":0.5}",1,True,True,0.0,0.0,0.0,0.0,,,,,,,1.0,0.0,0.0,0.0,0.0035557085066102445,0.0,0.0001907084952108562,2
pathbased,shape,300,2,classix,"{""engine"":""classix"",""group_merging"":""density"",""minPts"":10,""radius"":0.6}",1,True,True,0.0,0.0,0.0,0.0,,,,,,,1.0,0.0,0.0,0.0,0.002595354482764378,0.0,8.068748866207898e-05,2
pathbased,shape,300,2,classix,"{""engine"":""classix"",""group_merging"":""density"",""minPts"":10,""radius"":0.7}",1,True,True,0.0,0.0,0.0,0.0,,,,,,,1.0,0.0,0.0,0.0,0.0024169585085473955,0.0,0.00012608349788933992,2
pathbased,shape,300,2,classix,"{""engine"":""classix"",""group_merging"":""density"",""minPts"":10,""radius"":0.8}",1,True,True,0.0,0.0,0.0,0.0,,,,,,,1.0,0.0,0.0,0.0,0.0017054790223482996,0.0,0.00012672899174503982,2
pathbased,shape,300,2,classix,"{""engine"":""classix"",""group_merging"":""density"",""minPts"":10,""radius"":0.9}",1,True,True,0.0,0.0,0.0,0.0,,,,,,,1.0,0.0,0.0,0.0,0.0014560625131707639,0.0,1.1854484910145402e-05,2
pathbased,shape,300,2,classix,"{""engine"":""classix"",""group_merging"":""density"",""minPts"":10,""radius"":1.0}",1,True,True,0.0,0.0,0.0,0.0,,,,,,,1.0,0.0,0.0,0.0,0.001860458025475964,0.0,0.0002974170201923698,2
pathbased,shape,300,2,classix,"{""engine"":""classix"",""group_merging"":""density"",""minPts"":10,""radius"":1.1}",1,True,True,0.0,0.0,0.0,0.0,,,,,,,1.0,0.0,0.0,0.0,0.0014632290112785995,0.0,0.00019052100833505392,2
pathbased,shape,300,2,classix,"{""engine"":""classix"",""group_merging"":""density"",""minPts"":10,""radius"":1.2}",1,True,True,0.0,0.0,0.0,0.0,,,,,,,1.0,0.0,0.0,0.0,0.0009707495046313852,0.0,2.670849789865315e-05,2
pathbased,shape,300,2,classix,"{""engine"":""classix"",""group_merging"":""density"",""minPts"":10,""radius"":1.3}",1,True,True,0.0,0.0,0.0,0.0,,,,,,,1.0,0.0,0.0,0.0,0.001067458011675626,0.0,0.0001134169870056212,2
pathbased,shape,300,2,classix,"{""engine"":""classix"",""group_merging"":""density"",""minPts"":10,""radius"":1.4}",1,True,True,0.0,0.0,0.0,0.0,,,,,,,1.0,0.0,0.0,0.0,0.0009509584924671799,0.0,8.745849481783807e-05,2
pathbased,shape,300,2,classix,"{""engine"":""classix"",""group_merging"":""density"",""minPts"":10,""radius"":1.5}",1,True,True,0.0,0.0,0.0,0.0,,,,,,,1.0,0.0,0.0,0.0,0.0008684789936523885,0.0,2.9896007617935538e-05,2
pathbased,shape,300,2,classix,"{""engine"":""classix"",""group_merging"":""density"",""minPts"":5,""radius"":0.1}",1,True,True,0.20750508316792438,0.0,0.3457780240758314,0.0,0.14133683588114723,0.0,1.2412780197747435,0.0,121.95689191596401,0.0,8.0,0.0,0.0,0.0,0.014048103999812156,0.0,0.00020197901176288724,2
pathbased,shape,300,2,classix,"{""engine"":""classix"",""group_merging"":""density"",""minPts"":5,""radius"":0.2}",1,True,True,0.47968468653552365,0.0,0.6121532517491091,0.0,0.2734269625995398,0.0,0.7755891504844163,0.0,247.8360423450463,0.0,13.0,0.0,0.0,0.0,0.026403208496049047,0.0,0.017005583504214883,2
pathbased,shape,300,2,classix,"{""engine"":""classix"",""group_merging"":""density"",""minPts"":5,""radius"":0.3}",1,True,True,0.4968898766932608,0.0,0.5631346310853528,0.0,0.4504936054845668,0.0,0.7568951297312171,0.0,239.98330023574178,0.0,4.0,0.0,0.0,0.0,0.006691916496492922,0.0,0.0004687085165642202,2
pathbased,shape,300,2,classix,"{""engine"":""classix"",""group_merging"":""density"",""minPts"":5,""radius"":0.4}",1,True,True,0.0,0.0,0.0,0.0,,,,,,,1.0,0.0,0.0,0.0,0.006267791497521102,0.0,0.0011950834887102246,2
pathbased,shape,300,2,classix,"{""engine"":""classix"",""group_merging"":""density"",""minPts"":5,""radius"":0.5}",1,True,True,0.0,0.0,0.0,0.0,,,,,,,1.0,0.0,0.0,0.0,0.003504000516841188,0.0,0.00013691649655811489,2
pathbased,shape,300,2,classix,"{""engine"":""classix"",""group_merging"":""density"",""minPts"":5,""radius"":0.6}",1,True,True,0.0,0.0,0.0,0.0,,,,,,,1.0,0.0,0.0,0.0,0.002812583959894255,0.0,0.00012937499559484422,2
pathbased,shape,300,2,classix,"{""engine"":""classix"",""group_merging"":""density"",""minPts"":5,""radius"":0.7}",1,True,True,0.0,0.0,0.0,0.0,,,,,,,1.0,0.0,0.0,0.0,0.0028542499931063503,0.0,0.0005830829904880375,2
pathbased,shape,300,2,classix,"{""engine"":""classix"",""group_merging"":""density"",""minPts"":5,""radius"":0.8}",1,True,True,0.0,0.0,0.0,0.0,,,,,,,1.0,0.0,0.0,0.0,0.003759229526622221,0.0,0.0019034375145565718,2
pathbased,shape,300,2,classix,"{""engine"":""classix"",""group_merging"":""density"",""minPts"":5,""radius"":0.9}",1,True,True,0.0,0.0,0.0,0.0,,,,,,,1.0,0.0,0.0,0.0,0.0014554789813701063,0.0,3.895984264090657e-06,2
pathbased,shape,300,2,classix,"{""engine"":""classix"",""group_merging"":""density"",""minPts"":5,""radius"":1.0}",1,True,True,0.0,0.0,0.0,0.0,,,,,,,1.0,0.0,0.0,0.0,0.002065020991722122,0.0,0.0004853540158364922,2
pathbased,shape,300,2,classix,"{""engine"":""classix"",""group_merging"":""density"",""minPts"":5,""radius"":1.1}",1,True,True,0.0,0.0,0.0,0.0,,,,,,,1.0,0.0,0.0,0.0,0.0012651249708142132,0.0,8.99998121894896e-06,2
pathbased,shape,300,2,classix,"{""engine"":""classix"",""group_merging"":""density"",""minPts"":5,""radius"":1.2}",1,True,True,0.0,0.0,0.0,0.0,,,,,,,1.0,0.0,0.0,0.0,0.0009786460141185671,0.0,2.7354020858183503e-05,2
pathbased,shape,300,2,classix,"{""engine"":""classix"",""group_merging"":""density"",""minPts"":5,""radius"":1.3}",1,True,True,0.0,0.0,0.0,0.0,,,,,,,1.0,0.0,0.0,0.0,0.0010790835076477379,0.0,0.00013337450218386948,2
pathbased,shape,300,2,classix,"{""engine"":""classix"",""group_merging"":""density"",""minPts"":5,""radius"":1.4}",1,True,True,0.0,0.0,0.0,0.0,,,,,,,1.0,0.0,0.0,0.0,0.0009536664874758571,0.0,9.358351235277951e-05,2
pathbased,shape,300,2,classix,"{""engine"":""classix"",""group_merging"":""density"",""minPts"":5,""radius"":1.5}",1,True,True,0.0,0.0,0.0,0.0,,,,,,,1.0,0.0,0.0,0.0,0.0009330624889116734,0.0,9.49795066844672e-05,2
pathbased,shape,300,2,classix,"{""engine"":""classix"",""group_merging"":""distance"",""minPts"":1,""radius"":0.1}",1,True,True,0.11509328106822472,0.0,0.4339784290063988,0.0,0.21858284331049332,0.0,0.5605939780019045,0.0,198.9168438438161,0.0,84.0,0.0,0.0,0.0,0.008118541998555884,0.0,0.0022598330106120557,2
pathbased,shape,300,2,classix,"{""engine"":""classix"",""group_merging"":""distance"",""minPts"":1,""radius"":0.2}",1,True,True,0.47468995798382385,0.0,0.5347876773332934,0.0,-0.011306565616140431,0.0,0.651544033334951,0.0,83.53442538781704,0.0,13.0,0.0,0.0,0.0,0.0028706875164061785,0.0,0.00013964547542855144,2
pathbased,shape,300,2,classix,"{""engine"":""classix"",""group_merging"":""distance"",""minPts"":1,""radius"":0.3}",1,True,True,0.004859115906271682,0.0,0.13585307385782835,0.0,0.05485863327525595,0.0,0.9966854162250016,0.0,26.527760641940674,0.0,4.0,0.0,0.0,0.0,0.0016657295054756105,0.0,0.00016756250988692045,2
pathbased,shape,300,2,classix,"{""engine"":""classix"",""group_merging"":""distance"",""minPts"":1,""radius"":0.4}",1,True,True,-0.002136076493746357,0.0,0.060651879208797534,0.0,0.28918468701141803,0.0,0.6781375697566776,0.0,30.51809686329405,0.0,2.0,0.0,0.0,0.0,0.0011321875208523124,0.0,3.318747621960938e-05,2
pathbased,shape,300,2,classix,"{""engine"":""classix"",""group_merging"":""distance"",""minPts"":1,""radius"":0.5}",1,True,True,0.0,0.0,0.0,0.0,,,,,,,1.0,0.0,0.0,0.0,0.0009625830280128866,0.0,0.00014133300282992423,2
pathbased,shape,300,2,classix,"{""engine"":""classix"",""group_merging"":""distance"",""minPts"":1,""radius"":0.6}",1,True,True,0.0,0.0,0.0,0.0,,,,,,,1.0,0.0,0.0,0.0,0.0009114579879678786,0.0,5.199998850002885e-05,2
pathbased,shape,300,2,classix,"{""engine"":""classix"",""group_merging"":""distance"",""minPts"":1,""radius"":0.7}",1,True,True,0.0,0.0,0.0,0.0,,,,,,,1.0,0.0,0.0,0.0,0.0006841040158178657,0.0,6.41459773760289e-05,2
pathbased,shape,300,2,classix,"{""engine"":""classix"",""group_merging"":""distance"",""minPts"":1,""radius"":0.8}",1,True,True,0.0,0.0,0.0,0.0,,,,,,,1.0,0.0,0.0,0.0,0.0006870624783914536,0.0,1.2978474842384458e-05,2
pathbased,shape,300,2,classix,"{""engine"":""classix"",""group_merging"":""distance"",""minPts"":1,""radius"":0.9}",1,True,True,0.0,0.0,0.0,0.0,,,,,,,1.0,0.0,0.0,0.0,0.0005587909836322069,0.0,6.074999691918492e-05,2
pathbased,shape,300,2,classix,"{""engine"":""classix"",""group_merging"":""distance"",""minPts"":1,""radius"":1.0}",1,True,True,0.0,0.0,0.0,0.0,,,,,,,1.0,0.0,0.0,0.0,0.0016934585000853986,0.0,0.001189208502182737,2
pathbased,shape,300,2,classix,"{""engine"":""classix"",""group_merging"":""distance"",""minPts"":1,""radius"":1.1}",1,True,True,0.0,0.0,0.0,0.0,,,,,,,1.0,0.0,0.0,0.0,0.0005199789593461901,0.0,5.318698822520673e-05,2
pathbased,shape,300,2,classix,"{""engine"":""classix"",""group_merging"":""distance"",""minPts"":1,""radius"":1.2}",1,True,True,0.0,0.0,0.0,0.0,,,,,,,1.0,0.0,0.0,0.0,0.0003987500094808638,0.0,2.1915999241173267e-05,2
pathbased,shape,300,2,classix,"{""engine"":""classix"",""group_merging"":""distance"",""minPts"":1,""radius"":1.3}",1,True,True,0.0,0.0,0.0,0.0,,,,,,,1.0,0.0,0.0,0.0,0.0003812710056081414,0.0,2.547894837334752e-05,2
pathbased,shape,300,2,classix,"{""engine"":""classix"",""group_merging"":""distance"",""minPts"":1,""radius"":1.4}",1,True,True,0.0,0.0,0.0,0.0,,,,,,,1.0,0.0,0.0,0.0,0.00040685449494048953,0.0,1.9687518943101168e-05,2
pathbased,shape,300,2,classix,"{""engine"":""classix"",""group_merging"":""distance"",""minPts"":1,""radius"":1.5}",1,True,True,0.0,0.0,0.0,0.0,,,,,,,1.0,0.0,0.0,0.0,0.00040324951987713575,0.0,1.4291494153439999e-05,2
pathbased,shape,300,2,classix,"{""engine"":""classix"",""group_merging"":""distance"",""minPts"":10,""radius"":0.1}",1,True,True,0.22988563843809484,0.0,0.34862033437083206,0.0,0.24663317741009688,0.0,1.2153001702905855,0.0,162.6346828605232,0.0,5.0,0.0,0.0,0.0,0.008247561985626817,0.0,0.0007308539934456348,2
pathbased,shape,300,2,classix,"{""engine"":""classix"",""group_merging"":""distance"",""minPts"":10,""radius"":0.2}",1,True,True,0.4770166184362159,0.0,0.5508963498742816,0.0,0.3581547671541453,0.0,0.7284477871692172,0.0,155.93180380985578,0.0,5.0,0.0,0.0,0.0,0.0029623125155922025,0.0,0.00010797948925755918,2
pathbased,shape,300,2,classix,"{""engine"":""classix"",""group_merging"":""distance"",""minPts"":10,""radius"":0.3}",1,True,True,0.005476183121061741,0.0,0.12994038171965777,0.0,0.16018255610208504,0.0,0.7237217357458668,0.0,37.5454978350479,0.0,3.0,0.0,0.0,0.0,0.0021642710198648274,0.0,0.0002575209946371615,2
pathbased,shape,300,2,classix,"{""engine"":""classix"",""group_merging"":""distance"",""minPts"":10,""radius"":0.4}",1,True,True,-0.002136076493746357,0.0,0.060651879208797534,0.0,0.28918468701141803,0.0,0.6781375697566776,0.0,30.51809686329405,0.0,2.0,0.0,0.0,0.0,0.001478000485803932,0.0,0.00031770847272127867,2
pathbased,shape,300,2,classix,"{""engine"":""classix"",""group_merging"":""distance"",""minPts"":10,""radius"":0.5}",1,True,True,0.0,0.0,0.0,0.0,,,,,,,1.0,0.0,0.0,0.0,0.001108770986320451,0.0,9.497904102317989e-05,2
pathbased,shape,300,2,classix,"{""engine"":""classix"",""group_merging"":""distance"",""minPts"":10,""radius"":0.6}",1,True,True,0.0,0.0,0.0,0.0,,,,,,,1.0,0.0,0.0,0.0,0.0008168124768417329,0.0,3.593749715946615e-05,2
pathbased,shape,300,2,classix,"{""engine"":""classix"",""group_merging"":""distance"",""minPts"":10,""radius"":0.7}",1,True,True,0.0,0.0,0.0,0.0,,,,,,,1.0,0.0,0.0,0.0,0.0007707295008003712,0.0,3.606249811127782e-05,2
pathbased,shape,300,2,classix,"{""engine"":""classix"",""group_merging"":""distance"",""minPts"":10,""radius"":0.8}",1,True,True,0.0,0.0,0.0,0.0,,,,,,,1.0,0.0,0.0,0.0,0.0006948334921617061,0.0,3.3874501241371036e-05,2
pathbased,shape,300,2,classix,"{""engine"":""classix"",""group_merging"":""distance"",""minPts"":10,""radius"":0.9}",1,True,True,0.0,0.0,0.0,0.0,,,,,,,1.0,0.0,0.0,0.0,0.0005023745179641992,0.0,1.883352524600923e-05,2
pathbased,shape,300,2,classix,"{""engine"":""classix"",""group_merging"":""distance"",""minPts"":10,""radius"":1.0}",1,True,True,0.0,0.0,0.0,0.0,,,,,,,1.0,0.0,0.0,0.0,0.0005707080126740038,0.0,6.441702134907246e-05,2
pathbased,shape,300,2,classix,"{""engine"":""classix"",""group_merging"":""distance"",""minPts"":10,""radius"":1.1}",1,True,True,0.0,0.0,0.0,0.0,,,,,,,1.0,0.0,0.0,0.0,0.00044797902228310704,0.0,2.2145977709442377e-05,2
pathbased,shape,300,2,classix,"{""engine"":""classix"",""group_merging"":""distance"",""minPts"":10,""radius"":1.2}",1,True,True,0.0,0.0,0.0,0.0,,,,,,,1.0,0.0,0.0,0.0,0.0003946874930988997,0.0,2.2937514586374164e-05,2
pathbased,shape,300,2,classix,"{""engine"":""classix"",""group_merging"":""distance"",""minPts"":10,""radius"":1.3}",1,True,True,0.0,0.0,0.0,0.0,,,,,,,1.0,0.0,0.0,0.0,0.0004299790016375482,0.0,2.9687013011425734e-05,2
pathbased,shape,300,2,classix,"{""engine"":""classix"",""group_merging"":""distance"",""minPts"":10,""radius"":1.4}",1,True,True,0.0,0.0,0.0,0.0,,,,,,,1.0,0.0,0.0,0.0,0.0004067914851475507,0.0,2.629149821586907e-05,2
pathbased,shape,300,2,classix,"{""engine"":""classix"",""group_merging"":""distance"",""minPts"":10,""radius"":1.5}",1,True,True,0.0,0.0,0.0,0.0,,,,,,,1.0,0.0,0.0,0.0,0.0004038955084979534,0.0,2.1062500309199095e-05,2
pathbased,shape,300,2,classix,"{""engine"":""classix"",""group_merging"":""distance"",""minPts"":5,""radius"":0.1}",1,True,True,0.15109421526229103,0.0,0.3807967651499682,0.0,0.12232509961591007,0.0,0.9852637022806595,0.0,178.01136988932353,0.0,15.0,0.0,0.0,0.0,0.006370166462147608,0.0,0.0005878334923181683,2
pathbased,shape,300,2,classix,"{""engine"":""classix"",""group_merging"":""distance"",""minPts"":5,""radius"":0.2}",1,True,True,0.4960885205787845,0.0,0.5659802951092389,0.0,0.3490903744307149,0.0,0.6650215615513649,0.0,140.80199675092476,0.0,6.0,0.0,0.0,0.0,0.003493604017421603,0.0,0.0005537290126085281,2
pathbased,shape,300,2,classix,"{""engine"":""classix"",""group_merging"":""distance"",""minPts"":5,""radius"":0.3}",1,True,True,0.005476183121061741,0.0,0.12994038171965777,0.0,0.16018255610208504,0.0,0.7237217357458668,0.0,37.5454978350479,0.0,3.0,0.0,0.0,0.0,0.002337958023417741,0.0,0.000339917023666203,2
pathbased,shape,300,2,classix,"{""engine"":""classix"",""group_merging"":""distance"",""minPts"":5,""radius"":0.4}",1,True,True,-0.002136076493746357,0.0,0.060651879208797534,0.0,0.28918468701141803,0.0,0.6781375697566776,0.0,30.51809686329405,0.0,2.0,0.0,0.0,0.0,0.0016404794878326356,0.0,0.0002777705085463822,2
pathbased,shape,300,2,classix,"{""engine"":""classix"",""group_merging"":""distance"",""minPts"":5,""radius"":0.5}",1,True,True,0.0,0.0,0.0,0.0,,,,,,,1.0,0.0,0.0,0.0,0.000896937504876405,0.0,0.00010547949932515621,2
pathbased,shape,300,2,classix,"{""engine"":""classix"",""group_merging"":""distance"",""minPts"":5,""radius"":0.6}",1,True,True,0.0,0.0,0.0,0.0,,,,,,,1.0,0.0,0.0,0.0,0.0009304580162279308,0.0,7.483299123123288e-05,2
pathbased,shape,300,2,classix,"{""engine"":""classix"",""group_merging"":""distance"",""minPts"":5,""radius"":0.7}",1,True,True,0.0,0.0,0.0,0.0,,,,,,,1.0,0.0,0.0,0.0,0.0006673954776488245,0.0,7.92295322753489e-05,2
pathbased,shape,300,2,classix,"{""engine"":""classix"",""group_merging"":""distance"",""minPts"":5,""radius"":0.8}",1,True,True,0.0,0.0,0.0,0.0,,,,,,,1.0,0.0,0.0,0.0,0.000677375472150743,0.0,1.208350295200944e-05,2
pathbased,shape,300,2,classix,"{""engine"":""classix"",""group_merging"":""distance"",""minPts"":5,""radius"":0.9}",1,True,True,0.0,0.0,0.0,0.0,,,,,,,1.0,0.0,0.0,0.0,0.0005089789628982544,0.0,2.1854008082300425e-05,2
pathbased,shape,300,2,classix,"{""engine"":""classix"",""group_merging"":""distance"",""minPts"":5,""radius"":1.0}",1,True,True,0.0,0.0,0.0,0.0,,,,,,,1.0,0.0,0.0,0.0,0.0005673964915331453,0.0,6.506251520477235e-05,2
pathbased,shape,300,2,classix,"{""engine"":""classix"",""group_merging"":""distance"",""minPts"":5,""radius"":1.1}",1,True,True,0.0,0.0,0.0,0.0,,,,,,,1.0,0.0,0.0,0.0,0.00044908298877999187,0.0,1.3207958545535803e-05,2
pathbased,shape,300,2,classix,"{""engine"":""classix"",""group_merging"":""distance"",""minPts"":5,""radius"":1.2}",1,True,True,0.0,0.0,0.0,0.0,,,,,,,1.0,0.0,0.0,0.0,0.0004010210104752332,0.0,2.5813031243160367e-05,2
pathbased,shape,300,2,classix,"{""engine"":""classix"",""group_merging"":""distance"",""minPts"":5,""radius"":1.3}",1,True,True,0.0,0.0,0.0,0.0,,,,,,,1.0,0.0,0.0,0.0,0.00047010398702695966,0.0,6.902101449668407e-05,2
pathbased,shape,300,2,classix,"{""engine"":""classix"",""group_merging"":""distance"",""minPts"":5,""radius"":1.4}",1,True,True,0.0,0.0,0.0,0.0,,,,,,,1.0,0.0,0.0,0.0,0.00042166648199781775,0.0,3.279151860624552e-05,2
pathbased,shape,300,2,classix,"{""engine"":""classix"",""group_merging"":""distance"",""minPts"":5,""radius"":1.5}",1,True,True,0.0,0.0,0.0,0.0,,,,,,,1.0,0.0,0.0,0.0,0.0004092714807484299,0.0,2.0562467398121953e-05,2
pathbased,shape,300,2,dbscan,"{""eps"":0.1,""min_samples"":10}",1,True,True,0.0,0.0,0.0,0.0,,,,,,,0.0,0.0,300.0,0.0,0.000887396017787978,0.0,2.3978966055437922e-05,2
pathbased,shape,300,2,dbscan,"{""eps"":0.1,""min_samples"":3}",1,True,True,0.20844943594816157,0.0,0.37375462245215735,0.0,0.38986883764794755,0.0,0.5562639591022458,0.0,272.0686752243361,0.0,21.0,0.0,177.0,0.0,0.0012287294957786798,0.0,1.293746754527092e-05,2
pathbased,shape,300,2,dbscan,"{""eps"":0.1,""min_samples"":5}",1,True,True,0.04618870057203594,0.0,0.21123725017335318,0.0,0.5900568686540048,0.0,0.4471360020721381,0.0,416.2578372700279,0.0,5.0,0.0,254.0,0.0,0.0010604374983813614,0.0,8.96874989848584e-05,2
pathbased,shape,300,2,dbscan,"{""eps"":0.2,""min_samples"":10}",1,True,True,0.3017227258398894,0.0,0.44254352815741343,0.0,0.624607303332774,0.0,0.5716484318601408,0.0,307.7787929417276,0.0,3.0,0.0,195.0,0.0,0.0010878329921979457,0.0,0.00015691699809394777,2
pathbased,shape,300,2,dbscan,"{""eps"":0.2,""min_samples"":3}",1,True,True,0.5796094576311005,0.0,0.5937179228948297,0.0,0.24082438186391286,0.0,0.5870352840759644,0.0,155.996499620575,0.0,15.0,0.0,21.0,0.0,0.0010800414893310517,0.0,6.45414984319359e-05,2
pathbased,shape,300,2,dbscan,"{""eps"":0.2,""min_samples"":5}",1,True,True,0.666213982188017,0.0,0.6733570289443569,0.0,0.577875549106507,0.0,0.4686074844047295,0.0,242.10023950165788,0.0,6.0,0.0,99.0,0.0,0.0011036249925382435,0.0,0.000144416990224272,2
pathbased,shape,300,2,dbscan,"{""eps"":0.3,""min_samples"":10}",1,True,True,0.8812363734308486,0.0,0.8483047717390507,0.0,0.5978984067938515,0.0,0.594768637955086,0.0,426.492576297175,0.0,2.0,0.0,112.0,0.0,0.0011800835200119764,0.0,0.00011295851436443627,2
pathbased,shape,300,2,dbscan,"{""eps"":0.3,""min_samples"":3}",1,True,True,0.0009845544228621256,0.0,0.01978591281406589,0.0,,,,,,,1.0,0.0,3.0,0.0,0.0010611044999677688,0.0,2.79374944511801e-05,2
pathbased,shape,300,2,dbscan,"{""eps"":0.3,""min_samples"":5}",1,True,True,-0.0017807599432938014,0.0,0.06843132766499317,0.0,0.25841965751931023,0.0,0.7086154902393209,0.0,27.614485734844713,0.0,2.0,0.0,4.0,0.0,0.0010198954842053354,0.0,5.67705137655139e-05,2
pathbased,shape,300,2,dbscan,"{""eps"":0.4,""min_samples"":10}",1,True,True,0.16874461482141553,0.0,0.3225673012899833,0.0,0.5161927100142792,0.0,0.5210646452525054,0.0,74.96321812308712,0.0,2.0,0.0,59.0,0.0,0.0010559374932199717,0.0,7.206248119473457e-05,2
pathbased,shape,300,2,dbscan,"{""eps"":0.4,""min_samples"":3}",1,True,True,0.0,0.0,0.0,0.0,,,,,,,1.0,0.0,0.0,0.0,0.0012226045073475689,0.0,0.00014164551976136863,2
pathbased,shape,300,2,dbscan,"{""eps"":0.4,""min_samples"":5}",1,True,True,0.0002365219381922123,0.0,0.006751460705693545,0.0,,,,,,,1.0,0.0,1.0,0.0,0.0011738130124285817,0.0,8.977099787443876e-05,2
pathbased,shape,300,2,dbscan,"{""eps"":0.5,""min_samples"":10}",1,True,True,-0.0032069411084804447,0.0,0.0495838097918914,0.0,0.29834288012759314,0.0,0.6151045675299538,0.0,20.669625155621993,0.0,2.0,0.0,2.0,0.0,0.001318667025770992,0.0,0.0002007500152103603,2
pathbased,shape,300,2,dbscan,"{""eps"":0.5,""min_samples"":3}",1,True,True,0.0,0.0,0.0,0.0,,,,,,,1.0,0.0,0.0,0.0,0.0011040205135941505,0.0,6.431253859773278e-05,2
pathbased,shape,300,2,dbscan,"{""eps"":0.5,""min_samples"":5}",1,True,True,0.0,0.0,0.0,0.0,,,,,,,1.0,0.0,0.0,0.0,0.0012273335305508226,0.0,9.395848610438406e-05,2
pathbased,shape,300,2,dbscan,"{""eps"":0.6,""min_samples"":10}",1,True,True,0.0,0.0,0.0,0.0,,,,,,,1.0,0.0,0.0,0.0,0.0011293335119262338,0.0,4.3250503949820995e-05,2
pathbased,shape,300,2,dbscan,"{""eps"":0.6,""min_samples"":3}",1,True,True,0.0,0.0,0.0,0.0,,,,,,,1.0,0.0,0.0,0.0,0.001398438005708158,0.0,0.00018597900634631515,2
pathbased,shape,300,2,dbscan,"{""eps"":0.6,""min_samples"":5}",1,True,True,0.0,0.0,0.0,0.0,,,,,,,1.0,0.0,0.0,0.0,0.001277229021070525,0.0,0.0001189370232168585,2
pathbased,shape,300,2,dbscan,"{""eps"":0.7,""min_samples"":10}",1,True,True,0.0,0.0,0.0,0.0,,,,,,,1.0,0.0,0.0,0.0,0.001481708517530933,0.0,3.5291508538648486e-05,2
pathbased,shape,300,2,dbscan,"{""eps"":0.7,""min_samples"":3}",1,True,True,0.0,0.0,0.0,0.0,,,,,,,1.0,0.0,0.0,0.0,0.0012618330074474216,0.0,0.0001420829794369638,2
pathbased,shape,300,2,dbscan,"{""eps"":0.7,""min_samples"":5}",1,True,True,0.0,0.0,0.0,0.0,,,,,,,1.0,0.0,0.0,0.0,0.0012477289710659534,0.0,0.00016672900528647006,2
pathbased,shape,300,2,dbscan,"{""eps"":0.8,""min_samples"":10}",1,True,True,0.0,0.0,0.0,0.0,,,,,,,1.0,0.0,0.0,0.0,0.001542354526463896,0.0,0.00015931250527501106,2
pathbased,shape,300,2,dbscan,"{""eps"":0.8,""min_samples"":3}",1,True,True,0.0,0.0,0.0,0.0,,,,,,,1.0,0.0,0.0,0.0,0.0014676460123155266,0.0,0.00020647901692427695,2
pathbased,shape,300,2,dbscan,"{""eps"":0.8,""min_samples"":5}",1,True,True,0.0,0.0,0.0,0.0,,,,,,,1.0,0.0,0.0,0.0,0.0016516249743290246,0.0,0.00012924999464303255,2
pathbased,shape,300,2,dbscan,"{""eps"":0.9,""min_samples"":10}",1,True,True,0.0,0.0,0.0,0.0,,,,,,,1.0,0.0,0.0,0.0,0.0013231670018285513,0.0,2.437504008412361e-05,2
pathbased,shape,300,2,dbscan,"{""eps"":0.9,""min_samples"":3}",1,True,True,0.0,0.0,0.0,0.0,,,,,,,1.0,0.0,0.0,0.0,0.0013480410270858556,0.0,1.5749974409118295e-05,2
pathbased,shape,300,2,dbscan,"{""eps"":0.9,""min_samples"":5}",1,True,True,0.0,0.0,0.0,0.0,,,,,,,1.0,0.0,0.0,0.0,0.001396895997459069,0.0,6.247902638278902e-05,2
pathbased,shape,300,2,dbscan,"{""eps"":1.0,""min_samples"":10}",1,True,True,0.0,0.0,0.0,0.0,,,,,,,1.0,0.0,0.0,0.0,0.0014340415073093027,0.0,0.00013445850345306098,2
pathbased,shape,300,2,dbscan,"{""eps"":1.0,""min_samples"":3}",1,True,True,0.0,0.0,0.0,0.0,,,,,,,1.0,0.0,0.0,0.0,0.0015079584845807403,0.0,0.00016391652752645314,2
pathbased,shape,300,2,dbscan,"{""eps"":1.0,""min_samples"":5}",1,True,True,0.0,0.0,0.0,0.0,,,,,,,1.0,0.0,0.0,0.0,0.0014363749942276627,0.0,0.0001285419857595116,2
pathbased,shape,300,2,dbscan,"{""eps"":1.1,""min_samples"":10}",1,True,True,0.0,0.0,0.0,0.0,,,,,,,1.0,0.0,0.0,0.0,0.001300416508456692,0.0,7.266647298820317e-05,2
pathbased,shape,300,2,dbscan,"{""eps"":1.1,""min_samples"":3}",1,True,True,0.0,0.0,0.0,0.0,,,,,,,1.0,0.0,0.0,0.0,0.0014275209978222847,0.0,4.5478984247893095e-05,2
pathbased,shape,300,2,dbscan,"{""eps"":1.1,""min_samples"":5}",1,True,True,0.0,0.0,0.0,0.0,,,,,,,1.0,0.0,0.0,0.0,0.001372749509755522,0.0,2.7208472602069378e-05,2
pathbased,shape,300,2,dbscan,"{""eps"":1.2,""min_samples"":10}",1,True,True,0.0,0.0,0.0,0.0,,,,,,,1.0,0.0,0.0,0.0,0.0017717290320433676,0.0,0.0003690629964694381,2
pathbased,shape,300,2,dbscan,"{""eps"":1.2,""min_samples"":3}",1,True,True,0.0,0.0,0.0,0.0,,,,,,,1.0,0.0,0.0,0.0,0.0017917084915097803,0.0,0.0003818754630628973,2
pathbased,shape,300,2,dbscan,"{""eps"":1.2,""min_samples"":5}",1,True,True,0.0,0.0,0.0,0.0,,,,,,,1.0,0.0,0.0,0.0,0.0016480624908581376,0.0,0.0002011875039897859,2
pathbased,shape,300,2,kmeans,"{""init"":""k-means++"",""n_clusters"":10,""n_init"":20}",5,False,,0.34546851987800303,0.0022959699880966853,0.5047718655722552,0.0035474760583451255,0.38479639208159205,0.0014419219448680099,0.7936113871324912,0.0038771284410435863,332.19830627916747,0.5397043431545717,10.0,0.0,0.0,0.0,0.038891666603740306,0.014355886329423476,0.0,5
pathbased,shape,300,2,kmeans,"{""init"":""k-means++"",""n_clusters"":11,""n_init"":20}",5,False,,0.294922818966673,0.003931057372161102,0.5055772326729082,0.00721776164868114,0.38937066051333274,0.0026442582290127554,0.7550589169547852,0.004483552628012656,345.25022154149974,2.527671454206452,11.0,0.0,0.0,0.0,0.049490483605768534,0.018679985637604566,0.0,5
pathbased,shape,300,2,kmeans,"{""init"":""k-means++"",""n_clusters"":12,""n_init"":20}",5,False,,0.29671542350102004,0.006097756531323631,0.5186286705617539,0.004239374219095323,0.3944767079576549,0.002653229308036601,0.7424692052217504,0.007920050852068702,355.6065164141728,3.6704853929366044,12.0,0.0,0.0,0.0,0.0479491418111138,0.015606900978712153,0.0,5
pathbased,shape,300,2,kmeans,"{""init"":""k-means++"",""n_clusters"":2,""n_init"":20}",5,False,,0.3989713297894657,0.0,0.49099715322938187,0.0,0.4377852455190497,0.0,0.9609852989054206,0.0,213.14363836269268,2.842170943040401e-14,2.0,0.0,0.0,0.0,0.034064466611016544,0.02851348612679911,0.0,5
pathbased,shape,300,2,kmeans,"{""init"":""k-means++"",""n_clusters"":3,""n_init"":20}",5,False,,0.47974152586138497,5.551115123125783e-17,0.5606538556651895,0.0,0.5092065033223903,0.0,0.6929203590749796,0.0,304.579543045161,0.0,3.0,0.0,0.0,0.0,0.027640591806266455,0.01675562750428971,0.0,5
pathbased,shape,300,2,kmeans,"{""init"":""k-means++"",""n_clusters"":4,""n_init"":20}",5,False,,0.40478157065318526,0.0024054618328274713,0.48523869795841,0.001463320065569418,0.44836610069607924,0.0001958679499356215,0.7810561317061248,0.0012352930611069935,288.02736000322506,0.03439484173554196,4.0,0.0,0.0,0.0,0.024994558189064264,0.010206743700318363,0.0,5
pathbased,shape,300,2,kmeans,"{""init"":""k-means++"",""n_clusters"":5,""n_init"":20}",5,False,,0.32723234688728203,0.0,0.4346874276054161,5.551115123125783e-17,0.385365336942914,0.0,0.8955961344057197,0.0,294.9402402943804,0.0,5.0,0.0,0.0,0.0,0.04473417499102652,0.040890684648654634,0.0,5
pathbased,shape,300,2,kmeans,"{""init"":""k-means++"",""n_clusters"":6,""n_init"":20}",5,False,,0.4049207590332409,0.03191263289817798,0.47295155114306964,0.015946909202676225,0.40715353925144326,0.010539046223828388,0.819784752822667,0.027992221409851886,299.03364690580946,0.43525913726845633,6.0,0.0,0.0,0.0,0.04238787521608174,0.01991321172594298,0.0,5
pathbased,shape,300,2,kmeans,"{""init"":""k-means++"",""n_clusters"":7,""n_init"":20}",5,False,,0.42876328672212843,0.01808494007264335,0.5023294183222557,0.003256794524609232,0.40428723497376107,0.005514938022916659,0.7982770979532745,0.012048493417187786,301.3643110337975,1.2022971146989188,7.0,0.0,0.0,0.0,0.028597792005166413,0.002626763630000458,0.0,5
pathbased,shape,300,2,kmeans,"{""init"":""k-means++"",""n_clusters"":8,""n_init"":20}",5,False,,0.40469097952165917,0.005670977828385817,0.5179787598074492,0.01099709870596192,0.38432315939517514,0.009127444492214039,0.8384034836889838,0.01869597983411974,308.6730063371116,1.7495096194838802,8.0,0.0,0.0,0.0,0.02994922499638051,0.005694049401785857,0.0,5
pathbased,shape,300,2,kmeans,"{""init"":""k-means++"",""n_clusters"":9,""n_init"":20}",5,False,,0.3937122267964262,0.0012121245906594443,0.5156446028692985,0.005057184364848106,0.39210665597753724,0.0015457708289678112,0.8038947183115284,0.005335948558853541,318.4459290990596,1.1716432878877219,9.0,0.0,0.0,0.0,0.03030900821322575,0.005846756746103049,0.0,5
pathbased,shape,300,2,ward,"{""linkage"":""ward"",""n_clusters"":10}",1,True,True,0.2775661968078524,0.0,0.4958586928328122,0.0,0.32293123893504166,0.0,0.9052196334724464,0.0,288.0374251964374,0.0,10.0,0.0,0.0,0.0,0.00108760449802503,0.0,7.110449951142073e-05,2
pathbased,shape,300,2,ward,"{""linkage"":""ward"",""n_clusters"":11}",1,True,True,0.2762297615084371,0.0,0.49759574034447335,0.0,0.3258638581889017,0.0,0.8928642096830611,0.0,293.64224061402444,0.0,11.0,0.0,0.0,0.0,0.0011286665103398263,0.0,9.104149648919702e-05,2
pathbased,shape,300,2,ward,"{""linkage"":""ward"",""n_clusters"":12}",1,True,True,0.2699734299035317,0.0,0.492109217605966,0.0,0.33200831860103736,0.0,0.8549060337634252,0.0,298.05414397065715,0.0,12.0,0.0,0.0,0.0,0.0010747084743343294,0.0,6.145850056782365e-05,2
pathbased,shape,300,2,ward,"{""linkage"":""ward"",""n_clusters"":2}",1,True,True,0.414434076996343,0.0,0.5046773862524987,0.0,0.4247841109067529,0.0,0.9771283366439694,0.0,195.70689670465447,0.0,2.0,0.0,0.0,0.0,0.0013490415003616363,0.0,3.5916484193876386e-05,2
pathbased,shape,300,2,ward,"{""linkage"":""ward"",""n_clusters"":3}",1,True,True,0.45723965835734565,0.0,0.5424830588800958,0.0,0.5007977633074632,0.0,0.6897767869718662,0.0,287.287610103582,0.0,3.0,0.0,0.0,0.0,0.001163374981842935,0.0,6.249989382922649e-06,2
pathbased,shape,300,2,ward,"{""linkage"":""ward"",""n_clusters"":4}",1,True,True,0.4368295959694939,0.0,0.5045637763047255,0.0,0.4294905325236961,0.0,0.8020877911466744,0.0,259.3691243280363,0.0,4.0,0.0,0.0,0.0,0.0012901040026918054,0.0,0.00022235396318137646,2
pathbased,shape,300,2,ward,"{""linkage"":""ward"",""n_clusters"":5}",1,True,True,0.48260216391350697,0.0,0.5296788421136167,0.0,0.40611181227027293,0.0,0.8096423654191158,0.0,266.65946087742384,0.0,5.0,0.0,0.0,0.0,0.001250396016985178,0.0,0.00019056303426623344,2
pathbased,shape,300,2,ward,"{""linkage"":""ward"",""n_clusters"":6}",1,True,True,0.5099710351249206,0.0,0.5496114294024729,0.0,0.41269814287492324,0.0,0.774226963971684,0.0,265.9652432098985,0.0,6.0,0.0,0.0,0.0,0.0012091669777873904,0.0,0.00017708298400975764,2
pathbased,shape,300,2,ward,"{""linkage"":""ward"",""n_clusters"":7}",1,True,True,0.483372921032925,0.0,0.5606379777544791,0.0,0.3757114171574252,0.0,0.8528028023716828,0.0,277.42213412673004,0.0,7.0,0.0,0.0,0.0,0.0010933750018011779,0.0,3.962501068599522e-05,2
pathbased,shape,300,2,ward,"{""linkage"":""ward"",""n_clusters"":8}",1,True,True,0.46663151875558356,0.0,0.5467697706878355,0.0,0.3813485556011857,0.0,0.8050267347665402,0.0,289.1401879461253,0.0,8.0,0.0,0.0,0.0,0.0013848959933966398,0.0,0.00036672898568212986,2
pathbased,shape,300,2,ward,"{""linkage"":""ward"",""n_clusters"":9}",1,True,True,0.3780156339527192,0.0,0.5176460328481883,0.0,0.36639102984735095,0.0,0.8400682176467793,0.0,289.3700044956409,0.0,9.0,0.0,0.0,0.0,0.0018405834853183478,0.0,0.0007997085049282759,2
r15,shape,600,2,classix,"{""engine"":""classix"",""group_merging"":""density"",""minPts"":1,""radius"":0.1}",1,True,True,0.7816041885501221,0.0,0.8800835094385338,0.0,0.1701836492627144,0.0,0.5631472872631456,0.0,1507.5913026516912,0.0,77.0,0.0,0.0,0.0,0.0244940209959168,0.0,0.008396021003136411,2
r15,shape,600,2,classix,"{""engine"":""classix"",""group_merging"":""density"",""minPts"":1,""radius"":0.2}",1,True,True,0.9125089667332844,0.0,0.9675462902507103,0.0,0.6354771049908756,0.0,0.3982813848515588,0.0,2669.1152193128455,0.0,17.0,0.0,0.0,0.0,0.010598271008348092,0.0,0.002417146024527028,2
r15,shape,600,2,classix,"{""engine"":""classix"",""group_merging"":""density"",""minPts"":1,""radius"":0.3}",1,True,True,0.6913134506250206,0.0,0.9011580543954871,0.0,0.6296573315219757,0.0,0.458196420560189,0.0,1836.3878134001409,0.0,11.0,0.0,0.0,0.0,0.007787458482198417,0.0,0.0035138335078954697,2
r15,shape,600,2,classix,"{""engine"":""classix"",""group_merging"":""density"",""minPts"":1,""radius"":0.4}",1,True,True,0.5176936995275391,0.0,0.831815176896467,0.0,0.5163487040065388,0.0,0.6605424736548868,0.0,957.8442957051599,0.0,10.0,0.0,0.0,0.0,0.012563374970341101,0.0,0.009852750023128465,2
r15,shape,600,2,classix,"{""engine"":""classix"",""group_merging"":""density"",""minPts"":1,""radius"":0.5}",1,True,True,0.3033786693377744,0.0,0.767155650150206,0.0,0.4966768319262004,0.0,0.45993686150183294,0.0,756.8396107168014,0.0,9.0,0.0,0.0,0.0,0.002387312473729253,0.0,0.00029831251595169306,2
r15,shape,600,2,classix,"{""engine"":""classix"",""group_merging"":""density"",""minPts"":1,""radius"":0.6}",1,True,True,0.2636754763368162,0.0,0.7425078304557066,0.0,0.653006125666107,0.0,0.34872775486793317,0.0,760.0819366111349,0.0,8.0,0.0,0.0,0.0,0.0022485209919977933,0.0,0.0008587710035499185,2
r15,shape,600,2,classix,"{""engine"":""classix"",""group_merging"":""density"",""minPts"":1,""radius"":0.7}",1,True,True,0.2636754763368162,0.0,0.7425078304557066,0.0,0.653006125666107,0.0,0.34872775486793317,0.0,760.0819366111349,0.0,8.0,0.0,0.0,0.0,0.0014991249772720039,0.0,0.00037283299025148153,2
r15,shape,600,2,classix,"{""engine"":""classix"",""group_merging"":""density"",""minPts"":1,""radius"":0.8}",1,True,True,0.2636754763368162,0.0,0.7425078304557066,0.0,0.653006125666107,0.0,0.34872775486793317,0.0,760.0819366111349,0.0,8.0,0.0,0.0,0.0,0.001719958003377542,0.0,0.0007067079714033753,2
r15,shape,600,2,classix,"{""engine"":""classix"",""group_merging"":""density"",""minPts"":1,""radius"":0.9}",1,True,True,0.2636754763368162,0.0,0.7425078304557066,0.0,0.653006125666107,0.0,0.34872775486793317,0.0,760.0819366111349,0.0,8.0,0.0,0.0,0.0,0.0012676664919126779,0.0,7.824951899237931e-05,2
r15,shape,600,2,classix,"{""engine"":""classix"",""group_merging"":""density"",""minPts"":1,""radius"":1.0}",1,True,True,0.2636754763368162,0.0,0.7425078304557066,0.0,0.653006125666107,0.0,0.34872775486793317,0.0,760.0819366111349,0.0,8.0,0.0,0.0,0.0,0.0016164585249498487,0.0,0.0006025835173204541,2
r15,shape,600,2,classix,"{""engine"":""classix"",""group_merging"":""density"",""minPts"":1,""radius"":1.1}",1,True,True,0.2636754763368162,0.0,0.7425078304557066,0.0,0.653006125666107,0.0,0.34872775486793317,0.0,760.0819366111349,0.0,8.0,0.0,0.0,0.0,0.0014827920240350068,0.0,0.0005160000291652977,2
r15,shape,600,2,classix,"{""engine"":""classix"",""group_merging"":""density"",""minPts"":1,""radius"":1.2}",1,True,True,0.2636754763368162,0.0,0.7425078304557066,0.0,0.653006125666107,0.0,0.34872775486793317,0.0,760.0819366111349,0.0,8.0,0.0,0.0,0.0,0.0014537085080519319,0.0,0.00022145849652588367,2
r15,shape,600,2,classix,"{""engine"":""classix"",""group_merging"":""density"",""minPts"":1,""radius"":1.3}",1,True,True,0.2636754763368162,0.0,0.7425078304557066,0.0,0.653006125666107,0.0,0.34872775486793317,0.0,760.0819366111349,0.0,8.0,0.0,0.0,0.0,0.0012901044683530927,0.0,0.0001911455183289945,2
r15,shape,600,2,classix,"{""engine"":""classix"",""group_merging"":""density"",""minPts"":1,""radius"":1.4}",1,True,True,0.2640437355495364,0.0,0.7398959095389651,0.0,0.6516662682888801,0.0,0.3514967153759553,0.0,759.3659424774336,0.0,8.0,0.0,0.0,0.0,0.0016145000117830932,0.0,0.0004939159844070673,2
r15,shape,600,2,classix,"{""engine"":""classix"",""group_merging"":""density"",""minPts"":1,""radius"":1.5}",1,True,True,0.1439501624569423,0.0,0.5948406290931278,0.0,0.4288804878076412,0.0,0.4930822098686365,0.0,228.8478398513664,0.0,6.0,0.0,0.0,0.0,0.0017739585309755057,0.0,0.0005761244974564761,2
r15,shape,600,2,classix,"{""engine"":""classix"",""group_merging"":""density"",""minPts"":10,""radius"":0.1}",1,True,True,0.9346332861918807,0.0,0.9620905260789956,0.0,0.6953382235260908,0.0,0.5104778327121172,0.0,4334.589244669197,0.0,17.0,0.0,0.0,0.0,0.027349374489858747,0.0,0.010508791485335678,2
r15,shape,600,2,classix,"{""engine"":""classix"",""group_merging"":""density"",""minPts"":10,""radius"":0.2}",1,True,True,0.9178796460017004,0.0,0.9717877295780976,0.0,0.7103239544352016,0.0,0.3908019377658459,0.0,3244.024342608641,0.0,14.0,0.0,0.0,0.0,0.024856708536390215,0.0,0.01660674950107932,2
r15,shape,600,2,classix,"{""engine"":""classix"",""group_merging"":""density"",""minPts"":10,""radius"":0.3}",1,True,True,0.6913134506250206,0.0,0.9011580543954871,0.0,0.6296573315219757,0.0,0.458196420560189,0.0,1836.3878134001409,0.0,11.0,0.0,0.0,0.0,0.009986791497794911,0.0,0.00587387548875995,2
r15,shape,600,2,classix,"{""engine"":""classix"",""group_merging"":""density"",""minPts"":10,""radius"":0.4}",1,True,True,0.5176936995275391,0.0,0.831815176896467,0.0,0.5163487040065388,0.0,0.6605424736548868,0.0,957.8442957051599,0.0,10.0,0.0,0.0,0.0,0.0038919584767427295,0.0,0.0012016665132250637,2
r15,shape,600,2,classix,"{""engine"":""classix"",""group_merging"":""density"",""minPts"":10,""radius"":0.5}",1,True,True,0.3033786693377744,0.0,0.767155650150206,0.0,0.4966768319262004,0.0,0.45993686150183294,0.0,756.8396107168014,0.0,9.0,0.0,0.0,0.0,0.006032708508428186,0.0,0.003951458493247628,2
r15,shape,600,2,classix,"{""engine"":""classix"",""group_merging"":""density"",""minPts"":10,""radius"":0.6}",1,True,True,0.2636754763368162,0.0,0.7425078304557066,0.0,0.653006125666107,0.0,0.34872775486793317,0.0,760.0819366111349,0.0,8.0,0.0,0.0,0.0,0.0023588750045746565,0.0,0.0009744999697431922,2
r15,shape,600,2,classix,"{""engine"":""classix"",""group_merging"":""density"",""minPts"":10,""radius"":0.7}",1,True,True,0.2636754763368162,0.0,0.7425078304557066,0.0,0.653006125666107,0.0,0.34872775486793317,0.0,760.0819366111349,0.0,8.0,0.0,0.0,0.0,0.009567666478687897,0.0,0.008429125504335389,2
r15,shape,600,2,classix,"{""engine"":""classix"",""group_merging"":""density"",""minPts"":10,""radius"":0.8}",1,True,True,0.2636754763368162,0.0,0.7425078304557066,0.0,0.653006125666107,0.0,0.34872775486793317,0.0,760.0819366111349,0.0,8.0,0.0,0.0,0.0,0.001361770962830633,0.0,0.00034352100919932127,2
r15,shape,600,2,classix,"{""engine"":""classix"",""group_merging"":""density"",""minPts"":10,""radius"":0.9}",1,True,True,0.2636754763368162,0.0,0.7425078304557066,0.0,0.653006125666107,0.0,0.34872775486793317,0.0,760.0819366111349,0.0,8.0,0.0,0.0,0.0,0.0014031455211807042,0.0,0.00024210449191741645,2
r15,shape,600,2,classix,"{""engine"":""classix"",""group_merging"":""density"",""minPts"":10,""radius"":1.0}",1,True,True,0.2636754763368162,0.0,0.7425078304557066,0.0,0.653006125666107,0.0,0.34872775486793317,0.0,760.0819366111349,0.0,8.0,0.0,0.0,0.0,0.0018180205079261214,0.0,0.0007961454975884408,2
r15,shape,600,2,classix,"{""engine"":""classix"",""group_merging"":""density"",""minPts"":10,""radius"":1.1}",1,True,True,0.2636754763368162,0.0,0.7425078304557066,0.0,0.653006125666107,0.0,0.34872775486793317,0.0,760.0819366111349,0.0,8.0,0.0,0.0,0.0,0.0014561249990947545,0.0,0.0004825000069104135,2
r15,shape,600,2,classix,"{""engine"":""classix"",""group_merging"":""density"",""minPts"":10,""radius"":1.2}",1,True,True,0.2636754763368162,0.0,0.7425078304557066,0.0,0.653006125666107,0.0,0.34872775486793317,0.0,760.0819366111349,0.0,8.0,0.0,0.0,0.0,0.0015463539748452604,0.0,0.0003182290238328278,2
r15,shape,600,2,classix,"{""engine"":""classix"",""group_merging"":""density"",""minPts"":10,""radius"":1.3}",1,True,True,0.2636754763368162,0.0,0.7425078304557066,0.0,0.653006125666107,0.0,0.34872775486793317,0.0,760.0819366111349,0.0,8.0,0.0,0.0,0.0,0.001257958501810208,0.0,0.00016304149175994098,2
r15,shape,600,2,classix,"{""engine"":""classix"",""group_merging"":""density"",""minPts"":10,""radius"":1.4}",1,True,True,0.2640437355495364,0.0,0.7398959095389651,0.0,0.6516662682888801,0.0,0.3514967153759553,0.0,759.3659424774336,0.0,8.0,0.0,0.0,0.0,0.0016303540032822639,0.0,0.0005192709795664996,2
r15,shape,600,2,classix,"{""engine"":""classix"",""group_merging"":""density"",""minPts"":10,""radius"":1.5}",1,True,True,0.1439501624569423,0.0,0.5948406290931278,0.0,0.4288804878076412,0.0,0.4930822098686365,0.0,228.8478398513664,0.0,6.0,0.0,0.0,0.0,0.0013464789954014122,0.0,0.00015047902707010508,2
r15,shape,600,2,classix,"{""engine"":""classix"",""group_merging"":""density"",""minPts"":5,""radius"":0.1}",1,True,True,0.9151783868387153,0.0,0.9520806878057918,0.0,0.6573730644159652,0.0,0.5894180486242283,0.0,3963.425729613045,0.0,19.0,0.0,0.0,0.0,0.037098458502441645,0.0,0.02036208350909874,2
r15,shape,600,2,classix,"{""engine"":""classix"",""group_merging"":""density"",""minPts"":5,""radius"":0.2}",1,True,True,0.9178796460017004,0.0,0.9717877295780976,0.0,0.7103239544352016,0.0,0.3908019377658459,0.0,3244.024342608641,0.0,14.0,0.0,0.0,0.0,0.017235708510270342,0.0,0.00889241651748307,2
r15,shape,600,2,classix,"{""engine"":""classix"",""group_merging"":""density"",""minPts"":5,""radius"":0.3}",1,True,True,0.6913134506250206,0.0,0.9011580543954871,0.0,0.6296573315219757,0.0,0.458196420560189,0.0,1836.3878134001409,0.0,11.0,0.0,0.0,0.0,0.0057918960228562355,0.0,0.0016530210268683732,2
r15,shape,600,2,classix,"{""engine"":""classix"",""group_merging"":""density"",""minPts"":5,""radius"":0.4}",1,True,True,0.5176936995275391,0.0,0.831815176896467,0.0,0.5163487040065388,0.0,0.6605424736548868,0.0,957.8442957051599,0.0,10.0,0.0,0.0,0.0,0.008731915993848816,0.0,0.006043750006938353,2
r15,shape,600,2,classix,"{""engine"":""classix"",""group_merging"":""density"",""minPts"":5,""radius"":0.5}",1,True,True,0.3033786693377744,0.0,0.767155650150206,0.0,0.4966768319262004,0.0,0.45993686150183294,0.0,756.8396107168014,0.0,9.0,0.0,0.0,0.0,0.003520812519127503,0.0,0.001445312489522621,2
r15,shape,600,2,classix,"{""engine"":""classix"",""group_merging"":""density"",""minPts"":5,""radius"":0.6}",1,True,True,0.2636754763368162,0.0,0.7425078304557066,0.0,0.653006125666107,0.0,0.34872775486793317,0.0,760.0819366111349,0.0,8.0,0.0,0.0,0.0,0.0019625209679361433,0.0,0.0005785210232716054,2
r15,shape,600,2,classix,"{""engine"":""classix"",""group_merging"":""density"",""minPts"":5,""radius"":0.7}",1,True,True,0.2636754763368162,0.0,0.7425078304557066,0.0,0.653006125666107,0.0,0.34872775486793317,0.0,760.0819366111349,0.0,8.0,0.0,0.0,0.0,0.0014589159982278943,0.0,0.0003179999766871333,2
r15,shape,600,2,classix,"{""engine"":""classix"",""group_merging"":""density"",""minPts"":5,""radius"":0.8}",1,True,True,0.2636754763368162,0.0,0.7425078304557066,0.0,0.653006125666107,0.0,0.34872775486793317,0.0,760.0819366111349,0.0,8.0,0.0,0.0,0.0,0.0014082920388318598,0.0,0.00039775000186637044,2
r15,shape,600,2,classix,"{""engine"":""classix"",""group_merging"":""density"",""minPts"":5,""radius"":0.9}",1,True,True,0.2636754763368162,0.0,0.7425078304557066,0.0,0.653006125666107,0.0,0.34872775486793317,0.0,760.0819366111349,0.0,8.0,0.0,0.0,0.0,0.0012353539932519197,0.0,6.714602932333946e-05,2
r15,shape,600,2,classix,"{""engine"":""classix"",""group_merging"":""density"",""minPts"":5,""radius"":1.0}",1,True,True,0.2636754763368162,0.0,0.7425078304557066,0.0,0.653006125666107,0.0,0.34872775486793317,0.0,760.0819366111349,0.0,8.0,0.0,0.0,0.0,0.0036881249980069697,0.0,0.002674249990377575,2
r15,shape,600,2,classix,"{""engine"":""classix"",""group_merging"":""density"",""minPts"":5,""radius"":1.1}",1,True,True,0.2636754763368162,0.0,0.7425078304557066,0.0,0.653006125666107,0.0,0.34872775486793317,0.0,760.0819366111349,0.0,8.0,0.0,0.0,0.0,0.0014933960046619177,0.0,0.0005249790265224874,2
r15,shape,600,2,classix,"{""engine"":""classix"",""group_merging"":""density"",""minPts"":5,""radius"":1.2}",1,True,True,0.2636754763368162,0.0,0.7425078304557066,0.0,0.653006125666107,0.0,0.34872775486793317,0.0,760.0819366111349,0.0,8.0,0.0,0.0,0.0,0.0017859789950307459,0.0,0.0005619789881166071,2
r15,shape,600,2,classix,"{""engine"":""classix"",""group_merging"":""density"",""minPts"":5,""radius"":1.3}",1,True,True,0.2636754763368162,0.0,0.7425078304557066,0.0,0.653006125666107,0.0,0.34872775486793317,0.0,760.0819366111349,0.0,8.0,0.0,0.0,0.0,0.0012548335071187466,0.0,0.0001619165122974664,2
r15,shape,600,2,classix,"{""engine"":""classix"",""group_merging"":""density"",""minPts"":5,""radius"":1.4}",1,True,True,0.2640437355495364,0.0,0.7398959095389651,0.0,0.6516662682888801,0.0,0.3514967153759553,0.0,759.3659424774336,0.0,8.0,0.0,0.0,0.0,0.0027101250016130507,0.0,0.0015970829990692437,2
r15,shape,600,2,classix,"{""engine"":""classix"",""group_merging"":""density"",""minPts"":5,""radius"":1.5}",1,True,True,0.1439501624569423,0.0,0.5948406290931278,0.0,0.4288804878076412,0.0,0.4930822098686365,0.0,228.8478398513664,0.0,6.0,0.0,0.0,0.0,0.0017170204955618829,0.0,0.0005128954944666475,2
r15,shape,600,2,classix,"{""engine"":""classix"",""group_merging"":""distance"",""minPts"":1,""radius"":0.1}",1,True,True,0.8558376635134857,0.0,0.932565826203392,0.0,0.3217066187443349,0.0,0.5409189886634646,0.0,1460.8671938122172,0.0,35.0,0.0,0.0,0.0,0.005497187492437661,0.0,0.0008816875051707029,2
r15,shape,600,2,classix,"{""engine"":""classix"",""group_merging"":""distance"",""minPts"":1,""radius"":0.2}",1,True,True,0.2626233713529096,0.0,0.7411666625382324,0.0,0.6172167235062322,0.0,0.35106535128844607,0.0,664.5552192341645,0.0,9.0,0.0,0.0,0.0,0.003148708026856184,0.0,0.0009616250172257423,2
r15,shape,600,2,classix,"{""engine"":""classix"",""group_merging"":""distance"",""minPts"":1,""radius"":0.3}",1,True,True,0.34128033280677633,0.0,0.7971821986969024,0.0,0.4858890364079419,0.0,0.4838937898674881,0.0,709.9403855163521,0.0,10.0,0.0,0.0,0.0,0.005178521008929238,0.0,0.0038574380159843713,2
r15,shape,600,2,classix,"{""engine"":""classix"",""group_merging"":""distance"",""minPts"":1,""radius"":0.4}",1,True,True,0.2636754763368162,0.0,0.7425078304557066,0.0,0.653006125666107,0.0,0.34872775486793317,0.0,760.0819366111349,0.0,8.0,0.0,0.0,0.0,0.0011828335118480027,0.0,0.00019445852376520634,2
r15,shape,600,2,classix,"{""engine"":""classix"",""group_merging"":""distance"",""minPts"":1,""radius"":0.5}",1,True,True,0.2636754763368162,0.0,0.7425078304557066,0.0,0.653006125666107,0.0,0.34872775486793317,0.0,760.0819366111349,0.0,8.0,0.0,0.0,0.0,0.0011311460111755878,0.0,0.000299520994303748,2
r15,shape,600,2,classix,"{""engine"":""classix"",""group_merging"":""distance"",""minPts"":1,""radius"":0.6}",1,True,True,0.2636754763368162,0.0,0.7425078304557066,0.0,0.653006125666107,0.0,0.34872775486793317,0.0,760.0819366111349,0.0,8.0,0.0,0.0,0.0,0.0007934585155453533,0.0,0.00013979148934595287,2
r15,shape,600,2,classix,"{""engine"":""classix"",""group_merging"":""distance"",""minPts"":1,""radius"":0.7}",1,True,True,0.2636754763368162,0.0,0.7425078304557066,0.0,0.653006125666107,0.0,0.34872775486793317,0.0,760.0819366111349,0.0,8.0,0.0,0.0,0.0,0.0008142080041579902,0.0,0.00024316698545590043,2
r15,shape,600,2,classix,"{""engine"":""classix"",""group_merging"":""distance"",""minPts"":1,""radius"":0.8}",1,True,True,0.2636754763368162,0.0,0.7425078304557066,0.0,0.653006125666107,0.0,0.34872775486793317,0.0,760.0819366111349,0.0,8.0,0.0,0.0,0.0,0.0008296665037050843,0.0,0.00028212449979037046,2
r15,shape,600,2,classix,"{""engine"":""classix"",""group_merging"":""distance"",""minPts"":1,""radius"":0.9}",1,True,True,0.19973279893119572,0.0,0.6782796145175144,0.0,0.540084865473741,0.0,0.4277249736250573,0.0,359.7766957295669,0.0,7.0,0.0,0.0,0.0,0.0008086255111265928,0.0,0.00025791648658923805,2
r15,shape,600,2,classix,"{""engine"":""classix"",""group_merging"":""distance"",""minPts"":1,""radius"":1.0}",1,True,True,0.2636754763368162,0.0,0.7425078304557066,0.0,0.653006125666107,0.0,0.34872775486793317,0.0,760.0819366111349,0.0,8.0,0.0,0.0,0.0,0.0023527084849774837,0.0,0.0018448334885761142,2
r15,shape,600,2,classix,"{""engine"":""classix"",""group_merging"":""distance"",""minPts"":1,""radius"":1.1}",1,True,True,0.19973279893119572,0.0,0.6782796145175144,0.0,0.5431397686960906,0.0,0.4246430507255714,0.0,366.0602433457326,0.0,7.0,0.0,0.0,0.0,0.0010596250067465007,0.0,0.0005769580020569265,2
r15,shape,600,2,classix,"{""engine"":""classix"",""group_merging"":""distance"",""minPts"":1,""radius"":1.2}",1,True,True,0.07144870349492671,0.0,0.4201214138532978,0.0,0.3502707804684594,0.0,0.5068757290005108,0.0,157.4089999164956,0.0,4.0,0.0,0.0,0.0,0.0008689170063007623,0.0,0.0003867079794872552,2
r15,shape,600,2,classix,"{""engine"":""classix"",""group_merging"":""distance"",""minPts"":1,""radius"":1.3}",1,True,True,0.10584882616365857,0.0,0.5192379038385506,0.0,0.3347343806495431,0.0,0.5389626084829822,0.0,161.79039600856387,0.0,5.0,0.0,0.0,0.0,0.0007539999787695706,0.0,0.00029720901511609554,2
r15,shape,600,2,classix,"{""engine"":""classix"",""group_merging"":""distance"",""minPts"":1,""radius"":1.4}",1,True,True,0.04313099041533546,0.0,0.3038347452422439,0.0,0.25655100835347866,0.0,0.5843667660741029,0.0,113.0641076576006,0.0,3.0,0.0,0.0,0.0,0.0005446455033961684,0.0,9.09375085029751e-05,2
r15,shape,600,2,classix,"{""engine"":""classix"",""group_merging"":""distance"",""minPts"":1,""radius"":1.5}",1,True,True,0.019639934533551555,0.0,0.1658866689866587,0.0,0.2988757637834043,0.0,0.6016932875625076,0.0,96.77403257636794,0.0,2.0,0.0,0.0,0.0,0.0005463545094244182,0.0,9.810453047975898e-05,2
r15,shape,600,2,classix,"{""engine"":""classix"",""group_merging"":""distance"",""minPts"":10,""radius"":0.1}",1,True,True,0.9242823175714754,0.0,0.9751374851438712,0.0,0.7143588315176977,0.0,0.37661981046423054,0.0,3341.0776111032524,0.0,14.0,0.0,0.0,0.0,0.02028210400021635,0.0,0.01538572899880819,2
r15,shape,600,2,classix,"{""engine"":""classix"",""group_merging"":""distance"",""minPts"":10,""radius"":0.2}",1,True,True,0.2636754763368162,0.0,0.7425078304557066,0.0,0.653006125666107,0.0,0.34872775486793317,0.0,760.0819366111349,0.0,8.0,0.0,0.0,0.0,0.002505708020180464,0.0,0.00030324998078867793,2
r15,shape,600,2,classix,"{""engine"":""classix"",""group_merging"":""distance"",""minPts"":10,""radius"":0.3}",1,True,True,0.3424807903402854,0.0,0.7985604281111502,0.0,0.5199125314729226,0.0,0.4707455737734381,0.0,799.5618833605274,0.0,9.0,0.0,0.0,0.0,0.0025918545143213123,0.0,0.001250895526027307,2
r15,shape,600,2,classix,"{""engine"":""classix"",""group_merging"":""distance"",""minPts"":10,""radius"":0.4}",1,True,True,0.2636754763368162,0.0,0.7425078304557066,0.0,0.653006125666107,0.0,0.34872775486793317,0.0,760.0819366111349,0.0,8.0,0.0,0.0,0.0,0.0010730415233410895,0.0,0.0001033334992825985,2
r15,shape,600,2,classix,"{""engine"":""classix"",""group_merging"":""distance"",""minPts"":10,""radius"":0.5}",1,True,True,0.2636754763368162,0.0,0.7425078304557066,0.0,0.653006125666107,0.0,0.34872775486793317,0.0,760.0819366111349,0.0,8.0,0.0,0.0,0.0,0.0009457499836571515,0.0,0.00013491598656401038,2
r15,shape,600,2,classix,"{""engine"":""classix"",""group_merging"":""distance"",""minPts"":10,""radius"":0.6}",1,True,True,0.2636754763368162,0.0,0.7425078304557066,0.0,0.653006125666107,0.0,0.34872775486793317,0.0,760.0819366111349,0.0,8.0,0.0,0.0,0.0,0.0009277499921154231,0.0,0.00028570802533067763,2
r15,shape,600,2,classix,"{""engine"":""classix"",""group_merging"":""distance"",""minPts"":10,""radius"":0.7}",1,True,True,0.2636754763368162,0.0,0.7425078304557066,0.0,0.653006125666107,0.0,0.34872775486793317,0.0,760.0819366111349,0.0,8.0,0.0,0.0,0.0,0.0009909375221468508,0.0,0.0004268125048838556,2
r15,shape,600,2,classix,"{""engine"":""classix"",""group_merging"":""distance"",""minPts"":10,""radius"":0.8}",1,True,True,0.2636754763368162,0.0,0.7425078304557066,0.0,0.653006125666107,0.0,0.34872775486793317,0.0,760.0819366111349,0.0,8.0,0.0,0.0,0.0,0.0008157285046763718,0.0,0.00027206249069422483,2
r15,shape,600,2,classix,"{""engine"":""classix"",""group_merging"":""distance"",""minPts"":10,""radius"":0.9}",1,True,True,0.19973279893119572,0.0,0.6782796145175144,0.0,0.540084865473741,0.0,0.4277249736250573,0.0,359.7766957295669,0.0,7.0,0.0,0.0,0.0,0.0007987499993760139,0.0,0.0002568750351201743,2
r15,shape,600,2,classix,"{""engine"":""classix"",""group_merging"":""distance"",""minPts"":10,""radius"":1.0}",1,True,True,0.2636754763368162,0.0,0.7425078304557066,0.0,0.653006125666107,0.0,0.34872775486793317,0.0,760.0819366111349,0.0,8.0,0.0,0.0,0.0,0.0007223959837574512,0.0,0.0002186870260629803,2
r15,shape,600,2,classix,"{""engine"":""classix"",""group_merging"":""distance"",""minPts"":10,""radius"":1.1}",1,True,True,0.19973279893119572,0.0,0.6782796145175144,0.0,0.5431397686960906,0.0,0.4246430507255714,0.0,366.0602433457326,0.0,7.0,0.0,0.0,0.0,0.0006266665004659444,0.0,0.00015208349213935435,2
r15,shape,600,2,classix,"{""engine"":""classix"",""group_merging"":""distance"",""minPts"":10,""radius"":1.2}",1,True,True,0.07144870349492671,0.0,0.4201214138532978,0.0,0.3502707804684594,0.0,0.5068757290005108,0.0,157.4089999164956,0.0,4.0,0.0,0.0,0.0,0.0008327295072376728,0.0,0.0003563954960554838,2
r15,shape,600,2,classix,"{""engine"":""classix"",""group_merging"":""distance"",""minPts"":10,""radius"":1.3}",1,True,True,0.10584882616365857,0.0,0.5192379038385506,0.0,0.3347343806495431,0.0,0.5389626084829822,0.0,161.79039600856387,0.0,5.0,0.0,0.0,0.0,0.0007390835089609027,0.0,0.00027958350256085396,2
r15,shape,600,2,classix,"{""engine"":""classix"",""group_merging"":""distance"",""minPts"":10,""radius"":1.4}",1,True,True,0.04313099041533546,0.0,0.3038347452422439,0.0,0.25655100835347866,0.0,0.5843667660741029,0.0,113.0641076576006,0.0,3.0,0.0,0.0,0.0,0.0007184999994933605,0.0,0.00026516703655943274,2
r15,shape,600,2,classix,"{""engine"":""classix"",""group_merging"":""distance"",""minPts"":10,""radius"":1.5}",1,True,True,0.019639934533551555,0.0,0.1658866689866587,0.0,0.2988757637834043,0.0,0.6016932875625076,0.0,96.77403257636794,0.0,2.0,0.0,0.0,0.0,0.0006982705090194941,0.0,0.00024493748787790537,2
r15,shape,600,2,classix,"{""engine"":""classix"",""group_merging"":""distance"",""minPts"":5,""radius"":0.1}",1,True,True,0.9039702676792366,0.0,0.9644358814234874,0.0,0.6428777290083002,0.0,0.5164284878687182,0.0,2951.213347582922,0.0,16.0,0.0,0.0,0.0,0.0067901665170211345,0.0,0.0019242085108999163,2
r15,shape,600,2,classix,"{""engine"":""classix"",""group_merging"":""distance"",""minPts"":5,""radius"":0.2}",1,True,True,0.2636754763368162,0.0,0.7425078304557066,0.0,0.653006125666107,0.0,0.34872775486793317,0.0,760.0819366111349,0.0,8.0,0.0,0.0,0.0,0.0028234374767635018,0.0,0.000613145501120016,2
r15,shape,600,2,classix,"{""engine"":""classix"",""group_merging"":""distance"",""minPts"":5,""radius"":0.3}",1,True,True,0.3424807903402854,0.0,0.7985604281111502,0.0,0.5199125314729226,0.0,0.4707455737734381,0.0,799.5618833605274,0.0,9.0,0.0,0.0,0.0,0.0018074795370921493,0.0,0.0004478124901652336,2
r15,shape,600,2,classix,"{""engine"":""classix"",""group_merging"":""distance"",""minPts"":5,""radius"":0.4}",1,True,True,0.2636754763368162,0.0,0.7425078304557066,0.0,0.653006125666107,0.0,0.34872775486793317,0.0,760.0819366111349,0.0,8.0,0.0,0.0,0.0,0.0011531875061336905,0.0,0.00017518750973977149,2
r15,shape,600,2,classix,"{""engine"":""classix"",""group_merging"":""distance"",""minPts"":5,""radius"":0.5}",1,True,True,0.2636754763368162,0.0,0.7425078304557066,0.0,0.653006125666107,0.0,0.34872775486793317,0.0,760.0819366111349,0.0,8.0,0.0,0.0,0.0,0.001056166016496718,0.0,0.00024287501582875848,2
r15,shape,600,2,classix,"{""engine"":""classix"",""group_merging"":""distance"",""minPts"":5,""radius"":0.6}",1,True,True,0.2636754763368162,0.0,0.7425078304557066,0.0,0.653006125666107,0.0,0.34872775486793317,0.0,760.0819366111349,0.0,8.0,0.0,0.0,0.0,0.0007107914716470987,0.0,6.391652277670801e-05,2
r15,shape,600,2,classix,"{""engine"":""classix"",""group_merging"":""distance"",""minPts"":5,""radius"":0.7}",1,True,True,0.2636754763368162,0.0,0.7425078304557066,0.0,0.653006125666107,0.0,0.34872775486793317,0.0,760.0819366111349,0.0,8.0,0.0,0.0,0.0,0.0007113540195859969,0.0,0.00015085400082170963,2
r15,shape,600,2,classix,"{""engine"":""classix"",""group_merging"":""distance"",""minPts"":5,""radius"":0.8}",1,True,True,0.2636754763368162,0.0,0.7425078304557066,0.0,0.653006125666107,0.0,0.34872775486793317,0.0,760.0819366111349,0.0,8.0,0.0,0.0,0.0,0.000809312507044524,0.0,0.00026331248227506876,2
r15,shape,600,2,classix,"{""engine"":""classix"",""group_merging"":""distance"",""minPts"":5,""radius"":0.9}",1,True,True,0.19973279893119572,0.0,0.6782796145175144,0.0,0.540084865473741,0.0,0.4277249736250573,0.0,359.7766957295669,0.0,7.0,0.0,0.0,0.0,0.0007853749848436564,0.0,0.00022637497750110924,2
r15,shape,600,2,classix,"{""engine"":""classix"",""group_merging"":""distance"",""minPts"":5,""radius"":1.0}",1,True,True,0.2636754763368162,0.0,0.7425078304557066,0.0,0.653006125666107,0.0,0.34872775486793317,0.0,760.0819366111349,0.0,8.0,0.0,0.0,0.0,0.0006974580173846334,0.0,0.00019441699259914458,2
r15,shape,600,2,classix,"{""engine"":""classix"",""group_merging"":""distance"",""minPts"":5,""radius"":1.1}",1,True,True,0.19973279893119572,0.0,0.6782796145175144,0.0,0.5431397686960906,0.0,0.4246430507255714,0.0,366.0602433457326,0.0,7.0,0.0,0.0,0.0,0.0006168749823700637,0.0,0.00012675000471062958,2
r15,shape,600,2,classix,"{""engine"":""classix"",""group_merging"":""distance"",""minPts"":5,""radius"":1.2}",1,True,True,0.07144870349492671,0.0,0.4201214138532978,0.0,0.3502707804684594,0.0,0.5068757290005108,0.0,157.4089999164956,0.0,4.0,0.0,0.0,0.0,0.0007941039802972227,0.0,0.0003221039951313287,2
r15,shape,600,2,classix,"{""engine"":""classix"",""group_merging"":""distance"",""minPts"":5,""radius"":1.3}",1,True,True,0.10584882616365857,0.0,0.5192379038385506,0.0,0.3347343806495431,0.0,0.5389626084829822,0.0,161.79039600856387,0.0,5.0,0.0,0.0,0.0,0.0007525414694100618,0.0,0.00029020849615335464,2
r15,shape,600,2,classix,"{""engine"":""classix"",""group_merging"":""distance"",""minPts"":5,""radius"":1.4}",1,True,True,0.04313099041533546,0.0,0.3038347452422439,0.0,0.25655100835347866,0.0,0.5843667660741029,0.0,113.0641076576006,0.0,3.0,0.0,0.0,0.0,0.0005532504874281585,0.0,9.583350038155913e-05,2
r15,shape,600,2,classix,"{""engine"":""classix"",""group_merging"":""distance"",""minPts"":5,""radius"":1.5}",1,True,True,0.019639934533551555,0.0,0.1658866689866587,0.0,0.2988757637834043,0.0,0.6016932875625076,0.0,96.77403257636794,0.0,2.0,0.0,0.0,0.0,0.0005318540206644684,0.0,8.239599992521107e-05,2
r15,shape,600,2,dbscan,"{""eps"":0.1,""min_samples"":10}",1,True,True,0.7510783900956975,0.0,0.867796674847199,0.0,0.8014603804280384,0.0,0.2668604383364155,0.0,6304.04577243348,0.0,15.0,0.0,78.0,0.0,0.0022874999849591404,0.0,0.0008742920181248337,2
r15,shape,600,2,dbscan,"{""eps"":0.1,""min_samples"":3}",1,True,True,0.9375177829535192,0.0,0.9510605888465299,0.0,0.7181489384720697,0.0,0.3547775029200269,0.0,4830.346873746337,0.0,17.0,0.0,22.0,0.0,0.002196020999690518,0.0,0.0004413129936438054,2
r15,shape,600,2,dbscan,"{""eps"":0.1,""min_samples"":5}",1,True,True,0.9001872883495454,0.0,0.9276579442944719,0.0,0.7759301946935981,0.0,0.2913325658658476,0.0,5548.877617070267,0.0,15.0,0.0,38.0,0.0,0.007861458521801978,0.0,0.006362041516695172,2
r15,shape,600,2,dbscan,"{""eps"":0.2,""min_samples"":10}",1,True,True,0.2636754763368162,0.0,0.7425078304557066,0.0,0.653006125666107,0.0,0.34872775486793317,0.0,760.0819366111348,0.0,8.0,0.0,0.0,0.0,0.0019211874750908464,0.0,0.0003631874860730022,2
r15,shape,600,2,dbscan,"{""eps"":0.2,""min_samples"":3}",1,True,True,0.2636754763368162,0.0,0.7425078304557066,0.0,0.653006125666107,0.0,0.34872775486793317,0.0,760.0819366111348,0.0,8.0,0.0,0.0,0.0,0.0019500625203363597,0.0,0.00034818751737475395,2
r15,shape,600,2,dbscan,"{""eps"":0.2,""min_samples"":5}",1,True,True,0.2636754763368162,0.0,0.7425078304557066,0.0,0.653006125666107,0.0,0.34872775486793317,0.0,760.0819366111348,0.0,8.0,0.0,0.0,0.0,0.0018047290213871747,0.0,0.00022372897365130484,2
r15,shape,600,2,dbscan,"{""eps"":0.3,""min_samples"":10}",1,True,True,0.2636754763368162,0.0,0.7425078304557066,0.0,0.653006125666107,0.0,0.34872775486793317,0.0,760.0819366111348,0.0,8.0,0.0,0.0,0.0,0.002150646032532677,0.0,0.0005385619879234582,2
r15,shape,600,2,dbscan,"{""eps"":0.3,""min_samples"":3}",1,True,True,0.2636754763368162,0.0,0.7425078304557066,0.0,0.653006125666107,0.0,0.34872775486793317,0.0,760.0819366111348,0.0,8.0,0.0,0.0,0.0,0.0019369579968042672,0.0,0.00020987499738112092,2
r15,shape,600,2,dbscan,"{""eps"":0.3,""min_samples"":5}",1,True,True,0.2636754763368162,0.0,0.7425078304557066,0.0,0.653006125666107,0.0,0.34872775486793317,0.0,760.0819366111348,0.0,8.0,0.0,0.0,0.0,0.004627521004294977,0.0,0.0030168119992595166,2
r15,shape,600,2,dbscan,"{""eps"":0.4,""min_samples"":10}",1,True,True,0.2636754763368162,0.0,0.7425078304557066,0.0,0.653006125666107,0.0,0.34872775486793317,0.0,760.0819366111348,0.0,8.0,0.0,0.0,0.0,0.0017163334996439517,0.0,4.5458495151251554e-05,2
r15,shape,600,2,dbscan,"{""eps"":0.4,""min_samples"":3}",1,True,True,0.2636754763368162,0.0,0.7425078304557066,0.0,0.653006125666107,0.0,0.34872775486793317,0.0,760.0819366111348,0.0,8.0,0.0,0.0,0.0,0.002142208511941135,0.0,0.00041858351323753595,2
r15,shape,600,2,dbscan,"{""eps"":0.4,""min_samples"":5}",1,True,True,0.2636754763368162,0.0,0.7425078304557066,0.0,0.653006125666107,0.0,0.34872775486793317,0.0,760.0819366111348,0.0,8.0,0.0,0.0,0.0,0.0017741045157890767,0.0,8.710447582416236e-05,2
r15,shape,600,2,dbscan,"{""eps"":0.5,""min_samples"":10}",1,True,True,0.2636754763368162,0.0,0.7425078304557066,0.0,0.653006125666107,0.0,0.34872775486793317,0.0,760.0819366111348,0.0,8.0,0.0,0.0,0.0,0.0025312294892501086,0.0,0.0007135625055525452,2
r15,shape,600,2,dbscan,"{""eps"":0.5,""min_samples"":3}",1,True,True,0.2636754763368162,0.0,0.7425078304557066,0.0,0.653006125666107,0.0,0.34872775486793317,0.0,760.0819366111348,0.0,8.0,0.0,0.0,0.0,0.002329937502508983,0.0,0.000439062510849908,2
r15,shape,600,2,dbscan,"{""eps"":0.5,""min_samples"":5}",1,True,True,0.2636754763368162,0.0,0.7425078304557066,0.0,0.653006125666107,0.0,0.34872775486793317,0.0,760.0819366111348,0.0,8.0,0.0,0.0,0.0,0.0024323539983015507,0.0,0.0005913960339967161,2
r15,shape,600,2,dbscan,"{""eps"":0.6,""min_samples"":10}",1,True,True,0.2636754763368162,0.0,0.7425078304557066,0.0,0.653006125666107,0.0,0.34872775486793317,0.0,760.0819366111348,0.0,8.0,0.0,0.0,0.0,0.002592020493466407,0.0,0.0005333955050446093,2
r15,shape,600,2,dbscan,"{""eps"":0.6,""min_samples"":3}",1,True,True,0.2636754763368162,0.0,0.7425078304557066,0.0,0.653006125666107,0.0,0.34872775486793317,0.0,760.0819366111348,0.0,8.0,0.0,0.0,0.0,0.0023728329688310623,0.0,0.0003032080130651593,2
r15,shape,600,2,dbscan,"{""eps"":0.6,""min_samples"":5}",1,True,True,0.2636754763368162,0.0,0.7425078304557066,0.0,0.653006125666107,0.0,0.34872775486793317,0.0,760.0819366111348,0.0,8.0,0.0,0.0,0.0,0.002395916497334838,0.0,0.0003624585224315524,2
r15,shape,600,2,dbscan,"{""eps"":0.7,""min_samples"":10}",1,True,True,0.2636754763368162,0.0,0.7425078304557066,0.0,0.653006125666107,0.0,0.34872775486793317,0.0,760.0819366111348,0.0,8.0,0.0,0.0,0.0,0.002333708485821262,0.0,7.687552715651691e-05,2
r15,shape,600,2,dbscan,"{""eps"":0.7,""min_samples"":3}",1,True,True,0.2636754763368162,0.0,0.7425078304557066,0.0,0.653006125666107,0.0,0.34872775486793317,0.0,760.0819366111348,0.0,8.0,0.0,0.0,0.0,0.009173666476272047,0.0,0.007037666509859264,2
r15,shape,600,2,dbscan,"{""eps"":0.7,""min_samples"":5}",1,True,True,0.2636754763368162,0.0,0.7425078304557066,0.0,0.653006125666107,0.0,0.34872775486793317,0.0,760.0819366111348,0.0,8.0,0.0,0.0,0.0,0.002694291964871809,0.0,0.0005337919865269214,2
r15,shape,600,2,dbscan,"{""eps"":0.8,""min_samples"":10}",1,True,True,0.2636754763368162,0.0,0.7425078304557066,0.0,0.653006125666107,0.0,0.34872775486793317,0.0,760.0819366111348,0.0,8.0,0.0,0.0,0.0,0.0026528545131441206,0.0,0.0004645624721888453,2
r15,shape,600,2,dbscan,"{""eps"":0.8,""min_samples"":3}",1,True,True,0.2636754763368162,0.0,0.7425078304557066,0.0,0.653006125666107,0.0,0.34872775486793317,0.0,760.0819366111348,0.0,8.0,0.0,0.0,0.0,0.009629562497138977,0.0,0.0073788954759947956,2
r15,shape,600,2,dbscan,"{""eps"":0.8,""min_samples"":5}",1,True,True,0.2636754763368162,0.0,0.7425078304557066,0.0,0.653006125666107,0.0,0.34872775486793317,0.0,760.0819366111348,0.0,8.0,0.0,0.0,0.0,0.0027694375021383166,0.0,0.0006209785351529717,2
r15,shape,600,2,dbscan,"{""eps"":0.9,""min_samples"":10}",1,True,True,0.19973279893119572,0.0,0.6782796145175144,0.0,0.5431397686960906,0.0,0.42464305072557135,0.0,366.0602433457326,0.0,7.0,0.0,0.0,0.0,0.002497812994988635,0.0,0.0003023540193680674,2
r15,shape,600,2,dbscan,"{""eps"":0.9,""min_samples"":3}",1,True,True,0.19973279893119572,0.0,0.6782796145175144,0.0,0.5431397686960906,0.0,0.42464305072557135,0.0,366.0602433457326,0.0,7.0,0.0,0.0,0.0,0.0023133124923333526,0.0,8.764548692852259e-05,2
r15,shape,600,2,dbscan,"{""eps"":0.9,""min_samples"":5}",1,True,True,0.19973279893119572,0.0,0.6782796145175144,0.0,0.5431397686960906,0.0,0.42464305072557135,0.0,366.0602433457326,0.0,7.0,0.0,0.0,0.0,0.009002312464872375,0.0,0.006731520494213328,2
r15,shape,600,2,dbscan,"{""eps"":1.0,""min_samples"":10}",1,True,True,0.07144870349492671,0.0,0.4201214138532978,0.0,0.2441843830884396,0.0,0.5840988545466175,0.0,125.95360097103311,0.0,4.0,0.0,0.0,0.0,0.0024978964938782156,0.0,0.00014006247511133552,2
r15,shape,600,2,dbscan,"{""eps"":1.0,""min_samples"":3}",1,True,True,0.07144870349492671,0.0,0.4201214138532978,0.0,0.2441843830884396,0.0,0.5840988545466175,0.0,125.95360097103311,0.0,4.0,0.0,0.0,0.0,0.003429125004913658,0.0,0.0010412500123493373,2
r15,shape,600,2,dbscan,"{""eps"":1.0,""min_samples"":5}",1,True,True,0.07144870349492671,0.0,0.4201214138532978,0.0,0.2441843830884396,0.0,0.5840988545466175,0.0,125.95360097103311,0.0,4.0,0.0,0.0,0.0,0.00274500047089532,0.0,0.00045295851305127144,2
r15,shape,600,2,dbscan,"{""eps"":1.1,""min_samples"":10}",1,True,True,0.0,0.0,0.0,0.0,,,,,,,1.0,0.0,0.0,0.0,0.010894083505263552,0.0,0.008535958506399766,2
r15,shape,600,2,dbscan,"{""eps"":1.1,""min_samples"":3}",1,True,True,0.0,0.0,0.0,0.0,,,,,,,1.0,0.0,0.0,0.0,0.002697229472687468,0.0,0.0003065205237362534,2
r15,shape,600,2,dbscan,"{""eps"":1.1,""min_samples"":5}",1,True,True,0.0,0.0,0.0,0.0,,,,,,,1.0,0.0,0.0,0.0,0.0034098124888259917,0.0,0.0008586455078329891,2
r15,shape,600,2,dbscan,"{""eps"":1.2,""min_samples"":10}",1,True,True,0.0,0.0,0.0,0.0,,,,,,,1.0,0.0,0.0,0.0,0.003563457983545959,0.0,0.0010321669979020953,2
r15,shape,600,2,dbscan,"{""eps"":1.2,""min_samples"":3}",1,True,True,0.0,0.0,0.0,0.0,,,,,,,1.0,0.0,0.0,0.0,0.003155375481583178,0.0,0.0005672915140166879,2
r15,shape,600,2,dbscan,"{""eps"":1.2,""min_samples"":5}",1,True,True,0.0,0.0,0.0,0.0,,,,,,,1.0,0.0,0.0,0.0,0.007755645492579788,0.0,0.005286395491566509,2
r15,shape,600,2,kmeans,"{""init"":""k-means++"",""n_clusters"":10,""n_init"":20}",5,False,,0.599572196949611,0.0039199904433993675,0.8564658491680678,0.006286468822969082,0.6415295916375247,0.001532770117134816,0.4479446562327002,0.0025371338862856772,1611.4667901467408,0.9100455975480986,10.0,0.0,0.0,0.0,0.06833560821833089,0.05902857925328517,0.0,5
r15,shape,600,2,kmeans,"{""init"":""k-means++"",""n_clusters"":11,""n_init"":20}",5,False,,0.6876802744131514,0.0,0.8729382126846392,0.0,0.6455007138103945,0.0,0.4426797794369549,5.551115123125783e-17,2069.515412755641,0.0,11.0,0.0,0.0,0.0,0.048964225000236186,0.014150291174823838,0.0,5
r15,shape,600,2,kmeans,"{""init"":""k-means++"",""n_clusters"":12,""n_init"":20}",5,False,,0.7930515551883978,0.004521936920304792,0.9238428353846793,0.0026348872335563867,0.665433383456066,0.0023884119259334224,0.43594886553179,0.007699861341262624,2327.573292814147,13.366699048334649,12.0,0.0,0.0,0.0,0.05950185821857303,0.023286693079989266,0.0,5
r15,shape,600,2,kmeans,"{""init"":""k-means++"",""n_clusters"":2,""n_init"":20}",5,False,,0.12117027703460774,1.3877787807814457e-17,0.39810668556927375,0.0,0.30505802278593097,0.0,1.2581888900883769,0.0,279.2149045170908,0.0,2.0,0.0,0.0,0.0,0.04209818359231576,0.013839423677844291,0.0,5
r15,shape,600,2,kmeans,"{""init"":""k-means++"",""n_clusters"":3,""n_init"":20}",5,False,,0.22012828698475598,0.0,0.5565333063363668,0.0,0.3318954956907312,0.0,1.003528792803636,0.0,335.3014247219629,7.190186943645084e-14,3.0,0.0,0.0,0.0,0.0463281417847611,0.007964299707597872,0.0,5
r15,shape,600,2,kmeans,"{""init"":""k-means++"",""n_clusters"":4,""n_init"":20}",5,False,,0.25374318991030115,0.00021236299980103012,0.6259375378577623,0.0009742465587629035,0.4166756471866506,0.0028090634124265487,0.923083167850615,0.004810710360240766,368.69277366490587,3.3364475073683706,4.0,0.0,0.0,0.0,0.04037726677488536,0.004564741900977261,0.0,5
r15,shape,600,2,kmeans,"{""init"":""k-means++"",""n_clusters"":5,""n_init"":20}",5,False,,0.23713076701861055,2.7755575615628914e-17,0.655989805219806,0.0,0.5226027857957704,0.0,0.7223602501056237,0.0,466.96075284144655,5.084229945850415e-14,5.0,0.0,0.0,0.0,0.046006933005992325,0.012498665663838775,0.0,5
r15,shape,600,2,kmeans,"{""init"":""k-means++"",""n_clusters"":6,""n_init"":20}",5,False,,0.24559193954659947,2.7755575615628914e-17,0.686122293599551,0.0,0.5620929142649352,0.0,0.592223535510187,8.599750569898517e-17,494.9810086043655,0.0,6.0,0.0,0.0,0.0,0.0435508830123581,0.005490278097593898,0.0,5
r15,shape,600,2,kmeans,"{""init"":""k-means++"",""n_clusters"":7,""n_init"":20}",5,False,,0.254431520666123,0.0,0.714933278954781,0.0,0.6023946626919532,0.0005008146459244411,0.49136788897224415,0.0019356738110104243,575.040269571421,1.0702744840821763,7.0,0.0,0.0,0.0,0.058318766590673476,0.028042923171443378,0.0,5
r15,shape,600,2,kmeans,"{""init"":""k-means++"",""n_clusters"":8,""n_init"":20}",5,False,,0.2636754763368162,0.0,0.7425078304557066,0.0,0.653006125666107,0.0,0.34872775486793317,3.510833468576701e-17,760.0819366111349,1.016845989170083e-13,8.0,0.0,0.0,0.0,0.043670841597486285,0.01105081394430021,0.0,5
r15,shape,600,2,kmeans,"{""init"":""k-means++"",""n_clusters"":9,""n_init"":20}",5,False,,0.4748003928536094,0.00021860296252662614,0.8245570290335932,0.0004537888992450778,0.6198216070915319,0.00019967187882894422,0.4962499715544987,0.00028634369165174704,1110.1419724442896,0.017239378199951718,9.0,0.0,0.0,0.0,0.037359758198726924,0.005167322741449351,0.0,5
r15,shape,600,2,ward,"{""linkage"":""ward"",""n_clusters"":10}",1,True,True,0.6084035434863323,0.0,0.8778118116958681,0.0,0.6435091474498752,0.0,0.44565742192336594,0.0,1597.229574804348,0.0,10.0,0.0,0.0,0.0,0.003359708469361067,0.0,0.00013766647316515446,2
r15,shape,600,2,ward,"{""linkage"":""ward"",""n_clusters"":11}",1,True,True,0.7165923770489853,0.0,0.9111651327691139,0.0,0.6450971476131094,0.0,0.4428743357190898,0.0,1989.4167115899597,0.0,11.0,0.0,0.0,0.0,0.010242646501865238,0.0,0.007000562502071261,2
r15,shape,600,2,ward,"{""linkage"":""ward"",""n_clusters"":12}",1,True,True,0.8042766753644529,0.0,0.9373628324280783,0.0,0.6616370869850643,0.0,0.43995682948535997,0.0,2274.39403005171,0.0,12.0,0.0,0.0,0.0,0.0038618130201939493,0.0,0.00061514598201029,2
r15,shape,600,2,ward,"{""linkage"":""ward"",""n_clusters"":2}",1,True,True,0.04109505765061095,0.0,0.25327915840981136,0.0,0.3664939526400457,0.0,0.9453157584249606,0.0,192.4630940794101,0.0,2.0,0.0,0.0,0.0,0.003986062511103228,0.0,0.0003501454775687307,2
r15,shape,600,2,ward,"{""linkage"":""ward"",""n_clusters"":3}",1,True,True,0.09882017578588961,0.0,0.44042467290887155,0.0,0.40033743849479786,0.0,0.8714327788540667,0.0,276.1938096685682,0.0,3.0,0.0,0.0,0.0,0.0055786459997761995,0.0,0.0015278130013030022,2
r15,shape,600,2,ward,"{""linkage"":""ward"",""n_clusters"":4}",1,True,True,0.18057455540355677,0.0,0.5823607419089306,0.0,0.45946637055721806,0.0,0.8767055024267814,0.0,360.2769198900129,0.0,4.0,0.0,0.0,0.0,0.007741354493191466,0.0,0.003884187521180138,2
r15,shape,600,2,ward,"{""linkage"":""ward"",""n_clusters"":5}",1,True,True,0.23713076701861058,0.0,0.655989805219806,0.0,0.5226027857957704,0.0,0.7223602501056237,0.0,466.96075284144655,0.0,5.0,0.0,0.0,0.0,0.0037116039893589914,0.0,0.00010922900401055813,2
r15,shape,600,2,ward,"{""linkage"":""ward"",""n_clusters"":6}",1,True,True,0.2455919395465995,0.0,0.686122293599551,0.0,0.5620929142649352,0.0,0.592223535510187,0.0,494.9810086043655,0.0,6.0,0.0,0.0,0.0,0.003938187495805323,0.0,0.00011622952297329903,2
r15,shape,600,2,ward,"{""linkage"":""ward"",""n_clusters"":7}",1,True,True,0.254431520666123,0.0,0.714933278954781,0.0,0.6026450700149154,0.0,0.490400052066739,0.0,575.575406813462,0.0,7.0,0.0,0.0,0.0,0.0039031460182741284,0.0,0.0006132290000095963,2
r15,shape,600,2,ward,"{""linkage"":""ward"",""n_clusters"":8}",1,True,True,0.2636754763368162,0.0,0.7425078304557066,0.0,0.653006125666107,0.0,0.3487277548679332,0.0,760.0819366111348,0.0,8.0,0.0,0.0,0.0,0.003380437468877062,0.0,0.0001688124903012067,2
r15,shape,600,2,ward,"{""linkage"":""ward"",""n_clusters"":9}",1,True,True,0.4982863164432096,0.0,0.8362377158655347,0.0,0.6082216615891525,0.0,0.5313334078401929,0.0,1061.0692537461118,0.0,9.0,0.0,0.0,0.0,0.0039288129773922265,0.0,0.0007207710295915604,2
seeds,real,210,7,classix,"{""engine"":""classix"",""group_merging"":""density"",""minPts"":1,""radius"":0.1}",1,True,True,0.0009243608704838369,0.0,0.34263573657002716,0.0,0.030464705314589315,0.0,0.08434096647227711,0.0,309.728636736862,0.0,205.0,0.0,0.0,0.0,0.008269458514405414,0.0,0.0014160005084704608,2
seeds,real,210,7,classix,"{""engine"":""classix"",""group_merging"":""density"",""minPts"":1,""radius"":0.2}",1,True,True,0.018405460146358094,0.0,0.35905132677908647,0.0,0.12020618218932533,0.0,0.4176593127617487,0.0,63.62246230821143,0.0,150.0,0.0,0.0,0.0,0.01637435398879461,0.0,0.0012914790131617337,2
seeds,real,210,7,classix,"{""engine"":""classix"",""group_merging"":""density"",""minPts"":1,""radius"":0.3}",1,True,True,0.24946996617853917,0.0,0.42080597348010335,0.0,-0.13166879013561453,0.0,0.7747835071376628,0.0,12.155268255073892,0.0,49.0,0.0,0.0,0.0,0.0175959994958248,0.0,0.0027146665088366717,2
seeds,real,210,7,classix,"{""engine"":""classix"",""group_merging"":""density"",""minPts"":1,""radius"":0.4}",1,True,True,4.5166972619135954e-05,0.0,0.11621003220825625,0.0,-0.4182661631364547,0.0,1.0701500898112168,0.0,2.06488009188127,0.0,14.0,0.0,0.0,0.0,0.010739603982074186,0.0,0.001267062994884327,2
seeds,real,210,7,classix,"{""engine"":""classix"",""group_merging"":""density"",""minPts"":1,""radius"":0.5}",1,True,True,0.00019073749385605188,0.0,0.04235384992477737,0.0,-0.09459585223246818,0.0,0.8583742611118599,0.0,1.8558259301691682,0.0,5.0,0.0,0.0,0.0,0.00930235447594896,0.0,0.00287922949064523,2
seeds,real,210,7,classix,"{""engine"":""classix"",""group_merging"":""density"",""minPts"":1,""radius"":0.6}",1,True,True,0.0,0.0,0.0,0.0,,,,,,,1.0,0.0,0.0,0.0,0.005129917000886053,0.0,0.00045116699766367674,2
seeds,real,210,7,classix,"{""engine"":""classix"",""group_merging"":""density"",""minPts"":1,""radius"":0.7}",1,True,True,0.0,0.0,0.0,0.0,,,,,,,1.0,0.0,0.0,0.0,0.007792687538312748,0.0,0.004122562502743676,2
seeds,real,210,7,classix,"{""engine"":""classix"",""group_merging"":""density"",""minPts"":1,""radius"":0.8}",1,True,True,0.0,0.0,0.0,0.0,,,,,,,1.0,0.0,0.0,0.0,0.002878333500120789,0.0,9.4585120677948e-06,2
seeds,real,210,7,classix,"{""engine"":""classix"",""group_merging"":""density"",""minPts"":1,""radius"":0.9}",1,True,True,0.0,0.0,0.0,0.0,,,,,,,1.0,0.0,0.0,0.0,0.0019438959716353565,0.0,6.039917934685946e-07,2
seeds,real,210,7,classix,"{""engine"":""classix"",""group_merging"":""density"",""minPts"":1,""radius"":1.0}",1,True,True,0.0,0.0,0.0,0.0,,,,,,,1.0,0.0,0.0,0.0,0.0018481459701433778,0.0,2.585398033261299e-05,2
seeds,real,210,7,classix,"{""engine"":""classix"",""group_merging"":""density"",""minPts"":1,""radius"":1.1}",1,True,True,0.0,0.0,0.0,0.0,,,,,,,1.0,0.0,0.0,0.0,0.0013322499871719629,0.0,0.00016158298240043223,2
seeds,real,210,7,classix,"{""engine"":""classix"",""group_merging"":""density"",""minPts"":1,""radius"":1.2}",1,True,True,0.0,0.0,0.0,0.0,,,,,,,1.0,0.0,0.0,0.0,0.0043226879788562655,0.0,0.0030506040202453732,2
seeds,real,210,7,classix,"{""engine"":""classix"",""group_merging"":""density"",""minPts"":1,""radius"":1.3}",1,True,True,0.0,0.0,0.0,0.0,,,,,,,1.0,0.0,0.0,0.0,0.001286270999116823,0.0,0.00024618799216113985,2
seeds,real,210,7,classix,"{""engine"":""classix"",""group_merging"":""density"",""minPts"":1,""radius"":1.4}",1,True,True,0.0,0.0,0.0,0.0,,,,,,,1.0,0.0,0.0,0.0,0.0008930205076467246,0.0,0.00013335447874851525,2
seeds,real,210,7,classix,"{""engine"":""classix"",""group_merging"":""density"",""minPts"":1,""radius"":1.5}",1,True,True,0.0,0.0,0.0,0.0,,,,,,,1.0,0.0,0.0,0.0,0.00069425004767254,0.0,7.19579984433949e-05,2
seeds,real,210,7,classix,"{""engine"":""classix"",""group_merging"":""density"",""minPts"":10,""radius"":0.1}",1,True,True,0.0009243608704838369,0.0,0.34263573657002716,0.0,0.030464705314589315,0.0,0.08434096647227711,0.0,309.728636736862,0.0,205.0,0.0,0.0,0.0,0.006341854459606111,0.0,0.00021652050781995058,2
seeds,real,210,7,classix,"{""engine"":""classix"",""group_merging"":""density"",""minPts"":10,""radius"":0.2}",1,True,True,0.018405460146358094,0.0,0.35905132677908647,0.0,0.12020618218932533,0.0,0.4176593127617487,0.0,63.62246230821143,0.0,150.0,0.0,0.0,0.0,0.015322354505769908,0.0,0.00020018749637529254,2
seeds,real,210,7,classix,"{""engine"":""classix"",""group_merging"":""density"",""minPts"":10,""radius"":0.3}",1,True,True,0.40354231174847466,0.0,0.5479354657704278,0.0,0.31742249236148723,0.0,1.2527251398462595,0.0,138.337062506045,0.0,3.0,0.0,0.0,0.0,0.019142957986332476,0.0,0.0036411670153029263,2
seeds,real,210,7,classix,"{""engine"":""classix"",""group_merging"":""density"",""minPts"":10,""radius"":0.4}",1,True,True,0.0,0.0,0.0,0.0,,,,,,,1.0,0.0,0.0,0.0,0.00985091648180969,0.0,0.0002612914831843227,2
seeds,real,210,7,classix,"{""engine"":""classix"",""group_merging"":""density"",""minPts"":10,""radius"":0.5}",1,True,True,0.0,0.0,0.0,0.0,,,,,,,1.0,0.0,0.0,0.0,0.008842833514790982,0.0,0.002324708504602313,2
seeds,real,210,7,classix,"{""engine"":""classix"",""group_merging"":""density"",""minPts"":10,""radius"":0.6}",1,True,True,0.0,0.0,0.0,0.0,,,,,,,1.0,0.0,0.0,0.0,0.004699562006862834,0.0,2.410399611108005e-05,2
seeds,real,210,7,classix,"{""engine"":""classix"",""group_merging"":""density"",""minPts"":10,""radius"":0.7}",1,True,True,0.0,0.0,0.0,0.0,,,,,,,1.0,0.0,0.0,0.0,0.0038231869984883815,0.0,0.000167020974913612,2
seeds,real,210,7,classix,"{""engine"":""classix"",""group_merging"":""density"",""minPts"":10,""radius"":0.8}",1,True,True,0.0,0.0,0.0,0.0,,,,,,,1.0,0.0,0.0,0.0,0.0028874790004920214,0.0,1.135401544161141e-05,2
seeds,real,210,7,classix,"{""engine"":""classix"",""group_merging"":""density"",""minPts"":10,""radius"":0.9}",1,True,True,0.0,0.0,0.0,0.0,,,,,,,1.0,0.0,0.0,0.0,0.0019417500006966293,0.0,3.300001844763756e-05,2
seeds,real,210,7,classix,"{""engine"":""classix"",""group_merging"":""density"",""minPts"":10,""radius"":1.0}",1,True,True,0.0,0.0,0.0,0.0,,,,,,,1.0,0.0,0.0,0.0,0.004626479494618252,0.0,0.002757395472144708,2
seeds,real,210,7,classix,"{""engine"":""classix"",""group_merging"":""density"",""minPts"":10,""radius"":1.1}",1,True,True,0.0,0.0,0.0,0.0,,,,,,,1.0,0.0,0.0,0.0,0.0012928124924656004,0.0,0.0001211875060107559,2
seeds,real,210,7,classix,"{""engine"":""classix"",""group_merging"":""density"",""minPts"":10,""radius"":1.2}",1,True,True,0.0,0.0,0.0,0.0,,,,,,,1.0,0.0,0.0,0.0,0.0012383125140331686,0.0,1.4687480870634317e-05,2
seeds,real,210,7,classix,"{""engine"":""classix"",""group_merging"":""density"",""minPts"":10,""radius"":1.3}",1,True,True,0.0,0.0,0.0,0.0,,,,,,,1.0,0.0,0.0,0.0,0.0012810000334866345,0.0,0.0002702500205487013,2
seeds,real,210,7,classix,"{""engine"":""classix"",""group_merging"":""density"",""minPts"":10,""radius"":1.4}",1,True,True,0.0,0.0,0.0,0.0,,,,,,,1.0,0.0,0.0,0.0,0.0009285419946536422,0.0,0.00017666700296103954,2
seeds,real,210,7,classix,"{""engine"":""classix"",""group_merging"":""density"",""minPts"":10,""radius"":1.5}",1,True,True,0.0,0.0,0.0,0.0,,,,,,,1.0,0.0,0.0,0.0,0.00066562500433065,0.0,4.7541019739583135e-05,2
seeds,real,210,7,classix,"{""engine"":""classix"",""group_merging"":""density"",""minPts"":5,""radius"":0.1}",1,True,True,0.0009243608704838369,0.0,0.34263573657002716,0.0,0.030464705314589315,0.0,0.08434096647227711,0.0,309.728636736862,0.0,205.0,0.0,0.0,0.0,0.007454271515598521,0.0,0.001311437488766387,2
seeds,real,210,7,classix,"{""engine"":""classix"",""group_merging"":""density"",""minPts"":5,""radius"":0.2}",1,True,True,0.45913924860223054,0.0,0.5358152998914661,0.0,0.4425181552045116,0.0,0.8529552369610633,0.0,247.5074544269184,0.0,2.0,0.0,0.0,0.0,0.017463750002207235,0.0,0.0008897920197341591,2
seeds,real,210,7,classix,"{""engine"":""classix"",""group_merging"":""density"",""minPts"":5,""radius"":0.3}",1,True,True,0.37812584061850274,0.0,0.4993591679080686,0.0,-0.03262572279824492,0.0,1.660407729120068,0.0,73.6782480764148,0.0,5.0,0.0,0.0,0.0,0.018398104002699256,0.0,0.0029721870087087154,2
seeds,real,210,7,classix,"{""engine"":""classix"",""group_merging"":""density"",""minPts"":5,""radius"":0.4}",1,True,True,0.0,0.0,0.0,0.0,,,,,,,1.0,0.0,0.0,0.0,0.012355479499092326,0.0,0.002724562509683892,2
seeds,real,210,7,classix,"{""engine"":""classix"",""group_merging"":""density"",""minPts"":5,""radius"":0.5}",1,True,True,0.0,0.0,0.0,0.0,,,,,,,1.0,0.0,0.0,0.0,0.006587124487850815,0.0,6.516650319099426e-05,2
seeds,real,210,7,classix,"{""engine"":""classix"",""group_merging"":""density"",""minPts"":5,""radius"":0.6}",1,True,True,0.0,0.0,0.0,0.0,,,,,,,1.0,0.0,0.0,0.0,0.00473787501687184,0.0,6.270897574722767e-05,2
seeds,real,210,7,classix,"{""engine"":""classix"",""group_merging"":""density"",""minPts"":5,""radius"":0.7}",1,True,True,0.0,0.0,0.0,0.0,,,,,,,1.0,0.0,0.0,0.0,0.004357750527560711,0.0,0.0005494165234267712,2
seeds,real,210,7,classix,"{""engine"":""classix"",""group_merging"":""density"",""minPts"":5,""radius"":0.8}",1,True,True,0.0,0.0,0.0,0.0,,,,,,,1.0,0.0,0.0,0.0,0.002886583504732698,0.0,2.2541498765349388e-05,2
seeds,real,210,7,classix,"{""engine"":""classix"",""group_merging"":""density"",""minPts"":5,""radius"":0.9}",1,True,True,0.0,0.0,0.0,0.0,,,,,,,1.0,0.0,0.0,0.0,0.0019579580111894757,0.0,1.8999999156221747e-05,2
seeds,real,210,7,classix,"{""engine"":""classix"",""group_merging"":""density"",""minPts"":5,""radius"":1.0}",1,True,True,0.0,0.0,0.0,0.0,,,,,,,1.0,0.0,0.0,0.0,0.0019242500129621476,0.0,4.195902147330344e-05,2
seeds,real,210,7,classix,"{""engine"":""classix"",""group_merging"":""density"",""minPts"":5,""radius"":1.1}",1,True,True,0.0,0.0,0.0,0.0,,,,,,,1.0,0.0,0.0,0.0,0.0012995834986213595,0.0,0.00012004151358269155,2
seeds,real,210,7,classix,"{""engine"":""classix"",""group_merging"":""density"",""minPts"":5,""radius"":1.2}",1,True,True,0.0,0.0,0.0,0.0,,,,,,,1.0,0.0,0.0,0.0,0.001243521022843197,0.0,2.1603977074846625e-05,2
seeds,real,210,7,classix,"{""engine"":""classix"",""group_merging"":""density"",""minPts"":5,""radius"":1.3}",1,True,True,0.0,0.0,0.0,0.0,,,,,,,1.0,0.0,0.0,0.0,0.0013302710140123963,0.0,0.00031377095729112625,2
seeds,real,210,7,classix,"{""engine"":""classix"",""group_merging"":""density"",""minPts"":5,""radius"":1.4}",1,True,True,0.0,0.0,0.0,0.0,,,,,,,1.0,0.0,0.0,0.0,0.0009607920073904097,0.0,0.00020424998365342617,2
seeds,real,210,7,classix,"{""engine"":""classix"",""group_merging"":""density"",""minPts"":5,""radius"":1.5}",1,True,True,0.0,0.0,0.0,0.0,,,,,,,1.0,0.0,0.0,0.0,0.0006701874663121998,0.0,4.84375050291419e-05,2
seeds,real,210,7,classix,"{""engine"":""classix"",""group_merging"":""distance"",""minPts"":1,""radius"":0.1}",1,True,True,0.0036948453608247425,0.0,0.34778309627017784,0.0,0.0764175716742057,0.0,0.19742969825043646,0.0,170.33206382219782,0.0,191.0,0.0,0.0,0.0,0.006303458474576473,0.0,0.0005940835108049214,2
seeds,real,210,7,classix,"{""engine"":""classix"",""group_merging"":""distance"",""minPts"":1,""radius"":0.2}",1,True,True,0.21339580461064392,0.0,0.40288497944818363,0.0,-0.12580323224372367,0.0,0.8007206667796481,0.0,11.325816029453165,0.0,54.0,0.0,0.0,0.0,0.004097124503459781,0.0,0.00011879147496074438,2
seeds,real,210,7,classix,"{""engine"":""classix"",""group_merging"":""distance"",""minPts"":1,""radius"":0.3}",1,True,True,0.004920903935866627,0.0,0.15196420503523123,0.0,-0.36643404902587884,0.0,0.9910399625105003,0.0,3.1513279240761833,0.0,17.0,0.0,0.0,0.0,0.00269054202362895,0.0,1.3749988283962011e-05,2
seeds,real,210,7,classix,"{""engine"":""classix"",""group_merging"":""distance"",""minPts"":1,""radius"":0.4}",1,True,True,0.0,0.0,0.0,0.0,,,,,,,1.0,0.0,0.0,0.0,0.002024354471359402,0.0,0.00029356247978284955,2
seeds,real,210,7,classix,"{""engine"":""classix"",""group_merging"":""distance"",""minPts"":1,""radius"":0.5}",1,True,True,0.0011148730703737081,0.0,0.03570775083978195,0.0,0.10735465953309481,0.0,1.0373187165021172,0.0,5.721932458011257,0.0,2.0,0.0,0.0,0.0,0.001523603976238519,0.0,0.00024056300753727555,2
seeds,real,210,7,classix,"{""engine"":""classix"",""group_merging"":""distance"",""minPts"":1,""radius"":0.6}",1,True,True,0.0,0.0,0.0,0.0,,,,,,,1.0,0.0,0.0,0.0,0.0013887704990338534,0.0,0.00031943750218488276,2
seeds,real,210,7,classix,"{""engine"":""classix"",""group_merging"":""distance"",""minPts"":1,""radius"":0.7}",1,True,True,0.0,0.0,0.0,0.0,,,,,,,1.0,0.0,0.0,0.0,0.00091235400759615,0.0,1.285396865569055e-05,2
seeds,real,210,7,classix,"{""engine"":""classix"",""group_merging"":""distance"",""minPts"":1,""radius"":0.8}",1,True,True,0.0,0.0,0.0,0.0,,,,,,,1.0,0.0,0.0,0.0,0.0008058539824560285,0.0,8.271017577499151e-06,2
seeds,real,210,7,classix,"{""engine"":""classix"",""group_merging"":""distance"",""minPts"":1,""radius"":0.9}",1,True,True,0.0,0.0,0.0,0.0,,,,,,,1.0,0.0,0.0,0.0,0.000673979491693899,0.0,1.664549927227199e-05,2
seeds,real,210,7,classix,"{""engine"":""classix"",""group_merging"":""distance"",""minPts"":1,""radius"":1.0}",1,True,True,0.0,0.0,0.0,0.0,,,,,,,1.0,0.0,0.0,0.0,0.0006487709761131555,0.0,3.114601713605225e-05,2
seeds,real,210,7,classix,"{""engine"":""classix"",""group_merging"":""distance"",""minPts"":1,""radius"":1.1}",1,True,True,0.0,0.0,0.0,0.0,,,,,,,1.0,0.0,0.0,0.0,0.0006818750116508454,0.0,9.333298658020794e-05,2
seeds,real,210,7,classix,"{""engine"":""classix"",""group_merging"":""distance"",""minPts"":1,""radius"":1.2}",1,True,True,0.0,0.0,0.0,0.0,,,,,,,1.0,0.0,0.0,0.0,0.0006200005009304732,0.0,3.2041483791545033e-05,2
seeds,real,210,7,classix,"{""engine"":""classix"",""group_merging"":""distance"",""minPts"":1,""radius"":1.3}",1,True,True,0.0,0.0,0.0,0.0,,,,,,,1.0,0.0,0.0,0.0,0.0007542505336459726,0.0,0.00022983350208960474,2
seeds,real,210,7,classix,"{""engine"":""classix"",""group_merging"":""distance"",""minPts"":1,""radius"":1.4}",1,True,True,0.0,0.0,0.0,0.0,,,,,,,1.0,0.0,0.0,0.0,0.000579311978071928,0.0,0.00012047897325828671,2
seeds,real,210,7,classix,"{""engine"":""classix"",""group_merging"":""distance"",""minPts"":1,""radius"":1.5}",1,True,True,0.0,0.0,0.0,0.0,,,,,,,1.0,0.0,0.0,0.0,0.0005163545138202608,0.0,8.127052569761872e-05,2
seeds,real,210,7,classix,"{""engine"":""classix"",""group_merging"":""distance"",""minPts"":10,""radius"":0.1}",1,True,True,0.0036948453608247425,0.0,0.34778309627017784,0.0,0.0764175716742057,0.0,0.19742969825043646,0.0,170.33206382219782,0.0,191.0,0.0,0.0,0.0,0.019003291497938335,0.0,0.009054624533746392,2
seeds,real,210,7,classix,"{""engine"":""classix"",""group_merging"":""distance"",""minPts"":10,""radius"":0.2}",1,True,True,0.3536641498900917,0.0,0.4616004279645128,0.0,0.45180436126297213,0.0,0.7498009725490851,0.0,221.3684174033323,0.0,2.0,0.0,0.0,0.0,0.006814478489104658,0.0,0.0016268125036731362,2
seeds,real,210,7,classix,"{""engine"":""classix"",""group_merging"":""distance"",""minPts"":10,""radius"":0.3}",1,True,True,0.0,0.0,0.0,0.0,,,,,,,1.0,0.0,0.0,0.0,0.0029093335033394396,0.0,2.5874469429254532e-05,2
seeds,real,210,7,classix,"{""engine"":""classix"",""group_merging"":""distance"",""minPts"":10,""radius"":0.4}",1,True,True,0.0,0.0,0.0,0.0,,,,,,,1.0,0.0,0.0,0.0,0.0017488545272499323,0.0,3.106251824647188e-05,2
seeds,real,210,7,classix,"{""engine"":""classix"",""group_merging"":""distance"",""minPts"":10,""radius"":0.5}",1,True,True,0.0,0.0,0.0,0.0,,,,,,,1.0,0.0,0.0,0.0,0.0012897289998363703,0.0,1.7521000700071454e-05,2
seeds,real,210,7,classix,"{""engine"":""classix"",""group_merging"":""distance"",""minPts"":10,""radius"":0.6}",1,True,True,0.0,0.0,0.0,0.0,,,,,,,1.0,0.0,0.0,0.0,0.0010576659988146275,0.0,8.750066626816988e-07,2
seeds,real,210,7,classix,"{""engine"":""classix"",""group_merging"":""distance"",""minPts"":10,""radius"":0.7}",1,True,True,0.0,0.0,0.0,0.0,,,,,,,1.0,0.0,0.0,0.0,0.0010532500164117664,0.0,0.0001316250127274543,2
seeds,real,210,7,classix,"{""engine"":""classix"",""group_merging"":""distance"",""minPts"":10,""radius"":0.8}",1,True,True,0.0,0.0,0.0,0.0,,,,,,,1.0,0.0,0.0,0.0,0.0007965835102368146,0.0,1.6791484085842967e-05,2
seeds,real,210,7,classix,"{""engine"":""classix"",""group_merging"":""distance"",""minPts"":10,""radius"":0.9}",1,True,True,0.0,0.0,0.0,0.0,,,,,,,1.0,0.0,0.0,0.0,0.0006647080008406192,0.0,2.537496038712561e-05,2
seeds,real,210,7,classix,"{""engine"":""classix"",""group_merging"":""distance"",""minPts"":10,""radius"":1.0}",1,True,True,0.0,0.0,0.0,0.0,,,,,,,1.0,0.0,0.0,0.0,0.0006426875188481063,0.0,2.37294880207628e-05,2
seeds,real,210,7,classix,"{""engine"":""classix"",""group_merging"":""distance"",""minPts"":10,""radius"":1.1}",1,True,True,0.0,0.0,0.0,0.0,,,,,,,1.0,0.0,0.0,0.0,0.0006331040058284998,0.0,5.510397022590041e-05,2
seeds,real,210,7,classix,"{""engine"":""classix"",""group_merging"":""distance"",""minPts"":10,""radius"":1.2}",1,True,True,0.0,0.0,0.0,0.0,,,,,,,1.0,0.0,0.0,0.0,0.0005600209988187999,0.0,1.7104001017287374e-05,2
seeds,real,210,7,classix,"{""engine"":""classix"",""group_merging"":""distance"",""minPts"":10,""radius"":1.3}",1,True,True,0.0,0.0,0.0,0.0,,,,,,,1.0,0.0,0.0,0.0,0.0008823749667499214,0.0,0.00038154199137352407,2
seeds,real,210,7,classix,"{""engine"":""classix"",""group_merging"":""distance"",""minPts"":10,""radius"":1.4}",1,True,True,0.0,0.0,0.0,0.0,,,,,,,1.0,0.0,0.0,0.0,0.0005762085202150047,0.0,0.00011933350469917059,2
seeds,real,210,7,classix,"{""engine"":""classix"",""group_merging"":""distance"",""minPts"":10,""radius"":1.5}",1,True,True,0.0,0.0,0.0,0.0,,,,,,,1.0,0.0,0.0,0.0,0.0004787920042872429,0.0,4.1457999031990767e-05,2
seeds,real,210,7,classix,"{""engine"":""classix"",""group_merging"":""distance"",""minPts"":5,""radius"":0.1}",1,True,True,0.0036948453608247425,0.0,0.34778309627017784,0.0,0.0764175716742057,0.0,0.19742969825043646,0.0,170.33206382219782,0.0,191.0,0.0,0.0,0.0,0.014903041475918144,0.0,0.0011984995217062533,2
seeds,real,210,7,classix,"{""engine"":""classix"",""group_merging"":""distance"",""minPts"":5,""radius"":0.2}",1,True,True,0.31283521644106976,0.0,0.4308053292237503,0.0,-0.050205490037320506,0.0,1.7310068762861255,0.0,54.895665994581535,0.0,7.0,0.0,0.0,0.0,0.00495075000799261,0.0,6.79170188959688e-05,2
seeds,real,210,7,classix,"{""engine"":""classix"",""group_merging"":""distance"",""minPts"":5,""radius"":0.3}",1,True,True,0.003957718375356607,0.0,0.06070864245068572,0.0,0.25197489389115896,0.0,0.7184947777934895,0.0,20.762699813590633,0.0,2.0,0.0,0.0,0.0,0.002908437483711168,0.0,3.979512257501483e-06,2
seeds,real,210,7,classix,"{""engine"":""classix"",""group_merging"":""distance"",""minPts"":5,""radius"":0.4}",1,True,True,0.0,0.0,0.0,0.0,,,,,,,1.0,0.0,0.0,0.0,0.001722666493151337,0.0,1.633347710594535e-05,2
seeds,real,210,7,classix,"{""engine"":""classix"",""group_merging"":""distance"",""minPts"":5,""radius"":0.5}",1,True,True,0.0,0.0,0.0,0.0,,,,,,,1.0,0.0,0.0,0.0,0.0012982710031792521,0.0,1.0271032806485891e-05,2
seeds,real,210,7,classix,"{""engine"":""classix"",""group_merging"":""distance"",""minPts"":5,""radius"":0.6}",1,True,True,0.0,0.0,0.0,0.0,,,,,,,1.0,0.0,0.0,0.0,0.0011066875013057142,0.0,4.6812492655590177e-05,2
seeds,real,210,7,classix,"{""engine"":""classix"",""group_merging"":""distance"",""minPts"":5,""radius"":0.7}",1,True,True,0.0,0.0,0.0,0.0,,,,,,,1.0,0.0,0.0,0.0,0.0010888534889090806,0.0,0.0001653124636504799,2
seeds,real,210,7,classix,"{""engine"":""classix"",""group_merging"":""distance"",""minPts"":5,""radius"":0.8}",1,True,True,0.0,0.0,0.0,0.0,,,,,,,1.0,0.0,0.0,0.0,0.0007877089956309646,0.0,2.3125001462176442e-05,2
seeds,real,210,7,classix,"{""engine"":""classix"",""group_merging"":""distance"",""minPts"":5,""radius"":0.9}",1,True,True,0.0,0.0,0.0,0.0,,,,,,,1.0,0.0,0.0,0.0,0.0006686459819320589,0.0,2.6354013243690133e-05,2
seeds,real,210,7,classix,"{""engine"":""classix"",""group_merging"":""distance"",""minPts"":5,""radius"":1.0}",1,True,True,0.0,0.0,0.0,0.0,,,,,,,1.0,0.0,0.0,0.0,0.0006391665083356202,0.0,2.4541513994336128e-05,2
seeds,real,210,7,classix,"{""engine"":""classix"",""group_merging"":""distance"",""minPts"":5,""radius"":1.1}",1,True,True,0.0,0.0,0.0,0.0,,,,,,,1.0,0.0,0.0,0.0,0.0006576459854841232,0.0,7.252098293974996e-05,2
seeds,real,210,7,classix,"{""engine"":""classix"",""group_merging"":""distance"",""minPts"":5,""radius"":1.2}",1,True,True,0.0,0.0,0.0,0.0,,,,,,,1.0,0.0,0.0,0.0,0.0005729790136683732,0.0,9.645969839766622e-06,2
seeds,real,210,7,classix,"{""engine"":""classix"",""group_merging"":""distance"",""minPts"":5,""radius"":1.3}",1,True,True,0.0,0.0,0.0,0.0,,,,,,,1.0,0.0,0.0,0.0,0.0006717295327689499,0.0,0.00016256250091828406,2
seeds,real,210,7,classix,"{""engine"":""classix"",""group_merging"":""distance"",""minPts"":5,""radius"":1.4}",1,True,True,0.0,0.0,0.0,0.0,,,,,,,1.0,0.0,0.0,0.0,0.0006176250171847641,0.0,0.0001604169956408441,2
seeds,real,210,7,classix,"{""engine"":""classix"",""group_merging"":""distance"",""minPts"":5,""radius"":1.5}",1,True,True,0.0,0.0,0.0,0.0,,,,,,,1.0,0.0,0.0,0.0,0.0004812499973922968,0.0,4.6707980800420046e-05,2
seeds,real,210,7,dbscan,"{""eps"":0.1,""min_samples"":10}",1,True,True,0.0,0.0,0.0,0.0,,,,,,,0.0,0.0,210.0,0.0,0.0008626670169178396,0.0,0.00011495800572447479,2
seeds,real,210,7,dbscan,"{""eps"":0.1,""min_samples"":3}",1,True,True,0.0,0.0,0.0,0.0,,,,,,,0.0,0.0,210.0,0.0,0.0010964374814648181,0.0,0.0001855204754974693,2
seeds,real,210,7,dbscan,"{""eps"":0.1,""min_samples"":5}",1,True,True,0.0,0.0,0.0,0.0,,,,,,,0.0,0.0,210.0,0.0,0.0009415835083927959,0.0,0.000166666490258649,2
seeds,real,210,7,dbscan,"{""eps"":0.2,""min_samples"":10}",1,True,True,0.0,0.0,0.0,0.0,,,,,,,0.0,0.0,210.0,0.0,0.0007748124771751463,0.0,2.5562476366758347e-05,2
seeds,real,210,7,dbscan,"{""eps"":0.2,""min_samples"":3}",1,True,True,0.0,0.0,0.0,0.0,,,,,,,0.0,0.0,210.0,0.0,0.0007965629920363426,0.0,4.1895953472703695e-05,2
seeds,real,210,7,dbscan,"{""eps"":0.2,""min_samples"":5}",1,True,True,0.0,0.0,0.0,0.0,,,,,,,0.0,0.0,210.0,0.0,0.0007812084804754704,0.0,3.1208532163873315e-05,2
seeds,real,210,7,dbscan,"{""eps"":0.3,""min_samples"":10}",1,True,True,0.0,0.0,0.0,0.0,,,,,,,0.0,0.0,210.0,0.0,0.0009071874956134707,0.0,0.00010331251542083919,2
seeds,real,210,7,dbscan,"{""eps"":0.3,""min_samples"":3}",1,True,True,0.0,0.0,0.0,0.0,,,,,,,0.0,0.0,210.0,0.0,0.0007851874979678541,0.0,2.243751077912748e-05,2
seeds,real,210,7,dbscan,"{""eps"":0.3,""min_samples"":5}",1,True,True,0.0,0.0,0.0,0.0,,,,,,,0.0,0.0,210.0,0.0,0.0010229994950350374,0.0,0.00022091649589128792,2
seeds,real,210,7,dbscan,"{""eps"":0.4,""min_samples"":10}",1,True,True,0.0,0.0,0.0,0.0,,,,,,,0.0,0.0,210.0,0.0,0.000871917000040412,0.0,4.32920060120523e-05,2
seeds,real,210,7,dbscan,"{""eps"":0.4,""min_samples"":3}",1,True,True,0.003535273084430337,0.0,0.14356581871076912,0.0,0.6086258906833141,0.0,0.46411348853787304,0.0,222.40478370449492,0.0,8.0,0.0,185.0,0.0,0.0009011880028992891,0.0,7.602100959047675e-05,2
seeds,real,210,7,dbscan,"{""eps"":0.4,""min_samples"":5}",1,True,True,0.0,0.0,0.0,0.0,,,,,,,0.0,0.0,210.0,0.0,0.0009221670043189079,0.0,9.816701640374959e-05,2
seeds,real,210,7,dbscan,"{""eps"":0.5,""min_samples"":10}",1,True,True,0.0,0.0,0.0,0.0,,,,,,,0.0,0.0,210.0,0.0,0.000886437512235716,0.0,3.902151365764439e-05,2
seeds,real,210,7,dbscan,"{""eps"":0.5,""min_samples"":3}",1,True,True,0.022799376011631227,0.0,0.24218416229502152,0.0,0.400298888626657,0.0,0.709339005091961,0.0,132.4543714263162,0.0,12.0,0.0,150.0,0.0,0.000912874995265156,0.0,4.600000102072954e-05,2
seeds,real,210,7,dbscan,"{""eps"":0.5,""min_samples"":5}",1,True,True,0.0018669622690259291,0.0,0.04416221740222641,0.0,,,,,,,1.0,0.0,205.0,0.0,0.0009000000136438757,0.0,3.3499993151053786e-05,2
seeds,real,210,7,dbscan,"{""eps"":0.6,""min_samples"":10}",1,True,True,0.0,0.0,0.0,0.0,,,,,,,0.0,0.0,210.0,0.0,0.001085041498299688,0.0,0.00011695851571857929,2
seeds,real,210,7,dbscan,"{""eps"":0.6,""min_samples"":3}",1,True,True,0.15781456688178938,0.0,0.38555105821988034,0.0,0.2065477973345216,0.0,0.959534076281367,0.0,95.31379470182567,0.0,12.0,0.0,92.0,0.0,0.0009353955101687461,0.0,3.760450636036694e-05,2
seeds,real,210,7,dbscan,"{""eps"":0.6,""min_samples"":5}",1,True,True,0.034599831184462436,0.0,0.23235883290825962,0.0,0.5281979728971072,0.0,0.6217632813079108,0.0,177.77997460483004,0.0,5.0,0.0,161.0,0.0,0.0009206874528899789,0.0,3.2187497708946466e-05,2
seeds,real,210,7,dbscan,"{""eps"":0.7,""min_samples"":10}",1,True,True,0.014669253610983037,0.0,0.1508632872176079,0.0,0.645437818345252,0.0,0.49168605057384396,0.0,72.47896146603739,0.0,2.0,0.0,189.0,0.0,0.0009474999969825149,0.0,7.075001485645771e-05,2
seeds,real,210,7,dbscan,"{""eps"":0.7,""min_samples"":3}",1,True,True,0.27216260543115467,0.0,0.3895083946528911,0.0,0.1766512456727075,0.0,0.8446121588099812,0.0,62.05447211500507,0.0,6.0,0.0,52.0,0.0,0.001133624988142401,0.0,0.0001545000122860074,2
seeds,real,210,7,dbscan,"{""eps"":0.7,""min_samples"":5}",1,True,True,0.30521959826419615,0.0,0.45555065617385865,0.0,0.34847724291357557,0.0,0.9655348310013915,0.0,126.0498415041209,0.0,7.0,0.0,78.0,0.0,0.0010682499851100147,0.0,0.00016033300198614597,2
seeds,real,210,7,dbscan,"{""eps"":0.8,""min_samples"":10}",1,True,True,0.2156187139271351,0.0,0.41269196855373874,0.0,0.5802769773716743,0.0,0.5728210541443982,0.0,263.11472437860067,0.0,3.0,0.0,118.0,0.0,0.0008961459971033037,0.0,2.114602830260992e-05,2
seeds,real,210,7,dbscan,"{""eps"":0.8,""min_samples"":3}",1,True,True,0.3040297344991272,0.0,0.40401740343500325,0.0,0.12740020439409247,0.0,1.1062321127373491,0.0,82.43669101355763,0.0,4.0,0.0,38.0,0.0,0.0010041664936579764,0.0,7.874506991356611e-06,2
seeds,real,210,7,dbscan,"{""eps"":0.8,""min_samples"":5}",1,True,True,0.2730462815143873,0.0,0.4028289943877621,0.0,0.3755191380644425,0.0,0.8225571215381461,0.0,118.10957740899451,0.0,3.0,0.0,59.0,0.0,0.0009370630141347647,0.0,2.9354006983339787e-05,2
seeds,real,210,7,dbscan,"{""eps"":0.9,""min_samples"":10}",1,True,True,0.4162032168256824,0.0,0.5248250575164581,0.0,0.5191532895903398,0.0,0.6781579751353813,0.0,297.39208034166603,0.0,3.0,0.0,79.0,0.0,0.0010058335319627076,0.0,9.708348079584539e-05,2
seeds,real,210,7,dbscan,"{""eps"":0.9,""min_samples"":3}",1,True,True,0.004170779215107392,0.0,0.053305487223269506,0.0,0.26536331822445863,0.0,0.6582910451926176,0.0,19.44545569017785,0.0,2.0,0.0,18.0,0.0,0.0009508334915153682,0.0,1.812452683225274e-05,2
seeds,real,210,7,dbscan,"{""eps"":0.9,""min_samples"":5}",1,True,True,0.004073073296134565,0.0,0.019089787885870603,0.0,,,,,,,1.0,0.0,28.0,0.0,0.0011207500065211207,0.0,0.00020199999562464654,2
seeds,real,210,7,dbscan,"{""eps"":1.0,""min_samples"":10}",1,True,True,0.3777725697877191,0.0,0.4443860610773426,0.0,0.48984663678763,0.0,0.7163368037198815,0.0,218.99237175624452,0.0,2.0,0.0,43.0,0.0,0.001104312512325123,0.0,7.402049959637225e-05,2
seeds,real,210,7,dbscan,"{""eps"":1.0,""min_samples"":3}",1,True,True,3.2610235333801425e-05,0.0,0.007296833200330713,0.0,,,,,,,1.0,0.0,9.0,0.0,0.0010702500003390014,0.0,0.00011000002268701792,2
seeds,real,210,7,dbscan,"{""eps"":1.0,""min_samples"":5}",1,True,True,0.0003611870599546302,0.0,0.008820030584914129,0.0,,,,,,,1.0,0.0,13.0,0.0,0.0012874164967797697,0.0,0.00014604150783270597,2
seeds,real,210,7,dbscan,"{""eps"":1.1,""min_samples"":10}",1,True,True,-0.0012826400215356843,0.0,0.0023298743763224034,0.0,,,,,,,1.0,0.0,22.0,0.0,0.0010582704853732139,0.0,4.318749415688217e-05,2
seeds,real,210,7,dbscan,"{""eps"":1.1,""min_samples"":3}",1,True,True,-0.0003516407421783603,0.0,0.003709925967512743,0.0,,,,,,,1.0,0.0,8.0,0.0,0.0010992290044669062,0.0,4.081297083757818e-05,2
seeds,real,210,7,dbscan,"{""eps"":1.1,""min_samples"":5}",1,True,True,-0.0005353513633965735,0.0,0.002648559286463439,0.0,,,,,,,1.0,0.0,9.0,0.0,0.0010797290015034378,0.0,4.089600406587124e-05,2
seeds,real,210,7,dbscan,"{""eps"":1.2,""min_samples"":10}",1,True,True,0.00180731915824041,0.0,0.017276033649689305,0.0,,,,,,,1.0,0.0,13.0,0.0,0.0010891460115090013,0.0,4.881195491179824e-05,2
seeds,real,210,7,dbscan,"{""eps"":1.2,""min_samples"":3}",1,True,True,-0.00026663129447483685,0.0,0.004170931967594535,0.0,,,,,,,1.0,0.0,6.0,0.0,0.0010995829943567514,0.0,4.541699308902025e-05,2
seeds,real,210,7,dbscan,"{""eps"":1.2,""min_samples"":5}",1,True,True,-0.00026663129447483685,0.0,0.004170931967594535,0.0,,,,,,,1.0,0.0,6.0,0.0,0.0010890620178543031,0.0,4.377099685370922e-05,2
seeds,real,210,7,kmeans,"{""init"":""k-means++"",""n_clusters"":10,""n_init"":20}",5,False,,0.2976148345460947,0.017178392556491548,0.5103057552231169,0.016280343861918657,0.2514266153937876,0.005505920767475132,1.1558233743645618,0.008331072195665316,136.60078987921582,0.8239403500083374,10.0,0.0,0.0,0.0,0.029183433600701393,0.006939722973746744,0.0,5
seeds,real,210,7,kmeans,"{""init"":""k-means++"",""n_clusters"":11,""n_init"":20}",5,False,,0.2815714802203141,0.009100758958593977,0.5030240097863616,0.0094189282036394,0.2618172759523432,0.0059777774754191165,1.1174411520083158,0.007527533602547485,133.35838291121405,0.6057903900919559,11.0,0.0,0.0,0.0,0.030173024593386798,0.006123720148252978,0.0,5
seeds,real,210,7,kmeans,"{""init"":""k-means++"",""n_clusters"":12,""n_init"":20}",5,False,,0.26157320727719635,0.009659045727794306,0.48675007985016777,0.006006480200513425,0.2556477055103755,0.005596288451872502,1.125492281462008,0.02573189508665737,127.79605418224601,1.346822497983223,12.0,0.0,0.0,0.0,0.030933966813609003,0.005507546935409672,0.0,5
seeds,real,210,7,kmeans,"{""init"":""k-means++"",""n_clusters"":2,""n_init"":20}",5,False,,0.4805275822119241,0.0,0.5536300493586124,0.0,0.4657724768658092,5.551115123125783e-17,0.7968788694686013,0.0,255.85482678628833,0.0,2.0,0.0,0.0,0.0,0.020249658403918146,0.008813246659217839,0.0,5
seeds,real,210,7,kmeans,"{""init"":""k-means++"",""n_clusters"":3,""n_init"":20}",5,False,,0.7732937360806309,0.0,0.727864144698467,0.0,0.4007270552751299,0.0,0.9278712249013423,1.1102230246251565e-16,249.78417491616477,2.842170943040401e-14,3.0,0.0,0.0,0.0,0.017509708227589727,0.0031507020755904523,0.0,5
seeds,real,210,7,kmeans,"{""init"":""k-means++"",""n_clusters"":4,""n_init"":20}",5,False,,0.6493241339039406,0.00989963403702746,0.6604198106224383,0.011134669551993425,0.3311026230570599,0.003054662959474027,1.0638001673272908,0.0015311635495703973,203.1032437057735,0.14413252555532624,4.0,0.0,0.0,0.0,0.030145249795168638,0.01603409780240659,0.0,5
seeds,real,210,7,kmeans,"{""init"":""k-means++"",""n_clusters"":5,""n_init"":20}",5,False,,0.5370077254594121,0.013926620764821152,0.6044888067307536,0.013453904149167757,0.2849075319065475,0.0010095476821754608,1.176008470100515,0.011680263676395923,179.46794351193844,0.10151646688838252,5.0,0.0,0.0,0.0,0.019740899989847092,0.0034942153550405314,0.0,5
seeds,real,210,7,kmeans,"{""init"":""k-means++"",""n_clusters"":6,""n_init"":20}",5,False,,0.4855697864931664,0.011721840563482742,0.5891882254480751,0.01258342004756888,0.28361024269712065,0.005753580052300523,1.1475245040053919,0.03150883208828558,166.33465673415148,0.3817233188146934,6.0,0.0,0.0,0.0,0.020621383201796562,0.002860998934785765,0.0,5
seeds,real,210,7,kmeans,"{""init"":""k-means++"",""n_clusters"":7,""n_init"":20}",5,False,,0.4358981237723761,0.004604433251523516,0.562561345096404,0.0066364057802183775,0.28040923842207033,0.004306915506721073,1.1650298414550022,0.011266387594285478,155.75665133778165,0.38175483348323414,7.0,0.0,0.0,0.0,0.026544058206491174,0.008384689225205143,0.0,5
seeds,real,210,7,kmeans,"{""init"":""k-means++"",""n_clusters"":8,""n_init"":20}",5,False,,0.34343559460909895,0.011056151685404086,0.5283337009858423,0.006865269950030206,0.257958252686602,0.005757030823871785,1.2302595463576125,0.02498382828637684,147.76708891370112,0.29988327120053576,8.0,0.0,0.0,0.0,0.02521359999664128,0.0046072257447786645,0.0,5
seeds,real,210,7,kmeans,"{""init"":""k-means++"",""n_clusters"":9,""n_init"":20}",5,False,,0.30924576382959457,0.012879705818924255,0.5122125608365632,0.015033871711853407,0.25850241989214795,0.005112553351473628,1.168391461702829,0.016111897619915203,141.388425838881,0.5040931797317827,9.0,0.0,0.0,0.0,0.02579051660140976,0.004702704985316253,0.0,5
seeds,real,210,7,ward,"{""linkage"":""ward"",""n_clusters"":10}",1,True,True,0.2943858897987349,0.0,0.5216042414625641,0.0,0.2218405736297371,0.0,1.2124756897103208,0.0,123.675474133547,0.0,10.0,0.0,0.0,0.0,0.0008286460069939494,0.0,0.00019247899763286114,2
seeds,real,210,7,ward,"{""linkage"":""ward"",""n_clusters"":11}",1,True,True,0.27821098904797564,0.0,0.5130552101406809,0.0,0.22492114234592123,0.0,1.1837798403786957,0.0,120.53339880461395,0.0,11.0,0.0,0.0,0.0,0.0008533749787602574,0.0,0.00021474997629411519,2
seeds,real,210,7,ward,"{""linkage"":""ward"",""n_clusters"":12}",1,True,True,0.2697449589389675,0.0,0.5059735748982773,0.0,0.22845137205794963,0.0,1.1440391378880839,0.0,116.21326214163531,0.0,12.0,0.0,0.0,0.0,0.0011147504847031087,0.0,0.0004716664843726903,2
seeds,real,210,7,ward,"{""linkage"":""ward"",""n_clusters"":2}",1,True,True,0.4762028192720387,0.0,0.5653679997026434,0.0,0.4612971903388491,0.0,0.7829018420887186,0.0,242.71200345478962,0.0,2.0,0.0,0.0,0.0,0.0008668540103826672,0.0,6.439597927965224e-05,2
seeds,real,210,7,ward,"{""linkage"":""ward"",""n_clusters"":3}",1,True,True,0.796998283593012,0.0,0.7498157518928459,0.0,0.3926339709101015,0.0,0.9445072193243359,0.0,238.36119610401153,0.0,3.0,0.0,0.0,0.0,0.0009321874822489917,0.0,0.00020956248044967651,2
seeds,real,210,7,ward,"{""linkage"":""ward"",""n_clusters"":4}",1,True,True,0.7309279796972159,0.0,0.7103071389423709,0.0,0.3005761085141328,0.0,1.2126540566653334,0.0,183.20041331003904,0.0,4.0,0.0,0.0,0.0,0.0007262295112013817,0.0,4.964548861607909e-05,2
seeds,real,210,7,ward,"{""linkage"":""ward"",""n_clusters"":5}",1,True,True,0.6159251598556132,0.0,0.6572638399885371,0.0,0.27463857070040487,0.0,1.2329346338273413,0.0,157.1568281331669,0.0,5.0,0.0,0.0,0.0,0.0010307915217708796,0.0,0.000375166506273672,2
seeds,real,210,7,ward,"{""linkage"":""ward"",""n_clusters"":6}",1,True,True,0.5126308996314186,0.0,0.6118535852943356,0.0,0.21495938096693068,0.0,1.2983939093730454,0.0,145.22277604314775,0.0,6.0,0.0,0.0,0.0,0.0013773120008409023,0.0,0.0007228539907373488,2
seeds,real,210,7,ward,"{""linkage"":""ward"",""n_clusters"":7}",1,True,True,0.4487699764123689,0.0,0.5849913412051359,0.0,0.2320410567665123,0.0,1.2743094256237768,0.0,137.19244079069662,0.0,7.0,0.0,0.0,0.0,0.0008126040047500283,0.0,0.00017027099966071546,2
seeds,real,210,7,ward,"{""linkage"":""ward"",""n_clusters"":8}",1,True,True,0.387116681127882,0.0,0.5556813314943716,0.0,0.23272563048709585,0.0,1.272052794248794,0.0,131.016994486538,0.0,8.0,0.0,0.0,0.0,0.0008156455005519092,0.0,0.00017581251449882984,2
seeds,real,210,7,ward,"{""linkage"":""ward"",""n_clusters"":9}",1,True,True,0.3295781470607348,0.0,0.5353042631404797,0.0,0.22597215110027735,0.0,1.2819036705611042,0.0,126.10832361624593,0.0,9.0,0.0,0.0,0.0,0.0008355000172741711,0.0,0.00019629200687631965,2
spiral,shape,312,2,classix,"{""engine"":""classix"",""group_merging"":""density"",""minPts"":1,""radius"":0.1}",1,True,True,0.3335741270143585,0.0,0.5605610144037848,0.0,-0.08393736344797857,0.0,4.042026694611623,0.0,14.703860672935258,0.0,41.0,0.0,0.0,0.0,0.008548625512048602,0.0,0.0007959585054777563,2
spiral,shape,312,2,classix,"{""engine"":""classix"",""group_merging"":""density"",""minPts"":1,""radius"":0.2}",1,True,True,0.882684303043708,0.0,0.8596772768750875,0.0,-0.2171006360684907,0.0,1.9091222488699573,0.0,7.937308171724128,0.0,12.0,0.0,0.0,0.0,0.0053053959854878485,0.0,0.000534104008693248,2
spiral,shape,312,2,classix,"{""engine"":""classix"",""group_merging"":""density"",""minPts"":1,""radius"":0.3}",1,True,True,0.9458120489212415,0.0,0.9464533664365264,0.0,-0.038128063180860164,0.0,5.643916328748979,0.0,15.218255067985034,0.0,4.0,0.0,0.0,0.0,0.007890854496508837,0.0,0.0018931875238195062,2
spiral,shape,312,2,classix,"{""engine"":""classix"",""group_merging"":""density"",""minPts"":1,""radius"":0.4}",1,True,True,0.8948021420935686,0.0,0.9180288516781272,0.0,-0.006782447636679807,0.0,9.423008398410094,0.0,22.614736897537913,0.0,4.0,0.0,0.0,0.0,0.005392083519836888,0.0,0.0002409584994893521,2
spiral,shape,312,2,classix,"{""engine"":""classix"",""group_merging"":""density"",""minPts"":1,""radius"":0.5}",1,True,True,0.0,0.0,0.0,0.0,,,,,,,1.0,0.0,0.0,0.0,0.0067636869789566845,0.0,0.0037716040096711367,2
spiral,shape,312,2,classix,"{""engine"":""classix"",""group_merging"":""density"",""minPts"":1,""radius"":0.6}",1,True,True,0.0,0.0,0.0,0.0,,,,,,,1.0,0.0,0.0,0.0,0.0029352499695960432,0.0,0.0006199580093380064,2
spiral,shape,312,2,classix,"{""engine"":""classix"",""group_merging"":""density"",""minPts"":1,""radius"":0.7}",1,True,True,0.0,0.0,0.0,0.0,,,,,,,1.0,0.0,0.0,0.0,0.003709270997205749,0.0,0.0019314789969939739,2
spiral,shape,312,2,classix,"{""engine"":""classix"",""group_merging"":""density"",""minPts"":1,""radius"":0.8}",1,True,True,0.0,0.0,0.0,0.0,,,,,,,1.0,0.0,0.0,0.0,0.0017902499821502715,0.0,0.0002610420051496476,2
spiral,shape,312,2,classix,"{""engine"":""classix"",""group_merging"":""density"",""minPts"":1,""radius"":0.9}",1,True,True,0.0,0.0,0.0,0.0,,,,,,,1.0,0.0,0.0,0.0,0.0014090000186115503,0.0,3.649998689070344e-05,2
spiral,shape,312,2,classix,"{""engine"":""classix"",""group_merging"":""density"",""minPts"":1,""radius"":1.0}",1,True,True,0.0,0.0,0.0,0.0,,,,,,,1.0,0.0,0.0,0.0,0.0012863959709648043,0.0,0.00026993799838237464,2
spiral,shape,312,2,classix,"{""engine"":""classix"",""group_merging"":""density"",""minPts"":1,""radius"":1.1}",1,True,True,0.0,0.0,0.0,0.0,,,,,,,1.0,0.0,0.0,0.0,0.0010577084904070944,0.0,6.300050881691277e-05,2
spiral,shape,312,2,classix,"{""engine"":""classix"",""group_merging"":""density"",""minPts"":1,""radius"":1.2}",1,True,True,0.0,0.0,0.0,0.0,,,,,,,1.0,0.0,0.0,0.0,0.0010530829604249448,0.0,0.00018083301256410778,2
spiral,shape,312,2,classix,"{""engine"":""classix"",""group_merging"":""density"",""minPts"":1,""radius"":1.3}",1,True,True,0.0,0.0,0.0,0.0,,,,,,,1.0,0.0,0.0,0.0,0.000725417019566521,0.0,4.258300759829581e-05,2
spiral,shape,312,2,classix,"{""engine"":""classix"",""group_merging"":""density"",""minPts"":1,""radius"":1.4}",1,True,True,0.0,0.0,0.0,0.0,,,,,,,1.0,0.0,0.0,0.0,0.000842791487229988,0.0,0.0002611665113363415,2
spiral,shape,312,2,classix,"{""engine"":""classix"",""group_merging"":""density"",""minPts"":1,""radius"":1.5}",1,True,True,0.0,0.0,0.0,0.0,,,,,,,1.0,0.0,0.0,0.0,0.0005082499992568046,0.0,3.558301250450313e-05,2
spiral,shape,312,2,classix,"{""engine"":""classix"",""group_merging"":""density"",""minPts"":10,""radius"":0.1}",1,True,True,0.41072500177414856,0.0,0.5444745457990673,0.0,-0.029984911705949805,0.0,2.2245497874979163,0.0,35.907911910537095,0.0,7.0,0.0,0.0,0.0,0.009650771011365578,0.0,0.001440104009816423,2
spiral,shape,312,2,classix,"{""engine"":""classix"",""group_merging"":""density"",""minPts"":10,""radius"":0.2}",1,True,True,0.8809174030051549,0.0,0.8514268601393634,0.0,-0.002775527900165203,0.0,4.842449942662529,0.0,10.31392660281108,0.0,3.0,0.0,0.0,0.0,0.005692687496775761,0.0,0.0007305204926524311,2
spiral,shape,312,2,classix,"{""engine"":""classix"",""group_merging"":""density"",""minPts"":10,""radius"":0.3}",1,True,True,0.9458120489212415,0.0,0.9464533664365264,0.0,-0.038128063180860164,0.0,5.643916328748979,0.0,15.218255067985034,0.0,4.0,0.0,0.0,0.0,0.007005479012150317,0.0,0.0011872290051542222,2
spiral,shape,312,2,classix,"{""engine"":""classix"",""group_merging"":""density"",""minPts"":10,""radius"":0.4}",1,True,True,0.8948021420935686,0.0,0.9180288516781272,0.0,-0.006782447636679807,0.0,9.423008398410094,0.0,22.614736897537913,0.0,4.0,0.0,0.0,0.0,0.006991896021645516,0.0,0.001835271017625928,2
spiral,shape,312,2,classix,"{""engine"":""classix"",""group_merging"":""density"",""minPts"":10,""radius"":0.5}",1,True,True,0.0,0.0,0.0,0.0,,,,,,,1.0,0.0,0.0,0.0,0.018169957998907194,0.0,0.013757250009803101,2
spiral,shape,312,2,classix,"{""engine"":""classix"",""group_merging"":""density"",""minPts"":10,""radius"":0.6}",1,True,True,0.0,0.0,0.0,0.0,,,,,,,1.0,0.0,0.0,0.0,0.003819125035079196,0.0,0.0016263749857898802,2
spiral,shape,312,2,classix,"{""engine"":""classix"",""group_merging"":""density"",""minPts"":10,""radius"":0.7}",1,True,True,0.0,0.0,0.0,0.0,,,,,,,1.0,0.0,0.0,0.0,0.001884020515717566,0.0,8.152046939358115e-05,2
spiral,shape,312,2,classix,"{""engine"":""classix"",""group_merging"":""density"",""minPts"":10,""radius"":0.8}",1,True,True,0.0,0.0,0.0,0.0,,,,,,,1.0,0.0,0.0,0.0,0.0018039375136140734,0.0,0.000266771501628682,2
spiral,shape,312,2,classix,"{""engine"":""classix"",""group_merging"":""density"",""minPts"":10,""radius"":0.9}",1,True,True,0.0,0.0,0.0,0.0,,,,,,,1.0,0.0,0.0,0.0,0.0017599370039533824,0.0,0.0003818960103671998,2
spiral,shape,312,2,classix,"{""engine"":""classix"",""group_merging"":""density"",""minPts"":10,""radius"":1.0}",1,True,True,0.0,0.0,0.0,0.0,,,,,,,1.0,0.0,0.0,0.0,0.0010461460042279214,0.0,4.114603507332504e-05,2
spiral,shape,312,2,classix,"{""engine"":""classix"",""group_merging"":""density"",""minPts"":10,""radius"":1.1}",1,True,True,0.0,0.0,0.0,0.0,,,,,,,1.0,0.0,0.0,0.0,0.0011854790209326893,0.0,0.0002667290100362152,2
spiral,shape,312,2,classix,"{""engine"":""classix"",""group_merging"":""density"",""minPts"":10,""radius"":1.2}",1,True,True,0.0,0.0,0.0,0.0,,,,,,,1.0,0.0,0.0,0.0,0.0009956249850802124,0.0,0.00012716598575934768,2
spiral,shape,312,2,classix,"{""engine"":""classix"",""group_merging"":""density"",""minPts"":10,""radius"":1.3}",1,True,True,0.0,0.0,0.0,0.0,,,,,,,1.0,0.0,0.0,0.0,0.0009632080036681145,0.0,0.0002719170006457716,2
spiral,shape,312,2,classix,"{""engine"":""classix"",""group_merging"":""density"",""minPts"":10,""radius"":1.4}",1,True,True,0.0,0.0,0.0,0.0,,,,,,,1.0,0.0,0.0,0.0,0.0006231460138224065,0.0,5.106197204440832e-05,2
spiral,shape,312,2,classix,"{""engine"":""classix"",""group_merging"":""density"",""minPts"":10,""radius"":1.5}",1,True,True,0.0,0.0,0.0,0.0,,,,,,,1.0,0.0,0.0,0.0,0.0005797919875476509,0.0,0.00011166700278408825,2
spiral,shape,312,2,classix,"{""engine"":""classix"",""group_merging"":""density"",""minPts"":5,""radius"":0.1}",1,True,True,0.3630473861444872,0.0,0.5450104032570238,0.0,-0.08929317896100689,0.0,9.218785719911567,0.0,28.236730590272384,0.0,11.0,0.0,0.0,0.0,0.008365937508642673,0.0,0.00011331250425428152,2
spiral,shape,312,2,classix,"{""engine"":""classix"",""group_merging"":""density"",""minPts"":5,""radius"":0.2}",1,True,True,0.8930251249735444,0.0,0.8650106035528965,0.0,-0.05001024978450884,0.0,4.250528492737407,0.0,14.498239867924923,0.0,4.0,0.0,0.0,0.0,0.005751833028625697,0.0,0.0007908749976195395,2
spiral,shape,312,2,classix,"{""engine"":""classix"",""group_merging"":""density"",""minPts"":5,""radius"":0.3}",1,True,True,0.9458120489212415,0.0,0.9464533664365264,0.0,-0.038128063180860164,0.0,5.643916328748979,0.0,15.218255067985034,0.0,4.0,0.0,0.0,0.0,0.005814916512463242,0.0,1.2749515008181334e-05,2
spiral,shape,312,2,classix,"{""engine"":""classix"",""group_merging"":""density"",""minPts"":5,""radius"":0.4}",1,True,True,0.8948021420935686,0.0,0.9180288516781272,0.0,-0.006782447636679807,0.0,9.423008398410094,0.0,22.614736897537913,0.0,4.0,0.0,0.0,0.0,0.006268728990107775,0.0,0.001128353993408382,2
spiral,shape,312,2,classix,"{""engine"":""classix"",""group_merging"":""density"",""minPts"":5,""radius"":0.5}",1,True,True,0.0,0.0,0.0,0.0,,,,,,,1.0,0.0,0.0,0.0,0.009076186979655176,0.0,0.004459646006580442,2
spiral,shape,312,2,classix,"{""engine"":""classix"",""group_merging"":""density"",""minPts"":5,""radius"":0.6}",1,True,True,0.0,0.0,0.0,0.0,,,,,,,1.0,0.0,0.0,0.0,0.0031372499943245202,0.0,0.00023829200654290617,2
spiral,shape,312,2,classix,"{""engine"":""classix"",""group_merging"":""density"",""minPts"":5,""radius"":0.7}",1,True,True,0.0,0.0,0.0,0.0,,,,,,,1.0,0.0,0.0,0.0,0.0022251039918046445,0.0,0.0004523539973888546,2
spiral,shape,312,2,classix,"{""engine"":""classix"",""group_merging"":""density"",""minPts"":5,""radius"":0.8}",1,True,True,0.0,0.0,0.0,0.0,,,,,,,1.0,0.0,0.0,0.0,0.0018148959788959473,0.0,0.00029689600341953337,2
spiral,shape,312,2,classix,"{""engine"":""classix"",""group_merging"":""density"",""minPts"":5,""radius"":0.9}",1,True,True,0.0,0.0,0.0,0.0,,,,,,,1.0,0.0,0.0,0.0,0.001400208508130163,0.0,2.3666478227823973e-05,2
spiral,shape,312,2,classix,"{""engine"":""classix"",""group_merging"":""density"",""minPts"":5,""radius"":1.0}",1,True,True,0.0,0.0,0.0,0.0,,,,,,,1.0,0.0,0.0,0.0,0.0010784790210891515,0.0,6.547899101860821e-05,2
spiral,shape,312,2,classix,"{""engine"":""classix"",""group_merging"":""density"",""minPts"":5,""radius"":1.1}",1,True,True,0.0,0.0,0.0,0.0,,,,,,,1.0,0.0,0.0,0.0,0.0012073959806002676,0.0,0.0002764789969660342,2
spiral,shape,312,2,classix,"{""engine"":""classix"",""group_merging"":""density"",""minPts"":5,""radius"":1.2}",1,True,True,0.0,0.0,0.0,0.0,,,,,,,1.0,0.0,0.0,0.0,0.0011435415071900934,0.0,0.00027266648248769343,2
spiral,shape,312,2,classix,"{""engine"":""classix"",""group_merging"":""density"",""minPts"":5,""radius"":1.3}",1,True,True,0.0,0.0,0.0,0.0,,,,,,,1.0,0.0,0.0,0.0,0.0007205834845080972,0.0,3.2124517019838095e-05,2
spiral,shape,312,2,classix,"{""engine"":""classix"",""group_merging"":""density"",""minPts"":5,""radius"":1.4}",1,True,True,0.0,0.0,0.0,0.0,,,,,,,1.0,0.0,0.0,0.0,0.0008170414948835969,0.0,0.0002377085038460791,2
spiral,shape,312,2,classix,"{""engine"":""classix"",""group_merging"":""density"",""minPts"":5,""radius"":1.5}",1,True,True,0.0,0.0,0.0,0.0,,,,,,,1.0,0.0,0.0,0.0,0.0006124585052020848,0.0,0.00013820850290358067,2
spiral,shape,312,2,classix,"{""engine"":""classix"",""group_merging"":""distance"",""minPts"":1,""radius"":0.1}",1,True,True,0.351005382072479,0.0,0.5334096880175752,0.0,0.02780746524208154,0.0,1.6780436252457325,0.0,22.247198132867606,0.0,54.0,0.0,0.0,0.0,0.003564500482752919,0.0,0.00016779149882495403,2
spiral,shape,312,2,classix,"{""engine"":""classix"",""group_merging"":""distance"",""minPts"":1,""radius"":0.2}",1,True,True,0.8999805805491081,0.0,0.9206772236893284,0.0,-0.008876863277469633,0.0,9.258935505392074,0.0,22.04972873915997,0.0,4.0,0.0,0.0,0.0,0.0020052710024174303,0.0,8.103990694507957e-06,2
spiral,shape,312,2,classix,"{""engine"":""classix"",""group_merging"":""distance"",""minPts"":1,""radius"":0.3}",1,True,True,0.0,0.0,0.0,0.0,,,,,,,1.0,0.0,0.0,0.0,0.0017178959969896823,0.0,0.0002532290236558765,2
spiral,shape,312,2,classix,"{""engine"":""classix"",""group_merging"":""distance"",""minPts"":1,""radius"":0.4}",1,True,True,0.0,0.0,0.0,0.0,,,,,,,1.0,0.0,0.0,0.0,0.002179375005653128,0.0,0.0009839579870458692,2
spiral,shape,312,2,classix,"{""engine"":""classix"",""group_merging"":""distance"",""minPts"":1,""radius"":0.5}",1,True,True,0.0,0.0,0.0,0.0,,,,,,,1.0,0.0,0.0,0.0,0.0008143129816744477,0.0,3.1229021260514855e-05,2
spiral,shape,312,2,classix,"{""engine"":""classix"",""group_merging"":""distance"",""minPts"":1,""radius"":0.6}",1,True,True,0.0,0.0,0.0,0.0,,,,,,,1.0,0.0,0.0,0.0,0.0008406880078837276,0.0,9.497901191934943e-05,2
spiral,shape,312,2,classix,"{""engine"":""classix"",""group_merging"":""distance"",""minPts"":1,""radius"":0.7}",1,True,True,0.0,0.0,0.0,0.0,,,,,,,1.0,0.0,0.0,0.0,0.000580270541831851,0.0,5.064549623057246e-05,2
spiral,shape,312,2,classix,"{""engine"":""classix"",""group_merging"":""distance"",""minPts"":1,""radius"":0.8}",1,True,True,0.0,0.0,0.0,0.0,,,,,,,1.0,0.0,0.0,0.0,0.0005447914882097393,0.0,4.945849650539458e-05,2
spiral,shape,312,2,classix,"{""engine"":""classix"",""group_merging"":""distance"",""minPts"":1,""radius"":0.9}",1,True,True,0.0,0.0,0.0,0.0,,,,,,,1.0,0.0,0.0,0.0,0.00047891648137010634,0.0,3.904147888533771e-05,2
spiral,shape,312,2,classix,"{""engine"":""classix"",""group_merging"":""distance"",""minPts"":1,""radius"":1.0}",1,True,True,0.0,0.0,0.0,0.0,,,,,,,1.0,0.0,0.0,0.0,0.0005092495121061802,0.0,0.00013270851923152804,2
spiral,shape,312,2,classix,"{""engine"":""classix"",""group_merging"":""distance"",""minPts"":1,""radius"":1.1}",1,True,True,0.0,0.0,0.0,0.0,,,,,,,1.0,0.0,0.0,0.0,0.0003898749710060656,0.0,3.4208991564810276e-05,2
spiral,shape,312,2,classix,"{""engine"":""classix"",""group_merging"":""distance"",""minPts"":1,""radius"":1.2}",1,True,True,0.0,0.0,0.0,0.0,,,,,,,1.0,0.0,0.0,0.0,0.0004020000051241368,0.0,4.8999994760379195e-05,2
spiral,shape,312,2,classix,"{""engine"":""classix"",""group_merging"":""distance"",""minPts"":1,""radius"":1.3}",1,True,True,0.0,0.0,0.0,0.0,,,,,,,1.0,0.0,0.0,0.0,0.0003395829990040511,0.0,3.441699664108455e-05,2
spiral,shape,312,2,classix,"{""engine"":""classix"",""group_merging"":""distance"",""minPts"":1,""radius"":1.4}",1,True,True,0.0,0.0,0.0,0.0,,,,,,,1.0,0.0,0.0,0.0,0.0005327500111889094,0.0,0.00023933299235068262,2
spiral,shape,312,2,classix,"{""engine"":""classix"",""group_merging"":""distance"",""minPts"":1,""radius"":1.5}",1,True,True,0.0,0.0,0.0,0.0,,,,,,,1.0,0.0,0.0,0.0,0.0003039794974029064,0.0,3.727048169821501e-05,2
spiral,shape,312,2,classix,"{""engine"":""classix"",""group_merging"":""distance"",""minPts"":10,""radius"":0.1}",1,True,True,0.2772945207328521,0.0,0.41917695006411976,0.0,0.02254708277818243,0.0,2.6328785818621077,0.0,74.63173673585734,0.0,5.0,0.0,0.0,0.0,0.004912374512059614,0.0,0.0006779585091862828,2
spiral,shape,312,2,classix,"{""engine"":""classix"",""group_merging"":""distance"",""minPts"":10,""radius"":0.2}",1,True,True,0.8999805805491081,0.0,0.9206772236893284,0.0,-0.008876863277469633,0.0,9.258935505392074,0.0,22.04972873915997,0.0,4.0,0.0,0.0,0.0,0.002337541984161362,0.0,0.00037137497565709054,2
spiral,shape,312,2,classix,"{""engine"":""classix"",""group_merging"":""distance"",""minPts"":10,""radius"":0.3}",1,True,True,0.0,0.0,0.0,0.0,,,,,,,1.0,0.0,0.0,0.0,0.0014231250097509474,0.0,2.025000867433846e-05,2
spiral,shape,312,2,classix,"{""engine"":""classix"",""group_merging"":""distance"",""minPts"":10,""radius"":0.4}",1,True,True,0.0,0.0,0.0,0.0,,,,,,,1.0,0.0,0.0,0.0,0.0015067289932630956,0.0,0.00030318700009956956,2
spiral,shape,312,2,classix,"{""engine"":""classix"",""group_merging"":""distance"",""minPts"":10,""radius"":0.5}",1,True,True,0.0,0.0,0.0,0.0,,,,,,,1.0,0.0,0.0,0.0,0.0018452494987286627,0.0,0.000683583493810147,2
spiral,shape,312,2,classix,"{""engine"":""classix"",""group_merging"":""distance"",""minPts"":10,""radius"":0.6}",1,True,True,0.0,0.0,0.0,0.0,,,,,,,1.0,0.0,0.0,0.0,0.0008056664955802262,0.0,0.00016858347225934267,2
spiral,shape,312,2,classix,"{""engine"":""classix"",""group_merging"":""distance"",""minPts"":10,""radius"":0.7}",1,True,True,0.0,0.0,0.0,0.0,,,,,,,1.0,0.0,0.0,0.0,0.0011508124880492687,0.0,0.0006204374949447811,2
spiral,shape,312,2,classix,"{""engine"":""classix"",""group_merging"":""distance"",""minPts"":10,""radius"":0.8}",1,True,True,0.0,0.0,0.0,0.0,,,,,,,1.0,0.0,0.0,0.0,0.0006007915071677417,0.0,0.00012595849693752825,2
spiral,shape,312,2,classix,"{""engine"":""classix"",""group_merging"":""distance"",""minPts"":10,""radius"":0.9}",1,True,True,0.0,0.0,0.0,0.0,,,,,,,1.0,0.0,0.0,0.0,0.0004641250125132501,0.0,2.962502185255289e-05,2
spiral,shape,312,2,classix,"{""engine"":""classix"",""group_merging"":""distance"",""minPts"":10,""radius"":1.0}",1,True,True,0.0,0.0,0.0,0.0,,,,,,,1.0,0.0,0.0,0.0,0.000420604512328282,0.0,5.089546903036535e-05,2
spiral,shape,312,2,classix,"{""engine"":""classix"",""group_merging"":""distance"",""minPts"":10,""radius"":1.1}",1,True,True,0.0,0.0,0.0,0.0,,,,,,,1.0,0.0,0.0,0.0,0.0004957290075253695,0.0,0.00014710400137118995,2
spiral,shape,312,2,classix,"{""engine"":""classix"",""group_merging"":""distance"",""minPts"":10,""radius"":1.2}",1,True,True,0.0,0.0,0.0,0.0,,,,,,,1.0,0.0,0.0,0.0,0.0005208125221543014,0.0,0.0001737294951453805,2
spiral,shape,312,2,classix,"{""engine"":""classix"",""group_merging"":""distance"",""minPts"":10,""radius"":1.3}",1,True,True,0.0,0.0,0.0,0.0,,,,,,,1.0,0.0,0.0,0.0,0.0003416874969843775,0.0,2.935450174845755e-05,2
spiral,shape,312,2,classix,"{""engine"":""classix"",""group_merging"":""distance"",""minPts"":10,""radius"":1.4}",1,True,True,0.0,0.0,0.0,0.0,,,,,,,1.0,0.0,0.0,0.0,0.00033602051553316414,0.0,4.881250788457692e-05,2
spiral,shape,312,2,classix,"{""engine"":""classix"",""group_merging"":""distance"",""minPts"":10,""radius"":1.5}",1,True,True,0.0,0.0,0.0,0.0,,,,,,,1.0,0.0,0.0,0.0,0.0003720415406860411,0.0,0.00011312548303976655,2
spiral,shape,312,2,classix,"{""engine"":""classix"",""group_merging"":""distance"",""minPts"":5,""radius"":0.1}",1,True,True,0.29424404766882456,0.0,0.4414901230304317,0.0,0.023391703241393565,0.0,2.3583936116405337,0.0,65.96463286933412,0.0,7.0,0.0,0.0,0.0,0.006918125000083819,0.0,0.002727374987443909,2
spiral,shape,312,2,classix,"{""engine"":""classix"",""group_merging"":""distance"",""minPts"":5,""radius"":0.2}",1,True,True,0.8999805805491081,0.0,0.9206772236893284,0.0,-0.008876863277469633,0.0,9.258935505392074,0.0,22.04972873915997,0.0,4.0,0.0,0.0,0.0,0.0023238540161401033,0.0,0.00032435398316010833,2
spiral,shape,312,2,classix,"{""engine"":""classix"",""group_merging"":""distance"",""minPts"":5,""radius"":0.3}",1,True,True,0.0,0.0,0.0,0.0,,,,,,,1.0,0.0,0.0,0.0,0.001442812499590218,0.0,1.0520510841161013e-05,2
spiral,shape,312,2,classix,"{""engine"":""classix"",""group_merging"":""distance"",""minPts"":5,""radius"":0.4}",1,True,True,0.0,0.0,0.0,0.0,,,,,,,1.0,0.0,0.0,0.0,0.0012121045147068799,0.0,4.395493306219578e-06,2
spiral,shape,312,2,classix,"{""engine"":""classix"",""group_merging"":""distance"",""minPts"":5,""radius"":0.5}",1,True,True,0.0,0.0,0.0,0.0,,,,,,,1.0,0.0,0.0,0.0,0.0011281670012976974,0.0,0.0003722500114236027,2
spiral,shape,312,2,classix,"{""engine"":""classix"",""group_merging"":""distance"",""minPts"":5,""radius"":0.6}",1,True,True,0.0,0.0,0.0,0.0,,,,,,,1.0,0.0,0.0,0.0,0.0008042494882829487,0.0,0.00010979146463796496,2
spiral,shape,312,2,classix,"{""engine"":""classix"",""group_merging"":""distance"",""minPts"":5,""radius"":0.7}",1,True,True,0.0,0.0,0.0,0.0,,,,,,,1.0,0.0,0.0,0.0,0.0006796875095460564,0.0,0.00015093749971129,2
spiral,shape,312,2,classix,"{""engine"":""classix"",""group_merging"":""distance"",""minPts"":5,""radius"":0.8}",1,True,True,0.0,0.0,0.0,0.0,,,,,,,1.0,0.0,0.0,0.0,0.0006213124725036323,0.0,0.0001453955192118883,2
spiral,shape,312,2,classix,"{""engine"":""classix"",""group_merging"":""distance"",""minPts"":5,""radius"":0.9}",1,True,True,0.0,0.0,0.0,0.0,,,,,,,1.0,0.0,0.0,0.0,0.00046908302465453744,0.0,3.366702003404498e-05,2
spiral,shape,312,2,classix,"{""engine"":""classix"",""group_merging"":""distance"",""minPts"":5,""radius"":1.0}",1,True,True,0.0,0.0,0.0,0.0,,,,,,,1.0,0.0,0.0,0.0,0.0005042504926677793,0.0,0.00012429148773662746,2
spiral,shape,312,2,classix,"{""engine"":""classix"",""group_merging"":""distance"",""minPts"":5,""radius"":1.1}",1,True,True,0.0,0.0,0.0,0.0,,,,,,,1.0,0.0,0.0,0.0,0.000500604510307312,0.0,0.00014485447900369763,2
spiral,shape,312,2,classix,"{""engine"":""classix"",""group_merging"":""distance"",""minPts"":5,""radius"":1.2}",1,True,True,0.0,0.0,0.0,0.0,,,,,,,1.0,0.0,0.0,0.0,0.0005047294835094362,0.0,0.00015635447925888002,2
spiral,shape,312,2,classix,"{""engine"":""classix"",""group_merging"":""distance"",""minPts"":5,""radius"":1.3}",1,True,True,0.0,0.0,0.0,0.0,,,,,,,1.0,0.0,0.0,0.0,0.0003470210067462176,0.0,4.031203570775688e-05,2
spiral,shape,312,2,classix,"{""engine"":""classix"",""group_merging"":""distance"",""minPts"":5,""radius"":1.4}",1,True,True,0.0,0.0,0.0,0.0,,,,,,,1.0,0.0,0.0,0.0,0.00041695850086398423,0.0,0.00012758348020724952,2
spiral,shape,312,2,classix,"{""engine"":""classix"",""group_merging"":""distance"",""minPts"":5,""radius"":1.5}",1,True,True,0.0,0.0,0.0,0.0,,,,,,,1.0,0.0,0.0,0.0,0.0003447709896136075,0.0,8.243697811849415e-05,2
spiral,shape,312,2,dbscan,"{""eps"":0.1,""min_samples"":10}",1,True,True,0.0050687929003949495,0.0,0.07355746672438282,0.0,,,,,,,1.0,0.0,299.0,0.0,0.0009105624631047249,0.0,6.522948388010263e-05,2
spiral,shape,312,2,dbscan,"{""eps"":0.1,""min_samples"":3}",1,True,True,0.3137835036374408,0.0,0.5022787271929697,0.0,-0.009774021186706516,0.0,1.0822601321009844,0.0,31.369651716755932,0.0,9.0,0.0,112.0,0.0,0.001195812481455505,0.0,0.00013302051229402423,2
spiral,shape,312,2,dbscan,"{""eps"":0.1,""min_samples"":5}",1,True,True,0.023500568069579824,0.0,0.2233730469081222,0.0,0.7794779669012791,0.0,0.31048271348480433,0.0,294.68590344771764,0.0,3.0,0.0,256.0,0.0,0.0032290415256284177,0.0,0.002118958509527147,2
spiral,shape,312,2,dbscan,"{""eps"":0.2,""min_samples"":10}",1,True,True,0.026101482164627793,0.0,0.22952665126798308,0.0,0.7651286506281377,0.0,0.32659478702049577,0.0,267.5698107452083,0.0,3.0,0.0,254.0,0.0,0.0009011249931063503,0.0,5.354199674911797e-05,2
spiral,shape,312,2,dbscan,"{""eps"":0.2,""min_samples"":3}",1,True,True,1.0,0.0,1.0,0.0,0.001393007226841032,0.0,5.819660572385967,0.0,5.791604617514869,0.0,3.0,0.0,0.0,0.0,0.0009860000282060355,0.0,6.491699605248868e-05,2
spiral,shape,312,2,dbscan,"{""eps"":0.2,""min_samples"":5}",1,True,True,0.4284201805877615,0.0,0.5701561000454536,0.0,0.011600765770848342,0.0,1.8133211317898257,0.0,24.972129698204814,0.0,4.0,0.0,108.0,0.0,0.0009409165068063885,0.0,6.095852586440742e-05,2
spiral,shape,312,2,dbscan,"{""eps"":0.3,""min_samples"":10}",1,True,True,0.10250230853621677,0.0,0.3556458256028293,0.0,0.4807050836545953,0.0,0.7465471303817606,0.0,107.80710736425408,0.0,3.0,0.0,205.0,0.0,0.0009330204920843244,0.0,5.106249591335654e-05,2
spiral,shape,312,2,dbscan,"{""eps"":0.3,""min_samples"":3}",1,True,True,1.0,0.0,1.0,0.0,0.001393007226841032,0.0,5.819660572385967,0.0,5.791604617514869,0.0,3.0,0.0,0.0,0.0,0.0009961250179912895,0.0,5.6625023717060685e-05,2
spiral,shape,312,2,dbscan,"{""eps"":0.3,""min_samples"":5}",1,True,True,1.0,0.0,1.0,0.0,0.001393007226841032,0.0,5.819660572385967,0.0,5.791604617514869,0.0,3.0,0.0,0.0,0.0,0.000982103985734284,0.0,4.997901851311326e-05,2
spiral,shape,312,2,dbscan,"{""eps"":0.4,""min_samples"":10}",1,True,True,0.3064342704516256,0.0,0.5063560939900363,0.0,0.14657769913107238,0.0,1.5919226626197147,0.0,43.20858670244346,0.0,3.0,0.0,140.0,0.0,0.00114935397868976,0.0,0.0002480209805071354,2
spiral,shape,312,2,dbscan,"{""eps"":0.4,""min_samples"":3}",1,True,True,1.0,0.0,1.0,0.0,0.001393007226841032,0.0,5.819660572385967,0.0,5.791604617514869,0.0,3.0,0.0,0.0,0.0,0.0010099789942614734,0.0,6.0395977925509214e-05,2
spiral,shape,312,2,dbscan,"{""eps"":0.4,""min_samples"":5}",1,True,True,1.0,0.0,1.0,0.0,0.001393007226841032,0.0,5.819660572385967,0.0,5.791604617514869,0.0,3.0,0.0,0.0,0.0,0.0018667080148588866,0.0,0.0009178329783026129,2
spiral,shape,312,2,dbscan,"{""eps"":0.5,""min_samples"":10}",1,True,True,0.5258076119042824,0.0,0.6248566356109502,0.0,0.0357278733899798,0.0,2.5319612537193774,0.0,21.23298839223799,0.0,3.0,0.0,92.0,0.0,0.00105431248084642,0.0,0.00012018749839626253,2
spiral,shape,312,2,dbscan,"{""eps"":0.5,""min_samples"":3}",1,True,True,1.0,0.0,1.0,0.0,0.001393007226841032,0.0,5.819660572385967,0.0,5.791604617514869,0.0,3.0,0.0,0.0,0.0,0.0011391454900149256,0.0,0.00017206251504831016,2
spiral,shape,312,2,dbscan,"{""eps"":0.5,""min_samples"":5}",1,True,True,1.0,0.0,1.0,0.0,0.001393007226841032,0.0,5.819660572385967,0.0,5.791604617514869,0.0,3.0,0.0,0.0,0.0,0.0010756665142253041,0.0,0.00012854149099439383,2
spiral,shape,312,2,dbscan,"{""eps"":0.6,""min_samples"":10}",1,True,True,0.0,0.0,0.0,0.0,,,,,,,1.0,0.0,0.0,0.0,0.0011599790304899216,0.0,0.00013839598977938294,2
spiral,shape,312,2,dbscan,"{""eps"":0.6,""min_samples"":3}",1,True,True,0.0,0.0,0.0,0.0,,,,,,,1.0,0.0,0.0,0.0,0.0011703125201165676,0.0,0.0001202294952236116,2
spiral,shape,312,2,dbscan,"{""eps"":0.6,""min_samples"":5}",1,True,True,0.0,0.0,0.0,0.0,,,,,,,1.0,0.0,0.0,0.0,0.0011670415115077049,0.0,0.00012416651588864625,2
spiral,shape,312,2,dbscan,"{""eps"":0.7,""min_samples"":10}",1,True,True,0.0,0.0,0.0,0.0,,,,,,,1.0,0.0,0.0,0.0,0.0015831454657018185,0.0,0.0005042704869993031,2
spiral,shape,312,2,dbscan,"{""eps"":0.7,""min_samples"":3}",1,True,True,0.0,0.0,0.0,0.0,,,,,,,1.0,0.0,0.0,0.0,0.0012697920319624245,0.0,0.00015612499555572867,2
spiral,shape,312,2,dbscan,"{""eps"":0.7,""min_samples"":5}",1,True,True,0.0,0.0,0.0,0.0,,,,,,,1.0,0.0,0.0,0.0,0.001565041980938986,0.0,0.00048308298573829234,2
spiral,shape,312,2,dbscan,"{""eps"":0.8,""min_samples"":10}",1,True,True,0.0,0.0,0.0,0.0,,,,,,,1.0,0.0,0.0,0.0,0.001110479497583583,0.0,5.687499651685357e-06,2
spiral,shape,312,2,dbscan,"{""eps"":0.8,""min_samples"":3}",1,True,True,0.0,0.0,0.0,0.0,,,,,,,1.0,0.0,0.0,0.0,0.0011958329996559769,0.0,2.1750020096078515e-05,2
spiral,shape,312,2,dbscan,"{""eps"":0.8,""min_samples"":5}",1,True,True,0.0,0.0,0.0,0.0,,,,,,,1.0,0.0,0.0,0.0,0.0011235619895160198,0.0,4.789908416569233e-07,2
spiral,shape,312,2,dbscan,"{""eps"":0.9,""min_samples"":10}",1,True,True,0.0,0.0,0.0,0.0,,,,,,,1.0,0.0,0.0,0.0,0.0011188329954165965,0.0,1.1666998034343123e-05,2
spiral,shape,312,2,dbscan,"{""eps"":0.9,""min_samples"":3}",1,True,True,0.0,0.0,0.0,0.0,,,,,,,1.0,0.0,0.0,0.0,0.0011466254945844412,0.0,6.041489541530609e-06,2
spiral,shape,312,2,dbscan,"{""eps"":0.9,""min_samples"":5}",1,True,True,0.0,0.0,0.0,0.0,,,,,,,1.0,0.0,0.0,0.0,0.0011280414764769375,0.0,1.0791525710374117e-05,2
spiral,shape,312,2,dbscan,"{""eps"":1.0,""min_samples"":10}",1,True,True,0.0,0.0,0.0,0.0,,,,,,,1.0,0.0,0.0,0.0,0.0015273955068551004,0.0,0.00037472951225936413,2
spiral,shape,312,2,dbscan,"{""eps"":1.0,""min_samples"":3}",1,True,True,0.0,0.0,0.0,0.0,,,,,,,1.0,0.0,0.0,0.0,0.0011602290032897145,0.0,1.3145996490493417e-05,2
spiral,shape,312,2,dbscan,"{""eps"":1.0,""min_samples"":5}",1,True,True,0.0,0.0,0.0,0.0,,,,,,,1.0,0.0,0.0,0.0,0.0014149580092635006,0.0,0.0002575419784989208,2
spiral,shape,312,2,dbscan,"{""eps"":1.1,""min_samples"":10}",1,True,True,0.0,0.0,0.0,0.0,,,,,,,1.0,0.0,0.0,0.0,0.0013505630195140839,0.0,0.00017989601474255323,2
spiral,shape,312,2,dbscan,"{""eps"":1.1,""min_samples"":3}",1,True,True,0.0,0.0,0.0,0.0,,,,,,,1.0,0.0,0.0,0.0,0.0014441669918596745,0.0,0.000249749980866909,2
spiral,shape,312,2,dbscan,"{""eps"":1.1,""min_samples"":5}",1,True,True,0.0,0.0,0.0,0.0,,,,,,,1.0,0.0,0.0,0.0,0.001398124499246478,0.0,0.0002263335045427084,2
spiral,shape,312,2,dbscan,"{""eps"":1.2,""min_samples"":10}",1,True,True,0.0,0.0,0.0,0.0,,,,,,,1.0,0.0,0.0,0.0,0.0014947914751246572,0.0,0.00026887550484389067,2
spiral,shape,312,2,dbscan,"{""eps"":1.2,""min_samples"":3}",1,True,True,0.0,0.0,0.0,0.0,,,,,,,1.0,0.0,0.0,0.0,0.0014454790216404945,0.0,0.0001926039985846728,2
spiral,shape,312,2,dbscan,"{""eps"":1.2,""min_samples"":5}",1,True,True,0.0,0.0,0.0,0.0,,,,,,,1.0,0.0,0.0,0.0,0.0021580210304819047,0.0,0.000918812002055347,2
spiral,shape,312,2,kmeans,"{""init"":""k-means++"",""n_clusters"":10,""n_init"":20}",5,False,,0.08415205637031932,0.005322831149853761,0.22966941197693025,0.012357372029242739,0.3714280727503669,0.0030595995965074555,0.8296990516090024,0.01221704148370888,253.24620567435872,0.6968216262338228,10.0,0.0,0.0,0.0,0.04109277499374002,0.011639934082299675,0.0,5
spiral,shape,312,2,kmeans,"{""init"":""k-means++"",""n_clusters"":11,""n_init"":20}",5,False,,0.11406578176508901,0.004714330570227967,0.2823266533813239,0.008568973365302754,0.37251296247977855,0.003799652478223744,0.8133791658094763,0.006347820923098267,258.35884852673667,1.5078767834116658,11.0,0.0,0.0,0.0,0.03932984978891909,0.00904722650949991,0.0,5
spiral,shape,312,2,kmeans,"{""init"":""k-means++"",""n_clusters"":12,""n_init"":20}",5,False,,0.11534790939237267,0.022884327324831734,0.29060119237807014,0.030134796568923622,0.37712633698648446,0.003799440872785801,0.8048880358594366,0.009774676345612172,264.94685556526986,0.7868155438618135,12.0,0.0,0.0,0.0,0.03889652518555522,0.009096263593335588,0.0,5
spiral,shape,312,2,kmeans,"{""init"":""k-means++"",""n_clusters"":2,""n_init"":20}",5,False,,-0.0034597239260824864,0.00015428059930677507,0.0006962495185286896,0.0001275801224390968,0.33470651248645267,0.000164772564024988,1.2175147210892405,0.0002997587236366825,168.91726636809614,0.008173724407418445,2.0,0.0,0.0,0.0,0.02408424180466682,0.016307947506561258,0.0,5
spiral,shape,312,2,kmeans,"{""init"":""k-means++"",""n_clusters"":3,""n_init"":20}",5,False,,-0.005923811653969814,0.00015261029100694116,0.00044696622060080735,0.00012349937413557336,0.36066836009545217,0.0004914778938702499,0.8718196258619166,0.0008401073962854078,237.819989680587,0.026012293386180815,3.0,0.0,0.0,0.0,0.033281999989412725,0.01743374251164016,0.0,5
spiral,shape,312,2,kmeans,"{""init"":""k-means++"",""n_clusters"":4,""n_init"":20}",5,False,,-0.005340856378936889,0.00040115527259322104,0.0023128653003543446,0.0003649797959189335,0.3531745900333716,0.0005146880887744731,0.8812453770485547,0.0013925337234709882,243.97840023321396,0.2420519548960169,4.0,0.0,0.0,0.0,0.03156765002058819,0.023056521111187323,0.0,5
spiral,shape,312,2,kmeans,"{""init"":""k-means++"",""n_clusters"":5,""n_init"":20}",5,False,,-0.0033839259704425578,0.0007701416719723248,0.005598934319782324,0.0008414537543584133,0.34412273726470055,0.000490232239927226,0.9020969134423119,0.0009573562413480016,246.84394495337474,0.10130428004761109,5.0,0.0,0.0,0.0,0.030502174806315452,0.016973518650440073,0.0,5
spiral,shape,312,2,kmeans,"{""init"":""k-means++"",""n_clusters"":6,""n_init"":20}",5,False,,0.005520451123942659,0.0004644877705093904,0.01789399163865363,0.0009607212224165078,0.3525911599219692,0.000614253665280917,0.8727001834486909,0.0031459854745401875,257.6162348610413,0.027222870336842547,6.0,0.0,0.0,0.0,0.045588058198336515,0.022989869855879533,0.0,5
spiral,shape,312,2,kmeans,"{""init"":""k-means++"",""n_clusters"":7,""n_init"":20}",5,False,,0.03253173256817397,0.0032190407701656893,0.09038735366810038,0.01135103896965426,0.34901468169101585,0.0009622501584946512,0.873215140148492,0.0032834558516560883,246.41919764600397,0.42475371723095945,7.0,0.0,0.0,0.0,0.040962791990023104,0.015710900206384586,0.0,5
spiral,shape,312,2,kmeans,"{""init"":""k-means++"",""n_clusters"":8,""n_init"":20}",5,False,,0.053131641738699706,0.00976484514016848,0.1462005923848535,0.022501704574707158,0.3547488511189548,0.006232710407997283,0.8560071283078676,0.007763919412922853,244.94694916881377,0.8395173234691429,8.0,0.0,0.0,0.0,0.03159761659335345,0.00506899529679375,0.0,5
spiral,shape,312,2,kmeans,"{""init"":""k-means++"",""n_clusters"":9,""n_init"":20}",5,False,,0.09580969219041101,0.002441569842231824,0.2467651615743131,0.006896653667102553,0.3763278394229562,0.0016955505925088184,0.8327185880654634,0.0035898115017023047,252.33120646119096,0.2910988791028234,9.0,0.0,0.0,0.0,0.04976906678639352,0.03147958195037386,0.0,5
spiral,shape,312,2,ward,"{""linkage"":""ward"",""n_clusters"":10}",1,True,True,0.09884278402018351,0.0,0.23679631644191554,0.0,0.31305547914945564,0.0,0.9487186485954158,0.0,215.1794486596159,0.0,10.0,0.0,0.0,0.0,0.0013946664985269308,0.0,0.00023970846086740494,2
spiral,shape,312,2,ward,"{""linkage"":""ward"",""n_clusters"":11}",1,True,True,0.09283937156729773,0.0,0.23118765376644868,0.0,0.31899791813194867,0.0,0.9356575107784639,0.0,220.72022486551197,0.0,11.0,0.0,0.0,0.0,0.0014860834926366806,0.0,0.0003399164997972548,2
spiral,shape,312,2,ward,"{""linkage"":""ward"",""n_clusters"":12}",1,True,True,0.10765008865323447,0.0,0.27401316548455185,0.0,0.3309074292203263,0.0,0.8677989227121313,0.0,229.8956622900068,0.0,12.0,0.0,0.0,0.0,0.0014683955232612789,0.0,0.00031493749702349305,2
spiral,shape,312,2,ward,"{""linkage"":""ward"",""n_clusters"":2}",1,True,True,-0.003864329213699895,0.0,0.00039186628945339365,0.0,0.3227854980829377,0.0,1.2503397623554358,0.0,157.13274174711268,0.0,2.0,0.0,0.0,0.0,0.006392000010237098,0.0,0.004437791998498142,2
spiral,shape,312,2,ward,"{""linkage"":""ward"",""n_clusters"":3}",1,True,True,-0.004263516705289402,0.0,0.0017396985123883761,0.0,0.3277786301059895,0.0,0.9225417329975096,0.0,195.06649521368826,0.0,3.0,0.0,0.0,0.0,0.0017579375125933439,0.0,0.0005069375329185277,2
spiral,shape,312,2,ward,"{""linkage"":""ward"",""n_clusters"":4}",1,True,True,-0.004140860954576178,0.0,0.003957671975945823,0.0,0.322490105414344,0.0,0.9046626125282679,0.0,215.55332244103099,0.0,4.0,0.0,0.0,0.0,0.0015441665309481323,0.0,0.00035745848435908556,2
spiral,shape,312,2,ward,"{""linkage"":""ward"",""n_clusters"":5}",1,True,True,0.014631297669682347,0.0,0.04738371392123462,0.0,0.34124301939507756,0.0,0.8951336523180677,0.0,233.3281538528781,0.0,5.0,0.0,0.0,0.0,0.0015304789994843304,0.0,0.00038327102083712816,2
spiral,shape,312,2,ward,"{""linkage"":""ward"",""n_clusters"":6}",1,True,True,0.032076677928097305,0.0,0.08475747777881279,0.0,0.3364416827613691,0.0,0.8995834310486851,0.0,229.67513977803375,0.0,6.0,0.0,0.0,0.0,0.0013214375358074903,0.0,0.00017356249736621976,2
spiral,shape,312,2,ward,"{""linkage"":""ward"",""n_clusters"":7}",1,True,True,0.0739621068297763,0.0,0.18106603233494675,0.0,0.31819927906901013,0.0,0.9044614335393267,0.0,218.46918252114813,0.0,7.0,0.0,0.0,0.0,0.0012398955004755408,0.0,9.50625108089298e-05,2
spiral,shape,312,2,ward,"{""linkage"":""ward"",""n_clusters"":8}",1,True,True,0.08853790254863428,0.0,0.20433368864809448,0.0,0.3174426295073049,0.0,0.9424354723373191,0.0,214.34031316494435,0.0,8.0,0.0,0.0,0.0,0.004375083517516032,0.0,0.003224999498343095,2
spiral,shape,312,2,ward,"{""linkage"":""ward"",""n_clusters"":9}",1,True,True,0.09433829278155602,0.0,0.2142485385769144,0.0,0.30949388157319435,0.0,0.984583048976741,0.0,214.65038617774235,0.0,9.0,0.0,0.0,0.0,0.0015218335029203445,0.0,0.0003704165283124894,2
wine,real,178,13,classix,"{""engine"":""classix"",""group_merging"":""density"",""minPts"":1,""radius"":0.1}",1,True,True,0.0,0.0,0.34654412479868274,0.0,,,,,,,178.0,0.0,0.0,0.0,0.003483395994408056,0.0,1.0604009730741382e-05,2
wine,real,178,13,classix,"{""engine"":""classix"",""group_merging"":""density"",""minPts"":1,""radius"":0.2}",1,True,True,0.0,0.0,0.34654412479868274,0.0,,,,,,,178.0,0.0,0.0,0.0,0.004290062526706606,0.0,0.0002771875006146729,2
wine,real,178,13,classix,"{""engine"":""classix"",""group_merging"":""density"",""minPts"":1,""radius"":0.3}",1,True,True,0.0,0.0,0.34654412479868274,0.0,,,,,,,178.0,0.0,0.0,0.0,0.01334139599930495,0.0,0.0018288539722561836,2
wine,real,178,13,classix,"{""engine"":""classix"",""group_merging"":""density"",""minPts"":1,""radius"":0.4}",1,True,True,0.004223486425117934,0.0,0.35312584728534924,0.0,0.02717397177874802,0.0,0.3026027275719103,0.0,16.13627589752037,0.0,164.0,0.0,0.0,0.0,0.029666146001545712,0.0,0.002144312980817631,2
wine,real,178,13,classix,"{""engine"":""classix"",""group_merging"":""density"",""minPts"":1,""radius"":0.5}",1,True,True,0.0479271372616144,0.0,0.3929103480236972,0.0,0.05217321800988994,0.0,0.5790735126121004,0.0,10.479431104977124,0.0,115.0,0.0,0.0,0.0,0.04212116700364277,0.0,0.001875957997981459,2
wine,real,178,13,classix,"{""engine"":""classix"",""group_merging"":""density"",""minPts"":1,""radius"":0.6}",1,True,True,0.20214252434171245,0.0,0.40446221780403413,0.0,-0.10221302213491257,0.0,0.7907506759403127,0.0,3.90049020490645,0.0,65.0,0.0,0.0,0.0,0.055534666520543396,0.0,0.01686200051335618,2
wine,real,178,13,classix,"{""engine"":""classix"",""group_merging"":""density"",""minPts"":1,""radius"":0.7}",1,True,True,0.38851465972454097,0.0,0.4808602733343129,0.0,-0.12192983143791251,0.0,0.7341577441483803,0.0,5.11467921007791,0.0,29.0,0.0,0.0,0.0,0.04071145848138258,0.0,0.004124958475586027,2
wine,real,178,13,classix,"{""engine"":""classix"",""group_merging"":""density"",""minPts"":1,""radius"":0.8}",1,True,True,-0.014104499376950335,0.0,0.12219532754257519,0.0,-0.10112199936341135,0.0,0.789710504031978,0.0,2.187864390450129,0.0,17.0,0.0,0.0,0.0,0.01925512551679276,0.0,0.0022877084848005325,2
wine,real,178,13,classix,"{""engine"":""classix"",""group_merging"":""density"",""minPts"":1,""radius"":0.9}",1,True,True,-0.014052509514776924,0.0,0.07710580891770934,0.0,0.026830176107639492,0.0,0.8253657116153487,0.0,3.0089945583491926,0.0,8.0,0.0,0.0,0.0,0.011514145997352898,0.0,2.8103997465223074e-05,2
wine,real,178,13,classix,"{""engine"":""classix"",""group_merging"":""density"",""minPts"":1,""radius"":1.0}",1,True,True,-0.011035018514226185,0.0,0.057055050550075086,0.0,0.12138245821362599,0.0,0.7486198788865126,0.0,3.30767508299968,0.0,6.0,0.0,0.0,0.0,0.009043978992849588,0.0,9.118800517171621e-05,2
wine,real,178,13,classix,"{""engine"":""classix"",""group_merging"":""density"",""minPts"":1,""radius"":1.1}",1,True,True,-0.00654331529539681,0.0,0.07601609441191257,0.0,0.07679628926423293,0.0,0.8813426244449308,0.0,3.843131731960162,0.0,6.0,0.0,0.0,0.0,0.005823687504744157,0.0,5.431249155662954e-05,2
wine,real,178,13,classix,"{""engine"":""classix"",""group_merging"":""density"",""minPts"":1,""radius"":1.2}",1,True,True,-0.005179350377350337,0.0,0.02681685536914095,0.0,0.22245060727650934,0.0,1.0514155755446575,0.0,5.74429160266628,0.0,2.0,0.0,0.0,0.0,0.0037305000005289912,0.0,6.408302579075098e-05,2
wine,real,178,13,classix,"{""engine"":""classix"",""group_merging"":""density"",""minPts"":1,""radius"":1.3}",1,True,True,-0.005179350377350337,0.0,0.02681685536914095,0.0,0.22245060727650934,0.0,1.0514155755446575,0.0,5.74429160266628,0.0,2.0,0.0,0.0,0.0,0.003466332971584052,0.0,7.058301707729697e-05,2
wine,real,178,13,classix,"{""engine"":""classix"",""group_merging"":""density"",""minPts"":1,""radius"":1.4}",1,True,True,0.0,0.0,0.0,0.0,,,,,,,1.0,0.0,0.0,0.0,0.00276287502492778,0.0,3.862500307150185e-05,2
wine,real,178,13,classix,"{""engine"":""classix"",""group_merging"":""density"",""minPts"":1,""radius"":1.5}",1,True,True,0.0,0.0,0.0,0.0,,,,,,,1.0,0.0,0.0,0.0,0.002714458532864228,0.0,0.0002611665113363415,2
wine,real,178,13,classix,"{""engine"":""classix"",""group_merging"":""density"",""minPts"":10,""radius"":0.1}",1,True,True,0.0,0.0,0.34654412479868274,0.0,,,,,,,178.0,0.0,0.0,0.0,0.0034397914714645594,0.0,3.0666502425447106e-05,2
wine,real,178,13,classix,"{""engine"":""classix"",""group_merging"":""density"",""minPts"":10,""radius"":0.2}",1,True,True,0.0,0.0,0.34654412479868274,0.0,,,,,,,178.0,0.0,0.0,0.0,0.015178375004325062,0.0,0.010249875020235777,2
wine,real,178,13,classix,"{""engine"":""classix"",""group_merging"":""density"",""minPts"":10,""radius"":0.3}",1,True,True,0.0,0.0,0.34654412479868274,0.0,,,,,,,178.0,0.0,0.0,0.0,0.012807479477487504,0.0,0.0013973125023767352,2
wine,real,178,13,classix,"{""engine"":""classix"",""group_merging"":""density"",""minPts"":10,""radius"":0.4}",1,True,True,0.004223486425117934,0.0,0.35312584728534924,0.0,0.02717397177874802,0.0,0.3026027275719103,0.0,16.13627589752037,0.0,164.0,0.0,0.0,0.0,0.043343541998183355,0.0,0.010630041972035542,2
wine,real,178,13,classix,"{""engine"":""classix"",""group_merging"":""density"",""minPts"":10,""radius"":0.5}",1,True,True,0.0,0.0,0.0,0.0,,,,,,,1.0,0.0,0.0,0.0,0.05087947900756262,0.0,0.005879103991901502,2
wine,real,178,13,classix,"{""engine"":""classix"",""group_merging"":""density"",""minPts"":10,""radius"":0.6}",1,True,True,0.42872253677033556,0.0,0.5567506387604543,0.0,0.2593000416126472,0.0,1.3473052081232006,0.0,60.556570143216774,0.0,2.0,0.0,0.0,0.0,0.04042693751398474,0.0,0.003929645463358611,2
wine,real,178,13,classix,"{""engine"":""classix"",""group_merging"":""density"",""minPts"":10,""radius"":0.7}",1,True,True,0.4463801265286848,0.0,0.5748425876350484,0.0,0.26765937833327297,0.0,1.4038463559598744,0.0,65.15931064315936,0.0,2.0,0.0,0.0,0.0,0.03595981249236502,0.0,0.005962270515738055,2
wine,real,178,13,classix,"{""engine"":""classix"",""group_merging"":""density"",""minPts"":10,""radius"":0.8}",1,True,True,0.0,0.0,0.0,0.0,,,,,,,1.0,0.0,0.0,0.0,0.017175687506096438,0.0,0.00012281248928047717,2
wine,real,178,13,classix,"{""engine"":""classix"",""group_merging"":""density"",""minPts"":10,""radius"":0.9}",1,True,True,0.0,0.0,0.0,0.0,,,,,,,1.0,0.0,0.0,0.0,0.011606042011408135,0.0,0.00015666699619032443,2
wine,real,178,13,classix,"{""engine"":""classix"",""group_merging"":""density"",""minPts"":10,""radius"":1.0}",1,True,True,0.0,0.0,0.0,0.0,,,,,,,1.0,0.0,0.0,0.0,0.009187979012494907,0.0,9.706200216896832e-05,2
wine,real,178,13,classix,"{""engine"":""classix"",""group_merging"":""density"",""minPts"":10,""radius"":1.1}",1,True,True,0.0,0.0,0.0,0.0,,,,,,,1.0,0.0,0.0,0.0,0.005807708483189344,0.0,5.620851879939437e-05,2
wine,real,178,13,classix,"{""engine"":""classix"",""group_merging"":""density"",""minPts"":10,""radius"":1.2}",1,True,True,0.0,0.0,0.0,0.0,,,,,,,1.0,0.0,0.0,0.0,0.0037767500325571746,0.0,6.600000779144466e-05,2
wine,real,178,13,classix,"{""engine"":""classix"",""group_merging"":""density"",""minPts"":10,""radius"":1.3}",1,True,True,0.0,0.0,0.0,0.0,,,,,,,1.0,0.0,0.0,0.0,0.0035150205076206475,0.0,5.052049527876079e-05,2
wine,real,178,13,classix,"{""engine"":""classix"",""group_merging"":""density"",""minPts"":10,""radius"":1.4}",1,True,True,0.0,0.0,0.0,0.0,,,,,,,1.0,0.0,0.0,0.0,0.002764270466286689,0.0,8.018751395866275e-05,2
wine,real,178,13,classix,"{""engine"":""classix"",""group_merging"":""density"",""minPts"":10,""radius"":1.5}",1,True,True,0.0,0.0,0.0,0.0,,,,,,,1.0,0.0,0.0,0.0,0.00247912501799874,0.0,4.904202069155872e-05,2
wine,real,178,13,classix,"{""engine"":""classix"",""group_merging"":""density"",""minPts"":5,""radius"":0.1}",1,True,True,0.0,0.0,0.34654412479868274,0.0,,,,,,,178.0,0.0,0.0,0.0,0.0035025000106543303,0.0,0.0001117499778047204,2
wine,real,178,13,classix,"{""engine"":""classix"",""group_merging"":""density"",""minPts"":5,""radius"":0.2}",1,True,True,0.0,0.0,0.34654412479868274,0.0,,,,,,,178.0,0.0,0.0,0.0,0.004114333481993526,0.0,1.729151699692011e-05,2
wine,real,178,13,classix,"{""engine"":""classix"",""group_merging"":""density"",""minPts"":5,""radius"":0.3}",1,True,True,0.0,0.0,0.34654412479868274,0.0,,,,,,,178.0,0.0,0.0,0.0,0.01338370848679915,0.0,0.0019284585141576827,2
wine,real,178,13,classix,"{""engine"":""classix"",""group_merging"":""density"",""minPts"":5,""radius"":0.4}",1,True,True,0.004223486425117934,0.0,0.35312584728534924,0.0,0.02717397177874802,0.0,0.3026027275719103,0.0,16.13627589752037,0.0,164.0,0.0,0.0,0.0,0.041903667006408796,0.0,0.01435187496826984,2
wine,real,178,13,classix,"{""engine"":""classix"",""group_merging"":""density"",""minPts"":5,""radius"":0.5}",1,True,True,0.4239624670266339,0.0,0.5864020799476048,0.0,0.08913416157002307,0.0,2.25209112756525,0.0,31.908838995583412,0.0,7.0,0.0,0.0,0.0,0.058099540998227894,0.0,0.009209125011693686,2
wine,real,178,13,classix,"{""engine"":""classix"",""group_merging"":""density"",""minPts"":5,""radius"":0.6}",1,True,True,0.3513943531671678,0.0,0.46740319718667855,0.0,0.11902797888823326,0.0,1.829942929817608,0.0,23.652204674052246,0.0,4.0,0.0,0.0,0.0,0.04214202050934546,0.0,0.004639187507564202,2
wine,real,178,13,classix,"{""engine"":""classix"",""group_merging"":""density"",""minPts"":5,""radius"":0.7}",1,True,True,0.4463801265286848,0.0,0.5748425876350484,0.0,0.26765937833327297,0.0,1.4038463559598744,0.0,65.15931064315936,0.0,2.0,0.0,0.0,0.0,0.04004937503486872,0.0,0.000353958981577307,2
wine,real,178,13,classix,"{""engine"":""classix"",""group_merging"":""density"",""minPts"":5,""radius"":0.8}",1,True,True,0.0,0.0,0.0,0.0,,,,,,,1.0,0.0,0.0,0.0,0.017326166474958882,0.0,0.00015566652291454375,2
wine,real,178,13,classix,"{""engine"":""classix"",""group_merging"":""density"",""minPts"":5,""radius"":0.9}",1,True,True,0.0,0.0,0.0,0.0,,,,,,,1.0,0.0,0.0,0.0,0.011573603987926617,0.0,5.9062993386760354e-05,2
wine,real,178,13,classix,"{""engine"":""classix"",""group_merging"":""density"",""minPts"":5,""radius"":1.0}",1,True,True,0.0,0.0,0.0,0.0,,,,,,,1.0,0.0,0.0,0.0,0.00917760402080603,0.0,8.889599121175706e-05,2
wine,real,178,13,classix,"{""engine"":""classix"",""group_merging"":""density"",""minPts"":5,""radius"":1.1}",1,True,True,0.0,0.0,0.0,0.0,,,,,,,1.0,0.0,0.0,0.0,0.005843312508659437,0.0,4.318749415688217e-05,2
wine,real,178,13,classix,"{""engine"":""classix"",""group_merging"":""density"",""minPts"":5,""radius"":1.2}",1,True,True,0.0,0.0,0.0,0.0,,,,,,,1.0,0.0,0.0,0.0,0.0037757715035695583,0.0,7.468750118277967e-05,2
wine,real,178,13,classix,"{""engine"":""classix"",""group_merging"":""density"",""minPts"":5,""radius"":1.3}",1,True,True,0.0,0.0,0.0,0.0,,,,,,,1.0,0.0,0.0,0.0,0.003538313030730933,0.0,6.877101259306073e-05,2
wine,real,178,13,classix,"{""engine"":""classix"",""group_merging"":""density"",""minPts"":5,""radius"":1.4}",1,True,True,0.0,0.0,0.0,0.0,,,,,,,1.0,0.0,0.0,0.0,0.0028176045161671937,0.0,1.6687496099621058e-05,2
wine,real,178,13,classix,"{""engine"":""classix"",""group_merging"":""density"",""minPts"":5,""radius"":1.5}",1,True,True,0.0,0.0,0.0,0.0,,,,,,,1.0,0.0,0.0,0.0,0.0024766249989625067,0.0,4.412498674355447e-05,2
wine,real,178,13,classix,"{""engine"":""classix"",""group_merging"":""distance"",""minPts"":1,""radius"":0.1}",1,True,True,0.0,0.0,0.34654412479868274,0.0,,,,,,,178.0,0.0,0.0,0.0,0.0045686454977840185,0.0,3.6354525946080685e-05,2
wine,real,178,13,classix,"{""engine"":""classix"",""group_merging"":""distance"",""minPts"":1,""radius"":0.2}",1,True,True,0.0,0.0,0.34654412479868274,0.0,,,,,,,178.0,0.0,0.0,0.0,0.0043936459987889975,0.0,4.1311985114589334e-05,2
wine,real,178,13,classix,"{""engine"":""classix"",""group_merging"":""distance"",""minPts"":1,""radius"":0.3}",1,True,True,0.01684171788885243,0.0,0.36785771155021946,0.0,0.054723478819615555,0.0,0.46474734654160726,0.0,12.474789924591626,0.0,141.0,0.0,0.0,0.0,0.004496729467064142,0.0,0.0001536874915473163,2
wine,real,178,13,classix,"{""engine"":""classix"",""group_merging"":""distance"",""minPts"":1,""radius"":0.4}",1,True,True,0.22462507859518344,0.0,0.4143864889277716,0.0,-0.12825590631263256,0.0,0.8016802520369158,0.0,3.8076649556098485,0.0,63.0,0.0,0.0,0.0,0.0069551664928440005,0.0,0.0028111245192121714,2
wine,real,178,13,classix,"{""engine"":""classix"",""group_merging"":""distance"",""minPts"":1,""radius"":0.5}",1,True,True,-0.007854771815705012,0.0,0.16628100547588465,0.0,-0.21626069184693955,0.0,0.8179954888060298,0.0,2.112877985852011,0.0,25.0,0.0,0.0,0.0,0.004307979019358754,0.0,0.0009341039694845676,2
wine,real,178,13,classix,"{""engine"":""classix"",""group_merging"":""distance"",""minPts"":1,""radius"":0.6}",1,True,True,-0.010204472340793039,0.0,0.09283825806415252,0.0,-0.05126696353501962,0.0,0.7658447376872375,0.0,2.883190372370085,0.0,10.0,0.0,0.0,0.0,0.00353952101431787,0.0,0.0002078120014630258,2
wine,real,178,13,classix,"{""engine"":""classix"",""group_merging"":""distance"",""minPts"":1,""radius"":0.7}",1,True,True,-0.005260893691335967,0.0,0.06941017423312555,0.0,0.08425149774872731,0.0,0.7873146477786804,0.0,3.675787195911594,0.0,6.0,0.0,0.0,0.0,0.0032449790160171688,0.0,8.728995453566313e-06,2
wine,real,178,13,classix,"{""engine"":""classix"",""group_merging"":""distance"",""minPts"":1,""radius"":0.8}",1,True,True,-0.0003213681906626775,0.0,0.049338099046859485,0.0,0.13748663996089833,0.0,0.9943822812697839,0.0,4.8496634999435955,0.0,3.0,0.0,0.0,0.0,0.0016973749734461308,0.0,3.724999260157347e-05,2
wine,real,178,13,classix,"{""engine"":""classix"",""group_merging"":""distance"",""minPts"":1,""radius"":0.9}",1,True,True,0.0,0.0,0.0,0.0,,,,,,,1.0,0.0,0.0,0.0,0.001351020997390151,0.0,5.4104020819067955e-05,2
wine,real,178,13,classix,"{""engine"":""classix"",""group_merging"":""distance"",""minPts"":1,""radius"":1.0}",1,True,True,0.0,0.0,0.0,0.0,,,,,,,1.0,0.0,0.0,0.0,0.001139854488428682,0.0,3.447948256507516e-05,2
wine,real,178,13,classix,"{""engine"":""classix"",""group_merging"":""distance"",""minPts"":1,""radius"":1.1}",1,True,True,0.0,0.0,0.0,0.0,,,,,,,1.0,0.0,0.0,0.0,0.0009541664621792734,0.0,3.9208505768328905e-05,2
wine,real,178,13,classix,"{""engine"":""classix"",""group_merging"":""distance"",""minPts"":1,""radius"":1.2}",1,True,True,0.0,0.0,0.0,0.0,,,,,,,1.0,0.0,0.0,0.0,0.0008465624996460974,0.0,2.9562506824731827e-05,2
wine,real,178,13,classix,"{""engine"":""classix"",""group_merging"":""distance"",""minPts"":1,""radius"":1.3}",1,True,True,0.0,0.0,0.0,0.0,,,,,,,1.0,0.0,0.0,0.0,0.0008183540194295347,0.0,3.5729026421904564e-05,2
wine,real,178,13,classix,"{""engine"":""classix"",""group_merging"":""distance"",""minPts"":1,""radius"":1.4}",1,True,True,0.0,0.0,0.0,0.0,,,,,,,1.0,0.0,0.0,0.0,0.0007784585177432746,0.0,3.695851773954928e-05,2
wine,real,178,13,classix,"{""engine"":""classix"",""group_merging"":""distance"",""minPts"":1,""radius"":1.5}",1,True,True,0.0,0.0,0.0,0.0,,,,,,,1.0,0.0,0.0,0.0,0.0007719584682490677,0.0,1.8083519535139203e-05,2
wine,real,178,13,classix,"{""engine"":""classix"",""group_merging"":""distance"",""minPts"":10,""radius"":0.1}",1,True,True,0.0,0.0,0.34654412479868274,0.0,,,,,,,178.0,0.0,0.0,0.0,0.008050042000832036,0.0,7.112501771189272e-05,2
wine,real,178,13,classix,"{""engine"":""classix"",""group_merging"":""distance"",""minPts"":10,""radius"":0.2}",1,True,True,0.0,0.0,0.34654412479868274,0.0,,,,,,,178.0,0.0,0.0,0.0,0.009308958484325558,0.0,0.001162874512374401,2
wine,real,178,13,classix,"{""engine"":""classix"",""group_merging"":""distance"",""minPts"":10,""radius"":0.3}",1,True,True,0.01684171788885243,0.0,0.36785771155021946,0.0,0.054723478819615555,0.0,0.46474734654160726,0.0,12.474789924591626,0.0,141.0,0.0,0.0,0.0,0.0085384999983944,0.0,0.0004724999889731407,2
wine,real,178,13,classix,"{""engine"":""classix"",""group_merging"":""distance"",""minPts"":10,""radius"":0.4}",1,True,True,0.4610041624800529,0.0,0.5986385941431798,0.0,0.2685053034647887,0.0,1.378975733905637,0.0,65.17860976517248,0.0,2.0,0.0,0.0,0.0,0.006347000511595979,0.0,0.0009678334754426032,2
wine,real,178,13,classix,"{""engine"":""classix"",""group_merging"":""distance"",""minPts"":10,""radius"":0.5}",1,True,True,0.0,0.0,0.0,0.0,,,,,,,1.0,0.0,0.0,0.0,0.004790291015524417,0.0,0.0007867499953135848,2
wine,real,178,13,classix,"{""engine"":""classix"",""group_merging"":""distance"",""minPts"":10,""radius"":0.6}",1,True,True,0.0,0.0,0.0,0.0,,,,,,,1.0,0.0,0.0,0.0,0.003448104514973238,0.0,0.00045202052569948137,2
wine,real,178,13,classix,"{""engine"":""classix"",""group_merging"":""distance"",""minPts"":10,""radius"":0.7}",1,True,True,0.0,0.0,0.0,0.0,,,,,,,1.0,0.0,0.0,0.0,0.0024342709803022444,0.0,9.377102833241224e-05,2
wine,real,178,13,classix,"{""engine"":""classix"",""group_merging"":""distance"",""minPts"":10,""radius"":0.8}",1,True,True,0.0,0.0,0.0,0.0,,,,,,,1.0,0.0,0.0,0.0,0.0017423125100322068,0.0,6.4437510445714e-05,2
wine,real,178,13,classix,"{""engine"":""classix"",""group_merging"":""distance"",""minPts"":10,""radius"":0.9}",1,True,True,0.0,0.0,0.0,0.0,,,,,,,1.0,0.0,0.0,0.0,0.0013264379813335836,0.0,3.285397542640567e-05,2
wine,real,178,13,classix,"{""engine"":""classix"",""group_merging"":""distance"",""minPts"":10,""radius"":1.0}",1,True,True,0.0,0.0,0.0,0.0,,,,,,,1.0,0.0,0.0,0.0,0.00112310447730124,0.0,3.564549842849374e-05,2
wine,real,178,13,classix,"{""engine"":""classix"",""group_merging"":""distance"",""minPts"":10,""radius"":1.1}",1,True,True,0.0,0.0,0.0,0.0,,,,,,,1.0,0.0,0.0,0.0,0.0009569584799464792,0.0,3.354149521328509e-05,2
wine,real,178,13,classix,"{""engine"":""classix"",""group_merging"":""distance"",""minPts"":10,""radius"":1.2}",1,True,True,0.0,0.0,0.0,0.0,,,,,,,1.0,0.0,0.0,0.0,0.0008401875093113631,0.0,3.156249294988811e-05,2
wine,real,178,13,classix,"{""engine"":""classix"",""group_merging"":""distance"",""minPts"":10,""radius"":1.3}",1,True,True,0.0,0.0,0.0,0.0,,,,,,,1.0,0.0,0.0,0.0,0.0008159585122484714,0.0,3.40835249517113e-05,2
wine,real,178,13,classix,"{""engine"":""classix"",""group_merging"":""distance"",""minPts"":10,""radius"":1.4}",1,True,True,0.0,0.0,0.0,0.0,,,,,,,1.0,0.0,0.0,0.0,0.0007673545042052865,0.0,3.2354495488107204e-05,2
wine,real,178,13,classix,"{""engine"":""classix"",""group_merging"":""distance"",""minPts"":10,""radius"":1.5}",1,True,True,0.0,0.0,0.0,0.0,,,,,,,1.0,0.0,0.0,0.0,0.0007477705075871199,0.0,2.8687500162050128e-05,2
wine,real,178,13,classix,"{""engine"":""classix"",""group_merging"":""distance"",""minPts"":5,""radius"":0.1}",1,True,True,0.0,0.0,0.34654412479868274,0.0,,,,,,,178.0,0.0,0.0,0.0,0.008161145990015939,0.0,6.268700235523283e-05,2
wine,real,178,13,classix,"{""engine"":""classix"",""group_merging"":""distance"",""minPts"":5,""radius"":0.2}",1,True,True,0.0,0.0,0.34654412479868274,0.0,,,,,,,178.0,0.0,0.0,0.0,0.008104333508526906,0.0,0.00013283352018333972,2
wine,real,178,13,classix,"{""engine"":""classix"",""group_merging"":""distance"",""minPts"":5,""radius"":0.3}",1,True,True,0.363808742579877,0.0,0.46623328989434826,0.0,0.1452062036424966,0.0,2.267804959479981,0.0,36.79778293496778,0.0,3.0,0.0,0.0,0.0,0.008283875009510666,0.0,0.0008492079796269536,2
wine,real,178,13,classix,"{""engine"":""classix"",""group_merging"":""distance"",""minPts"":5,""radius"":0.4}",1,True,True,0.3719813896927897,0.0,0.5184286036026065,0.0,0.14351863268036336,0.0,2.0430972305717368,0.0,25.148186118289214,0.0,4.0,0.0,0.0,0.0,0.006925645982846618,0.0,0.0015991040272638202,2
wine,real,178,13,classix,"{""engine"":""classix"",""group_merging"":""distance"",""minPts"":5,""radius"":0.5}",1,True,True,0.0,0.0,0.0,0.0,,,,,,,1.0,0.0,0.0,0.0,0.005670895974617451,0.0,0.0016126040136441588,2
wine,real,178,13,classix,"{""engine"":""classix"",""group_merging"":""distance"",""minPts"":5,""radius"":0.6}",1,True,True,0.0,0.0,0.0,0.0,,,,,,,1.0,0.0,0.0,0.0,0.003452375007327646,0.0,0.00036874995566904545,2
wine,real,178,13,classix,"{""engine"":""classix"",""group_merging"":""distance"",""minPts"":5,""radius"":0.7}",1,True,True,0.0,0.0,0.0,0.0,,,,,,,1.0,0.0,0.0,0.0,0.003076125489315018,0.0,0.00038441651850007474,2
wine,real,178,13,classix,"{""engine"":""classix"",""group_merging"":""distance"",""minPts"":5,""radius"":0.8}",1,True,True,0.0,0.0,0.0,0.0,,,,,,,1.0,0.0,0.0,0.0,0.0017841665248852223,0.0,8.254151907749474e-05,2
wine,real,178,13,classix,"{""engine"":""classix"",""group_merging"":""distance"",""minPts"":5,""radius"":0.9}",1,True,True,0.0,0.0,0.0,0.0,,,,,,,1.0,0.0,0.0,0.0,0.0013225834991317242,0.0,4.341648309491575e-05,2
wine,real,178,13,classix,"{""engine"":""classix"",""group_merging"":""distance"",""minPts"":5,""radius"":1.0}",1,True,True,0.0,0.0,0.0,0.0,,,,,,,1.0,0.0,0.0,0.0,0.0011344999657012522,0.0,4.029198316857219e-05,2
wine,real,178,13,classix,"{""engine"":""classix"",""group_merging"":""distance"",""minPts"":5,""radius"":1.1}",1,True,True,0.0,0.0,0.0,0.0,,,,,,,1.0,0.0,0.0,0.0,0.0009658329945523292,0.0,3.2499985536560416e-05,2
wine,real,178,13,classix,"{""engine"":""classix"",""group_merging"":""distance"",""minPts"":5,""radius"":1.2}",1,True,True,0.0,0.0,0.0,0.0,,,,,,,1.0,0.0,0.0,0.0,0.0008414585026912391,0.0,3.645848482847214e-05,2
wine,real,178,13,classix,"{""engine"":""classix"",""group_merging"":""distance"",""minPts"":5,""radius"":1.3}",1,True,True,0.0,0.0,0.0,0.0,,,,,,,1.0,0.0,0.0,0.0,0.0008210205123759806,0.0,3.589550033211708e-05,2
wine,real,178,13,classix,"{""engine"":""classix"",""group_merging"":""distance"",""minPts"":5,""radius"":1.4}",1,True,True,0.0,0.0,0.0,0.0,,,,,,,1.0,0.0,0.0,0.0,0.0007680005219299346,0.0,3.3708492992445827e-05,2
wine,real,178,13,classix,"{""engine"":""classix"",""group_merging"":""distance"",""minPts"":5,""radius"":1.5}",1,True,True,0.0,0.0,0.0,0.0,,,,,,,1.0,0.0,0.0,0.0,0.000748124992242083,0.0,3.541700425557792e-05,2
wine,real,178,13,dbscan,"{""eps"":0.1,""min_samples"":10}",1,True,True,0.0,0.0,0.0,0.0,,,,,,,0.0,0.0,178.0,0.0,0.0008033539925236255,0.0,2.0771025447174907e-05,2
wine,real,178,13,dbscan,"{""eps"":0.1,""min_samples"":3}",1,True,True,0.0,0.0,0.0,0.0,,,,,,,0.0,0.0,178.0,0.0,0.000980832992354408,0.0,1.7458020010963082e-05,2
wine,real,178,13,dbscan,"{""eps"":0.1,""min_samples"":5}",1,True,True,0.0,0.0,0.0,0.0,,,,,,,0.0,0.0,178.0,0.0,0.0008285209769383073,0.0,1.87290133908391e-05,2
wine,real,178,13,dbscan,"{""eps"":0.2,""min_samples"":10}",1,True,True,0.0,0.0,0.0,0.0,,,,,,,0.0,0.0,178.0,0.0,0.0007916665053926408,0.0,1.3791490346193314e-05,2
wine,real,178,13,dbscan,"{""eps"":0.2,""min_samples"":3}",1,True,True,0.0,0.0,0.0,0.0,,,,,,,0.0,0.0,178.0,0.0,0.00080768798943609,0.0,1.6979000065475702e-05,2
wine,real,178,13,dbscan,"{""eps"":0.2,""min_samples"":5}",1,True,True,0.0,0.0,0.0,0.0,,,,,,,0.0,0.0,178.0,0.0,0.0008038755040615797,0.0,1.408351818099618e-05,2
wine,real,178,13,dbscan,"{""eps"":0.3,""min_samples"":10}",1,True,True,0.0,0.0,0.0,0.0,,,,,,,0.0,0.0,178.0,0.0,0.0008184995094779879,0.0,1.583350240252912e-05,2
wine,real,178,13,dbscan,"{""eps"":0.3,""min_samples"":3}",1,True,True,0.0,0.0,0.0,0.0,,,,,,,0.0,0.0,178.0,0.0,0.0008729579858481884,0.0,7.141701644286513e-05,2
wine,real,178,13,dbscan,"{""eps"":0.3,""min_samples"":5}",1,True,True,0.0,0.0,0.0,0.0,,,,,,,0.0,0.0,178.0,0.0,0.00081964599667117,0.0,2.335401950404048e-05,2
wine,real,178,13,dbscan,"{""eps"":0.4,""min_samples"":10}",1,True,True,0.0,0.0,0.0,0.0,,,,,,,0.0,0.0,178.0,0.0,0.0008261880138888955,0.0,1.9229017198085785e-05,2
wine,real,178,13,dbscan,"{""eps"":0.4,""min_samples"":3}",1,True,True,0.0,0.0,0.0,0.0,,,,,,,0.0,0.0,178.0,0.0,0.000828145508421585,0.0,2.343751839362085e-05,2
wine,real,178,13,dbscan,"{""eps"":0.4,""min_samples"":5}",1,True,True,0.0,0.0,0.0,0.0,,,,,,,0.0,0.0,178.0,0.0,0.000825249997433275,0.0,1.6624981071799994e-05,2
wine,real,178,13,dbscan,"{""eps"":0.5,""min_samples"":10}",1,True,True,0.0,0.0,0.0,0.0,,,,,,,0.0,0.0,178.0,0.0,0.0008333334699273109,0.0,2.2291496861726046e-05,2
wine,real,178,13,dbscan,"{""eps"":0.5,""min_samples"":3}",1,True,True,0.0,0.0,0.0,0.0,,,,,,,0.0,0.0,178.0,0.0,0.0008369999995920807,0.0,2.1166953956708312e-05,2
wine,real,178,13,dbscan,"{""eps"":0.5,""min_samples"":5}",1,True,True,0.0,0.0,0.0,0.0,,,,,,,0.0,0.0,178.0,0.0,0.00083318748511374,0.0,2.2312509827315807e-05,2
wine,real,178,13,dbscan,"{""eps"":0.6,""min_samples"":10}",1,True,True,0.0,0.0,0.0,0.0,,,,,,,0.0,0.0,178.0,0.0,0.000850270502269268,0.0,1.9020517356693745e-05,2
wine,real,178,13,dbscan,"{""eps"":0.6,""min_samples"":3}",1,True,True,0.0,0.0,0.0,0.0,,,,,,,0.0,0.0,178.0,0.0,0.0008550209749955684,0.0,2.2146006813272834e-05,2
wine,real,178,13,dbscan,"{""eps"":0.6,""min_samples"":5}",1,True,True,0.0,0.0,0.0,0.0,,,,,,,0.0,0.0,178.0,0.0,0.0008504170109517872,0.0,1.6207981389015913e-05,2
wine,real,178,13,dbscan,"{""eps"":0.7,""min_samples"":10}",1,True,True,0.0,0.0,0.0,0.0,,,,,,,0.0,0.0,178.0,0.0,0.0009671254956629127,0.0,8.433350012637675e-05,2
wine,real,178,13,dbscan,"{""eps"":0.7,""min_samples"":3}",1,True,True,0.0,0.0,0.0,0.0,,,,,,,0.0,0.0,178.0,0.0,0.0008738545002415776,0.0,2.4479464627802372e-05,2
wine,real,178,13,dbscan,"{""eps"":0.7,""min_samples"":5}",1,True,True,0.0,0.0,0.0,0.0,,,,,,,0.0,0.0,178.0,0.0,0.0008617915154900402,0.0,2.3958476958796382e-05,2
wine,real,178,13,dbscan,"{""eps"":0.8,""min_samples"":10}",1,True,True,0.0,0.0,0.0,0.0,,,,,,,0.0,0.0,178.0,0.0,0.0008695830183569342,0.0,2.5332992663607e-05,2
wine,real,178,13,dbscan,"{""eps"":0.8,""min_samples"":3}",1,True,True,0.0,0.0,0.0,0.0,,,,,,,0.0,0.0,178.0,0.0,0.0008727084787096828,0.0,2.0958512322977185e-05,2
wine,real,178,13,dbscan,"{""eps"":0.8,""min_samples"":5}",1,True,True,0.0,0.0,0.0,0.0,,,,,,,0.0,0.0,178.0,0.0,0.0008657709986437112,0.0,2.1812011254951358e-05,2
wine,real,178,13,dbscan,"{""eps"":0.9,""min_samples"":10}",1,True,True,0.0,0.0,0.0,0.0,,,,,,,0.0,0.0,178.0,0.0,0.0009284584957640618,0.0,6.891650264151394e-05,2
wine,real,178,13,dbscan,"{""eps"":0.9,""min_samples"":3}",1,True,True,0.0,0.0,0.0,0.0,,,,,,,0.0,0.0,178.0,0.0,0.0008813749882392585,0.0,2.4874985683709383e-05,2
wine,real,178,13,dbscan,"{""eps"":0.9,""min_samples"":5}",1,True,True,0.0,0.0,0.0,0.0,,,,,,,0.0,0.0,178.0,0.0,0.0008820619841571897,0.0,2.2979016648605466e-05,2
wine,real,178,13,dbscan,"{""eps"":1.0,""min_samples"":10}",1,True,True,0.0,0.0,0.0,0.0,,,,,,,0.0,0.0,178.0,0.0,0.0008972710056696087,0.0,2.5313027435913682e-05,2
wine,real,178,13,dbscan,"{""eps"":1.0,""min_samples"":3}",1,True,True,0.0,0.0,0.0,0.0,,,,,,,0.0,0.0,178.0,0.0,0.0008965835149865597,0.0,2.574946847744286e-05,2
wine,real,178,13,dbscan,"{""eps"":1.0,""min_samples"":5}",1,True,True,0.0,0.0,0.0,0.0,,,,,,,0.0,0.0,178.0,0.0,0.0008992289949674159,0.0,2.1603977074846625e-05,2
wine,real,178,13,dbscan,"{""eps"":1.1,""min_samples"":10}",1,True,True,0.0,0.0,0.0,0.0,,,,,,,0.0,0.0,178.0,0.0,0.0009040625009220093,0.0,1.9728468032553792e-05,2
wine,real,178,13,dbscan,"{""eps"":1.1,""min_samples"":3}",1,True,True,0.0,0.0,0.0,0.0,,,,,,,0.0,0.0,178.0,0.0,0.000910687493160367,0.0,2.702052006497979e-05,2
wine,real,178,13,dbscan,"{""eps"":1.1,""min_samples"":5}",1,True,True,0.0,0.0,0.0,0.0,,,,,,,0.0,0.0,178.0,0.0,0.0009018745040521026,0.0,1.7458514776080847e-05,2
wine,real,178,13,dbscan,"{""eps"":1.2,""min_samples"":10}",1,True,True,0.0,0.0,0.0,0.0,,,,,,,0.0,0.0,178.0,0.0,0.0009087494981940836,0.0,2.4458480766043067e-05,2
wine,real,178,13,dbscan,"{""eps"":1.2,""min_samples"":3}",1,True,True,0.0,0.0,0.0,0.0,,,,,,,0.0,0.0,178.0,0.0,0.0009135835280176252,0.0,2.312447759322822e-05,2
wine,real,178,13,dbscan,"{""eps"":1.2,""min_samples"":5}",1,True,True,0.0,0.0,0.0,0.0,,,,,,,0.0,0.0,178.0,0.0,0.0009157709719147533,0.0,3.1853996915742755e-05,2
wine,real,178,13,kmeans,"{""init"":""k-means++"",""n_clusters"":10,""n_init"":20}",5,False,,0.3787779501927797,0.03019824184310661,0.5912992266897256,0.016463742451945828,0.14274392432050695,0.006472496160233556,1.6948631663428333,0.047926652967943344,31.622690503910086,0.417052246567625,10.0,0.0,0.0,0.0,0.025467316817957907,0.004518374294399021,0.0,5
wine,real,178,13,kmeans,"{""init"":""k-means++"",""n_clusters"":11,""n_init"":20}",5,False,,0.33979832808273996,0.027960591921969768,0.564009522207598,0.029791309478255302,0.1395829533386937,0.004859918558492867,1.6697149567994103,0.04903131197008021,30.31542832268035,0.4557748809982337,11.0,0.0,0.0,0.0,0.030670208181254564,0.00986600327661329,0.0,5
wine,real,178,13,kmeans,"{""init"":""k-means++"",""n_clusters"":12,""n_init"":20}",5,False,,0.30793741259064655,0.010855163108148195,0.5562177549218521,0.013097881669282562,0.1404489592474329,0.005384673383068071,1.6626104705048352,0.05201966361929375,29.118052226783607,0.1931133580515993,12.0,0.0,0.0,0.0,0.030562583403661848,0.009411381455501269,0.0,5
wine,real,178,13,kmeans,"{""init"":""k-means++"",""n_clusters"":2,""n_init"":20}",5,False,,0.37719644405633357,0.005763902869929959,0.48286938704270027,0.00924689766868285,0.2611162463675646,0.0035985816714783287,1.5104443937280407,0.031104379754337243,69.51595823603168,0.014747005994865958,2.0,0.0,0.0,0.0,0.011331649974454194,0.0025205903971004112,0.0,5
wine,real,178,13,kmeans,"{""init"":""k-means++"",""n_clusters"":3,""n_init"":20}",5,False,,0.8974949815093207,0.0,0.8758935341223069,0.0,0.28485891918989864,0.0,1.3891879777181648,0.0,70.94000800315118,0.0,3.0,0.0,0.0,0.0,0.013589433406013995,0.004085657866455395,0.0,5
wine,real,178,13,kmeans,"{""init"":""k-means++"",""n_clusters"":4,""n_init"":20}",5,False,,0.7508997889014324,0.023207995216946,0.7954588704135349,0.028208360249553827,0.2549283198254,0.0057486106218725165,1.8003664255239684,0.01956117729919325,56.07277013394186,0.2027062931645928,4.0,0.0,0.0,0.0,0.015397983405273407,0.004400257025229957,0.0,5
wine,real,178,13,kmeans,"{""init"":""k-means++"",""n_clusters"":5,""n_init"":20}",5,False,,0.6892547624794323,0.03842691709962411,0.7416695231188635,0.03910983774630369,0.23919815264356328,0.007608275639422678,1.683631079186113,0.03881106868795324,47.15709635810129,0.28500412383837115,5.0,0.0,0.0,0.0,0.017083066608756782,0.0041451351434728684,0.0,5
wine,real,178,13,kmeans,"{""init"":""k-means++"",""n_clusters"":6,""n_init"":20}",5,False,,0.5805068958898999,0.06358729967224849,0.6711696652555145,0.03382859495902418,0.20578658083403342,0.030687274949321337,1.7408485115015324,0.15326263949542296,41.88794533156714,0.23714599575853682,6.0,0.0,0.0,0.0,0.019860758201684803,0.004668136808474412,0.0,5
wine,real,178,13,kmeans,"{""init"":""k-means++"",""n_clusters"":7,""n_init"":20}",5,False,,0.48213734564097804,0.0493653346760453,0.6137970956407955,0.022140503989223858,0.1710739868446721,0.02077599850859496,1.827751209094138,0.05725565571921103,37.8897612675998,0.3125961327305354,7.0,0.0,0.0,0.0,0.023502358212135734,0.0077616409681317555,0.0,5
wine,real,178,13,kmeans,"{""init"":""k-means++"",""n_clusters"":8,""n_init"":20}",5,False,,0.41481392713447285,0.012728857408607654,0.5945048453752483,0.019456727157415678,0.15156772506094524,0.006190032433456112,1.7657537082889028,0.02620888971164145,35.793536170859866,0.3637087614234262,8.0,0.0,0.0,0.0,0.027090499829500913,0.011883346608205267,0.0,5
wine,real,178,13,kmeans,"{""init"":""k-means++"",""n_clusters"":9,""n_init"":20}",5,False,,0.43632207871898093,0.04221327503001822,0.6183991393750563,0.029070952794134818,0.15500462408927312,0.02260912812694448,1.703570061127068,0.0636406923432015,33.71359533155945,0.3671055441519839,9.0,0.0,0.0,0.0,0.02424957500770688,0.004756881672193291,0.0,5
wine,real,178,13,ward,"{""linkage"":""ward"",""n_clusters"":10}",1,True,True,0.5086202963842593,0.0,0.595327554010877,0.0,0.19856750165505588,0.0,1.4755086290839636,0.0,30.53667348613561,0.0,10.0,0.0,0.0,0.0,0.0006284999835770577,0.0,1.5875004464760423e-05,2
wine,real,178,13,ward,"{""linkage"":""ward"",""n_clusters"":11}",1,True,True,0.383001448711174,0.0,0.5584587134470304,0.0,0.12953310413439506,0.0,1.6738741782927142,0.0,29.09617577890594,0.0,11.0,0.0,0.0,0.0,0.000576833524974063,0.0,1.7666519852355123e-05,2
wine,real,178,13,ward,"{""linkage"":""ward"",""n_clusters"":12}",1,True,True,0.32355203373358776,0.0,0.5382686177830762,0.0,0.13409392850263457,0.0,1.65680106225727,0.0,27.982733672692834,0.0,12.0,0.0,0.0,0.0,0.0006404579908121377,0.0,1.7999991541728377e-05,2
wine,real,178,13,ward,"{""linkage"":""ward"",""n_clusters"":2}",1,True,True,0.43943910439476336,0.0,0.5645014416130032,0.0,0.2670131771272231,0.0,1.4117573895082869,0.0,65.36083820586111,0.0,2.0,0.0,0.0,0.0,0.0009300210222136229,0.0,0.0001424380170647055,2
wine,real,178,13,ward,"{""linkage"":""ward"",""n_clusters"":3}",1,True,True,0.7899332213582837,0.0,0.7864652657004837,0.0,0.2774439826952266,0.0,1.4185919431857326,0.0,67.6474675044098,0.0,3.0,0.0,0.0,0.0,0.0006530829996336251,0.0,2.0417006453499198e-05,2
wine,real,178,13,ward,"{""linkage"":""ward"",""n_clusters"":4}",1,True,True,0.6568168355341232,0.0,0.7127835517670821,0.0,0.22583665933475802,0.0,1.7886506143765986,0.0,51.46414629882823,0.0,4.0,0.0,0.0,0.0,0.0006843750015832484,0.0,3.0333991162478924e-05,2
wine,real,178,13,ward,"{""linkage"":""ward"",""n_clusters"":5}",1,True,True,0.5830332574134743,0.0,0.6736186782074053,0.0,0.18674235566758707,0.0,1.922855460049061,0.0,43.67927204722387,0.0,5.0,0.0,0.0,0.0,0.000593479024246335,0.0,2.1645973902195692e-05,2
wine,real,178,13,ward,"{""linkage"":""ward"",""n_clusters"":6}",1,True,True,0.575678671896409,0.0,0.6652972201118463,0.0,0.179666428544385,0.0,1.8122878191320393,0.0,39.128963791543676,0.0,6.0,0.0,0.0,0.0,0.0006485205085482448,0.0,1.906251418404281e-05,2
wine,real,178,13,ward,"{""linkage"":""ward"",""n_clusters"":7}",1,True,True,0.561208585572112,0.0,0.6521871405187505,0.0,0.18685342560226942,0.0,1.6616161192156926,0.0,36.290501971823375,0.0,7.0,0.0,0.0,0.0,0.0005871669854968786,0.0,1.675001112744212e-05,2
wine,real,178,13,ward,"{""linkage"":""ward"",""n_clusters"":8}",1,True,True,0.531907529370056,0.0,0.6302997924290029,0.0,0.18834697102837825,0.0,1.5513582360012936,0.0,34.02139789850827,0.0,8.0,0.0,0.0,0.0,0.0006380414997693151,0.0,1.787449582479894e-05,2
wine,real,178,13,ward,"{""linkage"":""ward"",""n_clusters"":9}",1,True,True,0.510466548365516,0.0,0.6059785779599176,0.0,0.1917169293227209,0.0,1.5451538917358283,0.0,32.4603034552054,0.0,9.0,0.0,0.0,0.0,0.0005776665057055652,0.0,1.4000514056533575e-05,2
