dataset,dataset_kind,n_samples,n_features,method,params,seed,deterministic_structure,structural_repeats_identical,structural_repeat_count,runtime_samples_s,runtime_repeats,runtime_seconds,runtime_std_seconds,n_clusters,n_clusters_excluding_noise,n_noise,ari,nmi,silhouette,davies_bouldin,calinski_harabasz
aggregation,shape,788,2,ward,"{""linkage"":""ward"",""n_clusters"":2}",,True,True,2,"[0.031873582978732884, 0.006206249992828816]",2,0.01903991648578085,0.012833666492952034,2,2,0,0.3767832080009821,0.5534300129166425,0.4165350233713828,1.045376288842011,531.341457054407
aggregation,shape,788,2,ward,"{""linkage"":""ward"",""n_clusters"":3}",,True,True,2,"[0.008251874998677522, 0.022582250006962568]",2,0.015417062502820045,0.007165187504142523,3,3,0,0.665543565661718,0.7699578523910665,0.5073200623989083,0.70633957208174,915.1062140804423
aggregation,shape,788,2,ward,"{""linkage"":""ward"",""n_clusters"":4}",,True,True,2,"[0.008636749989818782, 0.017115875030867755]",2,0.012876312510343269,0.004239562520524487,4,4,0,0.7831505864044634,0.8569399829882308,0.5361425457357981,0.5467559607889201,1195.6769020202676
aggregation,shape,788,2,ward,"{""linkage"":""ward"",""n_clusters"":5}",,True,True,2,"[0.007578749966342002, 0.01754049997543916]",2,0.012559624970890582,0.0049808750045485795,5,5,0,0.7197080029909153,0.8302373405492589,0.4618637201399163,0.802785362813687,1170.9478939045655
aggregation,shape,788,2,ward,"{""linkage"":""ward"",""n_clusters"":6}",,True,True,2,"[0.005899416049942374, 0.020165083988104016]",2,0.013032250019023195,0.007132833969080821,6,6,0,0.7681211860843302,0.8733855268258027,0.4492516197170301,0.7678566689236505,1188.7702482600155
aggregation,shape,788,2,ward,"{""linkage"":""ward"",""n_clusters"":7}",,True,True,2,"[0.00703062501270324, 0.020557083014864475]",2,0.013793854013783857,0.006763229001080617,7,7,0,0.8018873039381645,0.9003890226911717,0.4456446500640389,0.7105435289947482,1184.8092338163635
aggregation,shape,788,2,ward,"{""linkage"":""ward"",""n_clusters"":8}",,True,True,2,"[0.010226875019725412, 0.017511041020043194]",2,0.013868958019884303,0.003642083000158891,8,8,0,0.6981034945504428,0.8606079876582147,0.44176839489893294,0.7000520821329681,1185.973572441469
aggregation,shape,788,2,ward,"{""linkage"":""ward"",""n_clusters"":9}",,True,True,2,"[0.006248417019378394, 0.007716374995652586]",2,0.00698239600751549,0.0007339789881370962,9,9,0,0.6268004582460156,0.8329882352213074,0.4221501886199132,0.7496099647394746,1209.312820543611
aggregation,shape,788,2,ward,"{""linkage"":""ward"",""n_clusters"":10}",,True,True,2,"[0.010719957994297147, 0.00900354201439768]",2,0.009861750004347414,0.000858207989949733,10,10,0,0.6517458889336599,0.8596977654711764,0.4430370885628968,0.7273235243998595,1254.5040405801833
aggregation,shape,788,2,ward,"{""linkage"":""ward"",""n_clusters"":11}",,True,True,2,"[0.007450375007465482, 0.011450957972556353]",2,0.009450666490010917,0.0020002914825454354,11,11,0,0.5954947833299851,0.8357845288102402,0.4282517399600335,0.7483317394806924,1319.394481610274
aggregation,shape,788,2,ward,"{""linkage"":""ward"",""n_clusters"":12}",,True,True,2,"[0.00647545896936208, 0.006293332960922271]",2,0.0063843959651421756,9.106300421990454e-05,12,12,0,0.5418952278466153,0.8146174061608298,0.4318915861342625,0.7632215831816094,1381.0201264736527
aggregation,shape,788,2,dbscan,"{""eps"":0.1,""min_samples"":3}",,True,True,2,"[0.002545374969486147, 0.0022075840388424695]",2,0.0023764795041643083,0.00016889546532183886,13,13,33,0.7817070369634618,0.8187909561405071,0.1588031653882999,0.765189560667886,277.30137706002785
aggregation,shape,788,2,dbscan,"{""eps"":0.1,""min_samples"":5}",,True,True,2,"[0.0020796250319108367, 0.002292624965775758]",2,0.0021861249988432974,0.00010649996693246067,37,37,204,0.5205095476507712,0.6168997373654124,0.2844973428346749,0.7063533206365484,274.39038114200326
aggregation,shape,788,2,dbscan,"{""eps"":0.1,""min_samples"":10}",,True,True,2,"[0.002105332969222218, 0.002061749983113259]",2,0.0020835414761677384,2.179149305447936e-05,0,0,788,0.0,0.0,,,
aggregation,shape,788,2,dbscan,"{""eps"":0.2,""min_samples"":3}",,True,True,2,"[0.0026576670352369547, 0.0023714170092716813]",2,0.002514542022254318,0.0001431250129826367,5,5,0,0.8089434170360936,0.8894055132776747,0.37039256879370025,0.6742803844689748,664.1193104126551
aggregation,shape,788,2,dbscan,"{""eps"":0.2,""min_samples"":5}",,True,True,2,"[0.002243334020022303, 0.004101249971427023]",2,0.003172291995724663,0.0009289579757023603,5,5,0,0.8089434170360936,0.8894055132776747,0.37039256879370025,0.6742803844689748,664.1193104126551
aggregation,shape,788,2,dbscan,"{""eps"":0.2,""min_samples"":10}",,True,True,2,"[0.002173457993194461, 0.005518792022485286]",2,0.0038461250078398734,0.0016726670146454126,6,6,0,0.9097222076744425,0.9474586019072934,0.4623387833048385,0.5748573703934534,1061.4196677185266
aggregation,shape,788,2,dbscan,"{""eps"":0.3,""min_samples"":3}",,True,True,2,"[0.0024967920035123825, 0.004288958036340773]",2,0.003392875019926578,0.0008960830164141953,4,4,0,0.7338255908338442,0.8358524361747061,0.44888631766542825,0.6844716892894749,777.0770865043559
aggregation,shape,788,2,dbscan,"{""eps"":0.3,""min_samples"":5}",,True,True,2,"[0.0022366250050254166, 0.012747666973154992]",2,0.007492145989090204,0.005255520984064788,4,4,0,0.7338255908338442,0.8358524361747061,0.44888631766542825,0.6844716892894749,777.0770865043559
aggregation,shape,788,2,dbscan,"{""eps"":0.3,""min_samples"":10}",,True,True,2,"[0.0024866670137271285, 0.0031092080171220005]",2,0.0027979375154245645,0.000311270501697436,4,4,0,0.7338255908338442,0.8358524361747061,0.44888631766542825,0.6844716892894749,777.0770865043559
aggregation,shape,788,2,dbscan,"{""eps"":0.4,""min_samples"":3}",,True,True,2,"[0.0032559579703956842, 0.0029334170394577086]",2,0.0030946875049266964,0.00016127046546898782,4,4,0,0.7338255908338442,0.8358524361747061,0.44888631766542825,0.6844716892894749,777.0770865043559
aggregation,shape,788,2,dbscan,"{""eps"":0.4,""min_samples"":5}",,True,True,2,"[0.0029497910290956497, 0.003090082958806306]",2,0.003019936993950978,7.01459648553282e-05,4,4,0,0.7338255908338442,0.8358524361747061,0.44888631766542825,0.6844716892894749,777.0770865043559
aggregation,shape,788,2,dbscan,"{""eps"":0.4,""min_samples"":10}",,True,True,2,"[0.0047818750026635826, 0.0038434589514508843]",2,0.0043126669770572335,0.0004692080256063491,4,4,0,0.7338255908338442,0.8358524361747061,0.44888631766542825,0.6844716892894749,777.0770865043559
aggregation,shape,788,2,dbscan,"{""eps"":0.5,""min_samples"":3}",,True,True,2,"[0.0038395830197259784, 0.018444416986312717]",2,0.011142000003019348,0.007302416983293369,1,1,0,0.0,0.0,,,
aggregation,shape,788,2,dbscan,"{""eps"":0.5,""min_samples"":5}",,True,True,2,"[0.0028667920269072056, 0.002796625019982457]",2,0.0028317085234448314,3.508350346237421e-05,1,1,0,0.0,0.0,,,
aggregation,shape,788,2,dbscan,"{""eps"":0.5,""min_samples"":10}",,True,True,2,"[0.0026783330249600112, 0.002753875043708831]",2,0.002716104034334421,3.7771009374409914e-05,1,1,0,0.0,0.0,,,
aggregation,shape,788,2,dbscan,"{""eps"":0.6,""min_samples"":3}",,True,True,2,"[0.00583879096666351, 0.0033594999695196748]",2,0.004599145468091592,0.0012396454985719174,1,1,0,0.0,0.0,,,
aggregation,shape,788,2,dbscan,"{""eps"":0.6,""min_samples"":5}",,True,True,2,"[0.00412266596686095, 0.003258375043515116]",2,0.003690520505188033,0.000432145461672917,1,1,0,0.0,0.0,,,
aggregation,shape,788,2,dbscan,"{""eps"":0.6,""min_samples"":10}",,True,True,2,"[0.0036023749853484333, 0.009788667026441544]",2,0.006695521005894989,0.0030931460205465555,1,1,0,0.0,0.0,,,
aggregation,shape,788,2,dbscan,"{""eps"":0.7,""min_samples"":3}",,True,True,2,"[0.003334250010084361, 0.0030609160312451422]",2,0.0031975830206647515,0.0001366669894196093,1,1,0,0.0,0.0,,,
aggregation,shape,788,2,dbscan,"{""eps"":0.7,""min_samples"":5}",,True,True,2,"[0.0029538749950006604, 0.003594541980419308]",2,0.003274208487709984,0.00032033349270932376,1,1,0,0.0,0.0,,,
aggregation,shape,788,2,dbscan,"{""eps"":0.7,""min_samples"":10}",,True,True,2,"[0.002962541999295354, 0.0035680410219356418]",2,0.003265291510615498,0.00030274951132014394,1,1,0,0.0,0.0,,,
aggregation,shape,788,2,dbscan,"{""eps"":0.8,""min_samples"":3}",,True,True,2,"[0.004401708021759987, 0.016330416954588145]",2,0.010366062488174066,0.005964354466414079,1,1,0,0.0,0.0,,,
aggregation,shape,788,2,dbscan,"{""eps"":0.8,""min_samples"":5}",,True,True,2,"[0.004471875028684735, 0.003178292012307793]",2,0.003825083520496264,0.0006467915081884712,1,1,0,0.0,0.0,,,
aggregation,shape,788,2,dbscan,"{""eps"":0.8,""min_samples"":10}",,True,True,2,"[0.00428516702959314, 0.004497167014051229]",2,0.004391167021822184,0.00010599999222904444,1,1,0,0.0,0.0,,,
aggregation,shape,788,2,dbscan,"{""eps"":0.9,""min_samples"":3}",,True,True,2,"[0.003950666985474527, 0.003831125039141625]",2,0.003890896012308076,5.977097316645086e-05,1,1,0,0.0,0.0,,,
aggregation,shape,788,2,dbscan,"{""eps"":0.9,""min_samples"":5}",,True,True,2,"[0.0032541659893468022, 0.005671000049915165]",2,0.0044625830196309835,0.0012084170302841812,1,1,0,0.0,0.0,,,
aggregation,shape,788,2,dbscan,"{""eps"":0.9,""min_samples"":10}",,True,True,2,"[0.005633708031382412, 0.004285458009690046]",2,0.004959583020536229,0.0006741250108461827,1,1,0,0.0,0.0,,,
aggregation,shape,788,2,dbscan,"{""eps"":1.0,""min_samples"":3}",,True,True,2,"[0.004457333008758724, 0.003583082987461239]",2,0.004020207998109981,0.0004371250106487423,1,1,0,0.0,0.0,,,
aggregation,shape,788,2,dbscan,"{""eps"":1.0,""min_samples"":5}",,True,True,2,"[0.009398500027600676, 0.0035149999894201756]",2,0.006456750008510426,0.00294175001909025,1,1,0,0.0,0.0,,,
aggregation,shape,788,2,dbscan,"{""eps"":1.0,""min_samples"":10}",,True,True,2,"[0.004101834027096629, 0.004543167015071958]",2,0.004322500521084294,0.00022066649398766458,1,1,0,0.0,0.0,,,
aggregation,shape,788,2,dbscan,"{""eps"":1.1,""min_samples"":3}",,True,True,2,"[0.004364082997199148, 0.01901200000429526]",2,0.011688041500747204,0.007323958503548056,1,1,0,0.0,0.0,,,
aggregation,shape,788,2,dbscan,"{""eps"":1.1,""min_samples"":5}",,True,True,2,"[0.004932791984174401, 0.007987207965925336]",2,0.006459999975049868,0.0015272079908754677,1,1,0,0.0,0.0,,,
aggregation,shape,788,2,dbscan,"{""eps"":1.1,""min_samples"":10}",,True,True,2,"[0.004677374963648617, 0.020324791024904698]",2,0.012501082994276658,0.00782370803062804,1,1,0,0.0,0.0,,,
aggregation,shape,788,2,dbscan,"{""eps"":1.2,""min_samples"":3}",,True,True,2,"[0.007656292000319809, 0.004412000009324402]",2,0.006034146004822105,0.0016221459954977036,1,1,0,0.0,0.0,,,
aggregation,shape,788,2,dbscan,"{""eps"":1.2,""min_samples"":5}",,True,True,2,"[0.0037905420176684856, 0.004329915973357856]",2,0.004060228995513171,0.0002696869778446853,1,1,0,0.0,0.0,,,
aggregation,shape,788,2,dbscan,"{""eps"":1.2,""min_samples"":10}",,True,True,2,"[0.003668209013994783, 0.003739417006727308]",2,0.0037038130103610456,3.5603996366262436e-05,1,1,0,0.0,0.0,,,
aggregation,shape,788,2,classix,"{""engine"":""classix"",""group_merging"":""distance"",""minPts"":1,""radius"":0.1}",,True,True,2,"[0.005364124954212457, 0.004935832985211164]",2,0.00514997896971181,0.0002141459845006466,6,6,0,0.7923746943529704,0.8745853447198743,0.2755281539054025,0.8019725857891181,537.4968668475404
aggregation,shape,788,2,classix,"{""engine"":""classix"",""group_merging"":""density"",""minPts"":1,""radius"":0.1}",,True,True,2,"[0.023199415998533368, 0.03986670798622072]",2,0.03153306199237704,0.008333645993843675,9,9,0,0.854307878326875,0.9092209538028906,0.050645348890440825,1.003169819027285,392.6452403662412
aggregation,shape,788,2,classix,"{""engine"":""classix"",""group_merging"":""distance"",""minPts"":5,""radius"":0.1}",,True,True,2,"[0.004644458007533103, 0.006706499960273504]",2,0.005675478983903304,0.0010310209763702005,6,6,0,0.7923746943529704,0.8745853447198743,0.2755281539054025,0.8019725857891181,537.4968668475404
aggregation,shape,788,2,classix,"{""engine"":""classix"",""group_merging"":""density"",""minPts"":5,""radius"":0.1}",,True,True,2,"[0.022642041963990778, 0.03128479199949652]",2,0.02696341698174365,0.004321375017752871,7,7,0,0.8639222885844395,0.9198760966929376,0.18806616188609088,0.940618805504321,519.9914780112316
aggregation,shape,788,2,classix,"{""engine"":""classix"",""group_merging"":""distance"",""minPts"":10,""radius"":0.1}",,True,True,2,"[0.004560665984172374, 0.004893707984592766]",2,0.00472718698438257,0.00016652100021019578,6,6,0,0.7923746943529704,0.8745853447198743,0.2755281539054025,0.8019725857891181,537.4968668475404
aggregation,shape,788,2,classix,"{""engine"":""classix"",""group_merging"":""density"",""minPts"":10,""radius"":0.1}",,True,True,2,"[0.02262016700115055, 0.026043624966405332]",2,0.02433189598377794,0.0017117289826273918,6,6,0,0.876661678197261,0.928986255465168,0.37632756052162086,0.6347817909382207,623.581260858031
aggregation,shape,788,2,classix,"{""engine"":""classix"",""group_merging"":""distance"",""minPts"":1,""radius"":0.2}",,True,True,2,"[0.0018389589968137443, 0.0027933749952353537]",2,0.002316166996024549,0.0004772079992108047,5,5,0,0.8089434170360936,0.8894055132776747,0.37039256879370025,0.6742803844689748,664.1193104126552
aggregation,shape,788,2,classix,"{""engine"":""classix"",""group_merging"":""density"",""minPts"":1,""radius"":0.2}",,True,True,2,"[0.008063958957791328, 0.013509374985005707]",2,0.010786666971398517,0.002722708013607189,5,5,0,0.8089434170360936,0.8894055132776747,0.37039256879370025,0.6742803844689748,664.1193104126552
aggregation,shape,788,2,classix,"{""engine"":""classix"",""group_merging"":""distance"",""minPts"":5,""radius"":0.2}",,True,True,2,"[0.0018077080021612346, 0.0027184580103494227]",2,0.0022630830062553287,0.00045537500409409404,5,5,0,0.8089434170360936,0.8894055132776747,0.37039256879370025,0.6742803844689748,664.1193104126552
aggregation,shape,788,2,classix,"{""engine"":""classix"",""group_merging"":""density"",""minPts"":5,""radius"":0.2}",,True,True,2,"[0.008034125028643757, 0.010073708021081984]",2,0.00905391652486287,0.0010197914962191135,5,5,0,0.8089434170360936,0.8894055132776747,0.37039256879370025,0.6742803844689748,664.1193104126552
aggregation,shape,788,2,classix,"{""engine"":""classix"",""group_merging"":""distance"",""minPts"":10,""radius"":0.2}",,True,True,2,"[0.0017922089900821447, 0.001985292008612305]",2,0.0018887504993472248,9.65415092650801e-05,5,5,0,0.8089434170360936,0.8894055132776747,0.37039256879370025,0.6742803844689748,664.1193104126552
aggregation,shape,788,2,classix,"{""engine"":""classix"",""group_merging"":""density"",""minPts"":10,""radius"":0.2}",,True,True,2,"[0.007951708044856787, 0.008251082967035472]",2,0.00810139550594613,0.00014968746108934283,5,5,0,0.8089434170360936,0.8894055132776747,0.37039256879370025,0.6742803844689748,664.1193104126552
aggregation,shape,788,2,classix,"{""engine"":""classix"",""group_merging"":""distance"",""minPts"":1,""radius"":0.3}",,True,True,2,"[0.0011806669645011425, 0.0019465410150587559]",2,0.0015636039897799492,0.0003829370252788067,2,2,0,0.30822029796565603,0.5139057632068562,0.3706744249435122,0.9883365116431602,393.318807010491
aggregation,shape,788,2,classix,"{""engine"":""classix"",""group_merging"":""density"",""minPts"":1,""radius"":0.3}",,True,True,2,"[0.004793208034243435, 0.006509541999548674]",2,0.005651375016896054,0.0008581669826526195,5,5,0,0.7910949948212165,0.8673722420386002,0.36161083627726226,0.6716124906405507,649.3224668453618
aggregation,shape,788,2,classix,"{""engine"":""classix"",""group_merging"":""distance"",""minPts"":5,""radius"":0.3}",,True,True,2,"[0.001156417012680322, 0.0017157080001197755]",2,0.0014360625064000487,0.0002796454937197268,2,2,0,0.30822029796565603,0.5139057632068562,0.3706744249435122,0.9883365116431602,393.318807010491
aggregation,shape,788,2,classix,"{""engine"":""classix"",""group_merging"":""density"",""minPts"":5,""radius"":0.3}",,True,True,2,"[0.004786083009094, 0.005196082987822592]",2,0.004991082998458296,0.0002049999893642962,5,5,0,0.7910949948212165,0.8673722420386002,0.36161083627726226,0.6716124906405507,649.3224668453618
aggregation,shape,788,2,classix,"{""engine"":""classix"",""group_merging"":""distance"",""minPts"":10,""radius"":0.3}",,True,True,2,"[0.0011753750150091946, 0.0017453329637646675]",2,0.001460353989386931,0.00028497897437773645,2,2,0,0.30822029796565603,0.5139057632068562,0.3706744249435122,0.9883365116431602,393.318807010491
aggregation,shape,788,2,classix,"{""engine"":""classix"",""group_merging"":""density"",""minPts"":10,""radius"":0.3}",,True,True,2,"[0.0048361660446971655, 0.006641582993324846]",2,0.005738874519011006,0.0009027084743138403,5,5,0,0.7910949948212165,0.8673722420386002,0.36161083627726226,0.6716124906405507,649.3224668453618
aggregation,shape,788,2,classix,"{""engine"":""classix"",""group_merging"":""distance"",""minPts"":1,""radius"":0.4}",,True,True,2,"[0.0008533750078640878, 0.0012724580010399222]",2,0.001062916504452005,0.0002095414965879172,1,1,0,0.0,0.0,,,
aggregation,shape,788,2,classix,"{""engine"":""classix"",""group_merging"":""density"",""minPts"":1,""radius"":0.4}",,True,True,2,"[0.003042500000447035, 0.004557957989163697]",2,0.003800228994805366,0.000757728994358331,2,2,0,0.3289699961992319,0.5268191526296805,0.4099782637693135,1.0023226964750271,501.5474547719734
aggregation,shape,788,2,classix,"{""engine"":""classix"",""group_merging"":""distance"",""minPts"":5,""radius"":0.4}",,True,True,2,"[0.0008377920021302998, 0.0015378330135717988]",2,0.0011878125078510493,0.0003500205057207495,1,1,0,0.0,0.0,,,
aggregation,shape,788,2,classix,"{""engine"":""classix"",""group_merging"":""density"",""minPts"":5,""radius"":0.4}",,True,True,2,"[0.0031575830071233213, 0.004122374986764044]",2,0.0036399789969436824,0.00048239598982036114,2,2,0,0.3289699961992319,0.5268191526296805,0.4099782637693135,1.0023226964750271,501.5474547719734
aggregation,shape,788,2,classix,"{""engine"":""classix"",""group_merging"":""distance"",""minPts"":10,""radius"":0.4}",,True,True,2,"[0.000836457998957485, 0.0012967920047231019]",2,0.0010666250018402934,0.00023016700288280845,1,1,0,0.0,0.0,,,
aggregation,shape,788,2,classix,"{""engine"":""classix"",""group_merging"":""density"",""minPts"":10,""radius"":0.4}",,True,True,2,"[0.0030135000124573708, 0.004166790982708335]",2,0.003590145497582853,0.0005766454851254821,2,2,0,0.3289699961992319,0.5268191526296805,0.4099782637693135,1.0023226964750271,501.5474547719734
aggregation,shape,788,2,classix,"{""engine"":""classix"",""group_merging"":""distance"",""minPts"":1,""radius"":0.5}",,True,True,2,"[0.0007037910399958491, 0.0008718330063857138]",2,0.0007878120231907815,8.402098319493234e-05,1,1,0,0.0,0.0,,,
aggregation,shape,788,2,classix,"{""engine"":""classix"",""group_merging"":""density"",""minPts"":1,""radius"":0.5}",,True,True,2,"[0.0023877500207163393, 0.0035098749794997275]",2,0.0029488125001080334,0.0005610624793916941,3,3,0,0.31005991784167203,0.5004975617823224,0.18447018466520002,0.9393690905280723,211.46486965470558
aggregation,shape,788,2,classix,"{""engine"":""classix"",""group_merging"":""distance"",""minPts"":5,""radius"":0.5}",,True,True,2,"[0.000695333001203835, 0.0008522919961251318]",2,0.0007738124986644834,7.847949746064842e-05,1,1,0,0.0,0.0,,,
aggregation,shape,788,2,classix,"{""engine"":""classix"",""group_merging"":""density"",""minPts"":5,""radius"":0.5}",,True,True,2,"[0.002354249998461455, 0.003453416982665658]",2,0.0029038334905635566,0.0005495834921021014,3,3,0,0.31005991784167203,0.5004975617823224,0.18447018466520002,0.9393690905280723,211.46486965470558
aggregation,shape,788,2,classix,"{""engine"":""classix"",""group_merging"":""distance"",""minPts"":10,""radius"":0.5}",,True,True,2,"[0.0006916670245118439, 0.0008197079878300428]",2,0.0007556875061709434,6.402048165909946e-05,1,1,0,0.0,0.0,,,
aggregation,shape,788,2,classix,"{""engine"":""classix"",""group_merging"":""density"",""minPts"":10,""radius"":0.5}",,True,True,2,"[0.0023393339943140745, 0.003317040973342955]",2,0.002828187483828515,0.0004888534895144403,3,3,0,0.31005991784167203,0.5004975617823224,0.18447018466520002,0.9393690905280723,211.46486965470558
aggregation,shape,788,2,classix,"{""engine"":""classix"",""group_merging"":""distance"",""minPts"":1,""radius"":0.6}",,True,True,2,"[0.0005949170445092022, 0.0008334160083904862]",2,0.0007141665264498442,0.000119249481940642,1,1,0,0.0,0.0,,,
aggregation,shape,788,2,classix,"{""engine"":""classix"",""group_merging"":""density"",""minPts"":1,""radius"":0.6}",,True,True,2,"[0.0017065000138245523, 0.001937541994266212]",2,0.0018220210040453821,0.00011552099022082984,1,1,0,0.0,0.0,,,
aggregation,shape,788,2,classix,"{""engine"":""classix"",""group_merging"":""distance"",""minPts"":5,""radius"":0.6}",,True,True,2,"[0.000582750013563782, 0.000945082982070744]",2,0.000763916497817263,0.00018116648425348103,1,1,0,0.0,0.0,,,
aggregation,shape,788,2,classix,"{""engine"":""classix"",""group_merging"":""density"",""minPts"":5,""radius"":0.6}",,True,True,2,"[0.0017082089907489717, 0.0023758329916745424]",2,0.002042020991211757,0.00033381200046278536,1,1,0,0.0,0.0,,,
aggregation,shape,788,2,classix,"{""engine"":""classix"",""group_merging"":""distance"",""minPts"":10,""radius"":0.6}",,True,True,2,"[0.0005807920242659748, 0.0009042499586939812]",2,0.000742520991479978,0.0001617289672140032,1,1,0,0.0,0.0,,,
aggregation,shape,788,2,classix,"{""engine"":""classix"",""group_merging"":""density"",""minPts"":10,""radius"":0.6}",,True,True,2,"[0.001686292001977563, 0.0035556249786168337]",2,0.0026209584902971983,0.0009346664883196354,1,1,0,0.0,0.0,,,
aggregation,shape,788,2,classix,"{""engine"":""classix"",""group_merging"":""distance"",""minPts"":1,""radius"":0.7}",,True,True,2,"[0.0005286660161800683, 0.0006577079766429961]",2,0.0005931869964115322,6.452098023146391e-05,1,1,0,0.0,0.0,,,
aggregation,shape,788,2,classix,"{""engine"":""classix"",""group_merging"":""density"",""minPts"":1,""radius"":0.7}",,True,True,2,"[0.0013708329643122852, 0.0015045420150272548]",2,0.00143768748966977,6.685452535748482e-05,2,2,0,0.4067954373011212,0.5279153316170333,0.4249980998951848,1.0714388689511836,565.3847661484826
aggregation,shape,788,2,classix,"{""engine"":""classix"",""group_merging"":""distance"",""minPts"":5,""radius"":0.7}",,True,True,2,"[0.0005227089859545231, 0.0008567090262658894]",2,0.0006897090061102062,0.00016700002015568316,1,1,0,0.0,0.0,,,
aggregation,shape,788,2,classix,"{""engine"":""classix"",""group_merging"":""density"",""minPts"":5,""radius"":0.7}",,True,True,2,"[0.0013611250324174762, 0.0032129590399563313]",2,0.0022870420361869037,0.0009259170037694275,2,2,0,0.4067954373011212,0.5279153316170333,0.4249980998951848,1.0714388689511836,565.3847661484826
aggregation,shape,788,2,classix,"{""engine"":""classix"",""group_merging"":""distance"",""minPts"":10,""radius"":0.7}",,True,True,2,"[0.0005225419881753623, 0.0008367919945158064]",2,0.0006796669913455844,0.00015712500317022204,1,1,0,0.0,0.0,,,
aggregation,shape,788,2,classix,"{""engine"":""classix"",""group_merging"":""density"",""minPts"":10,""radius"":0.7}",,True,True,2,"[0.0013681250275112689, 0.0019104169914498925]",2,0.0016392710094805807,0.00027114598196931183,2,2,0,0.4067954373011212,0.5279153316170333,0.4249980998951848,1.0714388689511836,565.3847661484826
aggregation,shape,788,2,classix,"{""engine"":""classix"",""group_merging"":""distance"",""minPts"":1,""radius"":0.8}",,True,True,2,"[0.0005177920102141798, 0.0006155410083010793]",2,0.0005666665092576295,4.887449904344976e-05,1,1,0,0.0,0.0,,,
aggregation,shape,788,2,classix,"{""engine"":""classix"",""group_merging"":""density"",""minPts"":1,""radius"":0.8}",,True,True,2,"[0.0013802500325255096, 0.0019320840365253389]",2,0.0016561670345254242,0.00027591700199991465,1,1,0,0.0,0.0,,,
aggregation,shape,788,2,classix,"{""engine"":""classix"",""group_merging"":""distance"",""minPts"":5,""radius"":0.8}",,True,True,2,"[0.0005003749975003302, 0.000937832985073328]",2,0.0007191039912868291,0.0002187289937864989,1,1,0,0.0,0.0,,,
aggregation,shape,788,2,classix,"{""engine"":""classix"",""group_merging"":""density"",""minPts"":5,""radius"":0.8}",,True,True,2,"[0.0013946669641882181, 0.0019418330048210919]",2,0.001668249984504655,0.0002735830203164369,1,1,0,0.0,0.0,,,
aggregation,shape,788,2,classix,"{""engine"":""classix"",""group_merging"":""distance"",""minPts"":10,""radius"":0.8}",,True,True,2,"[0.0005039999959990382, 0.0007749589858576655]",2,0.0006394794909283519,0.00013547949492931366,1,1,0,0.0,0.0,,,
aggregation,shape,788,2,classix,"{""engine"":""classix"",""group_merging"":""density"",""minPts"":10,""radius"":0.8}",,True,True,2,"[0.0013675420195795596, 0.007469209027476609]",2,0.004418375523528084,0.0030508335039485246,1,1,0,0.0,0.0,,,
aggregation,shape,788,2,classix,"{""engine"":""classix"",""group_merging"":""distance"",""minPts"":1,""radius"":0.9}",,True,True,2,"[0.00044941698433831334, 0.0006082089967094362]",2,0.0005288129905238748,7.939600618556142e-05,1,1,0,0.0,0.0,,,
aggregation,shape,788,2,classix,"{""engine"":""classix"",""group_merging"":""density"",""minPts"":1,""radius"":0.9}",,True,True,2,"[0.0010555839980952442, 0.0011972500360570848]",2,0.0011264170170761645,7.083301898092031e-05,1,1,0,0.0,0.0,,,
aggregation,shape,788,2,classix,"{""engine"":""classix"",""group_merging"":""distance"",""minPts"":5,""radius"":0.9}",,True,True,2,"[0.0004449999541975558, 0.0005450419848784804]",2,0.0004950209695380181,5.002101534046233e-05,1,1,0,0.0,0.0,,,
aggregation,shape,788,2,classix,"{""engine"":""classix"",""group_merging"":""density"",""minPts"":5,""radius"":0.9}",,True,True,2,"[0.0010350829688832164, 0.0011570840142667294]",2,0.0010960834915749729,6.100052269175649e-05,1,1,0,0.0,0.0,,,
aggregation,shape,788,2,classix,"{""engine"":""classix"",""group_merging"":""distance"",""minPts"":10,""radius"":0.9}",,True,True,2,"[0.0004384999629110098, 0.0007438749889843166]",2,0.0005911874759476632,0.0001526875130366534,1,1,0,0.0,0.0,,,
aggregation,shape,788,2,classix,"{""engine"":""classix"",""group_merging"":""density"",""minPts"":10,""radius"":0.9}",,True,True,2,"[0.0010371660464443266, 0.0015037090051919222]",2,0.0012704375258181244,0.00023327147937379777,1,1,0,0.0,0.0,,,
aggregation,shape,788,2,classix,"{""engine"":""classix"",""group_merging"":""distance"",""minPts"":1,""radius"":1.0}",,True,True,2,"[0.0004306670161895454, 0.0006741669494658709]",2,0.0005524169828277081,0.00012174996663816273,1,1,0,0.0,0.0,,,
aggregation,shape,788,2,classix,"{""engine"":""classix"",""group_merging"":""density"",""minPts"":1,""radius"":1.0}",,True,True,2,"[0.0009774580248631537, 0.0013832919648848474]",2,0.0011803749948740005,0.00020291697001084685,1,1,0,0.0,0.0,,,
aggregation,shape,788,2,classix,"{""engine"":""classix"",""group_merging"":""distance"",""minPts"":5,""radius"":1.0}",,True,True,2,"[0.0004231660277582705, 0.0006548750097863376]",2,0.0005390205187723041,0.00011585449101403356,1,1,0,0.0,0.0,,,
aggregation,shape,788,2,classix,"{""engine"":""classix"",""group_merging"":""density"",""minPts"":5,""radius"":1.0}",,True,True,2,"[0.0009700839873403311, 0.0011465420247986913]",2,0.0010583130060695112,8.82290187291801e-05,1,1,0,0.0,0.0,,,
aggregation,shape,788,2,classix,"{""engine"":""classix"",""group_merging"":""distance"",""minPts"":10,""radius"":1.0}",,True,True,2,"[0.0004128749715164304, 0.0005314159789122641]",2,0.00047214547521434724,5.9270503697916865e-05,1,1,0,0.0,0.0,,,
aggregation,shape,788,2,classix,"{""engine"":""classix"",""group_merging"":""density"",""minPts"":10,""radius"":1.0}",,True,True,2,"[0.0009776250226423144, 0.0010855409782379866]",2,0.0010315830004401505,5.3957977797836065e-05,1,1,0,0.0,0.0,,,
aggregation,shape,788,2,classix,"{""engine"":""classix"",""group_merging"":""distance"",""minPts"":1,""radius"":1.1}",,True,True,2,"[0.0004057500045746565, 0.0004854589933529496]",2,0.00044560449896380305,3.9854494389146566e-05,1,1,0,0.0,0.0,,,
aggregation,shape,788,2,classix,"{""engine"":""classix"",""group_merging"":""density"",""minPts"":1,""radius"":1.1}",,True,True,2,"[0.0008390829898416996, 0.021531374950427562]",2,0.01118522897013463,0.010346145980292931,1,1,0,0.0,0.0,,,
aggregation,shape,788,2,classix,"{""engine"":""classix"",""group_merging"":""distance"",""minPts"":5,""radius"":1.1}",,True,True,2,"[0.0003987499512732029, 0.0006920830346643925]",2,0.0005454164929687977,0.0001466665416955948,1,1,0,0.0,0.0,,,
aggregation,shape,788,2,classix,"{""engine"":""classix"",""group_merging"":""density"",""minPts"":5,""radius"":1.1}",,True,True,2,"[0.000832167046610266, 0.0011659999727271497]",2,0.0009990835096687078,0.00016691646305844188,1,1,0,0.0,0.0,,,
aggregation,shape,788,2,classix,"{""engine"":""classix"",""group_merging"":""distance"",""minPts"":10,""radius"":1.1}",,True,True,2,"[0.0003903749748133123, 0.0005240830359980464]",2,0.00045722900540567935,6.685403059236705e-05,1,1,0,0.0,0.0,,,
aggregation,shape,788,2,classix,"{""engine"":""classix"",""group_merging"":""density"",""minPts"":10,""radius"":1.1}",,True,True,2,"[0.0008366670226678252, 0.0010248749749734998]",2,0.0009307709988206625,9.410397615283728e-05,1,1,0,0.0,0.0,,,
aggregation,shape,788,2,classix,"{""engine"":""classix"",""group_merging"":""distance"",""minPts"":1,""radius"":1.2}",,True,True,2,"[0.000379708013497293, 0.0006280000088736415]",2,0.0005038540111854672,0.00012414599768817425,1,1,0,0.0,0.0,,,
aggregation,shape,788,2,classix,"{""engine"":""classix"",""group_merging"":""density"",""minPts"":1,""radius"":1.2}",,True,True,2,"[0.000697874987963587, 0.0010148330475203693]",2,0.0008563540177419782,0.00015847902977839112,1,1,0,0.0,0.0,,,
aggregation,shape,788,2,classix,"{""engine"":""classix"",""group_merging"":""distance"",""minPts"":5,""radius"":1.2}",,True,True,2,"[0.00037050002720206976, 0.0005898750387132168]",2,0.00048018753295764327,0.00010968750575557351,1,1,0,0.0,0.0,,,
aggregation,shape,788,2,classix,"{""engine"":""classix"",""group_merging"":""density"",""minPts"":5,""radius"":1.2}",,True,True,2,"[0.0006910829688422382, 0.0010085420217365026]",2,0.0008498124952893704,0.00015872952644713223,1,1,0,0.0,0.0,,,
aggregation,shape,788,2,classix,"{""engine"":""classix"",""group_merging"":""distance"",""minPts"":10,""radius"":1.2}",,True,True,2,"[0.00036983395693823695, 0.0019483749638311565]",2,0.0011591044603846967,0.0007892705034464598,1,1,0,0.0,0.0,,,
aggregation,shape,788,2,classix,"{""engine"":""classix"",""group_merging"":""density"",""minPts"":10,""radius"":1.2}",,True,True,2,"[0.0006854580133222044, 0.0010307079646736383]",2,0.0008580829889979213,0.000172624975675717,1,1,0,0.0,0.0,,,
aggregation,shape,788,2,classix,"{""engine"":""classix"",""group_merging"":""distance"",""minPts"":1,""radius"":1.3}",,True,True,2,"[0.0003791669732891023, 0.0006361249834299088]",2,0.0005076459783595055,0.00012847900507040322,1,1,0,0.0,0.0,,,
aggregation,shape,788,2,classix,"{""engine"":""classix"",""group_merging"":""density"",""minPts"":1,""radius"":1.3}",,True,True,2,"[0.0007190000033006072, 0.08450679195811972]",2,0.042612895980710164,0.041893895977409557,1,1,0,0.0,0.0,,,
aggregation,shape,788,2,classix,"{""engine"":""classix"",""group_merging"":""distance"",""minPts"":5,""radius"":1.3}",,True,True,2,"[0.0003781659761443734, 0.0005698750028386712]",2,0.0004740204894915223,9.58545133471489e-05,1,1,0,0.0,0.0,,,
aggregation,shape,788,2,classix,"{""engine"":""classix"",""group_merging"":""density"",""minPts"":5,""radius"":1.3}",,True,True,2,"[0.0007163750124163926, 0.0013627089792862535]",2,0.001039541995851323,0.00032316698343493044,1,1,0,0.0,0.0,,,
aggregation,shape,788,2,classix,"{""engine"":""classix"",""group_merging"":""distance"",""minPts"":10,""radius"":1.3}",,True,True,2,"[0.00037066603545099497, 0.0007037500035949051]",2,0.00053720801952295,0.00016654198407195508,1,1,0,0.0,0.0,,,
aggregation,shape,788,2,classix,"{""engine"":""classix"",""group_merging"":""density"",""minPts"":10,""radius"":1.3}",,True,True,2,"[0.0007107920246198773, 0.0011035420466214418]",2,0.0009071670356206596,0.00019637501100078225,1,1,0,0.0,0.0,,,
aggregation,shape,788,2,classix,"{""engine"":""classix"",""group_merging"":""distance"",""minPts"":1,""radius"":1.4}",,True,True,2,"[0.0003524579806253314, 0.0006624999805353582]",2,0.0005074789805803448,0.0001550209999550134,1,1,0,0.0,0.0,,,
aggregation,shape,788,2,classix,"{""engine"":""classix"",""group_merging"":""density"",""minPts"":1,""radius"":1.4}",,True,True,2,"[0.0006000000284984708, 0.001081207999959588]",2,0.0008406040142290294,0.00024060398573055863,1,1,0,0.0,0.0,,,
aggregation,shape,788,2,classix,"{""engine"":""classix"",""group_merging"":""distance"",""minPts"":5,""radius"":1.4}",,True,True,2,"[0.00035266601480543613, 0.0006946659996174276]",2,0.0005236660072114319,0.00017099999240599573,1,1,0,0.0,0.0,,,
aggregation,shape,788,2,classix,"{""engine"":""classix"",""group_merging"":""density"",""minPts"":5,""radius"":1.4}",,True,True,2,"[0.0005918749957345426, 0.0009268749854527414]",2,0.000759374990593642,0.0001674999948590994,1,1,0,0.0,0.0,,,
aggregation,shape,788,2,classix,"{""engine"":""classix"",""group_merging"":""distance"",""minPts"":10,""radius"":1.4}",,True,True,2,"[0.0003511669929139316, 0.0005767919938080013]",2,0.00046397949336096644,0.00011281250044703484,1,1,0,0.0,0.0,,,
aggregation,shape,788,2,classix,"{""engine"":""classix"",""group_merging"":""density"",""minPts"":10,""radius"":1.4}",,True,True,2,"[0.0005994579987600446, 0.0011176660191267729]",2,0.0008585620089434087,0.00025910401018336415,1,1,0,0.0,0.0,,,
aggregation,shape,788,2,classix,"{""engine"":""classix"",""group_merging"":""distance"",""minPts"":1,""radius"":1.5}",,True,True,2,"[0.000360167003236711, 0.0004758340073749423]",2,0.00041800050530582666,5.783350206911564e-05,1,1,0,0.0,0.0,,,
aggregation,shape,788,2,classix,"{""engine"":""classix"",""group_merging"":""density"",""minPts"":1,""radius"":1.5}",,True,True,2,"[0.0006162499776110053, 0.0007121250382624567]",2,0.000664187507936731,4.7937530325725675e-05,1,1,0,0.0,0.0,,,
aggregation,shape,788,2,classix,"{""engine"":""classix"",""group_merging"":""distance"",""minPts"":5,""radius"":1.5}",,True,True,2,"[0.00036279100459069014, 0.00043462496250867844]",2,0.0003987079835496843,3.591697895899415e-05,1,1,0,0.0,0.0,,,
aggregation,shape,788,2,classix,"{""engine"":""classix"",""group_merging"":""density"",""minPts"":5,""radius"":1.5}",,True,True,2,"[0.0006050840020179749, 0.0006914580008015037]",2,0.0006482710014097393,4.31869993917644e-05,1,1,0,0.0,0.0,,,
aggregation,shape,788,2,classix,"{""engine"":""classix"",""group_merging"":""distance"",""minPts"":10,""radius"":1.5}",,True,True,2,"[0.0003495829878374934, 0.0004432499990798533]",2,0.00039641649345867336,4.683350562117994e-05,1,1,0,0.0,0.0,,,
aggregation,shape,788,2,classix,"{""engine"":""classix"",""group_merging"":""density"",""minPts"":10,""radius"":1.5}",,True,True,2,"[0.000600833969656378, 0.0006884580361656845]",2,0.0006446460029110312,4.3812033254653215e-05,1,1,0,0.0,0.0,,,
aggregation,shape,788,2,kmeans,"{""init"":""k-means++"",""n_clusters"":2,""n_init"":20}",0.0,False,,1,[0.26011958305025473],1,0.26011958305025473,0.0,2,2,0,0.4214129427823257,0.5694776105467808,0.43333135165224673,1.058615986622845,579.5826263405551
aggregation,shape,788,2,kmeans,"{""init"":""k-means++"",""n_clusters"":3,""n_init"":20}",0.0,False,,1,[0.023597666004206985],1,0.023597666004206985,0.0,3,3,0,0.6800803075709085,0.7644852863775335,0.5225641857738812,0.6796956836687014,984.3915588985044
aggregation,shape,788,2,kmeans,"{""init"":""k-means++"",""n_clusters"":4,""n_init"":20}",0.0,False,,1,[0.028040750010404736],1,0.028040750010404736,0.0,4,4,0,0.7622852332885822,0.8150503913222599,0.5365827183828406,0.5546957348268272,1216.099653976664
aggregation,shape,788,2,kmeans,"{""init"":""k-means++"",""n_clusters"":5,""n_init"":20}",0.0,False,,1,[0.1297015420277603],1,0.1297015420277603,0.0,5,5,0,0.7370348208297219,0.8149794020938048,0.4919451933327572,0.7217754624906283,1291.1240951173065
aggregation,shape,788,2,kmeans,"{""init"":""k-means++"",""n_clusters"":6,""n_init"":20}",0.0,False,,1,[0.046952207980211824],1,0.046952207980211824,0.0,6,6,0,0.7926717993027835,0.8749971645007717,0.4807598434865289,0.711634525590001,1307.8943982255887
aggregation,shape,788,2,kmeans,"{""init"":""k-means++"",""n_clusters"":7,""n_init"":20}",0.0,False,,1,[0.0534664589795284],1,0.0534664589795284,0.0,7,7,0,0.7112817227798832,0.828522380067463,0.47159863038576993,0.7086593059025841,1292.3938601657464
aggregation,shape,788,2,kmeans,"{""init"":""k-means++"",""n_clusters"":8,""n_init"":20}",0.0,False,,1,[0.04509837500518188],1,0.04509837500518188,0.0,8,8,0,0.6677894115320383,0.8304602295305135,0.46358220665308764,0.7695749490704842,1323.939060525558
aggregation,shape,788,2,kmeans,"{""init"":""k-means++"",""n_clusters"":9,""n_init"":20}",0.0,False,,1,[0.04384529200615361],1,0.04384529200615361,0.0,9,9,0,0.6203871798688688,0.8263222232889507,0.46456431695382094,0.7578766041828187,1353.151920239673
aggregation,shape,788,2,kmeans,"{""init"":""k-means++"",""n_clusters"":10,""n_init"":20}",0.0,False,,1,[0.04815258301096037],1,0.04815258301096037,0.0,10,10,0,0.5641626877881861,0.8054400368793208,0.44774475273393843,0.772418113203873,1405.883839480548
aggregation,shape,788,2,kmeans,"{""init"":""k-means++"",""n_clusters"":11,""n_init"":20}",0.0,False,,1,[0.05965029203798622],1,0.05965029203798622,0.0,11,11,0,0.546576551792233,0.8149421711648979,0.45979543144985285,0.7213678522419964,1473.6378615474625
aggregation,shape,788,2,kmeans,"{""init"":""k-means++"",""n_clusters"":12,""n_init"":20}",0.0,False,,1,[0.05873699998483062],1,0.05873699998483062,0.0,12,12,0,0.5056161017600267,0.794530240975793,0.4463846322485109,0.7543403927607938,1517.7253396439346
aggregation,shape,788,2,kmeans,"{""init"":""k-means++"",""n_clusters"":2,""n_init"":20}",1.0,False,,1,[0.04433637502370402],1,0.04433637502370402,0.0,2,2,0,0.4214129427823257,0.5694776105467808,0.43333135165224673,1.058615986622845,579.5826263405551
aggregation,shape,788,2,kmeans,"{""init"":""k-means++"",""n_clusters"":3,""n_init"":20}",1.0,False,,1,[0.0318915419629775],1,0.0318915419629775,0.0,3,3,0,0.6800803075709085,0.7644852863775335,0.5225641857738812,0.6796956836687014,984.3915588985044
aggregation,shape,788,2,kmeans,"{""init"":""k-means++"",""n_clusters"":4,""n_init"":20}",1.0,False,,1,[0.03775925002992153],1,0.03775925002992153,0.0,4,4,0,0.7622852332885822,0.8150503913222599,0.5365827183828406,0.5546957348268272,1216.099653976664
aggregation,shape,788,2,kmeans,"{""init"":""k-means++"",""n_clusters"":5,""n_init"":20}",1.0,False,,1,[0.045398375019431114],1,0.045398375019431114,0.0,5,5,0,0.7349936304152367,0.8143277909718116,0.49187193212106267,0.7219708503773143,1291.128373283408
aggregation,shape,788,2,kmeans,"{""init"":""k-means++"",""n_clusters"":6,""n_init"":20}",1.0,False,,1,[0.034785374999046326],1,0.034785374999046326,0.0,6,6,0,0.7947830551911156,0.8756422912864016,0.4809315966216676,0.7114423161695043,1307.8971448068962
aggregation,shape,788,2,kmeans,"{""init"":""k-means++"",""n_clusters"":7,""n_init"":20}",1.0,False,,1,[0.036882415995933115],1,0.036882415995933115,0.0,7,7,0,0.7292996870911392,0.8362924043732844,0.4732015795461964,0.696442585459839,1292.762226292497
aggregation,shape,788,2,kmeans,"{""init"":""k-means++"",""n_clusters"":8,""n_init"":20}",1.0,False,,1,[0.03874379099579528],1,0.03874379099579528,0.0,8,8,0,0.6677894115320383,0.8304602295305136,0.46358220665308764,0.7695749490704843,1323.939060525558
aggregation,shape,788,2,kmeans,"{""init"":""k-means++"",""n_clusters"":9,""n_init"":20}",1.0,False,,1,[0.03325033304281533],1,0.03325033304281533,0.0,9,9,0,0.61216785670824,0.8207913969213595,0.46319071461640227,0.7681630775298426,1353.5793917707365
aggregation,shape,788,2,kmeans,"{""init"":""k-means++"",""n_clusters"":10,""n_init"":20}",1.0,False,,1,[0.03558654204243794],1,0.03558654204243794,0.0,10,10,0,0.546656864914819,0.7955992068536626,0.44463397265516263,0.7895674026688869,1404.9869278028993
aggregation,shape,788,2,kmeans,"{""init"":""k-means++"",""n_clusters"":11,""n_init"":20}",1.0,False,,1,[0.22742416703840718],1,0.22742416703840718,0.0,11,11,0,0.5531527809228057,0.8190218969429178,0.46258973855309315,0.7157719741184599,1473.4513702224265
aggregation,shape,788,2,kmeans,"{""init"":""k-means++"",""n_clusters"":12,""n_init"":20}",1.0,False,,1,[0.0465413749916479],1,0.0465413749916479,0.0,12,12,0,0.5070408805649455,0.7953841527391227,0.4464775849794847,0.7516228893201701,1519.0475089563708
aggregation,shape,788,2,kmeans,"{""init"":""k-means++"",""n_clusters"":2,""n_init"":20}",2.0,False,,1,[0.029428833979181945],1,0.029428833979181945,0.0,2,2,0,0.4214129427823257,0.5694776105467808,0.43333135165224673,1.058615986622845,579.5826263405551
aggregation,shape,788,2,kmeans,"{""init"":""k-means++"",""n_clusters"":3,""n_init"":20}",2.0,False,,1,[0.04432400001678616],1,0.04432400001678616,0.0,3,3,0,0.6800803075709085,0.7644852863775335,0.5225641857738812,0.6796956836687014,984.3915588985045
aggregation,shape,788,2,kmeans,"{""init"":""k-means++"",""n_clusters"":4,""n_init"":20}",2.0,False,,1,[0.04010995902353898],1,0.04010995902353898,0.0,4,4,0,0.7622852332885822,0.8150503913222599,0.5365827183828406,0.5546957348268272,1216.099653976664
aggregation,shape,788,2,kmeans,"{""init"":""k-means++"",""n_clusters"":5,""n_init"":20}",2.0,False,,1,[0.035887167032342404],1,0.035887167032342404,0.0,5,5,0,0.7370348208297219,0.8149794020938048,0.4919451933327572,0.7217754624906283,1291.124095117307
aggregation,shape,788,2,kmeans,"{""init"":""k-means++"",""n_clusters"":6,""n_init"":20}",2.0,False,,1,[0.04566833400167525],1,0.04566833400167525,0.0,6,6,0,0.7926717993027835,0.8749971645007717,0.4807598434865289,0.7116345255900011,1307.8943982255885
aggregation,shape,788,2,kmeans,"{""init"":""k-means++"",""n_clusters"":7,""n_init"":20}",2.0,False,,1,[0.04459891701117158],1,0.04459891701117158,0.0,7,7,0,0.7270159840772903,0.8334748056456183,0.4731203503387716,0.6991561467251061,1292.8550759162952
aggregation,shape,788,2,kmeans,"{""init"":""k-means++"",""n_clusters"":8,""n_init"":20}",2.0,False,,1,[0.03790704201674089],1,0.03790704201674089,0.0,8,8,0,0.6718501923230379,0.8317499941292484,0.4640522391035452,0.7662629230416119,1323.9376582492853
aggregation,shape,788,2,kmeans,"{""init"":""k-means++"",""n_clusters"":9,""n_init"":20}",2.0,False,,1,[0.037838708027265966],1,0.037838708027265966,0.0,9,9,0,0.6203871798688688,0.8263222232889508,0.46456431695382094,0.7578766041828187,1353.1519202396735
aggregation,shape,788,2,kmeans,"{""init"":""k-means++"",""n_clusters"":10,""n_init"":20}",2.0,False,,1,[0.0344348750077188],1,0.0344348750077188,0.0,10,10,0,0.55613394511275,0.8002334671398413,0.4477524204160551,0.7800679814254509,1406.6016773273245
aggregation,shape,788,2,kmeans,"{""init"":""k-means++"",""n_clusters"":11,""n_init"":20}",2.0,False,,1,[0.037021290976554155],1,0.037021290976554155,0.0,11,11,0,0.5468099254786725,0.814988976078307,0.4606088399774825,0.7191774074432696,1473.9383093977508
aggregation,shape,788,2,kmeans,"{""init"":""k-means++"",""n_clusters"":12,""n_init"":20}",2.0,False,,1,[0.038986624975223094],1,0.038986624975223094,0.0,12,12,0,0.5070099642399045,0.791199389794146,0.4447100879047922,0.7561085770594161,1514.9820988047195
aggregation,shape,788,2,kmeans,"{""init"":""k-means++"",""n_clusters"":2,""n_init"":20}",3.0,False,,1,[0.037999624968506396],1,0.037999624968506396,0.0,2,2,0,0.4214129427823257,0.5694776105467808,0.43333135165224673,1.058615986622845,579.5826263405551
aggregation,shape,788,2,kmeans,"{""init"":""k-means++"",""n_clusters"":3,""n_init"":20}",3.0,False,,1,[0.024116499989759177],1,0.024116499989759177,0.0,3,3,0,0.6800803075709085,0.7644852863775335,0.5225641857738812,0.6796956836687014,984.3915588985044
aggregation,shape,788,2,kmeans,"{""init"":""k-means++"",""n_clusters"":4,""n_init"":20}",3.0,False,,1,[0.14957108400994912],1,0.14957108400994912,0.0,4,4,0,0.7622852332885822,0.8150503913222599,0.5365827183828406,0.5546957348268271,1216.099653976664
aggregation,shape,788,2,kmeans,"{""init"":""k-means++"",""n_clusters"":5,""n_init"":20}",3.0,False,,1,[0.034071417001541704],1,0.034071417001541704,0.0,5,5,0,0.7349936304152367,0.8143277909718116,0.49187193212106267,0.7219708503773143,1291.1283732834077
aggregation,shape,788,2,kmeans,"{""init"":""k-means++"",""n_clusters"":6,""n_init"":20}",3.0,False,,1,[0.03985124995233491],1,0.03985124995233491,0.0,6,6,0,0.7905812211112854,0.8743615580460984,0.48059915580425117,0.71190489159446,1307.8995913815622
aggregation,shape,788,2,kmeans,"{""init"":""k-means++"",""n_clusters"":7,""n_init"":20}",3.0,False,,1,[0.03907325002364814],1,0.03907325002364814,0.0,7,7,0,0.7173820623237965,0.8326659603134745,0.47189007462628374,0.7048546103652574,1292.4036833210846
aggregation,shape,788,2,kmeans,"{""init"":""k-means++"",""n_clusters"":8,""n_init"":20}",3.0,False,,1,[0.04773270804435015],1,0.04773270804435015,0.0,8,8,0,0.6677894115320383,0.8304602295305135,0.46358220665308764,0.7695749490704842,1323.9390605255583
aggregation,shape,788,2,kmeans,"{""init"":""k-means++"",""n_clusters"":9,""n_init"":20}",3.0,False,,1,[0.05750024999724701],1,0.05750024999724701,0.0,9,9,0,0.6210601083560545,0.8260994734150907,0.464582823817172,0.758416356863724,1352.930198389113
aggregation,shape,788,2,kmeans,"{""init"":""k-means++"",""n_clusters"":10,""n_init"":20}",3.0,False,,1,[0.08221470797434449],1,0.08221470797434449,0.0,10,10,0,0.5556789985336162,0.8001191309656009,0.44696525400273723,0.7813925722997013,1406.676940370856
aggregation,shape,788,2,kmeans,"{""init"":""k-means++"",""n_clusters"":11,""n_init"":20}",3.0,False,,1,[0.05454058398026973],1,0.05454058398026973,0.0,11,11,0,0.5523674043691609,0.8188416931048226,0.46023610053505476,0.7229041773172908,1468.341864555899
aggregation,shape,788,2,kmeans,"{""init"":""k-means++"",""n_clusters"":12,""n_init"":20}",3.0,False,,1,[0.06378045800374821],1,0.06378045800374821,0.0,12,12,0,0.5013527067468729,0.788604739682005,0.44431797188398536,0.7553970525806745,1515.7011351063227
aggregation,shape,788,2,kmeans,"{""init"":""k-means++"",""n_clusters"":2,""n_init"":20}",4.0,False,,1,[0.03954383300151676],1,0.03954383300151676,0.0,2,2,0,0.4214129427823257,0.5694776105467808,0.43333135165224673,1.058615986622845,579.5826263405551
aggregation,shape,788,2,kmeans,"{""init"":""k-means++"",""n_clusters"":3,""n_init"":20}",4.0,False,,1,[0.03881858300883323],1,0.03881858300883323,0.0,3,3,0,0.6800803075709085,0.7644852863775335,0.5225641857738812,0.6796956836687014,984.3915588985045
aggregation,shape,788,2,kmeans,"{""init"":""k-means++"",""n_clusters"":4,""n_init"":20}",4.0,False,,1,[0.03536395798437297],1,0.03536395798437297,0.0,4,4,0,0.7622852332885822,0.8150503913222599,0.5365827183828406,0.5546957348268272,1216.0996539766636
aggregation,shape,788,2,kmeans,"{""init"":""k-means++"",""n_clusters"":5,""n_init"":20}",4.0,False,,1,[0.03651400003582239],1,0.03651400003582239,0.0,5,5,0,0.7349936304152367,0.8143277909718116,0.49187193212106267,0.7219708503773143,1291.1283732834077
aggregation,shape,788,2,kmeans,"{""init"":""k-means++"",""n_clusters"":6,""n_init"":20}",4.0,False,,1,[0.042715625022538006],1,0.042715625022538006,0.0,6,6,0,0.7905812211112854,0.8743615580460984,0.48059915580425117,0.71190489159446,1307.8995913815622
aggregation,shape,788,2,kmeans,"{""init"":""k-means++"",""n_clusters"":7,""n_init"":20}",4.0,False,,1,[0.05086199997458607],1,0.05086199997458607,0.0,7,7,0,0.7323137321223424,0.8390684472172822,0.47285505881396406,0.6989742183913673,1292.201509919916
aggregation,shape,788,2,kmeans,"{""init"":""k-means++"",""n_clusters"":8,""n_init"":20}",4.0,False,,1,[0.04220224998425692],1,0.04220224998425692,0.0,8,8,0,0.6677894115320383,0.8304602295305135,0.46358220665308764,0.7695749490704842,1323.939060525558
aggregation,shape,788,2,kmeans,"{""init"":""k-means++"",""n_clusters"":9,""n_init"":20}",4.0,False,,1,[0.033649332995992154],1,0.033649332995992154,0.0,9,9,0,0.6120987270895071,0.8207788501516815,0.4632501070988115,0.767883445854816,1353.6061373738164
aggregation,shape,788,2,kmeans,"{""init"":""k-means++"",""n_clusters"":10,""n_init"":20}",4.0,False,,1,[0.03794991603353992],1,0.03794991603353992,0.0,10,10,0,0.5547321477434825,0.8001507604210595,0.4464631082434798,0.7875749141205637,1402.997735936839
aggregation,shape,788,2,kmeans,"{""init"":""k-means++"",""n_clusters"":11,""n_init"":20}",4.0,False,,1,[0.04041108401725069],1,0.04041108401725069,0.0,11,11,0,0.5466661140798421,0.8149598906489169,0.4604901933766765,0.719800664537794,1473.5357895113868
aggregation,shape,788,2,kmeans,"{""init"":""k-means++"",""n_clusters"":12,""n_init"":20}",4.0,False,,1,[0.04074991698144004],1,0.04074991698144004,0.0,12,12,0,0.5056161017600267,0.794530240975793,0.4463846322485109,0.754340392760794,1517.725339643935
compound,shape,399,2,ward,"{""linkage"":""ward"",""n_clusters"":2}",,True,True,2,"[0.003657834022305906, 0.003007749968674034]",2,0.00333279199548997,0.00032504202681593597,2,2,0,0.4841271762316797,0.6090139818657766,0.49311169876586597,0.8138525886105712,412.5247840409194
compound,shape,399,2,ward,"{""linkage"":""ward"",""n_clusters"":3}",,True,True,2,"[0.0018102499889209867, 0.002000915992539376]",2,0.0019055829907301813,9.533300180919468e-05,3,3,0,0.740208347351395,0.806069222511028,0.6007215793981607,0.5562846578557398,751.0750064414428
compound,shape,399,2,ward,"{""linkage"":""ward"",""n_clusters"":4}",,True,True,2,"[0.0017158749978989363, 0.0018215419840998948]",2,0.0017687084909994155,5.2833493100479245e-05,4,4,0,0.7641301304382412,0.8052630678159259,0.572433886629797,0.6111577112355747,673.4581109126899
compound,shape,399,2,ward,"{""linkage"":""ward"",""n_clusters"":5}",,True,True,2,"[0.001662791008129716, 0.0020710419630631804]",2,0.0018669164855964482,0.00020412547746673226,5,5,0,0.5639792055194304,0.7437391958400748,0.46574237283322834,0.7984658660725783,646.1888595549947
compound,shape,399,2,ward,"{""linkage"":""ward"",""n_clusters"":6}",,True,True,2,"[0.0016365419724024832, 0.0026310840039514005]",2,0.002133812988176942,0.0004972710157744586,6,6,0,0.5010620619617797,0.6981450403918463,0.40553337601893963,0.8737941828498738,621.7427130219895
compound,shape,399,2,ward,"{""linkage"":""ward"",""n_clusters"":7}",,True,True,2,"[0.0016143330140039325, 0.0025725410087034106]",2,0.0020934370113536716,0.0004791039973497391,7,7,0,0.5465590674028052,0.7459270240194187,0.3888390698656326,0.9140878083237267,626.2062110359873
compound,shape,399,2,ward,"{""linkage"":""ward"",""n_clusters"":8}",,True,True,2,"[0.0022782080341130495, 0.002091167028993368]",2,0.002184687531553209,9.352050255984068e-05,8,8,0,0.5131638649354535,0.7356992487147327,0.36825314868468045,0.9158704275476681,606.9242882033549
compound,shape,399,2,ward,"{""linkage"":""ward"",""n_clusters"":9}",,True,True,2,"[0.0023466249695047736, 0.0028265000437386334]",2,0.0025865625066217035,0.0002399375371169299,9,9,0,0.5085775024119834,0.7237929355917375,0.3694732740153854,0.92819981575922,602.7891648956353
compound,shape,399,2,ward,"{""linkage"":""ward"",""n_clusters"":10}",,True,True,2,"[0.002130958018824458, 0.005678208952303976]",2,0.003904583485564217,0.0017736254667397588,10,10,0,0.4359997171074248,0.7002180737186426,0.37552019999842956,0.8715843365020778,612.7022828399065
compound,shape,399,2,ward,"{""linkage"":""ward"",""n_clusters"":11}",,True,True,2,"[0.002206459001172334, 0.0028313329676166177]",2,0.002518895984394476,0.00031243698322214186,11,11,0,0.4117088789623712,0.6878563534191826,0.3629634340260878,0.8637848150199521,600.1785760553403
compound,shape,399,2,ward,"{""linkage"":""ward"",""n_clusters"":12}",,True,True,2,"[0.0021458329865708947, 0.0024349589948542416]",2,0.002290395990712568,0.00014456300414167345,12,12,0,0.4077604744895057,0.6828164596100182,0.3645980758540223,0.8551515350058604,591.1653159716523
compound,shape,399,2,dbscan,"{""eps"":0.1,""min_samples"":3}",,True,True,2,"[0.0013743749586865306, 0.0016880419570952654]",2,0.001531208457890898,0.0001568334992043674,9,9,114,0.7537513513681514,0.7876698947902391,0.14900468337683462,3.6201181081288656,238.8495493050254
compound,shape,399,2,dbscan,"{""eps"":0.1,""min_samples"":5}",,True,True,2,"[0.0010227080201730132, 0.00174866704037413]",2,0.0013856875302735716,0.0003629795101005584,15,15,207,0.09118487283258488,0.4638030381488817,0.41493359207797526,0.6322067945869058,800.4268408056593
compound,shape,399,2,dbscan,"{""eps"":0.1,""min_samples"":10}",,True,True,2,"[0.0009465829934924841, 0.001489790971390903]",2,0.0012181869824416935,0.00027160398894920945,0,0,399,0.0,0.0,,,
compound,shape,399,2,dbscan,"{""eps"":0.2,""min_samples"":3}",,True,True,2,"[0.0010939170024357736, 0.0017015410121530294]",2,0.0013977290072944015,0.0003038120048586279,6,6,55,0.9363134876682937,0.9098836661525694,0.12912257336850355,4.164757936589074,421.09212974544613
compound,shape,399,2,dbscan,"{""eps"":0.2,""min_samples"":5}",,True,True,2,"[0.0010800419840961695, 0.0017426249687559903]",2,0.0014113334764260799,0.0003312914923299104,5,5,76,0.925992605744406,0.9040201287246405,0.23769716017876535,4.679451733242221,571.6205572455449
compound,shape,399,2,dbscan,"{""eps"":0.2,""min_samples"":10}",,True,True,2,"[0.0010439580073580146, 0.0016584169934503734]",2,0.001351187500404194,0.0003072294930461794,5,5,92,0.8879505121953397,0.8764191767158632,0.231663660031735,4.618618153786882,519.7691282351363
compound,shape,399,2,dbscan,"{""eps"":0.3,""min_samples"":3}",,True,True,2,"[0.0011837910278700292, 0.0023484579869545996]",2,0.0017661245074123144,0.0005823334795422852,6,6,19,0.7828829605447494,0.800800245752438,0.5064746734462371,0.6284370043955049,414.2178048915676
compound,shape,399,2,dbscan,"{""eps"":0.3,""min_samples"":5}",,True,True,2,"[0.001140250009484589, 0.004422124999109656]",2,0.0027811875042971224,0.0016409374948125333,3,3,36,0.8120916386369235,0.8386545092068968,0.6563312027995909,0.5105080563937189,991.2336998160507
compound,shape,399,2,dbscan,"{""eps"":0.3,""min_samples"":10}",,True,True,2,"[0.002495083026587963, 0.001970082987099886]",2,0.0022325830068439245,0.0002625000197440386,3,3,49,0.8255265724109755,0.8244828338760042,0.6688859528896902,0.492797655754629,1005.1986005379346
compound,shape,399,2,dbscan,"{""eps"":0.4,""min_samples"":3}",,True,True,2,"[0.03186966700013727, 0.001783749961759895]",2,0.016826708480948582,0.015042958519188687,3,3,0,0.740208347351395,0.806069222511028,0.6007215793981607,0.5562846578557398,751.0750064414428
compound,shape,399,2,dbscan,"{""eps"":0.4,""min_samples"":5}",,True,True,2,"[0.0016077919863164425, 0.001542333047837019]",2,0.0015750625170767307,3.272946923971176e-05,3,3,6,0.745588566283241,0.7995148997879956,0.611702623808891,0.544870056785456,806.0336961639439
compound,shape,399,2,dbscan,"{""eps"":0.4,""min_samples"":10}",,True,True,2,"[0.001431124983355403, 0.0013408749946393073]",2,0.001385999988997355,4.512499435804784e-05,3,3,25,0.7798751255016527,0.8146879869939425,0.6458706566541305,0.518241212535748,972.7257825350509
compound,shape,399,2,dbscan,"{""eps"":0.5,""min_samples"":3}",,True,True,2,"[0.0014522080309689045, 0.0020563340513035655]",2,0.001754271041136235,0.0003020630101673305,2,2,0,0.4841271762316797,0.6090139818657766,0.49311169876586597,0.8138525886105712,412.5247840409194
compound,shape,399,2,dbscan,"{""eps"":0.5,""min_samples"":5}",,True,True,2,"[0.0014365839888341725, 0.0019172090105712414]",2,0.001676896499702707,0.00024031251086853445,3,3,0,0.740208347351395,0.806069222511028,0.6007215793981607,0.5562846578557398,751.0750064414428
compound,shape,399,2,dbscan,"{""eps"":0.5,""min_samples"":10}",,True,True,2,"[0.0014048329903744161, 0.002489541016984731]",2,0.0019471870036795735,0.0005423540133051574,3,3,14,0.7558266494109299,0.7938492663881763,0.6310196300040442,0.5306404593104127,914.8291394689269
compound,shape,399,2,dbscan,"{""eps"":0.6,""min_samples"":3}",,True,True,2,"[0.06548004102660343, 0.002682332997210324]",2,0.03408118701190688,0.03139885401469655,1,1,0,0.0,0.0,,,
compound,shape,399,2,dbscan,"{""eps"":0.6,""min_samples"":5}",,True,True,2,"[0.007199875020887703, 0.0018785829888656735]",2,0.004539229004876688,0.0026606460160110146,1,1,0,0.0,0.0,,,
compound,shape,399,2,dbscan,"{""eps"":0.6,""min_samples"":10}",,True,True,2,"[0.0027802500408142805, 0.0013777500134892762]",2,0.0020790000271517783,0.0007012500136625022,1,1,0,0.0,0.0,,,
compound,shape,399,2,dbscan,"{""eps"":0.7,""min_samples"":3}",,True,True,2,"[0.02918454195605591, 0.0014030829770490527]",2,0.015293812466552481,0.013890729489503428,1,1,0,0.0,0.0,,,
compound,shape,399,2,dbscan,"{""eps"":0.7,""min_samples"":5}",,True,True,2,"[0.01492762501584366, 0.002010833006352186]",2,0.008469229011097923,0.006458396004745737,1,1,0,0.0,0.0,,,
compound,shape,399,2,dbscan,"{""eps"":0.7,""min_samples"":10}",,True,True,2,"[0.002612333046272397, 0.0018985839560627937]",2,0.0022554585011675954,0.00035687454510480165,1,1,0,0.0,0.0,,,
compound,shape,399,2,dbscan,"{""eps"":0.8,""min_samples"":3}",,True,True,2,"[0.0020117080421186984, 0.00198862497927621]",2,0.002000166510697454,1.1541531421244144e-05,1,1,0,0.0,0.0,,,
compound,shape,399,2,dbscan,"{""eps"":0.8,""min_samples"":5}",,True,True,2,"[0.001888750004582107, 0.0024926249752752483]",2,0.0021906874899286777,0.0003019374853465706,1,1,0,0.0,0.0,,,
compound,shape,399,2,dbscan,"{""eps"":0.8,""min_samples"":10}",,True,True,2,"[0.001846417027991265, 0.0021300840307958424]",2,0.0019882505293935537,0.00014183350140228868,1,1,0,0.0,0.0,,,
compound,shape,399,2,dbscan,"{""eps"":0.9,""min_samples"":3}",,True,True,2,"[0.02515029103960842, 0.0038130839820951223]",2,0.01448168751085177,0.010668603528756648,1,1,0,0.0,0.0,,,
compound,shape,399,2,dbscan,"{""eps"":0.9,""min_samples"":5}",,True,True,2,"[0.0023296669824048877, 0.0020247079664841294]",2,0.0021771874744445086,0.00015247950796037912,1,1,0,0.0,0.0,,,
compound,shape,399,2,dbscan,"{""eps"":0.9,""min_samples"":10}",,True,True,2,"[0.002174624998588115, 0.0016668749740347266]",2,0.0019207499863114208,0.0002538750122766942,1,1,0,0.0,0.0,,,
compound,shape,399,2,dbscan,"{""eps"":1.0,""min_samples"":3}",,True,True,2,"[0.002130166976712644, 0.0019594169571064413]",2,0.0020447919669095427,8.537500980310142e-05,1,1,0,0.0,0.0,,,
compound,shape,399,2,dbscan,"{""eps"":1.0,""min_samples"":5}",,True,True,2,"[0.0020841669756919146, 0.001653458981309086]",2,0.0018688129785005003,0.00021535399719141424,1,1,0,0.0,0.0,,,
compound,shape,399,2,dbscan,"{""eps"":1.0,""min_samples"":10}",,True,True,2,"[0.028853915981017053, 0.0017114169895648956]",2,0.015282666485290974,0.013571249495726079,1,1,0,0.0,0.0,,,
compound,shape,399,2,dbscan,"{""eps"":1.1,""min_samples"":3}",,True,True,2,"[0.0021698330529034138, 0.0017097499803639948]",2,0.0019397915166337043,0.00023004153626970947,1,1,0,0.0,0.0,,,
compound,shape,399,2,dbscan,"{""eps"":1.1,""min_samples"":5}",,True,True,2,"[0.0020848329877480865, 0.0017910830210894346]",2,0.0019379580044187605,0.00014687498332932591,1,1,0,0.0,0.0,,,
compound,shape,399,2,dbscan,"{""eps"":1.1,""min_samples"":10}",,True,True,2,"[0.0019461250049062073, 0.001659583009313792]",2,0.0018028540071099997,0.00014327099779620767,1,1,0,0.0,0.0,,,
compound,shape,399,2,dbscan,"{""eps"":1.2,""min_samples"":3}",,True,True,2,"[0.003290958993602544, 0.0017900840030051768]",2,0.0025405214983038604,0.0007504374952986836,1,1,0,0.0,0.0,,,
compound,shape,399,2,dbscan,"{""eps"":1.2,""min_samples"":5}",,True,True,2,"[0.002983457990922034, 0.0017034169868566096]",2,0.0023434374888893217,0.0006400205020327121,1,1,0,0.0,0.0,,,
compound,shape,399,2,dbscan,"{""eps"":1.2,""min_samples"":10}",,True,True,2,"[0.004133833048399538, 0.0017693749978207052]",2,0.0029516040231101215,0.0011822290252894163,1,1,0,0.0,0.0,,,
compound,shape,399,2,classix,"{""engine"":""classix"",""group_merging"":""distance"",""minPts"":1,""radius"":0.1}",,True,True,2,"[0.006228125013876706, 0.004981584032066166]",2,0.005604854522971436,0.00062327049090527,63,63,0,0.59212546299924,0.7151960764263556,-0.034768133318485224,0.4943425838246322,79.74049496024892
compound,shape,399,2,classix,"{""engine"":""classix"",""group_merging"":""density"",""minPts"":1,""radius"":0.1}",,True,True,2,"[0.014656416955403984, 0.014734333963133395]",2,0.01469537545926869,3.895850386470556e-05,97,97,0,0.5783746464648787,0.6950478526974083,0.030476571461241962,0.40874349002774535,62.76275373461747
compound,shape,399,2,classix,"{""engine"":""classix"",""group_merging"":""distance"",""minPts"":5,""radius"":0.1}",,True,True,2,"[0.005937249981798232, 0.0061485840124078095]",2,0.0060429169971030205,0.00010566701530478895,6,6,0,0.5158428097876026,0.7196352969859995,0.38143720799067715,0.8420224743486627,423.41479018256825
compound,shape,399,2,classix,"{""engine"":""classix"",""group_merging"":""density"",""minPts"":5,""radius"":0.1}",,True,True,2,"[0.027950416959356517, 0.016102791007142514]",2,0.022026603983249515,0.005923812976107001,7,7,0,0.5587169895686844,0.7383316042690923,0.16644016277227372,1.2567178335324125,399.0887491816345
compound,shape,399,2,classix,"{""engine"":""classix"",""group_merging"":""distance"",""minPts"":10,""radius"":0.1}",,True,True,2,"[0.01491354196332395, 0.006043167028110474]",2,0.010478354495717213,0.004435187467606738,6,6,0,0.5158428097876026,0.7196352969859995,0.38143720799067715,0.8420224743486627,423.41479018256825
compound,shape,399,2,classix,"{""engine"":""classix"",""group_merging"":""density"",""minPts"":10,""radius"":0.1}",,True,True,2,"[0.02408979198662564, 0.0156446669716388]",2,0.01986722947913222,0.0042225625074934214,7,7,0,0.5587169895686844,0.7383316042690923,0.16644016277227372,1.2567178335324125,399.0887491816345
compound,shape,399,2,classix,"{""engine"":""classix"",""group_merging"":""distance"",""minPts"":1,""radius"":0.2}",,True,True,2,"[0.002353207964915782, 0.002069957961793989]",2,0.0022115829633548856,0.00014162500156089664,7,7,0,0.7654218208555033,0.7956197930973716,0.43182747066221977,1.0630626536429093,328.19112803207344
compound,shape,399,2,classix,"{""engine"":""classix"",""group_merging"":""density"",""minPts"":1,""radius"":0.2}",,True,True,2,"[0.014847124984953552, 0.008367792004719377]",2,0.011607458494836465,0.003239666490117088,28,28,0,0.7969788673747236,0.7618076333957754,0.2809283443192508,0.5305373396056385,94.6075770385675
compound,shape,399,2,classix,"{""engine"":""classix"",""group_merging"":""distance"",""minPts"":5,""radius"":0.2}",,True,True,2,"[0.003724791982676834, 0.002133416011929512]",2,0.002929103997303173,0.0007956879853736609,4,4,0,0.7682536671334431,0.8075330940665245,0.5406491687757915,0.7469674617015456,639.6836262355494
compound,shape,399,2,classix,"{""engine"":""classix"",""group_merging"":""density"",""minPts"":5,""radius"":0.2}",,True,True,2,"[0.017990374995861202, 0.008703417028300464]",2,0.013346896012080833,0.004643478983780369,3,3,0,0.7292550624626539,0.783586817333655,0.6042389986308314,0.5486680989251694,772.9933782219349
compound,shape,399,2,classix,"{""engine"":""classix"",""group_merging"":""distance"",""minPts"":10,""radius"":0.2}",,True,True,2,"[0.003148999996483326, 0.0021217080065980554]",2,0.0026353540015406907,0.0005136459949426353,4,4,0,0.7682536671334431,0.8075330940665245,0.5406491687757915,0.7469674617015456,639.6836262355494
compound,shape,399,2,classix,"{""engine"":""classix"",""group_merging"":""density"",""minPts"":10,""radius"":0.2}",,True,True,2,"[0.014372207981068641, 0.00866020901594311]",2,0.011516208498505875,0.0028559994825627655,3,3,0,0.7292550624626539,0.783586817333655,0.6042389986308314,0.5486680989251694,772.9933782219349
compound,shape,399,2,classix,"{""engine"":""classix"",""group_merging"":""distance"",""minPts"":1,""radius"":0.3}",,True,True,2,"[0.0020509580499492586, 0.0012245829566381872]",2,0.0016377705032937229,0.0004131875466555357,2,2,0,0.2787746880936021,0.4926599296384932,0.30745946611474934,1.105205351560154,118.98252599104794
compound,shape,399,2,classix,"{""engine"":""classix"",""group_merging"":""density"",""minPts"":1,""radius"":0.3}",,True,True,2,"[0.005176417005714029, 0.004551167017780244]",2,0.004863792011747137,0.00031262499396689236,5,5,0,0.7793185369478741,0.8376446512894328,0.5105311737854707,0.6459796156906613,460.1832504496667
compound,shape,399,2,classix,"{""engine"":""classix"",""group_merging"":""distance"",""minPts"":5,""radius"":0.3}",,True,True,2,"[0.0013239160180091858, 0.001211124996189028]",2,0.001267520507099107,5.639551091007888e-05,2,2,0,0.2787746880936021,0.4926599296384932,0.30745946611474934,1.105205351560154,118.98252599104794
compound,shape,399,2,classix,"{""engine"":""classix"",""group_merging"":""density"",""minPts"":5,""radius"":0.3}",,True,True,2,"[0.008019667002372444, 0.004614042001776397]",2,0.0063168545020744205,0.0017028125002980232,4,4,0,0.7756290483955285,0.8437231747625981,0.5405029377837207,0.6967272808867041,556.2541471061279
compound,shape,399,2,classix,"{""engine"":""classix"",""group_merging"":""distance"",""minPts"":10,""radius"":0.3}",,True,True,2,"[0.0020842080120928586, 0.001226958993356675]",2,0.0016555835027247667,0.0004286245093680918,2,2,0,0.2787746880936021,0.4926599296384932,0.30745946611474934,1.105205351560154,118.98252599104794
compound,shape,399,2,classix,"{""engine"":""classix"",""group_merging"":""density"",""minPts"":10,""radius"":0.3}",,True,True,2,"[0.0070784169947728515, 0.00472437497228384]",2,0.005901395983528346,0.0011770210112445056,4,4,0,0.7756290483955285,0.8437231747625981,0.5405029377837207,0.6967272808867041,556.2541471061279
compound,shape,399,2,classix,"{""engine"":""classix"",""group_merging"":""distance"",""minPts"":1,""radius"":0.4}",,True,True,2,"[0.001074249972589314, 0.0008960409904830158]",2,0.0009851454815361649,8.91044910531491e-05,1,1,0,0.0,0.0,,,
compound,shape,399,2,classix,"{""engine"":""classix"",""group_merging"":""density"",""minPts"":1,""radius"":0.4}",,True,True,2,"[0.00372512498870492, 0.0031844580080360174]",2,0.0034547914983704686,0.0002703334903344512,3,3,0,0.740208347351395,0.806069222511028,0.6007215793981607,0.5562846578557398,751.0750064414428
compound,shape,399,2,classix,"{""engine"":""classix"",""group_merging"":""distance"",""minPts"":5,""radius"":0.4}",,True,True,2,"[0.0009894169634208083, 0.0008762079523876309]",2,0.0009328124579042196,5.660450551658869e-05,1,1,0,0.0,0.0,,,
compound,shape,399,2,classix,"{""engine"":""classix"",""group_merging"":""density"",""minPts"":5,""radius"":0.4}",,True,True,2,"[0.0036726249963976443, 0.003199417027644813]",2,0.0034360210120212287,0.0002366039843764156,3,3,0,0.740208347351395,0.806069222511028,0.6007215793981607,0.5562846578557398,751.0750064414428
compound,shape,399,2,classix,"{""engine"":""classix"",""group_merging"":""distance"",""minPts"":10,""radius"":0.4}",,True,True,2,"[0.0009630409767851233, 0.0008762910147197545]",2,0.0009196659957524389,4.3374981032684445e-05,1,1,0,0.0,0.0,,,
compound,shape,399,2,classix,"{""engine"":""classix"",""group_merging"":""density"",""minPts"":10,""radius"":0.4}",,True,True,2,"[0.006691749964375049, 0.0031590829603374004]",2,0.004925416462356225,0.0017663335020188242,3,3,0,0.740208347351395,0.806069222511028,0.6007215793981607,0.5562846578557398,751.0750064414428
compound,shape,399,2,classix,"{""engine"":""classix"",""group_merging"":""distance"",""minPts"":1,""radius"":0.5}",,True,True,2,"[0.001242165977600962, 0.0007595840143039823]",2,0.001000874995952472,0.00024129098164848983,1,1,0,0.0,0.0,,,
compound,shape,399,2,classix,"{""engine"":""classix"",""group_merging"":""density"",""minPts"":1,""radius"":0.5}",,True,True,2,"[0.004511459032073617, 0.0026385000091977417]",2,0.0035749795206356794,0.0009364795114379376,1,1,0,0.0,0.0,,,
compound,shape,399,2,classix,"{""engine"":""classix"",""group_merging"":""distance"",""minPts"":5,""radius"":0.5}",,True,True,2,"[0.0018003329751081765, 0.0007407909724861383]",2,0.0012705619737971574,0.0005297710013110191,1,1,0,0.0,0.0,,,
compound,shape,399,2,classix,"{""engine"":""classix"",""group_merging"":""density"",""minPts"":5,""radius"":0.5}",,True,True,2,"[0.005231458984781057, 0.00261654204223305]",2,0.003924000513507053,0.0013074584712740034,1,1,0,0.0,0.0,,,
compound,shape,399,2,classix,"{""engine"":""classix"",""group_merging"":""distance"",""minPts"":10,""radius"":0.5}",,True,True,2,"[0.001208874979056418, 0.0007385000353679061]",2,0.000973687507212162,0.00023518747184425592,1,1,0,0.0,0.0,,,
compound,shape,399,2,classix,"{""engine"":""classix"",""group_merging"":""density"",""minPts"":10,""radius"":0.5}",,True,True,2,"[0.00475074996938929, 0.002621541963890195]",2,0.0036861459666397423,0.0010646040027495474,1,1,0,0.0,0.0,,,
compound,shape,399,2,classix,"{""engine"":""classix"",""group_merging"":""distance"",""minPts"":1,""radius"":0.6}",,True,True,2,"[0.0010499579948373139, 0.0006238339701667428]",2,0.0008368959825020283,0.00021306201233528554,2,2,0,0.2787746880936021,0.4926599296384932,0.30745946611474934,1.105205351560154,118.98252599104794
compound,shape,399,2,classix,"{""engine"":""classix"",""group_merging"":""density"",""minPts"":1,""radius"":0.6}",,True,True,2,"[0.0032657079864293337, 0.0019139579962939024]",2,0.002589832991361618,0.0006758749950677156,1,1,0,0.0,0.0,,,
compound,shape,399,2,classix,"{""engine"":""classix"",""group_merging"":""distance"",""minPts"":5,""radius"":0.6}",,True,True,2,"[0.001029792008921504, 0.0006353749777190387]",2,0.0008325834933202714,0.00019720851560123265,2,2,0,0.2787746880936021,0.4926599296384932,0.30745946611474934,1.105205351560154,118.98252599104794
compound,shape,399,2,classix,"{""engine"":""classix"",""group_merging"":""density"",""minPts"":5,""radius"":0.6}",,True,True,2,"[0.003162332985084504, 0.001880750001873821]",2,0.0025215414934791625,0.0006407914916053414,1,1,0,0.0,0.0,,,
compound,shape,399,2,classix,"{""engine"":""classix"",""group_merging"":""distance"",""minPts"":10,""radius"":0.6}",,True,True,2,"[0.0009807079914025962, 0.0006197500042617321]",2,0.0008002289978321642,0.00018047899357043207,2,2,0,0.2787746880936021,0.4926599296384932,0.30745946611474934,1.105205351560154,118.98252599104794
compound,shape,399,2,classix,"{""engine"":""classix"",""group_merging"":""density"",""minPts"":10,""radius"":0.6}",,True,True,2,"[0.0059943749802187085, 0.0018650419660843909]",2,0.00392970847315155,0.002064666507067159,1,1,0,0.0,0.0,,,
compound,shape,399,2,classix,"{""engine"":""classix"",""group_merging"":""distance"",""minPts"":1,""radius"":0.7}",,True,True,2,"[0.0008335420279763639, 0.0005598340067081153]",2,0.0006966880173422396,0.00013685401063412428,1,1,0,0.0,0.0,,,
compound,shape,399,2,classix,"{""engine"":""classix"",""group_merging"":""density"",""minPts"":1,""radius"":0.7}",,True,True,2,"[0.0027872080099768937, 0.0016181659884750843]",2,0.002202686999225989,0.0005845210107509047,1,1,0,0.0,0.0,,,
compound,shape,399,2,classix,"{""engine"":""classix"",""group_merging"":""distance"",""minPts"":5,""radius"":0.7}",,True,True,2,"[0.0009499579900875688, 0.0005713340360671282]",2,0.0007606460130773485,0.0001893119770102203,1,1,0,0.0,0.0,,,
compound,shape,399,2,classix,"{""engine"":""classix"",""group_merging"":""density"",""minPts"":5,""radius"":0.7}",,True,True,2,"[0.003636334033217281, 0.0015917920391075313]",2,0.002614063036162406,0.001022270997054875,1,1,0,0.0,0.0,,,
compound,shape,399,2,classix,"{""engine"":""classix"",""group_merging"":""distance"",""minPts"":10,""radius"":0.7}",,True,True,2,"[0.0009607499814592302, 0.0005607909988611937]",2,0.0007607704901602119,0.00019997949129901826,1,1,0,0.0,0.0,,,
compound,shape,399,2,classix,"{""engine"":""classix"",""group_merging"":""density"",""minPts"":10,""radius"":0.7}",,True,True,2,"[0.00278395798522979, 0.0016003750497475266]",2,0.0021921665174886584,0.0005917914677411318,1,1,0,0.0,0.0,,,
compound,shape,399,2,classix,"{""engine"":""classix"",""group_merging"":""distance"",""minPts"":1,""radius"":0.8}",,True,True,2,"[0.001034833025187254, 0.000494082982186228]",2,0.000764458003686741,0.00027037502150051296,1,1,0,0.0,0.0,,,
compound,shape,399,2,classix,"{""engine"":""classix"",""group_merging"":""density"",""minPts"":1,""radius"":0.8}",,True,True,2,"[0.0021574579877778888, 0.0012399170082062483]",2,0.0016986874979920685,0.00045877048978582025,1,1,0,0.0,0.0,,,
compound,shape,399,2,classix,"{""engine"":""classix"",""group_merging"":""distance"",""minPts"":5,""radius"":0.8}",,True,True,2,"[0.0008579170098528266, 0.0004997910000383854]",2,0.000678854004945606,0.0001790630049072206,1,1,0,0.0,0.0,,,
compound,shape,399,2,classix,"{""engine"":""classix"",""group_merging"":""density"",""minPts"":5,""radius"":0.8}",,True,True,2,"[0.002066291985101998, 0.00123216601787135]",2,0.001649229001486674,0.0004170629836153239,1,1,0,0.0,0.0,,,
compound,shape,399,2,classix,"{""engine"":""classix"",""group_merging"":""distance"",""minPts"":10,""radius"":0.8}",,True,True,2,"[0.0011457919608801603, 0.0004859170294366777]",2,0.000815854495158419,0.0003299374657217413,1,1,0,0.0,0.0,,,
compound,shape,399,2,classix,"{""engine"":""classix"",""group_merging"":""density"",""minPts"":10,""radius"":0.8}",,True,True,2,"[0.002238792018033564, 0.0012116249999962747]",2,0.0017252085090149194,0.0005135835090186447,1,1,0,0.0,0.0,,,
compound,shape,399,2,classix,"{""engine"":""classix"",""group_merging"":""distance"",""minPts"":1,""radius"":0.9}",,True,True,2,"[0.0007668750477023423, 0.0004503329982981086]",2,0.0006086040230002254,0.00015827102470211685,1,1,0,0.0,0.0,,,
compound,shape,399,2,classix,"{""engine"":""classix"",""group_merging"":""density"",""minPts"":1,""radius"":0.9}",,True,True,2,"[0.0017864590045064688, 0.001065207994543016]",2,0.0014258334995247424,0.0003606255049817264,1,1,0,0.0,0.0,,,
compound,shape,399,2,classix,"{""engine"":""classix"",""group_merging"":""distance"",""minPts"":5,""radius"":0.9}",,True,True,2,"[0.0007266669999808073, 0.000445583020336926]",2,0.0005861250101588666,0.00014054198982194066,1,1,0,0.0,0.0,,,
compound,shape,399,2,classix,"{""engine"":""classix"",""group_merging"":""density"",""minPts"":5,""radius"":0.9}",,True,True,2,"[0.0018101249588653445, 0.001053958956617862]",2,0.0014320419577416033,0.00037808300112374127,1,1,0,0.0,0.0,,,
compound,shape,399,2,classix,"{""engine"":""classix"",""group_merging"":""distance"",""minPts"":10,""radius"":0.9}",,True,True,2,"[0.0015267079579643905, 0.00044425000669434667]",2,0.0009854789823293686,0.0005412289756350219,1,1,0,0.0,0.0,,,
compound,shape,399,2,classix,"{""engine"":""classix"",""group_merging"":""density"",""minPts"":10,""radius"":0.9}",,True,True,2,"[0.003534582967404276, 0.001064209034666419]",2,0.0022993960010353476,0.0012351869663689286,1,1,0,0.0,0.0,,,
compound,shape,399,2,classix,"{""engine"":""classix"",""group_merging"":""distance"",""minPts"":1,""radius"":1.0}",,True,True,2,"[0.0005891249747946858, 0.00042287498945370317]",2,0.0005059999821241945,8.312499267049134e-05,1,1,0,0.0,0.0,,,
compound,shape,399,2,classix,"{""engine"":""classix"",""group_merging"":""density"",""minPts"":1,""radius"":1.0}",,True,True,2,"[0.002375165990088135, 0.0009591670241206884]",2,0.0016671665071044117,0.0007079994829837233,1,1,0,0.0,0.0,,,
compound,shape,399,2,classix,"{""engine"":""classix"",""group_merging"":""distance"",""minPts"":5,""radius"":1.0}",,True,True,2,"[0.0020882909884676337, 0.0004303330206312239]",2,0.0012593120045494288,0.0008289789839182049,1,1,0,0.0,0.0,,,
compound,shape,399,2,classix,"{""engine"":""classix"",""group_merging"":""density"",""minPts"":5,""radius"":1.0}",,True,True,2,"[0.0021595419966615736, 0.0009609580156393349]",2,0.0015602500061504543,0.0005992919905111194,1,1,0,0.0,0.0,,,
compound,shape,399,2,classix,"{""engine"":""classix"",""group_merging"":""distance"",""minPts"":10,""radius"":1.0}",,True,True,2,"[0.000679791031870991, 0.000421667005866766]",2,0.0005507290188688785,0.0001290620130021125,1,1,0,0.0,0.0,,,
compound,shape,399,2,classix,"{""engine"":""classix"",""group_merging"":""density"",""minPts"":10,""radius"":1.0}",,True,True,2,"[0.0017748749814927578, 0.0009732089820317924]",2,0.001374041981762275,0.0004008329997304827,1,1,0,0.0,0.0,,,
compound,shape,399,2,classix,"{""engine"":""classix"",""group_merging"":""distance"",""minPts"":1,""radius"":1.1}",,True,True,2,"[0.0005916249938309193, 0.0004029999836347997]",2,0.0004973124887328595,9.431250509805977e-05,1,1,0,0.0,0.0,,,
compound,shape,399,2,classix,"{""engine"":""classix"",""group_merging"":""density"",""minPts"":1,""radius"":1.1}",,True,True,2,"[0.0034123329678550363, 0.000848833005875349]",2,0.0021305829868651927,0.0012817499809898436,1,1,0,0.0,0.0,,,
compound,shape,399,2,classix,"{""engine"":""classix"",""group_merging"":""distance"",""minPts"":5,""radius"":1.1}",,True,True,2,"[0.00147854199167341, 0.0004041250213049352]",2,0.0009413335064891726,0.0005372084851842374,1,1,0,0.0,0.0,,,
compound,shape,399,2,classix,"{""engine"":""classix"",""group_merging"":""density"",""minPts"":5,""radius"":1.1}",,True,True,2,"[0.001823832979425788, 0.000849874981213361]",2,0.0013368539803195745,0.00048697899910621345,1,1,0,0.0,0.0,,,
compound,shape,399,2,classix,"{""engine"":""classix"",""group_merging"":""distance"",""minPts"":10,""radius"":1.1}",,True,True,2,"[0.0006387910107150674, 0.0003987909876741469]",2,0.0005187909991946071,0.00012000001152046025,1,1,0,0.0,0.0,,,
compound,shape,399,2,classix,"{""engine"":""classix"",""group_merging"":""density"",""minPts"":10,""radius"":1.1}",,True,True,2,"[0.006671042006928474, 0.0010422919876873493]",2,0.0038566669973079115,0.002814375009620562,1,1,0,0.0,0.0,,,
compound,shape,399,2,classix,"{""engine"":""classix"",""group_merging"":""distance"",""minPts"":1,""radius"":1.2}",,True,True,2,"[0.0006138330209068954, 0.0003843330196104944]",2,0.0004990830202586949,0.00011475000064820051,1,1,0,0.0,0.0,,,
compound,shape,399,2,classix,"{""engine"":""classix"",""group_merging"":""density"",""minPts"":1,""radius"":1.2}",,True,True,2,"[0.0011999999987892807, 0.0007682919967919588]",2,0.0009841459977906197,0.00021585400099866092,1,1,0,0.0,0.0,,,
compound,shape,399,2,classix,"{""engine"":""classix"",""group_merging"":""distance"",""minPts"":5,""radius"":1.2}",,True,True,2,"[0.0006639169878326356, 0.00037812499795109034]",2,0.000521020992891863,0.00014289599494077265,1,1,0,0.0,0.0,,,
compound,shape,399,2,classix,"{""engine"":""classix"",""group_merging"":""density"",""minPts"":5,""radius"":1.2}",,True,True,2,"[0.001128292002249509, 0.0007602500263601542]",2,0.0009442710143048316,0.00018402098794467747,1,1,0,0.0,0.0,,,
compound,shape,399,2,classix,"{""engine"":""classix"",""group_merging"":""distance"",""minPts"":10,""radius"":1.2}",,True,True,2,"[0.000490125035867095, 0.0003795840311795473]",2,0.00043485453352332115,5.527050234377384e-05,1,1,0,0.0,0.0,,,
compound,shape,399,2,classix,"{""engine"":""classix"",""group_merging"":""density"",""minPts"":10,""radius"":1.2}",,True,True,2,"[0.0035060830414295197, 0.0007597910007461905]",2,0.002132937021087855,0.0013731460203416646,1,1,0,0.0,0.0,,,
compound,shape,399,2,classix,"{""engine"":""classix"",""group_merging"":""distance"",""minPts"":1,""radius"":1.3}",,True,True,2,"[0.0006294170161709189, 0.0003344999859109521]",2,0.0004819585010409355,0.00014745851512998343,1,1,0,0.0,0.0,,,
compound,shape,399,2,classix,"{""engine"":""classix"",""group_merging"":""density"",""minPts"":1,""radius"":1.3}",,True,True,2,"[0.000878125021699816, 0.0005487080197781324]",2,0.0007134165207389742,0.00016470850096084177,1,1,0,0.0,0.0,,,
compound,shape,399,2,classix,"{""engine"":""classix"",""group_merging"":""distance"",""minPts"":5,""radius"":1.3}",,True,True,2,"[0.00045737496111541986, 0.00033062498550862074]",2,0.0003939999733120203,6.337498780339956e-05,1,1,0,0.0,0.0,,,
compound,shape,399,2,classix,"{""engine"":""classix"",""group_merging"":""density"",""minPts"":5,""radius"":1.3}",,True,True,2,"[0.0011735830339603126, 0.0005453330231830478]",2,0.0008594580285716802,0.0003141250053886324,1,1,0,0.0,0.0,,,
compound,shape,399,2,classix,"{""engine"":""classix"",""group_merging"":""distance"",""minPts"":10,""radius"":1.3}",,True,True,2,"[0.0020372080034576356, 0.0003304999554529786]",2,0.0011838539794553071,0.0008533540240023285,1,1,0,0.0,0.0,,,
compound,shape,399,2,classix,"{""engine"":""classix"",""group_merging"":""density"",""minPts"":10,""radius"":1.3}",,True,True,2,"[0.0008960840059444308, 0.0005537919932976365]",2,0.0007249379996210337,0.00017114600632339716,1,1,0,0.0,0.0,,,
compound,shape,399,2,classix,"{""engine"":""classix"",""group_merging"":""distance"",""minPts"":1,""radius"":1.4}",,True,True,2,"[0.0005198339931666851, 0.0003334580105729401]",2,0.0004266460018698126,9.31879912968725e-05,1,1,0,0.0,0.0,,,
compound,shape,399,2,classix,"{""engine"":""classix"",""group_merging"":""density"",""minPts"":1,""radius"":1.4}",,True,True,2,"[0.000885290966834873, 0.0005454589845612645]",2,0.0007153749756980687,0.00016991599113680422,1,1,0,0.0,0.0,,,
compound,shape,399,2,classix,"{""engine"":""classix"",""group_merging"":""distance"",""minPts"":5,""radius"":1.4}",,True,True,2,"[0.0005181250162422657, 0.00033020798582583666]",2,0.0004241665010340512,9.395851520821452e-05,1,1,0,0.0,0.0,,,
compound,shape,399,2,classix,"{""engine"":""classix"",""group_merging"":""density"",""minPts"":5,""radius"":1.4}",,True,True,2,"[0.00153945799684152, 0.0005456249928101897]",2,0.001042541494825855,0.0004969165020156652,1,1,0,0.0,0.0,,,
compound,shape,399,2,classix,"{""engine"":""classix"",""group_merging"":""distance"",""minPts"":10,""radius"":1.4}",,True,True,2,"[0.003936166991479695, 0.00033366697607561946]",2,0.002134916983777657,0.0018012500077020377,1,1,0,0.0,0.0,,,
compound,shape,399,2,classix,"{""engine"":""classix"",""group_merging"":""density"",""minPts"":10,""radius"":1.4}",,True,True,2,"[0.0010895419982261956, 0.0005533750518225133]",2,0.0008214585250243545,0.0002680834732018411,1,1,0,0.0,0.0,,,
compound,shape,399,2,classix,"{""engine"":""classix"",""group_merging"":""distance"",""minPts"":1,""radius"":1.5}",,True,True,2,"[0.0005030000465922058, 0.00033491599606350064]",2,0.0004189580213278532,8.404202526435256e-05,1,1,0,0.0,0.0,,,
compound,shape,399,2,classix,"{""engine"":""classix"",""group_merging"":""density"",""minPts"":1,""radius"":1.5}",,True,True,2,"[0.0008266670047305524, 0.0005479169776663184]",2,0.0006872919911984354,0.000139375013532117,1,1,0,0.0,0.0,,,
compound,shape,399,2,classix,"{""engine"":""classix"",""group_merging"":""distance"",""minPts"":5,""radius"":1.5}",,True,True,2,"[0.0004312500241212547, 0.0003350420156493783]",2,0.0003831460198853165,4.810400423593819e-05,1,1,0,0.0,0.0,,,
compound,shape,399,2,classix,"{""engine"":""classix"",""group_merging"":""density"",""minPts"":5,""radius"":1.5}",,True,True,2,"[0.0007952919695526361, 0.0005527919856831431]",2,0.0006740419776178896,0.0001212499919347465,1,1,0,0.0,0.0,,,
compound,shape,399,2,classix,"{""engine"":""classix"",""group_merging"":""distance"",""minPts"":10,""radius"":1.5}",,True,True,2,"[0.0004772500251419842, 0.00033775001065805554]",2,0.0004075000179000199,6.975000724196434e-05,1,1,0,0.0,0.0,,,
compound,shape,399,2,classix,"{""engine"":""classix"",""group_merging"":""density"",""minPts"":10,""radius"":1.5}",,True,True,2,"[0.0008772499859333038, 0.0005525000160560012]",2,0.0007148750009946525,0.00016237498493865132,1,1,0,0.0,0.0,,,
compound,shape,399,2,kmeans,"{""init"":""k-means++"",""n_clusters"":2,""n_init"":20}",0.0,False,,1,[0.015337124990765005],1,0.015337124990765005,0.0,2,2,0,0.4691040789356123,0.53174328465387,0.5012774723300006,0.8180316931325077,437.20589683565237
compound,shape,399,2,kmeans,"{""init"":""k-means++"",""n_clusters"":3,""n_init"":20}",0.0,False,,1,[0.013097041985020041],1,0.013097041985020041,0.0,3,3,0,0.7210610447722992,0.7649985663232536,0.6061568110083521,0.5475220082216935,781.27738470507
compound,shape,399,2,kmeans,"{""init"":""k-means++"",""n_clusters"":4,""n_init"":20}",0.0,False,,1,[0.018031082989182323],1,0.018031082989182323,0.0,4,4,0,0.7509610139531511,0.7711702242456255,0.5475242737183278,0.7184081212039601,697.9071830513856
compound,shape,399,2,kmeans,"{""init"":""k-means++"",""n_clusters"":5,""n_init"":20}",0.0,False,,1,[0.022973999963141978],1,0.022973999963141978,0.0,5,5,0,0.5155946708683353,0.6768836475526604,0.43789013653228603,0.8672429352969473,688.247215235098
compound,shape,399,2,kmeans,"{""init"":""k-means++"",""n_clusters"":6,""n_init"":20}",0.0,False,,1,[0.024204124987591058],1,0.024204124987591058,0.0,6,6,0,0.580612399322446,0.7279508282130916,0.4258323364706218,0.9038925383020309,657.8258619028553
compound,shape,399,2,kmeans,"{""init"":""k-means++"",""n_clusters"":7,""n_init"":20}",0.0,False,,1,[0.05737195798428729],1,0.05737195798428729,0.0,7,7,0,0.5432290930137587,0.7200575989543845,0.4026145095509229,0.8973657520441988,659.1979887936226
compound,shape,399,2,kmeans,"{""init"":""k-means++"",""n_clusters"":8,""n_init"":20}",0.0,False,,1,[0.10248020896688104],1,0.10248020896688104,0.0,8,8,0,0.4530640477687397,0.6712803899835792,0.4027624720660935,0.846878233885286,656.2425060763244
compound,shape,399,2,kmeans,"{""init"":""k-means++"",""n_clusters"":9,""n_init"":20}",0.0,False,,1,[0.07142020802712068],1,0.07142020802712068,0.0,9,9,0,0.39189606695412554,0.6482338138383632,0.40302354064201873,0.8172396261615895,642.8351352827841
compound,shape,399,2,kmeans,"{""init"":""k-means++"",""n_clusters"":10,""n_init"":20}",0.0,False,,1,[0.06565012503415346],1,0.06565012503415346,0.0,10,10,0,0.39549701155088324,0.6656880218386796,0.39977897726776473,0.8521077699476163,644.0996304629576
compound,shape,399,2,kmeans,"{""init"":""k-means++"",""n_clusters"":11,""n_init"":20}",0.0,False,,1,[0.03771212499123067],1,0.03771212499123067,0.0,11,11,0,0.36814978806988996,0.6489145498065475,0.3911158997592407,0.8558580161908043,641.7001918478398
compound,shape,399,2,kmeans,"{""init"":""k-means++"",""n_clusters"":12,""n_init"":20}",0.0,False,,1,[0.042181083001196384],1,0.042181083001196384,0.0,12,12,0,0.35085569643194,0.6546208256364426,0.39504276327599114,0.8294090713801273,633.8380004106634
compound,shape,399,2,kmeans,"{""init"":""k-means++"",""n_clusters"":2,""n_init"":20}",1.0,False,,1,[0.023628833994735032],1,0.023628833994735032,0.0,2,2,0,0.4691040789356123,0.53174328465387,0.5012774723300006,0.8180316931325077,437.20589683565237
compound,shape,399,2,kmeans,"{""init"":""k-means++"",""n_clusters"":3,""n_init"":20}",1.0,False,,1,[0.019357083016075194],1,0.019357083016075194,0.0,3,3,0,0.7210610447722992,0.7649985663232536,0.6061568110083521,0.5475220082216935,781.27738470507
compound,shape,399,2,kmeans,"{""init"":""k-means++"",""n_clusters"":4,""n_init"":20}",1.0,False,,1,[0.03599395899800584],1,0.03599395899800584,0.0,4,4,0,0.7509610139531511,0.7711702242456255,0.5475242737183278,0.7184081212039601,697.9071830513855
compound,shape,399,2,kmeans,"{""init"":""k-means++"",""n_clusters"":5,""n_init"":20}",1.0,False,,1,[0.11126879201037809],1,0.11126879201037809,0.0,5,5,0,0.5155946708683353,0.6768836475526604,0.43789013653228603,0.8672429352969473,688.247215235098
compound,shape,399,2,kmeans,"{""init"":""k-means++"",""n_clusters"":6,""n_init"":20}",1.0,False,,1,[0.04485012503573671],1,0.04485012503573671,0.0,6,6,0,0.5805968634077997,0.7277812543844279,0.4259842051962468,0.9040438879951735,657.8815613935964
compound,shape,399,2,kmeans,"{""init"":""k-means++"",""n_clusters"":7,""n_init"":20}",1.0,False,,1,[0.06518187501933426],1,0.06518187501933426,0.0,7,7,0,0.5433873842515723,0.7225703946281071,0.4005360647276627,0.9071107642358184,658.756233330239
compound,shape,399,2,kmeans,"{""init"":""k-means++"",""n_clusters"":8,""n_init"":20}",1.0,False,,1,[0.03800375002902001],1,0.03800375002902001,0.0,8,8,0,0.463301637320848,0.686562979472441,0.39796727607013316,0.8690321539854331,656.026056024249
compound,shape,399,2,kmeans,"{""init"":""k-means++"",""n_clusters"":9,""n_init"":20}",1.0,False,,1,[0.043449334043543786],1,0.043449334043543786,0.0,9,9,0,0.39189606695412554,0.6482338138383633,0.40302354064201873,0.8172396261615895,642.8351352827844
compound,shape,399,2,kmeans,"{""init"":""k-means++"",""n_clusters"":10,""n_init"":20}",1.0,False,,1,[0.03758466598810628],1,0.03758466598810628,0.0,10,10,0,0.3929571615190847,0.6628931011769545,0.3989168414971089,0.8548440729857536,646.4325185879272
compound,shape,399,2,kmeans,"{""init"":""k-means++"",""n_clusters"":11,""n_init"":20}",1.0,False,,1,[0.03761900000972673],1,0.03761900000972673,0.0,11,11,0,0.36892760141834857,0.6423647830028504,0.38884953279644396,0.860399311206248,641.4345523910897
compound,shape,399,2,kmeans,"{""init"":""k-means++"",""n_clusters"":12,""n_init"":20}",1.0,False,,1,[0.040036332968156785],1,0.040036332968156785,0.0,12,12,0,0.38337821230916,0.6659448052840566,0.39939131956591073,0.8595388854914785,649.7429644882518
compound,shape,399,2,kmeans,"{""init"":""k-means++"",""n_clusters"":2,""n_init"":20}",2.0,False,,1,[0.01595641695894301],1,0.01595641695894301,0.0,2,2,0,0.4691040789356123,0.53174328465387,0.5012774723300006,0.8180316931325077,437.20589683565237
compound,shape,399,2,kmeans,"{""init"":""k-means++"",""n_clusters"":3,""n_init"":20}",2.0,False,,1,[0.013200707966461778],1,0.013200707966461778,0.0,3,3,0,0.7210610447722992,0.7649985663232536,0.6061568110083521,0.5475220082216935,781.2773847050701
compound,shape,399,2,kmeans,"{""init"":""k-means++"",""n_clusters"":4,""n_init"":20}",2.0,False,,1,[0.017215957981534302],1,0.017215957981534302,0.0,4,4,0,0.7294044196610776,0.7477742796531426,0.5389047220823645,0.729614299308148,697.0793579912423
compound,shape,399,2,kmeans,"{""init"":""k-means++"",""n_clusters"":5,""n_init"":20}",2.0,False,,1,[0.020756250014528632],1,0.020756250014528632,0.0,5,5,0,0.5155946708683353,0.6768836475526604,0.43789013653228603,0.8672429352969473,688.247215235098
compound,shape,399,2,kmeans,"{""init"":""k-means++"",""n_clusters"":6,""n_init"":20}",2.0,False,,1,[0.026823457970749587],1,0.026823457970749587,0.0,6,6,0,0.5812648329840271,0.7280606141062861,0.4269467455627264,0.9037204616226969,658.2396610987838
compound,shape,399,2,kmeans,"{""init"":""k-means++"",""n_clusters"":7,""n_init"":20}",2.0,False,,1,[0.023097375000361353],1,0.023097375000361353,0.0,7,7,0,0.5432935913016581,0.7224433012802521,0.4008462363520414,0.9037667389720083,659.0361539441141
compound,shape,399,2,kmeans,"{""init"":""k-means++"",""n_clusters"":8,""n_init"":20}",2.0,False,,1,[0.028232709039002657],1,0.028232709039002657,0.0,8,8,0,0.464597386761354,0.6900697166573265,0.3983356670096986,0.8713884634416986,655.9121924555376
compound,shape,399,2,kmeans,"{""init"":""k-means++"",""n_clusters"":9,""n_init"":20}",2.0,False,,1,[0.02724845800548792],1,0.02724845800548792,0.0,9,9,0,0.392727249438219,0.6493797411699427,0.40381930270944427,0.8153056389439813,642.2138570834413
compound,shape,399,2,kmeans,"{""init"":""k-means++"",""n_clusters"":10,""n_init"":20}",2.0,False,,1,[0.03110062499763444],1,0.03110062499763444,0.0,10,10,0,0.384858389810737,0.6505975028989721,0.39755803094364883,0.857335330595097,644.5586578225643
compound,shape,399,2,kmeans,"{""init"":""k-means++"",""n_clusters"":11,""n_init"":20}",2.0,False,,1,[0.03227412496926263],1,0.03227412496926263,0.0,11,11,0,0.3620787918352281,0.639790698181916,0.38913579460412057,0.8489945556681694,640.3289079801143
compound,shape,399,2,kmeans,"{""init"":""k-means++"",""n_clusters"":12,""n_init"":20}",2.0,False,,1,[0.03455966699402779],1,0.03455966699402779,0.0,12,12,0,0.36367751086843475,0.6529949720400268,0.395791638325284,0.8602580619276918,649.0190724951251
compound,shape,399,2,kmeans,"{""init"":""k-means++"",""n_clusters"":2,""n_init"":20}",3.0,False,,1,[0.014679458981845528],1,0.014679458981845528,0.0,2,2,0,0.4691040789356123,0.53174328465387,0.5012774723300006,0.8180316931325077,437.20589683565237
compound,shape,399,2,kmeans,"{""init"":""k-means++"",""n_clusters"":3,""n_init"":20}",3.0,False,,1,[0.013255666999612004],1,0.013255666999612004,0.0,3,3,0,0.7210610447722992,0.7649985663232536,0.6061568110083521,0.5475220082216935,781.27738470507
compound,shape,399,2,kmeans,"{""init"":""k-means++"",""n_clusters"":4,""n_init"":20}",3.0,False,,1,[0.01736729097319767],1,0.01736729097319767,0.0,4,4,0,0.7294044196610776,0.7477742796531426,0.5389047220823645,0.729614299308148,697.0793579912424
compound,shape,399,2,kmeans,"{""init"":""k-means++"",""n_clusters"":5,""n_init"":20}",3.0,False,,1,[0.022090416052378714],1,0.022090416052378714,0.0,5,5,0,0.5155946708683353,0.6768836475526604,0.43789013653228603,0.8672429352969473,688.247215235098
compound,shape,399,2,kmeans,"{""init"":""k-means++"",""n_clusters"":6,""n_init"":20}",3.0,False,,1,[0.023566249990835786],1,0.023566249990835786,0.0,6,6,0,0.5806701279962515,0.7278006295932061,0.4260268171898326,0.9039441562923246,658.0373238662014
compound,shape,399,2,kmeans,"{""init"":""k-means++"",""n_clusters"":7,""n_init"":20}",3.0,False,,1,[0.024760791973676533],1,0.024760791973676533,0.0,7,7,0,0.5439497234787323,0.7231482299973521,0.402294864874921,0.8999754307886967,658.8756200415766
compound,shape,399,2,kmeans,"{""init"":""k-means++"",""n_clusters"":8,""n_init"":20}",3.0,False,,1,[0.027384041983168572],1,0.027384041983168572,0.0,8,8,0,0.4545459804054567,0.6729600400272173,0.4029247048827371,0.8459458710817349,656.0304983289217
compound,shape,399,2,kmeans,"{""init"":""k-means++"",""n_clusters"":9,""n_init"":20}",3.0,False,,1,[0.029546124977059662],1,0.029546124977059662,0.0,9,9,0,0.39189606695412554,0.6482338138383633,0.40302354064201873,0.8172396261615895,642.8351352827842
compound,shape,399,2,kmeans,"{""init"":""k-means++"",""n_clusters"":10,""n_init"":20}",3.0,False,,1,[0.032012792013119906],1,0.032012792013119906,0.0,10,10,0,0.3996683154574764,0.6670392271965625,0.39927781545865226,0.8578091630012572,646.4762466439682
compound,shape,399,2,kmeans,"{""init"":""k-means++"",""n_clusters"":11,""n_init"":20}",3.0,False,,1,[0.03253704204689711],1,0.03253704204689711,0.0,11,11,0,0.39387051104835336,0.6677539765348477,0.40383972646768435,0.8698868210441283,640.5783677224453
compound,shape,399,2,kmeans,"{""init"":""k-means++"",""n_clusters"":12,""n_init"":20}",3.0,False,,1,[0.07535954198101535],1,0.07535954198101535,0.0,12,12,0,0.37119182619593744,0.6577811475082658,0.3967728795615831,0.858978117212495,649.0445885386583
compound,shape,399,2,kmeans,"{""init"":""k-means++"",""n_clusters"":2,""n_init"":20}",4.0,False,,1,[0.01719845796469599],1,0.01719845796469599,0.0,2,2,0,0.4691040789356123,0.53174328465387,0.5012774723300006,0.8180316931325077,437.20589683565237
compound,shape,399,2,kmeans,"{""init"":""k-means++"",""n_clusters"":3,""n_init"":20}",4.0,False,,1,[0.043229834001977],1,0.043229834001977,0.0,3,3,0,0.7210610447722992,0.7649985663232536,0.6061568110083521,0.5475220082216935,781.2773847050701
compound,shape,399,2,kmeans,"{""init"":""k-means++"",""n_clusters"":4,""n_init"":20}",4.0,False,,1,[0.0348561669816263],1,0.0348561669816263,0.0,4,4,0,0.7509610139531511,0.7711702242456255,0.5475242737183278,0.7184081212039601,697.9071830513855
compound,shape,399,2,kmeans,"{""init"":""k-means++"",""n_clusters"":5,""n_init"":20}",4.0,False,,1,[0.032977125025354326],1,0.032977125025354326,0.0,5,5,0,0.5155946708683353,0.6768836475526604,0.43789013653228603,0.8672429352969473,688.247215235098
compound,shape,399,2,kmeans,"{""init"":""k-means++"",""n_clusters"":6,""n_init"":20}",4.0,False,,1,[0.059461083030328155],1,0.059461083030328155,0.0,6,6,0,0.5599105291709086,0.7160051215068576,0.4184649023606646,0.9132734535386136,657.5209686838798
compound,shape,399,2,kmeans,"{""init"":""k-means++"",""n_clusters"":7,""n_init"":20}",4.0,False,,1,[0.06558504200074822],1,0.06558504200074822,0.0,7,7,0,0.5432290930137587,0.7200575989543845,0.4026145095509229,0.8973657520441986,659.1979887936225
compound,shape,399,2,kmeans,"{""init"":""k-means++"",""n_clusters"":8,""n_init"":20}",4.0,False,,1,[0.0471138340071775],1,0.0471138340071775,0.0,8,8,0,0.4533901534253759,0.6707194056166748,0.40485751686527005,0.837059920299627,656.1520971541513
compound,shape,399,2,kmeans,"{""init"":""k-means++"",""n_clusters"":9,""n_init"":20}",4.0,False,,1,[0.045580249978229403],1,0.045580249978229403,0.0,9,9,0,0.39797623868592474,0.654929055764857,0.4025809881617659,0.8232831232682603,642.116301100377
compound,shape,399,2,kmeans,"{""init"":""k-means++"",""n_clusters"":10,""n_init"":20}",4.0,False,,1,[0.036662790982518345],1,0.036662790982518345,0.0,10,10,0,0.41954092857903974,0.6767055657955183,0.40116843704003463,0.8564948650171305,641.1501287535233
compound,shape,399,2,kmeans,"{""init"":""k-means++"",""n_clusters"":11,""n_init"":20}",4.0,False,,1,[0.035646375035867095],1,0.035646375035867095,0.0,11,11,0,0.39222904432697425,0.6663266238337978,0.40518509272700204,0.8635073692818434,641.2065055158058
compound,shape,399,2,kmeans,"{""init"":""k-means++"",""n_clusters"":12,""n_init"":20}",4.0,False,,1,[0.03422954201232642],1,0.03422954201232642,0.0,12,12,0,0.38409060362710085,0.6608107815291705,0.3987833908200211,0.8632937494367,648.5411268598036
jain,shape,373,2,ward,"{""linkage"":""ward"",""n_clusters"":2}",,True,True,2,"[0.0017016250058077276, 0.001684207993093878]",2,0.0016929164994508028,8.708506356924772e-06,2,2,0,0.5691559292963253,0.5419935754570145,0.5042663862106481,0.7919435147849887,486.3050029940725
jain,shape,373,2,ward,"{""linkage"":""ward"",""n_clusters"":3}",,True,True,2,"[0.0015277079655788839, 0.0016663329442963004]",2,0.0015970204549375921,6.931248935870826e-05,3,3,0,0.28167101322909005,0.41153205105046625,0.5017259408135004,0.633452839116968,522.4311086286152
jain,shape,373,2,ward,"{""linkage"":""ward"",""n_clusters"":4}",,True,True,2,"[0.0014882090035825968, 0.001602749980520457]",2,0.001545479492051527,5.7270488468930125e-05,4,4,0,0.31180148439758537,0.4425293508984231,0.463704642429364,0.8204885815629082,529.9404191915319
jain,shape,373,2,ward,"{""linkage"":""ward"",""n_clusters"":5}",,True,True,2,"[0.0014612919767387211, 0.0015709170256741345]",2,0.0015161045012064278,5.481252446770668e-05,5,5,0,0.18972929545735503,0.385828964718812,0.43368802597245226,0.7927791106303791,555.1432907666604
jain,shape,373,2,ward,"{""linkage"":""ward"",""n_clusters"":6}",,True,True,2,"[0.0014388749841600657, 0.001564042002428323]",2,0.0015014584932941943,6.258350913412869e-05,6,6,0,0.17272625760377286,0.36776914251685044,0.4388511255130651,0.6938337838887331,573.1866372608981
jain,shape,373,2,ward,"{""linkage"":""ward"",""n_clusters"":7}",,True,True,2,"[0.001444124965928495, 0.0018001670250669122]",2,0.0016221459954977036,0.00017802102956920862,7,7,0,0.2249523884481405,0.4723859775680717,0.44561369180122673,0.7121635103528033,630.4336954226553
jain,shape,373,2,ward,"{""linkage"":""ward"",""n_clusters"":8}",,True,True,2,"[0.001429750001989305, 0.001655291998758912]",2,0.0015425210003741086,0.00011277099838480353,8,8,0,0.19674082980913563,0.44719558607485727,0.4274365696588197,0.7068013101663728,670.9188044231605
jain,shape,373,2,ward,"{""linkage"":""ward"",""n_clusters"":9}",,True,True,2,"[0.0014197909622453153, 0.0016325829783454537]",2,0.0015261869702953845,0.00010639600805006921,9,9,0,0.15159914772386734,0.4183987175854458,0.4326626256720491,0.6978676659554328,748.432958155974
jain,shape,373,2,ward,"{""linkage"":""ward"",""n_clusters"":10}",,True,True,2,"[0.0014359999913722277, 0.0015916249831207097]",2,0.0015138124872464687,7.7812495874241e-05,10,10,0,0.14421885323969175,0.40774035024426547,0.426107356487816,0.7285969285960804,753.3201138109109
jain,shape,373,2,ward,"{""linkage"":""ward"",""n_clusters"":11}",,True,True,2,"[0.0014295420260168612, 0.0015768330194987357]",2,0.0015031875227577984,7.364549674093723e-05,11,11,0,0.1266625105215401,0.3922332666196036,0.42189628814514557,0.7415603072849936,750.3018048472763
jain,shape,373,2,ward,"{""linkage"":""ward"",""n_clusters"":12}",,True,True,2,"[0.001425792055670172, 0.001580999989528209]",2,0.0015033960225991905,7.76039669290185e-05,12,12,0,0.1240129801023061,0.3866738746941747,0.4190270386979455,0.733442092237672,761.9944439876177
jain,shape,373,2,dbscan,"{""eps"":0.1,""min_samples"":3}",,True,True,2,"[0.00115462503163144, 0.0011108749895356596]",2,0.0011327500105835497,2.1875021047890186e-05,22,22,83,0.08544430136704208,0.29221492213954714,0.3082180780497825,0.5127218474816555,478.98781400444625
jain,shape,373,2,dbscan,"{""eps"":0.1,""min_samples"":5}",,True,True,2,"[0.0009596250019967556, 0.000986750004813075]",2,0.0009731875034049153,1.3562501408159733e-05,21,21,136,0.010863409312651113,0.22673046989622142,0.3682589952903353,0.6401486512173454,687.7577609563855
jain,shape,373,2,dbscan,"{""eps"":0.1,""min_samples"":10}",,True,True,2,"[0.0008990829810500145, 0.0009293750044889748]",2,0.0009142289927694947,1.5146011719480157e-05,1,1,363,-0.031214415968435286,0.02355347838199407,,,
jain,shape,373,2,dbscan,"{""eps"":0.2,""min_samples"":3}",,True,True,2,"[0.0010310829966329038, 0.0010577499633654952]",2,0.0010444164799991995,1.3333483366295695e-05,9,9,15,0.8842033288860134,0.6942612802644436,0.1316207563334016,0.7185497051021177,51.96219122516433
jain,shape,373,2,dbscan,"{""eps"":0.2,""min_samples"":5}",,True,True,2,"[0.001002624980174005, 0.0010505410027690232]",2,0.001026582991471514,2.3958011297509074e-05,6,6,40,0.8888195070868689,0.7280008387083867,0.2732969660548489,0.6640647085885244,55.6775414351929
jain,shape,373,2,dbscan,"{""eps"":0.2,""min_samples"":10}",,True,True,2,"[0.000980250013526529, 0.0010246250312775373]",2,0.0010024375224020332,2.2187508875504136e-05,2,2,84,0.9542046459625031,0.8889017013909634,0.46529916151224504,0.45822777747174326,77.55523940657042
jain,shape,373,2,dbscan,"{""eps"":0.3,""min_samples"":3}",,True,True,2,"[0.0010971669689752162, 0.001130041026044637]",2,0.0011136039975099266,1.6437028534710407e-05,4,4,1,0.9382350864023407,0.8462290244702023,0.3780577073274549,0.7215527010322309,146.05167337165645
jain,shape,373,2,dbscan,"{""eps"":0.3,""min_samples"":5}",,True,True,2,"[0.0010589580051600933, 0.0010922079673036933]",2,0.0010755829862318933,1.6624981071799994e-05,4,4,5,0.9323016244825639,0.8287637133170888,0.37369446287900643,0.702043087620359,139.39062067628802
jain,shape,373,2,dbscan,"{""eps"":0.3,""min_samples"":10}",,True,True,2,"[0.0010446670348756015, 0.0010765829938463867]",2,0.001060625014360994,1.595797948539257e-05,3,3,49,0.9141601149263386,0.8128615757418354,0.23661785466518706,0.8342293595793562,84.10632143326018
jain,shape,373,2,dbscan,"{""eps"":0.4,""min_samples"":3}",,True,True,2,"[0.0013354580150917172, 0.001209957990795374]",2,0.0012727080029435456,6.275001214817166e-05,1,1,0,0.0,0.0,,,
jain,shape,373,2,dbscan,"{""eps"":0.4,""min_samples"":5}",,True,True,2,"[0.0011018330114893615, 0.0011237500002607703]",2,0.001112791505875066,1.0958494385704398e-05,1,1,0,0.0,0.0,,,
jain,shape,373,2,dbscan,"{""eps"":0.4,""min_samples"":10}",,True,True,2,"[0.0010789170046336949, 0.0012905409676022828]",2,0.0011847289861179888,0.00010581198148429394,1,1,8,0.0788101217700292,0.08737666172103678,,,
jain,shape,373,2,dbscan,"{""eps"":0.5,""min_samples"":3}",,True,True,2,"[0.0011576659744605422, 0.00118245801422745]",2,0.001170061994343996,1.2396019883453846e-05,1,1,0,0.0,0.0,,,
jain,shape,373,2,dbscan,"{""eps"":0.5,""min_samples"":5}",,True,True,2,"[0.0011316250311210752, 0.0011663750046864152]",2,0.0011490000179037452,1.737498678267002e-05,1,1,0,0.0,0.0,,,
jain,shape,373,2,dbscan,"{""eps"":0.5,""min_samples"":10}",,True,True,2,"[0.0011158330016769469, 0.0011502919951453805]",2,0.0011330624984111637,1.722949673421681e-05,1,1,0,0.0,0.0,,,
jain,shape,373,2,dbscan,"{""eps"":0.6,""min_samples"":3}",,True,True,2,"[0.0012007500045001507, 0.001233499962836504]",2,0.0012171249836683273,1.637497916817665e-05,1,1,0,0.0,0.0,,,
jain,shape,373,2,dbscan,"{""eps"":0.6,""min_samples"":5}",,True,True,2,"[0.0011703329510055482, 0.0012085000053048134]",2,0.0011894164781551808,1.9083527149632573e-05,1,1,0,0.0,0.0,,,
jain,shape,373,2,dbscan,"{""eps"":0.6,""min_samples"":10}",,True,True,2,"[0.001166542002465576, 0.0011888750013895333]",2,0.0011777085019275546,1.1166499461978674e-05,1,1,0,0.0,0.0,,,
jain,shape,373,2,dbscan,"{""eps"":0.7,""min_samples"":3}",,True,True,2,"[0.0012293750187382102, 0.0012670839787460864]",2,0.0012482294987421483,1.885448000393808e-05,1,1,0,0.0,0.0,,,
jain,shape,373,2,dbscan,"{""eps"":0.7,""min_samples"":5}",,True,True,2,"[0.0012094170087948442, 0.0012420000275596976]",2,0.0012257085181772709,1.629150938242674e-05,1,1,0,0.0,0.0,,,
jain,shape,373,2,dbscan,"{""eps"":0.7,""min_samples"":10}",,True,True,2,"[0.001214332995004952, 0.0012413330259732902]",2,0.001227833010489121,1.3500015484169126e-05,1,1,0,0.0,0.0,,,
jain,shape,373,2,dbscan,"{""eps"":0.8,""min_samples"":3}",,True,True,2,"[0.0013609169982373714, 0.001289582985918969]",2,0.0013252499920781702,3.5667006159201264e-05,1,1,0,0.0,0.0,,,
jain,shape,373,2,dbscan,"{""eps"":0.8,""min_samples"":5}",,True,True,2,"[0.0012558340094983578, 0.0012799170217476785]",2,0.0012678755156230181,1.2041506124660373e-05,1,1,0,0.0,0.0,,,
jain,shape,373,2,dbscan,"{""eps"":0.8,""min_samples"":10}",,True,True,2,"[0.001241458987351507, 0.0012550840037874877]",2,0.0012482714955694973,6.812508217990398e-06,1,1,0,0.0,0.0,,,
jain,shape,373,2,dbscan,"{""eps"":0.9,""min_samples"":3}",,True,True,2,"[0.0012869999627582729, 0.0013116669724695385]",2,0.0012993334676139057,1.2333504855632782e-05,1,1,0,0.0,0.0,,,
jain,shape,373,2,dbscan,"{""eps"":0.9,""min_samples"":5}",,True,True,2,"[0.0012714999611489475, 0.0012968340306542814]",2,0.0012841669959016144,1.266703475266695e-05,1,1,0,0.0,0.0,,,
jain,shape,373,2,dbscan,"{""eps"":0.9,""min_samples"":10}",,True,True,2,"[0.001262500009033829, 0.001305249985307455]",2,0.001283874997170642,2.1374988136813045e-05,1,1,0,0.0,0.0,,,
jain,shape,373,2,dbscan,"{""eps"":1.0,""min_samples"":3}",,True,True,2,"[0.0013515829923562706, 0.0013796659768559039]",2,0.0013656244846060872,1.4041492249816656e-05,1,1,0,0.0,0.0,,,
jain,shape,373,2,dbscan,"{""eps"":1.0,""min_samples"":5}",,True,True,2,"[0.0013097499613650143, 0.0013320420403033495]",2,0.001320896000834182,1.114603946916759e-05,1,1,0,0.0,0.0,,,
jain,shape,373,2,dbscan,"{""eps"":1.0,""min_samples"":10}",,True,True,2,"[0.0013781659654341638, 0.0013917500036768615]",2,0.0013849579845555127,6.792019121348858e-06,1,1,0,0.0,0.0,,,
jain,shape,373,2,dbscan,"{""eps"":1.1,""min_samples"":3}",,True,True,2,"[0.0013504170347005129, 0.0013765000039711595]",2,0.0013634585193358362,1.3041484635323286e-05,1,1,0,0.0,0.0,,,
jain,shape,373,2,dbscan,"{""eps"":1.1,""min_samples"":5}",,True,True,2,"[0.001425708003807813, 0.0014947089948691428]",2,0.0014602084993384778,3.450049553066492e-05,1,1,0,0.0,0.0,,,
jain,shape,373,2,dbscan,"{""eps"":1.1,""min_samples"":10}",,True,True,2,"[0.0013231670018285513, 0.0013495830353349447]",2,0.001336375018581748,1.3208016753196716e-05,1,1,0,0.0,0.0,,,
jain,shape,373,2,dbscan,"{""eps"":1.2,""min_samples"":3}",,True,True,2,"[0.0014527920284308493, 0.0014716250007040799]",2,0.0014622085145674646,9.416486136615276e-06,1,1,0,0.0,0.0,,,
jain,shape,373,2,dbscan,"{""eps"":1.2,""min_samples"":5}",,True,True,2,"[0.0013492919970303774, 0.0013752920203842223]",2,0.0013622920087072998,1.300001167692244e-05,1,1,0,0.0,0.0,,,
jain,shape,373,2,dbscan,"{""eps"":1.2,""min_samples"":10}",,True,True,2,"[0.001418875006493181, 0.0014279159950092435]",2,0.0014233955007512122,4.520494258031249e-06,1,1,0,0.0,0.0,,,
jain,shape,373,2,classix,"{""engine"":""classix"",""group_merging"":""distance"",""minPts"":1,""radius"":0.1}",,True,True,2,"[0.003259874996729195, 0.003412500023841858]",2,0.0033361875102855265,7.63125135563314e-05,37,37,0,0.3050294161082815,0.4199600078281878,0.19319680606635295,0.5054033172215477,83.66125881548005
jain,shape,373,2,classix,"{""engine"":""classix"",""group_merging"":""density"",""minPts"":1,""radius"":0.1}",,True,True,2,"[0.010136541968677193, 0.010333458019886166]",2,0.01023499999428168,9.845802560448647e-05,59,59,0,0.1471357080826055,0.3277283081857008,0.11906137466331082,0.5009793319554604,124.9695599421505
jain,shape,373,2,classix,"{""engine"":""classix"",""group_merging"":""distance"",""minPts"":5,""radius"":0.1}",,True,True,2,"[0.0035892919986508787, 0.0037600839859806]",2,0.0036746879923157394,8.539599366486073e-05,10,10,0,0.3223555601716667,0.48470479578147074,0.4403652740656988,0.7020768381089579,316.82744857074545
jain,shape,373,2,classix,"{""engine"":""classix"",""group_merging"":""density"",""minPts"":5,""radius"":0.1}",,True,True,2,"[0.010817916947416961, 0.010964165965560824]",2,0.010891041456488892,7.312450907193124e-05,12,12,0,0.1849582418501998,0.40346070240134524,0.27825561146766703,0.8486047898881459,353.19747045370195
jain,shape,373,2,classix,"{""engine"":""classix"",""group_merging"":""distance"",""minPts"":10,""radius"":0.1}",,True,True,2,"[0.0037022920441813767, 0.0038551249890588224]",2,0.0037787085166200995,7.641647243872285e-05,5,5,0,0.35859386796656767,0.53957730219297,0.4316312841044816,0.7248368025110523,480.6448443881787
jain,shape,373,2,classix,"{""engine"":""classix"",""group_merging"":""density"",""minPts"":10,""radius"":0.1}",,True,True,2,"[0.010765124985482544, 0.011136249988339841]",2,0.010950687486911193,0.00018556250142864883,6,6,0,0.20541692398848088,0.38560663617052404,0.3587899622722979,0.7684759603915818,469.6372806526163
jain,shape,373,2,classix,"{""engine"":""classix"",""group_merging"":""distance"",""minPts"":1,""radius"":0.2}",,True,True,2,"[0.0015801669796928763, 0.001671082980465144]",2,0.0016256249800790101,4.545800038613379e-05,4,4,0,0.9782425915281664,0.9331332509181037,0.08164676700391668,0.8571642403828056,127.4530185267909
jain,shape,373,2,classix,"{""engine"":""classix"",""group_merging"":""density"",""minPts"":1,""radius"":0.2}",,True,True,2,"[0.005808416986837983, 0.005961583054158837]",2,0.00588500002049841,7.658303366042674e-05,13,13,0,0.9014818352629625,0.7269061583306982,0.04786564705494021,0.6867216191641469,39.56726445289521
jain,shape,373,2,classix,"{""engine"":""classix"",""group_merging"":""distance"",""minPts"":5,""radius"":0.2}",,True,True,2,"[0.0015991670079529285, 0.0017062079859897494]",2,0.001652687496971339,5.3520489018410444e-05,3,3,0,0.9809240642431116,0.9444586796478842,0.3760762622382739,0.7479299971300617,189.33265867973677
jain,shape,373,2,classix,"{""engine"":""classix"",""group_merging"":""density"",""minPts"":5,""radius"":0.2}",,True,True,2,"[0.005923541029915214, 0.0061084170010872185]",2,0.006015979015501216,9.243798558600247e-05,6,6,0,0.9063402685565337,0.7671860146617255,0.31111493886152397,0.8790498164700193,94.52858027991428
jain,shape,373,2,classix,"{""engine"":""classix"",""group_merging"":""distance"",""minPts"":10,""radius"":0.2}",,True,True,2,"[0.0016232079942710698, 0.0017401250079274178]",2,0.0016816665010992438,5.8458506828173995e-05,2,2,0,1.0,1.0,0.45112370157568393,0.8096925059289811,351.74177702966216
jain,shape,373,2,classix,"{""engine"":""classix"",""group_merging"":""density"",""minPts"":10,""radius"":0.2}",,True,True,2,"[0.0060957089881412685, 0.00625695800408721]",2,0.006176333496114239,8.06245079729706e-05,3,3,0,0.9397136079468119,0.8769398008811272,0.38947664455187153,0.8459797339228042,213.25573558437847
jain,shape,373,2,classix,"{""engine"":""classix"",""group_merging"":""distance"",""minPts"":1,""radius"":0.3}",,True,True,2,"[0.0009952920372597873, 0.0010811249958351254]",2,0.0010382085165474564,4.291647928766906e-05,1,1,0,0.0,0.0,,,
jain,shape,373,2,classix,"{""engine"":""classix"",""group_merging"":""density"",""minPts"":1,""radius"":0.3}",,True,True,2,"[0.003364957985468209, 0.003511834016535431]",2,0.00343839600100182,7.343801553361118e-05,3,3,0,0.9459344663825814,0.8853687999016611,0.4082738332950478,0.7673823112336078,213.50309186034332
jain,shape,373,2,classix,"{""engine"":""classix"",""group_merging"":""distance"",""minPts"":5,""radius"":0.3}",,True,True,2,"[0.0009638339979574084, 0.0010604580165818334]",2,0.001012146007269621,4.831200931221247e-05,1,1,0,0.0,0.0,,,
jain,shape,373,2,classix,"{""engine"":""classix"",""group_merging"":""density"",""minPts"":5,""radius"":0.3}",,True,True,2,"[0.003387375036254525, 0.0035210420028306544]",2,0.00345420851954259,6.68334832880646e-05,3,3,0,0.9459344663825814,0.8853687999016611,0.4082738332950478,0.7673823112336078,213.50309186034332
jain,shape,373,2,classix,"{""engine"":""classix"",""group_merging"":""distance"",""minPts"":10,""radius"":0.3}",,True,True,2,"[0.0009821670246310532, 0.0010714580421335995]",2,0.0010268125333823264,4.4645508751273155e-05,1,1,0,0.0,0.0,,,
jain,shape,373,2,classix,"{""engine"":""classix"",""group_merging"":""density"",""minPts"":10,""radius"":0.3}",,True,True,2,"[0.0033434999641031027, 0.003640832961536944]",2,0.0034921664628200233,0.00014866649871692061,3,3,0,0.9459344663825814,0.8853687999016611,0.4082738332950478,0.7673823112336078,213.50309186034332
jain,shape,373,2,classix,"{""engine"":""classix"",""group_merging"":""distance"",""minPts"":1,""radius"":0.4}",,True,True,2,"[0.00072900002123788, 0.00083687505684793]",2,0.000782937539042905,5.393751780502498e-05,1,1,0,0.0,0.0,,,
jain,shape,373,2,classix,"{""engine"":""classix"",""group_merging"":""density"",""minPts"":1,""radius"":0.4}",,True,True,2,"[0.002383915998507291, 0.002520749985706061]",2,0.002452332992106676,6.841699359938502e-05,1,1,0,0.0,0.0,,,
jain,shape,373,2,classix,"{""engine"":""classix"",""group_merging"":""distance"",""minPts"":5,""radius"":0.4}",,True,True,2,"[0.00072975002694875, 0.0007961249793879688]",2,0.0007629375031683594,3.318747621960938e-05,1,1,0,0.0,0.0,,,
jain,shape,373,2,classix,"{""engine"":""classix"",""group_merging"":""density"",""minPts"":5,""radius"":0.4}",,True,True,2,"[0.0023888329742476344, 0.003198874997906387]",2,0.0027938539860770106,0.0004050210118293762,1,1,0,0.0,0.0,,,
jain,shape,373,2,classix,"{""engine"":""classix"",""group_merging"":""distance"",""minPts"":10,""radius"":0.4}",,True,True,2,"[0.0007162090041674674, 0.0012028329656459391]",2,0.0009595209849067032,0.00024331198073923588,1,1,0,0.0,0.0,,,
jain,shape,373,2,classix,"{""engine"":""classix"",""group_merging"":""density"",""minPts"":10,""radius"":0.4}",,True,True,2,"[0.00237333303084597, 0.003271541965659708]",2,0.002822437498252839,0.00044910446740686893,1,1,0,0.0,0.0,,,
jain,shape,373,2,classix,"{""engine"":""classix"",""group_merging"":""distance"",""minPts"":1,""radius"":0.5}",,True,True,2,"[0.0006101669860072434, 0.0008080409606918693]",2,0.0007091039733495563,9.893698734231293e-05,1,1,0,0.0,0.0,,,
jain,shape,373,2,classix,"{""engine"":""classix"",""group_merging"":""density"",""minPts"":1,""radius"":0.5}",,True,True,2,"[0.0019354589749127626, 0.002104458981193602]",2,0.0020199589780531824,8.450000314041972e-05,1,1,0,0.0,0.0,,,
jain,shape,373,2,classix,"{""engine"":""classix"",""group_merging"":""distance"",""minPts"":5,""radius"":0.5}",,True,True,2,"[0.0006033750250935555, 0.0007034160080365837]",2,0.0006533955165650696,5.0020491471514106e-05,1,1,0,0.0,0.0,,,
jain,shape,373,2,classix,"{""engine"":""classix"",""group_merging"":""density"",""minPts"":5,""radius"":0.5}",,True,True,2,"[0.0019269159529358149, 0.0020243339822627604]",2,0.0019756249675992876,4.870901466347277e-05,1,1,0,0.0,0.0,,,
jain,shape,373,2,classix,"{""engine"":""classix"",""group_merging"":""distance"",""minPts"":10,""radius"":0.5}",,True,True,2,"[0.000595834047999233, 0.0010116660268977284]",2,0.0008037500374484807,0.00020791598944924772,1,1,0,0.0,0.0,,,
jain,shape,373,2,classix,"{""engine"":""classix"",""group_merging"":""density"",""minPts"":10,""radius"":0.5}",,True,True,2,"[0.0019424590282142162, 0.002758249989710748]",2,0.002350354508962482,0.000407895480748266,1,1,0,0.0,0.0,,,
jain,shape,373,2,classix,"{""engine"":""classix"",""group_merging"":""distance"",""minPts"":1,""radius"":0.6}",,True,True,2,"[0.0005204160115681589, 0.0007722910377196968]",2,0.0006463535246439278,0.00012593751307576895,1,1,0,0.0,0.0,,,
jain,shape,373,2,classix,"{""engine"":""classix"",""group_merging"":""density"",""minPts"":1,""radius"":0.6}",,True,True,2,"[0.0016088340198621154, 0.0023908750154078007]",2,0.001999854517634958,0.00039102049777284265,1,1,0,0.0,0.0,,,
jain,shape,373,2,classix,"{""engine"":""classix"",""group_merging"":""distance"",""minPts"":5,""radius"":0.6}",,True,True,2,"[0.0005052090273238719, 0.0007787910290062428]",2,0.0006420000281650573,0.00013679100084118545,1,1,0,0.0,0.0,,,
jain,shape,373,2,classix,"{""engine"":""classix"",""group_merging"":""density"",""minPts"":5,""radius"":0.6}",,True,True,2,"[0.001591541978996247, 0.0021777079673483968]",2,0.001884624973172322,0.00029308299417607486,1,1,0,0.0,0.0,,,
jain,shape,373,2,classix,"{""engine"":""classix"",""group_merging"":""distance"",""minPts"":10,""radius"":0.6}",,True,True,2,"[0.0004964999970979989, 0.0007393329869955778]",2,0.0006179164920467883,0.00012141649494878948,1,1,0,0.0,0.0,,,
jain,shape,373,2,classix,"{""engine"":""classix"",""group_merging"":""density"",""minPts"":10,""radius"":0.6}",,True,True,2,"[0.0017825409886427224, 0.0017683340120129287]",2,0.0017754375003278255,7.103488314896822e-06,1,1,0,0.0,0.0,,,
jain,shape,373,2,classix,"{""engine"":""classix"",""group_merging"":""distance"",""minPts"":1,""radius"":0.7}",,True,True,2,"[0.0004597919760271907, 0.0005438750376924872]",2,0.000501833506859839,4.204153083264828e-05,1,1,0,0.0,0.0,,,
jain,shape,373,2,classix,"{""engine"":""classix"",""group_merging"":""density"",""minPts"":1,""radius"":0.7}",,True,True,2,"[0.0012319579836912453, 0.0013383339974097908]",2,0.001285145990550518,5.318800685927272e-05,1,1,0,0.0,0.0,,,
jain,shape,373,2,classix,"{""engine"":""classix"",""group_merging"":""distance"",""minPts"":5,""radius"":0.7}",,True,True,2,"[0.0004403750062920153, 0.0005163750029169023]",2,0.0004783750046044588,3.7999998312443495e-05,1,1,0,0.0,0.0,,,
jain,shape,373,2,classix,"{""engine"":""classix"",""group_merging"":""density"",""minPts"":5,""radius"":0.7}",,True,True,2,"[0.0012149999965913594, 0.0017542500281706452]",2,0.0014846250123810023,0.00026962501578964293,1,1,0,0.0,0.0,,,
jain,shape,373,2,classix,"{""engine"":""classix"",""group_merging"":""distance"",""minPts"":10,""radius"":0.7}",,True,True,2,"[0.00043666601413860917, 0.0007111669983714819]",2,0.0005739165062550455,0.00013725049211643636,1,1,0,0.0,0.0,,,
jain,shape,373,2,classix,"{""engine"":""classix"",""group_merging"":""density"",""minPts"":10,""radius"":0.7}",,True,True,2,"[0.0012232080334797502, 0.0016987919807434082]",2,0.0014610000071115792,0.00023779197363182902,1,1,0,0.0,0.0,,,
jain,shape,373,2,classix,"{""engine"":""classix"",""group_merging"":""distance"",""minPts"":1,""radius"":0.8}",,True,True,2,"[0.00040154095040634274, 0.0006110419635660946]",2,0.0005062914569862187,0.00010475050657987595,1,1,0,0.0,0.0,,,
jain,shape,373,2,classix,"{""engine"":""classix"",""group_merging"":""density"",""minPts"":1,""radius"":0.8}",,True,True,2,"[0.0010509589919820428, 0.0013995000044815242]",2,0.0012252294982317835,0.00017427050624974072,1,1,0,0.0,0.0,,,
jain,shape,373,2,classix,"{""engine"":""classix"",""group_merging"":""distance"",""minPts"":5,""radius"":0.8}",,True,True,2,"[0.00040200003422796726, 0.0005463749985210598]",2,0.0004741875163745135,7.218748214654624e-05,1,1,0,0.0,0.0,,,
jain,shape,373,2,classix,"{""engine"":""classix"",""group_merging"":""density"",""minPts"":5,""radius"":0.8}",,True,True,2,"[0.0010457919561304152, 0.0011585839674808085]",2,0.0011021879618056118,5.639600567519665e-05,1,1,0,0.0,0.0,,,
jain,shape,373,2,classix,"{""engine"":""classix"",""group_merging"":""distance"",""minPts"":10,""radius"":0.8}",,True,True,2,"[0.0004000409971922636, 0.000490040984004736]",2,0.0004450409905984998,4.499999340623617e-05,1,1,0,0.0,0.0,,,
jain,shape,373,2,classix,"{""engine"":""classix"",""group_merging"":""density"",""minPts"":10,""radius"":0.8}",,True,True,2,"[0.0010439999750815332, 0.0011385830002836883]",2,0.0010912914876826108,4.7291512601077557e-05,1,1,0,0.0,0.0,,,
jain,shape,373,2,classix,"{""engine"":""classix"",""group_merging"":""distance"",""minPts"":1,""radius"":0.9}",,True,True,2,"[0.0003762500127777457, 0.0006796669913455844]",2,0.0005279585020616651,0.00015170848928391933,1,1,0,0.0,0.0,,,
jain,shape,373,2,classix,"{""engine"":""classix"",""group_merging"":""density"",""minPts"":1,""radius"":0.9}",,True,True,2,"[0.0010126660345122218, 0.0014835419715382159]",2,0.0012481040030252188,0.00023543796851299703,1,1,0,0.0,0.0,,,
jain,shape,373,2,classix,"{""engine"":""classix"",""group_merging"":""distance"",""minPts"":5,""radius"":0.9}",,True,True,2,"[0.0003808750188909471, 0.0005918749957345426]",2,0.00048637500731274486,0.00010549998842179775,1,1,0,0.0,0.0,,,
jain,shape,373,2,classix,"{""engine"":""classix"",""group_merging"":""density"",""minPts"":5,""radius"":0.9}",,True,True,2,"[0.0010175839997828007, 0.0014424159890040755]",2,0.001229999994393438,0.00021241599461063743,1,1,0,0.0,0.0,,,
jain,shape,373,2,classix,"{""engine"":""classix"",""group_merging"":""distance"",""minPts"":10,""radius"":0.9}",,True,True,2,"[0.00038479099748656154, 0.0006037919665686786]",2,0.0004942914820276201,0.00010950048454105854,1,1,0,0.0,0.0,,,
jain,shape,373,2,classix,"{""engine"":""classix"",""group_merging"":""density"",""minPts"":10,""radius"":0.9}",,True,True,2,"[0.001013792003504932, 0.0015141670010052621]",2,0.001263979502255097,0.0002501874987501651,1,1,0,0.0,0.0,,,
jain,shape,373,2,classix,"{""engine"":""classix"",""group_merging"":""distance"",""minPts"":1,""radius"":1.0}",,True,True,2,"[0.000359416997525841, 0.0005596670089289546]",2,0.0004595420032273978,0.0001001250057015568,1,1,0,0.0,0.0,,,
jain,shape,373,2,classix,"{""engine"":""classix"",""group_merging"":""density"",""minPts"":1,""radius"":1.0}",,True,True,2,"[0.0008901249966584146, 0.0012354580103419721]",2,0.0010627915035001934,0.00017266650684177876,1,1,0,0.0,0.0,,,
jain,shape,373,2,classix,"{""engine"":""classix"",""group_merging"":""distance"",""minPts"":5,""radius"":1.0}",,True,True,2,"[0.0003610420390032232, 0.0006100000464357436]",2,0.0004855210427194834,0.0001244790037162602,1,1,0,0.0,0.0,,,
jain,shape,373,2,classix,"{""engine"":""classix"",""group_merging"":""density"",""minPts"":5,""radius"":1.0}",,True,True,2,"[0.0008803749806247652, 0.0009938750299625099]",2,0.0009371250052936375,5.6750024668872356e-05,1,1,0,0.0,0.0,,,
jain,shape,373,2,classix,"{""engine"":""classix"",""group_merging"":""distance"",""minPts"":10,""radius"":1.0}",,True,True,2,"[0.0003661250229924917, 0.0004337080172263086]",2,0.00039991652010940015,3.379149711690843e-05,1,1,0,0.0,0.0,,,
jain,shape,373,2,classix,"{""engine"":""classix"",""group_merging"":""density"",""minPts"":10,""radius"":1.0}",,True,True,2,"[0.0008905420545488596, 0.0009789169998839498]",2,0.0009347295272164047,4.418747266754508e-05,1,1,0,0.0,0.0,,,
jain,shape,373,2,classix,"{""engine"":""classix"",""group_merging"":""distance"",""minPts"":1,""radius"":1.1}",,True,True,2,"[0.00034662499092519283, 0.00041508296271786094]",2,0.0003808539768215269,3.422898589633405e-05,1,1,0,0.0,0.0,,,
jain,shape,373,2,classix,"{""engine"":""classix"",""group_merging"":""density"",""minPts"":1,""radius"":1.1}",,True,True,2,"[0.0007906659739091992, 0.0008679159800522029]",2,0.0008292909769807011,3.862500307150185e-05,1,1,0,0.0,0.0,,,
jain,shape,373,2,classix,"{""engine"":""classix"",""group_merging"":""distance"",""minPts"":5,""radius"":1.1}",,True,True,2,"[0.0003426670446060598, 0.0004063330125063658]",2,0.0003745000285562128,3.183298395015299e-05,1,1,0,0.0,0.0,,,
jain,shape,373,2,classix,"{""engine"":""classix"",""group_merging"":""density"",""minPts"":5,""radius"":1.1}",,True,True,2,"[0.0007810830138623714, 0.0011557500110939145]",2,0.000968416512478143,0.00018733349861577153,1,1,0,0.0,0.0,,,
jain,shape,373,2,classix,"{""engine"":""classix"",""group_merging"":""distance"",""minPts"":10,""radius"":1.1}",,True,True,2,"[0.0003404589951969683, 0.0006038750289008021]",2,0.0004721670120488852,0.0001317080168519169,1,1,0,0.0,0.0,,,
jain,shape,373,2,classix,"{""engine"":""classix"",""group_merging"":""density"",""minPts"":10,""radius"":1.1}",,True,True,2,"[0.0007775419508107007, 0.0011580000282265246]",2,0.0009677709895186126,0.00019022903870791197,1,1,0,0.0,0.0,,,
jain,shape,373,2,classix,"{""engine"":""classix"",""group_merging"":""distance"",""minPts"":1,""radius"":1.2}",,True,True,2,"[0.00033779197838157415, 0.0005589590291492641]",2,0.0004483755037654191,0.00011058352538384497,1,1,0,0.0,0.0,,,
jain,shape,373,2,classix,"{""engine"":""classix"",""group_merging"":""density"",""minPts"":1,""radius"":1.2}",,True,True,2,"[0.0007883749785833061, 0.0008730000117793679]",2,0.000830687495181337,4.2312516598030925e-05,1,1,0,0.0,0.0,,,
jain,shape,373,2,classix,"{""engine"":""classix"",""group_merging"":""distance"",""minPts"":5,""radius"":1.2}",,True,True,2,"[0.0003365409793332219, 0.00041749997762963176]",2,0.00037702047848142684,4.047949914820492e-05,1,1,0,0.0,0.0,,,
jain,shape,373,2,classix,"{""engine"":""classix"",""group_merging"":""density"",""minPts"":5,""radius"":1.2}",,True,True,2,"[0.0007800839957781136, 0.0008610840304754674]",2,0.0008205840131267905,4.050001734867692e-05,1,1,0,0.0,0.0,,,
jain,shape,373,2,classix,"{""engine"":""classix"",""group_merging"":""distance"",""minPts"":10,""radius"":1.2}",,True,True,2,"[0.0003345419536344707, 0.0004092919989489019]",2,0.0003719169762916863,3.7375022657215595e-05,1,1,0,0.0,0.0,,,
jain,shape,373,2,classix,"{""engine"":""classix"",""group_merging"":""density"",""minPts"":10,""radius"":1.2}",,True,True,2,"[0.0007889589760452509, 0.0008627499919384718]",2,0.0008258544839918613,3.689550794661045e-05,1,1,0,0.0,0.0,,,
jain,shape,373,2,classix,"{""engine"":""classix"",""group_merging"":""distance"",""minPts"":1,""radius"":1.3}",,True,True,2,"[0.00030625000363215804, 0.000370291993021965]",2,0.00033827099832706153,3.202099469490349e-05,1,1,0,0.0,0.0,,,
jain,shape,373,2,classix,"{""engine"":""classix"",""group_merging"":""density"",""minPts"":1,""radius"":1.3}",,True,True,2,"[0.0005684169591404498, 0.0006371669587679207]",2,0.0006027919589541852,3.4374999813735485e-05,1,1,0,0.0,0.0,,,
jain,shape,373,2,classix,"{""engine"":""classix"",""group_merging"":""distance"",""minPts"":5,""radius"":1.3}",,True,True,2,"[0.0002987090265378356, 0.0005450409953482449]",2,0.00042187501094304025,0.00012316598440520465,1,1,0,0.0,0.0,,,
jain,shape,373,2,classix,"{""engine"":""classix"",""group_merging"":""density"",""minPts"":5,""radius"":1.3}",,True,True,2,"[0.0005671249818988144, 0.0008849169826135039]",2,0.0007260209822561592,0.00015889600035734475,1,1,0,0.0,0.0,,,
jain,shape,373,2,classix,"{""engine"":""classix"",""group_merging"":""distance"",""minPts"":10,""radius"":1.3}",,True,True,2,"[0.0003037909627892077, 0.000480624963529408]",2,0.00039220796315930784,8.841700037010014e-05,1,1,0,0.0,0.0,,,
jain,shape,373,2,classix,"{""engine"":""classix"",""group_merging"":""density"",""minPts"":10,""radius"":1.3}",,True,True,2,"[0.0005694169667549431, 0.0008490000036545098]",2,0.0007092084852047265,0.00013979151844978333,1,1,0,0.0,0.0,,,
jain,shape,373,2,classix,"{""engine"":""classix"",""group_merging"":""distance"",""minPts"":1,""radius"":1.4}",,True,True,2,"[0.0003012919914908707, 0.0005084159784018993]",2,0.000404853984946385,0.00010356199345551431,1,1,0,0.0,0.0,,,
jain,shape,373,2,classix,"{""engine"":""classix"",""group_merging"":""density"",""minPts"":1,""radius"":1.4}",,True,True,2,"[0.0005883330013602972, 0.004794666019733995]",2,0.002691499510547146,0.002103166509186849,1,1,0,0.0,0.0,,,
jain,shape,373,2,classix,"{""engine"":""classix"",""group_merging"":""distance"",""minPts"":5,""radius"":1.4}",,True,True,2,"[0.00029395800083875656, 0.0003969999961555004]",2,0.0003454789984971285,5.1520997658371925e-05,1,1,0,0.0,0.0,,,
jain,shape,373,2,classix,"{""engine"":""classix"",""group_merging"":""density"",""minPts"":5,""radius"":1.4}",,True,True,2,"[0.0005822089733555913, 0.0006793750217184424]",2,0.0006307919975370169,4.858302418142557e-05,1,1,0,0.0,0.0,,,
jain,shape,373,2,classix,"{""engine"":""classix"",""group_merging"":""distance"",""minPts"":10,""radius"":1.4}",,True,True,2,"[0.0002934169606305659, 0.0003626249963417649]",2,0.0003280209784861654,3.460401785559952e-05,1,1,0,0.0,0.0,,,
jain,shape,373,2,classix,"{""engine"":""classix"",""group_merging"":""density"",""minPts"":10,""radius"":1.4}",,True,True,2,"[0.0005899160169064999, 0.0006585830124095082]",2,0.000624249514658004,3.433349775150418e-05,1,1,0,0.0,0.0,,,
jain,shape,373,2,classix,"{""engine"":""classix"",""group_merging"":""distance"",""minPts"":1,""radius"":1.5}",,True,True,2,"[0.0002953330404125154, 0.0003584580263122916]",2,0.0003268955333624035,3.156249294988811e-05,1,1,0,0.0,0.0,,,
jain,shape,373,2,classix,"{""engine"":""classix"",""group_merging"":""density"",""minPts"":1,""radius"":1.5}",,True,True,2,"[0.0005653330008499324, 0.0022008749656379223]",2,0.0013831039832439274,0.0008177709823939949,1,1,0,0.0,0.0,,,
jain,shape,373,2,classix,"{""engine"":""classix"",""group_merging"":""distance"",""minPts"":5,""radius"":1.5}",,True,True,2,"[0.0002934999647550285, 0.0010911249555647373]",2,0.0006923124601598829,0.0003988124954048544,1,1,0,0.0,0.0,,,
jain,shape,373,2,classix,"{""engine"":""classix"",""group_merging"":""density"",""minPts"":5,""radius"":1.5}",,True,True,2,"[0.0005533330258913338, 0.0009819589904509485]",2,0.0007676460081711411,0.00021431298227980733,1,1,0,0.0,0.0,,,
jain,shape,373,2,classix,"{""engine"":""classix"",""group_merging"":""distance"",""minPts"":10,""radius"":1.5}",,True,True,2,"[0.0002940419944934547, 0.0004907919792458415]",2,0.0003924169868696481,9.83749923761934e-05,1,1,0,0.0,0.0,,,
jain,shape,373,2,classix,"{""engine"":""classix"",""group_merging"":""density"",""minPts"":10,""radius"":1.5}",,True,True,2,"[0.0005525409942492843, 0.0008055000216700137]",2,0.000679020507959649,0.0001264795137103647,1,1,0,0.0,0.0,,,
jain,shape,373,2,kmeans,"{""init"":""k-means++"",""n_clusters"":2,""n_init"":20}",0.0,False,,1,[0.01985791599145159],1,0.01985791599145159,0.0,2,2,0,0.552751161834573,0.5108315717226246,0.5044779516212523,0.7914495908671927,487.6180169709948
jain,shape,373,2,kmeans,"{""init"":""k-means++"",""n_clusters"":3,""n_init"":20}",0.0,False,,1,[0.03149954101536423],1,0.03149954101536423,0.0,3,3,0,0.3004066003740081,0.42086046462545257,0.499418258074528,0.6616974087712695,538.5983954355944
jain,shape,373,2,kmeans,"{""init"":""k-means++"",""n_clusters"":4,""n_init"":20}",0.0,False,,1,[0.06168262497521937],1,0.06168262497521937,0.0,4,4,0,0.274823225712591,0.4361944184403476,0.46932254695987896,0.7414768867529669,566.9807274261838
jain,shape,373,2,kmeans,"{""init"":""k-means++"",""n_clusters"":5,""n_init"":20}",0.0,False,,1,[0.06887983303749934],1,0.06887983303749934,0.0,5,5,0,0.2114461961982933,0.4106713183416533,0.46109354537272285,0.7566287167068586,594.3220014105141
jain,shape,373,2,kmeans,"{""init"":""k-means++"",""n_clusters"":6,""n_init"":20}",0.0,False,,1,[0.13147483300417662],1,0.13147483300417662,0.0,6,6,0,0.19630292568907132,0.4031577939478306,0.48617052749445516,0.6646334412943061,688.8089617170434
jain,shape,373,2,kmeans,"{""init"":""k-means++"",""n_clusters"":7,""n_init"":20}",0.0,False,,1,[0.07738516596145928],1,0.07738516596145928,0.0,7,7,0,0.16635163269207226,0.3832256939091989,0.4789005341614659,0.6718048100263323,748.1748082979751
jain,shape,373,2,kmeans,"{""init"":""k-means++"",""n_clusters"":8,""n_init"":20}",0.0,False,,1,[0.037125582981389016],1,0.037125582981389016,0.0,8,8,0,0.16641842428201353,0.4064765753905776,0.47166107933334667,0.6782573841832741,781.5068697348811
jain,shape,373,2,kmeans,"{""init"":""k-means++"",""n_clusters"":9,""n_init"":20}",0.0,False,,1,[0.03004104201681912],1,0.03004104201681912,0.0,9,9,0,0.13725037489667327,0.38213631098173245,0.45538703962373084,0.6892258777597946,798.1518801769605
jain,shape,373,2,kmeans,"{""init"":""k-means++"",""n_clusters"":10,""n_init"":20}",0.0,False,,1,[0.028305542015004903],1,0.028305542015004903,0.0,10,10,0,0.14075643175190022,0.4057047820251262,0.4526568176687668,0.7446927739368753,809.3193659276114
jain,shape,373,2,kmeans,"{""init"":""k-means++"",""n_clusters"":11,""n_init"":20}",0.0,False,,1,[0.03175558301154524],1,0.03175558301154524,0.0,11,11,0,0.12307880696063872,0.39023326345379145,0.442435855953592,0.7470239407674775,823.6708375472302
jain,shape,373,2,kmeans,"{""init"":""k-means++"",""n_clusters"":12,""n_init"":20}",0.0,False,,1,[0.03133991704089567],1,0.03133991704089567,0.0,12,12,0,0.11952183466787869,0.3834432214472433,0.44906262750134995,0.6781521322044934,831.517920706669
jain,shape,373,2,kmeans,"{""init"":""k-means++"",""n_clusters"":2,""n_init"":20}",1.0,False,,1,[0.014222041005268693],1,0.014222041005268693,0.0,2,2,0,0.552751161834573,0.5108315717226246,0.5044779516212523,0.7914495908671927,487.6180169709948
jain,shape,373,2,kmeans,"{""init"":""k-means++"",""n_clusters"":3,""n_init"":20}",1.0,False,,1,[0.019572415971197188],1,0.019572415971197188,0.0,3,3,0,0.2977674162643124,0.42014098648733306,0.4986052581318052,0.6646569210171106,538.6411884765679
jain,shape,373,2,kmeans,"{""init"":""k-means++"",""n_clusters"":4,""n_init"":20}",1.0,False,,1,[0.02061204198980704],1,0.02061204198980704,0.0,4,4,0,0.27333235864190164,0.44377123976352084,0.4705616240263752,0.7436975052755109,566.7552108457947
jain,shape,373,2,kmeans,"{""init"":""k-means++"",""n_clusters"":5,""n_init"":20}",1.0,False,,1,[0.020419917011167854],1,0.020419917011167854,0.0,5,5,0,0.2114461961982933,0.4106713183416533,0.46109354537272285,0.7566287167068586,594.322001410514
jain,shape,373,2,kmeans,"{""init"":""k-means++"",""n_clusters"":6,""n_init"":20}",1.0,False,,1,[0.026811124989762902],1,0.026811124989762902,0.0,6,6,0,0.20337932303298586,0.4128369919105122,0.48588266758897664,0.6668799740601008,689.2911598979267
jain,shape,373,2,kmeans,"{""init"":""k-means++"",""n_clusters"":7,""n_init"":20}",1.0,False,,1,[0.029446792032103986],1,0.029446792032103986,0.0,7,7,0,0.16635163269207226,0.3832256939091989,0.4789005341614659,0.6718048100263323,748.1748082979753
jain,shape,373,2,kmeans,"{""init"":""k-means++"",""n_clusters"":8,""n_init"":20}",1.0,False,,1,[0.028943999961484224],1,0.028943999961484224,0.0,8,8,0,0.16641842428201353,0.4064765753905776,0.47166107933334667,0.6782573841832741,781.5068697348813
jain,shape,373,2,kmeans,"{""init"":""k-means++"",""n_clusters"":9,""n_init"":20}",1.0,False,,1,[0.0289075420005247],1,0.0289075420005247,0.0,9,9,0,0.13954550415477884,0.3864053934445983,0.45594614851743726,0.6872753728674673,798.5254844610901
jain,shape,373,2,kmeans,"{""init"":""k-means++"",""n_clusters"":10,""n_init"":20}",1.0,False,,1,[0.02786258398555219],1,0.02786258398555219,0.0,10,10,0,0.1406385145185799,0.4056567849668429,0.4518470750091688,0.7416930594690901,808.6098003014683
jain,shape,373,2,kmeans,"{""init"":""k-means++"",""n_clusters"":11,""n_init"":20}",1.0,False,,1,[0.02994654100621119],1,0.02994654100621119,0.0,11,11,0,0.12444130924838064,0.39096050322606124,0.44897528156485605,0.7315607123939656,812.9515853404743
jain,shape,373,2,kmeans,"{""init"":""k-means++"",""n_clusters"":12,""n_init"":20}",1.0,False,,1,[0.030414249980822206],1,0.030414249980822206,0.0,12,12,0,0.12136744866879766,0.38487793270187676,0.44530184073574786,0.7129231311171237,854.7298622694716
jain,shape,373,2,kmeans,"{""init"":""k-means++"",""n_clusters"":2,""n_init"":20}",2.0,False,,1,[0.013952500012237579],1,0.013952500012237579,0.0,2,2,0,0.552751161834573,0.5108315717226246,0.5044779516212523,0.7914495908671927,487.6180169709948
jain,shape,373,2,kmeans,"{""init"":""k-means++"",""n_clusters"":3,""n_init"":20}",2.0,False,,1,[0.020475041994359344],1,0.020475041994359344,0.0,3,3,0,0.2977674162643124,0.42014098648733306,0.4986052581318052,0.6646569210171106,538.6411884765679
jain,shape,373,2,kmeans,"{""init"":""k-means++"",""n_clusters"":4,""n_init"":20}",2.0,False,,1,[0.01956416602479294],1,0.01956416602479294,0.0,4,4,0,0.2813806122447239,0.44402365442516084,0.4686405998837247,0.7398032941565222,566.912971782523
jain,shape,373,2,kmeans,"{""init"":""k-means++"",""n_clusters"":5,""n_init"":20}",2.0,False,,1,[0.02142316597746685],1,0.02142316597746685,0.0,5,5,0,0.2114461961982933,0.4106713183416533,0.46109354537272285,0.7566287167068586,594.322001410514
jain,shape,373,2,kmeans,"{""init"":""k-means++"",""n_clusters"":6,""n_init"":20}",2.0,False,,1,[0.07676124997669831],1,0.07676124997669831,0.0,6,6,0,0.20337932303298586,0.4128369919105122,0.48588266758897664,0.6668799740601007,689.2911598979267
jain,shape,373,2,kmeans,"{""init"":""k-means++"",""n_clusters"":7,""n_init"":20}",2.0,False,,1,[0.07567599997855723],1,0.07567599997855723,0.0,7,7,0,0.16635163269207226,0.3832256939091989,0.4789005341614659,0.6718048100263323,748.1748082979752
jain,shape,373,2,kmeans,"{""init"":""k-means++"",""n_clusters"":8,""n_init"":20}",2.0,False,,1,[0.035960374982096255],1,0.035960374982096255,0.0,8,8,0,0.16641842428201353,0.40647657539057747,0.47166107933334667,0.6782573841832741,781.5068697348814
jain,shape,373,2,kmeans,"{""init"":""k-means++"",""n_clusters"":9,""n_init"":20}",2.0,False,,1,[0.037559290998615324],1,0.037559290998615324,0.0,9,9,0,0.14516863529712723,0.4014250802144349,0.4578742065328215,0.6842013380422947,797.3001464169383
jain,shape,373,2,kmeans,"{""init"":""k-means++"",""n_clusters"":10,""n_init"":20}",2.0,False,,1,[0.06791654200060293],1,0.06791654200060293,0.0,10,10,0,0.1406385145185799,0.4056567849668428,0.4518470750091688,0.74169305946909,808.6098003014681
jain,shape,373,2,kmeans,"{""init"":""k-means++"",""n_clusters"":11,""n_init"":20}",2.0,False,,1,[0.04048008396057412],1,0.04048008396057412,0.0,11,11,0,0.12631160744069314,0.3928480634804853,0.4480010925242309,0.6914084664432536,818.9916904996057
jain,shape,373,2,kmeans,"{""init"":""k-means++"",""n_clusters"":12,""n_init"":20}",2.0,False,,1,[0.04451816697837785],1,0.04451816697837785,0.0,12,12,0,0.12037640352240504,0.38431186483154667,0.44314317166486483,0.7273721496599759,857.9074732084733
jain,shape,373,2,kmeans,"{""init"":""k-means++"",""n_clusters"":2,""n_init"":20}",3.0,False,,1,[0.025500249990727752],1,0.025500249990727752,0.0,2,2,0,0.552751161834573,0.5108315717226247,0.5044779516212523,0.7914495908671927,487.6180169709948
jain,shape,373,2,kmeans,"{""init"":""k-means++"",""n_clusters"":3,""n_init"":20}",3.0,False,,1,[0.026381749950814992],1,0.026381749950814992,0.0,3,3,0,0.2977674162643124,0.4201409864873331,0.4986052581318052,0.6646569210171105,538.6411884765679
jain,shape,373,2,kmeans,"{""init"":""k-means++"",""n_clusters"":4,""n_init"":20}",3.0,False,,1,[0.03202708304161206],1,0.03202708304161206,0.0,4,4,0,0.2810749563381913,0.4408860348169716,0.4692191090167564,0.7404994987613975,566.7172116504534
jain,shape,373,2,kmeans,"{""init"":""k-means++"",""n_clusters"":5,""n_init"":20}",3.0,False,,1,[0.03529937501298264],1,0.03529937501298264,0.0,5,5,0,0.2125984726670606,0.4117247823628309,0.46068495256703895,0.7589053885861708,594.0663710555455
jain,shape,373,2,kmeans,"{""init"":""k-means++"",""n_clusters"":6,""n_init"":20}",3.0,False,,1,[0.033937082975171506],1,0.033937082975171506,0.0,6,6,0,0.20337932303298586,0.41283699191051226,0.48588266758897664,0.6668799740601007,689.2911598979267
jain,shape,373,2,kmeans,"{""init"":""k-means++"",""n_clusters"":7,""n_init"":20}",3.0,False,,1,[0.02855124999769032],1,0.02855124999769032,0.0,7,7,0,0.16635163269207226,0.3832256939091989,0.4789005341614659,0.6718048100263323,748.1748082979751
jain,shape,373,2,kmeans,"{""init"":""k-means++"",""n_clusters"":8,""n_init"":20}",3.0,False,,1,[0.031489667017012835],1,0.031489667017012835,0.0,8,8,0,0.16641842428201353,0.4064765753905776,0.47166107933334667,0.6782573841832741,781.5068697348813
jain,shape,373,2,kmeans,"{""init"":""k-means++"",""n_clusters"":9,""n_init"":20}",3.0,False,,1,[0.026864208048209548],1,0.026864208048209548,0.0,9,9,0,0.1382323720171211,0.38281403856053814,0.4552384946433311,0.6886695632872417,798.7230121676722
jain,shape,373,2,kmeans,"{""init"":""k-means++"",""n_clusters"":10,""n_init"":20}",3.0,False,,1,[0.02854279102757573],1,0.02854279102757573,0.0,10,10,0,0.1404027037354137,0.4056137433923639,0.44861753307312296,0.7420579529034276,802.4930930778875
jain,shape,373,2,kmeans,"{""init"":""k-means++"",""n_clusters"":11,""n_init"":20}",3.0,False,,1,[0.028790209034923464],1,0.028790209034923464,0.0,11,11,0,0.1243244818283671,0.39086052381622627,0.44352637776890086,0.7298606722166351,824.6676993392293
jain,shape,373,2,kmeans,"{""init"":""k-means++"",""n_clusters"":12,""n_init"":20}",3.0,False,,1,[0.029725832981057465],1,0.029725832981057465,0.0,12,12,0,0.12335122269287437,0.38660306012437834,0.44994367114339856,0.6933265148746862,853.0198511207216
jain,shape,373,2,kmeans,"{""init"":""k-means++"",""n_clusters"":2,""n_init"":20}",4.0,False,,1,[0.013883042032830417],1,0.013883042032830417,0.0,2,2,0,0.552751161834573,0.5108315717226246,0.5044779516212523,0.7914495908671927,487.6180169709948
jain,shape,373,2,kmeans,"{""init"":""k-means++"",""n_clusters"":3,""n_init"":20}",4.0,False,,1,[0.01718320802319795],1,0.01718320802319795,0.0,3,3,0,0.2990639514933582,0.4204942431434143,0.4989378588854866,0.6632910717361893,538.6326299836646
jain,shape,373,2,kmeans,"{""init"":""k-means++"",""n_clusters"":4,""n_init"":20}",4.0,False,,1,[0.018947542004752904],1,0.018947542004752904,0.0,4,4,0,0.2813806122447239,0.4440236544251609,0.4686405998837247,0.7398032941565224,566.9129717825231
jain,shape,373,2,kmeans,"{""init"":""k-means++"",""n_clusters"":5,""n_init"":20}",4.0,False,,1,[0.021965791995171458],1,0.021965791995171458,0.0,5,5,0,0.2114461961982933,0.4106713183416532,0.46109354537272285,0.7566287167068586,594.3220014105141
jain,shape,373,2,kmeans,"{""init"":""k-means++"",""n_clusters"":6,""n_init"":20}",4.0,False,,1,[0.025325875030830503],1,0.025325875030830503,0.0,6,6,0,0.20337932303298586,0.41283699191051226,0.48588266758897664,0.6668799740601007,689.2911598979267
jain,shape,373,2,kmeans,"{""init"":""k-means++"",""n_clusters"":7,""n_init"":20}",4.0,False,,1,[0.027021541027352214],1,0.027021541027352214,0.0,7,7,0,0.16635163269207226,0.3832256939091989,0.4789005341614659,0.6718048100263323,748.1748082979751
jain,shape,373,2,kmeans,"{""init"":""k-means++"",""n_clusters"":8,""n_init"":20}",4.0,False,,1,[0.029829208040609956],1,0.029829208040609956,0.0,8,8,0,0.16641842428201353,0.4064765753905776,0.47166107933334667,0.6782573841832741,781.5068697348814
jain,shape,373,2,kmeans,"{""init"":""k-means++"",""n_clusters"":9,""n_init"":20}",4.0,False,,1,[0.030942207959014922],1,0.030942207959014922,0.0,9,9,0,0.1382323720171211,0.3828140385605381,0.4552384946433311,0.6886695632872418,798.7230121676722
jain,shape,373,2,kmeans,"{""init"":""k-means++"",""n_clusters"":10,""n_init"":20}",4.0,False,,1,[0.02830754197202623],1,0.02830754197202623,0.0,10,10,0,0.14140511768936076,0.40627931835804504,0.45566058036703405,0.7144521796926282,806.7732586988113
jain,shape,373,2,kmeans,"{""init"":""k-means++"",""n_clusters"":11,""n_init"":20}",4.0,False,,1,[0.02821666601812467],1,0.02821666601812467,0.0,11,11,0,0.13728118907451428,0.39897003570385575,0.45278485422147785,0.7275206790211548,822.5945516345025
jain,shape,373,2,kmeans,"{""init"":""k-means++"",""n_clusters"":12,""n_init"":20}",4.0,False,,1,[0.031104458030313253],1,0.031104458030313253,0.0,12,12,0,0.11981311809912451,0.3839446754584644,0.4422960390336657,0.7420677457069851,857.5122276923659
pathbased,shape,300,2,ward,"{""linkage"":""ward"",""n_clusters"":2}",,True,True,2,"[0.0013849579845555127, 0.00131312501616776]",2,0.0013490415003616363,3.5916484193876386e-05,2,2,0,0.414434076996343,0.5046773862524987,0.4247841109067529,0.9771283366439694,195.70689670465447
pathbased,shape,300,2,ward,"{""linkage"":""ward"",""n_clusters"":3}",,True,True,2,"[0.0011696249712258577, 0.0011571249924600124]",2,0.001163374981842935,6.249989382922649e-06,3,3,0,0.45723965835734565,0.5424830588800958,0.5007977633074632,0.6897767869718662,287.287610103582
pathbased,shape,300,2,ward,"{""linkage"":""ward"",""n_clusters"":4}",,True,True,2,"[0.001067750039510429, 0.0015124579658731818]",2,0.0012901040026918054,0.00022235396318137646,4,4,0,0.4368295959694939,0.5045637763047255,0.4294905325236961,0.8020877911466744,259.3691243280363
pathbased,shape,300,2,ward,"{""linkage"":""ward"",""n_clusters"":5}",,True,True,2,"[0.0010598329827189445, 0.0014409590512514114]",2,0.001250396016985178,0.00019056303426623344,5,5,0,0.48260216391350697,0.5296788421136167,0.40611181227027293,0.8096423654191158,266.65946087742384
pathbased,shape,300,2,ward,"{""linkage"":""ward"",""n_clusters"":6}",,True,True,2,"[0.0010320839937776327, 0.001386249961797148]",2,0.0012091669777873904,0.00017708298400975764,6,6,0,0.5099710351249206,0.5496114294024729,0.41269814287492324,0.774226963971684,265.9652432098985
pathbased,shape,300,2,ward,"{""linkage"":""ward"",""n_clusters"":7}",,True,True,2,"[0.0010537499911151826, 0.001133000012487173]",2,0.0010933750018011779,3.962501068599522e-05,7,7,0,0.483372921032925,0.5606379777544791,0.3757114171574252,0.8528028023716828,277.42213412673004
pathbased,shape,300,2,ward,"{""linkage"":""ward"",""n_clusters"":8}",,True,True,2,"[0.00101816700771451, 0.0017516249790787697]",2,0.0013848959933966398,0.00036672898568212986,8,8,0,0.46663151875558356,0.5467697706878355,0.3813485556011857,0.8050267347665402,289.1401879461253
pathbased,shape,300,2,ward,"{""linkage"":""ward"",""n_clusters"":9}",,True,True,2,"[0.0010408749803900719, 0.0026402919902466238]",2,0.0018405834853183478,0.0007997085049282759,9,9,0,0.3780156339527192,0.5176460328481883,0.36639102984735095,0.8400682176467793,289.3700044956409
pathbased,shape,300,2,ward,"{""linkage"":""ward"",""n_clusters"":10}",,True,True,2,"[0.0010164999985136092, 0.0011587089975364506]",2,0.00108760449802503,7.110449951142073e-05,10,10,0,0.2775661968078524,0.4958586928328122,0.32293123893504166,0.9052196334724464,288.0374251964374
pathbased,shape,300,2,ward,"{""linkage"":""ward"",""n_clusters"":11}",,True,True,2,"[0.0010376250138506293, 0.0012197080068290234]",2,0.0011286665103398263,9.104149648919702e-05,11,11,0,0.2762297615084371,0.49759574034447335,0.3258638581889017,0.8928642096830611,293.64224061402444
pathbased,shape,300,2,ward,"{""linkage"":""ward"",""n_clusters"":12}",,True,True,2,"[0.0010132499737665057, 0.001136166974902153]",2,0.0010747084743343294,6.145850056782365e-05,12,12,0,0.2699734299035317,0.492109217605966,0.33200831860103736,0.8549060337634252,298.05414397065715
pathbased,shape,300,2,dbscan,"{""eps"":0.1,""min_samples"":3}",,True,True,2,"[0.001215792028233409, 0.0012416669633239508]",2,0.0012287294957786798,1.293746754527092e-05,21,21,177,0.20844943594816157,0.37375462245215735,0.38986883764794755,0.5562639591022458,272.0686752243361
pathbased,shape,300,2,dbscan,"{""eps"":0.1,""min_samples"":5}",,True,True,2,"[0.0011501249973662198, 0.000970749999396503]",2,0.0010604374983813614,8.96874989848584e-05,5,5,254,0.04618870057203594,0.21123725017335318,0.5900568686540048,0.4471360020721381,416.2578372700279
pathbased,shape,300,2,dbscan,"{""eps"":0.1,""min_samples"":10}",,True,True,2,"[0.000911374983843416, 0.0008634170517325401]",2,0.000887396017787978,2.3978966055437922e-05,0,0,300,0.0,0.0,,,
pathbased,shape,300,2,dbscan,"{""eps"":0.2,""min_samples"":3}",,True,True,2,"[0.0010154999908991158, 0.0011445829877629876]",2,0.0010800414893310517,6.45414984319359e-05,15,15,21,0.5796094576311005,0.5937179228948297,0.24082438186391286,0.5870352840759644,155.996499620575
pathbased,shape,300,2,dbscan,"{""eps"":0.2,""min_samples"":5}",,True,True,2,"[0.0009592080023139715, 0.0012480419827625155]",2,0.0011036249925382435,0.000144416990224272,6,6,99,0.666213982188017,0.6733570289443569,0.577875549106507,0.4686074844047295,242.10023950165788
pathbased,shape,300,2,dbscan,"{""eps"":0.2,""min_samples"":10}",,True,True,2,"[0.0009309159941039979, 0.0012447499902918935]",2,0.0010878329921979457,0.00015691699809394777,3,3,195,0.3017227258398894,0.44254352815741343,0.624607303332774,0.5716484318601408,307.7787929417276
pathbased,shape,300,2,dbscan,"{""eps"":0.3,""min_samples"":3}",,True,True,2,"[0.0010890419944189489, 0.0010331670055165887]",2,0.0010611044999677688,2.79374944511801e-05,1,1,3,0.0009845544228621256,0.01978591281406589,,,
pathbased,shape,300,2,dbscan,"{""eps"":0.3,""min_samples"":5}",,True,True,2,"[0.0010766659979708493, 0.0009631249704398215]",2,0.0010198954842053354,5.67705137655139e-05,2,2,4,-0.0017807599432938014,0.06843132766499317,0.25841965751931023,0.7086154902393209,27.614485734844713
pathbased,shape,300,2,dbscan,"{""eps"":0.3,""min_samples"":10}",,True,True,2,"[0.00106712500564754, 0.0012930420343764126]",2,0.0011800835200119764,0.00011295851436443627,2,2,112,0.8812363734308486,0.8483047717390507,0.5978984067938515,0.594768637955086,426.492576297175
pathbased,shape,300,2,dbscan,"{""eps"":0.4,""min_samples"":3}",,True,True,2,"[0.0010809589875862002, 0.0013642500271089375]",2,0.0012226045073475689,0.00014164551976136863,1,1,0,0.0,0.0,,,
pathbased,shape,300,2,dbscan,"{""eps"":0.4,""min_samples"":5}",,True,True,2,"[0.0012635840103030205, 0.001084042014554143]",2,0.0011738130124285817,8.977099787443876e-05,1,1,1,0.0002365219381922123,0.006751460705693545,,,
pathbased,shape,300,2,dbscan,"{""eps"":0.4,""min_samples"":10}",,True,True,2,"[0.0011279999744147062, 0.000983875012025237]",2,0.0010559374932199717,7.206248119473457e-05,2,2,59,0.16874461482141553,0.3225673012899833,0.5161927100142792,0.5210646452525054,74.96321812308712
pathbased,shape,300,2,dbscan,"{""eps"":0.5,""min_samples"":3}",,True,True,2,"[0.0011683330521918833, 0.0010397079749964178]",2,0.0011040205135941505,6.431253859773278e-05,1,1,0,0.0,0.0,,,
pathbased,shape,300,2,dbscan,"{""eps"":0.5,""min_samples"":5}",,True,True,2,"[0.0011333750444464386, 0.0013212920166552067]",2,0.0012273335305508226,9.395848610438406e-05,1,1,0,0.0,0.0,,,
pathbased,shape,300,2,dbscan,"{""eps"":0.5,""min_samples"":10}",,True,True,2,"[0.0011179170105606318, 0.0015194170409813523]",2,0.001318667025770992,0.0002007500152103603,2,2,2,-0.0032069411084804447,0.0495838097918914,0.29834288012759314,0.6151045675299538,20.669625155621993
pathbased,shape,300,2,dbscan,"{""eps"":0.6,""min_samples"":3}",,True,True,2,"[0.0012124589993618429, 0.0015844170120544732]",2,0.001398438005708158,0.00018597900634631515,1,1,0,0.0,0.0,,,
pathbased,shape,300,2,dbscan,"{""eps"":0.6,""min_samples"":5}",,True,True,2,"[0.0013961660442873836, 0.0011582919978536665]",2,0.001277229021070525,0.0001189370232168585,1,1,0,0.0,0.0,,,
pathbased,shape,300,2,dbscan,"{""eps"":0.6,""min_samples"":10}",,True,True,2,"[0.0011725840158760548, 0.0010860830079764128]",2,0.0011293335119262338,4.3250503949820995e-05,1,1,0,0.0,0.0,,,
pathbased,shape,300,2,dbscan,"{""eps"":0.7,""min_samples"":3}",,True,True,2,"[0.0014039159868843853, 0.0011197500280104578]",2,0.0012618330074474216,0.0001420829794369638,1,1,0,0.0,0.0,,,
pathbased,shape,300,2,dbscan,"{""eps"":0.7,""min_samples"":5}",,True,True,2,"[0.0014144579763524234, 0.0010809999657794833]",2,0.0012477289710659534,0.00016672900528647006,1,1,0,0.0,0.0,,,
pathbased,shape,300,2,dbscan,"{""eps"":0.7,""min_samples"":10}",,True,True,2,"[0.0014464170089922845, 0.0015170000260695815]",2,0.001481708517530933,3.5291508538648486e-05,1,1,0,0.0,0.0,,,
pathbased,shape,300,2,dbscan,"{""eps"":0.8,""min_samples"":3}",,True,True,2,"[0.0012611669953912497, 0.0016741250292398036]",2,0.0014676460123155266,0.00020647901692427695,1,1,0,0.0,0.0,,,
pathbased,shape,300,2,dbscan,"{""eps"":0.8,""min_samples"":5}",,True,True,2,"[0.001780874968972057, 0.001522374979685992]",2,0.0016516249743290246,0.00012924999464303255,1,1,0,0.0,0.0,,,
pathbased,shape,300,2,dbscan,"{""eps"":0.8,""min_samples"":10}",,True,True,2,"[0.001383042021188885, 0.001701667031738907]",2,0.001542354526463896,0.00015931250527501106,1,1,0,0.0,0.0,,,
pathbased,shape,300,2,dbscan,"{""eps"":0.9,""min_samples"":3}",,True,True,2,"[0.0013322910526767373, 0.001363791001494974]",2,0.0013480410270858556,1.5749974409118295e-05,1,1,0,0.0,0.0,,,
pathbased,shape,300,2,dbscan,"{""eps"":0.9,""min_samples"":5}",,True,True,2,"[0.001459375023841858, 0.0013344169710762799]",2,0.001396895997459069,6.247902638278902e-05,1,1,0,0.0,0.0,,,
pathbased,shape,300,2,dbscan,"{""eps"":0.9,""min_samples"":10}",,True,True,2,"[0.001347542041912675, 0.0012987919617444277]",2,0.0013231670018285513,2.437504008412361e-05,1,1,0,0.0,0.0,,,
pathbased,shape,300,2,dbscan,"{""eps"":1.0,""min_samples"":3}",,True,True,2,"[0.0013440419570542872, 0.0016718750121071935]",2,0.0015079584845807403,0.00016391652752645314,1,1,0,0.0,0.0,,,
pathbased,shape,300,2,dbscan,"{""eps"":1.0,""min_samples"":5}",,True,True,2,"[0.001307833008468151, 0.0015649169799871743]",2,0.0014363749942276627,0.0001285419857595116,1,1,0,0.0,0.0,,,
pathbased,shape,300,2,dbscan,"{""eps"":1.0,""min_samples"":10}",,True,True,2,"[0.0012995830038562417, 0.0015685000107623637]",2,0.0014340415073093027,0.00013445850345306098,1,1,0,0.0,0.0,,,
pathbased,shape,300,2,dbscan,"{""eps"":1.1,""min_samples"":3}",,True,True,2,"[0.0013820420135743916, 0.0014729999820701778]",2,0.0014275209978222847,4.5478984247893095e-05,1,1,0,0.0,0.0,,,
pathbased,shape,300,2,dbscan,"{""eps"":1.1,""min_samples"":5}",,True,True,2,"[0.0013455410371534526, 0.0013999579823575914]",2,0.001372749509755522,2.7208472602069378e-05,1,1,0,0.0,0.0,,,
pathbased,shape,300,2,dbscan,"{""eps"":1.1,""min_samples"":10}",,True,True,2,"[0.001227750035468489, 0.0013730829814448953]",2,0.001300416508456692,7.266647298820317e-05,1,1,0,0.0,0.0,,,
pathbased,shape,300,2,dbscan,"{""eps"":1.2,""min_samples"":3}",,True,True,2,"[0.0021735839545726776, 0.001409833028446883]",2,0.0017917084915097803,0.0003818754630628973,1,1,0,0.0,0.0,,,
pathbased,shape,300,2,dbscan,"{""eps"":1.2,""min_samples"":5}",,True,True,2,"[0.0014468749868683517, 0.0018492499948479235]",2,0.0016480624908581376,0.0002011875039897859,1,1,0,0.0,0.0,,,
pathbased,shape,300,2,dbscan,"{""eps"":1.2,""min_samples"":10}",,True,True,2,"[0.0014026660355739295, 0.0021407920285128057]",2,0.0017717290320433676,0.0003690629964694381,1,1,0,0.0,0.0,,,
pathbased,shape,300,2,classix,"{""engine"":""classix"",""group_merging"":""distance"",""minPts"":1,""radius"":0.1}",,True,True,2,"[0.005858708987943828, 0.01037837500916794]",2,0.008118541998555884,0.0022598330106120557,84,84,0,0.11509328106822472,0.4339784290063988,0.21858284331049332,0.5605939780019045,198.9168438438161
pathbased,shape,300,2,classix,"{""engine"":""classix"",""group_merging"":""density"",""minPts"":1,""radius"":0.1}",,True,True,2,"[0.012245459016412497, 0.023612040968146175]",2,0.017928749992279336,0.005683290975866839,139,139,0,0.06791097806587676,0.3892550822491713,0.24023825800910675,0.39385726359610385,250.9641891011084
pathbased,shape,300,2,classix,"{""engine"":""classix"",""group_merging"":""distance"",""minPts"":5,""radius"":0.1}",,True,True,2,"[0.006957999954465777, 0.00578233296982944]",2,0.006370166462147608,0.0005878334923181683,15,15,0,0.15109421526229103,0.3807967651499682,0.12232509961591007,0.9852637022806595,178.01136988932353
pathbased,shape,300,2,classix,"{""engine"":""classix"",""group_merging"":""density"",""minPts"":5,""radius"":0.1}",,True,True,2,"[0.013846124988049269, 0.014250083011575043]",2,0.014048103999812156,0.00020197901176288724,8,8,0,0.20750508316792438,0.3457780240758314,0.14133683588114723,1.2412780197747435,121.95689191596401
pathbased,shape,300,2,classix,"{""engine"":""classix"",""group_merging"":""distance"",""minPts"":10,""radius"":0.1}",,True,True,2,"[0.007516707992181182, 0.008978415979072452]",2,0.008247561985626817,0.0007308539934456348,5,5,0,0.22988563843809484,0.34862033437083206,0.24663317741009688,1.2153001702905855,162.6346828605232
pathbased,shape,300,2,classix,"{""engine"":""classix"",""group_merging"":""density"",""minPts"":10,""radius"":0.1}",,True,True,2,"[0.01425454200943932, 0.017330000002402812]",2,0.015792271005921066,0.0015377289964817464,2,2,0,0.38377863567935566,0.4422553785400353,0.42773201047815634,0.9724086526452839,202.79799682676753
pathbased,shape,300,2,classix,"{""engine"":""classix"",""group_merging"":""distance"",""minPts"":1,""radius"":0.2}",,True,True,2,"[0.00301033299183473, 0.002731042040977627]",2,0.0028706875164061785,0.00013964547542855144,13,13,0,0.47468995798382385,0.5347876773332934,-0.011306565616140431,0.651544033334951,83.53442538781704
pathbased,shape,300,2,classix,"{""engine"":""classix"",""group_merging"":""density"",""minPts"":1,""radius"":0.2}",,True,True,2,"[0.010967709007672966, 0.0123963329824619]",2,0.011682020995067433,0.000714311987394467,27,27,0,0.42415569347338283,0.5799480911238245,0.15825064782656503,0.6616487267159625,148.67280582709236
pathbased,shape,300,2,classix,"{""engine"":""classix"",""group_merging"":""distance"",""minPts"":5,""radius"":0.2}",,True,True,2,"[0.002939875004813075, 0.004047333030030131]",2,0.003493604017421603,0.0005537290126085281,6,6,0,0.4960885205787845,0.5659802951092389,0.3490903744307149,0.6650215615513649,140.80199675092476
pathbased,shape,300,2,classix,"{""engine"":""classix"",""group_merging"":""density"",""minPts"":5,""radius"":0.2}",,True,True,2,"[0.04340879200026393, 0.009397624991834164]",2,0.026403208496049047,0.017005583504214883,13,13,0,0.47968468653552365,0.6121532517491091,0.2734269625995398,0.7755891504844163,247.8360423450463
pathbased,shape,300,2,classix,"{""engine"":""classix"",""group_merging"":""distance"",""minPts"":10,""radius"":0.2}",,True,True,2,"[0.0030702920048497617, 0.0028543330263346434]",2,0.0029623125155922025,0.00010797948925755918,5,5,0,0.4770166184362159,0.5508963498742816,0.3581547671541453,0.7284477871692172,155.93180380985578
pathbased,shape,300,2,classix,"{""engine"":""classix"",""group_merging"":""density"",""minPts"":10,""radius"":0.2}",,True,True,2,"[0.008394459029659629, 0.016943084017839283]",2,0.012668771523749456,0.004274312494089827,8,8,0,0.4090740962383805,0.5261888473449419,0.24656254277735262,0.8847385510385717,232.037821070843
pathbased,shape,300,2,classix,"{""engine"":""classix"",""group_merging"":""distance"",""minPts"":1,""radius"":0.3}",,True,True,2,"[0.00149816699558869, 0.001833292015362531]",2,0.0016657295054756105,0.00016756250988692045,4,4,0,0.004859115906271682,0.13585307385782835,0.05485863327525595,0.9966854162250016,26.527760641940674
pathbased,shape,300,2,classix,"{""engine"":""classix"",""group_merging"":""density"",""minPts"":1,""radius"":0.3}",,True,True,2,"[0.006546583026647568, 0.009612250025384128]",2,0.008079416526015848,0.0015328334993682802,7,7,0,0.49471087170581063,0.5589787297814581,0.20931756251481748,1.1751748397248978,124.7703561127433
pathbased,shape,300,2,classix,"{""engine"":""classix"",""group_merging"":""distance"",""minPts"":5,""radius"":0.3}",,True,True,2,"[0.001998040999751538, 0.002677875047083944]",2,0.002337958023417741,0.000339917023666203,3,3,0,0.005476183121061741,0.12994038171965777,0.16018255610208504,0.7237217357458668,37.5454978350479
pathbased,shape,300,2,classix,"{""engine"":""classix"",""group_merging"":""density"",""minPts"":5,""radius"":0.3}",,True,True,2,"[0.0071606250130571425, 0.006223207979928702]",2,0.006691916496492922,0.0004687085165642202,4,4,0,0.4968898766932608,0.5631346310853528,0.4504936054845668,0.7568951297312171,239.98330023574178
pathbased,shape,300,2,classix,"{""engine"":""classix"",""group_merging"":""distance"",""minPts"":10,""radius"":0.3}",,True,True,2,"[0.001906750025227666, 0.002421792014501989]",2,0.0021642710198648274,0.0002575209946371615,3,3,0,0.005476183121061741,0.12994038171965777,0.16018255610208504,0.7237217357458668,37.5454978350479
pathbased,shape,300,2,classix,"{""engine"":""classix"",""group_merging"":""density"",""minPts"":10,""radius"":0.3}",,True,True,2,"[0.006168958963826299, 0.010345333022996783]",2,0.008257145993411541,0.0020881870295852423,4,4,0,0.4968898766932608,0.5631346310853528,0.4504936054845668,0.7568951297312171,239.98330023574178
pathbased,shape,300,2,classix,"{""engine"":""classix"",""group_merging"":""distance"",""minPts"":1,""radius"":0.4}",,True,True,2,"[0.001099000044632703, 0.0011653749970719218]",2,0.0011321875208523124,3.318747621960938e-05,2,2,0,-0.002136076493746357,0.060651879208797534,0.28918468701141803,0.6781375697566776,30.51809686329405
pathbased,shape,300,2,classix,"{""engine"":""classix"",""group_merging"":""density"",""minPts"":1,""radius"":0.4}",,True,True,2,"[0.0056190419709309936, 0.006231374980416149]",2,0.005925208475673571,0.00030616650474257767,1,1,0,0.0,0.0,,,
pathbased,shape,300,2,classix,"{""engine"":""classix"",""group_merging"":""distance"",""minPts"":5,""radius"":0.4}",,True,True,2,"[0.0013627089792862535, 0.0019182499963790178]",2,0.0016404794878326356,0.0002777705085463822,2,2,0,-0.002136076493746357,0.060651879208797534,0.28918468701141803,0.6781375697566776,30.51809686329405
pathbased,shape,300,2,classix,"{""engine"":""classix"",""group_merging"":""density"",""minPts"":5,""radius"":0.4}",,True,True,2,"[0.005072708008810878, 0.007462874986231327]",2,0.006267791497521102,0.0011950834887102246,1,1,0,0.0,0.0,,,
pathbased,shape,300,2,classix,"{""engine"":""classix"",""group_merging"":""distance"",""minPts"":10,""radius"":0.4}",,True,True,2,"[0.0011602920130826533, 0.0017957089585252106]",2,0.001478000485803932,0.00031770847272127867,2,2,0,-0.002136076493746357,0.060651879208797534,0.28918468701141803,0.6781375697566776,30.51809686329405
pathbased,shape,300,2,classix,"{""engine"":""classix"",""group_merging"":""density"",""minPts"":10,""radius"":0.4}",,True,True,2,"[0.0038015000172890723, 0.004970459034666419]",2,0.004385979525977746,0.0005844795086886734,1,1,0,0.0,0.0,,,
pathbased,shape,300,2,classix,"{""engine"":""classix"",""group_merging"":""distance"",""minPts"":1,""radius"":0.5}",,True,True,2,"[0.0008212500251829624, 0.0011039160308428109]",2,0.0009625830280128866,0.00014133300282992423,1,1,0,0.0,0.0,,,
pathbased,shape,300,2,classix,"{""engine"":""classix"",""group_merging"":""density"",""minPts"":1,""radius"":0.5}",,True,True,2,"[0.0028180420049466193, 0.003414416976738721]",2,0.00311622949084267,0.00029818748589605093,1,1,0,0.0,0.0,,,
pathbased,shape,300,2,classix,"{""engine"":""classix"",""group_merging"":""distance"",""minPts"":5,""radius"":0.5}",,True,True,2,"[0.0007914580055512488, 0.0010024170042015612]",2,0.000896937504876405,0.00010547949932515621,1,1,0,0.0,0.0,,,
pathbased,shape,300,2,classix,"{""engine"":""classix"",""group_merging"":""density"",""minPts"":5,""radius"":0.5}",,True,True,2,"[0.003640917013399303, 0.003367084020283073]",2,0.003504000516841188,0.00013691649655811489,1,1,0,0.0,0.0,,,
pathbased,shape,300,2,classix,"{""engine"":""classix"",""group_merging"":""distance"",""minPts"":10,""radius"":0.5}",,True,True,2,"[0.0012037500273436308, 0.001013791945297271]",2,0.001108770986320451,9.497904102317989e-05,1,1,0,0.0,0.0,,,
pathbased,shape,300,2,classix,"{""engine"":""classix"",""group_merging"":""density"",""minPts"":10,""radius"":0.5}",,True,True,2,"[0.0037464170018211007, 0.0033650000113993883]",2,0.0035557085066102445,0.0001907084952108562,1,1,0,0.0,0.0,,,
pathbased,shape,300,2,classix,"{""engine"":""classix"",""group_merging"":""distance"",""minPts"":1,""radius"":0.6}",,True,True,2,"[0.0009634579764679074, 0.0008594579994678497]",2,0.0009114579879678786,5.199998850002885e-05,1,1,0,0.0,0.0,,,
pathbased,shape,300,2,classix,"{""engine"":""classix"",""group_merging"":""density"",""minPts"":1,""radius"":0.6}",,True,True,2,"[0.0034085839870385826, 0.002725958009250462]",2,0.0030672709981445223,0.00034131298889406025,1,1,0,0.0,0.0,,,
pathbased,shape,300,2,classix,"{""engine"":""classix"",""group_merging"":""distance"",""minPts"":5,""radius"":0.6}",,True,True,2,"[0.0010052910074591637, 0.0008556250249966979]",2,0.0009304580162279308,7.483299123123288e-05,1,1,0,0.0,0.0,,,
pathbased,shape,300,2,classix,"{""engine"":""classix"",""group_merging"":""density"",""minPts"":5,""radius"":0.6}",,True,True,2,"[0.002941958955489099, 0.0026832089642994106]",2,0.002812583959894255,0.00012937499559484422,1,1,0,0.0,0.0,,,
pathbased,shape,300,2,classix,"{""engine"":""classix"",""group_merging"":""distance"",""minPts"":10,""radius"":0.6}",,True,True,2,"[0.0007808749796822667, 0.000852749974001199]",2,0.0008168124768417329,3.593749715946615e-05,1,1,0,0.0,0.0,,,
pathbased,shape,300,2,classix,"{""engine"":""classix"",""group_merging"":""density"",""minPts"":10,""radius"":0.6}",,True,True,2,"[0.002514666994102299, 0.002676041971426457]",2,0.002595354482764378,8.068748866207898e-05,1,1,0,0.0,0.0,,,
pathbased,shape,300,2,classix,"{""engine"":""classix"",""group_merging"":""distance"",""minPts"":1,""radius"":0.7}",,True,True,2,"[0.0006199580384418368, 0.0007482499931938946]",2,0.0006841040158178657,6.41459773760289e-05,1,1,0,0.0,0.0,,,
pathbased,shape,300,2,classix,"{""engine"":""classix"",""group_merging"":""density"",""minPts"":1,""radius"":0.7}",,True,True,2,"[0.00195237499428913, 0.002517332963179797]",2,0.0022348539787344635,0.0002824789844453335,1,1,0,0.0,0.0,,,
pathbased,shape,300,2,classix,"{""engine"":""classix"",""group_merging"":""distance"",""minPts"":5,""radius"":0.7}",,True,True,2,"[0.0005881659453734756, 0.0007466250099241734]",2,0.0006673954776488245,7.92295322753489e-05,1,1,0,0.0,0.0,,,
pathbased,shape,300,2,classix,"{""engine"":""classix"",""group_merging"":""density"",""minPts"":5,""radius"":0.7}",,True,True,2,"[0.0034373329835943878, 0.002271167002618313]",2,0.0028542499931063503,0.0005830829904880375,1,1,0,0.0,0.0,,,
pathbased,shape,300,2,classix,"{""engine"":""classix"",""group_merging"":""distance"",""minPts"":10,""radius"":0.7}",,True,True,2,"[0.000806791998911649, 0.0007346670026890934]",2,0.0007707295008003712,3.606249811127782e-05,1,1,0,0.0,0.0,,,
pathbased,shape,300,2,classix,"{""engine"":""classix"",""group_merging"":""density"",""minPts"":10,""radius"":0.7}",,True,True,2,"[0.0025430420064367354, 0.0022908750106580555]",2,0.0024169585085473955,0.00012608349788933992,1,1,0,0.0,0.0,,,
pathbased,shape,300,2,classix,"{""engine"":""classix"",""group_merging"":""distance"",""minPts"":1,""radius"":0.8}",,True,True,2,"[0.0007000409532338381, 0.0006740840035490692]",2,0.0006870624783914536,1.2978474842384458e-05,1,1,0,0.0,0.0,,,
pathbased,shape,300,2,classix,"{""engine"":""classix"",""group_merging"":""density"",""minPts"":1,""radius"":0.8}",,True,True,2,"[0.0020463329856283963, 0.0018377910018898547]",2,0.0019420619937591255,0.0001042709918692708,1,1,0,0.0,0.0,,,
pathbased,shape,300,2,classix,"{""engine"":""classix"",""group_merging"":""distance"",""minPts"":5,""radius"":0.8}",,True,True,2,"[0.0006894589751027524, 0.0006652919691987336]",2,0.000677375472150743,1.208350295200944e-05,1,1,0,0.0,0.0,,,
pathbased,shape,300,2,classix,"{""engine"":""classix"",""group_merging"":""density"",""minPts"":5,""radius"":0.8}",,True,True,2,"[0.005662667041178793, 0.001855792012065649]",2,0.003759229526622221,0.0019034375145565718,1,1,0,0.0,0.0,,,
pathbased,shape,300,2,classix,"{""engine"":""classix"",""group_merging"":""distance"",""minPts"":10,""radius"":0.8}",,True,True,2,"[0.0007287079934030771, 0.0006609589909203351]",2,0.0006948334921617061,3.3874501241371036e-05,1,1,0,0.0,0.0,,,
pathbased,shape,300,2,classix,"{""engine"":""classix"",""group_merging"":""density"",""minPts"":10,""radius"":0.8}",,True,True,2,"[0.0015787500306032598, 0.0018322080140933394]",2,0.0017054790223482996,0.00012672899174503982,1,1,0,0.0,0.0,,,
pathbased,shape,300,2,classix,"{""engine"":""classix"",""group_merging"":""distance"",""minPts"":1,""radius"":0.9}",,True,True,2,"[0.000498040986713022, 0.0006195409805513918]",2,0.0005587909836322069,6.074999691918492e-05,1,1,0,0.0,0.0,,,
pathbased,shape,300,2,classix,"{""engine"":""classix"",""group_merging"":""density"",""minPts"":1,""radius"":0.9}",,True,True,2,"[0.0014552500215359032, 0.0017148750484921038]",2,0.0015850625350140035,0.0001298125134781003,1,1,0,0.0,0.0,,,
pathbased,shape,300,2,classix,"{""engine"":""classix"",""group_merging"":""distance"",""minPts"":5,""radius"":0.9}",,True,True,2,"[0.00048712495481595397, 0.0005308329709805548]",2,0.0005089789628982544,2.1854008082300425e-05,1,1,0,0.0,0.0,,,
pathbased,shape,300,2,classix,"{""engine"":""classix"",""group_merging"":""density"",""minPts"":5,""radius"":0.9}",,True,True,2,"[0.0014515829971060157, 0.001459374965634197]",2,0.0014554789813701063,3.895984264090657e-06,1,1,0,0.0,0.0,,,
pathbased,shape,300,2,classix,"{""engine"":""classix"",""group_merging"":""distance"",""minPts"":10,""radius"":0.9}",,True,True,2,"[0.00048354099271818995, 0.0005212080432102084]",2,0.0005023745179641992,1.883352524600923e-05,1,1,0,0.0,0.0,,,
pathbased,shape,300,2,classix,"{""engine"":""classix"",""group_merging"":""density"",""minPts"":10,""radius"":0.9}",,True,True,2,"[0.0014442080282606184, 0.0014679169980809093]",2,0.0014560625131707639,1.1854484910145402e-05,1,1,0,0.0,0.0,,,
pathbased,shape,300,2,classix,"{""engine"":""classix"",""group_merging"":""distance"",""minPts"":1,""radius"":1.0}",,True,True,2,"[0.0028826670022681355, 0.0005042499979026616]",2,0.0016934585000853986,0.001189208502182737,1,1,0,0.0,0.0,,,
pathbased,shape,300,2,classix,"{""engine"":""classix"",""group_merging"":""density"",""minPts"":1,""radius"":1.0}",,True,True,2,"[0.002172416017856449, 0.0015581670450046659]",2,0.0018652915314305574,0.0003071244864258915,1,1,0,0.0,0.0,,,
pathbased,shape,300,2,classix,"{""engine"":""classix"",""group_merging"":""distance"",""minPts"":5,""radius"":1.0}",,True,True,2,"[0.0006324590067379177, 0.000502333976328373]",2,0.0005673964915331453,6.506251520477235e-05,1,1,0,0.0,0.0,,,
pathbased,shape,300,2,classix,"{""engine"":""classix"",""group_merging"":""density"",""minPts"":5,""radius"":1.0}",,True,True,2,"[0.002550375007558614, 0.0015796669758856297]",2,0.002065020991722122,0.0004853540158364922,1,1,0,0.0,0.0,,,
pathbased,shape,300,2,classix,"{""engine"":""classix"",""group_merging"":""distance"",""minPts"":10,""radius"":1.0}",,True,True,2,"[0.0006351250340230763, 0.0005062909913249314]",2,0.0005707080126740038,6.441702134907246e-05,1,1,0,0.0,0.0,,,
pathbased,shape,300,2,classix,"{""engine"":""classix"",""group_merging"":""density"",""minPts"":10,""radius"":1.0}",,True,True,2,"[0.0021578750456683338, 0.0015630410052835941]",2,0.001860458025475964,0.0002974170201923698,1,1,0,0.0,0.0,,,
pathbased,shape,300,2,classix,"{""engine"":""classix"",""group_merging"":""distance"",""minPts"":1,""radius"":1.1}",,True,True,2,"[0.0005731659475713968, 0.00046679197112098336]",2,0.0005199789593461901,5.318698822520673e-05,1,1,0,0.0,0.0,,,
pathbased,shape,300,2,classix,"{""engine"":""classix"",""group_merging"":""density"",""minPts"":1,""radius"":1.1}",,True,True,2,"[0.001519459008704871, 0.0012823750148527324]",2,0.0014009170117788017,0.00011854199692606926,1,1,0,0.0,0.0,,,
pathbased,shape,300,2,classix,"{""engine"":""classix"",""group_merging"":""distance"",""minPts"":5,""radius"":1.1}",,True,True,2,"[0.00043587503023445606, 0.00046229094732552767]",2,0.00044908298877999187,1.3207958545535803e-05,1,1,0,0.0,0.0,,,
pathbased,shape,300,2,classix,"{""engine"":""classix"",""group_merging"":""density"",""minPts"":5,""radius"":1.1}",,True,True,2,"[0.0012561249895952642, 0.0012741249520331621]",2,0.0012651249708142132,8.99998121894896e-06,1,1,0,0.0,0.0,,,
pathbased,shape,300,2,classix,"{""engine"":""classix"",""group_merging"":""distance"",""minPts"":10,""radius"":1.1}",,True,True,2,"[0.00042583304457366467, 0.0004701249999925494]",2,0.00044797902228310704,2.2145977709442377e-05,1,1,0,0.0,0.0,,,
pathbased,shape,300,2,classix,"{""engine"":""classix"",""group_merging"":""density"",""minPts"":10,""radius"":1.1}",,True,True,2,"[0.0016537500196136534, 0.0012727080029435456]",2,0.0014632290112785995,0.00019052100833505392,1,1,0,0.0,0.0,,,
pathbased,shape,300,2,classix,"{""engine"":""classix"",""group_merging"":""distance"",""minPts"":1,""radius"":1.2}",,True,True,2,"[0.00037683401023969054, 0.0004206660087220371]",2,0.0003987500094808638,2.1915999241173267e-05,1,1,0,0.0,0.0,,,
pathbased,shape,300,2,classix,"{""engine"":""classix"",""group_merging"":""density"",""minPts"":1,""radius"":1.2}",,True,True,2,"[0.0009580000187270343, 0.0011810839641839266]",2,0.0010695419914554805,0.00011154197272844613,1,1,0,0.0,0.0,,,
pathbased,shape,300,2,classix,"{""engine"":""classix"",""group_merging"":""distance"",""minPts"":5,""radius"":1.2}",,True,True,2,"[0.00037520797923207283, 0.00042683404171839356]",2,0.0004010210104752332,2.5813031243160367e-05,1,1,0,0.0,0.0,,,
pathbased,shape,300,2,classix,"{""engine"":""classix"",""group_merging"":""density"",""minPts"":5,""radius"":1.2}",,True,True,2,"[0.0009512919932603836, 0.0010060000349767506]",2,0.0009786460141185671,2.7354020858183503e-05,1,1,0,0.0,0.0,,,
pathbased,shape,300,2,classix,"{""engine"":""classix"",""group_merging"":""distance"",""minPts"":10,""radius"":1.2}",,True,True,2,"[0.00037174997851252556, 0.0004176250076852739]",2,0.0003946874930988997,2.2937514586374164e-05,1,1,0,0.0,0.0,,,
pathbased,shape,300,2,classix,"{""engine"":""classix"",""group_merging"":""density"",""minPts"":10,""radius"":1.2}",,True,True,2,"[0.0009440410067327321, 0.0009974580025300384]",2,0.0009707495046313852,2.670849789865315e-05,1,1,0,0.0,0.0,,,
pathbased,shape,300,2,classix,"{""engine"":""classix"",""group_merging"":""distance"",""minPts"":1,""radius"":1.3}",,True,True,2,"[0.0003557920572347939, 0.00040674995398148894]",2,0.0003812710056081414,2.547894837334752e-05,1,1,0,0.0,0.0,,,
pathbased,shape,300,2,classix,"{""engine"":""classix"",""group_merging"":""density"",""minPts"":1,""radius"":1.3}",,True,True,2,"[0.0009733749902807176, 0.0009444589959457517]",2,0.0009589169931132346,1.4457997167482972e-05,1,1,0,0.0,0.0,,,
pathbased,shape,300,2,classix,"{""engine"":""classix"",""group_merging"":""distance"",""minPts"":5,""radius"":1.3}",,True,True,2,"[0.0005391250015236437, 0.0004010829725302756]",2,0.00047010398702695966,6.902101449668407e-05,1,1,0,0.0,0.0,,,
pathbased,shape,300,2,classix,"{""engine"":""classix"",""group_merging"":""density"",""minPts"":5,""radius"":1.3}",,True,True,2,"[0.0012124580098316073, 0.0009457090054638684]",2,0.0010790835076477379,0.00013337450218386948,1,1,0,0.0,0.0,,,
pathbased,shape,300,2,classix,"{""engine"":""classix"",""group_merging"":""distance"",""minPts"":10,""radius"":1.3}",,True,True,2,"[0.00045966601464897394, 0.0004002919886261225]",2,0.0004299790016375482,2.9687013011425734e-05,1,1,0,0.0,0.0,,,
pathbased,shape,300,2,classix,"{""engine"":""classix"",""group_merging"":""density"",""minPts"":10,""radius"":1.3}",,True,True,2,"[0.0011808749986812472, 0.0009540410246700048]",2,0.001067458011675626,0.0001134169870056212,1,1,0,0.0,0.0,,,
pathbased,shape,300,2,classix,"{""engine"":""classix"",""group_merging"":""distance"",""minPts"":1,""radius"":1.4}",,True,True,2,"[0.0004265420138835907, 0.00038716697599738836]",2,0.00040685449494048953,1.9687518943101168e-05,1,1,0,0.0,0.0,,,
pathbased,shape,300,2,classix,"{""engine"":""classix"",""group_merging"":""density"",""minPts"":1,""radius"":1.4}",,True,True,2,"[0.00112970796180889, 0.0008685410139150918]",2,0.000999124487861991,0.00013058347394689918,1,1,0,0.0,0.0,,,
pathbased,shape,300,2,classix,"{""engine"":""classix"",""group_merging"":""distance"",""minPts"":5,""radius"":1.4}",,True,True,2,"[0.00045445800060406327, 0.00038887496339157224]",2,0.00042166648199781775,3.279151860624552e-05,1,1,0,0.0,0.0,,,
pathbased,shape,300,2,classix,"{""engine"":""classix"",""group_merging"":""density"",""minPts"":5,""radius"":1.4}",,True,True,2,"[0.0010472499998286366, 0.0008600829751230776]",2,0.0009536664874758571,9.358351235277951e-05,1,1,0,0.0,0.0,,,
pathbased,shape,300,2,classix,"{""engine"":""classix"",""group_merging"":""distance"",""minPts"":10,""radius"":1.4}",,True,True,2,"[0.00043308298336341977, 0.00038049998693168163]",2,0.0004067914851475507,2.629149821586907e-05,1,1,0,0.0,0.0,,,
pathbased,shape,300,2,classix,"{""engine"":""classix"",""group_merging"":""density"",""minPts"":10,""radius"":1.4}",,True,True,2,"[0.001038416987285018, 0.0008634999976493418]",2,0.0009509584924671799,8.745849481783807e-05,1,1,0,0.0,0.0,,,
pathbased,shape,300,2,classix,"{""engine"":""classix"",""group_merging"":""distance"",""minPts"":1,""radius"":1.5}",,True,True,2,"[0.00041754101403057575, 0.00038895802572369576]",2,0.00040324951987713575,1.4291494153439999e-05,1,1,0,0.0,0.0,,,
pathbased,shape,300,2,classix,"{""engine"":""classix"",""group_merging"":""density"",""minPts"":1,""radius"":1.5}",,True,True,2,"[0.001853250025305897, 0.0008460419485345483]",2,0.0013496459869202226,0.0005036040383856744,1,1,0,0.0,0.0,,,
pathbased,shape,300,2,classix,"{""engine"":""classix"",""group_merging"":""distance"",""minPts"":5,""radius"":1.5}",,True,True,2,"[0.00042983394814655185, 0.00038870901335030794]",2,0.0004092714807484299,2.0562467398121953e-05,1,1,0,0.0,0.0,,,
pathbased,shape,300,2,classix,"{""engine"":""classix"",""group_merging"":""density"",""minPts"":5,""radius"":1.5}",,True,True,2,"[0.0010280419955961406, 0.0008380829822272062]",2,0.0009330624889116734,9.49795066844672e-05,1,1,0,0.0,0.0,,,
pathbased,shape,300,2,classix,"{""engine"":""classix"",""group_merging"":""distance"",""minPts"":10,""radius"":1.5}",,True,True,2,"[0.0004249580088071525, 0.0003828330081887543]",2,0.0004038955084979534,2.1062500309199095e-05,1,1,0,0.0,0.0,,,
pathbased,shape,300,2,classix,"{""engine"":""classix"",""group_merging"":""density"",""minPts"":10,""radius"":1.5}",,True,True,2,"[0.000898375001270324, 0.0008385829860344529]",2,0.0008684789936523885,2.9896007617935538e-05,1,1,0,0.0,0.0,,,
pathbased,shape,300,2,kmeans,"{""init"":""k-means++"",""n_clusters"":2,""n_init"":20}",0.0,False,,1,[0.014747917011845857],1,0.014747917011845857,0.0,2,2,0,0.3989713297894657,0.49099715322938187,0.4377852455190497,0.9609852989054206,213.14363836269266
pathbased,shape,300,2,kmeans,"{""init"":""k-means++"",""n_clusters"":3,""n_init"":20}",0.0,False,,1,[0.015932375041302294],1,0.015932375041302294,0.0,3,3,0,0.4797415258613849,0.5606538556651895,0.5092065033223903,0.6929203590749796,304.579543045161
pathbased,shape,300,2,kmeans,"{""init"":""k-means++"",""n_clusters"":4,""n_init"":20}",0.0,False,,1,[0.019370040972717106],1,0.019370040972717106,0.0,4,4,0,0.4076984117436577,0.4870300632969283,0.4485335021692537,0.7825646994736823,288.0119446858337
pathbased,shape,300,2,kmeans,"{""init"":""k-means++"",""n_clusters"":5,""n_init"":20}",0.0,False,,1,[0.021128624968696386],1,0.021128624968696386,0.0,5,5,0,0.32723234688728203,0.4346874276054162,0.385365336942914,0.8955961344057197,294.9402402943804
pathbased,shape,300,2,kmeans,"{""init"":""k-means++"",""n_clusters"":6,""n_init"":20}",0.0,False,,1,[0.025255750049836934],1,0.025255750049836934,0.0,6,6,0,0.4184094411680496,0.4735058132615744,0.40850101565585384,0.8190364288484826,298.5600829804125
pathbased,shape,300,2,kmeans,"{""init"":""k-means++"",""n_clusters"":7,""n_init"":20}",0.0,False,,1,[0.025153291993774474],1,0.025153291993774474,0.0,7,7,0,0.43123228323801577,0.49779057990914216,0.4088367073858602,0.784730607591934,302.12624622285307
pathbased,shape,300,2,kmeans,"{""init"":""k-means++"",""n_clusters"":8,""n_init"":20}",0.0,False,,1,[0.025179874966852367],1,0.025179874966852367,0.0,8,8,0,0.4101684682796183,0.5144924535828446,0.39258223051464225,0.8203695799488386,310.20674929999484
pathbased,shape,300,2,kmeans,"{""init"":""k-means++"",""n_clusters"":9,""n_init"":20}",0.0,False,,1,[0.026695042033679783],1,0.026695042033679783,0.0,9,9,0,0.39365618775830163,0.5154641363971562,0.393679620530781,0.8010029145798394,318.6245841191277
pathbased,shape,300,2,kmeans,"{""init"":""k-means++"",""n_clusters"":10,""n_init"":20}",0.0,False,,1,[0.027666833018884063],1,0.027666833018884063,0.0,10,10,0,0.34673002860225516,0.5002391617836374,0.3832617625955798,0.7886189747120536,331.2771010396076
pathbased,shape,300,2,kmeans,"{""init"":""k-means++"",""n_clusters"":11,""n_init"":20}",0.0,False,,1,[0.03064570901915431],1,0.03064570901915431,0.0,11,11,0,0.30027960706569234,0.5143661554839849,0.3917824261892081,0.757437024373085,347.2353277068104
pathbased,shape,300,2,kmeans,"{""init"":""k-means++"",""n_clusters"":12,""n_init"":20}",0.0,False,,1,[0.03123950003646314],1,0.03123950003646314,0.0,12,12,0,0.29604887950150366,0.5184011190335982,0.3901825797049899,0.7566047312568221,348.5042693960393
pathbased,shape,300,2,kmeans,"{""init"":""k-means++"",""n_clusters"":2,""n_init"":20}",1.0,False,,1,[0.014193583047017455],1,0.014193583047017455,0.0,2,2,0,0.3989713297894657,0.49099715322938187,0.4377852455190497,0.9609852989054206,213.14363836269266
pathbased,shape,300,2,kmeans,"{""init"":""k-means++"",""n_clusters"":3,""n_init"":20}",1.0,False,,1,[0.01648091699462384],1,0.01648091699462384,0.0,3,3,0,0.4797415258613849,0.5606538556651895,0.5092065033223903,0.6929203590749796,304.579543045161
pathbased,shape,300,2,kmeans,"{""init"":""k-means++"",""n_clusters"":4,""n_init"":20}",1.0,False,,1,[0.017775457992684096],1,0.017775457992684096,0.0,4,4,0,0.4076984117436577,0.4870300632969283,0.4485335021692537,0.7825646994736823,288.0119446858337
pathbased,shape,300,2,kmeans,"{""init"":""k-means++"",""n_clusters"":5,""n_init"":20}",1.0,False,,1,[0.021954916999675333],1,0.021954916999675333,0.0,5,5,0,0.32723234688728203,0.4346874276054162,0.385365336942914,0.8955961344057197,294.9402402943804
pathbased,shape,300,2,kmeans,"{""init"":""k-means++"",""n_clusters"":6,""n_init"":20}",1.0,False,,1,[0.07789841701742262],1,0.07789841701742262,0.0,6,6,0,0.38557608274073063,0.466022311745095,0.400274843533534,0.8365753043149474,299.19592017444836
pathbased,shape,300,2,kmeans,"{""init"":""k-means++"",""n_clusters"":7,""n_init"":20}",1.0,False,,1,[0.0292743340251036],1,0.0292743340251036,0.0,7,7,0,0.4484573452558101,0.5016987687721729,0.4063262505080917,0.7907454624343807,299.3429951298119
pathbased,shape,300,2,kmeans,"{""init"":""k-means++"",""n_clusters"":8,""n_init"":20}",1.0,False,,1,[0.040622958971653134],1,0.040622958971653134,0.0,8,8,0,0.4018469108959827,0.502167303274919,0.3829178579549824,0.8363124110870661,308.49749850607566
pathbased,shape,300,2,kmeans,"{""init"":""k-means++"",""n_clusters"":9,""n_init"":20}",1.0,False,,1,[0.03982574999099597],1,0.03982574999099597,0.0,9,9,0,0.3917710414034717,0.5103684468627798,0.393457452305582,0.7974805217847653,317.44046527149504
pathbased,shape,300,2,kmeans,"{""init"":""k-means++"",""n_clusters"":10,""n_init"":20}",1.0,False,,1,[0.06332825002027676],1,0.06332825002027676,0.0,10,10,0,0.34541102787472183,0.5077983836101774,0.38454402505496266,0.7999600589607821,332.7401849654595
pathbased,shape,300,2,kmeans,"{""init"":""k-means++"",""n_clusters"":11,""n_init"":20}",1.0,False,,1,[0.060684041993226856],1,0.060684041993226856,0.0,11,11,0,0.29798671706685537,0.511713588248049,0.3890466874794888,0.7559076437134066,344.7791608570382
pathbased,shape,300,2,kmeans,"{""init"":""k-means++"",""n_clusters"":12,""n_init"":20}",1.0,False,,1,[0.07139608403667808],1,0.07139608403667808,0.0,12,12,0,0.2984546546965213,0.5202052668270436,0.39450531718820137,0.7329502910185619,356.2015211304963
pathbased,shape,300,2,kmeans,"{""init"":""k-means++"",""n_clusters"":2,""n_init"":20}",2.0,False,,1,[0.08802224998362362],1,0.08802224998362362,0.0,2,2,0,0.3989713297894657,0.49099715322938187,0.4377852455190497,0.9609852989054206,213.14363836269266
pathbased,shape,300,2,kmeans,"{""init"":""k-means++"",""n_clusters"":3,""n_init"":20}",2.0,False,,1,[0.058807166991755366],1,0.058807166991755366,0.0,3,3,0,0.4797415258613849,0.5606538556651895,0.5092065033223903,0.6929203590749796,304.579543045161
pathbased,shape,300,2,kmeans,"{""init"":""k-means++"",""n_clusters"":4,""n_init"":20}",2.0,False,,1,[0.026499125000555068],1,0.026499125000555068,0.0,4,4,0,0.4034541862862251,0.48396323254406476,0.44851063825068366,0.7802213435667106,288.09607727270725
pathbased,shape,300,2,kmeans,"{""init"":""k-means++"",""n_clusters"":5,""n_init"":20}",2.0,False,,1,[0.034014042001217604],1,0.034014042001217604,0.0,5,5,0,0.32723234688728203,0.4346874276054162,0.385365336942914,0.8955961344057197,294.9402402943804
pathbased,shape,300,2,kmeans,"{""init"":""k-means++"",""n_clusters"":6,""n_init"":20}",2.0,False,,1,[0.035421542008407414],1,0.035421542008407414,0.0,6,6,0,0.46136266271478615,0.502913341495141,0.4271770690301736,0.7658555562982848,298.53403824556295
pathbased,shape,300,2,kmeans,"{""init"":""k-means++"",""n_clusters"":7,""n_init"":20}",2.0,False,,1,[0.030814416997600347],1,0.030814416997600347,0.0,7,7,0,0.39457212267617237,0.5001260123914305,0.39342127677698563,0.8203031896143014,300.62001737627486
pathbased,shape,300,2,kmeans,"{""init"":""k-means++"",""n_clusters"":8,""n_init"":20}",2.0,False,,1,[0.027853417035657912],1,0.027853417035657912,0.0,8,8,0,0.4087264621572377,0.5151413088902741,0.39159973885558647,0.8250832949438154,310.39022012395264
pathbased,shape,300,2,kmeans,"{""init"":""k-means++"",""n_clusters"":9,""n_init"":20}",2.0,False,,1,[0.024930583022069186],1,0.024930583022069186,0.0,9,9,0,0.394850704531943,0.5250477662523563,0.38938293954085956,0.813490661264309,316.7917637864586
pathbased,shape,300,2,kmeans,"{""init"":""k-means++"",""n_clusters"":10,""n_init"":20}",2.0,False,,1,[0.027613624988589436],1,0.027613624988589436,0.0,10,10,0,0.3481474959722543,0.5096340418479575,0.3875387516386654,0.7908156624796349,332.60635979163646
pathbased,shape,300,2,kmeans,"{""init"":""k-means++"",""n_clusters"":11,""n_init"":20}",2.0,False,,1,[0.0294766669976525],1,0.0294766669976525,0.0,11,11,0,0.2889582226804436,0.49938472497097336,0.38439020015168507,0.7613056975286505,340.56336970407295
pathbased,shape,300,2,kmeans,"{""init"":""k-means++"",""n_clusters"":12,""n_init"":20}",2.0,False,,1,[0.031621749978512526],1,0.031621749978512526,0.0,12,12,0,0.30355173863163193,0.5230185284489594,0.39694924035185386,0.7387191894059538,358.67700323977886
pathbased,shape,300,2,kmeans,"{""init"":""k-means++"",""n_clusters"":2,""n_init"":20}",3.0,False,,1,[0.014919415989425033],1,0.014919415989425033,0.0,2,2,0,0.3989713297894657,0.49099715322938187,0.4377852455190497,0.9609852989054206,213.14363836269266
pathbased,shape,300,2,kmeans,"{""init"":""k-means++"",""n_clusters"":3,""n_init"":20}",3.0,False,,1,[0.015234582999255508],1,0.015234582999255508,0.0,3,3,0,0.4797415258613849,0.5606538556651895,0.5092065033223903,0.6929203590749796,304.579543045161
pathbased,shape,300,2,kmeans,"{""init"":""k-means++"",""n_clusters"":4,""n_init"":20}",3.0,False,,1,[0.017051832983270288],1,0.017051832983270288,0.0,4,4,0,0.4025284217461929,0.4840850653270645,0.44812643044560274,0.7799649580082743,288.0084166858753
pathbased,shape,300,2,kmeans,"{""init"":""k-means++"",""n_clusters"":5,""n_init"":20}",3.0,False,,1,[0.020661957969423383],1,0.020661957969423383,0.0,5,5,0,0.32723234688728203,0.4346874276054162,0.385365336942914,0.8955961344057197,294.9402402943804
pathbased,shape,300,2,kmeans,"{""init"":""k-means++"",""n_clusters"":6,""n_init"":20}",3.0,False,,1,[0.024141417001374066],1,0.024141417001374066,0.0,6,6,0,0.38557608274073063,0.4660223117450951,0.400274843533534,0.8365753043149476,299.19592017444836
pathbased,shape,300,2,kmeans,"{""init"":""k-means++"",""n_clusters"":7,""n_init"":20}",3.0,False,,1,[0.02594841696554795],1,0.02594841696554795,0.0,7,7,0,0.43477734122032197,0.5060158652692667,0.40642597009893383,0.7978031150628784,302.3661482200239
pathbased,shape,300,2,kmeans,"{""init"":""k-means++"",""n_clusters"":8,""n_init"":20}",3.0,False,,1,[0.02541904099052772],1,0.02541904099052772,0.0,8,8,0,0.39486861298556136,0.5223572171822105,0.38709622894838663,0.8366681806685541,308.7543453189175
pathbased,shape,300,2,kmeans,"{""init"":""k-means++"",""n_clusters"":9,""n_init"":20}",3.0,False,,1,[0.025674833043012768],1,0.025674833043012768,0.0,9,9,0,0.39316435030026875,0.5122932714634204,0.39168296034307026,0.8031442989190754,319.62731593991765
pathbased,shape,300,2,kmeans,"{""init"":""k-means++"",""n_clusters"":10,""n_init"":20}",3.0,False,,1,[0.028484207985457033],1,0.028484207985457033,0.0,10,10,0,0.34576833467416246,0.5044984383065874,0.3843153574722098,0.7950655251445071,332.4552654837628
pathbased,shape,300,2,kmeans,"{""init"":""k-means++"",""n_clusters"":11,""n_init"":20}",3.0,False,,1,[0.07883200002834201],1,0.07883200002834201,0.0,11,11,0,0.2942382868076493,0.5070888826577952,0.3906585850544111,0.7525846891996312,347.46238026786244
pathbased,shape,300,2,kmeans,"{""init"":""k-means++"",""n_clusters"":12,""n_init"":20}",3.0,False,,1,[0.05892224999843165],1,0.05892224999843165,0.0,12,12,0,0.2999870071717003,0.5208378844005008,0.39749887244825527,0.7399412603873136,358.1100178151275
pathbased,shape,300,2,kmeans,"{""init"":""k-means++"",""n_clusters"":2,""n_init"":20}",4.0,False,,1,[0.03843916702317074],1,0.03843916702317074,0.0,2,2,0,0.3989713297894657,0.49099715322938187,0.4377852455190497,0.9609852989054206,213.14363836269266
pathbased,shape,300,2,kmeans,"{""init"":""k-means++"",""n_clusters"":3,""n_init"":20}",4.0,False,,1,[0.031747917004395276],1,0.031747917004395276,0.0,3,3,0,0.4797415258613849,0.5606538556651895,0.5092065033223903,0.6929203590749796,304.579543045161
pathbased,shape,300,2,kmeans,"{""init"":""k-means++"",""n_clusters"":4,""n_init"":20}",4.0,False,,1,[0.04427633399609476],1,0.04427633399609476,0.0,4,4,0,0.4025284217461929,0.4840850653270645,0.44812643044560274,0.7799649580082743,288.0084166858753
pathbased,shape,300,2,kmeans,"{""init"":""k-means++"",""n_clusters"":5,""n_init"":20}",4.0,False,,1,[0.1259113330161199],1,0.1259113330161199,0.0,5,5,0,0.32723234688728203,0.4346874276054162,0.385365336942914,0.8955961344057197,294.9402402943804
pathbased,shape,300,2,kmeans,"{""init"":""k-means++"",""n_clusters"":6,""n_init"":20}",4.0,False,,1,[0.04922225000336766],1,0.04922225000336766,0.0,6,6,0,0.37367952580190705,0.45629397746844264,0.3995399245041208,0.8408811703366723,299.68227295417495
pathbased,shape,300,2,kmeans,"{""init"":""k-means++"",""n_clusters"":7,""n_init"":20}",4.0,False,,1,[0.03179850004380569],1,0.03179850004380569,0.0,7,7,0,0.43477734122032197,0.5060158652692667,0.40642597009893383,0.7978031150628784,302.36614822002394
pathbased,shape,300,2,kmeans,"{""init"":""k-means++"",""n_clusters"":8,""n_init"":20}",4.0,False,,1,[0.030670833017211407],1,0.030670833017211407,0.0,8,8,0,0.40784444328989594,0.5357355161069978,0.36741974070227784,0.8735839517966444,305.51621843661746
pathbased,shape,300,2,kmeans,"{""init"":""k-means++"",""n_clusters"":9,""n_init"":20}",4.0,False,,1,[0.03441883297637105],1,0.03441883297637105,0.0,9,9,0,0.39511884998814584,0.5150493933707799,0.39233030716739364,0.8043551950096526,319.7455163782989
pathbased,shape,300,2,kmeans,"{""init"":""k-means++"",""n_clusters"":10,""n_init"":20}",4.0,False,,1,[0.04736541700549424],1,0.04736541700549424,0.0,10,10,0,0.3412857122666214,0.501689302312916,0.3843220636465424,0.7935967143654782,331.91262011537077
pathbased,shape,300,2,kmeans,"{""init"":""k-means++"",""n_clusters"":11,""n_init"":20}",4.0,False,,1,[0.04781399999046698],1,0.04781399999046698,0.0,11,11,0,0.29315126121272456,0.49533281200373885,0.3909754036918707,0.7480595299591528,346.2108691717147
pathbased,shape,300,2,kmeans,"{""init"":""k-means++"",""n_clusters"":12,""n_init"":20}",4.0,False,,1,[0.04656612500548363],1,0.04656612500548363,0.0,12,12,0,0.2855348375037429,0.5106805540986673,0.39324753009497415,0.7441305540401012,356.53977048942204
r15,shape,600,2,ward,"{""linkage"":""ward"",""n_clusters"":2}",,True,True,2,"[0.0043362079886719584, 0.003635917033534497]",2,0.003986062511103228,0.0003501454775687307,2,2,0,0.04109505765061095,0.25327915840981136,0.3664939526400457,0.9453157584249606,192.4630940794101
r15,shape,600,2,ward,"{""linkage"":""ward"",""n_clusters"":3}",,True,True,2,"[0.004050832998473197, 0.007106459001079202]",2,0.0055786459997761995,0.0015278130013030022,3,3,0,0.09882017578588961,0.44042467290887155,0.40033743849479786,0.8714327788540667,276.1938096685682
r15,shape,600,2,ward,"{""linkage"":""ward"",""n_clusters"":4}",,True,True,2,"[0.0038571669720113277, 0.011625542014371604]",2,0.007741354493191466,0.003884187521180138,4,4,0,0.18057455540355677,0.5823607419089306,0.45946637055721806,0.8767055024267814,360.2769198900129
r15,shape,600,2,ward,"{""linkage"":""ward"",""n_clusters"":5}",,True,True,2,"[0.0038208329933695495, 0.0036023749853484333]",2,0.0037116039893589914,0.00010922900401055813,5,5,0,0.23713076701861058,0.655989805219806,0.5226027857957704,0.7223602501056237,466.96075284144655
r15,shape,600,2,ward,"{""linkage"":""ward"",""n_clusters"":6}",,True,True,2,"[0.003821957972832024, 0.004054417018778622]",2,0.003938187495805323,0.00011622952297329903,6,6,0,0.2455919395465995,0.686122293599551,0.5620929142649352,0.592223535510187,494.9810086043655
r15,shape,600,2,ward,"{""linkage"":""ward"",""n_clusters"":7}",,True,True,2,"[0.003289917018264532, 0.004516375018283725]",2,0.0039031460182741284,0.0006132290000095963,7,7,0,0.254431520666123,0.714933278954781,0.6026450700149154,0.490400052066739,575.575406813462
r15,shape,600,2,ward,"{""linkage"":""ward"",""n_clusters"":8}",,True,True,2,"[0.0032116249785758555, 0.003549249959178269]",2,0.003380437468877062,0.0001688124903012067,8,8,0,0.2636754763368162,0.7425078304557066,0.653006125666107,0.3487277548679332,760.0819366111348
r15,shape,600,2,ward,"{""linkage"":""ward"",""n_clusters"":9}",,True,True,2,"[0.003208041947800666, 0.004649584006983787]",2,0.0039288129773922265,0.0007207710295915604,9,9,0,0.4982863164432096,0.8362377158655347,0.6082216615891525,0.5313334078401929,1061.0692537461118
r15,shape,600,2,ward,"{""linkage"":""ward"",""n_clusters"":10}",,True,True,2,"[0.0032220419961959124, 0.0034973749425262213]",2,0.003359708469361067,0.00013766647316515446,10,10,0,0.6084035434863323,0.8778118116958681,0.6435091474498752,0.44565742192336594,1597.229574804348
r15,shape,600,2,ward,"{""linkage"":""ward"",""n_clusters"":11}",,True,True,2,"[0.0032420839997939765, 0.0172432090039365]",2,0.010242646501865238,0.007000562502071261,11,11,0,0.7165923770489853,0.9111651327691139,0.6450971476131094,0.4428743357190898,1989.4167115899597
r15,shape,600,2,ward,"{""linkage"":""ward"",""n_clusters"":12}",,True,True,2,"[0.0032466670381836593, 0.004476959002204239]",2,0.0038618130201939493,0.00061514598201029,12,12,0,0.8042766753644529,0.9373628324280783,0.6616370869850643,0.43995682948535997,2274.39403005171
r15,shape,600,2,dbscan,"{""eps"":0.1,""min_samples"":3}",,True,True,2,"[0.0017547080060467124, 0.002637333993334323]",2,0.002196020999690518,0.0004413129936438054,17,17,22,0.9375177829535192,0.9510605888465299,0.7181489384720697,0.3547775029200269,4830.346873746337
r15,shape,600,2,dbscan,"{""eps"":0.1,""min_samples"":5}",,True,True,2,"[0.0014994170051068068, 0.01422350003849715]",2,0.007861458521801978,0.006362041516695172,15,15,38,0.9001872883495454,0.9276579442944719,0.7759301946935981,0.2913325658658476,5548.877617070267
r15,shape,600,2,dbscan,"{""eps"":0.1,""min_samples"":10}",,True,True,2,"[0.0014132079668343067, 0.003161792003083974]",2,0.0022874999849591404,0.0008742920181248337,15,15,78,0.7510783900956975,0.867796674847199,0.8014603804280384,0.2668604383364155,6304.04577243348
r15,shape,600,2,dbscan,"{""eps"":0.2,""min_samples"":3}",,True,True,2,"[0.0016018750029616058, 0.0022982500377111137]",2,0.0019500625203363597,0.00034818751737475395,8,8,0,0.2636754763368162,0.7425078304557066,0.653006125666107,0.34872775486793317,760.0819366111348
r15,shape,600,2,dbscan,"{""eps"":0.2,""min_samples"":5}",,True,True,2,"[0.0015810000477358699, 0.0020284579950384796]",2,0.0018047290213871747,0.00022372897365130484,8,8,0,0.2636754763368162,0.7425078304557066,0.653006125666107,0.34872775486793317,760.0819366111348
r15,shape,600,2,dbscan,"{""eps"":0.2,""min_samples"":10}",,True,True,2,"[0.0015579999890178442, 0.0022843749611638486]",2,0.0019211874750908464,0.0003631874860730022,8,8,0,0.2636754763368162,0.7425078304557066,0.653006125666107,0.34872775486793317,760.0819366111348
r15,shape,600,2,dbscan,"{""eps"":0.3,""min_samples"":3}",,True,True,2,"[0.0017270829994231462, 0.002146832994185388]",2,0.0019369579968042672,0.00020987499738112092,8,8,0,0.2636754763368162,0.7425078304557066,0.653006125666107,0.34872775486793317,760.0819366111348
r15,shape,600,2,dbscan,"{""eps"":0.3,""min_samples"":5}",,True,True,2,"[0.00161070900503546, 0.007644333003554493]",2,0.004627521004294977,0.0030168119992595166,8,8,0,0.2636754763368162,0.7425078304557066,0.653006125666107,0.34872775486793317,760.0819366111348
r15,shape,600,2,dbscan,"{""eps"":0.3,""min_samples"":10}",,True,True,2,"[0.0016120840446092188, 0.0026892080204561353]",2,0.002150646032532677,0.0005385619879234582,8,8,0,0.2636754763368162,0.7425078304557066,0.653006125666107,0.34872775486793317,760.0819366111348
r15,shape,600,2,dbscan,"{""eps"":0.4,""min_samples"":3}",,True,True,2,"[0.001723624998703599, 0.002560792025178671]",2,0.002142208511941135,0.00041858351323753595,8,8,0,0.2636754763368162,0.7425078304557066,0.653006125666107,0.34872775486793317,760.0819366111348
r15,shape,600,2,dbscan,"{""eps"":0.4,""min_samples"":5}",,True,True,2,"[0.0016870000399649143, 0.001861208991613239]",2,0.0017741045157890767,8.710447582416236e-05,8,8,0,0.2636754763368162,0.7425078304557066,0.653006125666107,0.34872775486793317,760.0819366111348
r15,shape,600,2,dbscan,"{""eps"":0.4,""min_samples"":10}",,True,True,2,"[0.0016708750044927, 0.0017617919947952032]",2,0.0017163334996439517,4.5458495151251554e-05,8,8,0,0.2636754763368162,0.7425078304557066,0.653006125666107,0.34872775486793317,760.0819366111348
r15,shape,600,2,dbscan,"{""eps"":0.5,""min_samples"":3}",,True,True,2,"[0.001890874991659075, 0.002769000013358891]",2,0.002329937502508983,0.000439062510849908,8,8,0,0.2636754763368162,0.7425078304557066,0.653006125666107,0.34872775486793317,760.0819366111348
r15,shape,600,2,dbscan,"{""eps"":0.5,""min_samples"":5}",,True,True,2,"[0.0018409579643048346, 0.003023750032298267]",2,0.0024323539983015507,0.0005913960339967161,8,8,0,0.2636754763368162,0.7425078304557066,0.653006125666107,0.34872775486793317,760.0819366111348
r15,shape,600,2,dbscan,"{""eps"":0.5,""min_samples"":10}",,True,True,2,"[0.0018176669836975634, 0.003244791994802654]",2,0.0025312294892501086,0.0007135625055525452,8,8,0,0.2636754763368162,0.7425078304557066,0.653006125666107,0.34872775486793317,760.0819366111348
r15,shape,600,2,dbscan,"{""eps"":0.6,""min_samples"":3}",,True,True,2,"[0.002069624955765903, 0.0026760409818962216]",2,0.0023728329688310623,0.0003032080130651593,8,8,0,0.2636754763368162,0.7425078304557066,0.653006125666107,0.34872775486793317,760.0819366111348
r15,shape,600,2,dbscan,"{""eps"":0.6,""min_samples"":5}",,True,True,2,"[0.0020334579749032855, 0.0027583750197663903]",2,0.002395916497334838,0.0003624585224315524,8,8,0,0.2636754763368162,0.7425078304557066,0.653006125666107,0.34872775486793317,760.0819366111348
r15,shape,600,2,dbscan,"{""eps"":0.6,""min_samples"":10}",,True,True,2,"[0.0020586249884217978, 0.0031254159985110164]",2,0.002592020493466407,0.0005333955050446093,8,8,0,0.2636754763368162,0.7425078304557066,0.653006125666107,0.34872775486793317,760.0819366111348
r15,shape,600,2,dbscan,"{""eps"":0.7,""min_samples"":3}",,True,True,2,"[0.0021359999664127827, 0.01621133298613131]",2,0.009173666476272047,0.007037666509859264,8,8,0,0.2636754763368162,0.7425078304557066,0.653006125666107,0.34872775486793317,760.0819366111348
r15,shape,600,2,dbscan,"{""eps"":0.7,""min_samples"":5}",,True,True,2,"[0.0021604999783448875, 0.0032280839513987303]",2,0.002694291964871809,0.0005337919865269214,8,8,0,0.2636754763368162,0.7425078304557066,0.653006125666107,0.34872775486793317,760.0819366111348
r15,shape,600,2,dbscan,"{""eps"":0.7,""min_samples"":10}",,True,True,2,"[0.002410584012977779, 0.002256832958664745]",2,0.002333708485821262,7.687552715651691e-05,8,8,0,0.2636754763368162,0.7425078304557066,0.653006125666107,0.34872775486793317,760.0819366111348
r15,shape,600,2,dbscan,"{""eps"":0.8,""min_samples"":3}",,True,True,2,"[0.0022506670211441815, 0.017008457973133773]",2,0.009629562497138977,0.0073788954759947956,8,8,0,0.2636754763368162,0.7425078304557066,0.653006125666107,0.34872775486793317,760.0819366111348
r15,shape,600,2,dbscan,"{""eps"":0.8,""min_samples"":5}",,True,True,2,"[0.002148458966985345, 0.0033904160372912884]",2,0.0027694375021383166,0.0006209785351529717,8,8,0,0.2636754763368162,0.7425078304557066,0.653006125666107,0.34872775486793317,760.0819366111348
r15,shape,600,2,dbscan,"{""eps"":0.8,""min_samples"":10}",,True,True,2,"[0.0021882920409552753, 0.003117416985332966]",2,0.0026528545131441206,0.0004645624721888453,8,8,0,0.2636754763368162,0.7425078304557066,0.653006125666107,0.34872775486793317,760.0819366111348
r15,shape,600,2,dbscan,"{""eps"":0.9,""min_samples"":3}",,True,True,2,"[0.00222566700540483, 0.002400957979261875]",2,0.0023133124923333526,8.764548692852259e-05,7,7,0,0.19973279893119572,0.6782796145175144,0.5431397686960906,0.42464305072557135,366.0602433457326
r15,shape,600,2,dbscan,"{""eps"":0.9,""min_samples"":5}",,True,True,2,"[0.0022707919706590474, 0.015733832959085703]",2,0.009002312464872375,0.006731520494213328,7,7,0,0.19973279893119572,0.6782796145175144,0.5431397686960906,0.42464305072557135,366.0602433457326
r15,shape,600,2,dbscan,"{""eps"":0.9,""min_samples"":10}",,True,True,2,"[0.002195458975620568, 0.0028001670143567026]",2,0.002497812994988635,0.0003023540193680674,7,7,0,0.19973279893119572,0.6782796145175144,0.5431397686960906,0.42464305072557135,366.0602433457326
r15,shape,600,2,dbscan,"{""eps"":1.0,""min_samples"":3}",,True,True,2,"[0.0023878749925643206, 0.004470375017262995]",2,0.003429125004913658,0.0010412500123493373,4,4,0,0.07144870349492671,0.4201214138532978,0.2441843830884396,0.5840988545466175,125.95360097103311
r15,shape,600,2,dbscan,"{""eps"":1.0,""min_samples"":5}",,True,True,2,"[0.0022920419578440487, 0.0031979589839465916]",2,0.00274500047089532,0.00045295851305127144,4,4,0,0.07144870349492671,0.4201214138532978,0.2441843830884396,0.5840988545466175,125.95360097103311
r15,shape,600,2,dbscan,"{""eps"":1.0,""min_samples"":10}",,True,True,2,"[0.00235783401876688, 0.002637958968989551]",2,0.0024978964938782156,0.00014006247511133552,4,4,0,0.07144870349492671,0.4201214138532978,0.2441843830884396,0.5840988545466175,125.95360097103311
r15,shape,600,2,dbscan,"{""eps"":1.1,""min_samples"":3}",,True,True,2,"[0.0023907089489512146, 0.0030037499964237213]",2,0.002697229472687468,0.0003065205237362534,1,1,0,0.0,0.0,,,
r15,shape,600,2,dbscan,"{""eps"":1.1,""min_samples"":5}",,True,True,2,"[0.0025511669809930027, 0.004268457996658981]",2,0.0034098124888259917,0.0008586455078329891,1,1,0,0.0,0.0,,,
r15,shape,600,2,dbscan,"{""eps"":1.1,""min_samples"":10}",,True,True,2,"[0.0023581249988637865, 0.019430042011663318]",2,0.010894083505263552,0.008535958506399766,1,1,0,0.0,0.0,,,
r15,shape,600,2,dbscan,"{""eps"":1.2,""min_samples"":3}",,True,True,2,"[0.00258808396756649, 0.003722666995599866]",2,0.003155375481583178,0.0005672915140166879,1,1,0,0.0,0.0,,,
r15,shape,600,2,dbscan,"{""eps"":1.2,""min_samples"":5}",,True,True,2,"[0.002469250001013279, 0.013042040984146297]",2,0.007755645492579788,0.005286395491566509,1,1,0,0.0,0.0,,,
r15,shape,600,2,dbscan,"{""eps"":1.2,""min_samples"":10}",,True,True,2,"[0.0025312909856438637, 0.004595624981448054]",2,0.003563457983545959,0.0010321669979020953,1,1,0,0.0,0.0,,,
r15,shape,600,2,classix,"{""engine"":""classix"",""group_merging"":""distance"",""minPts"":1,""radius"":0.1}",,True,True,2,"[0.004615499987266958, 0.006378874997608364]",2,0.005497187492437661,0.0008816875051707029,35,35,0,0.8558376635134857,0.932565826203392,0.3217066187443349,0.5409189886634646,1460.8671938122172
r15,shape,600,2,classix,"{""engine"":""classix"",""group_merging"":""density"",""minPts"":1,""radius"":0.1}",,True,True,2,"[0.016097999992780387, 0.03289004199905321]",2,0.0244940209959168,0.008396021003136411,77,77,0,0.7816041885501221,0.8800835094385338,0.1701836492627144,0.5631472872631456,1507.5913026516912
r15,shape,600,2,classix,"{""engine"":""classix"",""group_merging"":""distance"",""minPts"":5,""radius"":0.1}",,True,True,2,"[0.004865958006121218, 0.00871437502792105]",2,0.0067901665170211345,0.0019242085108999163,16,16,0,0.9039702676792366,0.9644358814234874,0.6428777290083002,0.5164284878687182,2951.213347582922
r15,shape,600,2,classix,"{""engine"":""classix"",""group_merging"":""density"",""minPts"":5,""radius"":0.1}",,True,True,2,"[0.016736374993342906, 0.05746054201154038]",2,0.037098458502441645,0.02036208350909874,19,19,0,0.9151783868387153,0.9520806878057918,0.6573730644159652,0.5894180486242283,3963.425729613045
r15,shape,600,2,classix,"{""engine"":""classix"",""group_merging"":""distance"",""minPts"":10,""radius"":0.1}",,True,True,2,"[0.00489637500140816, 0.03566783299902454]",2,0.02028210400021635,0.01538572899880819,14,14,0,0.9242823175714754,0.9751374851438712,0.7143588315176977,0.37661981046423054,3341.0776111032524
r15,shape,600,2,classix,"{""engine"":""classix"",""group_merging"":""density"",""minPts"":10,""radius"":0.1}",,True,True,2,"[0.01684058300452307, 0.037858165975194424]",2,0.027349374489858747,0.010508791485335678,17,17,0,0.9346332861918807,0.9620905260789956,0.6953382235260908,0.5104778327121172,4334.589244669197
r15,shape,600,2,classix,"{""engine"":""classix"",""group_merging"":""distance"",""minPts"":1,""radius"":0.2}",,True,True,2,"[0.0021870830096304417, 0.004110333044081926]",2,0.003148708026856184,0.0009616250172257423,9,9,0,0.2626233713529096,0.7411666625382324,0.6172167235062322,0.35106535128844607,664.5552192341645
r15,shape,600,2,classix,"{""engine"":""classix"",""group_merging"":""density"",""minPts"":1,""radius"":0.2}",,True,True,2,"[0.008181124983821064, 0.01301541703287512]",2,0.010598271008348092,0.002417146024527028,17,17,0,0.9125089667332844,0.9675462902507103,0.6354771049908756,0.3982813848515588,2669.1152193128455
r15,shape,600,2,classix,"{""engine"":""classix"",""group_merging"":""distance"",""minPts"":5,""radius"":0.2}",,True,True,2,"[0.002210291975643486, 0.0034365829778835177]",2,0.0028234374767635018,0.000613145501120016,8,8,0,0.2636754763368162,0.7425078304557066,0.653006125666107,0.34872775486793317,760.0819366111349
r15,shape,600,2,classix,"{""engine"":""classix"",""group_merging"":""density"",""minPts"":5,""radius"":0.2}",,True,True,2,"[0.008343291992787272, 0.026128125027753413]",2,0.017235708510270342,0.00889241651748307,14,14,0,0.9178796460017004,0.9717877295780976,0.7103239544352016,0.3908019377658459,3244.024342608641
r15,shape,600,2,classix,"{""engine"":""classix"",""group_merging"":""distance"",""minPts"":10,""radius"":0.2}",,True,True,2,"[0.002202458039391786, 0.0028089580009691417]",2,0.002505708020180464,0.00030324998078867793,8,8,0,0.2636754763368162,0.7425078304557066,0.653006125666107,0.34872775486793317,760.0819366111349
r15,shape,600,2,classix,"{""engine"":""classix"",""group_merging"":""density"",""minPts"":10,""radius"":0.2}",,True,True,2,"[0.008249959035310894, 0.041463458037469536]",2,0.024856708536390215,0.01660674950107932,14,14,0,0.9178796460017004,0.9717877295780976,0.7103239544352016,0.3908019377658459,3244.024342608641
r15,shape,600,2,classix,"{""engine"":""classix"",""group_merging"":""distance"",""minPts"":1,""radius"":0.3}",,True,True,2,"[0.0013210829929448664, 0.009035959024913609]",2,0.005178521008929238,0.0038574380159843713,10,10,0,0.34128033280677633,0.7971821986969024,0.4858890364079419,0.4838937898674881,709.9403855163521
r15,shape,600,2,classix,"{""engine"":""classix"",""group_merging"":""density"",""minPts"":1,""radius"":0.3}",,True,True,2,"[0.0042736249743029475, 0.011301291990093887]",2,0.007787458482198417,0.0035138335078954697,11,11,0,0.6913134506250206,0.9011580543954871,0.6296573315219757,0.458196420560189,1836.3878134001409
r15,shape,600,2,classix,"{""engine"":""classix"",""group_merging"":""distance"",""minPts"":5,""radius"":0.3}",,True,True,2,"[0.0013596670469269156, 0.002255292027257383]",2,0.0018074795370921493,0.0004478124901652336,9,9,0,0.3424807903402854,0.7985604281111502,0.5199125314729226,0.4707455737734381,799.5618833605274
r15,shape,600,2,classix,"{""engine"":""classix"",""group_merging"":""density"",""minPts"":5,""radius"":0.3}",,True,True,2,"[0.004138874995987862, 0.007444917049724609]",2,0.0057918960228562355,0.0016530210268683732,11,11,0,0.6913134506250206,0.9011580543954871,0.6296573315219757,0.458196420560189,1836.3878134001409
r15,shape,600,2,classix,"{""engine"":""classix"",""group_merging"":""distance"",""minPts"":10,""radius"":0.3}",,True,True,2,"[0.0013409589882940054, 0.0038427500403486192]",2,0.0025918545143213123,0.001250895526027307,9,9,0,0.3424807903402854,0.7985604281111502,0.5199125314729226,0.4707455737734381,799.5618833605274
r15,shape,600,2,classix,"{""engine"":""classix"",""group_merging"":""density"",""minPts"":10,""radius"":0.3}",,True,True,2,"[0.0041129160090349615, 0.01586066698655486]",2,0.009986791497794911,0.00587387548875995,11,11,0,0.6913134506250206,0.9011580543954871,0.6296573315219757,0.458196420560189,1836.3878134001409
r15,shape,600,2,classix,"{""engine"":""classix"",""group_merging"":""distance"",""minPts"":1,""radius"":0.4}",,True,True,2,"[0.0009883749880827963, 0.001377292035613209]",2,0.0011828335118480027,0.00019445852376520634,8,8,0,0.2636754763368162,0.7425078304557066,0.653006125666107,0.34872775486793317,760.0819366111349
r15,shape,600,2,classix,"{""engine"":""classix"",""group_merging"":""density"",""minPts"":1,""radius"":0.4}",,True,True,2,"[0.0027106249472126365, 0.022416124993469566]",2,0.012563374970341101,0.009852750023128465,10,10,0,0.5176936995275391,0.831815176896467,0.5163487040065388,0.6605424736548868,957.8442957051599
r15,shape,600,2,classix,"{""engine"":""classix"",""group_merging"":""distance"",""minPts"":5,""radius"":0.4}",,True,True,2,"[0.000977999996393919, 0.001328375015873462]",2,0.0011531875061336905,0.00017518750973977149,8,8,0,0.2636754763368162,0.7425078304557066,0.653006125666107,0.34872775486793317,760.0819366111349
r15,shape,600,2,classix,"{""engine"":""classix"",""group_merging"":""density"",""minPts"":5,""radius"":0.4}",,True,True,2,"[0.0026881659869104624, 0.014775666000787169]",2,0.008731915993848816,0.006043750006938353,10,10,0,0.5176936995275391,0.831815176896467,0.5163487040065388,0.6605424736548868,957.8442957051599
r15,shape,600,2,classix,"{""engine"":""classix"",""group_merging"":""distance"",""minPts"":10,""radius"":0.4}",,True,True,2,"[0.000969708024058491, 0.001176375022623688]",2,0.0010730415233410895,0.0001033334992825985,8,8,0,0.2636754763368162,0.7425078304557066,0.653006125666107,0.34872775486793317,760.0819366111349
r15,shape,600,2,classix,"{""engine"":""classix"",""group_merging"":""density"",""minPts"":10,""radius"":0.4}",,True,True,2,"[0.002690291963517666, 0.005093624989967793]",2,0.0038919584767427295,0.0012016665132250637,10,10,0,0.5176936995275391,0.831815176896467,0.5163487040065388,0.6605424736548868,957.8442957051599
r15,shape,600,2,classix,"{""engine"":""classix"",""group_merging"":""distance"",""minPts"":1,""radius"":0.5}",,True,True,2,"[0.0008316250168718398, 0.0014306670054793358]",2,0.0011311460111755878,0.000299520994303748,8,8,0,0.2636754763368162,0.7425078304557066,0.653006125666107,0.34872775486793317,760.0819366111349
r15,shape,600,2,classix,"{""engine"":""classix"",""group_merging"":""density"",""minPts"":1,""radius"":0.5}",,True,True,2,"[0.0020889999577775598, 0.002685624989680946]",2,0.002387312473729253,0.00029831251595169306,9,9,0,0.3033786693377744,0.767155650150206,0.4966768319262004,0.45993686150183294,756.8396107168014
r15,shape,600,2,classix,"{""engine"":""classix"",""group_merging"":""distance"",""minPts"":5,""radius"":0.5}",,True,True,2,"[0.0008132910006679595, 0.0012990410323254764]",2,0.001056166016496718,0.00024287501582875848,8,8,0,0.2636754763368162,0.7425078304557066,0.653006125666107,0.34872775486793317,760.0819366111349
r15,shape,600,2,classix,"{""engine"":""classix"",""group_merging"":""density"",""minPts"":5,""radius"":0.5}",,True,True,2,"[0.002075500029604882, 0.004966125008650124]",2,0.003520812519127503,0.001445312489522621,9,9,0,0.3033786693377744,0.767155650150206,0.4966768319262004,0.45993686150183294,756.8396107168014
r15,shape,600,2,classix,"{""engine"":""classix"",""group_merging"":""distance"",""minPts"":10,""radius"":0.5}",,True,True,2,"[0.0008108339970931411, 0.0010806659702211618]",2,0.0009457499836571515,0.00013491598656401038,8,8,0,0.2636754763368162,0.7425078304557066,0.653006125666107,0.34872775486793317,760.0819366111349
r15,shape,600,2,classix,"{""engine"":""classix"",""group_merging"":""density"",""minPts"":10,""radius"":0.5}",,True,True,2,"[0.002081250015180558, 0.009984167001675814]",2,0.006032708508428186,0.003951458493247628,9,9,0,0.3033786693377744,0.767155650150206,0.4966768319262004,0.45993686150183294,756.8396107168014
r15,shape,600,2,classix,"{""engine"":""classix"",""group_merging"":""distance"",""minPts"":1,""radius"":0.6}",,True,True,2,"[0.0006536670261994004, 0.0009332500048913062]",2,0.0007934585155453533,0.00013979148934595287,8,8,0,0.2636754763368162,0.7425078304557066,0.653006125666107,0.34872775486793317,760.0819366111349
r15,shape,600,2,classix,"{""engine"":""classix"",""group_merging"":""density"",""minPts"":1,""radius"":0.6}",,True,True,2,"[0.0013897499884478748, 0.003107291995547712]",2,0.0022485209919977933,0.0008587710035499185,8,8,0,0.2636754763368162,0.7425078304557066,0.653006125666107,0.34872775486793317,760.0819366111349
r15,shape,600,2,classix,"{""engine"":""classix"",""group_merging"":""distance"",""minPts"":5,""radius"":0.6}",,True,True,2,"[0.0006468749488703907, 0.0007747079944238067]",2,0.0007107914716470987,6.391652277670801e-05,8,8,0,0.2636754763368162,0.7425078304557066,0.653006125666107,0.34872775486793317,760.0819366111349
r15,shape,600,2,classix,"{""engine"":""classix"",""group_merging"":""density"",""minPts"":5,""radius"":0.6}",,True,True,2,"[0.001383999944664538, 0.0025410419912077487]",2,0.0019625209679361433,0.0005785210232716054,8,8,0,0.2636754763368162,0.7425078304557066,0.653006125666107,0.34872775486793317,760.0819366111349
r15,shape,600,2,classix,"{""engine"":""classix"",""group_merging"":""distance"",""minPts"":10,""radius"":0.6}",,True,True,2,"[0.0006420419667847455, 0.0012134580174461007]",2,0.0009277499921154231,0.00028570802533067763,8,8,0,0.2636754763368162,0.7425078304557066,0.653006125666107,0.34872775486793317,760.0819366111349
r15,shape,600,2,classix,"{""engine"":""classix"",""group_merging"":""density"",""minPts"":10,""radius"":0.6}",,True,True,2,"[0.0013843750348314643, 0.0033333749743178487]",2,0.0023588750045746565,0.0009744999697431922,8,8,0,0.2636754763368162,0.7425078304557066,0.653006125666107,0.34872775486793317,760.0819366111349
r15,shape,600,2,classix,"{""engine"":""classix"",""group_merging"":""distance"",""minPts"":1,""radius"":0.7}",,True,True,2,"[0.0005710410187020898, 0.0010573749896138906]",2,0.0008142080041579902,0.00024316698545590043,8,8,0,0.2636754763368162,0.7425078304557066,0.653006125666107,0.34872775486793317,760.0819366111349
r15,shape,600,2,classix,"{""engine"":""classix"",""group_merging"":""density"",""minPts"":1,""radius"":0.7}",,True,True,2,"[0.0011262919870205224, 0.0018719579675234854]",2,0.0014991249772720039,0.00037283299025148153,8,8,0,0.2636754763368162,0.7425078304557066,0.653006125666107,0.34872775486793317,760.0819366111349
r15,shape,600,2,classix,"{""engine"":""classix"",""group_merging"":""distance"",""minPts"":5,""radius"":0.7}",,True,True,2,"[0.0005605000187642872, 0.0008622080204077065]",2,0.0007113540195859969,0.00015085400082170963,8,8,0,0.2636754763368162,0.7425078304557066,0.653006125666107,0.34872775486793317,760.0819366111349
r15,shape,600,2,classix,"{""engine"":""classix"",""group_merging"":""density"",""minPts"":5,""radius"":0.7}",,True,True,2,"[0.001140916021540761, 0.0017769159749150276]",2,0.0014589159982278943,0.0003179999766871333,8,8,0,0.2636754763368162,0.7425078304557066,0.653006125666107,0.34872775486793317,760.0819366111349
r15,shape,600,2,classix,"{""engine"":""classix"",""group_merging"":""distance"",""minPts"":10,""radius"":0.7}",,True,True,2,"[0.0005641250172629952, 0.0014177500270307064]",2,0.0009909375221468508,0.0004268125048838556,8,8,0,0.2636754763368162,0.7425078304557066,0.653006125666107,0.34872775486793317,760.0819366111349
r15,shape,600,2,classix,"{""engine"":""classix"",""group_merging"":""density"",""minPts"":10,""radius"":0.7}",,True,True,2,"[0.0011385409743525088, 0.017996791983023286]",2,0.009567666478687897,0.008429125504335389,8,8,0,0.2636754763368162,0.7425078304557066,0.653006125666107,0.34872775486793317,760.0819366111349
r15,shape,600,2,classix,"{""engine"":""classix"",""group_merging"":""distance"",""minPts"":1,""radius"":0.8}",,True,True,2,"[0.0005475420039147139, 0.0011117910034954548]",2,0.0008296665037050843,0.00028212449979037046,8,8,0,0.2636754763368162,0.7425078304557066,0.653006125666107,0.34872775486793317,760.0819366111349
r15,shape,600,2,classix,"{""engine"":""classix"",""group_merging"":""density"",""minPts"":1,""radius"":0.8}",,True,True,2,"[0.0010132500319741666, 0.002426665974780917]",2,0.001719958003377542,0.0007067079714033753,8,8,0,0.2636754763368162,0.7425078304557066,0.653006125666107,0.34872775486793317,760.0819366111349
r15,shape,600,2,classix,"{""engine"":""classix"",""group_merging"":""distance"",""minPts"":5,""radius"":0.8}",,True,True,2,"[0.0005460000247694552, 0.0010726249893195927]",2,0.000809312507044524,0.00026331248227506876,8,8,0,0.2636754763368162,0.7425078304557066,0.653006125666107,0.34872775486793317,760.0819366111349
r15,shape,600,2,classix,"{""engine"":""classix"",""group_merging"":""density"",""minPts"":5,""radius"":0.8}",,True,True,2,"[0.0010105420369654894, 0.0018060420406982303]",2,0.0014082920388318598,0.00039775000186637044,8,8,0,0.2636754763368162,0.7425078304557066,0.653006125666107,0.34872775486793317,760.0819366111349
r15,shape,600,2,classix,"{""engine"":""classix"",""group_merging"":""distance"",""minPts"":10,""radius"":0.8}",,True,True,2,"[0.000543666013982147, 0.0010877909953705966]",2,0.0008157285046763718,0.00027206249069422483,8,8,0,0.2636754763368162,0.7425078304557066,0.653006125666107,0.34872775486793317,760.0819366111349
r15,shape,600,2,classix,"{""engine"":""classix"",""group_merging"":""density"",""minPts"":10,""radius"":0.8}",,True,True,2,"[0.0010182499536313117, 0.0017052919720299542]",2,0.001361770962830633,0.00034352100919932127,8,8,0,0.2636754763368162,0.7425078304557066,0.653006125666107,0.34872775486793317,760.0819366111349
r15,shape,600,2,classix,"{""engine"":""classix"",""group_merging"":""distance"",""minPts"":1,""radius"":0.9}",,True,True,2,"[0.0005507090245373547, 0.0010665419977158308]",2,0.0008086255111265928,0.00025791648658923805,7,7,0,0.19973279893119572,0.6782796145175144,0.540084865473741,0.4277249736250573,359.7766957295669
r15,shape,600,2,classix,"{""engine"":""classix"",""group_merging"":""density"",""minPts"":1,""radius"":0.9}",,True,True,2,"[0.0011894169729202986, 0.0013459160109050572]",2,0.0012676664919126779,7.824951899237931e-05,8,8,0,0.2636754763368162,0.7425078304557066,0.653006125666107,0.34872775486793317,760.0819366111349
r15,shape,600,2,classix,"{""engine"":""classix"",""group_merging"":""distance"",""minPts"":5,""radius"":0.9}",,True,True,2,"[0.0005590000073425472, 0.0010117499623447657]",2,0.0007853749848436564,0.00022637497750110924,7,7,0,0.19973279893119572,0.6782796145175144,0.540084865473741,0.4277249736250573,359.7766957295669
r15,shape,600,2,classix,"{""engine"":""classix"",""group_merging"":""density"",""minPts"":5,""radius"":0.9}",,True,True,2,"[0.0011682079639285803, 0.0013025000225752592]",2,0.0012353539932519197,6.714602932333946e-05,8,8,0,0.2636754763368162,0.7425078304557066,0.653006125666107,0.34872775486793317,760.0819366111349
r15,shape,600,2,classix,"{""engine"":""classix"",""group_merging"":""distance"",""minPts"":10,""radius"":0.9}",,True,True,2,"[0.0005418749642558396, 0.0010556250344961882]",2,0.0007987499993760139,0.0002568750351201743,7,7,0,0.19973279893119572,0.6782796145175144,0.540084865473741,0.4277249736250573,359.7766957295669
r15,shape,600,2,classix,"{""engine"":""classix"",""group_merging"":""density"",""minPts"":10,""radius"":0.9}",,True,True,2,"[0.0011610410292632878, 0.0016452500130981207]",2,0.0014031455211807042,0.00024210449191741645,8,8,0,0.2636754763368162,0.7425078304557066,0.653006125666107,0.34872775486793317,760.0819366111349
r15,shape,600,2,classix,"{""engine"":""classix"",""group_merging"":""distance"",""minPts"":1,""radius"":1.0}",,True,True,2,"[0.0005078749964013696, 0.004197541973553598]",2,0.0023527084849774837,0.0018448334885761142,8,8,0,0.2636754763368162,0.7425078304557066,0.653006125666107,0.34872775486793317,760.0819366111349
r15,shape,600,2,classix,"{""engine"":""classix"",""group_merging"":""density"",""minPts"":1,""radius"":1.0}",,True,True,2,"[0.0010138750076293945, 0.0022190420422703028]",2,0.0016164585249498487,0.0006025835173204541,8,8,0,0.2636754763368162,0.7425078304557066,0.653006125666107,0.34872775486793317,760.0819366111349
r15,shape,600,2,classix,"{""engine"":""classix"",""group_merging"":""distance"",""minPts"":5,""radius"":1.0}",,True,True,2,"[0.0005030410247854888, 0.000891875009983778]",2,0.0006974580173846334,0.00019441699259914458,8,8,0,0.2636754763368162,0.7425078304557066,0.653006125666107,0.34872775486793317,760.0819366111349
r15,shape,600,2,classix,"{""engine"":""classix"",""group_merging"":""density"",""minPts"":5,""radius"":1.0}",,True,True,2,"[0.0010138750076293945, 0.006362374988384545]",2,0.0036881249980069697,0.002674249990377575,8,8,0,0.2636754763368162,0.7425078304557066,0.653006125666107,0.34872775486793317,760.0819366111349
r15,shape,600,2,classix,"{""engine"":""classix"",""group_merging"":""distance"",""minPts"":10,""radius"":1.0}",,True,True,2,"[0.0005037089576944709, 0.0009410830098204315]",2,0.0007223959837574512,0.0002186870260629803,8,8,0,0.2636754763368162,0.7425078304557066,0.653006125666107,0.34872775486793317,760.0819366111349
r15,shape,600,2,classix,"{""engine"":""classix"",""group_merging"":""density"",""minPts"":10,""radius"":1.0}",,True,True,2,"[0.0010218750103376806, 0.002614166005514562]",2,0.0018180205079261214,0.0007961454975884408,8,8,0,0.2636754763368162,0.7425078304557066,0.653006125666107,0.34872775486793317,760.0819366111349
r15,shape,600,2,classix,"{""engine"":""classix"",""group_merging"":""distance"",""minPts"":1,""radius"":1.1}",,True,True,2,"[0.00048266700468957424, 0.0016365830088034272]",2,0.0010596250067465007,0.0005769580020569265,7,7,0,0.19973279893119572,0.6782796145175144,0.5431397686960906,0.4246430507255714,366.0602433457326
r15,shape,600,2,classix,"{""engine"":""classix"",""group_merging"":""density"",""minPts"":1,""radius"":1.1}",,True,True,2,"[0.000966791994869709, 0.0019987920532003045]",2,0.0014827920240350068,0.0005160000291652977,8,8,0,0.2636754763368162,0.7425078304557066,0.653006125666107,0.34872775486793317,760.0819366111349
r15,shape,600,2,classix,"{""engine"":""classix"",""group_merging"":""distance"",""minPts"":5,""radius"":1.1}",,True,True,2,"[0.0004901249776594341, 0.0007436249870806932]",2,0.0006168749823700637,0.00012675000471062958,7,7,0,0.19973279893119572,0.6782796145175144,0.5431397686960906,0.4246430507255714,366.0602433457326
r15,shape,600,2,classix,"{""engine"":""classix"",""group_merging"":""density"",""minPts"":5,""radius"":1.1}",,True,True,2,"[0.0009684169781394303, 0.002018375031184405]",2,0.0014933960046619177,0.0005249790265224874,8,8,0,0.2636754763368162,0.7425078304557066,0.653006125666107,0.34872775486793317,760.0819366111349
r15,shape,600,2,classix,"{""engine"":""classix"",""group_merging"":""distance"",""minPts"":10,""radius"":1.1}",,True,True,2,"[0.00047458300832659006, 0.0007787499926052988]",2,0.0006266665004659444,0.00015208349213935435,7,7,0,0.19973279893119572,0.6782796145175144,0.5431397686960906,0.4246430507255714,366.0602433457326
r15,shape,600,2,classix,"{""engine"":""classix"",""group_merging"":""density"",""minPts"":10,""radius"":1.1}",,True,True,2,"[0.000973624992184341, 0.001938625006005168]",2,0.0014561249990947545,0.0004825000069104135,8,8,0,0.2636754763368162,0.7425078304557066,0.653006125666107,0.34872775486793317,760.0819366111349
r15,shape,600,2,classix,"{""engine"":""classix"",""group_merging"":""distance"",""minPts"":1,""radius"":1.2}",,True,True,2,"[0.0004822090268135071, 0.0012556249857880175]",2,0.0008689170063007623,0.0003867079794872552,4,4,0,0.07144870349492671,0.4201214138532978,0.3502707804684594,0.5068757290005108,157.4089999164956
r15,shape,600,2,classix,"{""engine"":""classix"",""group_merging"":""density"",""minPts"":1,""radius"":1.2}",,True,True,2,"[0.0012322500115260482, 0.0016751670045778155]",2,0.0014537085080519319,0.00022145849652588367,8,8,0,0.2636754763368162,0.7425078304557066,0.653006125666107,0.34872775486793317,760.0819366111349
r15,shape,600,2,classix,"{""engine"":""classix"",""group_merging"":""distance"",""minPts"":5,""radius"":1.2}",,True,True,2,"[0.00047199998516589403, 0.0011162079754285514]",2,0.0007941039802972227,0.0003221039951313287,4,4,0,0.07144870349492671,0.4201214138532978,0.3502707804684594,0.5068757290005108,157.4089999164956
r15,shape,600,2,classix,"{""engine"":""classix"",""group_merging"":""density"",""minPts"":5,""radius"":1.2}",,True,True,2,"[0.0012240000069141388, 0.002347957983147353]",2,0.0017859789950307459,0.0005619789881166071,8,8,0,0.2636754763368162,0.7425078304557066,0.653006125666107,0.34872775486793317,760.0819366111349
r15,shape,600,2,classix,"{""engine"":""classix"",""group_merging"":""distance"",""minPts"":10,""radius"":1.2}",,True,True,2,"[0.000476334011182189, 0.0011891250032931566]",2,0.0008327295072376728,0.0003563954960554838,4,4,0,0.07144870349492671,0.4201214138532978,0.3502707804684594,0.5068757290005108,157.4089999164956
r15,shape,600,2,classix,"{""engine"":""classix"",""group_merging"":""density"",""minPts"":10,""radius"":1.2}",,True,True,2,"[0.0012281249510124326, 0.0018645829986780882]",2,0.0015463539748452604,0.0003182290238328278,8,8,0,0.2636754763368162,0.7425078304557066,0.653006125666107,0.34872775486793317,760.0819366111349
r15,shape,600,2,classix,"{""engine"":""classix"",""group_merging"":""distance"",""minPts"":1,""radius"":1.3}",,True,True,2,"[0.00045679096365347505, 0.0010512089938856661]",2,0.0007539999787695706,0.00029720901511609554,5,5,0,0.10584882616365857,0.5192379038385506,0.3347343806495431,0.5389626084829822,161.79039600856387
r15,shape,600,2,classix,"{""engine"":""classix"",""group_merging"":""density"",""minPts"":1,""radius"":1.3}",,True,True,2,"[0.0010989589500240982, 0.0014812499866820872]",2,0.0012901044683530927,0.0001911455183289945,8,8,0,0.2636754763368162,0.7425078304557066,0.653006125666107,0.34872775486793317,760.0819366111349
r15,shape,600,2,classix,"{""engine"":""classix"",""group_merging"":""distance"",""minPts"":5,""radius"":1.3}",,True,True,2,"[0.0004623329732567072, 0.0010427499655634165]",2,0.0007525414694100618,0.00029020849615335464,5,5,0,0.10584882616365857,0.5192379038385506,0.3347343806495431,0.5389626084829822,161.79039600856387
r15,shape,600,2,classix,"{""engine"":""classix"",""group_merging"":""density"",""minPts"":5,""radius"":1.3}",,True,True,2,"[0.0010929169948212802, 0.001416750019416213]",2,0.0012548335071187466,0.0001619165122974664,8,8,0,0.2636754763368162,0.7425078304557066,0.653006125666107,0.34872775486793317,760.0819366111349
r15,shape,600,2,classix,"{""engine"":""classix"",""group_merging"":""distance"",""minPts"":10,""radius"":1.3}",,True,True,2,"[0.00045950000640004873, 0.0010186670115217566]",2,0.0007390835089609027,0.00027958350256085396,5,5,0,0.10584882616365857,0.5192379038385506,0.3347343806495431,0.5389626084829822,161.79039600856387
r15,shape,600,2,classix,"{""engine"":""classix"",""group_merging"":""density"",""minPts"":10,""radius"":1.3}",,True,True,2,"[0.001094917010050267, 0.001420999993570149]",2,0.001257958501810208,0.00016304149175994098,8,8,0,0.2636754763368162,0.7425078304557066,0.653006125666107,0.34872775486793317,760.0819366111349
r15,shape,600,2,classix,"{""engine"":""classix"",""group_merging"":""distance"",""minPts"":1,""radius"":1.4}",,True,True,2,"[0.00045370799489319324, 0.0006355830118991435]",2,0.0005446455033961684,9.09375085029751e-05,3,3,0,0.04313099041533546,0.3038347452422439,0.25655100835347866,0.5843667660741029,113.0641076576006
r15,shape,600,2,classix,"{""engine"":""classix"",""group_merging"":""density"",""minPts"":1,""radius"":1.4}",,True,True,2,"[0.001120584027376026, 0.0021084159961901605]",2,0.0016145000117830932,0.0004939159844070673,8,8,0,0.2640437355495364,0.7398959095389651,0.6516662682888801,0.3514967153759553,759.3659424774336
r15,shape,600,2,classix,"{""engine"":""classix"",""group_merging"":""distance"",""minPts"":5,""radius"":1.4}",,True,True,2,"[0.0004574169870465994, 0.0006490839878097177]",2,0.0005532504874281585,9.583350038155913e-05,3,3,0,0.04313099041533546,0.3038347452422439,0.25655100835347866,0.5843667660741029,113.0641076576006
r15,shape,600,2,classix,"{""engine"":""classix"",""group_merging"":""density"",""minPts"":5,""radius"":1.4}",,True,True,2,"[0.001113042002543807, 0.004307208000682294]",2,0.0027101250016130507,0.0015970829990692437,8,8,0,0.2640437355495364,0.7398959095389651,0.6516662682888801,0.3514967153759553,759.3659424774336
r15,shape,600,2,classix,"{""engine"":""classix"",""group_merging"":""distance"",""minPts"":10,""radius"":1.4}",,True,True,2,"[0.0004533329629339278, 0.0009836670360527933]",2,0.0007184999994933605,0.00026516703655943274,3,3,0,0.04313099041533546,0.3038347452422439,0.25655100835347866,0.5843667660741029,113.0641076576006
r15,shape,600,2,classix,"{""engine"":""classix"",""group_merging"":""density"",""minPts"":10,""radius"":1.4}",,True,True,2,"[0.0011110830237157643, 0.0021496249828487635]",2,0.0016303540032822639,0.0005192709795664996,8,8,0,0.2640437355495364,0.7398959095389651,0.6516662682888801,0.3514967153759553,759.3659424774336
r15,shape,600,2,classix,"{""engine"":""classix"",""group_merging"":""distance"",""minPts"":1,""radius"":1.5}",,True,True,2,"[0.00044824997894465923, 0.0006444590399041772]",2,0.0005463545094244182,9.810453047975898e-05,2,2,0,0.019639934533551555,0.1658866689866587,0.2988757637834043,0.6016932875625076,96.77403257636794
r15,shape,600,2,classix,"{""engine"":""classix"",""group_merging"":""density"",""minPts"":1,""radius"":1.5}",,True,True,2,"[0.0011978340335190296, 0.002350083028431982]",2,0.0017739585309755057,0.0005761244974564761,6,6,0,0.1439501624569423,0.5948406290931278,0.4288804878076412,0.4930822098686365,228.8478398513664
r15,shape,600,2,classix,"{""engine"":""classix"",""group_merging"":""distance"",""minPts"":5,""radius"":1.5}",,True,True,2,"[0.00044945802073925734, 0.0006142500205896795]",2,0.0005318540206644684,8.239599992521107e-05,2,2,0,0.019639934533551555,0.1658866689866587,0.2988757637834043,0.6016932875625076,96.77403257636794
r15,shape,600,2,classix,"{""engine"":""classix"",""group_merging"":""density"",""minPts"":5,""radius"":1.5}",,True,True,2,"[0.0012041250010952353, 0.0022299159900285304]",2,0.0017170204955618829,0.0005128954944666475,6,6,0,0.1439501624569423,0.5948406290931278,0.4288804878076412,0.4930822098686365,228.8478398513664
r15,shape,600,2,classix,"{""engine"":""classix"",""group_merging"":""distance"",""minPts"":10,""radius"":1.5}",,True,True,2,"[0.0004533330211415887, 0.0009432079968973994]",2,0.0006982705090194941,0.00024493748787790537,2,2,0,0.019639934533551555,0.1658866689866587,0.2988757637834043,0.6016932875625076,96.77403257636794
r15,shape,600,2,classix,"{""engine"":""classix"",""group_merging"":""density"",""minPts"":10,""radius"":1.5}",,True,True,2,"[0.0011959999683313072, 0.0014969580224715173]",2,0.0013464789954014122,0.00015047902707010508,6,6,0,0.1439501624569423,0.5948406290931278,0.4288804878076412,0.4930822098686365,228.8478398513664
r15,shape,600,2,kmeans,"{""init"":""k-means++"",""n_clusters"":2,""n_init"":20}",0.0,False,,1,[0.025138458993751556],1,0.025138458993751556,0.0,2,2,0,0.12117027703460775,0.39810668556927375,0.30505802278593097,1.2581888900883769,279.2149045170908
r15,shape,600,2,kmeans,"{""init"":""k-means++"",""n_clusters"":3,""n_init"":20}",0.0,False,,1,[0.04626212501898408],1,0.04626212501898408,0.0,3,3,0,0.22012828698475598,0.5565333063363668,0.3318954956907312,1.003528792803636,335.3014247219629
r15,shape,600,2,kmeans,"{""init"":""k-means++"",""n_clusters"":4,""n_init"":20}",0.0,False,,1,[0.045619624957907945],1,0.045619624957907945,0.0,4,4,0,0.25384937141020164,0.6264246611371437,0.4180801788928639,0.9206778126704946,370.36099741859005
r15,shape,600,2,kmeans,"{""init"":""k-means++"",""n_clusters"":5,""n_init"":20}",0.0,False,,1,[0.05953470803797245],1,0.05953470803797245,0.0,5,5,0,0.23713076701861058,0.655989805219806,0.5226027857957704,0.7223602501056237,466.96075284144655
r15,shape,600,2,kmeans,"{""init"":""k-means++"",""n_clusters"":6,""n_init"":20}",0.0,False,,1,[0.04104358301265165],1,0.04104358301265165,0.0,6,6,0,0.2455919395465995,0.686122293599551,0.5620929142649352,0.592223535510187,494.9810086043655
r15,shape,600,2,kmeans,"{""init"":""k-means++"",""n_clusters"":7,""n_init"":20}",0.0,False,,1,[0.11279129103058949],1,0.11279129103058949,0.0,7,7,0,0.254431520666123,0.714933278954781,0.6026450700149154,0.4904000520667389,575.5754068134621
r15,shape,600,2,kmeans,"{""init"":""k-means++"",""n_clusters"":8,""n_init"":20}",0.0,False,,1,[0.03560979204485193],1,0.03560979204485193,0.0,8,8,0,0.2636754763368162,0.7425078304557066,0.653006125666107,0.3487277548679332,760.0819366111348
r15,shape,600,2,kmeans,"{""init"":""k-means++"",""n_clusters"":9,""n_init"":20}",0.0,False,,1,[0.04008449998218566],1,0.04008449998218566,0.0,9,9,0,0.4749096943348727,0.8247839234832158,0.6199214430309463,0.4961067997086728,1110.1505921333896
r15,shape,600,2,kmeans,"{""init"":""k-means++"",""n_clusters"":10,""n_init"":20}",0.0,False,,1,[0.04250762501033023],1,0.04250762501033023,0.0,10,10,0,0.6035064419813155,0.8638745750368529,0.6432025021361581,0.4451248002670802,1612.2101351070846
r15,shape,600,2,kmeans,"{""init"":""k-means++"",""n_clusters"":11,""n_init"":20}",0.0,False,,1,[0.03967616701265797],1,0.03967616701265797,0.0,11,11,0,0.6876802744131514,0.8729382126846392,0.6455007138103945,0.44267977943695497,2069.515412755641
r15,shape,600,2,kmeans,"{""init"":""k-means++"",""n_clusters"":12,""n_init"":20}",0.0,False,,1,[0.04366387502523139],1,0.04366387502523139,0.0,12,12,0,0.7888496254888766,0.9211227924691381,0.6672281670814676,0.4301642589943311,2337.6373872697586
r15,shape,600,2,kmeans,"{""init"":""k-means++"",""n_clusters"":2,""n_init"":20}",1.0,False,,1,[0.06272054195869714],1,0.06272054195869714,0.0,2,2,0,0.12117027703460775,0.39810668556927375,0.30505802278593097,1.2581888900883769,279.2149045170908
r15,shape,600,2,kmeans,"{""init"":""k-means++"",""n_clusters"":3,""n_init"":20}",1.0,False,,1,[0.046260583971161395],1,0.046260583971161395,0.0,3,3,0,0.22012828698475598,0.5565333063363668,0.3318954956907312,1.003528792803636,335.3014247219629
r15,shape,600,2,kmeans,"{""init"":""k-means++"",""n_clusters"":4,""n_init"":20}",1.0,False,,1,[0.0448432500124909],1,0.0448432500124909,0.0,4,4,0,0.25331846391069907,0.6239890447402364,0.41105752036179755,0.9327045885710965,362.0198786501691
r15,shape,600,2,kmeans,"{""init"":""k-means++"",""n_clusters"":5,""n_init"":20}",1.0,False,,1,[0.03405537502840161],1,0.03405537502840161,0.0,5,5,0,0.23713076701861058,0.655989805219806,0.5226027857957704,0.7223602501056237,466.96075284144644
r15,shape,600,2,kmeans,"{""init"":""k-means++"",""n_clusters"":6,""n_init"":20}",1.0,False,,1,[0.04437008302193135],1,0.04437008302193135,0.0,6,6,0,0.2455919395465995,0.686122293599551,0.5620929142649352,0.592223535510187,494.9810086043655
r15,shape,600,2,kmeans,"{""init"":""k-means++"",""n_clusters"":7,""n_init"":20}",1.0,False,,1,[0.0450609169784002],1,0.0450609169784002,0.0,7,7,0,0.254431520666123,0.714933278954781,0.6026450700149154,0.4904000520667389,575.575406813462
r15,shape,600,2,kmeans,"{""init"":""k-means++"",""n_clusters"":8,""n_init"":20}",1.0,False,,1,[0.04397320898715407],1,0.04397320898715407,0.0,8,8,0,0.2636754763368162,0.7425078304557066,0.653006125666107,0.3487277548679332,760.0819366111348
r15,shape,600,2,kmeans,"{""init"":""k-means++"",""n_clusters"":9,""n_init"":20}",1.0,False,,1,[0.03623100003460422],1,0.03623100003460422,0.0,9,9,0,0.4749096943348727,0.8247839234832158,0.6199214430309463,0.4961067997086729,1110.1505921333896
r15,shape,600,2,kmeans,"{""init"":""k-means++"",""n_clusters"":10,""n_init"":20}",1.0,False,,1,[0.18554816604591906],1,0.18554816604591906,0.0,10,10,0,0.603504309539435,0.8629359714195961,0.6433092132776368,0.4456618851574016,1612.5539350879576
r15,shape,600,2,kmeans,"{""init"":""k-means++"",""n_clusters"":11,""n_init"":20}",1.0,False,,1,[0.05240229103947058],1,0.05240229103947058,0.0,11,11,0,0.6876802744131514,0.8729382126846392,0.6455007138103945,0.44267977943695497,2069.515412755641
r15,shape,600,2,kmeans,"{""init"":""k-means++"",""n_clusters"":12,""n_init"":20}",1.0,False,,1,[0.049824749992694706],1,0.049824749992694706,0.0,12,12,0,0.7882431755873888,0.9208474248154381,0.66718649948151,0.4278858068299221,2339.677782051645
r15,shape,600,2,kmeans,"{""init"":""k-means++"",""n_clusters"":2,""n_init"":20}",2.0,False,,1,[0.03927991702221334],1,0.03927991702221334,0.0,2,2,0,0.12117027703460775,0.39810668556927375,0.30505802278593097,1.2581888900883769,279.2149045170908
r15,shape,600,2,kmeans,"{""init"":""k-means++"",""n_clusters"":3,""n_init"":20}",2.0,False,,1,[0.04894366697408259],1,0.04894366697408259,0.0,3,3,0,0.22012828698475598,0.5565333063363668,0.3318954956907312,1.003528792803636,335.3014247219628
r15,shape,600,2,kmeans,"{""init"":""k-means++"",""n_clusters"":4,""n_init"":20}",2.0,False,,1,[0.03586783295031637],1,0.03586783295031637,0.0,4,4,0,0.25384937141020164,0.6264246611371437,0.4180801788928639,0.9206778126704945,370.36099741859005
r15,shape,600,2,kmeans,"{""init"":""k-means++"",""n_clusters"":5,""n_init"":20}",2.0,False,,1,[0.03622249996988103],1,0.03622249996988103,0.0,5,5,0,0.23713076701861058,0.655989805219806,0.5226027857957704,0.7223602501056237,466.96075284144655
r15,shape,600,2,kmeans,"{""init"":""k-means++"",""n_clusters"":6,""n_init"":20}",2.0,False,,1,[0.03619391599204391],1,0.03619391599204391,0.0,6,6,0,0.2455919395465995,0.686122293599551,0.5620929142649352,0.5922235355101869,494.9810086043655
r15,shape,600,2,kmeans,"{""init"":""k-means++"",""n_clusters"":7,""n_init"":20}",2.0,False,,1,[0.03400754200993106],1,0.03400754200993106,0.0,7,7,0,0.254431520666123,0.714933278954781,0.6026450700149154,0.4904000520667389,575.5754068134622
r15,shape,600,2,kmeans,"{""init"":""k-means++"",""n_clusters"":8,""n_init"":20}",2.0,False,,1,[0.03128683299291879],1,0.03128683299291879,0.0,8,8,0,0.2636754763368162,0.7425078304557066,0.653006125666107,0.34872775486793317,760.0819366111348
r15,shape,600,2,kmeans,"{""init"":""k-means++"",""n_clusters"":9,""n_init"":20}",2.0,False,,1,[0.027771790977567434],1,0.027771790977567434,0.0,9,9,0,0.4743631869285561,0.8236494512351031,0.619422263333874,0.4968226589378022,1110.1074936878897
r15,shape,600,2,kmeans,"{""init"":""k-means++"",""n_clusters"":10,""n_init"":20}",2.0,False,,1,[0.027011666039470583],1,0.027011666039470583,0.0,10,10,0,0.5948980338595691,0.8493684238337734,0.6398298225227472,0.4509585231605059,1610.393022968092
r15,shape,600,2,kmeans,"{""init"":""k-means++"",""n_clusters"":11,""n_init"":20}",2.0,False,,1,[0.028555458993650973],1,0.028555458993650973,0.0,11,11,0,0.6876802744131514,0.8729382126846392,0.6455007138103945,0.44267977943695497,2069.515412755641
r15,shape,600,2,kmeans,"{""init"":""k-means++"",""n_clusters"":12,""n_init"":20}",2.0,False,,1,[0.03098287503235042],1,0.03098287503235042,0.0,12,12,0,0.8005113590703843,0.9279743149130899,0.6623801002279102,0.4437977566911298,2311.840938367516
r15,shape,600,2,kmeans,"{""init"":""k-means++"",""n_clusters"":2,""n_init"":20}",3.0,False,,1,[0.0308032080065459],1,0.0308032080065459,0.0,2,2,0,0.12117027703460775,0.39810668556927375,0.30505802278593097,1.2581888900883769,279.2149045170908
r15,shape,600,2,kmeans,"{""init"":""k-means++"",""n_clusters"":3,""n_init"":20}",3.0,False,,1,[0.032693207962438464],1,0.032693207962438464,0.0,3,3,0,0.22012828698475598,0.5565333063363668,0.3318954956907312,1.003528792803636,335.3014247219629
r15,shape,600,2,kmeans,"{""init"":""k-means++"",""n_clusters"":4,""n_init"":20}",3.0,False,,1,[0.03439345897641033],1,0.03439345897641033,0.0,4,4,0,0.25384937141020164,0.6264246611371437,0.4180801788928639,0.9206778126704945,370.36099741859005
r15,shape,600,2,kmeans,"{""init"":""k-means++"",""n_clusters"":5,""n_init"":20}",3.0,False,,1,[0.06287466600770131],1,0.06287466600770131,0.0,5,5,0,0.23713076701861058,0.655989805219806,0.5226027857957704,0.7223602501056237,466.96075284144655
r15,shape,600,2,kmeans,"{""init"":""k-means++"",""n_clusters"":6,""n_init"":20}",3.0,False,,1,[0.053009333030786365],1,0.053009333030786365,0.0,6,6,0,0.2455919395465995,0.686122293599551,0.5620929142649352,0.5922235355101869,494.9810086043655
r15,shape,600,2,kmeans,"{""init"":""k-means++"",""n_clusters"":7,""n_init"":20}",3.0,False,,1,[0.044618124957196414],1,0.044618124957196414,0.0,7,7,0,0.254431520666123,0.714933278954781,0.6013930334001043,0.495239236594265,572.8997206032567
r15,shape,600,2,kmeans,"{""init"":""k-means++"",""n_clusters"":8,""n_init"":20}",3.0,False,,1,[0.044013291015289724],1,0.044013291015289724,0.0,8,8,0,0.2636754763368162,0.7425078304557066,0.653006125666107,0.34872775486793317,760.0819366111349
r15,shape,600,2,kmeans,"{""init"":""k-means++"",""n_clusters"":9,""n_init"":20}",3.0,False,,1,[0.042042332992423326],1,0.042042332992423326,0.0,9,9,0,0.4749096943348727,0.8247839234832158,0.6199214430309463,0.4961067997086729,1110.1505921333896
r15,shape,600,2,kmeans,"{""init"":""k-means++"",""n_clusters"":10,""n_init"":20}",3.0,False,,1,[0.038047167006880045],1,0.038047167006880045,0.0,10,10,0,0.5948980338595691,0.8493684238337734,0.6398298225227472,0.4509585231605059,1610.3930229680916
r15,shape,600,2,kmeans,"{""init"":""k-means++"",""n_clusters"":11,""n_init"":20}",3.0,False,,1,[0.07051341596525162],1,0.07051341596525162,0.0,11,11,0,0.6876802744131514,0.8729382126846392,0.6455007138103945,0.44267977943695497,2069.515412755641
r15,shape,600,2,kmeans,"{""init"":""k-means++"",""n_clusters"":12,""n_init"":20}",3.0,False,,1,[0.09336320799775422],1,0.09336320799775422,0.0,12,12,0,0.7923082341449671,0.9245388382856016,0.6677142200590952,0.43125517135266705,2338.0905169279135
r15,shape,600,2,kmeans,"{""init"":""k-means++"",""n_clusters"":2,""n_init"":20}",4.0,False,,1,[0.05254879198037088],1,0.05254879198037088,0.0,2,2,0,0.12117027703460775,0.39810668556927375,0.30505802278593097,1.2581888900883769,279.2149045170908
r15,shape,600,2,kmeans,"{""init"":""k-means++"",""n_clusters"":3,""n_init"":20}",4.0,False,,1,[0.05748112499713898],1,0.05748112499713898,0.0,3,3,0,0.22012828698475598,0.5565333063363668,0.3318954956907312,1.003528792803636,335.3014247219628
r15,shape,600,2,kmeans,"{""init"":""k-means++"",""n_clusters"":4,""n_init"":20}",4.0,False,,1,[0.04116216697730124],1,0.04116216697730124,0.0,4,4,0,0.25384937141020164,0.6264246611371437,0.4180801788928639,0.9206778126704946,370.36099741859005
r15,shape,600,2,kmeans,"{""init"":""k-means++"",""n_clusters"":5,""n_init"":20}",4.0,False,,1,[0.03734741598600522],1,0.03734741598600522,0.0,5,5,0,0.23713076701861058,0.655989805219806,0.5226027857957704,0.7223602501056237,466.96075284144655
r15,shape,600,2,kmeans,"{""init"":""k-means++"",""n_clusters"":6,""n_init"":20}",4.0,False,,1,[0.043137500004377216],1,0.043137500004377216,0.0,6,6,0,0.2455919395465995,0.686122293599551,0.5620929142649352,0.5922235355101869,494.9810086043655
r15,shape,600,2,kmeans,"{""init"":""k-means++"",""n_clusters"":7,""n_init"":20}",4.0,False,,1,[0.05511595797725022],1,0.05511595797725022,0.0,7,7,0,0.254431520666123,0.714933278954781,0.6026450700149154,0.490400052066739,575.5754068134622
r15,shape,600,2,kmeans,"{""init"":""k-means++"",""n_clusters"":8,""n_init"":20}",4.0,False,,1,[0.06347108294721693],1,0.06347108294721693,0.0,8,8,0,0.2636754763368162,0.7425078304557066,0.653006125666107,0.34872775486793317,760.0819366111348
r15,shape,600,2,kmeans,"{""init"":""k-means++"",""n_clusters"":9,""n_init"":20}",4.0,False,,1,[0.04066916700685397],1,0.04066916700685397,0.0,9,9,0,0.4749096943348727,0.8247839234832158,0.6199214430309463,0.4961067997086728,1110.1505921333894
r15,shape,600,2,kmeans,"{""init"":""k-means++"",""n_clusters"":10,""n_init"":20}",4.0,False,,1,[0.04856341698905453],1,0.04856341698905453,0.0,10,10,0,0.6010541655081665,0.8567818517163427,0.6414765977283339,0.4470195494180075,1611.7838346024785
r15,shape,600,2,kmeans,"{""init"":""k-means++"",""n_clusters"":11,""n_init"":20}",4.0,False,,1,[0.053673791990149766],1,0.053673791990149766,0.0,11,11,0,0.6876802744131514,0.8729382126846392,0.6455007138103945,0.44267977943695497,2069.515412755641
r15,shape,600,2,kmeans,"{""init"":""k-means++"",""n_clusters"":12,""n_init"":20}",4.0,False,,1,[0.07967458304483443],1,0.07967458304483443,0.0,12,12,0,0.7953453816503718,0.924730806440129,0.6626579304303473,0.44664133379090015,2310.6198394539033
spiral,shape,312,2,ward,"{""linkage"":""ward"",""n_clusters"":2}",,True,True,2,"[0.01082979200873524, 0.001954208011738956]",2,0.006392000010237098,0.004437791998498142,2,2,0,-0.003864329213699895,0.00039186628945339365,0.3227854980829377,1.2503397623554358,157.13274174711268
spiral,shape,312,2,ward,"{""linkage"":""ward"",""n_clusters"":3}",,True,True,2,"[0.0022648750455118716, 0.0012509999796748161]",2,0.0017579375125933439,0.0005069375329185277,3,3,0,-0.004263516705289402,0.0017396985123883761,0.3277786301059895,0.9225417329975096,195.06649521368826
spiral,shape,312,2,ward,"{""linkage"":""ward"",""n_clusters"":4}",,True,True,2,"[0.0019016250153072178, 0.0011867080465890467]",2,0.0015441665309481323,0.00035745848435908556,4,4,0,-0.004140860954576178,0.003957671975945823,0.322490105414344,0.9046626125282679,215.55332244103099
spiral,shape,312,2,ward,"{""linkage"":""ward"",""n_clusters"":5}",,True,True,2,"[0.0019137500203214586, 0.0011472079786472023]",2,0.0015304789994843304,0.00038327102083712816,5,5,0,0.014631297669682347,0.04738371392123462,0.34124301939507756,0.8951336523180677,233.3281538528781
spiral,shape,312,2,ward,"{""linkage"":""ward"",""n_clusters"":6}",,True,True,2,"[0.00149500003317371, 0.0011478750384412706]",2,0.0013214375358074903,0.00017356249736621976,6,6,0,0.032076677928097305,0.08475747777881279,0.3364416827613691,0.8995834310486851,229.67513977803375
spiral,shape,312,2,ward,"{""linkage"":""ward"",""n_clusters"":7}",,True,True,2,"[0.0013349580112844706, 0.001144832989666611]",2,0.0012398955004755408,9.50625108089298e-05,7,7,0,0.0739621068297763,0.18106603233494675,0.31819927906901013,0.9044614335393267,218.46918252114813
spiral,shape,312,2,ward,"{""linkage"":""ward"",""n_clusters"":8}",,True,True,2,"[0.007600083015859127, 0.0011500840191729367]",2,0.004375083517516032,0.003224999498343095,8,8,0,0.08853790254863428,0.20433368864809448,0.3174426295073049,0.9424354723373191,214.34031316494435
spiral,shape,312,2,ward,"{""linkage"":""ward"",""n_clusters"":9}",,True,True,2,"[0.0018922500312328339, 0.001151416974607855]",2,0.0015218335029203445,0.0003704165283124894,9,9,0,0.09433829278155602,0.2142485385769144,0.30949388157319435,0.984583048976741,214.65038617774235
spiral,shape,312,2,ward,"{""linkage"":""ward"",""n_clusters"":10}",,True,True,2,"[0.0016343749593943357, 0.0011549580376595259]",2,0.0013946664985269308,0.00023970846086740494,10,10,0,0.09884278402018351,0.23679631644191554,0.31305547914945564,0.9487186485954158,215.1794486596159
spiral,shape,312,2,ward,"{""linkage"":""ward"",""n_clusters"":11}",,True,True,2,"[0.0018259999924339354, 0.0011461669928394258]",2,0.0014860834926366806,0.0003399164997972548,11,11,0,0.09283937156729773,0.23118765376644868,0.31899791813194867,0.9356575107784639,220.72022486551197
spiral,shape,312,2,ward,"{""linkage"":""ward"",""n_clusters"":12}",,True,True,2,"[0.001783333020284772, 0.0011534580262377858]",2,0.0014683955232612789,0.00031493749702349305,12,12,0,0.10765008865323447,0.27401316548455185,0.3309074292203263,0.8677989227121313,229.8956622900068
spiral,shape,312,2,dbscan,"{""eps"":0.1,""min_samples"":3}",,True,True,2,"[0.0013288329937495291, 0.0010627919691614807]",2,0.001195812481455505,0.00013302051229402423,9,9,112,0.3137835036374408,0.5022787271929697,-0.009774021186706516,1.0822601321009844,31.369651716755932
spiral,shape,312,2,dbscan,"{""eps"":0.1,""min_samples"":5}",,True,True,2,"[0.0053480000351555645, 0.001110083016101271]",2,0.0032290415256284177,0.002118958509527147,3,3,256,0.023500568069579824,0.2233730469081222,0.7794779669012791,0.31048271348480433,294.68590344771764
spiral,shape,312,2,dbscan,"{""eps"":0.1,""min_samples"":10}",,True,True,2,"[0.0009757919469848275, 0.0008453329792246222]",2,0.0009105624631047249,6.522948388010263e-05,1,1,299,0.0050687929003949495,0.07355746672438282,,,
spiral,shape,312,2,dbscan,"{""eps"":0.2,""min_samples"":3}",,True,True,2,"[0.0010509170242585242, 0.0009210830321535468]",2,0.0009860000282060355,6.491699605248868e-05,3,3,0,1.0,1.0,0.001393007226841032,5.819660572385967,5.791604617514869
spiral,shape,312,2,dbscan,"{""eps"":0.2,""min_samples"":5}",,True,True,2,"[0.001001875032670796, 0.0008799579809419811]",2,0.0009409165068063885,6.095852586440742e-05,4,4,108,0.4284201805877615,0.5701561000454536,0.011600765770848342,1.8133211317898257,24.972129698204814
spiral,shape,312,2,dbscan,"{""eps"":0.2,""min_samples"":10}",,True,True,2,"[0.0009546669898554683, 0.0008475829963572323]",2,0.0009011249931063503,5.354199674911797e-05,3,3,254,0.026101482164627793,0.22952665126798308,0.7651286506281377,0.32659478702049577,267.5698107452083
spiral,shape,312,2,dbscan,"{""eps"":0.3,""min_samples"":3}",,True,True,2,"[0.0010527500417083502, 0.0009394999942742288]",2,0.0009961250179912895,5.6625023717060685e-05,3,3,0,1.0,1.0,0.001393007226841032,5.819660572385967,5.791604617514869
spiral,shape,312,2,dbscan,"{""eps"":0.3,""min_samples"":5}",,True,True,2,"[0.0010320830042473972, 0.0009321249672211707]",2,0.000982103985734284,4.997901851311326e-05,3,3,0,1.0,1.0,0.001393007226841032,5.819660572385967,5.791604617514869
spiral,shape,312,2,dbscan,"{""eps"":0.3,""min_samples"":10}",,True,True,2,"[0.000984082987997681, 0.0008819579961709678]",2,0.0009330204920843244,5.106249591335654e-05,3,3,205,0.10250230853621677,0.3556458256028293,0.4807050836545953,0.7465471303817606,107.80710736425408
spiral,shape,312,2,dbscan,"{""eps"":0.4,""min_samples"":3}",,True,True,2,"[0.0010703749721869826, 0.0009495830163359642]",2,0.0010099789942614734,6.0395977925509214e-05,3,3,0,1.0,1.0,0.001393007226841032,5.819660572385967,5.791604617514869
spiral,shape,312,2,dbscan,"{""eps"":0.4,""min_samples"":5}",,True,True,2,"[0.0027845409931614995, 0.0009488750365562737]",2,0.0018667080148588866,0.0009178329783026129,3,3,0,1.0,1.0,0.001393007226841032,5.819660572385967,5.791604617514869
spiral,shape,312,2,dbscan,"{""eps"":0.4,""min_samples"":10}",,True,True,2,"[0.0013973749591968954, 0.0009013329981826246]",2,0.00114935397868976,0.0002480209805071354,3,3,140,0.3064342704516256,0.5063560939900363,0.14657769913107238,1.5919226626197147,43.20858670244346
spiral,shape,312,2,dbscan,"{""eps"":0.5,""min_samples"":3}",,True,True,2,"[0.0013112080050632358, 0.0009670829749666154]",2,0.0011391454900149256,0.00017206251504831016,3,3,0,1.0,1.0,0.001393007226841032,5.819660572385967,5.791604617514869
spiral,shape,312,2,dbscan,"{""eps"":0.5,""min_samples"":5}",,True,True,2,"[0.001204208005219698, 0.0009471250232309103]",2,0.0010756665142253041,0.00012854149099439383,3,3,0,1.0,1.0,0.001393007226841032,5.819660572385967,5.791604617514869
spiral,shape,312,2,dbscan,"{""eps"":0.5,""min_samples"":10}",,True,True,2,"[0.0011744999792426825, 0.0009341249824501574]",2,0.00105431248084642,0.00012018749839626253,3,3,92,0.5258076119042824,0.6248566356109502,0.0357278733899798,2.5319612537193774,21.23298839223799
spiral,shape,312,2,dbscan,"{""eps"":0.6,""min_samples"":3}",,True,True,2,"[0.0012905420153401792, 0.001050083024892956]",2,0.0011703125201165676,0.0001202294952236116,1,1,0,0.0,0.0,,,
spiral,shape,312,2,dbscan,"{""eps"":0.6,""min_samples"":5}",,True,True,2,"[0.001291208027396351, 0.0010428749956190586]",2,0.0011670415115077049,0.00012416651588864625,1,1,0,0.0,0.0,,,
spiral,shape,312,2,dbscan,"{""eps"":0.6,""min_samples"":10}",,True,True,2,"[0.0012983750202693045, 0.0010215830407105386]",2,0.0011599790304899216,0.00013839598977938294,1,1,0,0.0,0.0,,,
spiral,shape,312,2,dbscan,"{""eps"":0.7,""min_samples"":3}",,True,True,2,"[0.0014259170275181532, 0.0011136670364066958]",2,0.0012697920319624245,0.00015612499555572867,1,1,0,0.0,0.0,,,
spiral,shape,312,2,dbscan,"{""eps"":0.7,""min_samples"":5}",,True,True,2,"[0.0020481249666772783, 0.0010819589952006936]",2,0.001565041980938986,0.00048308298573829234,1,1,0,0.0,0.0,,,
spiral,shape,312,2,dbscan,"{""eps"":0.7,""min_samples"":10}",,True,True,2,"[0.0020874159527011216, 0.0010788749787025154]",2,0.0015831454657018185,0.0005042704869993031,1,1,0,0.0,0.0,,,
spiral,shape,312,2,dbscan,"{""eps"":0.8,""min_samples"":3}",,True,True,2,"[0.0011740829795598984, 0.0012175830197520554]",2,0.0011958329996559769,2.1750020096078515e-05,1,1,0,0.0,0.0,,,
spiral,shape,312,2,dbscan,"{""eps"":0.8,""min_samples"":5}",,True,True,2,"[0.0011240409803576767, 0.001123082998674363]",2,0.0011235619895160198,4.789908416569233e-07,1,1,0,0.0,0.0,,,
spiral,shape,312,2,dbscan,"{""eps"":0.8,""min_samples"":10}",,True,True,2,"[0.0011047919979318976, 0.0011161669972352684]",2,0.001110479497583583,5.687499651685357e-06,1,1,0,0.0,0.0,,,
spiral,shape,312,2,dbscan,"{""eps"":0.9,""min_samples"":3}",,True,True,2,"[0.0011405840050429106, 0.0011526669841259718]",2,0.0011466254945844412,6.041489541530609e-06,1,1,0,0.0,0.0,,,
spiral,shape,312,2,dbscan,"{""eps"":0.9,""min_samples"":5}",,True,True,2,"[0.0011172499507665634, 0.0011388330021873116]",2,0.0011280414764769375,1.0791525710374117e-05,1,1,0,0.0,0.0,,,
spiral,shape,312,2,dbscan,"{""eps"":0.9,""min_samples"":10}",,True,True,2,"[0.0011071659973822534, 0.0011304999934509397]",2,0.0011188329954165965,1.1666998034343123e-05,1,1,0,0.0,0.0,,,
spiral,shape,312,2,dbscan,"{""eps"":1.0,""min_samples"":3}",,True,True,2,"[0.001147083006799221, 0.0011733749997802079]",2,0.0011602290032897145,1.3145996490493417e-05,1,1,0,0.0,0.0,,,
spiral,shape,312,2,dbscan,"{""eps"":1.0,""min_samples"":5}",,True,True,2,"[0.0016724999877624214, 0.0011574160307645798]",2,0.0014149580092635006,0.0002575419784989208,1,1,0,0.0,0.0,,,
spiral,shape,312,2,dbscan,"{""eps"":1.0,""min_samples"":10}",,True,True,2,"[0.0019021250191144645, 0.0011526659945957363]",2,0.0015273955068551004,0.00037472951225936413,1,1,0,0.0,0.0,,,
spiral,shape,312,2,dbscan,"{""eps"":1.1,""min_samples"":3}",,True,True,2,"[0.0016939169727265835, 0.0011944170109927654]",2,0.0014441669918596745,0.000249749980866909,1,1,0,0.0,0.0,,,
spiral,shape,312,2,dbscan,"{""eps"":1.1,""min_samples"":5}",,True,True,2,"[0.0016244580037891865, 0.0011717909947037697]",2,0.001398124499246478,0.0002263335045427084,1,1,0,0.0,0.0,,,
spiral,shape,312,2,dbscan,"{""eps"":1.1,""min_samples"":10}",,True,True,2,"[0.001530459034256637, 0.0011706670047715306]",2,0.0013505630195140839,0.00017989601474255323,1,1,0,0.0,0.0,,,
spiral,shape,312,2,dbscan,"{""eps"":1.2,""min_samples"":3}",,True,True,2,"[0.0016380830202251673, 0.0012528750230558217]",2,0.0014454790216404945,0.0001926039985846728,1,1,0,0.0,0.0,,,
spiral,shape,312,2,dbscan,"{""eps"":1.2,""min_samples"":5}",,True,True,2,"[0.0030768330325372517, 0.0012392090284265578]",2,0.0021580210304819047,0.000918812002055347,1,1,0,0.0,0.0,,,
spiral,shape,312,2,dbscan,"{""eps"":1.2,""min_samples"":10}",,True,True,2,"[0.0017636669799685478, 0.0012259159702807665]",2,0.0014947914751246572,0.00026887550484389067,1,1,0,0.0,0.0,,,
spiral,shape,312,2,classix,"{""engine"":""classix"",""group_merging"":""distance"",""minPts"":1,""radius"":0.1}",,True,True,2,"[0.0037322919815778732, 0.003396708983927965]",2,0.003564500482752919,0.00016779149882495403,54,54,0,0.351005382072479,0.5334096880175752,0.02780746524208154,1.6780436252457325,22.247198132867606
spiral,shape,312,2,classix,"{""engine"":""classix"",""group_merging"":""density"",""minPts"":1,""radius"":0.1}",,True,True,2,"[0.009344584017526358, 0.007752667006570846]",2,0.008548625512048602,0.0007959585054777563,41,41,0,0.3335741270143585,0.5605610144037848,-0.08393736344797857,4.042026694611623,14.703860672935258
spiral,shape,312,2,classix,"{""engine"":""classix"",""group_merging"":""distance"",""minPts"":5,""radius"":0.1}",,True,True,2,"[0.009645499987527728, 0.00419075001263991]",2,0.006918125000083819,0.002727374987443909,7,7,0,0.29424404766882456,0.4414901230304317,0.023391703241393565,2.3583936116405337,65.96463286933412
spiral,shape,312,2,classix,"{""engine"":""classix"",""group_merging"":""density"",""minPts"":5,""radius"":0.1}",,True,True,2,"[0.008479250012896955, 0.008252625004388392]",2,0.008365937508642673,0.00011331250425428152,11,11,0,0.3630473861444872,0.5450104032570238,-0.08929317896100689,9.218785719911567,28.236730590272384
spiral,shape,312,2,classix,"{""engine"":""classix"",""group_merging"":""distance"",""minPts"":10,""radius"":0.1}",,True,True,2,"[0.005590333021245897, 0.004234416002873331]",2,0.004912374512059614,0.0006779585091862828,5,5,0,0.2772945207328521,0.41917695006411976,0.02254708277818243,2.6328785818621077,74.63173673585734
spiral,shape,312,2,classix,"{""engine"":""classix"",""group_merging"":""density"",""minPts"":10,""radius"":0.1}",,True,True,2,"[0.011090875021182, 0.008210667001549155]",2,0.009650771011365578,0.001440104009816423,7,7,0,0.41072500177414856,0.5444745457990673,-0.029984911705949805,2.2245497874979163,35.907911910537095
spiral,shape,312,2,classix,"{""engine"":""classix"",""group_merging"":""distance"",""minPts"":1,""radius"":0.2}",,True,True,2,"[0.0020133749931119382, 0.0019971670117229223]",2,0.0020052710024174303,8.103990694507957e-06,4,4,0,0.8999805805491081,0.9206772236893284,-0.008876863277469633,9.258935505392074,22.04972873915997
spiral,shape,312,2,classix,"{""engine"":""classix"",""group_merging"":""density"",""minPts"":1,""radius"":0.2}",,True,True,2,"[0.0058394999941810966, 0.0047712919767946005]",2,0.0053053959854878485,0.000534104008693248,12,12,0,0.882684303043708,0.8596772768750875,-0.2171006360684907,1.9091222488699573,7.937308171724128
spiral,shape,312,2,classix,"{""engine"":""classix"",""group_merging"":""distance"",""minPts"":5,""radius"":0.2}",,True,True,2,"[0.0026482079993002117, 0.001999500032979995]",2,0.0023238540161401033,0.00032435398316010833,4,4,0,0.8999805805491081,0.9206772236893284,-0.008876863277469633,9.258935505392074,22.04972873915997
spiral,shape,312,2,classix,"{""engine"":""classix"",""group_merging"":""density"",""minPts"":5,""radius"":0.2}",,True,True,2,"[0.006542708026245236, 0.004960958031006157]",2,0.005751833028625697,0.0007908749976195395,4,4,0,0.8930251249735444,0.8650106035528965,-0.05001024978450884,4.250528492737407,14.498239867924923
spiral,shape,312,2,classix,"{""engine"":""classix"",""group_merging"":""distance"",""minPts"":10,""radius"":0.2}",,True,True,2,"[0.0027089169598184526, 0.0019661670085042715]",2,0.002337541984161362,0.00037137497565709054,4,4,0,0.8999805805491081,0.9206772236893284,-0.008876863277469633,9.258935505392074,22.04972873915997
spiral,shape,312,2,classix,"{""engine"":""classix"",""group_merging"":""density"",""minPts"":10,""radius"":0.2}",,True,True,2,"[0.006423207989428192, 0.00496216700412333]",2,0.005692687496775761,0.0007305204926524311,3,3,0,0.8809174030051549,0.8514268601393634,-0.002775527900165203,4.842449942662529,10.31392660281108
spiral,shape,312,2,classix,"{""engine"":""classix"",""group_merging"":""distance"",""minPts"":1,""radius"":0.3}",,True,True,2,"[0.001971125020645559, 0.0014646669733338058]",2,0.0017178959969896823,0.0002532290236558765,1,1,0,0.0,0.0,,,
spiral,shape,312,2,classix,"{""engine"":""classix"",""group_merging"":""density"",""minPts"":1,""radius"":0.3}",,True,True,2,"[0.009784042020328343, 0.005997666972689331]",2,0.007890854496508837,0.0018931875238195062,4,4,0,0.9458120489212415,0.9464533664365264,-0.038128063180860164,5.643916328748979,15.218255067985034
spiral,shape,312,2,classix,"{""engine"":""classix"",""group_merging"":""distance"",""minPts"":5,""radius"":0.3}",,True,True,2,"[0.001432291988749057, 0.001453333010431379]",2,0.001442812499590218,1.0520510841161013e-05,1,1,0,0.0,0.0,,,
spiral,shape,312,2,classix,"{""engine"":""classix"",""group_merging"":""density"",""minPts"":5,""radius"":0.3}",,True,True,2,"[0.0058021669974550605, 0.005827666027471423]",2,0.005814916512463242,1.2749515008181334e-05,4,4,0,0.9458120489212415,0.9464533664365264,-0.038128063180860164,5.643916328748979,15.218255067985034
spiral,shape,312,2,classix,"{""engine"":""classix"",""group_merging"":""distance"",""minPts"":10,""radius"":0.3}",,True,True,2,"[0.001402875001076609, 0.0014433750184252858]",2,0.0014231250097509474,2.025000867433846e-05,1,1,0,0.0,0.0,,,
spiral,shape,312,2,classix,"{""engine"":""classix"",""group_merging"":""density"",""minPts"":10,""radius"":0.3}",,True,True,2,"[0.00819270801730454, 0.005818250006996095]",2,0.007005479012150317,0.0011872290051542222,4,4,0,0.9458120489212415,0.9464533664365264,-0.038128063180860164,5.643916328748979,15.218255067985034
spiral,shape,312,2,classix,"{""engine"":""classix"",""group_merging"":""distance"",""minPts"":1,""radius"":0.4}",,True,True,2,"[0.0031633329926989973, 0.0011954170186072588]",2,0.002179375005653128,0.0009839579870458692,1,1,0,0.0,0.0,,,
spiral,shape,312,2,classix,"{""engine"":""classix"",""group_merging"":""density"",""minPts"":1,""radius"":0.4}",,True,True,2,"[0.00563304201932624, 0.005151125020347536]",2,0.005392083519836888,0.0002409584994893521,4,4,0,0.8948021420935686,0.9180288516781272,-0.006782447636679807,9.423008398410094,22.614736897537913
spiral,shape,312,2,classix,"{""engine"":""classix"",""group_merging"":""distance"",""minPts"":5,""radius"":0.4}",,True,True,2,"[0.0012165000080130994, 0.0012077090214006603]",2,0.0012121045147068799,4.395493306219578e-06,1,1,0,0.0,0.0,,,
spiral,shape,312,2,classix,"{""engine"":""classix"",""group_merging"":""density"",""minPts"":5,""radius"":0.4}",,True,True,2,"[0.007397082983516157, 0.005140374996699393]",2,0.006268728990107775,0.001128353993408382,4,4,0,0.8948021420935686,0.9180288516781272,-0.006782447636679807,9.423008398410094,22.614736897537913
spiral,shape,312,2,classix,"{""engine"":""classix"",""group_merging"":""distance"",""minPts"":10,""radius"":0.4}",,True,True,2,"[0.0018099159933626652, 0.001203541993163526]",2,0.0015067289932630956,0.00030318700009956956,1,1,0,0.0,0.0,,,
spiral,shape,312,2,classix,"{""engine"":""classix"",""group_merging"":""density"",""minPts"":10,""radius"":0.4}",,True,True,2,"[0.008827167039271444, 0.005156625004019588]",2,0.006991896021645516,0.001835271017625928,4,4,0,0.8948021420935686,0.9180288516781272,-0.006782447636679807,9.423008398410094,22.614736897537913
spiral,shape,312,2,classix,"{""engine"":""classix"",""group_merging"":""distance"",""minPts"":1,""radius"":0.5}",,True,True,2,"[0.0007830839604139328, 0.0008455420029349625]",2,0.0008143129816744477,3.1229021260514855e-05,1,1,0,0.0,0.0,,,
spiral,shape,312,2,classix,"{""engine"":""classix"",""group_merging"":""density"",""minPts"":1,""radius"":0.5}",,True,True,2,"[0.0029920829692855477, 0.010535290988627821]",2,0.0067636869789566845,0.0037716040096711367,1,1,0,0.0,0.0,,,
spiral,shape,312,2,classix,"{""engine"":""classix"",""group_merging"":""distance"",""minPts"":5,""radius"":0.5}",,True,True,2,"[0.0007559169898740947, 0.0015004170127213001]",2,0.0011281670012976974,0.0003722500114236027,1,1,0,0.0,0.0,,,
spiral,shape,312,2,classix,"{""engine"":""classix"",""group_merging"":""density"",""minPts"":5,""radius"":0.5}",,True,True,2,"[0.004616540973074734, 0.013535832986235619]",2,0.009076186979655176,0.004459646006580442,1,1,0,0.0,0.0,,,
spiral,shape,312,2,classix,"{""engine"":""classix"",""group_merging"":""distance"",""minPts"":10,""radius"":0.5}",,True,True,2,"[0.0011616660049185157, 0.0025288329925388098]",2,0.0018452494987286627,0.000683583493810147,1,1,0,0.0,0.0,,,
spiral,shape,312,2,classix,"{""engine"":""classix"",""group_merging"":""density"",""minPts"":10,""radius"":0.5}",,True,True,2,"[0.004412707989104092, 0.031927208008710295]",2,0.018169957998907194,0.013757250009803101,1,1,0,0.0,0.0,,,
spiral,shape,312,2,classix,"{""engine"":""classix"",""group_merging"":""distance"",""minPts"":1,""radius"":0.6}",,True,True,2,"[0.000935667019803077, 0.0007457089959643781]",2,0.0008406880078837276,9.497901191934943e-05,1,1,0,0.0,0.0,,,
spiral,shape,312,2,classix,"{""engine"":""classix"",""group_merging"":""density"",""minPts"":1,""radius"":0.6}",,True,True,2,"[0.0035552079789340496, 0.002315291960258037]",2,0.0029352499695960432,0.0006199580093380064,1,1,0,0.0,0.0,,,
spiral,shape,312,2,classix,"{""engine"":""classix"",""group_merging"":""distance"",""minPts"":5,""radius"":0.6}",,True,True,2,"[0.0009140409529209137, 0.0006944580236449838]",2,0.0008042494882829487,0.00010979146463796496,1,1,0,0.0,0.0,,,
spiral,shape,312,2,classix,"{""engine"":""classix"",""group_merging"":""density"",""minPts"":5,""radius"":0.6}",,True,True,2,"[0.002898957987781614, 0.0033755420008674264]",2,0.0031372499943245202,0.00023829200654290617,1,1,0,0.0,0.0,,,
spiral,shape,312,2,classix,"{""engine"":""classix"",""group_merging"":""distance"",""minPts"":10,""radius"":0.6}",,True,True,2,"[0.0006370830233208835, 0.0009742499678395689]",2,0.0008056664955802262,0.00016858347225934267,1,1,0,0.0,0.0,,,
spiral,shape,312,2,classix,"{""engine"":""classix"",""group_merging"":""density"",""minPts"":10,""radius"":0.6}",,True,True,2,"[0.002192750049289316, 0.005445500020869076]",2,0.003819125035079196,0.0016263749857898802,1,1,0,0.0,0.0,,,
spiral,shape,312,2,classix,"{""engine"":""classix"",""group_merging"":""distance"",""minPts"":1,""radius"":0.7}",,True,True,2,"[0.0005296250456012785, 0.0006309160380624235]",2,0.000580270541831851,5.064549623057246e-05,1,1,0,0.0,0.0,,,
spiral,shape,312,2,classix,"{""engine"":""classix"",""group_merging"":""density"",""minPts"":1,""radius"":0.7}",,True,True,2,"[0.0017777920002117753, 0.005640749994199723]",2,0.003709270997205749,0.0019314789969939739,1,1,0,0.0,0.0,,,
spiral,shape,312,2,classix,"{""engine"":""classix"",""group_merging"":""distance"",""minPts"":5,""radius"":0.7}",,True,True,2,"[0.0005287500098347664, 0.0008306250092573464]",2,0.0006796875095460564,0.00015093749971129,1,1,0,0.0,0.0,,,
spiral,shape,312,2,classix,"{""engine"":""classix"",""group_merging"":""density"",""minPts"":5,""radius"":0.7}",,True,True,2,"[0.0017727499944157898, 0.002677457989193499]",2,0.0022251039918046445,0.0004523539973888546,1,1,0,0.0,0.0,,,
spiral,shape,312,2,classix,"{""engine"":""classix"",""group_merging"":""distance"",""minPts"":10,""radius"":0.7}",,True,True,2,"[0.0005303749931044877, 0.0017712499829940498]",2,0.0011508124880492687,0.0006204374949447811,1,1,0,0.0,0.0,,,
spiral,shape,312,2,classix,"{""engine"":""classix"",""group_merging"":""density"",""minPts"":10,""radius"":0.7}",,True,True,2,"[0.0018025000463239849, 0.001965540985111147]",2,0.001884020515717566,8.152046939358115e-05,1,1,0,0.0,0.0,,,
spiral,shape,312,2,classix,"{""engine"":""classix"",""group_merging"":""distance"",""minPts"":1,""radius"":0.8}",,True,True,2,"[0.0004953329917043447, 0.0005942499847151339]",2,0.0005447914882097393,4.945849650539458e-05,1,1,0,0.0,0.0,,,
spiral,shape,312,2,classix,"{""engine"":""classix"",""group_merging"":""density"",""minPts"":1,""radius"":0.8}",,True,True,2,"[0.001529207977000624, 0.002051291987299919]",2,0.0017902499821502715,0.0002610420051496476,1,1,0,0.0,0.0,,,
spiral,shape,312,2,classix,"{""engine"":""classix"",""group_merging"":""distance"",""minPts"":5,""radius"":0.8}",,True,True,2,"[0.000475916953291744, 0.0007667079917155206]",2,0.0006213124725036323,0.0001453955192118883,1,1,0,0.0,0.0,,,
spiral,shape,312,2,classix,"{""engine"":""classix"",""group_merging"":""density"",""minPts"":5,""radius"":0.8}",,True,True,2,"[0.001517999975476414, 0.0021117919823154807]",2,0.0018148959788959473,0.00029689600341953337,1,1,0,0.0,0.0,,,
spiral,shape,312,2,classix,"{""engine"":""classix"",""group_merging"":""distance"",""minPts"":10,""radius"":0.8}",,True,True,2,"[0.0004748330102302134, 0.0007267500041052699]",2,0.0006007915071677417,0.00012595849693752825,1,1,0,0.0,0.0,,,
spiral,shape,312,2,classix,"{""engine"":""classix"",""group_merging"":""density"",""minPts"":10,""radius"":0.8}",,True,True,2,"[0.0015371660119853914, 0.0020707090152427554]",2,0.0018039375136140734,0.000266771501628682,1,1,0,0.0,0.0,,,
spiral,shape,312,2,classix,"{""engine"":""classix"",""group_merging"":""distance"",""minPts"":1,""radius"":0.9}",,True,True,2,"[0.00043987500248476863, 0.000517957960255444]",2,0.00047891648137010634,3.904147888533771e-05,1,1,0,0.0,0.0,,,
spiral,shape,312,2,classix,"{""engine"":""classix"",""group_merging"":""density"",""minPts"":1,""radius"":0.9}",,True,True,2,"[0.0013725000317208469, 0.0014455000055022538]",2,0.0014090000186115503,3.649998689070344e-05,1,1,0,0.0,0.0,,,
spiral,shape,312,2,classix,"{""engine"":""classix"",""group_merging"":""distance"",""minPts"":5,""radius"":0.9}",,True,True,2,"[0.00043541600462049246, 0.0005027500446885824]",2,0.00046908302465453744,3.366702003404498e-05,1,1,0,0.0,0.0,,,
spiral,shape,312,2,classix,"{""engine"":""classix"",""group_merging"":""density"",""minPts"":5,""radius"":0.9}",,True,True,2,"[0.001376542029902339, 0.001423874986357987]",2,0.001400208508130163,2.3666478227823973e-05,1,1,0,0.0,0.0,,,
spiral,shape,312,2,classix,"{""engine"":""classix"",""group_merging"":""distance"",""minPts"":10,""radius"":0.9}",,True,True,2,"[0.0004344999906606972, 0.000493750034365803]",2,0.0004641250125132501,2.962502185255289e-05,1,1,0,0.0,0.0,,,
spiral,shape,312,2,classix,"{""engine"":""classix"",""group_merging"":""density"",""minPts"":10,""radius"":0.9}",,True,True,2,"[0.0013780409935861826, 0.002141833014320582]",2,0.0017599370039533824,0.0003818960103671998,1,1,0,0.0,0.0,,,
spiral,shape,312,2,classix,"{""engine"":""classix"",""group_merging"":""distance"",""minPts"":1,""radius"":1.0}",,True,True,2,"[0.00037654099287465215, 0.0006419580313377082]",2,0.0005092495121061802,0.00013270851923152804,1,1,0,0.0,0.0,,,
spiral,shape,312,2,classix,"{""engine"":""classix"",""group_merging"":""density"",""minPts"":1,""radius"":1.0}",,True,True,2,"[0.0010164579725824296, 0.001556333969347179]",2,0.0012863959709648043,0.00026993799838237464,1,1,0,0.0,0.0,,,
spiral,shape,312,2,classix,"{""engine"":""classix"",""group_merging"":""distance"",""minPts"":5,""radius"":1.0}",,True,True,2,"[0.00037995900493115187, 0.0006285419804044068]",2,0.0005042504926677793,0.00012429148773662746,1,1,0,0.0,0.0,,,
spiral,shape,312,2,classix,"{""engine"":""classix"",""group_merging"":""density"",""minPts"":5,""radius"":1.0}",,True,True,2,"[0.0010130000300705433, 0.0011439580121077597]",2,0.0010784790210891515,6.547899101860821e-05,1,1,0,0.0,0.0,,,
spiral,shape,312,2,classix,"{""engine"":""classix"",""group_merging"":""distance"",""minPts"":10,""radius"":1.0}",,True,True,2,"[0.00036970904329791665, 0.00047149998135864735]",2,0.000420604512328282,5.089546903036535e-05,1,1,0,0.0,0.0,,,
spiral,shape,312,2,classix,"{""engine"":""classix"",""group_merging"":""density"",""minPts"":10,""radius"":1.0}",,True,True,2,"[0.0010049999691545963, 0.0010872920393012464]",2,0.0010461460042279214,4.114603507332504e-05,1,1,0,0.0,0.0,,,
spiral,shape,312,2,classix,"{""engine"":""classix"",""group_merging"":""distance"",""minPts"":1,""radius"":1.1}",,True,True,2,"[0.00035566597944125533, 0.0004240839625708759]",2,0.0003898749710060656,3.4208991564810276e-05,1,1,0,0.0,0.0,,,
spiral,shape,312,2,classix,"{""engine"":""classix"",""group_merging"":""density"",""minPts"":1,""radius"":1.1}",,True,True,2,"[0.0011207089992240071, 0.0009947079815901816]",2,0.0010577084904070944,6.300050881691277e-05,1,1,0,0.0,0.0,,,
spiral,shape,312,2,classix,"{""engine"":""classix"",""group_merging"":""distance"",""minPts"":5,""radius"":1.1}",,True,True,2,"[0.0003557500313036144, 0.0006454589893110096]",2,0.000500604510307312,0.00014485447900369763,1,1,0,0.0,0.0,,,
spiral,shape,312,2,classix,"{""engine"":""classix"",""group_merging"":""density"",""minPts"":5,""radius"":1.1}",,True,True,2,"[0.0009309169836342335, 0.0014838749775663018]",2,0.0012073959806002676,0.0002764789969660342,1,1,0,0.0,0.0,,,
spiral,shape,312,2,classix,"{""engine"":""classix"",""group_merging"":""distance"",""minPts"":10,""radius"":1.1}",,True,True,2,"[0.0003486250061541796, 0.0006428330088965595]",2,0.0004957290075253695,0.00014710400137118995,1,1,0,0.0,0.0,,,
spiral,shape,312,2,classix,"{""engine"":""classix"",""group_merging"":""density"",""minPts"":10,""radius"":1.1}",,True,True,2,"[0.0009187500108964741, 0.0014522080309689045]",2,0.0011854790209326893,0.0002667290100362152,1,1,0,0.0,0.0,,,
spiral,shape,312,2,classix,"{""engine"":""classix"",""group_merging"":""distance"",""minPts"":1,""radius"":1.2}",,True,True,2,"[0.0003530000103637576, 0.000450999999884516]",2,0.0004020000051241368,4.8999994760379195e-05,1,1,0,0.0,0.0,,,
spiral,shape,312,2,classix,"{""engine"":""classix"",""group_merging"":""density"",""minPts"":1,""radius"":1.2}",,True,True,2,"[0.000872249947860837, 0.0012339159729890525]",2,0.0010530829604249448,0.00018083301256410778,1,1,0,0.0,0.0,,,
spiral,shape,312,2,classix,"{""engine"":""classix"",""group_merging"":""distance"",""minPts"":5,""radius"":1.2}",,True,True,2,"[0.00034837500425055623, 0.0006610839627683163]",2,0.0005047294835094362,0.00015635447925888002,1,1,0,0.0,0.0,,,
spiral,shape,312,2,classix,"{""engine"":""classix"",""group_merging"":""density"",""minPts"":5,""radius"":1.2}",,True,True,2,"[0.0008708750247024, 0.0014162079896777868]",2,0.0011435415071900934,0.00027266648248769343,1,1,0,0.0,0.0,,,
spiral,shape,312,2,classix,"{""engine"":""classix"",""group_merging"":""distance"",""minPts"":10,""radius"":1.2}",,True,True,2,"[0.0003470830270089209, 0.0006945420172996819]",2,0.0005208125221543014,0.0001737294951453805,1,1,0,0.0,0.0,,,
spiral,shape,312,2,classix,"{""engine"":""classix"",""group_merging"":""density"",""minPts"":10,""radius"":1.2}",,True,True,2,"[0.0008684589993208647, 0.00112279097083956]",2,0.0009956249850802124,0.00012716598575934768,1,1,0,0.0,0.0,,,
spiral,shape,312,2,classix,"{""engine"":""classix"",""group_merging"":""distance"",""minPts"":1,""radius"":1.3}",,True,True,2,"[0.00030516600236296654, 0.00037399999564513564]",2,0.0003395829990040511,3.441699664108455e-05,1,1,0,0.0,0.0,,,
spiral,shape,312,2,classix,"{""engine"":""classix"",""group_merging"":""density"",""minPts"":1,""radius"":1.3}",,True,True,2,"[0.0006828340119682252, 0.0007680000271648169]",2,0.000725417019566521,4.258300759829581e-05,1,1,0,0.0,0.0,,,
spiral,shape,312,2,classix,"{""engine"":""classix"",""group_merging"":""distance"",""minPts"":5,""radius"":1.3}",,True,True,2,"[0.00030670897103846073, 0.0003873330424539745]",2,0.0003470210067462176,4.031203570775688e-05,1,1,0,0.0,0.0,,,
spiral,shape,312,2,classix,"{""engine"":""classix"",""group_merging"":""density"",""minPts"":5,""radius"":1.3}",,True,True,2,"[0.0006884589674882591, 0.0007527080015279353]",2,0.0007205834845080972,3.2124517019838095e-05,1,1,0,0.0,0.0,,,
spiral,shape,312,2,classix,"{""engine"":""classix"",""group_merging"":""distance"",""minPts"":10,""radius"":1.3}",,True,True,2,"[0.00031233299523591995, 0.00037104199873283505]",2,0.0003416874969843775,2.935450174845755e-05,1,1,0,0.0,0.0,,,
spiral,shape,312,2,classix,"{""engine"":""classix"",""group_merging"":""density"",""minPts"":10,""radius"":1.3}",,True,True,2,"[0.0006912910030223429, 0.0012351250043138862]",2,0.0009632080036681145,0.0002719170006457716,1,1,0,0.0,0.0,,,
spiral,shape,312,2,classix,"{""engine"":""classix"",""group_merging"":""distance"",""minPts"":1,""radius"":1.4}",,True,True,2,"[0.0002934170188382268, 0.000772083003539592]",2,0.0005327500111889094,0.00023933299235068262,1,1,0,0.0,0.0,,,
spiral,shape,312,2,classix,"{""engine"":""classix"",""group_merging"":""density"",""minPts"":1,""radius"":1.4}",,True,True,2,"[0.0005816249758936465, 0.0011039579985663295]",2,0.000842791487229988,0.0002611665113363415,1,1,0,0.0,0.0,,,
spiral,shape,312,2,classix,"{""engine"":""classix"",""group_merging"":""distance"",""minPts"":5,""radius"":1.4}",,True,True,2,"[0.0002893750206567347, 0.0005445419810712337]",2,0.00041695850086398423,0.00012758348020724952,1,1,0,0.0,0.0,,,
spiral,shape,312,2,classix,"{""engine"":""classix"",""group_merging"":""density"",""minPts"":5,""radius"":1.4}",,True,True,2,"[0.0005793329910375178, 0.001054749998729676]",2,0.0008170414948835969,0.0002377085038460791,1,1,0,0.0,0.0,,,
spiral,shape,312,2,classix,"{""engine"":""classix"",""group_merging"":""distance"",""minPts"":10,""radius"":1.4}",,True,True,2,"[0.0002872080076485872, 0.00038483302341774106]",2,0.00033602051553316414,4.881250788457692e-05,1,1,0,0.0,0.0,,,
spiral,shape,312,2,classix,"{""engine"":""classix"",""group_merging"":""density"",""minPts"":10,""radius"":1.4}",,True,True,2,"[0.0005720840417779982, 0.0006742079858668149]",2,0.0006231460138224065,5.106197204440832e-05,1,1,0,0.0,0.0,,,
spiral,shape,312,2,classix,"{""engine"":""classix"",""group_merging"":""distance"",""minPts"":1,""radius"":1.5}",,True,True,2,"[0.0002667090157046914, 0.0003412499791011214]",2,0.0003039794974029064,3.727048169821501e-05,1,1,0,0.0,0.0,,,
spiral,shape,312,2,classix,"{""engine"":""classix"",""group_merging"":""density"",""minPts"":1,""radius"":1.5}",,True,True,2,"[0.00047266698675230145, 0.0005438330117613077]",2,0.0005082499992568046,3.558301250450313e-05,1,1,0,0.0,0.0,,,
spiral,shape,312,2,classix,"{""engine"":""classix"",""group_merging"":""distance"",""minPts"":5,""radius"":1.5}",,True,True,2,"[0.00026233401149511337, 0.0004272079677321017]",2,0.0003447709896136075,8.243697811849415e-05,1,1,0,0.0,0.0,,,
spiral,shape,312,2,classix,"{""engine"":""classix"",""group_merging"":""density"",""minPts"":5,""radius"":1.5}",,True,True,2,"[0.0004742500022985041, 0.0007506670081056654]",2,0.0006124585052020848,0.00013820850290358067,1,1,0,0.0,0.0,,,
spiral,shape,312,2,classix,"{""engine"":""classix"",""group_merging"":""distance"",""minPts"":10,""radius"":1.5}",,True,True,2,"[0.00025891605764627457, 0.00048516702372580767]",2,0.0003720415406860411,0.00011312548303976655,1,1,0,0.0,0.0,,,
spiral,shape,312,2,classix,"{""engine"":""classix"",""group_merging"":""density"",""minPts"":10,""radius"":1.5}",,True,True,2,"[0.0004681249847635627, 0.0006914589903317392]",2,0.0005797919875476509,0.00011166700278408825,1,1,0,0.0,0.0,,,
spiral,shape,312,2,kmeans,"{""init"":""k-means++"",""n_clusters"":2,""n_init"":20}",0.0,False,,1,[0.056106042000465095],1,0.056106042000465095,0.0,2,2,0,-0.003382901908556016,0.0007560729776223017,0.33454996314488,1.2171781555791799,168.91304558349728
spiral,shape,312,2,kmeans,"{""init"":""k-means++"",""n_clusters"":3,""n_init"":20}",0.0,False,,1,[0.0680424589663744],1,0.0680424589663744,0.0,3,3,0,-0.006059323002609906,0.0003386199083573612,0.36034514534275974,0.8712925325827111,237.8096705801332
spiral,shape,312,2,kmeans,"{""init"":""k-means++"",""n_clusters"":4,""n_init"":20}",0.0,False,,1,[0.07758208404993638],1,0.07758208404993638,0.0,4,4,0,-0.006059001495895389,0.0016464140440147672,0.352281545574869,0.882948060819352,243.82795335445473
spiral,shape,312,2,kmeans,"{""init"":""k-means++"",""n_clusters"":5,""n_init"":20}",0.0,False,,1,[0.06442962499568239],1,0.06442962499568239,0.0,5,5,0,-0.0019121471523321884,0.007224470306154866,0.34494528238030076,0.9011989013683674,246.83201427908824
spiral,shape,312,2,kmeans,"{""init"":""k-means++"",""n_clusters"":6,""n_init"":20}",0.0,False,,1,[0.0655943329911679],1,0.0655943329911679,0.0,6,6,0,0.00606238572206582,0.01909498962162685,0.3535832443902701,0.8679015923276786,257.64888046600333
spiral,shape,312,2,kmeans,"{""init"":""k-means++"",""n_clusters"":7,""n_init"":20}",0.0,False,,1,[0.05889179196674377],1,0.05889179196674377,0.0,7,7,0,0.02987237098604749,0.07931485315163163,0.3493083099348094,0.8718636157006122,246.40299970093324
spiral,shape,312,2,kmeans,"{""init"":""k-means++"",""n_clusters"":8,""n_init"":20}",0.0,False,,1,[0.040474082983564585],1,0.040474082983564585,0.0,8,8,0,0.04153583335435561,0.12032885886923995,0.3470981284229407,0.8591245773945788,243.48920133939933
spiral,shape,312,2,kmeans,"{""init"":""k-means++"",""n_clusters"":9,""n_init"":20}",0.0,False,,1,[0.04167162498924881],1,0.04167162498924881,0.0,9,9,0,0.09636345839767321,0.24975209894876066,0.3764210109412866,0.8353845589740981,252.36634855710074
spiral,shape,312,2,kmeans,"{""init"":""k-means++"",""n_clusters"":10,""n_init"":20}",0.0,False,,1,[0.04571929096709937],1,0.04571929096709937,0.0,10,10,0,0.0783988667661281,0.21772099023432778,0.3682163876030064,0.8388262573141976,253.99096962764094
spiral,shape,312,2,kmeans,"{""init"":""k-means++"",""n_clusters"":11,""n_init"":20}",0.0,False,,1,[0.049153540981933475],1,0.049153540981933475,0.0,11,11,0,0.1205910993224929,0.2921877785471561,0.37654789702472935,0.8073314746766326,260.2427495774037
spiral,shape,312,2,kmeans,"{""init"":""k-means++"",""n_clusters"":12,""n_init"":20}",0.0,False,,1,[0.048652749974280596],1,0.048652749974280596,0.0,12,12,0,0.1095961499322317,0.2814683869969134,0.37462271475918696,0.8138749311270622,264.0774786962591
spiral,shape,312,2,kmeans,"{""init"":""k-means++"",""n_clusters"":2,""n_init"":20}",1.0,False,,1,[0.022041832969989628],1,0.022041832969989628,0.0,2,2,0,-0.003768284599833733,0.00044118674451521845,0.334621040769031,1.2175204832848598,168.90654839917693
spiral,shape,312,2,kmeans,"{""init"":""k-means++"",""n_clusters"":3,""n_init"":20}",1.0,False,,1,[0.026881208003032953],1,0.026881208003032953,0.0,3,3,0,-0.005743792313285788,0.000597814840722088,0.36062870183627993,0.8713716936232863,237.81376695125144
spiral,shape,312,2,kmeans,"{""init"":""k-means++"",""n_clusters"":4,""n_init"":20}",1.0,False,,1,[0.02291841700207442],1,0.02291841700207442,0.0,4,4,0,-0.0053608579741601286,0.0023138195352238413,0.35374123611595554,0.8809592203969829,244.23963812203968
spiral,shape,312,2,kmeans,"{""init"":""k-means++"",""n_clusters"":5,""n_init"":20}",1.0,False,,1,[0.023135124996770173],1,0.023135124996770173,0.0,5,5,0,-0.0033288015343762856,0.0055774291792246074,0.3441992235396351,0.9017602122975698,246.8898958755429
spiral,shape,312,2,kmeans,"{""init"":""k-means++"",""n_clusters"":6,""n_init"":20}",1.0,False,,1,[0.028394582972396165],1,0.028394582972396165,0.0,6,6,0,0.005420883838217218,0.0173186511440398,0.3522485932281691,0.8743712060975409,257.62841167617063
spiral,shape,312,2,kmeans,"{""init"":""k-means++"",""n_clusters"":7,""n_init"":20}",1.0,False,,1,[0.030388041981495917],1,0.030388041981495917,0.0,7,7,0,0.027967175048433938,0.07598725704347829,0.347637897884927,0.8769004313335925,246.0006752728796
spiral,shape,312,2,kmeans,"{""init"":""k-means++"",""n_clusters"":8,""n_init"":20}",1.0,False,,1,[0.028135582979302853],1,0.028135582979302853,0.0,8,8,0,0.0439978225763099,0.12421101633473167,0.34743859618993833,0.8610604923713525,244.50580885812207
spiral,shape,312,2,kmeans,"{""init"":""k-means++"",""n_clusters"":9,""n_init"":20}",1.0,False,,1,[0.03010074998019263],1,0.03010074998019263,0.0,9,9,0,0.09727622615482165,0.25040407778647195,0.37738627001207103,0.832023329546945,252.61451012183633
spiral,shape,312,2,kmeans,"{""init"":""k-means++"",""n_clusters"":10,""n_init"":20}",1.0,False,,1,[0.028924999991431832],1,0.028924999991431832,0.0,10,10,0,0.08239218131006025,0.22214775148141055,0.3704186730736218,0.8363381688341534,251.95105889741782
spiral,shape,312,2,kmeans,"{""init"":""k-means++"",""n_clusters"":11,""n_init"":20}",1.0,False,,1,[0.02946583298034966],1,0.02946583298034966,0.0,11,11,0,0.10932361126764503,0.2713314129540781,0.3699577747211126,0.8142169115747784,258.14803846503673
spiral,shape,312,2,kmeans,"{""init"":""k-means++"",""n_clusters"":12,""n_init"":20}",1.0,False,,1,[0.031054167018737644],1,0.031054167018737644,0.0,12,12,0,0.16038360216734499,0.35020394320507514,0.3844901738834794,0.8085966231541714,266.101209547217
spiral,shape,312,2,kmeans,"{""init"":""k-means++"",""n_clusters"":2,""n_init"":20}",2.0,False,,1,[0.013479207991622388],1,0.013479207991622388,0.0,2,2,0,-0.003382901908556016,0.0007560729776223017,0.33454996314488,1.2171781555791799,168.91304558349728
spiral,shape,312,2,kmeans,"{""init"":""k-means++"",""n_clusters"":3,""n_init"":20}",2.0,False,,1,[0.02306233299896121],1,0.02306233299896121,0.0,3,3,0,-0.0060252369726964605,0.00036186363285011853,0.36039419815296814,0.8716639262500374,237.79619950479164
spiral,shape,312,2,kmeans,"{""init"":""k-means++"",""n_clusters"":4,""n_init"":20}",2.0,False,,1,[0.018679332977626473],1,0.018679332977626473,0.0,4,4,0,-0.00536172340638191,0.002313156920446501,0.35337437169712177,0.8816092991287152,244.28773707572313
spiral,shape,312,2,kmeans,"{""init"":""k-means++"",""n_clusters"":5,""n_init"":20}",2.0,False,,1,[0.021659625053871423],1,0.021659625053871423,0.0,5,5,0,-0.003949572444738404,0.0049828590998522646,0.34402709790913516,0.9017833765606833,246.92267259075194
spiral,shape,312,2,kmeans,"{""init"":""k-means++"",""n_clusters"":6,""n_init"":20}",2.0,False,,1,[0.0806439999723807],1,0.0806439999723807,0.0,6,6,0,0.004959218502741482,0.016554735705009257,0.3518796849179748,0.8774102138650672,257.62010025064336
spiral,shape,312,2,kmeans,"{""init"":""k-means++"",""n_clusters"":7,""n_init"":20}",2.0,False,,1,[0.06133987498469651],1,0.06133987498469651,0.0,7,7,0,0.03373390034033919,0.09101794362103413,0.34938723428986823,0.8770168537973143,246.93578478931957
spiral,shape,312,2,kmeans,"{""init"":""k-means++"",""n_clusters"":8,""n_init"":20}",2.0,False,,1,[0.0339622920146212],1,0.0339622920146212,0.0,8,8,0,0.05758239532418642,0.15420238897981386,0.35971457295103576,0.8427442061297958,245.61536808903756
spiral,shape,312,2,kmeans,"{""init"":""k-means++"",""n_clusters"":9,""n_init"":20}",2.0,False,,1,[0.03532745799748227],1,0.03532745799748227,0.0,9,9,0,0.09792607373467695,0.2508590312645074,0.3782728933994882,0.8280562202257441,252.43011297750917
spiral,shape,312,2,kmeans,"{""init"":""k-means++"",""n_clusters"":10,""n_init"":20}",2.0,False,,1,[0.040983834012877196],1,0.040983834012877196,0.0,10,10,0,0.09065077895267411,0.24503971247860573,0.37513757684378884,0.8083656786059293,253.38806624623837
spiral,shape,312,2,kmeans,"{""init"":""k-means++"",""n_clusters"":11,""n_init"":20}",2.0,False,,1,[0.036982082994654775],1,0.036982082994654775,0.0,11,11,0,0.11882469235807018,0.291654956452132,0.37482161809889736,0.8241979242524188,258.1208568792201
spiral,shape,312,2,kmeans,"{""init"":""k-means++"",""n_clusters"":12,""n_init"":20}",2.0,False,,1,[0.03292704198975116],1,0.03292704198975116,0.0,12,12,0,0.1075737971425828,0.2798567024145604,0.3767285109107369,0.8130737479765114,265.1253906414273
spiral,shape,312,2,kmeans,"{""init"":""k-means++"",""n_clusters"":2,""n_init"":20}",3.0,False,,1,[0.01427658402826637],1,0.01427658402826637,0.0,2,2,0,-0.003382265606733334,0.0007639574464418131,0.3349057976867363,1.2178484055014913,168.92684613715466
spiral,shape,312,2,kmeans,"{""init"":""k-means++"",""n_clusters"":3,""n_init"":20}",3.0,False,,1,[0.023361750005278736],1,0.023361750005278736,0.0,3,3,0,-0.006059323002609906,0.0003386199083573612,0.36034514534275974,0.8712925325827111,237.8096705801332
spiral,shape,312,2,kmeans,"{""init"":""k-means++"",""n_clusters"":4,""n_init"":20}",3.0,False,,1,[0.019004541041795164],1,0.019004541041795164,0.0,4,4,0,-0.004963462506805355,0.0026634105684583066,0.35295685182143666,0.8819358634038157,243.86352889610717
spiral,shape,312,2,kmeans,"{""init"":""k-means++"",""n_clusters"":5,""n_init"":20}",3.0,False,,1,[0.021595416008494794],1,0.021595416008494794,0.0,5,5,0,-0.0037795362760275064,0.005227053913827612,0.34341498458529673,0.903958700424256,246.65246943073856
spiral,shape,312,2,kmeans,"{""init"":""k-means++"",""n_clusters"":6,""n_init"":20}",3.0,False,,1,[0.025996375014074147],1,0.025996375014074147,0.0,6,6,0,0.006055851821292369,0.018880590698466978,0.35299418575425584,0.8722486951474603,257.61729981639814
spiral,shape,312,2,kmeans,"{""init"":""k-means++"",""n_clusters"":7,""n_init"":20}",3.0,False,,1,[0.02785495901480317],1,0.02785495901480317,0.0,7,7,0,0.037013624231174665,0.1044373252960012,0.3504321982918668,0.8717633108046943,246.85598899003003
spiral,shape,312,2,kmeans,"{""init"":""k-means++"",""n_clusters"":8,""n_init"":20}",3.0,False,,1,[0.028669124993029982],1,0.028669124993029982,0.0,8,8,0,0.0539717122304461,0.1500007742014972,0.357790840020827,0.8523375833250564,245.57802787374717
spiral,shape,312,2,kmeans,"{""init"":""k-means++"",""n_clusters"":9,""n_init"":20}",3.0,False,,1,[0.029622791975270957],1,0.029622791975270957,0.0,9,9,0,0.09106611312426244,0.2329957919141576,0.3732518287581458,0.8380319571821708,251.77229975982016
spiral,shape,312,2,kmeans,"{""init"":""k-means++"",""n_clusters"":10,""n_init"":20}",3.0,False,,1,[0.02944683301029727],1,0.02944683301029727,0.0,10,10,0,0.0790592958819817,0.21907942911276332,0.36839899925091635,0.8410932654858332,253.6651220320194
spiral,shape,312,2,kmeans,"{""init"":""k-means++"",""n_clusters"":11,""n_init"":20}",3.0,False,,1,[0.030348083993885666],1,0.030348083993885666,0.0,11,11,0,0.11179728078759509,0.2744606189107297,0.36632508998365176,0.80661099590542,255.81256393334797
spiral,shape,312,2,kmeans,"{""init"":""k-means++"",""n_clusters"":12,""n_init"":20}",3.0,False,,1,[0.030600457976106554],1,0.030600457976106554,0.0,12,12,0,0.099209207319177,0.2709971244137595,0.3740091926180715,0.787440814741124,264.05640845963853
spiral,shape,312,2,kmeans,"{""init"":""k-means++"",""n_clusters"":2,""n_init"":20}",4.0,False,,1,[0.014517542032990605],1,0.014517542032990605,0.0,2,2,0,-0.003382265606733334,0.0007639574464418131,0.3349057976867363,1.2178484055014913,168.92684613715466
spiral,shape,312,2,kmeans,"{""init"":""k-means++"",""n_clusters"":3,""n_init"":20}",4.0,False,,1,[0.02506224997341633],1,0.02506224997341633,0.0,3,3,0,-0.005731382978647008,0.0005979128127171079,0.36162860980249323,0.8734774442708373,237.87064078662561
spiral,shape,312,2,kmeans,"{""init"":""k-means++"",""n_clusters"":4,""n_init"":20}",4.0,False,,1,[0.019653875031508505],1,0.019653875031508505,0.0,4,4,0,-0.004959236511441666,0.002627525433628307,0.35351894495747505,0.8787744414939085,243.67314371774515
spiral,shape,312,2,kmeans,"{""init"":""k-means++"",""n_clusters"":5,""n_init"":20}",4.0,False,,1,[0.02169108297675848],1,0.02169108297675848,0.0,5,5,0,-0.003949572444738404,0.0049828590998522646,0.34402709790913516,0.9017833765606833,246.92267259075194
spiral,shape,312,2,kmeans,"{""init"":""k-means++"",""n_clusters"":6,""n_init"":20}",4.0,False,,1,[0.027311000041663647],1,0.027311000041663647,0.0,6,6,0,0.0051039157353964075,0.017620991024125256,0.3522500913191765,0.8715692098057075,257.56648209599086
spiral,shape,312,2,kmeans,"{""init"":""k-means++"",""n_clusters"":7,""n_init"":20}",4.0,False,,1,[0.02633929200237617],1,0.02633929200237617,0.0,7,7,0,0.03407159223487455,0.10117938922835668,0.3483077680536078,0.868531489106247,245.90053947685752
spiral,shape,312,2,kmeans,"{""init"":""k-means++"",""n_clusters"":8,""n_init"":20}",4.0,False,,1,[0.026746999996248633],1,0.026746999996248633,0.0,8,8,0,0.0685704452082005,0.1822599235389848,0.36170211801003227,0.8647687823185543,245.54633968376268
spiral,shape,312,2,kmeans,"{""init"":""k-means++"",""n_clusters"":9,""n_init"":20}",4.0,False,,1,[0.11212270898977295],1,0.11212270898977295,0.0,9,9,0,0.09641658954062082,0.2498148079576678,0.3763071940037895,0.8300968743983589,252.4727608896883
spiral,shape,312,2,kmeans,"{""init"":""k-means++"",""n_clusters"":10,""n_init"":20}",4.0,False,,1,[0.060388916986994445],1,0.060388916986994445,0.0,10,10,0,0.09025915894075244,0.2443591765775439,0.37496872698050093,0.823871887804898,253.2358115684771
spiral,shape,312,2,kmeans,"{""init"":""k-means++"",""n_clusters"":11,""n_init"":20}",4.0,False,,1,[0.05069970799377188],1,0.05069970799377188,0.0,11,11,0,0.10979222508964186,0.2819985000425235,0.37491243257050155,0.8145385226381314,259.4700337786749
spiral,shape,312,2,kmeans,"{""init"":""k-means++"",""n_clusters"":12,""n_init"":20}",4.0,False,,1,[0.051248208968900144],1,0.051248208968900144,0.0,12,12,0,0.09997679040052684,0.2704798048600422,0.3757810927609473,0.8014540622983134,265.3737904818073
iris,real,150,4,ward,"{""linkage"":""ward"",""n_clusters"":2}",,True,True,2,"[0.0006752909976057708, 0.0008012920152395964]",2,0.0007382915064226836,6.300050881691277e-05,2,2,0,0.5437515388376617,0.6924541904553437,0.5753869579723335,0.5963088291305927,237.82590430675975
iris,real,150,4,ward,"{""linkage"":""ward"",""n_clusters"":3}",,True,True,2,"[0.0004794580163434148, 0.0005168329807929695]",2,0.0004981454985681921,1.868748222477734e-05,3,3,0,0.6153229932145449,0.6754701853436886,0.44553956399200406,0.805940469032997,220.2604374375408
iris,real,150,4,ward,"{""linkage"":""ward"",""n_clusters"":4}",,True,True,2,"[0.00044654199155047536, 0.0007052499568089843]",2,0.0005758959741797298,0.00012935398262925446,4,4,0,0.5879411768926853,0.6634138658193796,0.3993263633623272,0.9810810481893735,198.73031473511566
iris,real,150,4,ward,"{""linkage"":""ward"",""n_clusters"":5}",,True,True,2,"[0.0004284589667804539, 0.000466959027107805]",2,0.00044770899694412947,1.9250030163675547e-05,5,5,0,0.4697020357152941,0.6159213130306189,0.35497024823527595,0.946528841366292,194.9615573160926
iris,real,150,4,ward,"{""linkage"":""ward"",""n_clusters"":6}",,True,True,2,"[0.00042100000428035855, 0.0005098749534226954]",2,0.000465437478851527,4.443747457116842e-05,6,6,0,0.45144158497835146,0.60629085549155,0.33715063585018973,0.9666536571771126,174.39154406826643
iris,real,150,4,ward,"{""linkage"":""ward"",""n_clusters"":7}",,True,True,2,"[0.00042070902418345213, 0.0004511249717324972]",2,0.00043591699795797467,1.5207973774522543e-05,7,7,0,0.4127824955173889,0.5834267621993257,0.33932929295608083,0.9509082024545413,164.1537565667794
iris,real,150,4,ward,"{""linkage"":""ward"",""n_clusters"":8}",,True,True,2,"[0.00041458301711827517, 0.0004972500028088689]",2,0.000455916509963572,4.133349284529686e-05,8,8,0,0.4005242655487206,0.5725159223133416,0.33975793858918524,0.8739250539501051,158.12190799279387
iris,real,150,4,ward,"{""linkage"":""ward"",""n_clusters"":9}",,True,True,2,"[0.00041558401426300406, 0.0004428329993970692]",2,0.00042920850683003664,1.3624492567032576e-05,9,9,0,0.40161207356265427,0.5606377164653231,0.34452464758135287,0.9288727544098985,157.36173307874097
iris,real,150,4,ward,"{""linkage"":""ward"",""n_clusters"":10}",,True,True,2,"[0.0004182919510640204, 0.0004929159767925739]",2,0.00045560396392829716,3.731201286427677e-05,10,10,0,0.30886543544139894,0.532076620337174,0.3270112884176204,0.9248786206204906,161.61044557566547
iris,real,150,4,ward,"{""linkage"":""ward"",""n_clusters"":11}",,True,True,2,"[0.00041699997382238507, 0.0004367079818621278]",2,0.0004268539778422564,9.854004019871354e-06,11,11,0,0.2757365127104876,0.5186761107465043,0.3101462167805624,0.9130666416142545,164.6975608030581
iris,real,150,4,ward,"{""linkage"":""ward"",""n_clusters"":12}",,True,True,2,"[0.0004123329999856651, 0.0004860830376856029]",2,0.000449208018835634,3.687501884996891e-05,12,12,0,0.2786658258847395,0.5244277123648823,0.3161923417272292,0.9811957218629995,164.22418427151067
iris,real,150,4,dbscan,"{""eps"":0.1,""min_samples"":3}",,True,True,2,"[0.0007620420074090362, 0.0007776669808663428]",2,0.0007698544941376895,7.812486728653312e-06,1,1,147,0.00109588140371449,0.03740984619206995,,,
iris,real,150,4,dbscan,"{""eps"":0.1,""min_samples"":5}",,True,True,2,"[0.0006400409620255232, 0.00065045797964558]",2,0.0006452494708355516,5.208508810028434e-06,0,0,150,0.0,0.0,,,
iris,real,150,4,dbscan,"{""eps"":0.1,""min_samples"":10}",,True,True,2,"[0.0006176249589771032, 0.0006393330404534936]",2,0.0006284789997152984,1.0854040738195181e-05,0,0,150,0.0,0.0,,,
iris,real,150,4,dbscan,"{""eps"":0.2,""min_samples"":3}",,True,True,2,"[0.0006134159630164504, 0.0006402080180123448]",2,0.0006268119905143976,1.3396027497947216e-05,5,5,132,0.035766788415197856,0.1799286648665518,0.4539065999147989,0.7348761247338472,62.448610938068775
iris,real,150,4,dbscan,"{""eps"":0.2,""min_samples"":5}",,True,True,2,"[0.0006027499912306666, 0.0006328329909592867]",2,0.0006177914910949767,1.5041499864310026e-05,0,0,150,0.0,0.0,,,
iris,real,150,4,dbscan,"{""eps"":0.2,""min_samples"":10}",,True,True,2,"[0.0006020000437274575, 0.0006387910107150674]",2,0.0006203955272212625,1.839548349380493e-05,0,0,150,0.0,0.0,,,
iris,real,150,4,dbscan,"{""eps"":0.3,""min_samples"":3}",,True,True,2,"[0.0006409999914467335, 0.0006698339711874723]",2,0.0006554169813171029,1.4416989870369434e-05,10,10,84,0.1724670147820768,0.40252878743419207,0.4099275632624032,0.7010162406671991,165.36069192890412
iris,real,150,4,dbscan,"{""eps"":0.3,""min_samples"":5}",,True,True,2,"[0.0006208749837242067, 0.0006491250242106616]",2,0.0006350000039674342,1.4125020243227482e-05,3,3,120,0.08759538435941186,0.27830655939065907,0.6367968540335708,0.4528999303405075,187.14879832017584
iris,real,150,4,dbscan,"{""eps"":0.3,""min_samples"":10}",,True,True,2,"[0.0006108750239945948, 0.0006364579894579947]",2,0.0006236665067262948,1.2791482731699944e-05,0,0,150,0.0,0.0,,,
iris,real,150,4,dbscan,"{""eps"":0.4,""min_samples"":3}",,True,True,2,"[0.0006512909894809127, 0.000679416989441961]",2,0.0006653539894614369,1.4062999980524182e-05,10,10,39,0.37199196679773633,0.49314139547555275,0.41768401058454846,0.7672376891016613,103.08153906904485
iris,real,150,4,dbscan,"{""eps"":0.4,""min_samples"":5}",,True,True,2,"[0.0006453330279327929, 0.0006563750212080777]",2,0.0006508540245704353,5.5209966376423836e-06,6,6,66,0.36550715288152474,0.5193243715808095,0.48526123671908233,0.7873848846967074,141.9764407824195
iris,real,150,4,dbscan,"{""eps"":0.4,""min_samples"":10}",,True,True,2,"[0.0006287919823080301, 0.0006464580073952675]",2,0.0006376249948516488,8.833012543618679e-06,2,2,118,0.16163716294977953,0.34066261814894444,0.5302845050216803,0.6826598150943096,55.37074036689234
iris,real,150,4,dbscan,"{""eps"":0.5,""min_samples"":3}",,True,True,2,"[0.0006764170248061419, 0.0006907919887453318]",2,0.0006836045067757368,7.1874819695949554e-06,7,7,18,0.4412628636664649,0.5092347555827763,0.25571583912281837,0.7065495430162477,77.10232219403164
iris,real,150,4,dbscan,"{""eps"":0.5,""min_samples"":5}",,True,True,2,"[0.0006687089917249978, 0.0006886250339448452]",2,0.0006786670128349215,9.95802110992372e-06,2,2,35,0.4282634768714612,0.49964128602385205,0.6531989922140499,0.4989837582071445,332.15978252218497
iris,real,150,4,dbscan,"{""eps"":0.5,""min_samples"":10}",,True,True,2,"[0.0006567909731529653, 0.0006707920110784471]",2,0.0006637914921157062,7.000518962740898e-06,3,3,89,0.27919050283369684,0.4652293065595071,0.7096355953272914,0.37662739250330507,269.2567129304825
iris,real,150,4,dbscan,"{""eps"":0.6,""min_samples"":3}",,True,True,2,"[0.0006914170226082206, 0.0007059999625198543]",2,0.0006987084925640374,7.291469955816865e-06,4,4,9,0.5238576155196973,0.6048016785230341,0.34494602219660425,0.6647076330599092,117.22103481812596
iris,real,150,4,dbscan,"{""eps"":0.6,""min_samples"":5}",,True,True,2,"[0.0006737919757142663, 0.0007696250104345381]",2,0.0007217084930744022,4.791651736013591e-05,2,2,26,0.4706267335681117,0.5407961567255838,0.6405002985705055,0.5156104220514194,327.55808714971243
iris,real,150,4,dbscan,"{""eps"":0.6,""min_samples"":10}",,True,True,2,"[0.0006656249752268195, 0.0006850409554317594]",2,0.0006753329653292894,9.707990102469921e-06,2,2,35,0.4427182915876659,0.5114275610192268,0.6481954589482648,0.5069696796570047,321.26499916859484
iris,real,150,4,dbscan,"{""eps"":0.7,""min_samples"":3}",,True,True,2,"[0.0006922080065123737, 0.000711583998054266]",2,0.0007018960022833198,9.687995770946145e-06,2,2,6,0.5464223216603212,0.66438908517785,0.6034547527923034,0.5638623856616407,287.30602768644667
iris,real,150,4,dbscan,"{""eps"":0.7,""min_samples"":5}",,True,True,2,"[0.0010148329893127084, 0.0007115409825928509]",2,0.0008631869859527797,0.00015164600335992873,2,2,8,0.5322260962659684,0.6368135542138186,0.6103881399976636,0.5483143932859225,297.92655878960323
iris,real,150,4,dbscan,"{""eps"":0.7,""min_samples"":10}",,True,True,2,"[0.0006996659794822335, 0.0007004580111242831]",2,0.0007000619953032583,3.960158210247755e-07,2,2,20,0.49439085742204647,0.5695184394082807,0.6276104406246582,0.5307785794735752,311.4934365078617
iris,real,150,4,dbscan,"{""eps"":0.8,""min_samples"":3}",,True,True,2,"[0.0007099169888533652, 0.0007383330375887454]",2,0.0007241250132210553,1.4208024367690086e-05,2,2,4,0.5517553852833211,0.6899788289414182,0.5963181718081865,0.5733858063691407,274.6881947959128
iris,real,150,4,dbscan,"{""eps"":0.8,""min_samples"":5}",,True,True,2,"[0.0006975419819355011, 0.0007171669858507812]",2,0.0007073544838931412,9.812501957640052e-06,2,2,4,0.5517553852833211,0.6899788289414182,0.5963181718081865,0.5733858063691407,274.6881947959128
iris,real,150,4,dbscan,"{""eps"":0.8,""min_samples"":10}",,True,True,2,"[0.0006872089579701424, 0.000719958043191582]",2,0.0007035835005808622,1.63745426107198e-05,2,2,8,0.5343817363753418,0.6450374556153707,0.6066619846321996,0.5567968259539697,289.75244444480404
iris,real,150,4,dbscan,"{""eps"":0.9,""min_samples"":3}",,True,True,2,"[0.0007118330104276538, 0.0007317499839700758]",2,0.0007217914971988648,9.958486771211028e-06,2,2,4,0.5517553852833211,0.6899788289414182,0.5963181718081865,0.5733858063691407,274.6881947959128
iris,real,150,4,dbscan,"{""eps"":0.9,""min_samples"":5}",,True,True,2,"[0.0007064579986035824, 0.0007295829709619284]",2,0.0007180204847827554,1.1562486179172993e-05,2,2,4,0.5517553852833211,0.6899788289414182,0.5963181718081865,0.5733858063691407,274.6881947959128
iris,real,150,4,dbscan,"{""eps"":0.9,""min_samples"":10}",,True,True,2,"[0.0006965409847907722, 0.0007267079781740904]",2,0.0007116244814824313,1.5083496691659093e-05,2,2,8,0.5343817363753418,0.6450374556153707,0.6066619846321996,0.5567968259539697,289.75244444480404
iris,real,150,4,dbscan,"{""eps"":1.0,""min_samples"":3}",,True,True,2,"[0.0007276249816641212, 0.0007392499828711152]",2,0.0007334374822676182,5.812500603497028e-06,2,2,1,0.5583714437541352,0.7201176036115982,0.585127480924496,0.584538002804103,254.19991284760826
iris,real,150,4,dbscan,"{""eps"":1.0,""min_samples"":5}",,True,True,2,"[0.0007177090155892074, 0.0007376670255325735]",2,0.0007276880205608904,9.979004971683025e-06,2,2,3,0.5535820784912958,0.695615950501928,0.5935615982845575,0.5759350471303453,270.3117853996517
iris,real,150,4,dbscan,"{""eps"":1.0,""min_samples"":10}",,True,True,2,"[0.0007067500264383852, 0.0007316659903153777]",2,0.0007192080083768815,1.2457981938496232e-05,2,2,4,0.5503452567273898,0.6758629348322922,0.5983562430293364,0.5695509541400582,279.5748872623458
iris,real,150,4,dbscan,"{""eps"":1.1,""min_samples"":3}",,True,True,2,"[0.0007336660055443645, 0.0007548750145360827]",2,0.0007442705100402236,1.0604504495859146e-05,2,2,1,0.5583714437541352,0.7201176036115982,0.585127480924496,0.584538002804103,254.19991284760826
iris,real,150,4,dbscan,"{""eps"":1.1,""min_samples"":5}",,True,True,2,"[0.0007258339901454747, 0.0007431249832734466]",2,0.0007344794867094606,8.645496563985944e-06,2,2,2,0.5557898627256279,0.7037444914258155,0.5893665096047187,0.5801239941842823,262.03800787565365
iris,real,150,4,dbscan,"{""eps"":1.1,""min_samples"":10}",,True,True,2,"[0.0007174169877544045, 0.0007505829562433064]",2,0.0007339999719988555,1.6582984244450927e-05,2,2,3,0.5535820784912958,0.695615950501928,0.5935615982845575,0.5759350471303453,270.3117853996517
iris,real,150,4,dbscan,"{""eps"":1.2,""min_samples"":3}",,True,True,2,"[0.0007345829508267343, 0.0007602080004289746]",2,0.0007473954756278545,1.2812524801120162e-05,2,2,1,0.5583714437541352,0.7201176036115982,0.585127480924496,0.584538002804103,254.19991284760826
iris,real,150,4,dbscan,"{""eps"":1.2,""min_samples"":5}",,True,True,2,"[0.0007398330490104854, 0.000748208025470376]",2,0.0007440205372404307,4.187488229945302e-06,2,2,1,0.5583714437541352,0.7201176036115982,0.585127480924496,0.584538002804103,254.19991284760826
iris,real,150,4,dbscan,"{""eps"":1.2,""min_samples"":10}",,True,True,2,"[0.000735500012524426, 0.0007475409656763077]",2,0.0007415204891003668,6.020476575940847e-06,2,2,3,0.5535820784912958,0.695615950501928,0.5935615982845575,0.5759350471303453,270.3117853996517
iris,real,150,4,classix,"{""engine"":""classix"",""group_merging"":""distance"",""minPts"":1,""radius"":0.1}",,True,True,2,"[0.0035100840032100677, 0.003376874956302345]",2,0.0034434794797562063,6.660452345386147e-05,93,93,0,0.06112414493613426,0.410984086274665,0.14635327446942928,0.37277353998760937,115.31343732900942
iris,real,150,4,classix,"{""engine"":""classix"",""group_merging"":""density"",""minPts"":1,""radius"":0.1}",,True,True,2,"[0.00649883400183171, 0.006543082999996841]",2,0.006520958500914276,2.2124499082565308e-05,128,128,0,0.012016210960969161,0.3742363381928435,0.11679775660434122,0.17146383572617208,332.9797517030491
iris,real,150,4,classix,"{""engine"":""classix"",""group_merging"":""distance"",""minPts"":5,""radius"":0.1}",,True,True,2,"[0.004622375010512769, 0.00474608299555257]",2,0.004684229003032669,6.18539925199002e-05,6,6,0,0.40749704813908355,0.5421965961954897,0.2444397138074542,1.2155602874950204,144.62438959589392
iris,real,150,4,classix,"{""engine"":""classix"",""group_merging"":""density"",""minPts"":5,""radius"":0.1}",,True,True,2,"[0.006464499980211258, 0.006400959042366594]",2,0.006432729511288926,3.177046892233193e-05,128,128,0,0.012016210960969161,0.3742363381928435,0.11679775660434122,0.17146383572617208,332.9797517030491
iris,real,150,4,classix,"{""engine"":""classix"",""group_merging"":""distance"",""minPts"":10,""radius"":0.1}",,True,True,2,"[0.004970209032762796, 0.004895625053904951]",2,0.004932917043333873,3.7291989428922534e-05,1,1,0,0.0,0.0,,,
iris,real,150,4,classix,"{""engine"":""classix"",""group_merging"":""density"",""minPts"":10,""radius"":0.1}",,True,True,2,"[0.00631583301583305, 0.006475957983639091]",2,0.006395895499736071,8.006248390302062e-05,128,128,0,0.012016210960969161,0.3742363381928435,0.11679775660434122,0.17146383572617208,332.9797517030491
iris,real,150,4,classix,"{""engine"":""classix"",""group_merging"":""distance"",""minPts"":1,""radius"":0.2}",,True,True,2,"[0.0020901670213788748, 0.002189124992582947]",2,0.002139646006980911,4.947898560203612e-05,17,17,0,0.4805403112489727,0.5815039317849512,0.07708642800816418,0.6342566924931965,33.76400622930732
iris,real,150,4,classix,"{""engine"":""classix"",""group_merging"":""density"",""minPts"":1,""radius"":0.2}",,True,True,2,"[0.008238375012297183, 0.008299666980747133]",2,0.008269020996522158,3.064598422497511e-05,55,55,0,0.29252626660796843,0.4843931116784101,0.07925775851127964,0.5325865216245509,44.75679332167053
iris,real,150,4,classix,"{""engine"":""classix"",""group_merging"":""distance"",""minPts"":5,""radius"":0.2}",,True,True,2,"[0.002343874948564917, 0.0024187910021282732]",2,0.002381332975346595,3.74580267816782e-05,2,2,0,0.5681159420289855,0.7336804366512104,0.580184463257396,0.5975546650809878,248.90342786485118
iris,real,150,4,classix,"{""engine"":""classix"",""group_merging"":""density"",""minPts"":5,""radius"":0.2}",,True,True,2,"[0.008772500033956021, 0.00880933302687481]",2,0.008790916530415416,1.8416496459394693e-05,6,6,0,0.5978964511505344,0.6548463353892309,0.3450484298690507,1.0998612756629453,135.42740801750693
iris,real,150,4,classix,"{""engine"":""classix"",""group_merging"":""distance"",""minPts"":10,""radius"":0.2}",,True,True,2,"[0.0023162919678725302, 0.002394665963947773]",2,0.0023554789659101516,3.918699803762138e-05,2,2,0,0.5681159420289855,0.7336804366512104,0.580184463257396,0.5975546650809878,248.90342786485118
iris,real,150,4,classix,"{""engine"":""classix"",""group_merging"":""density"",""minPts"":10,""radius"":0.2}",,True,True,2,"[0.008796874957624823, 0.008878749969881028]",2,0.008837812463752925,4.093750612810254e-05,2,2,0,0.5681159420289855,0.7336804366512104,0.580184463257396,0.5975546650809878,248.90342786485118
iris,real,150,4,classix,"{""engine"":""classix"",""group_merging"":""distance"",""minPts"":1,""radius"":0.3}",,True,True,2,"[0.0013135839835740626, 0.0013426250079646707]",2,0.0013281044957693666,1.4520512195304036e-05,9,9,0,0.528866270229472,0.6520032728056797,0.18498059261769428,0.4410678348181055,49.46023179982928
iris,real,150,4,classix,"{""engine"":""classix"",""group_merging"":""density"",""minPts"":1,""radius"":0.3}",,True,True,2,"[0.00506216601934284, 0.005055290996097028]",2,0.005058728507719934,3.437511622905731e-06,14,14,0,0.47369463212853563,0.5832104215756859,0.0655600056808354,0.5837469518077256,37.49896609664503
iris,real,150,4,classix,"{""engine"":""classix"",""group_merging"":""distance"",""minPts"":5,""radius"":0.3}",,True,True,2,"[0.001389875018503517, 0.0014398330240510404]",2,0.0014148540212772787,2.497900277376175e-05,2,2,0,0.5681159420289855,0.7336804366512104,0.580184463257396,0.5975546650809878,248.90342786485118
iris,real,150,4,classix,"{""engine"":""classix"",""group_merging"":""density"",""minPts"":5,""radius"":0.3}",,True,True,2,"[0.005216999968979508, 0.005360957991797477]",2,0.005288978980388492,7.197901140898466e-05,2,2,0,0.5681159420289855,0.7336804366512104,0.580184463257396,0.5975546650809878,248.90342786485118
iris,real,150,4,classix,"{""engine"":""classix"",""group_merging"":""distance"",""minPts"":10,""radius"":0.3}",,True,True,2,"[0.0013932500150986016, 0.0014330829726532102]",2,0.0014131664938759059,1.9916478777304292e-05,2,2,0,0.5681159420289855,0.7336804366512104,0.580184463257396,0.5975546650809878,248.90342786485118
iris,real,150,4,classix,"{""engine"":""classix"",""group_merging"":""density"",""minPts"":10,""radius"":0.3}",,True,True,2,"[0.0061445829924196005, 0.005279583972878754]",2,0.005712083482649177,0.0004324995097704232,2,2,0,0.5681159420289855,0.7336804366512104,0.580184463257396,0.5975546650809878,248.90342786485118
iris,real,150,4,classix,"{""engine"":""classix"",""group_merging"":""distance"",""minPts"":1,""radius"":0.4}",,True,True,2,"[0.001452249998692423, 0.0010161249665543437]",2,0.0012341874826233834,0.0002180625160690397,4,4,0,0.5522031331345544,0.7005538698980611,0.4056835774781981,0.5046141503442914,103.26154420711799
iris,real,150,4,classix,"{""engine"":""classix"",""group_merging"":""density"",""minPts"":1,""radius"":0.4}",,True,True,2,"[0.004750082967802882, 0.0033338749781250954]",2,0.004041978972963989,0.0007081039948388934,5,5,0,0.551796444741071,0.6957856821968479,0.34137147587698924,0.46785233503008194,77.34312567436547
iris,real,150,4,classix,"{""engine"":""classix"",""group_merging"":""distance"",""minPts"":5,""radius"":0.4}",,True,True,2,"[0.0013523329980671406, 0.0010610829922370613]",2,0.001206707995152101,0.00014562500291503966,2,2,0,0.5437515388376617,0.6924541904553437,0.5753869579723335,0.5963088291305927,237.82590430675975
iris,real,150,4,classix,"{""engine"":""classix"",""group_merging"":""density"",""minPts"":5,""radius"":0.4}",,True,True,2,"[0.0034310410264879465, 0.0034044170170091093]",2,0.003417729021748528,1.3312004739418626e-05,2,2,0,0.5437515388376617,0.6924541904553437,0.5753869579723335,0.5963088291305927,237.82590430675975
iris,real,150,4,classix,"{""engine"":""classix"",""group_merging"":""distance"",""minPts"":10,""radius"":0.4}",,True,True,2,"[0.0010127080022357404, 0.0010534999892115593]",2,0.0010331039957236499,2.0395993487909436e-05,2,2,0,0.5437515388376617,0.6924541904553437,0.5753869579723335,0.5963088291305927,237.82590430675975
iris,real,150,4,classix,"{""engine"":""classix"",""group_merging"":""density"",""minPts"":10,""radius"":0.4}",,True,True,2,"[0.0033681250060908496, 0.003394583996850997]",2,0.0033813545014709234,1.3229495380073786e-05,2,2,0,0.5437515388376617,0.6924541904553437,0.5753869579723335,0.5963088291305927,237.82590430675975
iris,real,150,4,classix,"{""engine"":""classix"",""group_merging"":""distance"",""minPts"":1,""radius"":0.5}",,True,True,2,"[0.0007682910072617233, 0.0008383750100620091]",2,0.0008033330086618662,3.504200140014291e-05,3,3,0,0.5583714437541352,0.7201176036115982,0.5028765952374756,0.4960794386028609,130.1909884723888
iris,real,150,4,classix,"{""engine"":""classix"",""group_merging"":""density"",""minPts"":1,""radius"":0.5}",,True,True,2,"[0.0024579170276410878, 0.002524124982301146]",2,0.0024910210049711168,3.310397733002901e-05,3,3,0,0.5583714437541352,0.7201176036115982,0.5028765952374756,0.4960794386028609,130.1909884723888
iris,real,150,4,classix,"{""engine"":""classix"",""group_merging"":""distance"",""minPts"":5,""radius"":0.5}",,True,True,2,"[0.0007963330135680735, 0.0008612080127932131]",2,0.0008287705131806433,3.243749961256981e-05,2,2,0,0.5437515388376617,0.6924541904553437,0.5753869579723335,0.5963088291305927,237.82590430675975
iris,real,150,4,classix,"{""engine"":""classix"",""group_merging"":""density"",""minPts"":5,""radius"":0.5}",,True,True,2,"[0.00248233403544873, 0.0025374169927090406]",2,0.0025098755140788853,2.7541478630155325e-05,2,2,0,0.5437515388376617,0.6924541904553437,0.5753869579723335,0.5963088291305927,237.82590430675975
iris,real,150,4,classix,"{""engine"":""classix"",""group_merging"":""distance"",""minPts"":10,""radius"":0.5}",,True,True,2,"[0.0007921659853309393, 0.0008508339524269104]",2,0.0008214999688789248,2.9333983547985554e-05,2,2,0,0.5437515388376617,0.6924541904553437,0.5753869579723335,0.5963088291305927,237.82590430675975
iris,real,150,4,classix,"{""engine"":""classix"",""group_merging"":""density"",""minPts"":10,""radius"":0.5}",,True,True,2,"[0.002459250041283667, 0.0025244579883292317]",2,0.0024918540148064494,3.2603973522782326e-05,2,2,0,0.5437515388376617,0.6924541904553437,0.5753869579723335,0.5963088291305927,237.82590430675975
iris,real,150,4,classix,"{""engine"":""classix"",""group_merging"":""distance"",""minPts"":1,""radius"":0.6}",,True,True,2,"[0.0006188339903019369, 0.0006749579915776849]",2,0.0006468959909398109,2.8062000637874007e-05,1,1,0,0.0,0.0,,,
iris,real,150,4,classix,"{""engine"":""classix"",""group_merging"":""density"",""minPts"":1,""radius"":0.6}",,True,True,2,"[0.001695500046480447, 0.00177425000583753]",2,0.0017348750261589885,3.937497967854142e-05,3,3,0,0.5583714437541352,0.7201176036115982,0.5028765952374756,0.4960794386028609,130.1909884723888
iris,real,150,4,classix,"{""engine"":""classix"",""group_merging"":""distance"",""minPts"":5,""radius"":0.6}",,True,True,2,"[0.0006044170004315674, 0.0006773339700885117]",2,0.0006408754852600396,3.645848482847214e-05,1,1,0,0.0,0.0,,,
iris,real,150,4,classix,"{""engine"":""classix"",""group_merging"":""density"",""minPts"":5,""radius"":0.6}",,True,True,2,"[0.001733125012833625, 0.0018217499600723386]",2,0.0017774374864529818,4.431247361935675e-05,2,2,0,0.5437515388376617,0.6924541904553437,0.5753869579723335,0.5963088291305927,237.82590430675975
iris,real,150,4,classix,"{""engine"":""classix"",""group_merging"":""distance"",""minPts"":10,""radius"":0.6}",,True,True,2,"[0.0006107089575380087, 0.0006722089601680636]",2,0.0006414589588530362,3.0750001315027475e-05,1,1,0,0.0,0.0,,,
iris,real,150,4,classix,"{""engine"":""classix"",""group_merging"":""density"",""minPts"":10,""radius"":0.6}",,True,True,2,"[0.0017384159727953374, 0.0017933329800143838]",2,0.0017658744764048606,2.7458503609523177e-05,2,2,0,0.5437515388376617,0.6924541904553437,0.5753869579723335,0.5963088291305927,237.82590430675975
iris,real,150,4,classix,"{""engine"":""classix"",""group_merging"":""distance"",""minPts"":1,""radius"":0.7}",,True,True,2,"[0.0005966669996269047, 0.0006510840030387044]",2,0.0006238755013328046,2.7208501705899835e-05,2,2,0,0.00036284338590934,0.025361523270382092,0.31383920632651974,0.5691291107915095,6.539057106045751
iris,real,150,4,classix,"{""engine"":""classix"",""group_merging"":""density"",""minPts"":1,""radius"":0.7}",,True,True,2,"[0.0016122090164572, 0.0016655420185998082]",2,0.0016388755175285041,2.6666501071304083e-05,3,3,0,0.5583714437541352,0.7201176036115982,0.5028765952374756,0.4960794386028609,130.1909884723888
iris,real,150,4,classix,"{""engine"":""classix"",""group_merging"":""distance"",""minPts"":5,""radius"":0.7}",,True,True,2,"[0.0006189160048961639, 0.000676124996971339]",2,0.0006475205009337515,2.8604496037587523e-05,1,1,0,0.0,0.0,,,
iris,real,150,4,classix,"{""engine"":""classix"",""group_merging"":""density"",""minPts"":5,""radius"":0.7}",,True,True,2,"[0.0016570829902775586, 0.001702709007076919]",2,0.0016798959986772388,2.2813008399680257e-05,2,2,0,0.5437515388376617,0.6924541904553437,0.5753869579723335,0.5963088291305927,237.82590430675975
iris,real,150,4,classix,"{""engine"":""classix"",""group_merging"":""distance"",""minPts"":10,""radius"":0.7}",,True,True,2,"[0.00061570800608024, 0.0006715410272590816]",2,0.0006436245166696608,2.7916510589420795e-05,1,1,0,0.0,0.0,,,
iris,real,150,4,classix,"{""engine"":""classix"",""group_merging"":""density"",""minPts"":10,""radius"":0.7}",,True,True,2,"[0.0016448749811388552, 0.0017266669892705977]",2,0.0016857709852047265,4.089600406587124e-05,2,2,0,0.5437515388376617,0.6924541904553437,0.5753869579723335,0.5963088291305927,237.82590430675975
iris,real,150,4,classix,"{""engine"":""classix"",""group_merging"":""distance"",""minPts"":1,""radius"":0.8}",,True,True,2,"[0.0005077499663457274, 0.0005720829940401018]",2,0.0005399164801929146,3.216651384718716e-05,1,1,0,0.0,0.0,,,
iris,real,150,4,classix,"{""engine"":""classix"",""group_merging"":""density"",""minPts"":1,""radius"":0.8}",,True,True,2,"[0.0014958750107325613, 0.0011371250147931278]",2,0.0013165000127628446,0.0001793749979697168,2,2,0,0.5681159420289855,0.7336804366512104,0.580184463257396,0.5975546650809878,248.90342786485118
iris,real,150,4,classix,"{""engine"":""classix"",""group_merging"":""distance"",""minPts"":5,""radius"":0.8}",,True,True,2,"[0.0005177499842830002, 0.0005722919595427811]",2,0.0005450209719128907,2.7270987629890442e-05,1,1,0,0.0,0.0,,,
iris,real,150,4,classix,"{""engine"":""classix"",""group_merging"":""density"",""minPts"":5,""radius"":0.8}",,True,True,2,"[0.0010860830079764128, 0.001135124999564141]",2,0.001110604003770277,2.452099579386413e-05,2,2,0,0.5681159420289855,0.7336804366512104,0.580184463257396,0.5975546650809878,248.90342786485118
iris,real,150,4,classix,"{""engine"":""classix"",""group_merging"":""distance"",""minPts"":10,""radius"":0.8}",,True,True,2,"[0.0005154160317033529, 0.0005675410502590239]",2,0.0005414785409811884,2.606250927783549e-05,1,1,0,0.0,0.0,,,
iris,real,150,4,classix,"{""engine"":""classix"",""group_merging"":""density"",""minPts"":10,""radius"":0.8}",,True,True,2,"[0.0010709590278565884, 0.0011428750003688037]",2,0.001106917014112696,3.595798625610769e-05,2,2,0,0.5681159420289855,0.7336804366512104,0.580184463257396,0.5975546650809878,248.90342786485118
iris,real,150,4,classix,"{""engine"":""classix"",""group_merging"":""distance"",""minPts"":1,""radius"":0.9}",,True,True,2,"[0.00048654095735400915, 0.0005573329981416464]",2,0.0005219369777478278,3.539602039381862e-05,2,2,0,0.5437515388376617,0.6924541904553437,0.5753869579723335,0.5963088291305927,237.82590430675975
iris,real,150,4,classix,"{""engine"":""classix"",""group_merging"":""density"",""minPts"":1,""radius"":0.9}",,True,True,2,"[0.0009436249965801835, 0.0010147499851882458]",2,0.0009791874908842146,3.5562494304031134e-05,1,1,0,0.0,0.0,,,
iris,real,150,4,classix,"{""engine"":""classix"",""group_merging"":""distance"",""minPts"":5,""radius"":0.9}",,True,True,2,"[0.0004889169940724969, 0.0005478330422192812]",2,0.000518375018145889,2.9458024073392153e-05,2,2,0,0.5437515388376617,0.6924541904553437,0.5753869579723335,0.5963088291305927,237.82590430675975
iris,real,150,4,classix,"{""engine"":""classix"",""group_merging"":""density"",""minPts"":5,""radius"":0.9}",,True,True,2,"[0.0009445420000702143, 0.0010111249866895378]",2,0.000977833493379876,3.3291493309661746e-05,1,1,0,0.0,0.0,,,
iris,real,150,4,classix,"{""engine"":""classix"",""group_merging"":""distance"",""minPts"":10,""radius"":0.9}",,True,True,2,"[0.0004837909946218133, 0.0005487909656949341]",2,0.0005162909801583737,3.2499985536560416e-05,2,2,0,0.5437515388376617,0.6924541904553437,0.5753869579723335,0.5963088291305927,237.82590430675975
iris,real,150,4,classix,"{""engine"":""classix"",""group_merging"":""density"",""minPts"":10,""radius"":0.9}",,True,True,2,"[0.0009445830364711583, 0.001005917030852288]",2,0.0009752500336617231,3.066699719056487e-05,1,1,0,0.0,0.0,,,
iris,real,150,4,classix,"{""engine"":""classix"",""group_merging"":""distance"",""minPts"":1,""radius"":1.0}",,True,True,2,"[0.00044766697101294994, 0.0005069999606348574]",2,0.0004773334658239037,2.9666494810953736e-05,2,2,0,0.5437515388376617,0.6924541904553437,0.5753869579723335,0.5963088291305927,237.82590430675975
iris,real,150,4,classix,"{""engine"":""classix"",""group_merging"":""density"",""minPts"":1,""radius"":1.0}",,True,True,2,"[0.0007977079949341714, 0.0008637080318294466]",2,0.000830708013381809,3.300001844763756e-05,1,1,0,0.0,0.0,,,
iris,real,150,4,classix,"{""engine"":""classix"",""group_merging"":""distance"",""minPts"":5,""radius"":1.0}",,True,True,2,"[0.00044241698924452066, 0.0005132090300321579]",2,0.0004778130096383393,3.539602039381862e-05,2,2,0,0.5437515388376617,0.6924541904553437,0.5753869579723335,0.5963088291305927,237.82590430675975
iris,real,150,4,classix,"{""engine"":""classix"",""group_merging"":""density"",""minPts"":5,""radius"":1.0}",,True,True,2,"[0.0007949580322019756, 0.0008760420023463666]",2,0.0008355000172741711,4.054198507219553e-05,1,1,0,0.0,0.0,,,
iris,real,150,4,classix,"{""engine"":""classix"",""group_merging"":""distance"",""minPts"":10,""radius"":1.0}",,True,True,2,"[0.00044354202691465616, 0.0005089999758638442]",2,0.00047627100138925016,3.2728974474594e-05,2,2,0,0.5437515388376617,0.6924541904553437,0.5753869579723335,0.5963088291305927,237.82590430675975
iris,real,150,4,classix,"{""engine"":""classix"",""group_merging"":""density"",""minPts"":10,""radius"":1.0}",,True,True,2,"[0.0007906669634394348, 0.0008713339921087027]",2,0.0008310004777740687,4.0333514334633946e-05,1,1,0,0.0,0.0,,,
iris,real,150,4,classix,"{""engine"":""classix"",""group_merging"":""distance"",""minPts"":1,""radius"":1.1}",,True,True,2,"[0.0004392499686218798, 0.0005106250173412263]",2,0.0004749374929815531,3.568752435967326e-05,1,1,0,0.0,0.0,,,
iris,real,150,4,classix,"{""engine"":""classix"",""group_merging"":""density"",""minPts"":1,""radius"":1.1}",,True,True,2,"[0.0007663330179639161, 0.0008517089881934226]",2,0.0008090210030786693,4.2687985114753246e-05,1,1,0,0.0,0.0,,,
iris,real,150,4,classix,"{""engine"":""classix"",""group_merging"":""distance"",""minPts"":5,""radius"":1.1}",,True,True,2,"[0.00043750001350417733, 0.0005019999807700515]",2,0.0004697499971371144,3.2249983632937074e-05,1,1,0,0.0,0.0,,,
iris,real,150,4,classix,"{""engine"":""classix"",""group_merging"":""density"",""minPts"":5,""radius"":1.1}",,True,True,2,"[0.0007666670135222375, 0.0008388339774683118]",2,0.0008027504954952747,3.6083481973037124e-05,1,1,0,0.0,0.0,,,
iris,real,150,4,classix,"{""engine"":""classix"",""group_merging"":""distance"",""minPts"":10,""radius"":1.1}",,True,True,2,"[0.0004337090067565441, 0.0004974170005880296]",2,0.00046556300367228687,3.1853996915742755e-05,1,1,0,0.0,0.0,,,
iris,real,150,4,classix,"{""engine"":""classix"",""group_merging"":""density"",""minPts"":10,""radius"":1.1}",,True,True,2,"[0.0007703329902142286, 0.0008406669949181378]",2,0.0008054999925661832,3.516700235195458e-05,1,1,0,0.0,0.0,,,
iris,real,150,4,classix,"{""engine"":""classix"",""group_merging"":""distance"",""minPts"":1,""radius"":1.2}",,True,True,2,"[0.00039712502621114254, 0.00046183401718735695]",2,0.00042947952169924974,3.2354495488107204e-05,1,1,0,0.0,0.0,,,
iris,real,150,4,classix,"{""engine"":""classix"",""group_merging"":""density"",""minPts"":1,""radius"":1.2}",,True,True,2,"[0.0006159160402603447, 0.0006793339853174984]",2,0.0006476250127889216,3.170897252857685e-05,1,1,0,0.0,0.0,,,
iris,real,150,4,classix,"{""engine"":""classix"",""group_merging"":""distance"",""minPts"":5,""radius"":1.2}",,True,True,2,"[0.0004028750117868185, 0.0004652499919757247]",2,0.0004340625018812716,3.1187490094453096e-05,1,1,0,0.0,0.0,,,
iris,real,150,4,classix,"{""engine"":""classix"",""group_merging"":""density"",""minPts"":5,""radius"":1.2}",,True,True,2,"[0.0006122500053606927, 0.0006857080152258277]",2,0.0006489790102932602,3.672900493256748e-05,1,1,0,0.0,0.0,,,
iris,real,150,4,classix,"{""engine"":""classix"",""group_merging"":""distance"",""minPts"":10,""radius"":1.2}",,True,True,2,"[0.0003958329907618463, 0.00046624999959021807]",2,0.0004310414951760322,3.520850441418588e-05,1,1,0,0.0,0.0,,,
iris,real,150,4,classix,"{""engine"":""classix"",""group_merging"":""density"",""minPts"":10,""radius"":1.2}",,True,True,2,"[0.0006159160402603447, 0.0006812499486841261]",2,0.0006485829944722354,3.26669542118907e-05,1,1,0,0.0,0.0,,,
iris,real,150,4,classix,"{""engine"":""classix"",""group_merging"":""distance"",""minPts"":1,""radius"":1.3}",,True,True,2,"[0.00038120802491903305, 0.00043308298336341977]",2,0.0004071455041412264,2.593747922219336e-05,1,1,0,0.0,0.0,,,
iris,real,150,4,classix,"{""engine"":""classix"",""group_merging"":""density"",""minPts"":1,""radius"":1.3}",,True,True,2,"[0.0005133340018801391, 0.0005779999773949385]",2,0.0005456669896375388,3.233298775739968e-05,1,1,0,0.0,0.0,,,
iris,real,150,4,classix,"{""engine"":""classix"",""group_merging"":""distance"",""minPts"":5,""radius"":1.3}",,True,True,2,"[0.0003773749922402203, 0.00043816695688292384]",2,0.0004077709745615721,3.0395982321351767e-05,1,1,0,0.0,0.0,,,
iris,real,150,4,classix,"{""engine"":""classix"",""group_merging"":""density"",""minPts"":5,""radius"":1.3}",,True,True,2,"[0.0005107920151203871, 0.0005799590144306421]",2,0.0005453755147755146,3.4583499655127525e-05,1,1,0,0.0,0.0,,,
iris,real,150,4,classix,"{""engine"":""classix"",""group_merging"":""distance"",""minPts"":10,""radius"":1.3}",,True,True,2,"[0.0003773330245167017, 0.00043745903531089425]",2,0.000407396029913798,3.0063005397096276e-05,1,1,0,0.0,0.0,,,
iris,real,150,4,classix,"{""engine"":""classix"",""group_merging"":""density"",""minPts"":10,""radius"":1.3}",,True,True,2,"[0.0005101250135339797, 0.0005725829978473485]",2,0.000541354005690664,3.12289921566844e-05,1,1,0,0.0,0.0,,,
iris,real,150,4,classix,"{""engine"":""classix"",""group_merging"":""distance"",""minPts"":1,""radius"":1.4}",,True,True,2,"[0.0003753750352188945, 0.0004360000020824373]",2,0.0004056875186506659,3.0312483431771398e-05,1,1,0,0.0,0.0,,,
iris,real,150,4,classix,"{""engine"":""classix"",""group_merging"":""density"",""minPts"":1,""radius"":1.4}",,True,True,2,"[0.000538207998033613, 0.0006023329915478826]",2,0.0005702704947907478,3.2062496757134795e-05,1,1,0,0.0,0.0,,,
iris,real,150,4,classix,"{""engine"":""classix"",""group_merging"":""distance"",""minPts"":5,""radius"":1.4}",,True,True,2,"[0.00037762499414384365, 0.0004347920184955001]",2,0.00040620850631967187,2.858351217582822e-05,1,1,0,0.0,0.0,,,
iris,real,150,4,classix,"{""engine"":""classix"",""group_merging"":""density"",""minPts"":5,""radius"":1.4}",,True,True,2,"[0.0005351250292733312, 0.0005938750109635293]",2,0.0005645000201184303,2.937499084509909e-05,1,1,0,0.0,0.0,,,
iris,real,150,4,classix,"{""engine"":""classix"",""group_merging"":""distance"",""minPts"":10,""radius"":1.4}",,True,True,2,"[0.0003786659799516201, 0.00042891601333394647]",2,0.0004037909966427833,2.5125016691163182e-05,1,1,0,0.0,0.0,,,
iris,real,150,4,classix,"{""engine"":""classix"",""group_merging"":""density"",""minPts"":10,""radius"":1.4}",,True,True,2,"[0.0005341250216588378, 0.0005932920030318201]",2,0.0005637085123453289,2.9583490686491132e-05,1,1,0,0.0,0.0,,,
iris,real,150,4,classix,"{""engine"":""classix"",""group_merging"":""distance"",""minPts"":1,""radius"":1.5}",,True,True,2,"[0.0003860419965349138, 0.00043395900866016746]",2,0.0004100005025975406,2.395850606262684e-05,1,1,0,0.0,0.0,,,
iris,real,150,4,classix,"{""engine"":""classix"",""group_merging"":""density"",""minPts"":1,""radius"":1.5}",,True,True,2,"[0.0005380419897846878, 0.0006029579672031105]",2,0.0005704999784938991,3.245798870921135e-05,1,1,0,0.0,0.0,,,
iris,real,150,4,classix,"{""engine"":""classix"",""group_merging"":""distance"",""minPts"":5,""radius"":1.5}",,True,True,2,"[0.0003780829720199108, 0.0004325000336393714]",2,0.0004052915028296411,2.720853080973029e-05,1,1,0,0.0,0.0,,,
iris,real,150,4,classix,"{""engine"":""classix"",""group_merging"":""density"",""minPts"":5,""radius"":1.5}",,True,True,2,"[0.0005383749958127737, 0.0005954590160399675]",2,0.0005669170059263706,2.8542010113596916e-05,1,1,0,0.0,0.0,,,
iris,real,150,4,classix,"{""engine"":""classix"",""group_merging"":""distance"",""minPts"":10,""radius"":1.5}",,True,True,2,"[0.0003749579773284495, 0.0004277919651940465]",2,0.000401374971261248,2.6416993932798505e-05,1,1,0,0.0,0.0,,,
iris,real,150,4,classix,"{""engine"":""classix"",""group_merging"":""density"",""minPts"":10,""radius"":1.5}",,True,True,2,"[0.0005331250140443444, 0.0006026250193826854]",2,0.0005678750167135149,3.47500026691705e-05,1,1,0,0.0,0.0,,,
iris,real,150,4,kmeans,"{""init"":""k-means++"",""n_clusters"":2,""n_init"":20}",0.0,False,,1,[0.009262208011932671],1,0.009262208011932671,0.0,2,2,0,0.5681159420289855,0.7336804366512104,0.580184463257396,0.5975546650809878,248.90342786485118
iris,real,150,4,kmeans,"{""init"":""k-means++"",""n_clusters"":3,""n_init"":20}",0.0,False,,1,[0.01106883300235495],1,0.01106883300235495,0.0,3,3,0,0.6201351808870379,0.659486892724918,0.4589717867018717,0.8354098493935599,239.34180132491102
iris,real,150,4,kmeans,"{""init"":""k-means++"",""n_clusters"":4,""n_init"":20}",0.0,False,,1,[0.01338437502272427],1,0.01338437502272427,0.0,4,4,0,0.4420520501778693,0.5814522818661505,0.38858561081095067,0.8721749254822715,206.2412342310856
iris,real,150,4,kmeans,"{""init"":""k-means++"",""n_clusters"":5,""n_init"":20}",0.0,False,,1,[0.014282957999967039],1,0.014282957999967039,0.0,5,5,0,0.4154082347237435,0.5815013800300121,0.34292086772752794,0.9535759338535934,202.60398211041112
iris,real,150,4,kmeans,"{""init"":""k-means++"",""n_clusters"":6,""n_init"":20}",0.0,False,,1,[0.0157020419719629],1,0.0157020419719629,0.0,6,6,0,0.35584828274243907,0.5408966462055832,0.32607595178257925,1.059022911790916,186.62878945454014
iris,real,150,4,kmeans,"{""init"":""k-means++"",""n_clusters"":7,""n_init"":20}",0.0,False,,1,[0.016715082980226725],1,0.016715082980226725,0.0,7,7,0,0.407353993434841,0.5761830201632617,0.3346144862915482,1.0633176257742962,175.32692949744367
iris,real,150,4,kmeans,"{""init"":""k-means++"",""n_clusters"":8,""n_init"":20}",0.0,False,,1,[0.018046459008473903],1,0.018046459008473903,0.0,8,8,0,0.37516591324420506,0.5853127322428351,0.3396246462817146,1.0068728570909082,173.68046249308
iris,real,150,4,kmeans,"{""init"":""k-means++"",""n_clusters"":9,""n_init"":20}",0.0,False,,1,[0.023301707988139242],1,0.023301707988139242,0.0,9,9,0,0.3887984306980205,0.5958686089986307,0.35352357409716706,0.8838827284325357,176.97247333949645
iris,real,150,4,kmeans,"{""init"":""k-means++"",""n_clusters"":10,""n_init"":20}",0.0,False,,1,[0.03904629097087309],1,0.03904629097087309,0.0,10,10,0,0.34162260368993486,0.5852898488100549,0.3537829909109028,0.8830625190906293,181.60225210636193
iris,real,150,4,kmeans,"{""init"":""k-means++"",""n_clusters"":11,""n_init"":20}",0.0,False,,1,[0.03644062497187406],1,0.03644062497187406,0.0,11,11,0,0.3527519832125592,0.5647883367990802,0.3553557702864065,0.8550500967294017,174.12664737682198
iris,real,150,4,kmeans,"{""init"":""k-means++"",""n_clusters"":12,""n_init"":20}",0.0,False,,1,[0.04677637497661635],1,0.04677637497661635,0.0,12,12,0,0.32867802116777267,0.5851001535910993,0.3628823758999075,0.8551097601272718,178.9501321704639
iris,real,150,4,kmeans,"{""init"":""k-means++"",""n_clusters"":2,""n_init"":20}",1.0,False,,1,[0.019585917005315423],1,0.019585917005315423,0.0,2,2,0,0.5681159420289855,0.7336804366512104,0.580184463257396,0.5975546650809878,248.90342786485118
iris,real,150,4,kmeans,"{""init"":""k-means++"",""n_clusters"":3,""n_init"":20}",1.0,False,,1,[0.014492541959043592],1,0.014492541959043592,0.0,3,3,0,0.6201351808870379,0.659486892724918,0.4589717867018717,0.8354098493935599,239.34180132491102
iris,real,150,4,kmeans,"{""init"":""k-means++"",""n_clusters"":4,""n_init"":20}",1.0,False,,1,[0.050236916984431446],1,0.050236916984431446,0.0,4,4,0,0.4420520501778693,0.5814522818661505,0.38858561081095067,0.8721749254822715,206.2412342310856
iris,real,150,4,kmeans,"{""init"":""k-means++"",""n_clusters"":5,""n_init"":20}",1.0,False,,1,[0.023116375028621405],1,0.023116375028621405,0.0,5,5,0,0.4191475633143943,0.5895655933777569,0.3476748314279745,0.9420104915189886,202.5857433439266
iris,real,150,4,kmeans,"{""init"":""k-means++"",""n_clusters"":6,""n_init"":20}",1.0,False,,1,[0.02070020796963945],1,0.02070020796963945,0.0,6,6,0,0.35584828274243907,0.5408966462055832,0.3290443442233162,1.0532723692543096,186.5278477823578
iris,real,150,4,kmeans,"{""init"":""k-means++"",""n_clusters"":7,""n_init"":20}",1.0,False,,1,[0.021095291012898088],1,0.021095291012898088,0.0,7,7,0,0.45541813424097766,0.6314968488952184,0.3404180845953594,1.0354049927012154,175.33705698019207
iris,real,150,4,kmeans,"{""init"":""k-means++"",""n_clusters"":8,""n_init"":20}",1.0,False,,1,[0.03518333297688514],1,0.03518333297688514,0.0,8,8,0,0.34772806604604395,0.567139566099032,0.34006527450644664,1.002062516328525,171.6259721880368
iris,real,150,4,kmeans,"{""init"":""k-means++"",""n_clusters"":9,""n_init"":20}",1.0,False,,1,[0.02985987503780052],1,0.02985987503780052,0.0,9,9,0,0.37026736149538947,0.5572358527426929,0.35333049057941535,0.8745913156739435,176.1282355671584
iris,real,150,4,kmeans,"{""init"":""k-means++"",""n_clusters"":10,""n_init"":20}",1.0,False,,1,[0.025625084002967924],1,0.025625084002967924,0.0,10,10,0,0.3160588296199149,0.5604756616271993,0.3473475397713533,0.8894472024004136,181.38584651160474
iris,real,150,4,kmeans,"{""init"":""k-means++"",""n_clusters"":11,""n_init"":20}",1.0,False,,1,[0.03162220900412649],1,0.03162220900412649,0.0,11,11,0,0.3465267183738087,0.5677502579453573,0.3557859888313728,0.8905763677011888,177.31409137006096
iris,real,150,4,kmeans,"{""init"":""k-means++"",""n_clusters"":12,""n_init"":20}",1.0,False,,1,[0.02949779195478186],1,0.02949779195478186,0.0,12,12,0,0.30158730158730157,0.548858736480632,0.35619796616419724,0.8791718063352044,179.0401334108704
iris,real,150,4,kmeans,"{""init"":""k-means++"",""n_clusters"":2,""n_init"":20}",2.0,False,,1,[0.012970625015441328],1,0.012970625015441328,0.0,2,2,0,0.5681159420289855,0.7336804366512104,0.580184463257396,0.5975546650809878,248.90342786485118
iris,real,150,4,kmeans,"{""init"":""k-means++"",""n_clusters"":3,""n_init"":20}",2.0,False,,1,[0.015827707946300507],1,0.015827707946300507,0.0,3,3,0,0.6201351808870379,0.659486892724918,0.4589717867018717,0.8354098493935599,239.34180132491102
iris,real,150,4,kmeans,"{""init"":""k-means++"",""n_clusters"":4,""n_init"":20}",2.0,False,,1,[0.013887375011108816],1,0.013887375011108816,0.0,4,4,0,0.47081796670148585,0.5967715765989228,0.3877361378132147,0.868981877898773,206.52192680517084
iris,real,150,4,kmeans,"{""init"":""k-means++"",""n_clusters"":5,""n_init"":20}",2.0,False,,1,[0.014806749997660518],1,0.014806749997660518,0.0,5,5,0,0.4191475633143943,0.5895655933777568,0.3476748314279745,0.9420104915189886,202.5857433439266
iris,real,150,4,kmeans,"{""init"":""k-means++"",""n_clusters"":6,""n_init"":20}",2.0,False,,1,[0.01531170797534287],1,0.01531170797534287,0.0,6,6,0,0.35584828274243907,0.5408966462055831,0.3290443442233162,1.0532723692543096,186.5278477823578
iris,real,150,4,kmeans,"{""init"":""k-means++"",""n_clusters"":7,""n_init"":20}",2.0,False,,1,[0.016820917022414505],1,0.016820917022414505,0.0,7,7,0,0.29737241189151253,0.5155349599298513,0.32599036123691455,1.0111029624583188,177.83765483774476
iris,real,150,4,kmeans,"{""init"":""k-means++"",""n_clusters"":8,""n_init"":20}",2.0,False,,1,[0.01865433296188712],1,0.01865433296188712,0.0,8,8,0,0.37858109885597324,0.5889431107927868,0.33680808231125536,0.9876226593510615,171.90278533374226
iris,real,150,4,kmeans,"{""init"":""k-means++"",""n_clusters"":9,""n_init"":20}",2.0,False,,1,[0.0198755839955993],1,0.0198755839955993,0.0,9,9,0,0.33300515546416154,0.5371018224041915,0.3483539128584238,0.9013969744985375,177.19965249625042
iris,real,150,4,kmeans,"{""init"":""k-means++"",""n_clusters"":10,""n_init"":20}",2.0,False,,1,[0.02061858301749453],1,0.02061858301749453,0.0,10,10,0,0.32977193579294917,0.5617089973415829,0.3564606394474716,0.8788182708975905,178.5361213485996
iris,real,150,4,kmeans,"{""init"":""k-means++"",""n_clusters"":11,""n_init"":20}",2.0,False,,1,[0.021981250029057264],1,0.021981250029057264,0.0,11,11,0,0.31371848322414136,0.5559359415246687,0.3603592433551263,0.8775922841330644,180.55688205793558
iris,real,150,4,kmeans,"{""init"":""k-means++"",""n_clusters"":12,""n_init"":20}",2.0,False,,1,[0.023312416044063866],1,0.023312416044063866,0.0,12,12,0,0.3185016769544247,0.5659757682686954,0.36412436130250597,0.8238069681774879,176.84400973682048
iris,real,150,4,kmeans,"{""init"":""k-means++"",""n_clusters"":2,""n_init"":20}",3.0,False,,1,[0.008315166982356459],1,0.008315166982356459,0.0,2,2,0,0.5681159420289855,0.7336804366512104,0.580184463257396,0.5975546650809878,248.90342786485118
iris,real,150,4,kmeans,"{""init"":""k-means++"",""n_clusters"":3,""n_init"":20}",3.0,False,,1,[0.01058129098964855],1,0.01058129098964855,0.0,3,3,0,0.6201351808870379,0.659486892724918,0.4589717867018717,0.8354098493935599,239.34180132491102
iris,real,150,4,kmeans,"{""init"":""k-means++"",""n_clusters"":4,""n_init"":20}",3.0,False,,1,[0.012779999990016222],1,0.012779999990016222,0.0,4,4,0,0.47156814267932956,0.596968631227066,0.38686030299599405,0.8742883389538995,206.6014208333216
iris,real,150,4,kmeans,"{""init"":""k-means++"",""n_clusters"":5,""n_init"":20}",3.0,False,,1,[0.014257624978199601],1,0.014257624978199601,0.0,5,5,0,0.41834699557639127,0.5893884065026131,0.34527610262904046,0.9477096036826295,202.75457794779757
iris,real,150,4,kmeans,"{""init"":""k-means++"",""n_clusters"":6,""n_init"":20}",3.0,False,,1,[0.015488959033973515],1,0.015488959033973515,0.0,6,6,0,0.35493658708060055,0.5394888507793134,0.32503406068216795,1.055390713342659,186.68014042011765
iris,real,150,4,kmeans,"{""init"":""k-means++"",""n_clusters"":7,""n_init"":20}",3.0,False,,1,[0.016383917012717575],1,0.016383917012717575,0.0,7,7,0,0.3498789196286456,0.5336816844518912,0.3403095189887472,0.9359976339409027,175.03982486095205
iris,real,150,4,kmeans,"{""init"":""k-means++"",""n_clusters"":8,""n_init"":20}",3.0,False,,1,[0.01752987498184666],1,0.01752987498184666,0.0,8,8,0,0.4458947922162909,0.6215189835600154,0.3536370216962531,0.9009999151230431,171.10006044980565
iris,real,150,4,kmeans,"{""init"":""k-means++"",""n_clusters"":9,""n_init"":20}",3.0,False,,1,[0.019625124987214804],1,0.019625124987214804,0.0,9,9,0,0.3486149798823894,0.549501166896451,0.35111706304681545,0.9021917348193256,176.5864903611255
iris,real,150,4,kmeans,"{""init"":""k-means++"",""n_clusters"":10,""n_init"":20}",3.0,False,,1,[0.02045929100131616],1,0.02045929100131616,0.0,10,10,0,0.323178220019235,0.566012662113431,0.34984657096082594,0.8936500500477358,181.43267419401198
iris,real,150,4,kmeans,"{""init"":""k-means++"",""n_clusters"":11,""n_init"":20}",3.0,False,,1,[0.02165124996099621],1,0.02165124996099621,0.0,11,11,0,0.31664649905137515,0.5611765357143139,0.3611773359868165,0.8815434809454664,180.4738258654938
iris,real,150,4,kmeans,"{""init"":""k-means++"",""n_clusters"":12,""n_init"":20}",3.0,False,,1,[0.022753666969947517],1,0.022753666969947517,0.0,12,12,0,0.3233814991485505,0.5685877423768986,0.36128251361966324,0.825479443484332,176.78632870906804
iris,real,150,4,kmeans,"{""init"":""k-means++"",""n_clusters"":2,""n_init"":20}",4.0,False,,1,[0.00855816702824086],1,0.00855816702824086,0.0,2,2,0,0.5681159420289855,0.7336804366512104,0.580184463257396,0.5975546650809878,248.90342786485118
iris,real,150,4,kmeans,"{""init"":""k-means++"",""n_clusters"":3,""n_init"":20}",4.0,False,,1,[0.010593374958261847],1,0.010593374958261847,0.0,3,3,0,0.6201351808870379,0.659486892724918,0.4589717867018717,0.8354098493935599,239.341801324911
iris,real,150,4,kmeans,"{""init"":""k-means++"",""n_clusters"":4,""n_init"":20}",4.0,False,,1,[0.012701792002189904],1,0.012701792002189904,0.0,4,4,0,0.44280700261640893,0.581644564239467,0.39048202055389036,0.8650510352777206,206.09816208238414
iris,real,150,4,kmeans,"{""init"":""k-means++"",""n_clusters"":5,""n_init"":20}",4.0,False,,1,[0.014369458018336445],1,0.014369458018336445,0.0,5,5,0,0.4324267757406145,0.6148317359556222,0.3460188965500412,0.9497454082381085,202.35901925926953
iris,real,150,4,kmeans,"{""init"":""k-means++"",""n_clusters"":6,""n_init"":20}",4.0,False,,1,[0.015271875017788261],1,0.015271875017788261,0.0,6,6,0,0.35493658708060055,0.5394888507793135,0.32503406068216795,1.055390713342659,186.68014042011762
iris,real,150,4,kmeans,"{""init"":""k-means++"",""n_clusters"":7,""n_init"":20}",4.0,False,,1,[0.01636758301174268],1,0.01636758301174268,0.0,7,7,0,0.37075909986995265,0.5553183580750942,0.3483800562861472,0.8848839324790105,173.15949463648366
iris,real,150,4,kmeans,"{""init"":""k-means++"",""n_clusters"":8,""n_init"":20}",4.0,False,,1,[0.017926166008692235],1,0.017926166008692235,0.0,8,8,0,0.39805957802247227,0.6048547761592474,0.3344512071858082,1.012838309084515,174.29416531133958
iris,real,150,4,kmeans,"{""init"":""k-means++"",""n_clusters"":9,""n_init"":20}",4.0,False,,1,[0.019045416032895446],1,0.019045416032895446,0.0,9,9,0,0.36185555706057265,0.5771708288313979,0.3530412749691799,0.8959608831562087,175.89283645111647
iris,real,150,4,kmeans,"{""init"":""k-means++"",""n_clusters"":10,""n_init"":20}",4.0,False,,1,[0.0205939169973135],1,0.0205939169973135,0.0,10,10,0,0.3437246097926021,0.5858118157027351,0.3538512053663148,0.8822872256499306,181.69434279628567
iris,real,150,4,kmeans,"{""init"":""k-means++"",""n_clusters"":11,""n_init"":20}",4.0,False,,1,[0.02177412499440834],1,0.02177412499440834,0.0,11,11,0,0.2969241955225191,0.5319549803136513,0.3584252666214234,0.8809148678898429,180.6891223476157
iris,real,150,4,kmeans,"{""init"":""k-means++"",""n_clusters"":12,""n_init"":20}",4.0,False,,1,[0.022715041995979846],1,0.022715041995979846,0.0,12,12,0,0.2947114570150176,0.5267303169331704,0.36153758417519793,0.858245805253429,177.68952771030862
wine,real,178,13,ward,"{""linkage"":""ward"",""n_clusters"":2}",,True,True,2,"[0.0007875830051489174, 0.0010724590392783284]",2,0.0009300210222136229,0.0001424380170647055,2,2,0,0.43943910439476336,0.5645014416130032,0.2670131771272231,1.4117573895082869,65.36083820586111
wine,real,178,13,ward,"{""linkage"":""ward"",""n_clusters"":3}",,True,True,2,"[0.000632665993180126, 0.0006735000060871243]",2,0.0006530829996336251,2.0417006453499198e-05,3,3,0,0.7899332213582837,0.7864652657004837,0.2774439826952266,1.4185919431857326,67.6474675044098
wine,real,178,13,ward,"{""linkage"":""ward"",""n_clusters"":4}",,True,True,2,"[0.0006540410104207695, 0.0007147089927457273]",2,0.0006843750015832484,3.0333991162478924e-05,4,4,0,0.6568168355341232,0.7127835517670821,0.22583665933475802,1.7886506143765986,51.46414629882823
wine,real,178,13,ward,"{""linkage"":""ward"",""n_clusters"":5}",,True,True,2,"[0.0005718330503441393, 0.0006151249981485307]",2,0.000593479024246335,2.1645973902195692e-05,5,5,0,0.5830332574134743,0.6736186782074053,0.18674235566758707,1.922855460049061,43.67927204722387
wine,real,178,13,ward,"{""linkage"":""ward"",""n_clusters"":6}",,True,True,2,"[0.000629457994364202, 0.0006675830227322876]",2,0.0006485205085482448,1.906251418404281e-05,6,6,0,0.575678671896409,0.6652972201118463,0.179666428544385,1.8122878191320393,39.128963791543676
wine,real,178,13,ward,"{""linkage"":""ward"",""n_clusters"":7}",,True,True,2,"[0.0005704169743694365, 0.0006039169966243207]",2,0.0005871669854968786,1.675001112744212e-05,7,7,0,0.561208585572112,0.6521871405187505,0.18685342560226942,1.6616161192156926,36.290501971823375
wine,real,178,13,ward,"{""linkage"":""ward"",""n_clusters"":8}",,True,True,2,"[0.0006201670039445162, 0.0006559159955941141]",2,0.0006380414997693151,1.787449582479894e-05,8,8,0,0.531907529370056,0.6302997924290029,0.18834697102837825,1.5513582360012936,34.02139789850827
wine,real,178,13,ward,"{""linkage"":""ward"",""n_clusters"":9}",,True,True,2,"[0.0005636659916490316, 0.0005916670197620988]",2,0.0005776665057055652,1.4000514056533575e-05,9,9,0,0.510466548365516,0.6059785779599176,0.1917169293227209,1.5451538917358283,32.4603034552054
wine,real,178,13,ward,"{""linkage"":""ward"",""n_clusters"":10}",,True,True,2,"[0.0006126249791122973, 0.0006443749880418181]",2,0.0006284999835770577,1.5875004464760423e-05,10,10,0,0.5086202963842593,0.595327554010877,0.19856750165505588,1.4755086290839636,30.53667348613561
wine,real,178,13,ward,"{""linkage"":""ward"",""n_clusters"":11}",,True,True,2,"[0.0005591670051217079, 0.0005945000448264182]",2,0.000576833524974063,1.7666519852355123e-05,11,11,0,0.383001448711174,0.5584587134470304,0.12953310413439506,1.6738741782927142,29.09617577890594
wine,real,178,13,ward,"{""linkage"":""ward"",""n_clusters"":12}",,True,True,2,"[0.0006224579992704093, 0.0006584579823538661]",2,0.0006404579908121377,1.7999991541728377e-05,12,12,0,0.32355203373358776,0.5382686177830762,0.13409392850263457,1.65680106225727,27.982733672692834
wine,real,178,13,dbscan,"{""eps"":0.1,""min_samples"":3}",,True,True,2,"[0.0009633749723434448, 0.000998291012365371]",2,0.000980832992354408,1.7458020010963082e-05,0,0,178,0.0,0.0,,,
wine,real,178,13,dbscan,"{""eps"":0.1,""min_samples"":5}",,True,True,2,"[0.0008097919635474682, 0.0008472499903291464]",2,0.0008285209769383073,1.87290133908391e-05,0,0,178,0.0,0.0,,,
wine,real,178,13,dbscan,"{""eps"":0.1,""min_samples"":10}",,True,True,2,"[0.0007825829670764506, 0.0008241250179708004]",2,0.0008033539925236255,2.0771025447174907e-05,0,0,178,0.0,0.0,,,
wine,real,178,13,dbscan,"{""eps"":0.2,""min_samples"":3}",,True,True,2,"[0.0007907089893706143, 0.0008246669895015657]",2,0.00080768798943609,1.6979000065475702e-05,0,0,178,0.0,0.0,,,
wine,real,178,13,dbscan,"{""eps"":0.2,""min_samples"":5}",,True,True,2,"[0.0007897919858805835, 0.0008179590222425759]",2,0.0008038755040615797,1.408351818099618e-05,0,0,178,0.0,0.0,,,
wine,real,178,13,dbscan,"{""eps"":0.2,""min_samples"":10}",,True,True,2,"[0.0007778750150464475, 0.0008054579957388341]",2,0.0007916665053926408,1.3791490346193314e-05,0,0,178,0.0,0.0,,,
wine,real,178,13,dbscan,"{""eps"":0.3,""min_samples"":3}",,True,True,2,"[0.0008015409694053233, 0.0009443750022910535]",2,0.0008729579858481884,7.141701644286513e-05,0,0,178,0.0,0.0,,,
wine,real,178,13,dbscan,"{""eps"":0.3,""min_samples"":5}",,True,True,2,"[0.0007962919771671295, 0.0008430000161752105]",2,0.00081964599667117,2.335401950404048e-05,0,0,178,0.0,0.0,,,
wine,real,178,13,dbscan,"{""eps"":0.3,""min_samples"":10}",,True,True,2,"[0.0008026660070754588, 0.000834333011880517]",2,0.0008184995094779879,1.583350240252912e-05,0,0,178,0.0,0.0,,,
wine,real,178,13,dbscan,"{""eps"":0.4,""min_samples"":3}",,True,True,2,"[0.0008047079900279641, 0.0008515830268152058]",2,0.000828145508421585,2.343751839362085e-05,0,0,178,0.0,0.0,,,
wine,real,178,13,dbscan,"{""eps"":0.4,""min_samples"":5}",,True,True,2,"[0.000808625016361475, 0.000841874978505075]",2,0.000825249997433275,1.6624981071799994e-05,0,0,178,0.0,0.0,,,
wine,real,178,13,dbscan,"{""eps"":0.4,""min_samples"":10}",,True,True,2,"[0.0008069589966908097, 0.0008454170310869813]",2,0.0008261880138888955,1.9229017198085785e-05,0,0,178,0.0,0.0,,,
wine,real,178,13,dbscan,"{""eps"":0.5,""min_samples"":3}",,True,True,2,"[0.0008158330456353724, 0.000858166953548789]",2,0.0008369999995920807,2.1166953956708312e-05,0,0,178,0.0,0.0,,,
wine,real,178,13,dbscan,"{""eps"":0.5,""min_samples"":5}",,True,True,2,"[0.0008108749752864242, 0.0008554999949410558]",2,0.00083318748511374,2.2312509827315807e-05,0,0,178,0.0,0.0,,,
wine,real,178,13,dbscan,"{""eps"":0.5,""min_samples"":10}",,True,True,2,"[0.0008110419730655849, 0.000855624966789037]",2,0.0008333334699273109,2.2291496861726046e-05,0,0,178,0.0,0.0,,,
wine,real,178,13,dbscan,"{""eps"":0.6,""min_samples"":3}",,True,True,2,"[0.0008328749681822956, 0.0008771669818088412]",2,0.0008550209749955684,2.2146006813272834e-05,0,0,178,0.0,0.0,,,
wine,real,178,13,dbscan,"{""eps"":0.6,""min_samples"":5}",,True,True,2,"[0.0008342090295627713, 0.0008666249923408031]",2,0.0008504170109517872,1.6207981389015913e-05,0,0,178,0.0,0.0,,,
wine,real,178,13,dbscan,"{""eps"":0.6,""min_samples"":10}",,True,True,2,"[0.0008312499849125743, 0.0008692910196259618]",2,0.000850270502269268,1.9020517356693745e-05,0,0,178,0.0,0.0,,,
wine,real,178,13,dbscan,"{""eps"":0.7,""min_samples"":3}",,True,True,2,"[0.0008493750356137753, 0.00089833396486938]",2,0.0008738545002415776,2.4479464627802372e-05,0,0,178,0.0,0.0,,,
wine,real,178,13,dbscan,"{""eps"":0.7,""min_samples"":5}",,True,True,2,"[0.0008378330385312438, 0.0008857499924488366]",2,0.0008617915154900402,2.3958476958796382e-05,0,0,178,0.0,0.0,,,
wine,real,178,13,dbscan,"{""eps"":0.7,""min_samples"":10}",,True,True,2,"[0.0010514589957892895, 0.000882791995536536]",2,0.0009671254956629127,8.433350012637675e-05,0,0,178,0.0,0.0,,,
wine,real,178,13,dbscan,"{""eps"":0.8,""min_samples"":3}",,True,True,2,"[0.0008517499663867056, 0.00089366699103266]",2,0.0008727084787096828,2.0958512322977185e-05,0,0,178,0.0,0.0,,,
wine,real,178,13,dbscan,"{""eps"":0.8,""min_samples"":5}",,True,True,2,"[0.0008439589873887599, 0.0008875830098986626]",2,0.0008657709986437112,2.1812011254951358e-05,0,0,178,0.0,0.0,,,
wine,real,178,13,dbscan,"{""eps"":0.8,""min_samples"":10}",,True,True,2,"[0.0008442500256933272, 0.0008949160110205412]",2,0.0008695830183569342,2.5332992663607e-05,0,0,178,0.0,0.0,,,
wine,real,178,13,dbscan,"{""eps"":0.9,""min_samples"":3}",,True,True,2,"[0.0008565000025555491, 0.0009062499739229679]",2,0.0008813749882392585,2.4874985683709383e-05,0,0,178,0.0,0.0,,,
wine,real,178,13,dbscan,"{""eps"":0.9,""min_samples"":5}",,True,True,2,"[0.0008590829675085843, 0.0009050410008057952]",2,0.0008820619841571897,2.2979016648605466e-05,0,0,178,0.0,0.0,,,
wine,real,178,13,dbscan,"{""eps"":0.9,""min_samples"":10}",,True,True,2,"[0.0008595419931225479, 0.0009973749984055758]",2,0.0009284584957640618,6.891650264151394e-05,0,0,178,0.0,0.0,,,
wine,real,178,13,dbscan,"{""eps"":1.0,""min_samples"":3}",,True,True,2,"[0.0008708340465091169, 0.0009223329834640026]",2,0.0008965835149865597,2.574946847744286e-05,0,0,178,0.0,0.0,,,
wine,real,178,13,dbscan,"{""eps"":1.0,""min_samples"":5}",,True,True,2,"[0.0008776250178925693, 0.0009208329720422626]",2,0.0008992289949674159,2.1603977074846625e-05,0,0,178,0.0,0.0,,,
wine,real,178,13,dbscan,"{""eps"":1.0,""min_samples"":10}",,True,True,2,"[0.000871957978233695, 0.0009225840331055224]",2,0.0008972710056696087,2.5313027435913682e-05,0,0,178,0.0,0.0,,,
wine,real,178,13,dbscan,"{""eps"":1.1,""min_samples"":3}",,True,True,2,"[0.0008836669730953872, 0.0009377080132253468]",2,0.000910687493160367,2.702052006497979e-05,0,0,178,0.0,0.0,,,
wine,real,178,13,dbscan,"{""eps"":1.1,""min_samples"":5}",,True,True,2,"[0.0008844159892760217, 0.0009193330188281834]",2,0.0009018745040521026,1.7458514776080847e-05,0,0,178,0.0,0.0,,,
wine,real,178,13,dbscan,"{""eps"":1.1,""min_samples"":10}",,True,True,2,"[0.0008843340328894556, 0.0009237909689545631]",2,0.0009040625009220093,1.9728468032553792e-05,0,0,178,0.0,0.0,,,
wine,real,178,13,dbscan,"{""eps"":1.2,""min_samples"":3}",,True,True,2,"[0.000890459050424397, 0.0009367080056108534]",2,0.0009135835280176252,2.312447759322822e-05,0,0,178,0.0,0.0,,,
wine,real,178,13,dbscan,"{""eps"":1.2,""min_samples"":5}",,True,True,2,"[0.0008839169749990106, 0.0009476249688304961]",2,0.0009157709719147533,3.1853996915742755e-05,0,0,178,0.0,0.0,,,
wine,real,178,13,dbscan,"{""eps"":1.2,""min_samples"":10}",,True,True,2,"[0.0008842910174280405, 0.0009332079789601266]",2,0.0009087494981940836,2.4458480766043067e-05,0,0,178,0.0,0.0,,,
wine,real,178,13,classix,"{""engine"":""classix"",""group_merging"":""distance"",""minPts"":1,""radius"":0.1}",,True,True,2,"[0.004532290971837938, 0.004605000023730099]",2,0.0045686454977840185,3.6354525946080685e-05,178,178,0,0.0,0.34654412479868274,,,
wine,real,178,13,classix,"{""engine"":""classix"",""group_merging"":""density"",""minPts"":1,""radius"":0.1}",,True,True,2,"[0.0034727919846773148, 0.0034940000041387975]",2,0.003483395994408056,1.0604009730741382e-05,178,178,0,0.0,0.34654412479868274,,,
wine,real,178,13,classix,"{""engine"":""classix"",""group_merging"":""distance"",""minPts"":5,""radius"":0.1}",,True,True,2,"[0.008098458987660706, 0.008223832992371172]",2,0.008161145990015939,6.268700235523283e-05,178,178,0,0.0,0.34654412479868274,,,
wine,real,178,13,classix,"{""engine"":""classix"",""group_merging"":""density"",""minPts"":5,""radius"":0.1}",,True,True,2,"[0.00339075003284961, 0.0036142499884590507]",2,0.0035025000106543303,0.0001117499778047204,178,178,0,0.0,0.34654412479868274,,,
wine,real,178,13,classix,"{""engine"":""classix"",""group_merging"":""distance"",""minPts"":10,""radius"":0.1}",,True,True,2,"[0.007978916983120143, 0.008121167018543929]",2,0.008050042000832036,7.112501771189272e-05,178,178,0,0.0,0.34654412479868274,,,
wine,real,178,13,classix,"{""engine"":""classix"",""group_merging"":""density"",""minPts"":10,""radius"":0.1}",,True,True,2,"[0.0034091249690391123, 0.0034704579738900065]",2,0.0034397914714645594,3.0666502425447106e-05,178,178,0,0.0,0.34654412479868274,,,
wine,real,178,13,classix,"{""engine"":""classix"",""group_merging"":""distance"",""minPts"":1,""radius"":0.2}",,True,True,2,"[0.004352334013674408, 0.004434957983903587]",2,0.0043936459987889975,4.1311985114589334e-05,178,178,0,0.0,0.34654412479868274,,,
wine,real,178,13,classix,"{""engine"":""classix"",""group_merging"":""density"",""minPts"":1,""radius"":0.2}",,True,True,2,"[0.004012875026091933, 0.004567250027321279]",2,0.004290062526706606,0.0002771875006146729,178,178,0,0.0,0.34654412479868274,,,
wine,real,178,13,classix,"{""engine"":""classix"",""group_merging"":""distance"",""minPts"":5,""radius"":0.2}",,True,True,2,"[0.007971499988343567, 0.008237167028710246]",2,0.008104333508526906,0.00013283352018333972,178,178,0,0.0,0.34654412479868274,,,
wine,real,178,13,classix,"{""engine"":""classix"",""group_merging"":""density"",""minPts"":5,""radius"":0.2}",,True,True,2,"[0.004097041964996606, 0.004131624998990446]",2,0.004114333481993526,1.729151699692011e-05,178,178,0,0.0,0.34654412479868274,,,
wine,real,178,13,classix,"{""engine"":""classix"",""group_merging"":""distance"",""minPts"":10,""radius"":0.2}",,True,True,2,"[0.010471832996699959, 0.008146083971951157]",2,0.009308958484325558,0.001162874512374401,178,178,0,0.0,0.34654412479868274,,,
wine,real,178,13,classix,"{""engine"":""classix"",""group_merging"":""density"",""minPts"":10,""radius"":0.2}",,True,True,2,"[0.004928499984089285, 0.02542825002456084]",2,0.015178375004325062,0.010249875020235777,178,178,0,0.0,0.34654412479868274,,,
wine,real,178,13,classix,"{""engine"":""classix"",""group_merging"":""distance"",""minPts"":1,""radius"":0.3}",,True,True,2,"[0.004343041975516826, 0.0046504169586114585]",2,0.004496729467064142,0.0001536874915473163,141,141,0,0.01684171788885243,0.36785771155021946,0.054723478819615555,0.46474734654160726,12.474789924591626
wine,real,178,13,classix,"{""engine"":""classix"",""group_merging"":""density"",""minPts"":1,""radius"":0.3}",,True,True,2,"[0.015170249971561134, 0.011512542027048767]",2,0.01334139599930495,0.0018288539722561836,178,178,0,0.0,0.34654412479868274,,,
wine,real,178,13,classix,"{""engine"":""classix"",""group_merging"":""distance"",""minPts"":5,""radius"":0.3}",,True,True,2,"[0.00913308298913762, 0.0074346670298837125]",2,0.008283875009510666,0.0008492079796269536,3,3,0,0.363808742579877,0.46623328989434826,0.1452062036424966,2.267804959479981,36.79778293496778
wine,real,178,13,classix,"{""engine"":""classix"",""group_merging"":""density"",""minPts"":5,""radius"":0.3}",,True,True,2,"[0.015312167000956833, 0.011455249972641468]",2,0.01338370848679915,0.0019284585141576827,178,178,0,0.0,0.34654412479868274,,,
wine,real,178,13,classix,"{""engine"":""classix"",""group_merging"":""distance"",""minPts"":10,""radius"":0.3}",,True,True,2,"[0.00901099998736754, 0.00806600000942126]",2,0.0085384999983944,0.0004724999889731407,141,141,0,0.01684171788885243,0.36785771155021946,0.054723478819615555,0.46474734654160726,12.474789924591626
wine,real,178,13,classix,"{""engine"":""classix"",""group_merging"":""density"",""minPts"":10,""radius"":0.3}",,True,True,2,"[0.01420479197986424, 0.01141016697511077]",2,0.012807479477487504,0.0013973125023767352,178,178,0,0.0,0.34654412479868274,,,
wine,real,178,13,classix,"{""engine"":""classix"",""group_merging"":""distance"",""minPts"":1,""radius"":0.4}",,True,True,2,"[0.009766291012056172, 0.004144041973631829]",2,0.0069551664928440005,0.0028111245192121714,63,63,0,0.22462507859518344,0.4143864889277716,-0.12825590631263256,0.8016802520369158,3.8076649556098485
wine,real,178,13,classix,"{""engine"":""classix"",""group_merging"":""density"",""minPts"":1,""radius"":0.4}",,True,True,2,"[0.03181045898236334, 0.02752183302072808]",2,0.029666146001545712,0.002144312980817631,164,164,0,0.004223486425117934,0.35312584728534924,0.02717397177874802,0.3026027275719103,16.13627589752037
wine,real,178,13,classix,"{""engine"":""classix"",""group_merging"":""distance"",""minPts"":5,""radius"":0.4}",,True,True,2,"[0.008524750010110438, 0.0053265419555827975]",2,0.006925645982846618,0.0015991040272638202,4,4,0,0.3719813896927897,0.5184286036026065,0.14351863268036336,2.0430972305717368,25.148186118289214
wine,real,178,13,classix,"{""engine"":""classix"",""group_merging"":""density"",""minPts"":5,""radius"":0.4}",,True,True,2,"[0.056255541974678636, 0.027551792038138956]",2,0.041903667006408796,0.01435187496826984,164,164,0,0.004223486425117934,0.35312584728534924,0.02717397177874802,0.3026027275719103,16.13627589752037
wine,real,178,13,classix,"{""engine"":""classix"",""group_merging"":""distance"",""minPts"":10,""radius"":0.4}",,True,True,2,"[0.005379167036153376, 0.0073148339870385826]",2,0.006347000511595979,0.0009678334754426032,2,2,0,0.4610041624800529,0.5986385941431798,0.2685053034647887,1.378975733905637,65.17860976517248
wine,real,178,13,classix,"{""engine"":""classix"",""group_merging"":""density"",""minPts"":10,""radius"":0.4}",,True,True,2,"[0.03271350002614781, 0.0539735839702189]",2,0.043343541998183355,0.010630041972035542,164,164,0,0.004223486425117934,0.35312584728534924,0.02717397177874802,0.3026027275719103,16.13627589752037
wine,real,178,13,classix,"{""engine"":""classix"",""group_merging"":""distance"",""minPts"":1,""radius"":0.5}",,True,True,2,"[0.0033738750498741865, 0.005242082988843322]",2,0.004307979019358754,0.0009341039694845676,25,25,0,-0.007854771815705012,0.16628100547588465,-0.21626069184693955,0.8179954888060298,2.112877985852011
wine,real,178,13,classix,"{""engine"":""classix"",""group_merging"":""density"",""minPts"":1,""radius"":0.5}",,True,True,2,"[0.04024520900566131, 0.04399712500162423]",2,0.04212116700364277,0.001875957997981459,115,115,0,0.0479271372616144,0.3929103480236972,0.05217321800988994,0.5790735126121004,10.479431104977124
wine,real,178,13,classix,"{""engine"":""classix"",""group_merging"":""distance"",""minPts"":5,""radius"":0.5}",,True,True,2,"[0.00728349998826161, 0.004058291960973293]",2,0.005670895974617451,0.0016126040136441588,1,1,0,0.0,0.0,,,
wine,real,178,13,classix,"{""engine"":""classix"",""group_merging"":""density"",""minPts"":5,""radius"":0.5}",,True,True,2,"[0.06730866600992158, 0.04889041598653421]",2,0.058099540998227894,0.009209125011693686,7,7,0,0.4239624670266339,0.5864020799476048,0.08913416157002307,2.25209112756525,31.908838995583412
wine,real,178,13,classix,"{""engine"":""classix"",""group_merging"":""distance"",""minPts"":10,""radius"":0.5}",,True,True,2,"[0.005577041010838002, 0.004003541020210832]",2,0.004790291015524417,0.0007867499953135848,1,1,0,0.0,0.0,,,
wine,real,178,13,classix,"{""engine"":""classix"",""group_merging"":""density"",""minPts"":10,""radius"":0.5}",,True,True,2,"[0.056758582999464124, 0.04500037501566112]",2,0.05087947900756262,0.005879103991901502,1,1,0,0.0,0.0,,,
wine,real,178,13,classix,"{""engine"":""classix"",""group_merging"":""distance"",""minPts"":1,""radius"":0.6}",,True,True,2,"[0.0033317090128548443, 0.003747333015780896]",2,0.00353952101431787,0.0002078120014630258,10,10,0,-0.010204472340793039,0.09283825806415252,-0.05126696353501962,0.7658447376872375,2.883190372370085
wine,real,178,13,classix,"{""engine"":""classix"",""group_merging"":""density"",""minPts"":1,""radius"":0.6}",,True,True,2,"[0.03867266600718722, 0.07239666703389958]",2,0.055534666520543396,0.01686200051335618,65,65,0,0.20214252434171245,0.40446221780403413,-0.10221302213491257,0.7907506759403127,3.90049020490645
wine,real,178,13,classix,"{""engine"":""classix"",""group_merging"":""distance"",""minPts"":5,""radius"":0.6}",,True,True,2,"[0.0038211249629966915, 0.0030836250516586006]",2,0.003452375007327646,0.00036874995566904545,1,1,0,0.0,0.0,,,
wine,real,178,13,classix,"{""engine"":""classix"",""group_merging"":""density"",""minPts"":5,""radius"":0.6}",,True,True,2,"[0.037502833001781255, 0.04678120801690966]",2,0.04214202050934546,0.004639187507564202,4,4,0,0.3513943531671678,0.46740319718667855,0.11902797888823326,1.829942929817608,23.652204674052246
wine,real,178,13,classix,"{""engine"":""classix"",""group_merging"":""distance"",""minPts"":10,""radius"":0.6}",,True,True,2,"[0.0039001250406727195, 0.0029960839892737567]",2,0.003448104514973238,0.00045202052569948137,1,1,0,0.0,0.0,,,
wine,real,178,13,classix,"{""engine"":""classix"",""group_merging"":""density"",""minPts"":10,""radius"":0.6}",,True,True,2,"[0.04435658297734335, 0.03649729205062613]",2,0.04042693751398474,0.003929645463358611,2,2,0,0.42872253677033556,0.5567506387604543,0.2593000416126472,1.3473052081232006,60.556570143216774
wine,real,178,13,classix,"{""engine"":""classix"",""group_merging"":""distance"",""minPts"":1,""radius"":0.7}",,True,True,2,"[0.003253708011470735, 0.0032362500205636024]",2,0.0032449790160171688,8.728995453566313e-06,6,6,0,-0.005260893691335967,0.06941017423312555,0.08425149774872731,0.7873146477786804,3.675787195911594
wine,real,178,13,classix,"{""engine"":""classix"",""group_merging"":""density"",""minPts"":1,""radius"":0.7}",,True,True,2,"[0.044836416956968606, 0.03658650000579655]",2,0.04071145848138258,0.004124958475586027,29,29,0,0.38851465972454097,0.4808602733343129,-0.12192983143791251,0.7341577441483803,5.11467921007791
wine,real,178,13,classix,"{""engine"":""classix"",""group_merging"":""distance"",""minPts"":5,""radius"":0.7}",,True,True,2,"[0.0026917089708149433, 0.003460542007815093]",2,0.003076125489315018,0.00038441651850007474,1,1,0,0.0,0.0,,,
wine,real,178,13,classix,"{""engine"":""classix"",""group_merging"":""density"",""minPts"":5,""radius"":0.7}",,True,True,2,"[0.040403334016446024, 0.03969541605329141]",2,0.04004937503486872,0.000353958981577307,2,2,0,0.4463801265286848,0.5748425876350484,0.26765937833327297,1.4038463559598744,65.15931064315936
wine,real,178,13,classix,"{""engine"":""classix"",""group_merging"":""distance"",""minPts"":10,""radius"":0.7}",,True,True,2,"[0.002340499951969832, 0.0025280420086346567]",2,0.0024342709803022444,9.377102833241224e-05,1,1,0,0.0,0.0,,,
wine,real,178,13,classix,"{""engine"":""classix"",""group_merging"":""density"",""minPts"":10,""radius"":0.7}",,True,True,2,"[0.029997541976626962, 0.04192208300810307]",2,0.03595981249236502,0.005962270515738055,2,2,0,0.4463801265286848,0.5748425876350484,0.26765937833327297,1.4038463559598744,65.15931064315936
wine,real,178,13,classix,"{""engine"":""classix"",""group_merging"":""distance"",""minPts"":1,""radius"":0.8}",,True,True,2,"[0.0016601249808445573, 0.0017346249660477042]",2,0.0016973749734461308,3.724999260157347e-05,3,3,0,-0.0003213681906626775,0.049338099046859485,0.13748663996089833,0.9943822812697839,4.8496634999435955
wine,real,178,13,classix,"{""engine"":""classix"",""group_merging"":""density"",""minPts"":1,""radius"":0.8}",,True,True,2,"[0.016967417031992227, 0.021542834001593292]",2,0.01925512551679276,0.0022877084848005325,17,17,0,-0.014104499376950335,0.12219532754257519,-0.10112199936341135,0.789710504031978,2.187864390450129
wine,real,178,13,classix,"{""engine"":""classix"",""group_merging"":""distance"",""minPts"":5,""radius"":0.8}",,True,True,2,"[0.0017016250058077276, 0.001866708043962717]",2,0.0017841665248852223,8.254151907749474e-05,1,1,0,0.0,0.0,,,
wine,real,178,13,classix,"{""engine"":""classix"",""group_merging"":""density"",""minPts"":5,""radius"":0.8}",,True,True,2,"[0.017170499952044338, 0.017481832997873425]",2,0.017326166474958882,0.00015566652291454375,1,1,0,0.0,0.0,,,
wine,real,178,13,classix,"{""engine"":""classix"",""group_merging"":""distance"",""minPts"":10,""radius"":0.8}",,True,True,2,"[0.0016778749995864928, 0.0018067500204779208]",2,0.0017423125100322068,6.4437510445714e-05,1,1,0,0.0,0.0,,,
wine,real,178,13,classix,"{""engine"":""classix"",""group_merging"":""density"",""minPts"":10,""radius"":0.8}",,True,True,2,"[0.01705287501681596, 0.017298499995376915]",2,0.017175687506096438,0.00012281248928047717,1,1,0,0.0,0.0,,,
wine,real,178,13,classix,"{""engine"":""classix"",""group_merging"":""distance"",""minPts"":1,""radius"":0.9}",,True,True,2,"[0.001296916976571083, 0.001405125018209219]",2,0.001351020997390151,5.4104020819067955e-05,1,1,0,0.0,0.0,,,
wine,real,178,13,classix,"{""engine"":""classix"",""group_merging"":""density"",""minPts"":1,""radius"":0.9}",,True,True,2,"[0.011542249994818121, 0.011486041999887675]",2,0.011514145997352898,2.8103997465223074e-05,8,8,0,-0.014052509514776924,0.07710580891770934,0.026830176107639492,0.8253657116153487,3.0089945583491926
wine,real,178,13,classix,"{""engine"":""classix"",""group_merging"":""distance"",""minPts"":5,""radius"":0.9}",,True,True,2,"[0.0012791670160368085, 0.00136599998222664]",2,0.0013225834991317242,4.341648309491575e-05,1,1,0,0.0,0.0,,,
wine,real,178,13,classix,"{""engine"":""classix"",""group_merging"":""density"",""minPts"":5,""radius"":0.9}",,True,True,2,"[0.011514540994539857, 0.011632666981313378]",2,0.011573603987926617,5.9062993386760354e-05,1,1,0,0.0,0.0,,,
wine,real,178,13,classix,"{""engine"":""classix"",""group_merging"":""distance"",""minPts"":10,""radius"":0.9}",,True,True,2,"[0.001293584005907178, 0.0013592919567599893]",2,0.0013264379813335836,3.285397542640567e-05,1,1,0,0.0,0.0,,,
wine,real,178,13,classix,"{""engine"":""classix"",""group_merging"":""density"",""minPts"":10,""radius"":0.9}",,True,True,2,"[0.011449375015217811, 0.01176270900759846]",2,0.011606042011408135,0.00015666699619032443,1,1,0,0.0,0.0,,,
wine,real,178,13,classix,"{""engine"":""classix"",""group_merging"":""distance"",""minPts"":1,""radius"":1.0}",,True,True,2,"[0.001105375005863607, 0.0011743339709937572]",2,0.001139854488428682,3.447948256507516e-05,1,1,0,0.0,0.0,,,
wine,real,178,13,classix,"{""engine"":""classix"",""group_merging"":""density"",""minPts"":1,""radius"":1.0}",,True,True,2,"[0.008952790987677872, 0.009135166998021305]",2,0.009043978992849588,9.118800517171621e-05,6,6,0,-0.011035018514226185,0.057055050550075086,0.12138245821362599,0.7486198788865126,3.30767508299968
wine,real,178,13,classix,"{""engine"":""classix"",""group_merging"":""distance"",""minPts"":5,""radius"":1.0}",,True,True,2,"[0.00109420798253268, 0.0011747919488698244]",2,0.0011344999657012522,4.029198316857219e-05,1,1,0,0.0,0.0,,,
wine,real,178,13,classix,"{""engine"":""classix"",""group_merging"":""density"",""minPts"":5,""radius"":1.0}",,True,True,2,"[0.009088708029594272, 0.009266500012017787]",2,0.00917760402080603,8.889599121175706e-05,1,1,0,0.0,0.0,,,
wine,real,178,13,classix,"{""engine"":""classix"",""group_merging"":""distance"",""minPts"":10,""radius"":1.0}",,True,True,2,"[0.0010874589788727462, 0.0011587499757297337]",2,0.00112310447730124,3.564549842849374e-05,1,1,0,0.0,0.0,,,
wine,real,178,13,classix,"{""engine"":""classix"",""group_merging"":""density"",""minPts"":10,""radius"":1.0}",,True,True,2,"[0.009090917010325938, 0.009285041014663875]",2,0.009187979012494907,9.706200216896832e-05,1,1,0,0.0,0.0,,,
wine,real,178,13,classix,"{""engine"":""classix"",""group_merging"":""distance"",""minPts"":1,""radius"":1.1}",,True,True,2,"[0.0009149579564109445, 0.0009933749679476023]",2,0.0009541664621792734,3.9208505768328905e-05,1,1,0,0.0,0.0,,,
wine,real,178,13,classix,"{""engine"":""classix"",""group_merging"":""density"",""minPts"":1,""radius"":1.1}",,True,True,2,"[0.005769375013187528, 0.005877999996300787]",2,0.005823687504744157,5.431249155662954e-05,6,6,0,-0.00654331529539681,0.07601609441191257,0.07679628926423293,0.8813426244449308,3.843131731960162
wine,real,178,13,classix,"{""engine"":""classix"",""group_merging"":""distance"",""minPts"":5,""radius"":1.1}",,True,True,2,"[0.0009333330090157688, 0.0009983329800888896]",2,0.0009658329945523292,3.2499985536560416e-05,1,1,0,0.0,0.0,,,
wine,real,178,13,classix,"{""engine"":""classix"",""group_merging"":""density"",""minPts"":5,""radius"":1.1}",,True,True,2,"[0.005800125014502555, 0.0058865000028163195]",2,0.005843312508659437,4.318749415688217e-05,1,1,0,0.0,0.0,,,
wine,real,178,13,classix,"{""engine"":""classix"",""group_merging"":""distance"",""minPts"":10,""radius"":1.1}",,True,True,2,"[0.0009234169847331941, 0.0009904999751597643]",2,0.0009569584799464792,3.354149521328509e-05,1,1,0,0.0,0.0,,,
wine,real,178,13,classix,"{""engine"":""classix"",""group_merging"":""density"",""minPts"":10,""radius"":1.1}",,True,True,2,"[0.00575149996438995, 0.005863917001988739]",2,0.005807708483189344,5.620851879939437e-05,1,1,0,0.0,0.0,,,
wine,real,178,13,classix,"{""engine"":""classix"",""group_merging"":""distance"",""minPts"":1,""radius"":1.2}",,True,True,2,"[0.0008169999928213656, 0.0008761250064708292]",2,0.0008465624996460974,2.9562506824731827e-05,1,1,0,0.0,0.0,,,
wine,real,178,13,classix,"{""engine"":""classix"",""group_merging"":""density"",""minPts"":1,""radius"":1.2}",,True,True,2,"[0.0036664169747382402, 0.003794583026319742]",2,0.0037305000005289912,6.408302579075098e-05,2,2,0,-0.005179350377350337,0.02681685536914095,0.22245060727650934,1.0514155755446575,5.74429160266628
wine,real,178,13,classix,"{""engine"":""classix"",""group_merging"":""distance"",""minPts"":5,""radius"":1.2}",,True,True,2,"[0.000805000017862767, 0.0008779169875197113]",2,0.0008414585026912391,3.645848482847214e-05,1,1,0,0.0,0.0,,,
wine,real,178,13,classix,"{""engine"":""classix"",""group_merging"":""density"",""minPts"":5,""radius"":1.2}",,True,True,2,"[0.0037010840023867786, 0.003850459004752338]",2,0.0037757715035695583,7.468750118277967e-05,1,1,0,0.0,0.0,,,
wine,real,178,13,classix,"{""engine"":""classix"",""group_merging"":""distance"",""minPts"":10,""radius"":1.2}",,True,True,2,"[0.000808625016361475, 0.0008717500022612512]",2,0.0008401875093113631,3.156249294988811e-05,1,1,0,0.0,0.0,,,
wine,real,178,13,classix,"{""engine"":""classix"",""group_merging"":""density"",""minPts"":10,""radius"":1.2}",,True,True,2,"[0.00371075002476573, 0.0038427500403486192]",2,0.0037767500325571746,6.600000779144466e-05,1,1,0,0.0,0.0,,,
wine,real,178,13,classix,"{""engine"":""classix"",""group_merging"":""distance"",""minPts"":1,""radius"":1.3}",,True,True,2,"[0.0007826249930076301, 0.0008540830458514392]",2,0.0008183540194295347,3.5729026421904564e-05,1,1,0,0.0,0.0,,,
wine,real,178,13,classix,"{""engine"":""classix"",""group_merging"":""density"",""minPts"":1,""radius"":1.3}",,True,True,2,"[0.003395749954506755, 0.003536915988661349]",2,0.003466332971584052,7.058301707729697e-05,2,2,0,-0.005179350377350337,0.02681685536914095,0.22245060727650934,1.0514155755446575,5.74429160266628
wine,real,178,13,classix,"{""engine"":""classix"",""group_merging"":""distance"",""minPts"":5,""radius"":1.3}",,True,True,2,"[0.0007851250120438635, 0.0008569160127080977]",2,0.0008210205123759806,3.589550033211708e-05,1,1,0,0.0,0.0,,,
wine,real,178,13,classix,"{""engine"":""classix"",""group_merging"":""density"",""minPts"":5,""radius"":1.3}",,True,True,2,"[0.0034695420181378722, 0.0036070840433239937]",2,0.003538313030730933,6.877101259306073e-05,1,1,0,0.0,0.0,,,
wine,real,178,13,classix,"{""engine"":""classix"",""group_merging"":""distance"",""minPts"":10,""radius"":1.3}",,True,True,2,"[0.0007818749872967601, 0.0008500420372001827]",2,0.0008159585122484714,3.40835249517113e-05,1,1,0,0.0,0.0,,,
wine,real,178,13,classix,"{""engine"":""classix"",""group_merging"":""density"",""minPts"":10,""radius"":1.3}",,True,True,2,"[0.0034645000123418868, 0.0035655410028994083]",2,0.0035150205076206475,5.052049527876079e-05,1,1,0,0.0,0.0,,,
wine,real,178,13,classix,"{""engine"":""classix"",""group_merging"":""distance"",""minPts"":1,""radius"":1.4}",,True,True,2,"[0.0007415000000037253, 0.0008154170354828238]",2,0.0007784585177432746,3.695851773954928e-05,1,1,0,0.0,0.0,,,
wine,real,178,13,classix,"{""engine"":""classix"",""group_merging"":""density"",""minPts"":1,""radius"":1.4}",,True,True,2,"[0.002724250021856278, 0.002801500027999282]",2,0.00276287502492778,3.862500307150185e-05,1,1,0,0.0,0.0,,,
wine,real,178,13,classix,"{""engine"":""classix"",""group_merging"":""distance"",""minPts"":5,""radius"":1.4}",,True,True,2,"[0.0007342920289374888, 0.0008017090149223804]",2,0.0007680005219299346,3.3708492992445827e-05,1,1,0,0.0,0.0,,,
wine,real,178,13,classix,"{""engine"":""classix"",""group_merging"":""density"",""minPts"":5,""radius"":1.4}",,True,True,2,"[0.0028342920122668147, 0.0028009170200675726]",2,0.0028176045161671937,1.6687496099621058e-05,1,1,0,0.0,0.0,,,
wine,real,178,13,classix,"{""engine"":""classix"",""group_merging"":""distance"",""minPts"":10,""radius"":1.4}",,True,True,2,"[0.0007350000087171793, 0.0007997089996933937]",2,0.0007673545042052865,3.2354495488107204e-05,1,1,0,0.0,0.0,,,
wine,real,178,13,classix,"{""engine"":""classix"",""group_merging"":""density"",""minPts"":10,""radius"":1.4}",,True,True,2,"[0.0026840829523280263, 0.002844457980245352]",2,0.002764270466286689,8.018751395866275e-05,1,1,0,0.0,0.0,,,
wine,real,178,13,classix,"{""engine"":""classix"",""group_merging"":""distance"",""minPts"":1,""radius"":1.5}",,True,True,2,"[0.0007538749487139285, 0.0007900419877842069]",2,0.0007719584682490677,1.8083519535139203e-05,1,1,0,0.0,0.0,,,
wine,real,178,13,classix,"{""engine"":""classix"",""group_merging"":""density"",""minPts"":1,""radius"":1.5}",,True,True,2,"[0.0024532920215278864, 0.0029756250442005694]",2,0.002714458532864228,0.0002611665113363415,1,1,0,0.0,0.0,,,
wine,real,178,13,classix,"{""engine"":""classix"",""group_merging"":""distance"",""minPts"":5,""radius"":1.5}",,True,True,2,"[0.000712707987986505, 0.0007835419964976609]",2,0.000748124992242083,3.541700425557792e-05,1,1,0,0.0,0.0,,,
wine,real,178,13,classix,"{""engine"":""classix"",""group_merging"":""density"",""minPts"":5,""radius"":1.5}",,True,True,2,"[0.002432500012218952, 0.002520749985706061]",2,0.0024766249989625067,4.412498674355447e-05,1,1,0,0.0,0.0,,,
wine,real,178,13,classix,"{""engine"":""classix"",""group_merging"":""distance"",""minPts"":10,""radius"":1.5}",,True,True,2,"[0.0007190830074250698, 0.0007764580077491701]",2,0.0007477705075871199,2.8687500162050128e-05,1,1,0,0.0,0.0,,,
wine,real,178,13,classix,"{""engine"":""classix"",""group_merging"":""density"",""minPts"":10,""radius"":1.5}",,True,True,2,"[0.0024300829973071814, 0.002528167038690299]",2,0.00247912501799874,4.904202069155872e-05,1,1,0,0.0,0.0,,,
wine,real,178,13,kmeans,"{""init"":""k-means++"",""n_clusters"":2,""n_init"":20}",0.0,False,,1,[0.010918832966126502],1,0.010918832966126502,0.0,2,2,0,0.38872424979619347,0.5013631823800659,0.26831340971052126,1.448235634219366,69.48646422404194
wine,real,178,13,kmeans,"{""init"":""k-means++"",""n_clusters"":3,""n_init"":20}",0.0,False,,1,[0.011730084021110088],1,0.011730084021110088,0.0,3,3,0,0.8974949815093207,0.8758935341223069,0.28485891918989864,1.3891879777181648,70.94000800315118
wine,real,178,13,kmeans,"{""init"":""k-means++"",""n_clusters"":4,""n_init"":20}",0.0,False,,1,[0.013301583006978035],1,0.013301583006978035,0.0,4,4,0,0.7070424220805923,0.7398840050140266,0.2457207303244205,1.765294662018103,55.667933362445446
wine,real,178,13,kmeans,"{""init"":""k-means++"",""n_clusters"":5,""n_init"":20}",0.0,False,,1,[0.01464683300582692],1,0.01464683300582692,0.0,5,5,0,0.71592370439038,0.7538090412842299,0.2450681996584112,1.7359785858933463,47.03260390663715
wine,real,178,13,kmeans,"{""init"":""k-means++"",""n_clusters"":6,""n_init"":20}",0.0,False,,1,[0.016060625028330833],1,0.016060625028330833,0.0,6,6,0,0.5445490029486014,0.6393427220458159,0.19599151456061556,1.8123269936505997,41.81244980173253
wine,real,178,13,kmeans,"{""init"":""k-means++"",""n_clusters"":7,""n_init"":20}",0.0,False,,1,[0.0177425830042921],1,0.0177425830042921,0.0,7,7,0,0.4790342995432763,0.6100074912399663,0.18015480228776642,1.803964755645058,38.32097452738987
wine,real,178,13,kmeans,"{""init"":""k-means++"",""n_clusters"":8,""n_init"":20}",0.0,False,,1,[0.018723208049777895],1,0.018723208049777895,0.0,8,8,0,0.4064364878496279,0.569507717831835,0.15809614590250978,1.7692458832456905,35.209933568257874
wine,real,178,13,kmeans,"{""init"":""k-means++"",""n_clusters"":9,""n_init"":20}",0.0,False,,1,[0.020242750004399568],1,0.020242750004399568,0.0,9,9,0,0.4659899358292465,0.6528761147429203,0.14467133273466187,1.7096268836701256,34.03019499281181
wine,real,178,13,kmeans,"{""init"":""k-means++"",""n_clusters"":10,""n_init"":20}",0.0,False,,1,[0.02182945900131017],1,0.02182945900131017,0.0,10,10,0,0.3513690152828483,0.5797849258876931,0.1337796595226611,1.7549360300368282,31.29373240411659
wine,real,178,13,kmeans,"{""init"":""k-means++"",""n_clusters"":11,""n_init"":20}",0.0,False,,1,[0.022901332995388657],1,0.022901332995388657,0.0,11,11,0,0.36299484539690063,0.5878030250483505,0.13707114040209709,1.74590774622172,29.982334810290325
wine,real,178,13,kmeans,"{""init"":""k-means++"",""n_clusters"":12,""n_init"":20}",0.0,False,,1,[0.023788416001480073],1,0.023788416001480073,0.0,12,12,0,0.3139917162335458,0.5413869713655504,0.14572196667212725,1.6198755769374535,29.10361986422711
wine,real,178,13,kmeans,"{""init"":""k-means++"",""n_clusters"":2,""n_init"":20}",1.0,False,,1,[0.00964283396024257],1,0.00964283396024257,0.0,2,2,0,0.37431449262136857,0.4782459382083588,0.25931695553182543,1.5259965836052092,69.5233317390291
wine,real,178,13,kmeans,"{""init"":""k-means++"",""n_clusters"":3,""n_init"":20}",1.0,False,,1,[0.011190833000000566],1,0.011190833000000566,0.0,3,3,0,0.8974949815093207,0.8758935341223069,0.28485891918989864,1.3891879777181648,70.94000800315118
wine,real,178,13,kmeans,"{""init"":""k-means++"",""n_clusters"":4,""n_init"":20}",1.0,False,,1,[0.013169125013519078],1,0.013169125013519078,0.0,4,4,0,0.7645635004420589,0.8117140563898846,0.26017035223704527,1.7968917400704765,56.181355187904664
wine,real,178,13,kmeans,"{""init"":""k-means++"",""n_clusters"":5,""n_init"":20}",1.0,False,,1,[0.015210791025310755],1,0.015210791025310755,0.0,5,5,0,0.6387725867455123,0.6826868999757474,0.23370190991372133,1.6482999518778652,46.79834335719085
wine,real,178,13,kmeans,"{""init"":""k-means++"",""n_clusters"":6,""n_init"":20}",1.0,False,,1,[0.027768542000558227],1,0.027768542000558227,0.0,6,6,0,0.49261861357917025,0.6286337964421969,0.16070390462453113,1.9074710105354946,41.48028230066175
wine,real,178,13,kmeans,"{""init"":""k-means++"",""n_clusters"":7,""n_init"":20}",1.0,False,,1,[0.037530500034336],1,0.037530500034336,0.0,7,7,0,0.45935064029221706,0.609581126340868,0.14684340777779478,1.8903987542819567,37.34879139327832
wine,real,178,13,kmeans,"{""init"":""k-means++"",""n_clusters"":8,""n_init"":20}",1.0,False,,1,[0.04958749999059364],1,0.04958749999059364,0.0,8,8,0,0.4260764712059224,0.6179679632754221,0.14432790689251396,1.763183110017644,35.69235609526957
wine,real,178,13,kmeans,"{""init"":""k-means++"",""n_clusters"":9,""n_init"":20}",1.0,False,,1,[0.028284583007916808],1,0.028284583007916808,0.0,9,9,0,0.4201084664671008,0.6341956267221504,0.13939271367628922,1.7765907069255906,33.01885900676493
wine,real,178,13,kmeans,"{""init"":""k-means++"",""n_clusters"":10,""n_init"":20}",1.0,False,,1,[0.031511375040281564],1,0.031511375040281564,0.0,10,10,0,0.35812907398643756,0.564691642371959,0.14723388022674014,1.6448181926411067,31.27159495132232
wine,real,178,13,kmeans,"{""init"":""k-means++"",""n_clusters"":11,""n_init"":20}",1.0,False,,1,[0.04748970898799598],1,0.04748970898799598,0.0,11,11,0,0.3798162087623383,0.6049972281531015,0.1312625818102036,1.7017327646675051,29.876107688351517
wine,real,178,13,kmeans,"{""init"":""k-means++"",""n_clusters"":12,""n_init"":20}",1.0,False,,1,[0.048519000003580004],1,0.048519000003580004,0.0,12,12,0,0.3035263777577833,0.5472905110001753,0.13089180243035106,1.7627662293206943,28.75982582554973
wine,real,178,13,kmeans,"{""init"":""k-means++"",""n_clusters"":2,""n_init"":20}",2.0,False,,1,[0.01629449997562915],1,0.01629449997562915,0.0,2,2,0,0.37431449262136857,0.4782459382083588,0.25931695553182543,1.5259965836052092,69.5233317390291
wine,real,178,13,kmeans,"{""init"":""k-means++"",""n_clusters"":3,""n_init"":20}",2.0,False,,1,[0.0217380000394769],1,0.0217380000394769,0.0,3,3,0,0.8974949815093207,0.8758935341223069,0.28485891918989864,1.3891879777181648,70.94000800315118
wine,real,178,13,kmeans,"{""init"":""k-means++"",""n_clusters"":4,""n_init"":20}",2.0,False,,1,[0.02419766702223569],1,0.02419766702223569,0.0,4,4,0,0.7727955905200289,0.8149882724696906,0.26143520452731683,1.802501530364463,56.18614768071094
wine,real,178,13,kmeans,"{""init"":""k-means++"",""n_clusters"":5,""n_init"":20}",2.0,False,,1,[0.02535754203563556],1,0.02535754203563556,0.0,5,5,0,0.6655429529736396,0.7247232874056251,0.23360803120437967,1.6957585512110085,47.575215917316875
wine,real,178,13,kmeans,"{""init"":""k-means++"",""n_clusters"":6,""n_init"":20}",2.0,False,,1,[0.022669749974738806],1,0.022669749974738806,0.0,6,6,0,0.5585973698117812,0.6724359980247016,0.19175569910232956,1.8705894508938095,41.906139892444195
wine,real,178,13,kmeans,"{""init"":""k-means++"",""n_clusters"":7,""n_init"":20}",2.0,False,,1,[0.026370000035967678],1,0.026370000035967678,0.0,7,7,0,0.4072420770433688,0.5792301643221907,0.14575295902305557,1.878320120291027,37.88381398304392
wine,real,178,13,kmeans,"{""init"":""k-means++"",""n_clusters"":8,""n_init"":20}",2.0,False,,1,[0.028881458041723818],1,0.028881458041723818,0.0,8,8,0,0.39516813597630285,0.5732142492431185,0.159750522736452,1.7226448174615596,36.28665201628762
wine,real,178,13,kmeans,"{""init"":""k-means++"",""n_clusters"":9,""n_init"":20}",2.0,False,,1,[0.03156774997478351],1,0.03156774997478351,0.0,9,9,0,0.37561988180403083,0.5676178284403851,0.14874062584177813,1.6631635619040521,33.857748812757244
wine,real,178,13,kmeans,"{""init"":""k-means++"",""n_clusters"":10,""n_init"":20}",2.0,False,,1,[0.030459666973911226],1,0.030459666973911226,0.0,10,10,0,0.43578179634259057,0.5999921175919256,0.15244655823197634,1.6323837229287794,31.311558271747106
wine,real,178,13,kmeans,"{""init"":""k-means++"",""n_clusters"":11,""n_init"":20}",2.0,False,,1,[0.036447040969505906],1,0.036447040969505906,0.0,11,11,0,0.33271401458656086,0.5646080904494464,0.14174641906225166,1.6095873741851876,30.121542810375185
wine,real,178,13,kmeans,"{""init"":""k-means++"",""n_clusters"":12,""n_init"":20}",2.0,False,,1,[0.031499208009336144],1,0.031499208009336144,0.0,12,12,0,0.304248893795911,0.5651039579982226,0.13827216485082883,1.6399150178949624,29.27265622072422
wine,real,178,13,kmeans,"{""init"":""k-means++"",""n_clusters"":2,""n_init"":20}",3.0,False,,1,[0.010003999981563538],1,0.010003999981563538,0.0,2,2,0,0.37431449262136857,0.4782459382083588,0.25931695553182543,1.5259965836052092,69.5233317390291
wine,real,178,13,kmeans,"{""init"":""k-means++"",""n_clusters"":3,""n_init"":20}",3.0,False,,1,[0.012021582981105894],1,0.012021582981105894,0.0,3,3,0,0.8974949815093207,0.8758935341223069,0.28485891918989864,1.3891879777181648,70.94000800315118
wine,real,178,13,kmeans,"{""init"":""k-means++"",""n_clusters"":4,""n_init"":20}",3.0,False,,1,[0.013116416987031698],1,0.013116416987031698,0.0,4,4,0,0.7491735027058888,0.8004277467846227,0.25173343011696475,1.817222173643087,56.154467310055246
wine,real,178,13,kmeans,"{""init"":""k-means++"",""n_clusters"":5,""n_init"":20}",3.0,False,,1,[0.015363416983745992],1,0.015363416983745992,0.0,5,5,0,0.6781468634574545,0.7444105966807976,0.23232188411897656,1.7076025551957799,47.39580247108715
wine,real,178,13,kmeans,"{""init"":""k-means++"",""n_clusters"":6,""n_init"":20}",3.0,False,,1,[0.01669658301398158],1,0.01669658301398158,0.0,6,6,0,0.6464200643065121,0.6970768641345425,0.23810919012205353,1.5635759386201398,42.141350907911104
wine,real,178,13,kmeans,"{""init"":""k-means++"",""n_clusters"":7,""n_init"":20}",3.0,False,,1,[0.018649499979801476],1,0.018649499979801476,0.0,7,7,0,0.554526527135126,0.6476887488429284,0.19508638329985625,1.7313425775483975,37.98798253917555
wine,real,178,13,kmeans,"{""init"":""k-means++"",""n_clusters"":8,""n_init"":20}",3.0,False,,1,[0.0191010000417009],1,0.0191010000417009,0.0,8,8,0,0.4166111383658853,0.6072728903677374,0.14691600838661992,1.8051157127477109,35.73274968777592
wine,real,178,13,kmeans,"{""init"":""k-means++"",""n_clusters"":9,""n_init"":20}",3.0,False,,1,[0.020213417010381818],1,0.020213417010381818,0.0,9,9,0,0.49845448745335535,0.6084417916831247,0.19980940492804275,1.6051726334734164,33.68432652944269
wine,real,178,13,kmeans,"{""init"":""k-means++"",""n_clusters"":10,""n_init"":20}",3.0,False,,1,[0.02166545804357156],1,0.02166545804357156,0.0,10,10,0,0.36750092638154996,0.6077647533336821,0.13937494751595092,1.7278826313316569,31.95992725176872
wine,real,178,13,kmeans,"{""init"":""k-means++"",""n_clusters"":11,""n_init"":20}",3.0,False,,1,[0.023521540977526456],1,0.023521540977526456,0.0,11,11,0,0.32021808468180135,0.5365096182780846,0.1435285138356959,1.6601398285124302,31.13787204810308
wine,real,178,13,kmeans,"{""init"":""k-means++"",""n_clusters"":12,""n_init"":20}",3.0,False,,1,[0.024158584012184292],1,0.024158584012184292,0.0,12,12,0,0.3250436366046128,0.5772289113295024,0.14401060505174937,1.6285928977420765,29.155479816351292
wine,real,178,13,kmeans,"{""init"":""k-means++"",""n_clusters"":2,""n_init"":20}",4.0,False,,1,[0.009798082988709211],1,0.009798082988709211,0.0,2,2,0,0.37431449262136857,0.4782459382083588,0.25931695553182543,1.5259965836052092,69.5233317390291
wine,real,178,13,kmeans,"{""init"":""k-means++"",""n_clusters"":3,""n_init"":20}",4.0,False,,1,[0.011266666988376528],1,0.011266666988376528,0.0,3,3,0,0.8974949815093207,0.8758935341223069,0.28485891918989864,1.3891879777181648,70.94000800315118
wine,real,178,13,kmeans,"{""init"":""k-means++"",""n_clusters"":4,""n_init"":20}",4.0,False,,1,[0.013205124996602535],1,0.013205124996602535,0.0,4,4,0,0.7609239287585927,0.8102802714094506,0.2555818819212526,1.819922021523713,56.17394712859296
wine,real,178,13,kmeans,"{""init"":""k-means++"",""n_clusters"":5,""n_init"":20}",4.0,False,,1,[0.014836749993264675],1,0.014836749993264675,0.0,5,5,0,0.7478877048301755,0.8027177902479173,0.25129073832232757,1.630515751752565,46.98351613827444
wine,real,178,13,kmeans,"{""init"":""k-means++"",""n_clusters"":6,""n_init"":20}",4.0,False,,1,[0.016108290990814567],1,0.016108290990814567,0.0,6,6,0,0.6603494288034343,0.7183589456303158,0.24237259576063738,1.5502791638076194,42.09950375508612
wine,real,178,13,kmeans,"{""init"":""k-means++"",""n_clusters"":7,""n_init"":20}",4.0,False,,1,[0.017219208006281406],1,0.017219208006281406,0.0,7,7,0,0.5105331841909023,0.6224779474580243,0.18753238183488752,1.834729837704251,37.90724389511136
wine,real,178,13,kmeans,"{""init"":""k-means++"",""n_clusters"":8,""n_init"":20}",4.0,False,,1,[0.019159333023708314],1,0.019159333023708314,0.0,8,8,0,0.42977740227462585,0.6045614061581286,0.14874804138663067,1.7685790179719094,36.04598948670835
wine,real,178,13,kmeans,"{""init"":""k-means++"",""n_clusters"":9,""n_init"":20}",4.0,False,,1,[0.0209393750410527],1,0.0209393750410527,0.0,9,9,0,0.4214376220411711,0.6288643352867008,0.14240904326559364,1.7632965196621557,33.976847316020574
wine,real,178,13,kmeans,"{""init"":""k-means++"",""n_clusters"":10,""n_init"":20}",4.0,False,,1,[0.02187062503071502],1,0.02187062503071502,0.0,10,10,0,0.381108938970472,0.6042626942633681,0.14088457610520627,1.7142952547757955,32.27663964059571
wine,real,178,13,kmeans,"{""init"":""k-means++"",""n_clusters"":11,""n_init"":20}",4.0,False,,1,[0.022991416975855827],1,0.022991416975855827,0.0,11,11,0,0.3032484869860986,0.5261296491090072,0.1443061115832203,1.6312070704102084,30.459284256281656
wine,real,178,13,kmeans,"{""init"":""k-means++"",""n_clusters"":12,""n_init"":20}",4.0,False,,1,[0.024847708991728723],1,0.024847708991728723,0.0,12,12,0,0.29287643856138007,0.5500784229158097,0.143348257232108,1.6619026306289888,29.29867940706568
seeds,real,210,7,ward,"{""linkage"":""ward"",""n_clusters"":2}",,True,True,2,"[0.0009312499896623194, 0.000802458031103015]",2,0.0008668540103826672,6.439597927965224e-05,2,2,0,0.4762028192720387,0.5653679997026434,0.4612971903388491,0.7829018420887186,242.71200345478962
seeds,real,210,7,ward,"{""linkage"":""ward"",""n_clusters"":3}",,True,True,2,"[0.0007226250017993152, 0.0011417499626986682]",2,0.0009321874822489917,0.00020956248044967651,3,3,0,0.796998283593012,0.7498157518928459,0.3926339709101015,0.9445072193243359,238.36119610401153
seeds,real,210,7,ward,"{""linkage"":""ward"",""n_clusters"":4}",,True,True,2,"[0.0006765840225853026, 0.0007758749998174608]",2,0.0007262295112013817,4.964548861607909e-05,4,4,0,0.7309279796972159,0.7103071389423709,0.3005761085141328,1.2126540566653334,183.20041331003904
seeds,real,210,7,ward,"{""linkage"":""ward"",""n_clusters"":5}",,True,True,2,"[0.0006556250154972076, 0.0014059580280445516]",2,0.0010307915217708796,0.000375166506273672,5,5,0,0.6159251598556132,0.6572638399885371,0.27463857070040487,1.2329346338273413,157.1568281331669
seeds,real,210,7,ward,"{""linkage"":""ward"",""n_clusters"":6}",,True,True,2,"[0.0006544580101035535, 0.002100165991578251]",2,0.0013773120008409023,0.0007228539907373488,6,6,0,0.5126308996314186,0.6118535852943356,0.21495938096693068,1.2983939093730454,145.22277604314775
seeds,real,210,7,ward,"{""linkage"":""ward"",""n_clusters"":7}",,True,True,2,"[0.0006423330050893128, 0.0009828750044107437]",2,0.0008126040047500283,0.00017027099966071546,7,7,0,0.4487699764123689,0.5849913412051359,0.2320410567665123,1.2743094256237768,137.19244079069662
seeds,real,210,7,ward,"{""linkage"":""ward"",""n_clusters"":8}",,True,True,2,"[0.0006398329860530794, 0.000991458015050739]",2,0.0008156455005519092,0.00017581251449882984,8,8,0,0.387116681127882,0.5556813314943716,0.23272563048709585,1.272052794248794,131.016994486538
seeds,real,210,7,ward,"{""linkage"":""ward"",""n_clusters"":9}",,True,True,2,"[0.0006392080103978515, 0.0010317920241504908]",2,0.0008355000172741711,0.00019629200687631965,9,9,0,0.3295781470607348,0.5353042631404797,0.22597215110027735,1.2819036705611042,126.10832361624593
seeds,real,210,7,ward,"{""linkage"":""ward"",""n_clusters"":10}",,True,True,2,"[0.0006361670093610883, 0.0010211250046268106]",2,0.0008286460069939494,0.00019247899763286114,10,10,0,0.2943858897987349,0.5216042414625641,0.2218405736297371,1.2124756897103208,123.675474133547
seeds,real,210,7,ward,"{""linkage"":""ward"",""n_clusters"":11}",,True,True,2,"[0.0006386250024661422, 0.0010681249550543725]",2,0.0008533749787602574,0.00021474997629411519,11,11,0,0.27821098904797564,0.5130552101406809,0.22492114234592123,1.1837798403786957,120.53339880461395
seeds,real,210,7,ward,"{""linkage"":""ward"",""n_clusters"":12}",,True,True,2,"[0.0006430840003304183, 0.001586416969075799]",2,0.0011147504847031087,0.0004716664843726903,12,12,0,0.2697449589389675,0.5059735748982773,0.22845137205794963,1.1440391378880839,116.21326214163531
seeds,real,210,7,dbscan,"{""eps"":0.1,""min_samples"":3}",,True,True,2,"[0.0009109170059673488, 0.0012819579569622874]",2,0.0010964374814648181,0.0001855204754974693,0,0,210,0.0,0.0,,,
seeds,real,210,7,dbscan,"{""eps"":0.1,""min_samples"":5}",,True,True,2,"[0.0007749170181341469, 0.001108249998651445]",2,0.0009415835083927959,0.000166666490258649,0,0,210,0.0,0.0,,,
seeds,real,210,7,dbscan,"{""eps"":0.1,""min_samples"":10}",,True,True,2,"[0.0007477090111933649, 0.0009776250226423144]",2,0.0008626670169178396,0.00011495800572447479,0,0,210,0.0,0.0,,,
seeds,real,210,7,dbscan,"{""eps"":0.2,""min_samples"":3}",,True,True,2,"[0.0007546670385636389, 0.0008384589455090463]",2,0.0007965629920363426,4.1895953472703695e-05,0,0,210,0.0,0.0,,,
seeds,real,210,7,dbscan,"{""eps"":0.2,""min_samples"":5}",,True,True,2,"[0.0007499999483115971, 0.0008124170126393437]",2,0.0007812084804754704,3.1208532163873315e-05,0,0,210,0.0,0.0,,,
seeds,real,210,7,dbscan,"{""eps"":0.2,""min_samples"":10}",,True,True,2,"[0.000749250000808388, 0.0008003749535419047]",2,0.0007748124771751463,2.5562476366758347e-05,0,0,210,0.0,0.0,,,
seeds,real,210,7,dbscan,"{""eps"":0.3,""min_samples"":3}",,True,True,2,"[0.0007627499871887267, 0.0008076250087469816]",2,0.0007851874979678541,2.243751077912748e-05,0,0,210,0.0,0.0,,,
seeds,real,210,7,dbscan,"{""eps"":0.3,""min_samples"":5}",,True,True,2,"[0.0012439159909263253, 0.0008020829991437495]",2,0.0010229994950350374,0.00022091649589128792,0,0,210,0.0,0.0,,,
seeds,real,210,7,dbscan,"{""eps"":0.3,""min_samples"":10}",,True,True,2,"[0.0010105000110343099, 0.0008038749801926315]",2,0.0009071874956134707,0.00010331251542083919,0,0,210,0.0,0.0,,,
seeds,real,210,7,dbscan,"{""eps"":0.4,""min_samples"":3}",,True,True,2,"[0.0009772090124897659, 0.0008251669933088124]",2,0.0009011880028992891,7.602100959047675e-05,8,8,185,0.003535273084430337,0.14356581871076912,0.6086258906833141,0.46411348853787304,222.40478370449492
seeds,real,210,7,dbscan,"{""eps"":0.4,""min_samples"":5}",,True,True,2,"[0.0010203340207226574, 0.0008239999879151583]",2,0.0009221670043189079,9.816701640374959e-05,0,0,210,0.0,0.0,,,
seeds,real,210,7,dbscan,"{""eps"":0.4,""min_samples"":10}",,True,True,2,"[0.0009152090060524642, 0.0008286249940283597]",2,0.000871917000040412,4.32920060120523e-05,0,0,210,0.0,0.0,,,
seeds,real,210,7,dbscan,"{""eps"":0.5,""min_samples"":3}",,True,True,2,"[0.0009588749962858856, 0.0008668749942444265]",2,0.000912874995265156,4.600000102072954e-05,12,12,150,0.022799376011631227,0.24218416229502152,0.400298888626657,0.709339005091961,132.4543714263162
seeds,real,210,7,dbscan,"{""eps"":0.5,""min_samples"":5}",,True,True,2,"[0.0009335000067949295, 0.0008665000204928219]",2,0.0009000000136438757,3.3499993151053786e-05,1,1,205,0.0018669622690259291,0.04416221740222641,,,
seeds,real,210,7,dbscan,"{""eps"":0.5,""min_samples"":10}",,True,True,2,"[0.0009254590258933604, 0.0008474159985780716]",2,0.000886437512235716,3.902151365764439e-05,0,0,210,0.0,0.0,,,
seeds,real,210,7,dbscan,"{""eps"":0.6,""min_samples"":3}",,True,True,2,"[0.0009730000165291131, 0.0008977910038083792]",2,0.0009353955101687461,3.760450636036694e-05,12,12,92,0.15781456688178938,0.38555105821988034,0.2065477973345216,0.959534076281367,95.31379470182567
seeds,real,210,7,dbscan,"{""eps"":0.6,""min_samples"":5}",,True,True,2,"[0.0009528749505989254, 0.0008884999551810324]",2,0.0009206874528899789,3.2187497708946466e-05,5,5,161,0.034599831184462436,0.23235883290825962,0.5281979728971072,0.6217632813079108,177.77997460483004
seeds,real,210,7,dbscan,"{""eps"":0.6,""min_samples"":10}",,True,True,2,"[0.0009680829825811088, 0.0012020000140182674]",2,0.001085041498299688,0.00011695851571857929,0,0,210,0.0,0.0,,,
seeds,real,210,7,dbscan,"{""eps"":0.7,""min_samples"":3}",,True,True,2,"[0.0009791249758563936, 0.0012881250004284084]",2,0.001133624988142401,0.0001545000122860074,6,6,52,0.27216260543115467,0.3895083946528911,0.1766512456727075,0.8446121588099812,62.05447211500507
seeds,real,210,7,dbscan,"{""eps"":0.7,""min_samples"":5}",,True,True,2,"[0.0009079169831238687, 0.0012285829870961607]",2,0.0010682499851100147,0.00016033300198614597,7,7,78,0.30521959826419615,0.45555065617385865,0.34847724291357557,0.9655348310013915,126.0498415041209
seeds,real,210,7,dbscan,"{""eps"":0.7,""min_samples"":10}",,True,True,2,"[0.0008767499821260571, 0.0010182500118389726]",2,0.0009474999969825149,7.075001485645771e-05,2,2,189,0.014669253610983037,0.1508632872176079,0.645437818345252,0.49168605057384396,72.47896146603739
seeds,real,210,7,dbscan,"{""eps"":0.8,""min_samples"":3}",,True,True,2,"[0.001012041000649333, 0.0009962919866666198]",2,0.0010041664936579764,7.874506991356611e-06,4,4,38,0.3040297344991272,0.40401740343500325,0.12740020439409247,1.1062321127373491,82.43669101355763
seeds,real,210,7,dbscan,"{""eps"":0.8,""min_samples"":5}",,True,True,2,"[0.0009077090071514249, 0.0009664170211181045]",2,0.0009370630141347647,2.9354006983339787e-05,3,3,59,0.2730462815143873,0.4028289943877621,0.3755191380644425,0.8225571215381461,118.10957740899451
seeds,real,210,7,dbscan,"{""eps"":0.8,""min_samples"":10}",,True,True,2,"[0.0008749999688006938, 0.0009172920254059136]",2,0.0008961459971033037,2.114602830260992e-05,3,3,118,0.2156187139271351,0.41269196855373874,0.5802769773716743,0.5728210541443982,263.11472437860067
seeds,real,210,7,dbscan,"{""eps"":0.9,""min_samples"":3}",,True,True,2,"[0.0009327089646831155, 0.000968958018347621]",2,0.0009508334915153682,1.812452683225274e-05,2,2,18,0.004170779215107392,0.053305487223269506,0.26536331822445863,0.6582910451926176,19.44545569017785
seeds,real,210,7,dbscan,"{""eps"":0.9,""min_samples"":5}",,True,True,2,"[0.0009187500108964741, 0.0013227500021457672]",2,0.0011207500065211207,0.00020199999562464654,1,1,28,0.004073073296134565,0.019089787885870603,,,
seeds,real,210,7,dbscan,"{""eps"":0.9,""min_samples"":10}",,True,True,2,"[0.0009087500511668622, 0.001102917012758553]",2,0.0010058335319627076,9.708348079584539e-05,3,3,79,0.4162032168256824,0.5248250575164581,0.5191532895903398,0.6781579751353813,297.39208034166603
seeds,real,210,7,dbscan,"{""eps"":1.0,""min_samples"":3}",,True,True,2,"[0.0009602499776519835, 0.0011802500230260193]",2,0.0010702500003390014,0.00011000002268701792,1,1,9,3.2610235333801425e-05,0.007296833200330713,,,
seeds,real,210,7,dbscan,"{""eps"":1.0,""min_samples"":5}",,True,True,2,"[0.0014334580046124756, 0.0011413749889470637]",2,0.0012874164967797697,0.00014604150783270597,1,1,13,0.0003611870599546302,0.008820030584914129,,,
seeds,real,210,7,dbscan,"{""eps"":1.0,""min_samples"":10}",,True,True,2,"[0.0011783330119214952, 0.0010302920127287507]",2,0.001104312512325123,7.402049959637225e-05,2,2,43,0.3777725697877191,0.4443860610773426,0.48984663678763,0.7163368037198815,218.99237175624452
seeds,real,210,7,dbscan,"{""eps"":1.1,""min_samples"":3}",,True,True,2,"[0.0011400419753044844, 0.001058416033629328]",2,0.0010992290044669062,4.081297083757818e-05,1,1,8,-0.0003516407421783603,0.003709925967512743,,,
seeds,real,210,7,dbscan,"{""eps"":1.1,""min_samples"":5}",,True,True,2,"[0.001120625005569309, 0.0010388329974375665]",2,0.0010797290015034378,4.089600406587124e-05,1,1,9,-0.0005353513633965735,0.002648559286463439,,,
seeds,real,210,7,dbscan,"{""eps"":1.1,""min_samples"":10}",,True,True,2,"[0.001101457979530096, 0.0010150829912163317]",2,0.0010582704853732139,4.318749415688217e-05,1,1,22,-0.0012826400215356843,0.0023298743763224034,,,
seeds,real,210,7,dbscan,"{""eps"":1.2,""min_samples"":3}",,True,True,2,"[0.0011449999874457717, 0.0010541660012677312]",2,0.0010995829943567514,4.541699308902025e-05,1,1,6,-0.00026663129447483685,0.004170931967594535,,,
seeds,real,210,7,dbscan,"{""eps"":1.2,""min_samples"":5}",,True,True,2,"[0.0011328330147080123, 0.001045291021000594]",2,0.0010890620178543031,4.377099685370922e-05,1,1,6,-0.00026663129447483685,0.004170931967594535,,,
seeds,real,210,7,dbscan,"{""eps"":1.2,""min_samples"":10}",,True,True,2,"[0.0011379579664207995, 0.001040334056597203]",2,0.0010891460115090013,4.881195491179824e-05,1,1,13,0.00180731915824041,0.017276033649689305,,,
seeds,real,210,7,classix,"{""engine"":""classix"",""group_merging"":""distance"",""minPts"":1,""radius"":0.1}",,True,True,2,"[0.005709374963771552, 0.006897541985381395]",2,0.006303458474576473,0.0005940835108049214,191,191,0,0.0036948453608247425,0.34778309627017784,0.0764175716742057,0.19742969825043646,170.33206382219782
seeds,real,210,7,classix,"{""engine"":""classix"",""group_merging"":""density"",""minPts"":1,""radius"":0.1}",,True,True,2,"[0.009685459022875875, 0.006853458005934954]",2,0.008269458514405414,0.0014160005084704608,205,205,0,0.0009243608704838369,0.34263573657002716,0.030464705314589315,0.08434096647227711,309.728636736862
seeds,real,210,7,classix,"{""engine"":""classix"",""group_merging"":""distance"",""minPts"":5,""radius"":0.1}",,True,True,2,"[0.016101540997624397, 0.01370454195421189]",2,0.014903041475918144,0.0011984995217062533,191,191,0,0.0036948453608247425,0.34778309627017784,0.0764175716742057,0.19742969825043646,170.33206382219782
seeds,real,210,7,classix,"{""engine"":""classix"",""group_merging"":""density"",""minPts"":5,""radius"":0.1}",,True,True,2,"[0.0061428340268321335, 0.008765709004364908]",2,0.007454271515598521,0.001311437488766387,205,205,0,0.0009243608704838369,0.34263573657002716,0.030464705314589315,0.08434096647227711,309.728636736862
seeds,real,210,7,classix,"{""engine"":""classix"",""group_merging"":""distance"",""minPts"":10,""radius"":0.1}",,True,True,2,"[0.028057916031684726, 0.009948666964191943]",2,0.019003291497938335,0.009054624533746392,191,191,0,0.0036948453608247425,0.34778309627017784,0.0764175716742057,0.19742969825043646,170.33206382219782
seeds,real,210,7,classix,"{""engine"":""classix"",""group_merging"":""density"",""minPts"":10,""radius"":0.1}",,True,True,2,"[0.0061253339517861605, 0.006558374967426062]",2,0.006341854459606111,0.00021652050781995058,205,205,0,0.0009243608704838369,0.34263573657002716,0.030464705314589315,0.08434096647227711,309.728636736862
seeds,real,210,7,classix,"{""engine"":""classix"",""group_merging"":""distance"",""minPts"":1,""radius"":0.2}",,True,True,2,"[0.004215915978420526, 0.003978333028499037]",2,0.004097124503459781,0.00011879147496074438,54,54,0,0.21339580461064392,0.40288497944818363,-0.12580323224372367,0.8007206667796481,11.325816029453165
seeds,real,210,7,classix,"{""engine"":""classix"",""group_merging"":""density"",""minPts"":1,""radius"":0.2}",,True,True,2,"[0.017665833001956344, 0.015082874975632876]",2,0.01637435398879461,0.0012914790131617337,150,150,0,0.018405460146358094,0.35905132677908647,0.12020618218932533,0.4176593127617487,63.62246230821143
seeds,real,210,7,classix,"{""engine"":""classix"",""group_merging"":""distance"",""minPts"":5,""radius"":0.2}",,True,True,2,"[0.005018667026888579, 0.0048828329890966415]",2,0.00495075000799261,6.79170188959688e-05,7,7,0,0.31283521644106976,0.4308053292237503,-0.050205490037320506,1.7310068762861255,54.895665994581535
seeds,real,210,7,classix,"{""engine"":""classix"",""group_merging"":""density"",""minPts"":5,""radius"":0.2}",,True,True,2,"[0.018353542021941394, 0.016573957982473075]",2,0.017463750002207235,0.0008897920197341591,2,2,0,0.45913924860223054,0.5358152998914661,0.4425181552045116,0.8529552369610633,247.5074544269184
seeds,real,210,7,classix,"{""engine"":""classix"",""group_merging"":""distance"",""minPts"":10,""radius"":0.2}",,True,True,2,"[0.008441290992777795, 0.005187665985431522]",2,0.006814478489104658,0.0016268125036731362,2,2,0,0.3536641498900917,0.4616004279645128,0.45180436126297213,0.7498009725490851,221.3684174033323
seeds,real,210,7,classix,"{""engine"":""classix"",""group_merging"":""density"",""minPts"":10,""radius"":0.2}",,True,True,2,"[0.015522542002145201, 0.015122167009394616]",2,0.015322354505769908,0.00020018749637529254,150,150,0,0.018405460146358094,0.35905132677908647,0.12020618218932533,0.4176593127617487,63.62246230821143
seeds,real,210,7,classix,"{""engine"":""classix"",""group_merging"":""distance"",""minPts"":1,""radius"":0.3}",,True,True,2,"[0.002704292011912912, 0.002676792035344988]",2,0.00269054202362895,1.3749988283962011e-05,17,17,0,0.004920903935866627,0.15196420503523123,-0.36643404902587884,0.9910399625105003,3.1513279240761833
seeds,real,210,7,classix,"{""engine"":""classix"",""group_merging"":""density"",""minPts"":1,""radius"":0.3}",,True,True,2,"[0.02031066600466147, 0.014881332986988127]",2,0.0175959994958248,0.0027146665088366717,49,49,0,0.24946996617853917,0.42080597348010335,-0.13166879013561453,0.7747835071376628,12.155268255073892
seeds,real,210,7,classix,"{""engine"":""classix"",""group_merging"":""distance"",""minPts"":5,""radius"":0.3}",,True,True,2,"[0.0029044579714536667, 0.0029124169959686697]",2,0.002908437483711168,3.979512257501483e-06,2,2,0,0.003957718375356607,0.06070864245068572,0.25197489389115896,0.7184947777934895,20.762699813590633
seeds,real,210,7,classix,"{""engine"":""classix"",""group_merging"":""density"",""minPts"":5,""radius"":0.3}",,True,True,2,"[0.02137029101140797, 0.01542591699399054]",2,0.018398104002699256,0.0029721870087087154,5,5,0,0.37812584061850274,0.4993591679080686,-0.03262572279824492,1.660407729120068,73.6782480764148
seeds,real,210,7,classix,"{""engine"":""classix"",""group_merging"":""distance"",""minPts"":10,""radius"":0.3}",,True,True,2,"[0.002883459033910185, 0.002935207972768694]",2,0.0029093335033394396,2.5874469429254532e-05,1,1,0,0.0,0.0,,,
seeds,real,210,7,classix,"{""engine"":""classix"",""group_merging"":""density"",""minPts"":10,""radius"":0.3}",,True,True,2,"[0.022784125001635402, 0.01550179097102955]",2,0.019142957986332476,0.0036411670153029263,3,3,0,0.40354231174847466,0.5479354657704278,0.31742249236148723,1.2527251398462595,138.337062506045
seeds,real,210,7,classix,"{""engine"":""classix"",""group_merging"":""distance"",""minPts"":1,""radius"":0.4}",,True,True,2,"[0.0023179169511422515, 0.0017307919915765524]",2,0.002024354471359402,0.00029356247978284955,1,1,0,0.0,0.0,,,
seeds,real,210,7,classix,"{""engine"":""classix"",""group_merging"":""density"",""minPts"":1,""radius"":0.4}",,True,True,2,"[0.012006666976958513, 0.00947254098718986]",2,0.010739603982074186,0.001267062994884327,14,14,0,4.5166972619135954e-05,0.11621003220825625,-0.4182661631364547,1.0701500898112168,2.06488009188127
seeds,real,210,7,classix,"{""engine"":""classix"",""group_merging"":""distance"",""minPts"":5,""radius"":0.4}",,True,True,2,"[0.0017063330160453916, 0.0017389999702572823]",2,0.001722666493151337,1.633347710594535e-05,1,1,0,0.0,0.0,,,
seeds,real,210,7,classix,"{""engine"":""classix"",""group_merging"":""density"",""minPts"":5,""radius"":0.4}",,True,True,2,"[0.015080042008776218, 0.009630916989408433]",2,0.012355479499092326,0.002724562509683892,1,1,0,0.0,0.0,,,
seeds,real,210,7,classix,"{""engine"":""classix"",""group_merging"":""distance"",""minPts"":10,""radius"":0.4}",,True,True,2,"[0.0017799170454964042, 0.0017177920090034604]",2,0.0017488545272499323,3.106251824647188e-05,1,1,0,0.0,0.0,,,
seeds,real,210,7,classix,"{""engine"":""classix"",""group_merging"":""density"",""minPts"":10,""radius"":0.4}",,True,True,2,"[0.010112207964994013, 0.009589624998625368]",2,0.00985091648180969,0.0002612914831843227,1,1,0,0.0,0.0,,,
seeds,real,210,7,classix,"{""engine"":""classix"",""group_merging"":""distance"",""minPts"":1,""radius"":0.5}",,True,True,2,"[0.0017641669837757945, 0.0012830409687012434]",2,0.001523603976238519,0.00024056300753727555,2,2,0,0.0011148730703737081,0.03570775083978195,0.10735465953309481,1.0373187165021172,5.721932458011257
seeds,real,210,7,classix,"{""engine"":""classix"",""group_merging"":""density"",""minPts"":1,""radius"":0.5}",,True,True,2,"[0.01218158396659419, 0.00642312498530373]",2,0.00930235447594896,0.00287922949064523,5,5,0,0.00019073749385605188,0.04235384992477737,-0.09459585223246818,0.8583742611118599,1.8558259301691682
seeds,real,210,7,classix,"{""engine"":""classix"",""group_merging"":""distance"",""minPts"":5,""radius"":0.5}",,True,True,2,"[0.0012879999703727663, 0.001308542035985738]",2,0.0012982710031792521,1.0271032806485891e-05,1,1,0,0.0,0.0,,,
seeds,real,210,7,classix,"{""engine"":""classix"",""group_merging"":""density"",""minPts"":5,""radius"":0.5}",,True,True,2,"[0.006521957984659821, 0.006652290991041809]",2,0.006587124487850815,6.516650319099426e-05,1,1,0,0.0,0.0,,,
seeds,real,210,7,classix,"{""engine"":""classix"",""group_merging"":""distance"",""minPts"":10,""radius"":0.5}",,True,True,2,"[0.001272207999136299, 0.0013072500005364418]",2,0.0012897289998363703,1.7521000700071454e-05,1,1,0,0.0,0.0,,,
seeds,real,210,7,classix,"{""engine"":""classix"",""group_merging"":""density"",""minPts"":10,""radius"":0.5}",,True,True,2,"[0.011167542019393295, 0.006518125010188669]",2,0.008842833514790982,0.002324708504602313,1,1,0,0.0,0.0,,,
seeds,real,210,7,classix,"{""engine"":""classix"",""group_merging"":""distance"",""minPts"":1,""radius"":0.6}",,True,True,2,"[0.0017082080012187362, 0.0010693329968489707]",2,0.0013887704990338534,0.00031943750218488276,1,1,0,0.0,0.0,,,
seeds,real,210,7,classix,"{""engine"":""classix"",""group_merging"":""density"",""minPts"":1,""radius"":0.6}",,True,True,2,"[0.00558108399854973, 0.004678750003222376]",2,0.005129917000886053,0.00045116699766367674,1,1,0,0.0,0.0,,,
seeds,real,210,7,classix,"{""engine"":""classix"",""group_merging"":""distance"",""minPts"":5,""radius"":0.6}",,True,True,2,"[0.0011534999939613044, 0.001059875008650124]",2,0.0011066875013057142,4.6812492655590177e-05,1,1,0,0.0,0.0,,,
seeds,real,210,7,classix,"{""engine"":""classix"",""group_merging"":""density"",""minPts"":5,""radius"":0.6}",,True,True,2,"[0.004800583992619067, 0.004675166041124612]",2,0.00473787501687184,6.270897574722767e-05,1,1,0,0.0,0.0,,,
seeds,real,210,7,classix,"{""engine"":""classix"",""group_merging"":""distance"",""minPts"":10,""radius"":0.6}",,True,True,2,"[0.0010585410054773092, 0.0010567909921519458]",2,0.0010576659988146275,8.750066626816988e-07,1,1,0,0.0,0.0,,,
seeds,real,210,7,classix,"{""engine"":""classix"",""group_merging"":""density"",""minPts"":10,""radius"":0.6}",,True,True,2,"[0.004723666002973914, 0.004675458010751754]",2,0.004699562006862834,2.410399611108005e-05,1,1,0,0.0,0.0,,,
seeds,real,210,7,classix,"{""engine"":""classix"",""group_merging"":""distance"",""minPts"":1,""radius"":0.7}",,True,True,2,"[0.0008995000389404595, 0.0009252079762518406]",2,0.00091235400759615,1.285396865569055e-05,1,1,0,0.0,0.0,,,
seeds,real,210,7,classix,"{""engine"":""classix"",""group_merging"":""density"",""minPts"":1,""radius"":0.7}",,True,True,2,"[0.011915250041056424, 0.0036701250355690718]",2,0.007792687538312748,0.004122562502743676,1,1,0,0.0,0.0,,,
seeds,real,210,7,classix,"{""engine"":""classix"",""group_merging"":""distance"",""minPts"":5,""radius"":0.7}",,True,True,2,"[0.0012541659525595605, 0.0009235410252586007]",2,0.0010888534889090806,0.0001653124636504799,1,1,0,0.0,0.0,,,
seeds,real,210,7,classix,"{""engine"":""classix"",""group_merging"":""density"",""minPts"":5,""radius"":0.7}",,True,True,2,"[0.004907167050987482, 0.0038083340041339397]",2,0.004357750527560711,0.0005494165234267712,1,1,0,0.0,0.0,,,
seeds,real,210,7,classix,"{""engine"":""classix"",""group_merging"":""distance"",""minPts"":10,""radius"":0.7}",,True,True,2,"[0.0011848750291392207, 0.0009216250036843121]",2,0.0010532500164117664,0.0001316250127274543,1,1,0,0.0,0.0,,,
seeds,real,210,7,classix,"{""engine"":""classix"",""group_merging"":""density"",""minPts"":10,""radius"":0.7}",,True,True,2,"[0.0039902079734019935, 0.0036561660235747695]",2,0.0038231869984883815,0.000167020974913612,1,1,0,0.0,0.0,,,
seeds,real,210,7,classix,"{""engine"":""classix"",""group_merging"":""distance"",""minPts"":1,""radius"":0.8}",,True,True,2,"[0.0007975829648785293, 0.0008141250000335276]",2,0.0008058539824560285,8.271017577499151e-06,1,1,0,0.0,0.0,,,
seeds,real,210,7,classix,"{""engine"":""classix"",""group_merging"":""density"",""minPts"":1,""radius"":0.8}",,True,True,2,"[0.002868874988052994, 0.0028877920121885836]",2,0.002878333500120789,9.4585120677948e-06,1,1,0,0.0,0.0,,,
seeds,real,210,7,classix,"{""engine"":""classix"",""group_merging"":""distance"",""minPts"":5,""radius"":0.8}",,True,True,2,"[0.0007645839941687882, 0.0008108339970931411]",2,0.0007877089956309646,2.3125001462176442e-05,1,1,0,0.0,0.0,,,
seeds,real,210,7,classix,"{""engine"":""classix"",""group_merging"":""density"",""minPts"":5,""radius"":0.8}",,True,True,2,"[0.002864042005967349, 0.0029091250034980476]",2,0.002886583504732698,2.2541498765349388e-05,1,1,0,0.0,0.0,,,
seeds,real,210,7,classix,"{""engine"":""classix"",""group_merging"":""distance"",""minPts"":10,""radius"":0.8}",,True,True,2,"[0.0007797920261509717, 0.0008133749943226576]",2,0.0007965835102368146,1.6791484085842967e-05,1,1,0,0.0,0.0,,,
seeds,real,210,7,classix,"{""engine"":""classix"",""group_merging"":""density"",""minPts"":10,""radius"":0.8}",,True,True,2,"[0.002898833015933633, 0.00287612498505041]",2,0.0028874790004920214,1.135401544161141e-05,1,1,0,0.0,0.0,,,
seeds,real,210,7,classix,"{""engine"":""classix"",""group_merging"":""distance"",""minPts"":1,""radius"":0.9}",,True,True,2,"[0.000657333992421627, 0.000690624990966171]",2,0.000673979491693899,1.664549927227199e-05,1,1,0,0.0,0.0,,,
seeds,real,210,7,classix,"{""engine"":""classix"",""group_merging"":""density"",""minPts"":1,""radius"":0.9}",,True,True,2,"[0.0019444999634288251, 0.001943291979841888]",2,0.0019438959716353565,6.039917934685946e-07,1,1,0,0.0,0.0,,,
seeds,real,210,7,classix,"{""engine"":""classix"",""group_merging"":""distance"",""minPts"":5,""radius"":0.9}",,True,True,2,"[0.0006422919686883688, 0.0006949999951757491]",2,0.0006686459819320589,2.6354013243690133e-05,1,1,0,0.0,0.0,,,
seeds,real,210,7,classix,"{""engine"":""classix"",""group_merging"":""density"",""minPts"":5,""radius"":0.9}",,True,True,2,"[0.001938958012033254, 0.0019769580103456974]",2,0.0019579580111894757,1.8999999156221747e-05,1,1,0,0.0,0.0,,,
seeds,real,210,7,classix,"{""engine"":""classix"",""group_merging"":""distance"",""minPts"":10,""radius"":0.9}",,True,True,2,"[0.0006393330404534936, 0.0006900829612277448]",2,0.0006647080008406192,2.537496038712561e-05,1,1,0,0.0,0.0,,,
seeds,real,210,7,classix,"{""engine"":""classix"",""group_merging"":""density"",""minPts"":10,""radius"":0.9}",,True,True,2,"[0.0019087499822489917, 0.001974750019144267]",2,0.0019417500006966293,3.300001844763756e-05,1,1,0,0.0,0.0,,,
seeds,real,210,7,classix,"{""engine"":""classix"",""group_merging"":""distance"",""minPts"":1,""radius"":1.0}",,True,True,2,"[0.0006176249589771032, 0.0006799169932492077]",2,0.0006487709761131555,3.114601713605225e-05,1,1,0,0.0,0.0,,,
seeds,real,210,7,classix,"{""engine"":""classix"",""group_merging"":""density"",""minPts"":1,""radius"":1.0}",,True,True,2,"[0.0018222919898107648, 0.0018739999504759908]",2,0.0018481459701433778,2.585398033261299e-05,1,1,0,0.0,0.0,,,
seeds,real,210,7,classix,"{""engine"":""classix"",""group_merging"":""distance"",""minPts"":5,""radius"":1.0}",,True,True,2,"[0.000614624994341284, 0.0006637080223299563]",2,0.0006391665083356202,2.4541513994336128e-05,1,1,0,0.0,0.0,,,
seeds,real,210,7,classix,"{""engine"":""classix"",""group_merging"":""density"",""minPts"":5,""radius"":1.0}",,True,True,2,"[0.001966209034435451, 0.0018822909914888442]",2,0.0019242500129621476,4.195902147330344e-05,1,1,0,0.0,0.0,,,
seeds,real,210,7,classix,"{""engine"":""classix"",""group_merging"":""distance"",""minPts"":10,""radius"":1.0}",,True,True,2,"[0.0006189580308273435, 0.0006664170068688691]",2,0.0006426875188481063,2.37294880207628e-05,1,1,0,0.0,0.0,,,
seeds,real,210,7,classix,"{""engine"":""classix"",""group_merging"":""density"",""minPts"":10,""radius"":1.0}",,True,True,2,"[0.00738387496676296, 0.0018690840224735439]",2,0.004626479494618252,0.002757395472144708,1,1,0,0.0,0.0,,,
seeds,real,210,7,classix,"{""engine"":""classix"",""group_merging"":""distance"",""minPts"":1,""radius"":1.1}",,True,True,2,"[0.0007752079982310534, 0.0005885420250706375]",2,0.0006818750116508454,9.333298658020794e-05,1,1,0,0.0,0.0,,,
seeds,real,210,7,classix,"{""engine"":""classix"",""group_merging"":""density"",""minPts"":1,""radius"":1.1}",,True,True,2,"[0.001493832969572395, 0.0011706670047715306]",2,0.0013322499871719629,0.00016158298240043223,1,1,0,0.0,0.0,,,
seeds,real,210,7,classix,"{""engine"":""classix"",""group_merging"":""distance"",""minPts"":5,""radius"":1.1}",,True,True,2,"[0.0007301669684238732, 0.0005851250025443733]",2,0.0006576459854841232,7.252098293974996e-05,1,1,0,0.0,0.0,,,
seeds,real,210,7,classix,"{""engine"":""classix"",""group_merging"":""density"",""minPts"":5,""radius"":1.1}",,True,True,2,"[0.001419625012204051, 0.001179541985038668]",2,0.0012995834986213595,0.00012004151358269155,1,1,0,0.0,0.0,,,
seeds,real,210,7,classix,"{""engine"":""classix"",""group_merging"":""distance"",""minPts"":10,""radius"":1.1}",,True,True,2,"[0.0006882079760544002, 0.0005780000356025994]",2,0.0006331040058284998,5.510397022590041e-05,1,1,0,0.0,0.0,,,
seeds,real,210,7,classix,"{""engine"":""classix"",""group_merging"":""density"",""minPts"":10,""radius"":1.1}",,True,True,2,"[0.0014139999984763563, 0.0011716249864548445]",2,0.0012928124924656004,0.0001211875060107559,1,1,0,0.0,0.0,,,
seeds,real,210,7,classix,"{""engine"":""classix"",""group_merging"":""distance"",""minPts"":1,""radius"":1.2}",,True,True,2,"[0.0006520419847220182, 0.0005879590171389282]",2,0.0006200005009304732,3.2041483791545033e-05,1,1,0,0.0,0.0,,,
seeds,real,210,7,classix,"{""engine"":""classix"",""group_merging"":""density"",""minPts"":1,""radius"":1.2}",,True,True,2,"[0.007373291999101639, 0.0012720839586108923]",2,0.0043226879788562655,0.0030506040202453732,1,1,0,0.0,0.0,,,
seeds,real,210,7,classix,"{""engine"":""classix"",""group_merging"":""distance"",""minPts"":5,""radius"":1.2}",,True,True,2,"[0.0005633330438286066, 0.0005826249835081398]",2,0.0005729790136683732,9.645969839766622e-06,1,1,0,0.0,0.0,,,
seeds,real,210,7,classix,"{""engine"":""classix"",""group_merging"":""density"",""minPts"":5,""radius"":1.2}",,True,True,2,"[0.0012219170457683504, 0.0012651249999180436]",2,0.001243521022843197,2.1603977074846625e-05,1,1,0,0.0,0.0,,,
seeds,real,210,7,classix,"{""engine"":""classix"",""group_merging"":""distance"",""minPts"":10,""radius"":1.2}",,True,True,2,"[0.0005429169978015125, 0.0005771249998360872]",2,0.0005600209988187999,1.7104001017287374e-05,1,1,0,0.0,0.0,,,
seeds,real,210,7,classix,"{""engine"":""classix"",""group_merging"":""density"",""minPts"":10,""radius"":1.2}",,True,True,2,"[0.0012236250331625342, 0.0012529999949038029]",2,0.0012383125140331686,1.4687480870634317e-05,1,1,0,0.0,0.0,,,
seeds,real,210,7,classix,"{""engine"":""classix"",""group_merging"":""distance"",""minPts"":1,""radius"":1.3}",,True,True,2,"[0.0005244170315563679, 0.0009840840357355773]",2,0.0007542505336459726,0.00022983350208960474,1,1,0,0.0,0.0,,,
seeds,real,210,7,classix,"{""engine"":""classix"",""group_merging"":""density"",""minPts"":1,""radius"":1.3}",,True,True,2,"[0.0010400830069556832, 0.001532458991277963]",2,0.001286270999116823,0.00024618799216113985,1,1,0,0.0,0.0,,,
seeds,real,210,7,classix,"{""engine"":""classix"",""group_merging"":""distance"",""minPts"":5,""radius"":1.3}",,True,True,2,"[0.0005091670318506658, 0.0008342920336872339]",2,0.0006717295327689499,0.00016256250091828406,1,1,0,0.0,0.0,,,
seeds,real,210,7,classix,"{""engine"":""classix"",""group_merging"":""density"",""minPts"":5,""radius"":1.3}",,True,True,2,"[0.00101650005672127, 0.0016440419713035226]",2,0.0013302710140123963,0.00031377095729112625,1,1,0,0.0,0.0,,,
seeds,real,210,7,classix,"{""engine"":""classix"",""group_merging"":""distance"",""minPts"":10,""radius"":1.3}",,True,True,2,"[0.0005008329753763974, 0.0012639169581234455]",2,0.0008823749667499214,0.00038154199137352407,1,1,0,0.0,0.0,,,
seeds,real,210,7,classix,"{""engine"":""classix"",""group_merging"":""density"",""minPts"":10,""radius"":1.3}",,True,True,2,"[0.0010107500129379332, 0.0015512500540353358]",2,0.0012810000334866345,0.0002702500205487013,1,1,0,0.0,0.0,,,
seeds,real,210,7,classix,"{""engine"":""classix"",""group_merging"":""distance"",""minPts"":1,""radius"":1.4}",,True,True,2,"[0.0004588330048136413, 0.0006997909513302147]",2,0.000579311978071928,0.00012047897325828671,1,1,0,0.0,0.0,,,
seeds,real,210,7,classix,"{""engine"":""classix"",""group_merging"":""density"",""minPts"":1,""radius"":1.4}",,True,True,2,"[0.0007596660288982093, 0.0010263749863952398]",2,0.0008930205076467246,0.00013335447874851525,1,1,0,0.0,0.0,,,
seeds,real,210,7,classix,"{""engine"":""classix"",""group_merging"":""distance"",""minPts"":5,""radius"":1.4}",,True,True,2,"[0.00045720802154392004, 0.0007780420128256083]",2,0.0006176250171847641,0.0001604169956408441,1,1,0,0.0,0.0,,,
seeds,real,210,7,classix,"{""engine"":""classix"",""group_merging"":""density"",""minPts"":5,""radius"":1.4}",,True,True,2,"[0.0007565420237369835, 0.0011650419910438359]",2,0.0009607920073904097,0.00020424998365342617,1,1,0,0.0,0.0,,,
seeds,real,210,7,classix,"{""engine"":""classix"",""group_merging"":""distance"",""minPts"":10,""radius"":1.4}",,True,True,2,"[0.0004568750155158341, 0.0006955420249141753]",2,0.0005762085202150047,0.00011933350469917059,1,1,0,0.0,0.0,,,
seeds,real,210,7,classix,"{""engine"":""classix"",""group_merging"":""density"",""minPts"":10,""radius"":1.4}",,True,True,2,"[0.0007518749916926026, 0.0011052089976146817]",2,0.0009285419946536422,0.00017666700296103954,1,1,0,0.0,0.0,,,
seeds,real,210,7,classix,"{""engine"":""classix"",""group_merging"":""distance"",""minPts"":1,""radius"":1.5}",,True,True,2,"[0.00043508398812264204, 0.0005976250395178795]",2,0.0005163545138202608,8.127052569761872e-05,1,1,0,0.0,0.0,,,
seeds,real,210,7,classix,"{""engine"":""classix"",""group_merging"":""density"",""minPts"":1,""radius"":1.5}",,True,True,2,"[0.000622292049229145, 0.0007662080461159348]",2,0.00069425004767254,7.19579984433949e-05,1,1,0,0.0,0.0,,,
seeds,real,210,7,classix,"{""engine"":""classix"",""group_merging"":""distance"",""minPts"":5,""radius"":1.5}",,True,True,2,"[0.00043454201659187675, 0.0005279579781927168]",2,0.0004812499973922968,4.6707980800420046e-05,1,1,0,0.0,0.0,,,
seeds,real,210,7,classix,"{""engine"":""classix"",""group_merging"":""density"",""minPts"":5,""radius"":1.5}",,True,True,2,"[0.0006217499612830579, 0.0007186249713413417]",2,0.0006701874663121998,4.84375050291419e-05,1,1,0,0.0,0.0,,,
seeds,real,210,7,classix,"{""engine"":""classix"",""group_merging"":""distance"",""minPts"":10,""radius"":1.5}",,True,True,2,"[0.0004373340052552521, 0.0005202500033192337]",2,0.0004787920042872429,4.1457999031990767e-05,1,1,0,0.0,0.0,,,
seeds,real,210,7,classix,"{""engine"":""classix"",""group_merging"":""density"",""minPts"":10,""radius"":1.5}",,True,True,2,"[0.0006180839845910668, 0.0007131660240702331]",2,0.00066562500433065,4.7541019739583135e-05,1,1,0,0.0,0.0,,,
seeds,real,210,7,kmeans,"{""init"":""k-means++"",""n_clusters"":2,""n_init"":20}",0.0,False,,1,[0.021291417011525482],1,0.021291417011525482,0.0,2,2,0,0.4805275822119241,0.5536300493586124,0.46577247686580914,0.7968788694686013,255.85482678628833
seeds,real,210,7,kmeans,"{""init"":""k-means++"",""n_clusters"":3,""n_init"":20}",0.0,False,,1,[0.018838666030205786],1,0.018838666030205786,0.0,3,3,0,0.7732937360806309,0.727864144698467,0.4007270552751299,0.9278712249013424,249.7841749161648
seeds,real,210,7,kmeans,"{""init"":""k-means++"",""n_clusters"":4,""n_init"":20}",0.0,False,,1,[0.043688374978955835],1,0.043688374978955835,0.0,4,4,0,0.6388222022666139,0.6484031171265918,0.3291966792017614,1.0628994818726727,202.93065903800004
seeds,real,210,7,kmeans,"{""init"":""k-means++"",""n_clusters"":5,""n_init"":20}",0.0,False,,1,[0.019518000015523285],1,0.019518000015523285,0.0,5,5,0,0.5504633821079186,0.6167037807625596,0.2840772946333939,1.1699290632582504,179.34394771692175
seeds,real,210,7,kmeans,"{""init"":""k-means++"",""n_clusters"":6,""n_init"":20}",0.0,False,,1,[0.01986566698178649],1,0.01986566698178649,0.0,6,6,0,0.4984304362324012,0.5972549329648994,0.2865138727249846,1.1272991041109808,166.5714101782449
seeds,real,210,7,kmeans,"{""init"":""k-means++"",""n_clusters"":7,""n_init"":20}",0.0,False,,1,[0.02311504102544859],1,0.02311504102544859,0.0,7,7,0,0.44245838485117145,0.5584863814601898,0.2802637473871736,1.164224662969503,155.1863558086955
seeds,real,210,7,kmeans,"{""init"":""k-means++"",""n_clusters"":8,""n_init"":20}",0.0,False,,1,[0.026512084004934877],1,0.026512084004934877,0.0,8,8,0,0.3310646706495645,0.5247519976074858,0.25093956132848194,1.260843912409432,147.3292235174771
seeds,real,210,7,kmeans,"{""init"":""k-means++"",""n_clusters"":9,""n_init"":20}",0.0,False,,1,[0.02482699998654425],1,0.02482699998654425,0.0,9,9,0,0.30381717013190834,0.5063666356757621,0.25503943228391185,1.1927975959696324,142.066509228757
seeds,real,210,7,kmeans,"{""init"":""k-means++"",""n_clusters"":10,""n_init"":20}",0.0,False,,1,[0.026972334017045796],1,0.026972334017045796,0.0,10,10,0,0.28524268821482623,0.49328458753077503,0.24773135485834794,1.157131112935699,136.84013078210435
seeds,real,210,7,kmeans,"{""init"":""k-means++"",""n_clusters"":11,""n_init"":20}",0.0,False,,1,[0.03824329096823931],1,0.03824329096823931,0.0,11,11,0,0.2658379717009485,0.48559176529658926,0.2620947883489952,1.1068094708448681,134.0489093216248
seeds,real,210,7,kmeans,"{""init"":""k-means++"",""n_clusters"":12,""n_init"":20}",0.0,False,,1,[0.036215584026649594],1,0.036215584026649594,0.0,12,12,0,0.2634479142503673,0.49561698933010595,0.25648462141728023,1.1039016902262182,129.3469636129779
seeds,real,210,7,kmeans,"{""init"":""k-means++"",""n_clusters"":2,""n_init"":20}",1.0,False,,1,[0.019721749995369464],1,0.019721749995369464,0.0,2,2,0,0.4805275822119241,0.5536300493586124,0.46577247686580914,0.7968788694686013,255.85482678628833
seeds,real,210,7,kmeans,"{""init"":""k-means++"",""n_clusters"":3,""n_init"":20}",1.0,False,,1,[0.021650416019838303],1,0.021650416019838303,0.0,3,3,0,0.7732937360806309,0.727864144698467,0.4007270552751299,0.9278712249013424,249.7841749161648
seeds,real,210,7,kmeans,"{""init"":""k-means++"",""n_clusters"":4,""n_init"":20}",1.0,False,,1,[0.054495499993208796],1,0.054495499993208796,0.0,4,4,0,0.6388222022666139,0.6484031171265919,0.3291966792017614,1.0628994818726727,202.93065903800004
seeds,real,210,7,kmeans,"{""init"":""k-means++"",""n_clusters"":5,""n_init"":20}",1.0,False,,1,[0.02630895795300603],1,0.02630895795300603,0.0,5,5,0,0.5190480212519583,0.5865454427175198,0.28638162496288316,1.1952080093902837,179.62978095451288
seeds,real,210,7,kmeans,"{""init"":""k-means++"",""n_clusters"":6,""n_init"":20}",1.0,False,,1,[0.020493040967267007],1,0.020493040967267007,0.0,6,6,0,0.4984304362324012,0.5972549329648994,0.2865138727249846,1.127299104110981,166.57141017824486
seeds,real,210,7,kmeans,"{""init"":""k-means++"",""n_clusters"":7,""n_init"":20}",1.0,False,,1,[0.027677791949827224],1,0.027677791949827224,0.0,7,7,0,0.43024361283262563,0.5684171289496205,0.28520464446329746,1.1527225341511464,156.23409612975868
seeds,real,210,7,kmeans,"{""init"":""k-means++"",""n_clusters"":8,""n_init"":20}",1.0,False,,1,[0.03212158300448209],1,0.03212158300448209,0.0,8,8,0,0.331647686083764,0.5251095242432804,0.25105043054921306,1.2481613876999151,147.90375661695145
seeds,real,210,7,kmeans,"{""init"":""k-means++"",""n_clusters"":9,""n_init"":20}",1.0,False,,1,[0.03300662501715124],1,0.03300662501715124,0.0,9,9,0,0.3010726296536669,0.49859079139535356,0.254030775174613,1.1734052421555983,140.67684292828795
seeds,real,210,7,kmeans,"{""init"":""k-means++"",""n_clusters"":10,""n_init"":20}",1.0,False,,1,[0.03523762500844896],1,0.03523762500844896,0.0,10,10,0,0.3260133420626361,0.5318699605013891,0.2614436063968458,1.1662360475173845,136.4156704503377
seeds,real,210,7,kmeans,"{""init"":""k-means++"",""n_clusters"":11,""n_init"":20}",1.0,False,,1,[0.03578329097945243],1,0.03578329097945243,0.0,11,11,0,0.2774960642770749,0.5012941251199772,0.255452070897066,1.1129554029072362,133.5646062877949
seeds,real,210,7,kmeans,"{""init"":""k-means++"",""n_clusters"":12,""n_init"":20}",1.0,False,,1,[0.0378425830276683],1,0.0378425830276683,0.0,12,12,0,0.2467525617887751,0.47702284234641706,0.25100386059813207,1.149065960343009,127.11253368848962
seeds,real,210,7,kmeans,"{""init"":""k-means++"",""n_clusters"":2,""n_init"":20}",2.0,False,,1,[0.013901625003200024],1,0.013901625003200024,0.0,2,2,0,0.4805275822119241,0.5536300493586124,0.46577247686580914,0.7968788694686013,255.85482678628833
seeds,real,210,7,kmeans,"{""init"":""k-means++"",""n_clusters"":3,""n_init"":20}",2.0,False,,1,[0.016435959027148783],1,0.016435959027148783,0.0,3,3,0,0.7732937360806309,0.727864144698467,0.4007270552751299,0.9278712249013424,249.78417491616474
seeds,real,210,7,kmeans,"{""init"":""k-means++"",""n_clusters"":4,""n_init"":20}",2.0,False,,1,[0.016998750041238964],1,0.016998750041238964,0.0,4,4,0,0.647513458826192,0.6590804218940832,0.3347912611982698,1.0667488823568616,203.19369958766768
seeds,real,210,7,kmeans,"{""init"":""k-means++"",""n_clusters"":5,""n_init"":20}",2.0,False,,1,[0.017666166997514665],1,0.017666166997514665,0.0,5,5,0,0.5488998598225578,0.6160696800967975,0.28357165651723926,1.1708735785569258,179.37692651732027
seeds,real,210,7,kmeans,"{""init"":""k-means++"",""n_clusters"":6,""n_init"":20}",2.0,False,,1,[0.019835665996652097],1,0.019835665996652097,0.0,6,6,0,0.47879248933201,0.5934481975948355,0.28085123293033987,1.1603999054106675,166.5530994097119
seeds,real,210,7,kmeans,"{""init"":""k-means++"",""n_clusters"":7,""n_init"":20}",2.0,False,,1,[0.020535874995402992],1,0.020535874995402992,0.0,7,7,0,0.4396484290861106,0.5661532362132624,0.2847636874159582,1.155037427720829,156.0223562638247
seeds,real,210,7,kmeans,"{""init"":""k-means++"",""n_clusters"":8,""n_init"":20}",2.0,False,,1,[0.020348249992821366],1,0.020348249992821366,0.0,8,8,0,0.3425023756287614,0.528808848547596,0.26188222277851436,1.2293970047933476,148.04863745901278
seeds,real,210,7,kmeans,"{""init"":""k-means++"",""n_clusters"":9,""n_init"":20}",2.0,False,,1,[0.020516207965556532],1,0.020516207965556532,0.0,9,9,0,0.31001874149482067,0.5063827276558265,0.2564751291898472,1.1442759536899758,141.6530955546756
seeds,real,210,7,kmeans,"{""init"":""k-means++"",""n_clusters"":10,""n_init"":20}",2.0,False,,1,[0.022176707978360355],1,0.022176707978360355,0.0,10,10,0,0.2856010344074185,0.5022840365129178,0.24650844884559703,1.1470931031150566,135.10080343855313
seeds,real,210,7,kmeans,"{""init"":""k-means++"",""n_clusters"":11,""n_init"":20}",2.0,False,,1,[0.023140750010497868],1,0.023140750010497868,0.0,11,11,0,0.2867904863452542,0.5122860414112403,0.2560494828655806,1.1282317494575642,132.26581799666678
seeds,real,210,7,kmeans,"{""init"":""k-means++"",""n_clusters"":12,""n_init"":20}",2.0,False,,1,[0.02475441701244563],1,0.02475441701244563,0.0,12,12,0,0.2668524348906501,0.48537794746466617,0.26432383884581706,1.085952878155298,129.38025991889836
seeds,real,210,7,kmeans,"{""init"":""k-means++"",""n_clusters"":2,""n_init"":20}",3.0,False,,1,[0.010327625030186027],1,0.010327625030186027,0.0,2,2,0,0.4805275822119241,0.5536300493586124,0.46577247686580914,0.7968788694686013,255.85482678628833
seeds,real,210,7,kmeans,"{""init"":""k-means++"",""n_clusters"":3,""n_init"":20}",3.0,False,,1,[0.012156750017311424],1,0.012156750017311424,0.0,3,3,0,0.7732937360806309,0.727864144698467,0.4007270552751299,0.9278712249013424,249.78417491616474
seeds,real,210,7,kmeans,"{""init"":""k-means++"",""n_clusters"":4,""n_init"":20}",3.0,False,,1,[0.013893915980588645],1,0.013893915980588645,0.0,4,4,0,0.6590134814068087,0.6711801080148778,0.3347542296283262,1.063837527553707,203.27348546034096
seeds,real,210,7,kmeans,"{""init"":""k-means++"",""n_clusters"":5,""n_init"":20}",3.0,False,,1,[0.01611641701310873],1,0.01611641701310873,0.0,5,5,0,0.5211187366792123,0.5896750637711078,0.2849297518695386,1.1824636282149874,179.48304754123401
seeds,real,210,7,kmeans,"{""init"":""k-means++"",""n_clusters"":6,""n_init"":20}",3.0,False,,1,[0.017078625038266182],1,0.017078625038266182,0.0,6,6,0,0.48418622581578286,0.593747484505999,0.2738278419272971,1.2037381483057221,165.58288349727627
seeds,real,210,7,kmeans,"{""init"":""k-means++"",""n_clusters"":7,""n_init"":20}",3.0,False,,1,[0.01912212505703792],1,0.01912212505703792,0.0,7,7,0,0.4318252046005008,0.5514494574019795,0.2781686938380949,1.1689739800234966,155.88230306299954
seeds,real,210,7,kmeans,"{""init"":""k-means++"",""n_clusters"":8,""n_init"":20}",3.0,False,,1,[0.019836749997921288],1,0.019836749997921288,0.0,8,8,0,0.35465469110328923,0.5216967489145741,0.2642467706585559,1.18733844530531,147.4942625654228
seeds,real,210,7,kmeans,"{""init"":""k-means++"",""n_clusters"":9,""n_init"":20}",3.0,False,,1,[0.021475167013704777],1,0.021475167013704777,0.0,9,9,0,0.33369175627240144,0.5415404979489409,0.26822538817565483,1.1721245049509013,141.59504600121684
seeds,real,210,7,kmeans,"{""init"":""k-means++"",""n_clusters"":10,""n_init"":20}",3.0,False,,1,[0.02224591700360179],1,0.02224591700360179,0.0,10,10,0,0.3090911150418842,0.5278582912271846,0.2532155562483127,1.1631660575514398,137.3859529355332
seeds,real,210,7,kmeans,"{""init"":""k-means++"",""n_clusters"":11,""n_init"":20}",3.0,False,,1,[0.023739000025670975],1,0.023739000025670975,0.0,11,11,0,0.29172089898693027,0.5089523729778664,0.2719002902349973,1.1230950187386894,133.2297013043259
seeds,real,210,7,kmeans,"{""init"":""k-means++"",""n_clusters"":12,""n_init"":20}",3.0,False,,1,[0.02478300000075251],1,0.02478300000075251,0.0,12,12,0,0.2557613491299187,0.4866887910967849,0.24835529348283972,1.1474467044717411,125.98619013702957
seeds,real,210,7,kmeans,"{""init"":""k-means++"",""n_clusters"":2,""n_init"":20}",4.0,False,,1,[0.03600587497930974],1,0.03600587497930974,0.0,2,2,0,0.4805275822119241,0.5536300493586124,0.46577247686580914,0.7968788694686013,255.85482678628833
seeds,real,210,7,kmeans,"{""init"":""k-means++"",""n_clusters"":3,""n_init"":20}",4.0,False,,1,[0.018466750043444335],1,0.018466750043444335,0.0,3,3,0,0.7732937360806309,0.727864144698467,0.4007270552751299,0.9278712249013424,249.78417491616474
seeds,real,210,7,kmeans,"{""init"":""k-means++"",""n_clusters"":4,""n_init"":20}",4.0,False,,1,[0.021649707981850952],1,0.021649707981850952,0.0,4,4,0,0.6624493247534742,0.6750322889500467,0.3275742660551808,1.0626154629805404,203.1877154048589
seeds,real,210,7,kmeans,"{""init"":""k-means++"",""n_clusters"":5,""n_init"":20}",4.0,False,,1,[0.01909495797008276],1,0.01909495797008276,0.0,5,5,0,0.5455086274354132,0.6134500663057831,0.28557733154968257,1.161568071082127,179.50601482970336
seeds,real,210,7,kmeans,"{""init"":""k-means++"",""n_clusters"":6,""n_init"":20}",4.0,False,,1,[0.025833917025011033],1,0.025833917025011033,0.0,6,6,0,0.468009344853237,0.5642355792097424,0.2903443931779972,1.1188862580886083,166.39448040727947
seeds,real,210,7,kmeans,"{""init"":""k-means++"",""n_clusters"":7,""n_init"":20}",4.0,False,,1,[0.042269458004739136],1,0.042269458004739136,0.0,7,7,0,0.43531498749147146,0.5683005214569675,0.2736454190058273,1.1841906024100353,155.45814542362976
seeds,real,210,7,kmeans,"{""init"":""k-means++"",""n_clusters"":8,""n_init"":20}",4.0,False,,1,[0.02724933298304677],1,0.02724933298304677,0.0,8,8,0,0.3573085495801156,0.5413013856162757,0.2616722781182448,1.225556981580057,148.0595644096414
seeds,real,210,7,kmeans,"{""init"":""k-means++"",""n_clusters"":9,""n_init"":20}",4.0,False,,1,[0.02912758302409202],1,0.02912758302409202,0.0,9,9,0,0.29762852159517544,0.5081821515069328,0.2587413746367129,1.1593540117480368,140.95063548146754
seeds,real,210,7,kmeans,"{""init"":""k-means++"",""n_clusters"":10,""n_init"":20}",4.0,False,,1,[0.03928458399605006],1,0.03928458399605006,0.0,10,10,0,0.2821259930037085,0.4962319003433186,0.24823411061983444,1.1454905507032296,137.2613917895507
seeds,real,210,7,kmeans,"{""init"":""k-means++"",""n_clusters"":11,""n_init"":20}",4.0,False,,1,[0.029958790983073413],1,0.029958790983073413,0.0,11,11,0,0.28601197979136267,0.506995744126135,0.2635897474150771,1.1161141180932215,133.68287964565783
seeds,real,210,7,kmeans,"{""init"":""k-means++"",""n_clusters"":12,""n_init"":20}",4.0,False,,1,[0.03107425000052899],1,0.03107425000052899,0.0,12,12,0,0.27505177632627054,0.48904382901286486,0.25807091320780867,1.1410941741137741,127.1543235538346
