representation,method,candidate_id,parameters,seed,n_samples,n_clusters,n_clusters_including_noise,n_noise,noise_fraction,largest_non_noise_cluster_share,internal_valid,silhouette,davies_bouldin,calinski_harabasz,runtime_seconds,cluster_sizes,n_clusters_excluding_noise
compact,kmeans,kmeans_k02,"{""init"":""k-means++"",""n_clusters"":2,""n_init"":20}",20260801.0,11719,2,2,0,0.0,0.9892482293711068,True,0.8501425645886583,0.4770335442284732,6804.035445772771,0.3410108329844661,"{""0"":11593,""1"":126}",2
compact,kmeans,kmeans_k03,"{""init"":""k-means++"",""n_clusters"":3,""n_init"":20}",20260801.0,11719,3,3,0,0.0,0.7513439713286116,True,0.5137616703599074,0.7463426756937311,8647.617027831406,0.12362087500514463,"{""0"":8805,""1"":124,""2"":2790}",3
compact,kmeans,kmeans_k04,"{""init"":""k-means++"",""n_clusters"":4,""n_init"":20}",20260801.0,11719,4,4,0,0.0,0.6642204966294052,True,0.5595143028687886,0.7745523266941869,10459.075569175475,0.08788566698785871,"{""0"":1344,""1"":7784,""2"":97,""3"":2494}",4
compact,kmeans,kmeans_k05,"{""init"":""k-means++"",""n_clusters"":5,""n_init"":20}",20260801.0,11719,5,5,0,0.0,0.4973973888557044,True,0.4778347915802162,0.7425407427807599,10065.931342590642,0.16981141600990668,"{""0"":3157,""1"":97,""2"":1354,""3"":1282,""4"":5829}",5
compact,kmeans,kmeans_k06,"{""init"":""k-means++"",""n_clusters"":6,""n_init"":20}",20260801.0,11719,6,6,0,0.0,0.4782831299598942,True,0.5082705053367723,0.8207612399699148,10534.658746710656,0.17700299998978153,"{""0"":2772,""1"":71,""2"":1771,""3"":5605,""4"":1167,""5"":333}",6
compact,kmeans,kmeans_k07,"{""init"":""k-means++"",""n_clusters"":7,""n_init"":20}",20260801.0,11719,7,7,0,0.0,0.45558494752111955,True,0.5316549740811928,0.8191989024224348,10635.010671214219,0.24836666701594368,"{""0"":2972,""1"":68,""2"":177,""3"":5339,""4"":1204,""5"":1204,""6"":755}",7
compact,kmeans,kmeans_k08,"{""init"":""k-means++"",""n_clusters"":8,""n_init"":20}",20260801.0,11719,8,8,0,0.0,0.46394743578803654,True,0.5395404052614106,0.8175629463280233,10608.660805431231,0.20563849998870865,"{""0"":721,""1"":1196,""2"":5437,""3"":51,""4"":1114,""5"":2875,""6"":237,""7"":88}",8
compact,kmeans,kmeans_k09,"{""init"":""k-means++"",""n_clusters"":9,""n_init"":20}",20260801.0,11719,9,9,0,0.0,0.351480501749296,True,0.5160492533381396,0.8056427886940895,10875.880741856092,0.18982558295829222,"{""0"":2786,""1"":51,""2"":720,""3"":890,""4"":1707,""5"":88,""6"":1120,""7"":4119,""8"":238}",9
compact,kmeans,kmeans_k10,"{""init"":""k-means++"",""n_clusters"":10,""n_init"":20}",20260801.0,11719,10,10,0,0.0,0.34490997525386125,True,0.5251950350691362,0.8158631483419432,11010.580496733306,0.24816870799986646,"{""0"":4042,""1"":1682,""2"":51,""3"":181,""4"":246,""5"":76,""6"":825,""7"":644,""8"":1120,""9"":2852}",10
compact,kmeans,kmeans_k11,"{""init"":""k-means++"",""n_clusters"":11,""n_init"":20}",20260801.0,11719,11,11,0,0.0,0.3580510282447308,True,0.5294965037021301,0.7853115278052448,11118.731223049128,0.337425958015956,"{""0"":2746,""1"":51,""2"":1639,""3"":624,""4"":1000,""5"":226,""6"":4196,""7"":33,""8"":814,""9"":254,""10"":136}",11
compact,kmeans,kmeans_k12,"{""init"":""k-means++"",""n_clusters"":12,""n_init"":20}",20260801.0,11719,12,12,0,0.0,0.3433740080211622,True,0.536567060404939,0.789856709070145,11045.326093456604,0.18023145804181695,"{""0"":4024,""1"":170,""2"":318,""3"":85,""4"":623,""5"":48,""6"":791,""7"":1575,""8"":1037,""9"":196,""10"":22,""11"":2830}",12
compact,classix,classix_r0.25_m1_distance,"{""group_merging"":""distance"",""mergeScale"":1.5,""mergeTinyGroups"":true,""metric"":""euclidean"",""minPts"":1,""post_alloc"":false,""radius"":0.25,""sorting"":""pca""}",,11719,219,219,0,0.0,0.7801860226981825,True,0.29931878733662776,0.40732852357682836,119.35165946390143,0.04829449998214841,"{""0"":1,""1"":1,""2"":1,""3"":2,""4"":1,""5"":1,""6"":1,""7"":2,""8"":1,""9"":2,""10"":1,""11"":3,""12"":1,""13"":1,""14"":1,""15"":1,""16"":1,""17"":1,""18"":1,""19"":2,""20"":1,""21"":1,""22"":1,""23"":1,""24"":1,""25"":1,""26"":1,""27"":1,""28"":1,""29"":1,""30"":1,""31"":1,""32"":6,""33"":1,""34"":1,""35"":1,""36"":1,""37"":1,""38"":1,""39"":1,""40"":1,""41"":1,""42"":1,""43"":1,""44"":1,""45"":1,""46"":1,""47"":1,""48"":3,""49"":2,""50"":1,""51"":1,""52"":1,""53"":1,""54"":1,""55"":1,""56"":1,""57"":1,""58"":1,""59"":1,""60"":1,""61"":1,""62"":3,""63"":2,""64"":1,""65"":1,""66"":1,""67"":1,""68"":1,""69"":1,""70"":1,""71"":1,""72"":1,""73"":2,""74"":1,""75"":1,""76"":1,""77"":1,""78"":2,""79"":1,""80"":1,""81"":1,""82"":2,""83"":1,""84"":1,""85"":1,""86"":2,""87"":1,""88"":1,""89"":1,""90"":1,""91"":1,""92"":1,""93"":3,""94"":1,""95"":1,""96"":1,""97"":1,""98"":4,""99"":1,""100"":2,""101"":1,""102"":1,""103"":1,""104"":2,""105"":1,""106"":1,""107"":1,""108"":1,""109"":1,""110"":3,""111"":1,""112"":2,""113"":2,""114"":1,""115"":2,""116"":1,""117"":1,""118"":2,""119"":3,""120"":2,""121"":2,""122"":1,""123"":1,""124"":5,""125"":2,""126"":1,""127"":3,""128"":1,""129"":1,""130"":1,""131"":1,""132"":3,""133"":1,""134"":1,""135"":2,""136"":2,""137"":1,""138"":1,""139"":2,""140"":2,""141"":1,""142"":3,""143"":1,""144"":1,""145"":1,""146"":4,""147"":1,""148"":1,""149"":1,""150"":1,""151"":4,""152"":8,""153"":2,""154"":5,""155"":1,""156"":2,""157"":7,""158"":1,""159"":1,""160"":1,""161"":1,""162"":1,""163"":2,""164"":2,""165"":2,""166"":3,""167"":2,""168"":2,""169"":3,""170"":1,""171"":2,""172"":1,""173"":2,""174"":2,""175"":2,""176"":1,""177"":5,""178"":17,""179"":6,""180"":5,""181"":2,""182"":35,""183"":23,""184"":4,""185"":1,""186"":1,""187"":1,""188"":2,""189"":2,""190"":52,""191"":8,""192"":1,""193"":1,""194"":2,""195"":1,""196"":5,""197"":11,""198"":1,""199"":55,""200"":1,""201"":2,""202"":4,""203"":5,""204"":3,""205"":58,""206"":1,""207"":2,""208"":39,""209"":1,""210"":14,""211"":533,""212"":1,""213"":120,""214"":1,""215"":281,""216"":1,""217"":1000,""218"":9143}",219
compact,classix,classix_r0.25_m1_density,"{""group_merging"":""density"",""mergeScale"":1.5,""mergeTinyGroups"":true,""metric"":""euclidean"",""minPts"":1,""post_alloc"":false,""radius"":0.25,""sorting"":""pca""}",,11719,278,278,0,0.0,0.7782233979008448,True,0.27200939345491887,0.3089994213173251,102.08061931155353,0.05329225002788007,"{""417"":1,""418"":1,""419"":1,""420"":1,""421"":1,""422"":1,""423"":1,""424"":1,""425"":1,""426"":1,""427"":1,""428"":2,""429"":1,""430"":1,""431"":1,""432"":1,""433"":1,""434"":1,""435"":1,""436"":1,""437"":1,""438"":1,""439"":1,""440"":2,""441"":1,""442"":1,""443"":1,""444"":1,""445"":1,""446"":1,""447"":1,""448"":1,""449"":1,""450"":1,""451"":1,""452"":1,""453"":1,""454"":1,""455"":1,""456"":1,""457"":1,""458"":1,""459"":1,""460"":1,""461"":2,""462"":1,""463"":1,""464"":1,""465"":1,""466"":1,""467"":1,""468"":1,""469"":1,""470"":1,""471"":1,""472"":1,""473"":1,""474"":1,""475"":1,""476"":2,""477"":1,""478"":1,""479"":1,""480"":1,""481"":1,""482"":1,""483"":1,""484"":1,""485"":1,""486"":1,""487"":1,""488"":1,""489"":1,""490"":1,""491"":1,""492"":1,""493"":2,""494"":1,""495"":1,""496"":1,""497"":1,""498"":1,""499"":1,""500"":1,""501"":1,""502"":1,""503"":1,""504"":1,""505"":1,""506"":1,""507"":2,""508"":1,""509"":1,""510"":1,""511"":1,""512"":2,""513"":1,""514"":1,""515"":1,""516"":1,""517"":1,""518"":1,""519"":1,""520"":1,""521"":1,""522"":1,""523"":1,""524"":1,""525"":1,""526"":1,""527"":1,""528"":1,""529"":2,""530"":4,""531"":1,""532"":2,""533"":1,""534"":1,""535"":1,""536"":2,""537"":1,""538"":1,""539"":1,""540"":1,""541"":1,""542"":3,""543"":1,""544"":2,""545"":2,""546"":1,""547"":1,""548"":1,""549"":1,""550"":1,""551"":1,""552"":3,""553"":1,""554"":1,""555"":1,""556"":1,""557"":1,""558"":1,""559"":1,""560"":2,""561"":1,""562"":1,""563"":1,""564"":1,""565"":1,""566"":1,""567"":3,""568"":1,""569"":1,""570"":1,""571"":1,""572"":1,""573"":1,""574"":2,""575"":1,""576"":2,""577"":2,""578"":1,""579"":1,""580"":1,""581"":1,""582"":1,""583"":1,""584"":1,""585"":1,""586"":1,""587"":1,""588"":4,""589"":1,""590"":1,""591"":3,""592"":1,""593"":1,""594"":4,""595"":2,""596"":1,""597"":2,""598"":5,""599"":5,""600"":1,""601"":2,""602"":1,""603"":1,""604"":1,""605"":7,""606"":1,""607"":1,""608"":2,""609"":2,""610"":1,""611"":3,""612"":2,""613"":2,""614"":2,""615"":1,""616"":2,""617"":1,""618"":2,""619"":1,""620"":2,""621"":1,""622"":2,""623"":1,""624"":5,""625"":1,""626"":1,""627"":1,""628"":5,""629"":5,""630"":5,""631"":2,""632"":1,""633"":10,""634"":3,""635"":1,""636"":1,""637"":1,""638"":1,""639"":1,""640"":9,""641"":1,""642"":1,""643"":1,""644"":2,""645"":2,""646"":2,""647"":1,""648"":1,""649"":8,""650"":2,""651"":1,""652"":63,""653"":1,""654"":1,""655"":1,""656"":5,""657"":4,""658"":2,""659"":1,""660"":1,""661"":3,""662"":55,""663"":1,""664"":2,""665"":4,""666"":1,""667"":1,""668"":3,""669"":4,""670"":1,""671"":1,""672"":13,""673"":7,""674"":1,""675"":2,""676"":11,""677"":53,""678"":6,""679"":1,""680"":3,""681"":25,""682"":1,""683"":8,""684"":544,""685"":1,""686"":120,""687"":3,""688"":1,""689"":277,""690"":1,""691"":33,""692"":967,""693"":23,""694"":9120}",278
compact,classix,classix_r0.25_m5_distance,"{""group_merging"":""distance"",""mergeScale"":1.5,""mergeTinyGroups"":true,""metric"":""euclidean"",""minPts"":5,""post_alloc"":false,""radius"":0.25,""sorting"":""pca""}",,11719,25,25,0,0.0,0.7801860226981825,True,0.3063532743110247,1.4512327219081422,898.3806533508173,0.017055042029824108,"{""0"":81,""1"":52,""2"":17,""3"":31,""4"":31,""5"":10,""6"":38,""7"":6,""8"":15,""9"":48,""10"":30,""11"":52,""12"":8,""13"":18,""14"":21,""15"":55,""16"":8,""17"":58,""18"":39,""19"":18,""20"":533,""21"":123,""22"":283,""23"":1001,""24"":9143}",25
compact,classix,classix_r0.25_m5_density,"{""group_merging"":""density"",""mergeScale"":1.5,""mergeTinyGroups"":true,""metric"":""euclidean"",""minPts"":5,""post_alloc"":false,""radius"":0.25,""sorting"":""pca""}",,11719,27,28,325,0.02773274170151037,0.8004212743549236,True,0.27582540534900174,1.0529068543112758,274.70792952628835,0.07197725004516542,"{""-1"":325,""598"":5,""599"":5,""605"":7,""624"":5,""628"":5,""629"":5,""630"":5,""633"":10,""640"":9,""649"":8,""652"":63,""656"":5,""662"":55,""672"":13,""673"":7,""676"":11,""677"":53,""678"":6,""681"":25,""683"":8,""684"":544,""686"":120,""689"":277,""691"":33,""692"":967,""693"":23,""694"":9120}",27
compact,classix,classix_r0.25_m10_distance,"{""group_merging"":""distance"",""mergeScale"":1.5,""mergeTinyGroups"":true,""metric"":""euclidean"",""minPts"":10,""post_alloc"":false,""radius"":0.25,""sorting"":""pca""}",,11719,14,14,0,0.0,0.7801860226981825,True,0.2974472326746338,2.4443350312940977,910.5950374869168,0.021261791000142694,"{""0"":120,""1"":54,""2"":88,""3"":158,""4"":24,""5"":69,""6"":61,""7"":39,""8"":18,""9"":537,""10"":124,""11"":283,""12"":1001,""13"":9143}",14
compact,classix,classix_r0.25_m10_density,"{""group_merging"":""density"",""mergeScale"":1.5,""mergeTinyGroups"":true,""metric"":""euclidean"",""minPts"":10,""post_alloc"":false,""radius"":0.25,""sorting"":""pca""}",,11719,14,15,405,0.034559262735728305,0.8060809616404455,True,0.28131383327652837,1.3719212519177033,476.792341388335,0.06452958402223885,"{""-1"":405,""633"":10,""652"":63,""662"":55,""672"":13,""676"":11,""677"":53,""681"":25,""684"":544,""686"":120,""689"":277,""691"":33,""692"":967,""693"":23,""694"":9120}",14
compact,classix,classix_r0.30_m1_distance,"{""group_merging"":""distance"",""mergeScale"":1.5,""mergeTinyGroups"":true,""metric"":""euclidean"",""minPts"":1,""post_alloc"":false,""radius"":0.3,""sorting"":""pca""}",,11719,188,188,0,0.0,0.7801860226981825,True,0.275930735933719,0.42008003979034375,144.30652900524476,0.01032337499782443,"{""0"":1,""1"":1,""2"":1,""3"":2,""4"":1,""5"":1,""6"":1,""7"":2,""8"":1,""9"":2,""10"":1,""11"":3,""12"":1,""13"":1,""14"":1,""15"":1,""16"":1,""17"":1,""18"":1,""19"":2,""20"":1,""21"":1,""22"":1,""23"":2,""24"":1,""25"":1,""26"":1,""27"":6,""28"":1,""29"":1,""30"":1,""31"":1,""32"":1,""33"":1,""34"":2,""35"":1,""36"":1,""37"":1,""38"":1,""39"":1,""40"":1,""41"":1,""42"":5,""43"":1,""44"":1,""45"":2,""46"":1,""47"":1,""48"":1,""49"":1,""50"":1,""51"":1,""52"":1,""53"":1,""54"":1,""55"":1,""56"":1,""57"":1,""58"":4,""59"":2,""60"":1,""61"":1,""62"":1,""63"":1,""64"":1,""65"":1,""66"":1,""67"":1,""68"":2,""69"":1,""70"":1,""71"":1,""72"":3,""73"":2,""74"":1,""75"":1,""76"":1,""77"":1,""78"":1,""79"":1,""80"":3,""81"":1,""82"":1,""83"":1,""84"":1,""85"":1,""86"":3,""87"":5,""88"":1,""89"":1,""90"":1,""91"":1,""92"":2,""93"":1,""94"":1,""95"":2,""96"":2,""97"":1,""98"":1,""99"":1,""100"":1,""101"":3,""102"":1,""103"":2,""104"":2,""105"":4,""106"":2,""107"":1,""108"":2,""109"":4,""110"":2,""111"":2,""112"":1,""113"":5,""114"":3,""115"":1,""116"":2,""117"":1,""118"":1,""119"":1,""120"":1,""121"":1,""122"":1,""123"":1,""124"":2,""125"":2,""126"":1,""127"":4,""128"":2,""129"":2,""130"":1,""131"":1,""132"":2,""133"":1,""134"":4,""135"":8,""136"":1,""137"":1,""138"":4,""139"":5,""140"":2,""141"":4,""142"":1,""143"":8,""144"":2,""145"":1,""146"":31,""147"":3,""148"":1,""149"":1,""150"":2,""151"":2,""152"":3,""153"":2,""154"":1,""155"":1,""156"":2,""157"":3,""158"":1,""159"":5,""160"":4,""161"":6,""162"":10,""163"":2,""164"":90,""165"":2,""166"":7,""167"":2,""168"":11,""169"":52,""170"":1,""171"":1,""172"":61,""173"":3,""174"":4,""175"":66,""176"":1,""177"":2,""178"":4,""179"":544,""180"":1,""181"":15,""182"":105,""183"":5,""184"":277,""185"":34,""186"":967,""187"":9143}",188
compact,classix,classix_r0.30_m1_density,"{""group_merging"":""density"",""mergeScale"":1.5,""mergeTinyGroups"":true,""metric"":""euclidean"",""minPts"":1,""post_alloc"":false,""radius"":0.3,""sorting"":""pca""}",,11719,251,251,0,0.0,0.7801860226981825,True,0.2973818885469628,0.33592966390782636,103.47978656498474,0.06285820796620101,"{""375"":1,""376"":1,""377"":1,""378"":2,""379"":1,""380"":1,""381"":1,""382"":1,""383"":1,""384"":1,""385"":2,""386"":1,""387"":2,""388"":1,""389"":1,""390"":1,""391"":1,""392"":1,""393"":1,""394"":1,""395"":1,""396"":2,""397"":1,""398"":1,""399"":1,""400"":1,""401"":1,""402"":1,""403"":1,""404"":1,""405"":1,""406"":1,""407"":1,""408"":1,""409"":1,""410"":1,""411"":1,""412"":1,""413"":2,""414"":1,""415"":1,""416"":2,""417"":1,""418"":1,""419"":1,""420"":1,""421"":1,""422"":1,""423"":1,""424"":1,""425"":1,""426"":1,""427"":1,""428"":1,""429"":1,""430"":1,""431"":2,""432"":1,""433"":1,""434"":1,""435"":1,""436"":1,""437"":1,""438"":1,""439"":1,""440"":1,""441"":1,""442"":1,""443"":1,""444"":1,""445"":1,""446"":1,""447"":1,""448"":2,""449"":1,""450"":1,""451"":1,""452"":1,""453"":1,""454"":1,""455"":1,""456"":1,""457"":1,""458"":1,""459"":1,""460"":1,""461"":1,""462"":2,""463"":1,""464"":1,""465"":1,""466"":1,""467"":2,""468"":1,""469"":1,""470"":1,""471"":2,""472"":1,""473"":1,""474"":1,""475"":1,""476"":1,""477"":1,""478"":1,""479"":1,""480"":1,""481"":1,""482"":1,""483"":2,""484"":4,""485"":1,""486"":2,""487"":1,""488"":1,""489"":1,""490"":1,""491"":1,""492"":3,""493"":1,""494"":1,""495"":3,""496"":1,""497"":2,""498"":2,""499"":1,""500"":1,""501"":1,""502"":1,""503"":1,""504"":1,""505"":3,""506"":1,""507"":1,""508"":1,""509"":1,""510"":1,""511"":4,""512"":1,""513"":2,""514"":1,""515"":1,""516"":2,""517"":1,""518"":1,""519"":1,""520"":1,""521"":1,""522"":1,""523"":1,""524"":1,""525"":3,""526"":2,""527"":2,""528"":1,""529"":1,""530"":2,""531"":1,""532"":1,""533"":1,""534"":3,""535"":1,""536"":1,""537"":1,""538"":4,""539"":1,""540"":1,""541"":1,""542"":1,""543"":4,""544"":2,""545"":8,""546"":1,""547"":5,""548"":2,""549"":1,""550"":1,""551"":1,""552"":7,""553"":1,""554"":1,""555"":2,""556"":2,""557"":1,""558"":3,""559"":2,""560"":2,""561"":2,""562"":1,""563"":2,""564"":1,""565"":2,""566"":1,""567"":2,""568"":1,""569"":2,""570"":1,""571"":5,""572"":6,""573"":5,""574"":2,""575"":17,""576"":2,""577"":1,""578"":1,""579"":1,""580"":12,""581"":2,""582"":2,""583"":2,""584"":1,""585"":1,""586"":8,""587"":2,""588"":1,""589"":63,""590"":5,""591"":1,""592"":1,""593"":5,""594"":4,""595"":2,""596"":1,""597"":1,""598"":3,""599"":1,""600"":55,""601"":2,""602"":4,""603"":1,""604"":1,""605"":3,""606"":5,""607"":1,""608"":1,""609"":2,""610"":18,""611"":66,""612"":6,""613"":1,""614"":7,""615"":1,""616"":26,""617"":12,""618"":547,""619"":1,""620"":108,""621"":4,""622"":277,""623"":1,""624"":1000,""625"":9143}",251
compact,classix,classix_r0.30_m5_distance,"{""group_merging"":""distance"",""mergeScale"":1.5,""mergeTinyGroups"":true,""metric"":""euclidean"",""minPts"":5,""post_alloc"":false,""radius"":0.3,""sorting"":""pca""}",,11719,25,25,0,0.0,0.7801860226981825,True,0.2721632108962758,1.3706135153974577,985.1500983044127,0.015365416998974979,"{""0"":47,""1"":36,""2"":39,""3"":34,""4"":9,""5"":13,""6"":21,""7"":51,""8"":8,""9"":6,""10"":19,""11"":108,""12"":17,""13"":15,""14"":52,""15"":77,""16"":66,""17"":551,""18"":18,""19"":105,""20"":6,""21"":277,""22"":34,""23"":967,""24"":9143}",25
compact,classix,classix_r0.30_m5_density,"{""group_merging"":""density"",""mergeScale"":1.5,""mergeTinyGroups"":true,""metric"":""euclidean"",""minPts"":5,""post_alloc"":false,""radius"":0.3,""sorting"":""pca""}",,11719,25,26,303,0.025855448417100434,0.8008934828311143,True,0.3150469152316705,1.1248381538896512,262.6678907439547,0.07022579200565815,"{""-1"":303,""545"":8,""547"":5,""552"":7,""571"":5,""572"":6,""573"":5,""575"":17,""580"":12,""586"":8,""589"":63,""590"":5,""593"":5,""600"":55,""606"":5,""610"":18,""611"":66,""612"":6,""614"":7,""616"":26,""617"":12,""618"":547,""620"":108,""622"":277,""624"":1000,""625"":9143}",25
compact,classix,classix_r0.30_m10_distance,"{""group_merging"":""distance"",""mergeScale"":1.5,""mergeTinyGroups"":true,""metric"":""euclidean"",""minPts"":10,""post_alloc"":false,""radius"":0.3,""sorting"":""pca""}",,11719,14,14,0,0.0,0.7801860226981825,True,0.26640292905557056,1.7627129558030337,1047.8250281542971,0.01068637502612546,"{""0"":174,""1"":40,""2"":110,""3"":38,""4"":113,""5"":77,""6"":66,""7"":551,""8"":19,""9"":105,""10"":279,""11"":37,""12"":967,""13"":9143}",14
compact,classix,classix_r0.30_m10_density,"{""group_merging"":""density"",""mergeScale"":1.5,""mergeTinyGroups"":true,""metric"":""euclidean"",""minPts"":10,""post_alloc"":false,""radius"":0.3,""sorting"":""pca""}",,11719,13,14,375,0.03199931734789658,0.8059767277856136,True,0.3198226326400587,1.5231296813672814,454.4657985366708,0.1145837499643676,"{""-1"":375,""575"":17,""580"":12,""589"":63,""600"":55,""610"":18,""611"":66,""616"":26,""617"":12,""618"":547,""620"":108,""622"":277,""624"":1000,""625"":9143}",13
compact,classix,classix_r0.35_m1_distance,"{""group_merging"":""distance"",""mergeScale"":1.5,""mergeTinyGroups"":true,""metric"":""euclidean"",""minPts"":1,""post_alloc"":false,""radius"":0.35,""sorting"":""pca""}",,11719,150,150,0,0.0,0.7801860226981825,True,0.3047263537974974,0.487904686176095,168.28602128478968,0.014773208007682115,"{""0"":1,""1"":1,""2"":1,""3"":2,""4"":1,""5"":1,""6"":1,""7"":2,""8"":1,""9"":2,""10"":1,""11"":5,""12"":1,""13"":1,""14"":1,""15"":1,""16"":1,""17"":2,""18"":1,""19"":4,""20"":2,""21"":1,""22"":10,""23"":2,""24"":1,""25"":1,""26"":1,""27"":1,""28"":1,""29"":1,""30"":1,""31"":1,""32"":1,""33"":6,""34"":1,""35"":1,""36"":2,""37"":1,""38"":1,""39"":1,""40"":1,""41"":1,""42"":1,""43"":5,""44"":1,""45"":1,""46"":1,""47"":2,""48"":1,""49"":1,""50"":1,""51"":1,""52"":3,""53"":1,""54"":1,""55"":1,""56"":1,""57"":3,""58"":1,""59"":1,""60"":2,""61"":3,""62"":1,""63"":1,""64"":1,""65"":1,""66"":3,""67"":1,""68"":1,""69"":1,""70"":1,""71"":1,""72"":5,""73"":5,""74"":1,""75"":1,""76"":1,""77"":1,""78"":2,""79"":1,""80"":1,""81"":3,""82"":1,""83"":1,""84"":1,""85"":3,""86"":1,""87"":2,""88"":2,""89"":6,""90"":2,""91"":1,""92"":2,""93"":2,""94"":2,""95"":4,""96"":1,""97"":5,""98"":4,""99"":1,""100"":5,""101"":1,""102"":3,""103"":1,""104"":19,""105"":1,""106"":1,""107"":2,""108"":15,""109"":6,""110"":1,""111"":2,""112"":1,""113"":1,""114"":1,""115"":5,""116"":4,""117"":1,""118"":3,""119"":1,""120"":84,""121"":3,""122"":1,""123"":2,""124"":3,""125"":1,""126"":1,""127"":2,""128"":3,""129"":1,""130"":5,""131"":8,""132"":80,""133"":8,""134"":210,""135"":2,""136"":2,""137"":1,""138"":1,""139"":3,""140"":4,""141"":66,""142"":1,""143"":2,""144"":548,""145"":1,""146"":5,""147"":277,""148"":1001,""149"":9143}",150
compact,classix,classix_r0.35_m1_density,"{""group_merging"":""density"",""mergeScale"":1.5,""mergeTinyGroups"":true,""metric"":""euclidean"",""minPts"":1,""post_alloc"":false,""radius"":0.35,""sorting"":""pca""}",,11719,221,221,0,0.0,0.7801860226981825,True,0.29779165048138234,0.4019240364975203,115.43695644851641,0.06506420799996704,"{""348"":1,""349"":1,""350"":1,""351"":2,""352"":1,""353"":1,""354"":1,""355"":2,""356"":1,""357"":2,""358"":1,""359"":1,""360"":1,""361"":3,""362"":1,""363"":1,""364"":1,""365"":1,""366"":1,""367"":2,""368"":1,""369"":1,""370"":1,""371"":1,""372"":1,""373"":1,""374"":1,""375"":1,""376"":1,""377"":1,""378"":1,""379"":1,""380"":1,""381"":1,""382"":1,""383"":1,""384"":6,""385"":1,""386"":1,""387"":1,""388"":1,""389"":1,""390"":1,""391"":1,""392"":1,""393"":1,""394"":1,""395"":1,""396"":1,""397"":1,""398"":1,""399"":2,""400"":1,""401"":1,""402"":1,""403"":1,""404"":1,""405"":1,""406"":1,""407"":1,""408"":1,""409"":1,""410"":1,""411"":1,""412"":1,""413"":1,""414"":1,""415"":1,""416"":3,""417"":1,""418"":1,""419"":1,""420"":1,""421"":1,""422"":1,""423"":1,""424"":1,""425"":1,""426"":1,""427"":1,""428"":1,""429"":2,""430"":1,""431"":1,""432"":1,""433"":1,""434"":2,""435"":1,""436"":1,""437"":1,""438"":2,""439"":1,""440"":1,""441"":1,""442"":1,""443"":1,""444"":1,""445"":1,""446"":1,""447"":1,""448"":5,""449"":3,""450"":1,""451"":2,""452"":1,""453"":1,""454"":1,""455"":1,""456"":1,""457"":3,""458"":1,""459"":1,""460"":3,""461"":1,""462"":2,""463"":2,""464"":1,""465"":2,""466"":1,""467"":1,""468"":2,""469"":3,""470"":2,""471"":1,""472"":1,""473"":1,""474"":1,""475"":4,""476"":2,""477"":1,""478"":1,""479"":1,""480"":3,""481"":1,""482"":1,""483"":1,""484"":1,""485"":1,""486"":3,""487"":2,""488"":2,""489"":1,""490"":1,""491"":2,""492"":1,""493"":1,""494"":1,""495"":3,""496"":1,""497"":1,""498"":1,""499"":4,""500"":1,""501"":1,""502"":1,""503"":1,""504"":4,""505"":2,""506"":8,""507"":1,""508"":2,""509"":1,""510"":1,""511"":1,""512"":1,""513"":1,""514"":12,""515"":2,""516"":2,""517"":2,""518"":2,""519"":5,""520"":2,""521"":1,""522"":2,""523"":1,""524"":2,""525"":2,""526"":1,""527"":2,""528"":1,""529"":5,""530"":6,""531"":5,""532"":2,""533"":17,""534"":1,""535"":1,""536"":2,""537"":2,""538"":5,""539"":1,""540"":1,""541"":8,""542"":1,""543"":75,""544"":6,""545"":9,""546"":55,""547"":1,""548"":5,""549"":2,""550"":10,""551"":4,""552"":5,""553"":1,""554"":1,""555"":18,""556"":2,""557"":66,""558"":7,""559"":1,""560"":1,""561"":32,""562"":547,""563"":1,""564"":120,""565"":281,""566"":1,""567"":1000,""568"":9143}",221
compact,classix,classix_r0.35_m5_distance,"{""group_merging"":""distance"",""mergeScale"":1.5,""mergeTinyGroups"":true,""metric"":""euclidean"",""minPts"":5,""post_alloc"":false,""radius"":0.35,""sorting"":""pca""}",,11719,25,25,0,0.0,0.7801860226981825,True,0.30775892109064423,1.3401183479113064,963.2323993625631,0.011208167008589953,"{""0"":28,""1"":20,""2"":19,""3"":34,""4"":14,""5"":12,""6"":13,""7"":13,""8"":11,""9"":21,""10"":15,""11"":21,""12"":8,""13"":86,""14"":5,""15"":18,""16"":89,""17"":19,""18"":229,""19"":66,""20"":551,""21"":6,""22"":277,""23"":1001,""24"":9143}",25
compact,classix,classix_r0.35_m5_density,"{""group_merging"":""density"",""mergeScale"":1.5,""mergeTinyGroups"":true,""metric"":""euclidean"",""minPts"":5,""post_alloc"":false,""radius"":0.35,""sorting"":""pca""}",,11719,27,28,258,0.022015530335352845,0.797748887531629,True,0.3221858753429551,1.235253826776085,290.0706767956737,0.07009437499800697,"{""-1"":258,""384"":6,""448"":5,""506"":8,""514"":12,""519"":5,""529"":5,""530"":6,""531"":5,""533"":17,""538"":5,""541"":8,""543"":75,""544"":6,""545"":9,""546"":55,""548"":5,""550"":10,""552"":5,""555"":18,""557"":66,""558"":7,""561"":32,""562"":547,""564"":120,""565"":281,""567"":1000,""568"":9143}",27
compact,classix,classix_r0.35_m10_distance,"{""group_merging"":""distance"",""mergeScale"":1.5,""mergeTinyGroups"":true,""metric"":""euclidean"",""minPts"":10,""post_alloc"":false,""radius"":0.35,""sorting"":""pca""}",,11719,11,11,0,0.0,0.7801860226981825,True,0.33214690142768977,1.635296090861357,1975.9138707435002,0.0203961250372231,"{""0"":78,""1"":91,""2"":41,""3"":112,""4"":105,""5"":236,""6"":75,""7"":555,""8"":279,""9"":1004,""10"":9143}",11
compact,classix,classix_r0.35_m10_density,"{""group_merging"":""density"",""mergeScale"":1.5,""mergeTinyGroups"":true,""metric"":""euclidean"",""minPts"":10,""post_alloc"":false,""radius"":0.35,""sorting"":""pca""}",,11719,13,14,343,0.029268708934209405,0.8037095639943741,True,0.3359512900124251,1.7594322888068763,467.70224039820823,0.05784616700839251,"{""-1"":343,""514"":12,""533"":17,""543"":75,""546"":55,""550"":10,""555"":18,""557"":66,""561"":32,""562"":547,""564"":120,""565"":281,""567"":1000,""568"":9143}",13
compact,classix,classix_r0.40_m1_distance,"{""group_merging"":""distance"",""mergeScale"":1.5,""mergeTinyGroups"":true,""metric"":""euclidean"",""minPts"":1,""post_alloc"":false,""radius"":0.4,""sorting"":""pca""}",,11719,125,125,0,0.0,0.7801860226981825,True,0.3114651782430388,0.49025115668335373,198.96316670079423,0.015897000033874065,"{""0"":1,""1"":1,""2"":1,""3"":2,""4"":1,""5"":1,""6"":1,""7"":2,""8"":1,""9"":2,""10"":1,""11"":5,""12"":1,""13"":1,""14"":9,""15"":1,""16"":1,""17"":1,""18"":1,""19"":10,""20"":2,""21"":2,""22"":1,""23"":1,""24"":1,""25"":1,""26"":3,""27"":1,""28"":3,""29"":1,""30"":4,""31"":2,""32"":1,""33"":1,""34"":1,""35"":1,""36"":1,""37"":7,""38"":1,""39"":1,""40"":2,""41"":1,""42"":1,""43"":1,""44"":3,""45"":4,""46"":1,""47"":1,""48"":1,""49"":2,""50"":1,""51"":1,""52"":2,""53"":1,""54"":1,""55"":1,""56"":1,""57"":1,""58"":3,""59"":1,""60"":1,""61"":1,""62"":1,""63"":1,""64"":5,""65"":9,""66"":1,""67"":2,""68"":1,""69"":4,""70"":1,""71"":1,""72"":5,""73"":1,""74"":1,""75"":1,""76"":2,""77"":4,""78"":2,""79"":1,""80"":2,""81"":2,""82"":2,""83"":1,""84"":7,""85"":4,""86"":1,""87"":3,""88"":5,""89"":3,""90"":1,""91"":19,""92"":1,""93"":1,""94"":2,""95"":30,""96"":6,""97"":1,""98"":2,""99"":1,""100"":1,""101"":1,""102"":220,""103"":1,""104"":3,""105"":1,""106"":3,""107"":3,""108"":1,""109"":100,""110"":1,""111"":1,""112"":2,""113"":5,""114"":75,""115"":3,""116"":1,""117"":3,""118"":4,""119"":66,""120"":548,""121"":1,""122"":282,""123"":1001,""124"":9143}",125
compact,classix,classix_r0.40_m1_density,"{""group_merging"":""density"",""mergeScale"":1.5,""mergeTinyGroups"":true,""metric"":""euclidean"",""minPts"":1,""post_alloc"":false,""radius"":0.4,""sorting"":""pca""}",,11719,197,197,0,0.0,0.7801860226981825,True,0.3112109094551885,0.42070985296178043,129.9029156565336,0.062457041000016034,"{""316"":1,""317"":1,""318"":1,""319"":2,""320"":1,""321"":1,""322"":1,""323"":2,""324"":1,""325"":2,""326"":1,""327"":1,""328"":1,""329"":3,""330"":1,""331"":1,""332"":1,""333"":1,""334"":1,""335"":1,""336"":1,""337"":3,""338"":1,""339"":1,""340"":1,""341"":1,""342"":1,""343"":1,""344"":1,""345"":1,""346"":1,""347"":1,""348"":1,""349"":7,""350"":1,""351"":1,""352"":1,""353"":1,""354"":1,""355"":1,""356"":1,""357"":1,""358"":1,""359"":1,""360"":1,""361"":1,""362"":3,""363"":2,""364"":1,""365"":1,""366"":1,""367"":1,""368"":1,""369"":1,""370"":1,""371"":1,""372"":1,""373"":1,""374"":1,""375"":1,""376"":2,""377"":1,""378"":1,""379"":3,""380"":1,""381"":1,""382"":1,""383"":1,""384"":1,""385"":1,""386"":1,""387"":2,""388"":1,""389"":1,""390"":1,""391"":1,""392"":2,""393"":1,""394"":1,""395"":1,""396"":2,""397"":1,""398"":1,""399"":1,""400"":3,""401"":1,""402"":1,""403"":1,""404"":1,""405"":1,""406"":1,""407"":1,""408"":1,""409"":5,""410"":3,""411"":1,""412"":2,""413"":1,""414"":1,""415"":1,""416"":1,""417"":1,""418"":3,""419"":1,""420"":1,""421"":3,""422"":1,""423"":2,""424"":2,""425"":4,""426"":2,""427"":1,""428"":1,""429"":2,""430"":2,""431"":1,""432"":1,""433"":1,""434"":1,""435"":3,""436"":1,""437"":1,""438"":3,""439"":1,""440"":1,""441"":5,""442"":7,""443"":2,""444"":1,""445"":1,""446"":2,""447"":2,""448"":1,""449"":3,""450"":1,""451"":1,""452"":1,""453"":4,""454"":1,""455"":1,""456"":1,""457"":4,""458"":2,""459"":9,""460"":1,""461"":6,""462"":2,""463"":6,""464"":1,""465"":3,""466"":1,""467"":1,""468"":2,""469"":2,""470"":1,""471"":9,""472"":1,""473"":2,""474"":2,""475"":1,""476"":5,""477"":6,""478"":12,""479"":5,""480"":11,""481"":2,""482"":2,""483"":1,""484"":1,""485"":12,""486"":2,""487"":12,""488"":2,""489"":1,""490"":1,""491"":8,""492"":1,""493"":51,""494"":6,""495"":3,""496"":55,""497"":4,""498"":4,""499"":7,""500"":6,""501"":1,""502"":34,""503"":2,""504"":66,""505"":1,""506"":1,""507"":39,""508"":547,""509"":120,""510"":282,""511"":1001,""512"":9143}",197
compact,classix,classix_r0.40_m5_distance,"{""group_merging"":""distance"",""mergeScale"":1.5,""mergeTinyGroups"":true,""metric"":""euclidean"",""minPts"":5,""post_alloc"":false,""radius"":0.4,""sorting"":""pca""}",,11719,21,21,0,0.0,0.7801860226981825,True,0.32623147244507167,1.3588038005698946,1137.1321313722685,0.014742458006367087,"{""0"":21,""1"":17,""2"":17,""3"":39,""4"":14,""5"":19,""6"":19,""7"":12,""8"":10,""9"":27,""10"":30,""11"":10,""12"":230,""13"":124,""14"":9,""15"":77,""16"":66,""17"":551,""18"":283,""19"":1001,""20"":9143}",21
compact,classix,classix_r0.40_m5_density,"{""group_merging"":""density"",""mergeScale"":1.5,""mergeTinyGroups"":true,""metric"":""euclidean"",""minPts"":5,""post_alloc"":false,""radius"":0.4,""sorting"":""pca""}",,11719,29,30,237,0.02022356856387064,0.7962898449747431,True,0.32868686620313203,1.2015907573339824,288.12852836865665,0.06558783299988136,"{""-1"":237,""349"":7,""409"":5,""441"":5,""442"":7,""459"":9,""461"":6,""463"":6,""471"":9,""476"":5,""477"":6,""478"":12,""479"":5,""480"":11,""485"":12,""487"":12,""491"":8,""493"":51,""494"":6,""496"":55,""499"":7,""500"":6,""502"":34,""504"":66,""507"":39,""508"":547,""509"":120,""510"":282,""511"":1001,""512"":9143}",29
compact,classix,classix_r0.40_m10_distance,"{""group_merging"":""distance"",""mergeScale"":1.5,""mergeTinyGroups"":true,""metric"":""euclidean"",""minPts"":10,""post_alloc"":false,""radius"":0.4,""sorting"":""pca""}",,11719,11,11,0,0.0,0.7801860226981825,True,0.32700838477056277,1.7123720028493425,1977.6103434177269,0.010131999966688454,"{""0"":76,""1"":82,""2"":61,""3"":234,""4"":131,""5"":91,""6"":66,""7"":551,""8"":283,""9"":1001,""10"":9143}",11
compact,classix,classix_r0.40_m10_density,"{""group_merging"":""density"",""mergeScale"":1.5,""mergeTinyGroups"":true,""metric"":""euclidean"",""minPts"":10,""post_alloc"":false,""radius"":0.4,""sorting"":""pca""}",,11719,14,15,334,0.028500725317859885,0.8030742204655248,True,0.3360857663090051,1.6111458885737069,443.9344839742649,0.07312137499684468,"{""-1"":334,""478"":12,""480"":11,""485"":12,""487"":12,""493"":51,""496"":55,""502"":34,""504"":66,""507"":39,""508"":547,""509"":120,""510"":282,""511"":1001,""512"":9143}",14
compact,classix,classix_r0.45_m1_distance,"{""group_merging"":""distance"",""mergeScale"":1.5,""mergeTinyGroups"":true,""metric"":""euclidean"",""minPts"":1,""post_alloc"":false,""radius"":0.45,""sorting"":""pca""}",,11719,107,107,0,0.0,0.7801860226981825,True,0.32604915796856393,0.5318100754384834,225.35444748391384,0.006482833006884903,"{""0"":1,""1"":1,""2"":1,""3"":3,""4"":1,""5"":1,""6"":2,""7"":1,""8"":2,""9"":1,""10"":5,""11"":1,""12"":1,""13"":17,""14"":1,""15"":1,""16"":1,""17"":2,""18"":1,""19"":2,""20"":2,""21"":1,""22"":1,""23"":1,""24"":1,""25"":3,""26"":1,""27"":2,""28"":1,""29"":5,""30"":1,""31"":3,""32"":1,""33"":1,""34"":1,""35"":16,""36"":1,""37"":1,""38"":2,""39"":1,""40"":1,""41"":3,""42"":1,""43"":1,""44"":1,""45"":2,""46"":1,""47"":1,""48"":2,""49"":1,""50"":1,""51"":1,""52"":1,""53"":1,""54"":1,""55"":1,""56"":1,""57"":1,""58"":3,""59"":13,""60"":6,""61"":4,""62"":1,""63"":4,""64"":1,""65"":1,""66"":2,""67"":1,""68"":1,""69"":3,""70"":2,""71"":1,""72"":2,""73"":2,""74"":1,""75"":114,""76"":3,""77"":4,""78"":168,""79"":3,""80"":2,""81"":19,""82"":1,""83"":1,""84"":8,""85"":4,""86"":1,""87"":2,""88"":1,""89"":1,""90"":503,""91"":1,""92"":1,""93"":3,""94"":3,""95"":1,""96"":1,""97"":1,""98"":3,""99"":5,""100"":3,""101"":1,""102"":3,""103"":4,""104"":548,""105"":1001,""106"":9143}",107
compact,classix,classix_r0.45_m1_density,"{""group_merging"":""density"",""mergeScale"":1.5,""mergeTinyGroups"":true,""metric"":""euclidean"",""minPts"":1,""post_alloc"":false,""radius"":0.45,""sorting"":""pca""}",,11719,166,166,0,0.0,0.7801860226981825,True,0.30991815340877904,0.4605130917748702,151.51332918152417,0.10622445796616375,"{""293"":1,""294"":1,""295"":1,""296"":2,""297"":1,""298"":1,""299"":1,""300"":2,""301"":1,""302"":2,""303"":1,""304"":1,""305"":4,""306"":1,""307"":1,""308"":1,""309"":1,""310"":1,""311"":1,""312"":1,""313"":3,""314"":2,""315"":1,""316"":1,""317"":1,""318"":1,""319"":1,""320"":1,""321"":1,""322"":1,""323"":1,""324"":8,""325"":1,""326"":1,""327"":1,""328"":1,""329"":1,""330"":1,""331"":1,""332"":1,""333"":1,""334"":5,""335"":2,""336"":1,""337"":1,""338"":1,""339"":1,""340"":1,""341"":1,""342"":1,""343"":1,""344"":1,""345"":1,""346"":1,""347"":1,""348"":2,""349"":1,""350"":4,""351"":1,""352"":1,""353"":1,""354"":1,""355"":1,""356"":1,""357"":1,""358"":2,""359"":1,""360"":1,""361"":1,""362"":2,""363"":1,""364"":1,""365"":1,""366"":1,""367"":1,""368"":1,""369"":1,""370"":6,""371"":1,""372"":1,""373"":1,""374"":1,""375"":5,""376"":1,""377"":1,""378"":1,""379"":1,""380"":2,""381"":1,""382"":1,""383"":5,""384"":1,""385"":1,""386"":3,""387"":1,""388"":3,""389"":1,""390"":2,""391"":2,""392"":4,""393"":2,""394"":1,""395"":2,""396"":2,""397"":2,""398"":1,""399"":3,""400"":1,""401"":1,""402"":7,""403"":3,""404"":1,""405"":1,""406"":1,""407"":1,""408"":5,""409"":2,""410"":1,""411"":2,""412"":2,""413"":1,""414"":1,""415"":2,""416"":1,""417"":4,""418"":1,""419"":4,""420"":1,""421"":4,""422"":1,""423"":2,""424"":1,""425"":3,""426"":12,""427"":1,""428"":1,""429"":4,""430"":5,""431"":13,""432"":1,""433"":1,""434"":2,""435"":3,""436"":1,""437"":11,""438"":2,""439"":2,""440"":2,""441"":37,""442"":1,""443"":1,""444"":80,""445"":61,""446"":3,""447"":4,""448"":1,""449"":2,""450"":66,""451"":10,""452"":1,""453"":80,""454"":548,""455"":120,""456"":282,""457"":1001,""458"":9143}",166
compact,classix,classix_r0.45_m5_distance,"{""group_merging"":""distance"",""mergeScale"":1.5,""mergeTinyGroups"":true,""metric"":""euclidean"",""minPts"":5,""post_alloc"":false,""radius"":0.45,""sorting"":""pca""}",,11719,15,15,0,0.0,0.7801860226981825,True,0.34509032969823883,1.362154717404904,1526.3628030231953,0.015452915977220982,"{""0"":22,""1"":30,""2"":15,""3"":36,""4"":16,""5"":17,""6"":127,""7"":200,""8"":25,""9"":11,""10"":516,""11"":9,""12"":551,""13"":1001,""14"":9143}",15
compact,classix,classix_r0.45_m5_density,"{""group_merging"":""density"",""mergeScale"":1.5,""mergeTinyGroups"":true,""metric"":""euclidean"",""minPts"":5,""post_alloc"":false,""radius"":0.45,""sorting"":""pca""}",,11719,22,23,209,0.01783428620189436,0.7943527367506517,True,0.33171348608423873,1.2605737446923193,430.06254835894003,0.07867916696704924,"{""-1"":209,""324"":8,""334"":5,""370"":6,""375"":5,""383"":5,""402"":7,""408"":5,""426"":12,""430"":5,""431"":13,""437"":11,""441"":37,""444"":80,""445"":61,""450"":66,""451"":10,""453"":80,""454"":548,""455"":120,""456"":282,""457"":1001,""458"":9143}",22
compact,classix,classix_r0.45_m10_distance,"{""group_merging"":""distance"",""mergeScale"":1.5,""mergeTinyGroups"":true,""metric"":""euclidean"",""minPts"":10,""post_alloc"":false,""radius"":0.45,""sorting"":""pca""}",,11719,10,10,0,0.0,0.7801860226981825,True,0.34881121973796286,1.557980132062517,2221.964158270692,0.01792300003580749,"{""0"":58,""1"":53,""2"":16,""3"":149,""4"":200,""5"":32,""6"":516,""7"":551,""8"":1001,""9"":9143}",10
compact,classix,classix_r0.45_m10_density,"{""group_merging"":""density"",""mergeScale"":1.5,""mergeTinyGroups"":true,""metric"":""euclidean"",""minPts"":10,""post_alloc"":false,""radius"":0.45,""sorting"":""pca""}",,11719,14,15,255,0.021759535796569675,0.7975401256106072,True,0.3312719150390873,1.6608736007633846,496.0492608720846,0.062215292011387646,"{""-1"":255,""426"":12,""431"":13,""437"":11,""441"":37,""444"":80,""445"":61,""450"":66,""451"":10,""453"":80,""454"":548,""455"":120,""456"":282,""457"":1001,""458"":9143}",14
compact,classix,classix_r0.50_m1_distance,"{""group_merging"":""distance"",""mergeScale"":1.5,""mergeTinyGroups"":true,""metric"":""euclidean"",""minPts"":1,""post_alloc"":false,""radius"":0.5,""sorting"":""pca""}",,11719,89,89,0,0.0,0.7801860226981825,True,0.33074875503610734,0.5468645456542767,270.93246020453796,0.005982082977425307,"{""0"":1,""1"":1,""2"":1,""3"":3,""4"":1,""5"":1,""6"":2,""7"":1,""8"":2,""9"":1,""10"":3,""11"":2,""12"":1,""13"":1,""14"":7,""15"":1,""16"":1,""17"":1,""18"":2,""19"":1,""20"":11,""21"":2,""22"":2,""23"":1,""24"":1,""25"":1,""26"":9,""27"":1,""28"":1,""29"":3,""30"":12,""31"":1,""32"":1,""33"":1,""34"":2,""35"":1,""36"":1,""37"":3,""38"":6,""39"":1,""40"":2,""41"":1,""42"":1,""43"":3,""44"":1,""45"":4,""46"":1,""47"":1,""48"":1,""49"":7,""50"":1,""51"":1,""52"":1,""53"":3,""54"":32,""55"":1,""56"":121,""57"":1,""58"":1,""59"":2,""60"":1,""61"":1,""62"":4,""63"":1,""64"":5,""65"":1,""66"":10,""67"":5,""68"":3,""69"":3,""70"":1,""71"":13,""72"":2,""73"":2,""74"":1,""75"":1,""76"":5,""77"":1,""78"":166,""79"":3,""80"":1,""81"":1,""82"":6,""83"":501,""84"":5,""85"":3,""86"":548,""87"":1001,""88"":9143}",89
compact,classix,classix_r0.50_m1_density,"{""group_merging"":""density"",""mergeScale"":1.5,""mergeTinyGroups"":true,""metric"":""euclidean"",""minPts"":1,""post_alloc"":false,""radius"":0.5,""sorting"":""pca""}",,11719,144,144,0,0.0,0.7801860226981825,True,0.30971176226764763,0.47154881049094377,172.6418668914436,0.06578825000906363,"{""260"":1,""261"":1,""262"":1,""263"":2,""264"":1,""265"":1,""266"":1,""267"":2,""268"":1,""269"":2,""270"":1,""271"":3,""272"":2,""273"":1,""274"":1,""275"":1,""276"":1,""277"":1,""278"":1,""279"":1,""280"":3,""281"":2,""282"":1,""283"":2,""284"":2,""285"":1,""286"":1,""287"":10,""288"":1,""289"":1,""290"":1,""291"":1,""292"":1,""293"":1,""294"":1,""295"":1,""296"":1,""297"":6,""298"":2,""299"":1,""300"":1,""301"":1,""302"":1,""303"":1,""304"":1,""305"":1,""306"":1,""307"":1,""308"":1,""309"":2,""310"":1,""311"":5,""312"":1,""313"":1,""314"":1,""315"":1,""316"":1,""317"":1,""318"":1,""319"":2,""320"":1,""321"":1,""322"":2,""323"":2,""324"":1,""325"":1,""326"":1,""327"":1,""328"":7,""329"":1,""330"":1,""331"":1,""332"":1,""333"":1,""334"":5,""335"":1,""336"":1,""337"":1,""338"":1,""339"":2,""340"":1,""341"":1,""342"":5,""343"":1,""344"":3,""345"":1,""346"":4,""347"":1,""348"":2,""349"":2,""350"":2,""351"":1,""352"":2,""353"":2,""354"":2,""355"":1,""356"":1,""357"":7,""358"":1,""359"":5,""360"":1,""361"":1,""362"":7,""363"":5,""364"":4,""365"":5,""366"":1,""367"":2,""368"":1,""369"":5,""370"":3,""371"":1,""372"":1,""373"":3,""374"":5,""375"":9,""376"":1,""377"":3,""378"":11,""379"":1,""380"":3,""381"":1,""382"":5,""383"":5,""384"":1,""385"":1,""386"":2,""387"":3,""388"":11,""389"":2,""390"":1,""391"":80,""392"":1,""393"":100,""394"":3,""395"":4,""396"":1,""397"":66,""398"":1,""399"":548,""400"":214,""401"":282,""402"":1001,""403"":9143}",144
compact,classix,classix_r0.50_m5_distance,"{""group_merging"":""distance"",""mergeScale"":1.5,""mergeTinyGroups"":true,""metric"":""euclidean"",""minPts"":5,""post_alloc"":false,""radius"":0.5,""sorting"":""pca""}",,11719,20,20,0,0.0,0.7801860226981825,True,0.3309001401620484,1.3123637102317998,1162.6152214873111,0.00693416700232774,"{""0"":32,""1"":14,""2"":19,""3"":19,""4"":15,""5"":19,""6"":33,""7"":131,""8"":5,""9"":16,""10"":9,""11"":16,""12"":8,""13"":167,""14"":12,""15"":504,""16"":5,""17"":551,""18"":1001,""19"":9143}",20
compact,classix,classix_r0.50_m5_density,"{""group_merging"":""density"",""mergeScale"":1.5,""mergeTinyGroups"":true,""metric"":""euclidean"",""minPts"":5,""post_alloc"":false,""radius"":0.5,""sorting"":""pca""}",,11719,26,27,167,0.014250362658929943,0.7914646814404432,True,0.3341284094003347,1.0678782150021282,408.57855059095664,0.06993404199602082,"{""-1"":167,""287"":10,""297"":6,""311"":5,""328"":7,""334"":5,""342"":5,""357"":7,""359"":5,""362"":7,""363"":5,""365"":5,""369"":5,""374"":5,""375"":9,""378"":11,""382"":5,""383"":5,""388"":11,""391"":80,""393"":100,""397"":66,""399"":548,""400"":214,""401"":282,""402"":1001,""403"":9143}",26
compact,classix,classix_r0.50_m10_distance,"{""group_merging"":""distance"",""mergeScale"":1.5,""mergeTinyGroups"":true,""metric"":""euclidean"",""minPts"":10,""post_alloc"":false,""radius"":0.5,""sorting"":""pca""}",,11719,11,11,0,0.0,0.7801860226981825,True,0.34978515470980737,1.5392465240197308,2036.8378979504912,0.01559491700027138,"{""0"":53,""1"":45,""2"":46,""3"":148,""4"":16,""5"":25,""6"":179,""7"":512,""8"":551,""9"":1001,""10"":9143}",11
compact,classix,classix_r0.50_m10_density,"{""group_merging"":""density"",""mergeScale"":1.5,""mergeTinyGroups"":true,""metric"":""euclidean"",""minPts"":10,""post_alloc"":false,""radius"":0.5,""sorting"":""pca""}",,11719,11,12,253,0.021588872770714224,0.797401011686726,True,0.33589092735776477,1.5148529089246845,764.4101725567449,0.05903616698924452,"{""-1"":253,""287"":10,""378"":11,""388"":11,""391"":80,""393"":100,""397"":66,""399"":548,""400"":214,""401"":282,""402"":1001,""403"":9143}",11
compact,classix,classix_r0.55_m1_distance,"{""group_merging"":""distance"",""mergeScale"":1.5,""mergeTinyGroups"":true,""metric"":""euclidean"",""minPts"":1,""post_alloc"":false,""radius"":0.55,""sorting"":""pca""}",,11719,63,63,0,0.0,0.7801860226981825,True,0.4130065939710772,0.5700706921039929,338.4435294648349,0.011296292010229081,"{""0"":1,""1"":1,""2"":1,""3"":3,""4"":1,""5"":1,""6"":2,""7"":1,""8"":3,""9"":1,""10"":4,""11"":1,""12"":1,""13"":6,""14"":1,""15"":3,""16"":2,""17"":39,""18"":2,""19"":2,""20"":1,""21"":1,""22"":1,""23"":1,""24"":1,""25"":1,""26"":1,""27"":1,""28"":1,""29"":3,""30"":7,""31"":2,""32"":3,""33"":1,""34"":3,""35"":4,""36"":1,""37"":1,""38"":2,""39"":1,""40"":38,""41"":1,""42"":3,""43"":1,""44"":4,""45"":1,""46"":144,""47"":2,""48"":1,""49"":1,""50"":4,""51"":1,""52"":1,""53"":735,""54"":5,""55"":5,""56"":2,""57"":1,""58"":4,""59"":1505,""60"":3,""61"":1,""62"":9143}",63
compact,classix,classix_r0.55_m1_density,"{""group_merging"":""density"",""mergeScale"":1.5,""mergeTinyGroups"":true,""metric"":""euclidean"",""minPts"":1,""post_alloc"":false,""radius"":0.55,""sorting"":""pca""}",,11719,126,126,0,0.0,0.7801860226981825,True,0.30942119418570113,0.49684936900532634,196.57329466831956,0.07329562498489395,"{""243"":1,""244"":1,""245"":1,""246"":1,""247"":3,""248"":1,""249"":2,""250"":1,""251"":2,""252"":1,""253"":5,""254"":1,""255"":1,""256"":1,""257"":1,""258"":1,""259"":3,""260"":1,""261"":2,""262"":1,""263"":3,""264"":2,""265"":2,""266"":1,""267"":10,""268"":1,""269"":1,""270"":1,""271"":1,""272"":1,""273"":1,""274"":1,""275"":1,""276"":6,""277"":2,""278"":1,""279"":1,""280"":1,""281"":1,""282"":1,""283"":1,""284"":1,""285"":1,""286"":2,""287"":1,""288"":7,""289"":1,""290"":1,""291"":1,""292"":1,""293"":1,""294"":1,""295"":1,""296"":1,""297"":2,""298"":1,""299"":3,""300"":1,""301"":3,""302"":1,""303"":7,""304"":1,""305"":1,""306"":1,""307"":1,""308"":1,""309"":1,""310"":1,""311"":1,""312"":1,""313"":4,""314"":1,""315"":1,""316"":5,""317"":3,""318"":9,""319"":1,""320"":1,""321"":1,""322"":2,""323"":1,""324"":2,""325"":2,""326"":1,""327"":1,""328"":7,""329"":7,""330"":1,""331"":1,""332"":1,""333"":12,""334"":4,""335"":5,""336"":1,""337"":2,""338"":1,""339"":3,""340"":1,""341"":1,""342"":5,""343"":1,""344"":3,""345"":1,""346"":3,""347"":1,""348"":16,""349"":1,""350"":1,""351"":2,""352"":3,""353"":30,""354"":2,""355"":1,""356"":1,""357"":80,""358"":100,""359"":3,""360"":4,""361"":1,""362"":66,""363"":1,""364"":219,""365"":548,""366"":282,""367"":1001,""368"":9143}",126
compact,classix,classix_r0.55_m5_distance,"{""group_merging"":""distance"",""mergeScale"":1.5,""mergeTinyGroups"":true,""metric"":""euclidean"",""minPts"":5,""post_alloc"":false,""radius"":0.55,""sorting"":""pca""}",,11719,10,10,0,0.0,0.7801860226981825,True,0.4207569768795426,1.169828292535706,2097.057878869101,0.013344792008865625,"{""0"":31,""1"":55,""2"":17,""3"":38,""4"":167,""5"":740,""6"":8,""7"":7,""8"":1513,""9"":9143}",10
compact,classix,classix_r0.55_m5_density,"{""group_merging"":""density"",""mergeScale"":1.5,""mergeTinyGroups"":true,""metric"":""euclidean"",""minPts"":5,""post_alloc"":false,""radius"":0.55,""sorting"":""pca""}",,11719,22,23,149,0.012714395426230906,0.7902333621434745,True,0.3349766175860074,1.1149080478036757,557.8569680616582,0.05942562501877546,"{""-1"":149,""253"":5,""267"":10,""276"":6,""288"":7,""303"":7,""316"":5,""318"":9,""328"":7,""329"":7,""333"":12,""335"":5,""342"":5,""348"":16,""353"":30,""357"":80,""358"":100,""362"":66,""364"":219,""365"":548,""366"":282,""367"":1001,""368"":9143}",22
compact,classix,classix_r0.55_m10_distance,"{""group_merging"":""distance"",""mergeScale"":1.5,""mergeTinyGroups"":true,""metric"":""euclidean"",""minPts"":10,""post_alloc"":false,""radius"":0.55,""sorting"":""pca""}",,11719,6,6,0,0.0,0.7801860226981825,True,0.42295349389458636,1.380925486620239,3305.8146873791425,0.01415170804830268,"{""0"":95,""1"":46,""2"":177,""3"":745,""4"":1513,""5"":9143}",6
compact,classix,classix_r0.55_m10_density,"{""group_merging"":""density"",""mergeScale"":1.5,""mergeTinyGroups"":true,""metric"":""euclidean"",""minPts"":10,""post_alloc"":false,""radius"":0.55,""sorting"":""pca""}",,11719,12,13,212,0.018090280740677533,0.7945598331450422,True,0.3361699192225047,1.4976867408741592,750.2359225210779,0.06600433401763439,"{""-1"":212,""267"":10,""333"":12,""348"":16,""353"":30,""357"":80,""358"":100,""362"":66,""364"":219,""365"":548,""366"":282,""367"":1001,""368"":9143}",12
compact,classix,classix_r0.60_m1_distance,"{""group_merging"":""distance"",""mergeScale"":1.5,""mergeTinyGroups"":true,""metric"":""euclidean"",""minPts"":1,""post_alloc"":false,""radius"":0.6,""sorting"":""pca""}",,11719,56,56,0,0.0,0.7801860226981825,True,0.41100732172207205,0.5129716820256546,376.46373876997313,0.006548625009600073,"{""0"":1,""1"":1,""2"":1,""3"":3,""4"":1,""5"":1,""6"":2,""7"":1,""8"":7,""9"":1,""10"":1,""11"":1,""12"":6,""13"":1,""14"":3,""15"":2,""16"":11,""17"":3,""18"":2,""19"":39,""20"":1,""21"":1,""22"":1,""23"":1,""24"":1,""25"":1,""26"":1,""27"":1,""28"":5,""29"":6,""30"":1,""31"":1,""32"":1,""33"":2,""34"":1,""35"":1,""36"":1,""37"":181,""38"":6,""39"":2,""40"":1,""41"":4,""42"":1,""43"":1,""44"":1,""45"":1,""46"":1,""47"":7,""48"":740,""49"":2,""50"":4,""51"":1502,""52"":3,""53"":1,""54"":3,""55"":9143}",56
compact,classix,classix_r0.60_m1_density,"{""group_merging"":""density"",""mergeScale"":1.5,""mergeTinyGroups"":true,""metric"":""euclidean"",""minPts"":1,""post_alloc"":false,""radius"":0.6,""sorting"":""pca""}",,11719,113,113,0,0.0,0.7801860226981825,True,0.303912827553657,0.5152040764490073,220.50469896023864,0.05589391599642113,"{""226"":1,""227"":1,""228"":1,""229"":1,""230"":3,""231"":1,""232"":2,""233"":1,""234"":2,""235"":1,""236"":5,""237"":1,""238"":1,""239"":1,""240"":1,""241"":4,""242"":1,""243"":1,""244"":5,""245"":2,""246"":10,""247"":2,""248"":1,""249"":1,""250"":1,""251"":1,""252"":1,""253"":3,""254"":1,""255"":2,""256"":1,""257"":7,""258"":1,""259"":1,""260"":1,""261"":1,""262"":1,""263"":1,""264"":2,""265"":1,""266"":7,""267"":1,""268"":1,""269"":1,""270"":1,""271"":1,""272"":1,""273"":1,""274"":2,""275"":1,""276"":3,""277"":1,""278"":3,""279"":1,""280"":8,""281"":1,""282"":1,""283"":1,""284"":1,""285"":1,""286"":1,""287"":2,""288"":1,""289"":4,""290"":1,""291"":1,""292"":5,""293"":1,""294"":1,""295"":1,""296"":2,""297"":1,""298"":1,""299"":5,""300"":1,""301"":16,""302"":1,""303"":1,""304"":1,""305"":4,""306"":5,""307"":1,""308"":2,""309"":1,""310"":3,""311"":1,""312"":1,""313"":17,""314"":1,""315"":3,""316"":1,""317"":3,""318"":1,""319"":16,""320"":1,""321"":1,""322"":2,""323"":3,""324"":39,""325"":3,""326"":1,""327"":80,""328"":100,""329"":3,""330"":4,""331"":66,""332"":1,""333"":548,""334"":220,""335"":5,""336"":277,""337"":1001,""338"":9143}",113
compact,classix,classix_r0.60_m5_distance,"{""group_merging"":""distance"",""mergeScale"":1.5,""mergeTinyGroups"":true,""metric"":""euclidean"",""minPts"":5,""post_alloc"":false,""radius"":0.6,""sorting"":""pca""}",,11719,12,12,0,0.0,0.7801860226981825,True,0.4173830193368226,1.082946885964357,1715.66712644956,0.011519166990183294,"{""0"":22,""1"":9,""2"":13,""3"":49,""4"":7,""5"":9,""6"":193,""7"":6,""8"":7,""9"":748,""10"":1513,""11"":9143}",12
compact,classix,classix_r0.60_m5_density,"{""group_merging"":""density"",""mergeScale"":1.5,""mergeTinyGroups"":true,""metric"":""euclidean"",""minPts"":5,""post_alloc"":false,""radius"":0.6,""sorting"":""pca""}",,11719,22,23,134,0.011434422732315043,0.7892101855848079,True,0.3135846559969242,1.1182576838721225,619.1661137884284,0.08666408399585634,"{""-1"":134,""236"":5,""244"":5,""246"":10,""257"":7,""266"":7,""280"":8,""292"":5,""299"":5,""301"":16,""306"":5,""313"":17,""319"":16,""324"":39,""327"":80,""328"":100,""331"":66,""333"":548,""334"":220,""335"":5,""336"":277,""337"":1001,""338"":9143}",22
compact,classix,classix_r0.60_m10_distance,"{""group_merging"":""distance"",""mergeScale"":1.5,""mergeTinyGroups"":true,""metric"":""euclidean"",""minPts"":10,""post_alloc"":false,""radius"":0.6,""sorting"":""pca""}",,11719,6,6,0,0.0,0.7801860226981825,True,0.42542518806058816,1.2078537398352351,3592.8107917623834,0.00940995803102851,"{""0"":44,""1"":59,""2"":212,""3"":748,""4"":1513,""5"":9143}",6
compact,classix,classix_r0.60_m10_density,"{""group_merging"":""density"",""mergeScale"":1.5,""mergeTinyGroups"":true,""metric"":""euclidean"",""minPts"":10,""post_alloc"":false,""radius"":0.6,""sorting"":""pca""}",,11719,13,14,186,0.015871661404556703,0.7927685771265065,True,0.3340027189790826,1.4574592986107788,743.75935942558,0.058872500027064234,"{""-1"":186,""246"":10,""301"":16,""313"":17,""319"":16,""324"":39,""327"":80,""328"":100,""331"":66,""333"":548,""334"":220,""336"":277,""337"":1001,""338"":9143}",13
compact,classix,classix_r0.65_m1_distance,"{""group_merging"":""distance"",""mergeScale"":1.5,""mergeTinyGroups"":true,""metric"":""euclidean"",""minPts"":1,""post_alloc"":false,""radius"":0.65,""sorting"":""pca""}",,11719,46,46,0,0.0,0.7801860226981825,True,0.407029793500769,0.6209946611177309,410.74022016604846,0.009486041963100433,"{""0"":1,""1"":1,""2"":1,""3"":3,""4"":1,""5"":1,""6"":2,""7"":1,""8"":7,""9"":1,""10"":1,""11"":4,""12"":17,""13"":1,""14"":2,""15"":3,""16"":2,""17"":234,""18"":1,""19"":1,""20"":1,""21"":4,""22"":1,""23"":1,""24"":4,""25"":1,""26"":1,""27"":3,""28"":1,""29"":1,""30"":1,""31"":1,""32"":1,""33"":1,""34"":2,""35"":1,""36"":2,""37"":1,""38"":741,""39"":1,""40"":6,""41"":2,""42"":1509,""43"":1,""44"":3,""45"":9143}",46
compact,classix,classix_r0.65_m1_density,"{""group_merging"":""density"",""mergeScale"":1.5,""mergeTinyGroups"":true,""metric"":""euclidean"",""minPts"":1,""post_alloc"":false,""radius"":0.65,""sorting"":""pca""}",,11719,92,92,0,0.0,0.7801860226981825,True,0.3335922010058266,0.5378443393677848,261.25887064381476,0.054183208965696394,"{""210"":1,""211"":1,""212"":1,""213"":1,""214"":3,""215"":1,""216"":2,""217"":1,""218"":2,""219"":1,""220"":5,""221"":1,""222"":1,""223"":1,""224"":1,""225"":4,""226"":1,""227"":1,""228"":2,""229"":15,""230"":2,""231"":1,""232"":1,""233"":1,""234"":1,""235"":1,""236"":3,""237"":1,""238"":3,""239"":8,""240"":1,""241"":1,""242"":1,""243"":1,""244"":1,""245"":2,""246"":1,""247"":1,""248"":3,""249"":1,""250"":1,""251"":1,""252"":1,""253"":1,""254"":2,""255"":1,""256"":1,""257"":3,""258"":1,""259"":17,""260"":1,""261"":1,""262"":1,""263"":1,""264"":2,""265"":1,""266"":4,""267"":1,""268"":1,""269"":5,""270"":1,""271"":1,""272"":1,""273"":2,""274"":1,""275"":1,""276"":6,""277"":1,""278"":16,""279"":2,""280"":1,""281"":1,""282"":1,""283"":2,""284"":3,""285"":1,""286"":1,""287"":33,""288"":1,""289"":1,""290"":1,""291"":7,""292"":1,""293"":13,""294"":3,""295"":109,""296"":8,""297"":174,""298"":548,""299"":506,""300"":1001,""301"":9143}",92
compact,classix,classix_r0.65_m5_distance,"{""group_merging"":""distance"",""mergeScale"":1.5,""mergeTinyGroups"":true,""metric"":""euclidean"",""minPts"":5,""post_alloc"":false,""radius"":0.65,""sorting"":""pca""}",,11719,7,7,0,0.0,0.7801860226981825,True,0.41229227114429845,1.3548020175402649,2721.4290251560988,0.011267792026046664,"{""0"":23,""1"":23,""2"":263,""3"":748,""4"":6,""5"":1513,""6"":9143}",7
compact,classix,classix_r0.65_m5_density,"{""group_merging"":""density"",""mergeScale"":1.5,""mergeTinyGroups"":true,""metric"":""euclidean"",""minPts"":5,""post_alloc"":false,""radius"":0.65,""sorting"":""pca""}",,11719,17,18,105,0.008959808857411041,0.7872395384880316,True,0.3405825213036034,1.061662052618799,810.8794101605614,0.11999816598836333,"{""-1"":105,""220"":5,""229"":15,""239"":8,""259"":17,""269"":5,""276"":6,""278"":16,""287"":33,""291"":7,""293"":13,""295"":109,""296"":8,""297"":174,""298"":548,""299"":506,""300"":1001,""301"":9143}",17
compact,classix,classix_r0.65_m10_distance,"{""group_merging"":""distance"",""mergeScale"":1.5,""mergeTinyGroups"":true,""metric"":""euclidean"",""minPts"":10,""post_alloc"":false,""radius"":0.65,""sorting"":""pca""}",,11719,5,5,0,0.0,0.7801860226981825,True,0.4219873864957446,1.2113537051270284,3981.5680000253064,0.007406375021673739,"{""0"":46,""1"":269,""2"":748,""3"":1513,""4"":9143}",5
compact,classix,classix_r0.65_m10_density,"{""group_merging"":""density"",""mergeScale"":1.5,""mergeTinyGroups"":true,""metric"":""euclidean"",""minPts"":10,""post_alloc"":false,""radius"":0.65,""sorting"":""pca""}",,11719,11,12,144,0.012287737861592285,0.7898920086393089,True,0.35167846891077886,1.26644828634048,1049.533377400064,0.09323925001081079,"{""-1"":144,""229"":15,""259"":17,""278"":16,""287"":33,""293"":13,""295"":109,""297"":174,""298"":548,""299"":506,""300"":1001,""301"":9143}",11
compact,classix,classix_r0.70_m1_distance,"{""group_merging"":""distance"",""mergeScale"":1.5,""mergeTinyGroups"":true,""metric"":""euclidean"",""minPts"":1,""post_alloc"":false,""radius"":0.7,""sorting"":""pca""}",,11719,39,39,0,0.0,0.7801860226981825,True,0.41242085734642936,0.6123173641445943,506.9957941746201,0.008882792026270181,"{""0"":1,""1"":1,""2"":1,""3"":3,""4"":1,""5"":1,""6"":2,""7"":1,""8"":7,""9"":1,""10"":1,""11"":62,""12"":1,""13"":2,""14"":3,""15"":2,""16"":1,""17"":1,""18"":1,""19"":1,""20"":1,""21"":3,""22"":208,""23"":1,""24"":3,""25"":1,""26"":1,""27"":1,""28"":1,""29"":1,""30"":1,""31"":2,""32"":1,""33"":741,""34"":3,""35"":1509,""36"":1,""37"":3,""38"":9143}",39
compact,classix,classix_r0.70_m1_density,"{""group_merging"":""density"",""mergeScale"":1.5,""mergeTinyGroups"":true,""metric"":""euclidean"",""minPts"":1,""post_alloc"":false,""radius"":0.7,""sorting"":""pca""}",,11719,83,83,0,0.0,0.7801860226981825,True,0.3343864624917926,0.5424907093355354,290.2263188454578,0.06258820899529383,"{""191"":1,""192"":1,""193"":1,""194"":3,""195"":1,""196"":1,""197"":2,""198"":1,""199"":2,""200"":1,""201"":5,""202"":1,""203"":1,""204"":1,""205"":1,""206"":1,""207"":1,""208"":2,""209"":2,""210"":1,""211"":20,""212"":1,""213"":1,""214"":1,""215"":3,""216"":1,""217"":3,""218"":8,""219"":1,""220"":1,""221"":1,""222"":1,""223"":1,""224"":2,""225"":1,""226"":1,""227"":3,""228"":1,""229"":1,""230"":1,""231"":1,""232"":1,""233"":1,""234"":1,""235"":17,""236"":5,""237"":1,""238"":1,""239"":1,""240"":1,""241"":1,""242"":1,""243"":4,""244"":1,""245"":1,""246"":5,""247"":1,""248"":1,""249"":13,""250"":1,""251"":1,""252"":2,""253"":1,""254"":1,""255"":2,""256"":2,""257"":1,""258"":1,""259"":47,""260"":1,""261"":1,""262"":11,""263"":1,""264"":6,""265"":13,""266"":3,""267"":110,""268"":8,""269"":173,""270"":548,""271"":500,""272"":1001,""273"":9143}",83
compact,classix,classix_r0.70_m5_distance,"{""group_merging"":""distance"",""mergeScale"":1.5,""mergeTinyGroups"":true,""metric"":""euclidean"",""minPts"":5,""post_alloc"":false,""radius"":0.7,""sorting"":""pca""}",,11719,6,6,0,0.0,0.7801860226981825,True,0.42448530391705774,1.182295530153645,3507.761164081456,0.006987875036429614,"{""0"":17,""1"":82,""2"":216,""3"":748,""4"":1513,""5"":9143}",6
compact,classix,classix_r0.70_m5_density,"{""group_merging"":""density"",""mergeScale"":1.5,""mergeTinyGroups"":true,""metric"":""euclidean"",""minPts"":5,""post_alloc"":false,""radius"":0.7,""sorting"":""pca""}",,11719,18,19,86,0.007338510111784282,0.7859537522565117,True,0.3397906465377534,1.0229977398748966,842.8874606797488,0.04831591702532023,"{""-1"":86,""201"":5,""211"":20,""218"":8,""235"":17,""236"":5,""246"":5,""249"":13,""259"":47,""262"":11,""264"":6,""265"":13,""267"":110,""268"":8,""269"":173,""270"":548,""271"":500,""272"":1001,""273"":9143}",18
compact,classix,classix_r0.70_m10_distance,"{""group_merging"":""distance"",""mergeScale"":1.5,""mergeTinyGroups"":true,""metric"":""euclidean"",""minPts"":10,""post_alloc"":false,""radius"":0.7,""sorting"":""pca""}",,11719,5,5,0,0.0,0.7801860226981825,True,0.42480801178706734,1.2823427259289297,4021.892855835473,0.015398541989270598,"{""0"":99,""1"":216,""2"":748,""3"":1513,""4"":9143}",5
compact,classix,classix_r0.70_m10_density,"{""group_merging"":""density"",""mergeScale"":1.5,""mergeTinyGroups"":true,""metric"":""euclidean"",""minPts"":10,""post_alloc"":false,""radius"":0.7,""sorting"":""pca""}",,11719,12,13,123,0.010495776090110077,0.7884615384615384,True,0.35134383525962753,1.1993114164972896,1069.823429322909,0.06582262500887737,"{""-1"":123,""211"":20,""235"":17,""249"":13,""259"":47,""262"":11,""265"":13,""267"":110,""269"":173,""270"":548,""271"":500,""272"":1001,""273"":9143}",12
compact,classix,classix_r0.75_m1_distance,"{""group_merging"":""distance"",""mergeScale"":1.5,""mergeTinyGroups"":true,""metric"":""euclidean"",""minPts"":1,""post_alloc"":false,""radius"":0.75,""sorting"":""pca""}",,11719,40,40,0,0.0,0.9081832920897688,True,0.4650317847359159,0.6081433428706664,352.31090299173013,0.016462375002447516,"{""0"":1,""1"":1,""2"":1,""3"":3,""4"":1,""5"":1,""6"":2,""7"":1,""8"":63,""9"":1,""10"":1,""11"":1,""12"":2,""13"":3,""14"":2,""15"":1,""16"":1,""17"":1,""18"":1,""19"":1,""20"":3,""21"":2,""22"":8,""23"":1,""24"":7,""25"":1,""26"":932,""27"":1,""28"":1,""29"":1,""30"":1,""31"":2,""32"":6,""33"":1,""34"":3,""35"":4,""36"":10643,""37"":1,""38"":3,""39"":9}",40
compact,classix,classix_r0.75_m1_density,"{""group_merging"":""density"",""mergeScale"":1.5,""mergeTinyGroups"":true,""metric"":""euclidean"",""minPts"":1,""post_alloc"":false,""radius"":0.75,""sorting"":""pca""}",,11719,75,75,0,0.0,0.7801860226981825,True,0.3446958305289497,0.5645004963744902,311.5643391215755,0.06398733396781608,"{""177"":1,""178"":1,""179"":1,""180"":3,""181"":1,""182"":1,""183"":2,""184"":1,""185"":1,""186"":7,""187"":1,""188"":1,""189"":1,""190"":1,""191"":1,""192"":1,""193"":2,""194"":2,""195"":1,""196"":1,""197"":20,""198"":1,""199"":1,""200"":1,""201"":3,""202"":13,""203"":1,""204"":1,""205"":1,""206"":2,""207"":1,""208"":1,""209"":3,""210"":2,""211"":1,""212"":2,""213"":1,""214"":1,""215"":3,""216"":1,""217"":1,""218"":17,""219"":1,""220"":2,""221"":1,""222"":1,""223"":1,""224"":1,""225"":1,""226"":1,""227"":5,""228"":5,""229"":1,""230"":1,""231"":1,""232"":1,""233"":7,""234"":3,""235"":1,""236"":3,""237"":2,""238"":2,""239"":1,""240"":1,""241"":47,""242"":1,""243"":3,""244"":1,""245"":1,""246"":127,""247"":189,""248"":548,""249"":506,""250"":1001,""251"":9143}",75
compact,classix,classix_r0.75_m5_distance,"{""group_merging"":""distance"",""mergeScale"":1.5,""mergeTinyGroups"":true,""metric"":""euclidean"",""minPts"":5,""post_alloc"":false,""radius"":0.75,""sorting"":""pca""}",,11719,7,7,0,0.0,0.9086099496544073,True,0.47407335338252227,0.8357493989420943,1989.6148694659316,0.008543208008632064,"{""0"":90,""1"":10,""2"":9,""3"":946,""4"":7,""5"":10648,""6"":9}",7
compact,classix,classix_r0.75_m5_density,"{""group_merging"":""density"",""mergeScale"":1.5,""mergeTinyGroups"":true,""metric"":""euclidean"",""minPts"":5,""post_alloc"":false,""radius"":0.75,""sorting"":""pca""}",,11719,14,15,84,0.007167847085928833,0.78581865062312,True,0.35412776993938594,1.1984016028104907,1116.1562312455949,0.0758378750178963,"{""-1"":84,""186"":7,""197"":20,""202"":13,""218"":17,""227"":5,""228"":5,""233"":7,""241"":47,""246"":127,""247"":189,""248"":548,""249"":506,""250"":1001,""251"":9143}",14
compact,classix,classix_r0.75_m10_distance,"{""group_merging"":""distance"",""mergeScale"":1.5,""mergeTinyGroups"":true,""metric"":""euclidean"",""minPts"":10,""post_alloc"":false,""radius"":0.75,""sorting"":""pca""}",,11719,3,3,0,0.0,0.9093779332707569,True,0.5212007279151919,0.8685699492630355,5547.897514406563,0.009651166968978941,"{""0"":106,""1"":956,""2"":10657}",3
compact,classix,classix_r0.75_m10_density,"{""group_merging"":""density"",""mergeScale"":1.5,""mergeTinyGroups"":true,""metric"":""euclidean"",""minPts"":10,""post_alloc"":false,""radius"":0.75,""sorting"":""pca""}",,11719,10,11,108,0.009215803396194214,0.7874429420377228,True,0.35593984520700755,1.392423686072416,1383.3796662503544,0.06698816601419821,"{""-1"":108,""197"":20,""202"":13,""218"":17,""241"":47,""246"":127,""247"":189,""248"":548,""249"":506,""250"":1001,""251"":9143}",10
compact,classix,classix_r0.80_m1_distance,"{""group_merging"":""distance"",""mergeScale"":1.5,""mergeTinyGroups"":true,""metric"":""euclidean"",""minPts"":1,""post_alloc"":false,""radius"":0.8,""sorting"":""pca""}",,11719,35,35,0,0.0,0.9087806126802628,True,0.49523298630834606,0.6458971538591035,395.4162913694518,0.008231249987147748,"{""0"":1,""1"":1,""2"":1,""3"":4,""4"":1,""5"":2,""6"":1,""7"":70,""8"":1,""9"":1,""10"":1,""11"":2,""12"":3,""13"":2,""14"":1,""15"":1,""16"":1,""17"":1,""18"":1,""19"":3,""20"":2,""21"":6,""22"":932,""23"":1,""24"":8,""25"":1,""26"":2,""27"":1,""28"":1,""29"":6,""30"":1,""31"":3,""32"":10650,""33"":5,""34"":1}",35
compact,classix,classix_r0.80_m1_density,"{""group_merging"":""density"",""mergeScale"":1.5,""mergeTinyGroups"":true,""metric"":""euclidean"",""minPts"":1,""post_alloc"":false,""radius"":0.8,""sorting"":""pca""}",,11719,57,57,0,0.0,0.7801860226981825,True,0.409576983333923,0.7785668013629394,336.83011412671704,0.06845787505153567,"{""165"":1,""166"":1,""167"":1,""168"":3,""169"":1,""170"":1,""171"":2,""172"":1,""173"":1,""174"":7,""175"":1,""176"":1,""177"":1,""178"":1,""179"":1,""180"":10,""181"":2,""182"":2,""183"":1,""184"":1,""185"":1,""186"":1,""187"":1,""188"":1,""189"":1,""190"":1,""191"":3,""192"":2,""193"":1,""194"":1,""195"":1,""196"":6,""197"":1,""198"":1,""199"":2,""200"":1,""201"":1,""202"":1,""203"":1,""204"":1,""205"":5,""206"":1,""207"":1,""208"":1,""209"":1,""210"":3,""211"":1,""212"":3,""213"":2,""214"":1,""215"":1,""216"":108,""217"":1,""218"":129,""219"":737,""220"":1512,""221"":9143}",57
compact,classix,classix_r0.80_m5_distance,"{""group_merging"":""distance"",""mergeScale"":1.5,""mergeTinyGroups"":true,""metric"":""euclidean"",""minPts"":5,""post_alloc"":false,""radius"":0.8,""sorting"":""pca""}",,11719,7,7,0,0.0,0.9087806126802628,True,0.5048417841767808,0.9248380414879759,1978.1035840567913,0.009132250037509948,"{""0"":99,""1"":8,""2"":939,""3"":9,""4"":8,""5"":10650,""6"":6}",7
compact,classix,classix_r0.80_m5_density,"{""group_merging"":""density"",""mergeScale"":1.5,""mergeTinyGroups"":true,""metric"":""euclidean"",""minPts"":5,""post_alloc"":false,""radius"":0.8,""sorting"":""pca""}",,11719,9,10,62,0.005290553801518901,0.7843355923479455,True,0.42057970652984755,1.2158735686063364,1551.0681293981377,0.06139137496938929,"{""-1"":62,""174"":7,""180"":10,""196"":6,""205"":5,""216"":108,""218"":129,""219"":737,""220"":1512,""221"":9143}",9
compact,classix,classix_r0.80_m10_distance,"{""group_merging"":""distance"",""mergeScale"":1.5,""mergeTinyGroups"":true,""metric"":""euclidean"",""minPts"":10,""post_alloc"":false,""radius"":0.8,""sorting"":""pca""}",,11719,3,3,0,0.0,0.9092926017578291,True,0.5203463992957764,0.8721303972449751,5559.59417122035,0.011690083018038422,"{""0"":109,""1"":954,""2"":10656}",3
compact,classix,classix_r0.80_m10_density,"{""group_merging"":""density"",""mergeScale"":1.5,""mergeTinyGroups"":true,""metric"":""euclidean"",""minPts"":10,""post_alloc"":false,""radius"":0.8,""sorting"":""pca""}",,11719,6,7,80,0.006826521034217937,0.7855485866483375,True,0.42326808484895834,1.268129372712164,2113.7022875382613,0.061422707978636026,"{""-1"":80,""180"":10,""216"":108,""218"":129,""219"":737,""220"":1512,""221"":9143}",6
compact,classix,classix_r0.85_m1_distance,"{""group_merging"":""distance"",""mergeScale"":1.5,""mergeTinyGroups"":true,""metric"":""euclidean"",""minPts"":1,""post_alloc"":false,""radius"":0.85,""sorting"":""pca""}",,11719,32,32,0,0.0,0.9087806126802628,True,0.5268766203534208,0.4566668127644771,384.42754460454796,0.004629166971426457,"{""0"":1,""1"":1,""2"":1,""3"":4,""4"":1,""5"":9,""6"":1,""7"":1,""8"":1,""9"":23,""10"":1,""11"":2,""12"":3,""13"":2,""14"":1,""15"":975,""16"":1,""17"":1,""18"":1,""19"":1,""20"":5,""21"":2,""22"":14,""23"":1,""24"":1,""25"":1,""26"":1,""27"":6,""28"":1,""29"":10650,""30"":5,""31"":1}",32
compact,classix,classix_r0.85_m1_density,"{""group_merging"":""density"",""mergeScale"":1.5,""mergeTinyGroups"":true,""metric"":""euclidean"",""minPts"":1,""post_alloc"":false,""radius"":0.85,""sorting"":""pca""}",,11719,48,48,0,0.0,0.7801860226981825,True,0.4115240872033123,0.5469409397976165,393.391515624057,0.044643958972301334,"{""151"":1,""152"":1,""153"":1,""154"":3,""155"":1,""156"":1,""157"":2,""158"":1,""159"":3,""160"":1,""161"":4,""162"":1,""163"":1,""164"":1,""165"":2,""166"":2,""167"":2,""168"":2,""169"":1,""170"":20,""171"":1,""172"":1,""173"":1,""174"":1,""175"":1,""176"":1,""177"":1,""178"":5,""179"":1,""180"":6,""181"":1,""182"":1,""183"":1,""184"":1,""185"":1,""186"":1,""187"":1,""188"":1,""189"":1,""190"":1,""191"":5,""192"":2,""193"":1,""194"":1,""195"":235,""196"":740,""197"":1512,""198"":9143}",48
compact,classix,classix_r0.85_m5_distance,"{""group_merging"":""distance"",""mergeScale"":1.5,""mergeTinyGroups"":true,""metric"":""euclidean"",""minPts"":5,""post_alloc"":false,""radius"":0.85,""sorting"":""pca""}",,11719,8,8,0,0.0,0.9087806126802628,True,0.5372538935798362,0.9060299559778993,1553.2107480533432,0.0053415000438690186,"{""0"":17,""1"":31,""2"":986,""3"":5,""4"":17,""5"":7,""6"":10650,""7"":6}",8
compact,classix,classix_r0.85_m5_density,"{""group_merging"":""density"",""mergeScale"":1.5,""mergeTinyGroups"":true,""metric"":""euclidean"",""minPts"":5,""post_alloc"":false,""radius"":0.85,""sorting"":""pca""}",,11719,8,9,53,0.004522570185169383,0.7837304988856506,True,0.4199917999982983,1.0339524777615048,1555.163993943131,0.06378970900550485,"{""-1"":53,""170"":20,""178"":5,""180"":6,""191"":5,""195"":235,""196"":740,""197"":1512,""198"":9143}",8
compact,classix,classix_r0.85_m10_distance,"{""group_merging"":""distance"",""mergeScale"":1.5,""mergeTinyGroups"":true,""metric"":""euclidean"",""minPts"":10,""post_alloc"":false,""radius"":0.85,""sorting"":""pca""}",,11719,4,4,0,0.0,0.9092072702449014,True,0.5466359679490259,0.8046057380186893,3409.617094303053,0.014655874983873218,"{""0"":48,""1"":999,""2"":17,""3"":10655}",4
compact,classix,classix_r0.85_m10_density,"{""group_merging"":""density"",""mergeScale"":1.5,""mergeTinyGroups"":true,""metric"":""euclidean"",""minPts"":10,""post_alloc"":false,""radius"":0.85,""sorting"":""pca""}",,11719,5,6,69,0.00588787439201297,0.7848068669527897,True,0.42437312523325277,1.1644322949258517,2583.267822881039,0.067121833038982,"{""-1"":69,""170"":20,""195"":235,""196"":740,""197"":1512,""198"":9143}",5
compact,classix,classix_r0.90_m1_distance,"{""group_merging"":""distance"",""mergeScale"":1.5,""mergeTinyGroups"":true,""metric"":""euclidean"",""minPts"":1,""post_alloc"":false,""radius"":0.9,""sorting"":""pca""}",,11719,25,25,0,0.0,0.9092926017578291,True,0.5289462661433391,0.5711665009256618,486.5243310521367,0.012205582985188812,"{""0"":1,""1"":1,""2"":1,""3"":4,""4"":1,""5"":41,""6"":1,""7"":1,""8"":1,""9"":1,""10"":2,""11"":3,""12"":2,""13"":1,""14"":1,""15"":1,""16"":991,""17"":2,""18"":2,""19"":1,""20"":1,""21"":1,""22"":1,""23"":1,""24"":10656}",25
compact,classix,classix_r0.90_m1_density,"{""group_merging"":""density"",""mergeScale"":1.5,""mergeTinyGroups"":true,""metric"":""euclidean"",""minPts"":1,""post_alloc"":false,""radius"":0.9,""sorting"":""pca""}",,11719,44,44,0,0.0,0.7801860226981825,True,0.41230902539189784,0.5890462834863549,426.2351637146777,0.09289129200624302,"{""141"":1,""142"":1,""143"":1,""144"":3,""145"":1,""146"":1,""147"":2,""148"":1,""149"":1,""150"":7,""151"":1,""152"":1,""153"":1,""154"":2,""155"":2,""156"":3,""157"":2,""158"":20,""159"":1,""160"":1,""161"":1,""162"":1,""163"":1,""164"":1,""165"":5,""166"":1,""167"":6,""168"":1,""169"":1,""170"":1,""171"":1,""172"":3,""173"":1,""174"":1,""175"":1,""176"":1,""177"":1,""178"":1,""179"":2,""180"":1,""181"":239,""182"":740,""183"":1512,""184"":9143}",44
compact,classix,classix_r0.90_m5_distance,"{""group_merging"":""distance"",""mergeScale"":1.5,""mergeTinyGroups"":true,""metric"":""euclidean"",""minPts"":5,""post_alloc"":false,""radius"":0.9,""sorting"":""pca""}",,11719,3,3,0,0.0,0.9092926017578291,True,0.5473849530177494,0.8186634473708242,5338.614998895208,0.004890207957942039,"{""0"":62,""1"":1001,""2"":10656}",3
compact,classix,classix_r0.90_m5_density,"{""group_merging"":""density"",""mergeScale"":1.5,""mergeTinyGroups"":true,""metric"":""euclidean"",""minPts"":5,""post_alloc"":false,""radius"":0.9,""sorting"":""pca""}",,11719,8,9,47,0.004010581107603038,0.7833276216586703,True,0.4213617440893952,1.0087231934293521,1743.395439030723,0.04562399996211752,"{""-1"":47,""150"":7,""158"":20,""165"":5,""167"":6,""181"":239,""182"":740,""183"":1512,""184"":9143}",8
compact,classix,classix_r0.90_m10_distance,"{""group_merging"":""distance"",""mergeScale"":1.5,""mergeTinyGroups"":true,""metric"":""euclidean"",""minPts"":10,""post_alloc"":false,""radius"":0.9,""sorting"":""pca""}",,11719,3,3,0,0.0,0.9092926017578291,True,0.5473849530177494,0.8186634473708242,5338.614998895208,0.013720374961849302,"{""0"":62,""1"":1001,""2"":10656}",3
compact,classix,classix_r0.90_m10_density,"{""group_merging"":""density"",""mergeScale"":1.5,""mergeTinyGroups"":true,""metric"":""euclidean"",""minPts"":10,""post_alloc"":false,""radius"":0.9,""sorting"":""pca""}",,11719,5,6,65,0.005546548340302074,0.7845374978548137,True,0.4239350984796698,1.1700399226936178,2579.9310718836814,0.05517287499969825,"{""-1"":65,""158"":20,""181"":239,""182"":740,""183"":1512,""184"":9143}",5
compact,classix,classix_r0.95_m1_distance,"{""group_merging"":""distance"",""mergeScale"":1.5,""mergeTinyGroups"":true,""metric"":""euclidean"",""minPts"":1,""post_alloc"":false,""radius"":0.95,""sorting"":""pca""}",,11719,21,21,0,0.0,0.9092926017578291,True,0.5657362836894383,0.3793824227327378,353.92761391913535,0.006012916972395033,"{""0"":1,""1"":1,""2"":1,""3"":4,""4"":1,""5"":1034,""6"":2,""7"":1,""8"":1,""9"":2,""10"":3,""11"":2,""12"":1,""13"":1,""14"":1,""15"":2,""16"":2,""17"":1,""18"":1,""19"":1,""20"":10656}",21
compact,classix,classix_r0.95_m1_density,"{""group_merging"":""density"",""mergeScale"":1.5,""mergeTinyGroups"":true,""metric"":""euclidean"",""minPts"":1,""post_alloc"":false,""radius"":0.95,""sorting"":""pca""}",,11719,40,40,0,0.0,0.7801860226981825,True,0.4135457537249931,0.5529765396044233,466.03406135647253,0.06707187503343448,"{""131"":1,""132"":1,""133"":1,""134"":3,""135"":1,""136"":1,""137"":2,""138"":1,""139"":1,""140"":7,""141"":1,""142"":1,""143"":1,""144"":2,""145"":2,""146"":3,""147"":20,""148"":3,""149"":1,""150"":1,""151"":2,""152"":1,""153"":1,""154"":5,""155"":1,""156"":1,""157"":1,""158"":1,""159"":1,""160"":1,""161"":1,""162"":1,""163"":1,""164"":1,""165"":2,""166"":1,""167"":247,""168"":741,""169"":1512,""170"":9143}",40
compact,classix,classix_r0.95_m5_distance,"{""group_merging"":""distance"",""mergeScale"":1.5,""mergeTinyGroups"":true,""metric"":""euclidean"",""minPts"":5,""post_alloc"":false,""radius"":0.95,""sorting"":""pca""}",,11719,2,2,0,0.0,0.9092926017578291,True,0.5947455721748541,1.057226453321008,4285.466605247859,0.00557787501020357,"{""0"":1063,""1"":10656}",2
compact,classix,classix_r0.95_m5_density,"{""group_merging"":""density"",""mergeScale"":1.5,""mergeTinyGroups"":true,""metric"":""euclidean"",""minPts"":5,""post_alloc"":false,""radius"":0.95,""sorting"":""pca""}",,11719,7,8,44,0.003754586568819865,0.7831263383297644,True,0.42084760215793515,1.0389153514774496,2022.6047184845906,0.04977350000990555,"{""-1"":44,""140"":7,""147"":20,""154"":5,""167"":247,""168"":741,""169"":1512,""170"":9143}",7
compact,classix,classix_r0.95_m10_distance,"{""group_merging"":""distance"",""mergeScale"":1.5,""mergeTinyGroups"":true,""metric"":""euclidean"",""minPts"":10,""post_alloc"":false,""radius"":0.95,""sorting"":""pca""}",,11719,2,2,0,0.0,0.9092926017578291,True,0.5947455721748541,1.057226453321008,4285.466605247859,0.004697167023550719,"{""0"":1063,""1"":10656}",2
compact,classix,classix_r0.95_m10_density,"{""group_merging"":""density"",""mergeScale"":1.5,""mergeTinyGroups"":true,""metric"":""euclidean"",""minPts"":10,""post_alloc"":false,""radius"":0.95,""sorting"":""pca""}",,11719,5,6,56,0.004778564723952556,0.7839320929434965,True,0.4235965938219285,1.1703419480176787,2626.057443799481,0.053590458992403,"{""-1"":56,""147"":20,""167"":247,""168"":741,""169"":1512,""170"":9143}",5
compact,classix,classix_r1.00_m1_distance,"{""group_merging"":""distance"",""mergeScale"":1.5,""mergeTinyGroups"":true,""metric"":""euclidean"",""minPts"":1,""post_alloc"":false,""radius"":1.0,""sorting"":""pca""}",,11719,16,16,0,0.0,0.9980373752026623,True,0.7464780887038123,0.24996043082431857,97.6861126443559,0.008366041991394013,"{""0"":1,""1"":1,""2"":1,""3"":11696,""4"":1,""5"":2,""6"":1,""7"":1,""8"":2,""9"":3,""10"":1,""11"":1,""12"":5,""13"":1,""14"":1,""15"":1}",16
compact,classix,classix_r1.00_m1_density,"{""group_merging"":""density"",""mergeScale"":1.5,""mergeTinyGroups"":true,""metric"":""euclidean"",""minPts"":1,""post_alloc"":false,""radius"":1.0,""sorting"":""pca""}",,11719,37,37,0,0.0,0.7801860226981825,True,0.4120892942319771,0.5804763511485842,468.09694923468834,0.060301250021439046,"{""120"":1,""121"":1,""122"":1,""123"":3,""124"":1,""125"":1,""126"":2,""127"":1,""128"":1,""129"":7,""130"":1,""131"":1,""132"":2,""133"":11,""134"":3,""135"":3,""136"":1,""137"":1,""138"":2,""139"":1,""140"":1,""141"":5,""142"":1,""143"":1,""144"":1,""145"":1,""146"":1,""147"":1,""148"":2,""149"":1,""150"":1,""151"":2,""152"":1,""153"":259,""154"":741,""155"":1512,""156"":9143}",37
compact,classix,classix_r1.00_m5_distance,"{""group_merging"":""distance"",""mergeScale"":1.5,""mergeTinyGroups"":true,""metric"":""euclidean"",""minPts"":5,""post_alloc"":false,""radius"":1.0,""sorting"":""pca""}",,11719,2,2,0,0.0,0.9995733424353613,True,0.7522888667559696,0.2548715417159643,78.54693329633521,0.006815958011429757,"{""0"":11714,""1"":5}",2
compact,classix,classix_r1.00_m5_density,"{""group_merging"":""density"",""mergeScale"":1.5,""mergeTinyGroups"":true,""metric"":""euclidean"",""minPts"":5,""post_alloc"":false,""radius"":1.0,""sorting"":""pca""}",,11719,7,8,41,0.0034985920300366923,0.7829251584175373,True,0.41818126248437076,1.108708232536008,1923.408358946263,0.05266916600521654,"{""-1"":41,""129"":7,""133"":11,""141"":5,""153"":259,""154"":741,""155"":1512,""156"":9143}",7
compact,classix,classix_r1.00_m10_distance,"{""group_merging"":""distance"",""mergeScale"":1.5,""mergeTinyGroups"":true,""metric"":""euclidean"",""minPts"":10,""post_alloc"":false,""radius"":1.0,""sorting"":""pca""}",,11719,1,1,0,0.0,1.0,False,,,,0.004880874999798834,"{""0"":11719}",1
compact,classix,classix_r1.00_m10_density,"{""group_merging"":""density"",""mergeScale"":1.5,""mergeTinyGroups"":true,""metric"":""euclidean"",""minPts"":10,""post_alloc"":false,""radius"":1.0,""sorting"":""pca""}",,11719,5,6,53,0.004522570185169383,0.7837304988856506,True,0.4212151702516199,1.1612383323371678,2495.4904408994744,0.0885685000102967,"{""-1"":53,""133"":11,""153"":259,""154"":741,""155"":1512,""156"":9143}",5
compact,classix,classix_r1.05_m1_distance,"{""group_merging"":""distance"",""mergeScale"":1.5,""mergeTinyGroups"":true,""metric"":""euclidean"",""minPts"":1,""post_alloc"":false,""radius"":1.05,""sorting"":""pca""}",,11719,13,13,0,0.0,0.9971840600733851,True,0.7663994471070336,0.4309115702526286,272.8597190906761,0.009409917052835226,"{""0"":1,""1"":1,""2"":1,""3"":14,""4"":4,""5"":1,""6"":11686,""7"":2,""8"":3,""9"":3,""10"":1,""11"":1,""12"":1}",13
compact,classix,classix_r1.05_m1_density,"{""group_merging"":""density"",""mergeScale"":1.5,""mergeTinyGroups"":true,""metric"":""euclidean"",""minPts"":1,""post_alloc"":false,""radius"":1.05,""sorting"":""pca""}",,11719,33,33,0,0.0,0.7801860226981825,True,0.4088178985457194,0.686321412976299,435.9505633244436,0.04683766601374373,"{""117"":1,""118"":1,""119"":1,""120"":3,""121"":1,""122"":1,""123"":2,""124"":1,""125"":1,""126"":1,""127"":1,""128"":2,""129"":3,""130"":3,""131"":1,""132"":1,""133"":1,""134"":1,""135"":5,""136"":1,""137"":1,""138"":1,""139"":1,""140"":1,""141"":1,""142"":2,""143"":1,""144"":3,""145"":1,""146"":279,""147"":741,""148"":1512,""149"":9143}",33
compact,classix,classix_r1.05_m5_distance,"{""group_merging"":""distance"",""mergeScale"":1.5,""mergeTinyGroups"":true,""metric"":""euclidean"",""minPts"":5,""post_alloc"":false,""radius"":1.05,""sorting"":""pca""}",,11719,2,2,0,0.0,0.9982080382285178,True,0.899490070629248,0.20451332218398763,2384.689906400993,0.005147166026290506,"{""0"":21,""1"":11698}",2
compact,classix,classix_r1.05_m5_density,"{""group_merging"":""density"",""mergeScale"":1.5,""mergeTinyGroups"":true,""metric"":""euclidean"",""minPts"":5,""post_alloc"":false,""radius"":1.05,""sorting"":""pca""}",,11719,5,6,39,0.003327929004181244,0.782791095890411,True,0.4151909733133887,1.5075622147426162,2317.39639248274,0.050989250012207776,"{""-1"":39,""135"":5,""146"":279,""147"":741,""148"":1512,""149"":9143}",5
compact,classix,classix_r1.05_m10_distance,"{""group_merging"":""distance"",""mergeScale"":1.5,""mergeTinyGroups"":true,""metric"":""euclidean"",""minPts"":10,""post_alloc"":false,""radius"":1.05,""sorting"":""pca""}",,11719,2,2,0,0.0,0.9982080382285178,True,0.899490070629248,0.20451332218398763,2384.689906400993,0.00454120896756649,"{""0"":21,""1"":11698}",2
compact,classix,classix_r1.05_m10_density,"{""group_merging"":""density"",""mergeScale"":1.5,""mergeTinyGroups"":true,""metric"":""euclidean"",""minPts"":10,""post_alloc"":false,""radius"":1.05,""sorting"":""pca""}",,11719,4,5,44,0.003754586568819865,0.7831263383297644,True,0.4201671903866751,1.356379326102446,3031.6801674396606,0.039128542004618794,"{""-1"":44,""146"":279,""147"":741,""148"":1512,""149"":9143}",4
compact,classix,classix_r1.10_m1_distance,"{""group_merging"":""distance"",""mergeScale"":1.5,""mergeTinyGroups"":true,""metric"":""euclidean"",""minPts"":1,""post_alloc"":false,""radius"":1.1,""sorting"":""pca""}",,11719,12,12,0,0.0,0.9971840600733851,True,0.7666882250970283,0.37082091433455977,297.4955659732573,0.005951667029876262,"{""0"":1,""1"":1,""2"":1,""3"":15,""4"":4,""5"":11686,""6"":2,""7"":3,""8"":3,""9"":1,""10"":1,""11"":1}",12
compact,classix,classix_r1.10_m1_density,"{""group_merging"":""density"",""mergeScale"":1.5,""mergeTinyGroups"":true,""metric"":""euclidean"",""minPts"":1,""post_alloc"":false,""radius"":1.1,""sorting"":""pca""}",,11719,31,31,0,0.0,0.7801860226981825,True,0.40547940859251574,0.5080077651280914,517.4068280423681,0.055035708006471395,"{""115"":1,""116"":1,""117"":1,""118"":3,""119"":1,""120"":1,""121"":1,""122"":1,""123"":1,""124"":1,""125"":2,""126"":3,""127"":34,""128"":3,""129"":1,""130"":1,""131"":1,""132"":1,""133"":5,""134"":1,""135"":1,""136"":1,""137"":1,""138"":1,""139"":2,""140"":1,""141"":3,""142"":1,""143"":989,""144"":1512,""145"":9143}",31
compact,classix,classix_r1.10_m5_distance,"{""group_merging"":""distance"",""mergeScale"":1.5,""mergeTinyGroups"":true,""metric"":""euclidean"",""minPts"":5,""post_alloc"":false,""radius"":1.1,""sorting"":""pca""}",,11719,2,2,0,0.0,0.9979520436897347,True,0.897484535700111,0.22449672808902577,2632.5934150066805,0.004487041034735739,"{""0"":24,""1"":11695}",2
compact,classix,classix_r1.10_m5_density,"{""group_merging"":""density"",""mergeScale"":1.5,""mergeTinyGroups"":true,""metric"":""euclidean"",""minPts"":5,""post_alloc"":false,""radius"":1.1,""sorting"":""pca""}",,11719,5,6,36,0.0030719344653980713,0.782590088162287,True,0.4132815884768664,0.9577854573602107,2754.106222841147,0.04981362499529496,"{""-1"":36,""127"":34,""133"":5,""143"":989,""144"":1512,""145"":9143}",5
compact,classix,classix_r1.10_m10_distance,"{""group_merging"":""distance"",""mergeScale"":1.5,""mergeTinyGroups"":true,""metric"":""euclidean"",""minPts"":10,""post_alloc"":false,""radius"":1.1,""sorting"":""pca""}",,11719,2,2,0,0.0,0.9979520436897347,True,0.897484535700111,0.22449672808902577,2632.5934150066805,0.0070922080194577575,"{""0"":24,""1"":11695}",2
compact,classix,classix_r1.10_m10_density,"{""group_merging"":""density"",""mergeScale"":1.5,""mergeTinyGroups"":true,""metric"":""euclidean"",""minPts"":10,""post_alloc"":false,""radius"":1.1,""sorting"":""pca""}",,11719,4,5,41,0.0034985920300366923,0.7829251584175373,True,0.41742944546724026,1.079176044457732,3610.3749249990788,0.04221029201289639,"{""-1"":41,""127"":34,""143"":989,""144"":1512,""145"":9143}",4
compact,classix,classix_r1.15_m1_distance,"{""group_merging"":""distance"",""mergeScale"":1.5,""mergeTinyGroups"":true,""metric"":""euclidean"",""minPts"":1,""post_alloc"":false,""radius"":1.15,""sorting"":""pca""}",,11719,11,11,0,0.0,0.998464032767301,True,0.7625479624996458,0.319671816509179,139.28145850954098,0.0047717090346850455,"{""0"":1,""1"":1,""2"":1,""3"":11701,""4"":4,""5"":2,""6"":3,""7"":3,""8"":1,""9"":1,""10"":1}",11
compact,classix,classix_r1.15_m1_density,"{""group_merging"":""density"",""mergeScale"":1.5,""mergeTinyGroups"":true,""metric"":""euclidean"",""minPts"":1,""post_alloc"":false,""radius"":1.15,""sorting"":""pca""}",,11719,30,30,0,0.0,0.9092072702449014,True,0.5198034325137089,0.560802276905567,430.0354102980046,0.04953829199075699,"{""107"":1,""108"":1,""109"":1,""110"":3,""111"":1,""112"":1,""113"":1,""114"":1,""115"":1,""116"":1,""117"":2,""118"":3,""119"":3,""120"":1,""121"":1,""122"":47,""123"":1,""124"":1,""125"":5,""126"":1,""127"":1,""128"":6,""129"":1,""130"":1,""131"":1,""132"":1,""133"":2,""134"":1,""135"":973,""136"":10655}",30
compact,classix,classix_r1.15_m5_distance,"{""group_merging"":""distance"",""mergeScale"":1.5,""mergeTinyGroups"":true,""metric"":""euclidean"",""minPts"":5,""post_alloc"":false,""radius"":1.15,""sorting"":""pca""}",,11719,1,1,0,0.0,1.0,False,,,,0.005036249989643693,"{""0"":11719}",1
compact,classix,classix_r1.15_m5_density,"{""group_merging"":""density"",""mergeScale"":1.5,""mergeTinyGroups"":true,""metric"":""euclidean"",""minPts"":5,""post_alloc"":false,""radius"":1.15,""sorting"":""pca""}",,11719,5,6,33,0.002815939926614899,0.9117747732329283,True,0.5283098638486085,0.715169759563881,2131.952120402079,0.04300191602669656,"{""-1"":33,""122"":47,""125"":5,""128"":6,""135"":973,""136"":10655}",5
compact,classix,classix_r1.15_m10_distance,"{""group_merging"":""distance"",""mergeScale"":1.5,""mergeTinyGroups"":true,""metric"":""euclidean"",""minPts"":10,""post_alloc"":false,""radius"":1.15,""sorting"":""pca""}",,11719,1,1,0,0.0,1.0,False,,,,0.004237166023813188,"{""0"":11719}",1
compact,classix,classix_r1.15_m10_density,"{""group_merging"":""density"",""mergeScale"":1.5,""mergeTinyGroups"":true,""metric"":""euclidean"",""minPts"":10,""post_alloc"":false,""radius"":1.15,""sorting"":""pca""}",,11719,3,4,44,0.003754586568819865,0.9126338329764454,True,0.5337954936800562,0.7959231469614089,4083.7615945982225,0.0528142080293037,"{""-1"":44,""122"":47,""135"":973,""136"":10655}",3
compact,classix,classix_r1.20_m1_distance,"{""group_merging"":""distance"",""mergeScale"":1.5,""mergeTinyGroups"":true,""metric"":""euclidean"",""minPts"":1,""post_alloc"":false,""radius"":1.2,""sorting"":""pca""}",,11719,10,10,0,0.0,0.9987200273060841,True,0.7620134278205785,0.3093587454014872,135.19151548666227,0.009566041990183294,"{""0"":1,""1"":1,""2"":1,""3"":11704,""4"":4,""5"":2,""6"":3,""7"":1,""8"":1,""9"":1}",10
compact,classix,classix_r1.20_m1_density,"{""group_merging"":""density"",""mergeScale"":1.5,""mergeTinyGroups"":true,""metric"":""euclidean"",""minPts"":1,""post_alloc"":false,""radius"":1.2,""sorting"":""pca""}",,11719,25,25,0,0.0,0.9092072702449014,True,0.5602957918044675,0.3553237925487972,298.5880768420457,0.044676334015093744,"{""101"":1,""102"":1,""103"":1,""104"":4,""105"":1,""106"":1,""107"":1,""108"":1,""109"":1,""110"":2,""111"":3,""112"":3,""113"":1,""114"":1,""115"":1,""116"":1,""117"":5,""118"":1,""119"":1,""120"":1,""121"":1,""122"":1,""123"":1,""124"":1029,""125"":10655}",25
compact,classix,classix_r1.20_m5_distance,"{""group_merging"":""distance"",""mergeScale"":1.5,""mergeTinyGroups"":true,""metric"":""euclidean"",""minPts"":5,""post_alloc"":false,""radius"":1.2,""sorting"":""pca""}",,11719,1,1,0,0.0,1.0,False,,,,0.006664541026111692,"{""0"":11719}",1
compact,classix,classix_r1.20_m5_density,"{""group_merging"":""density"",""mergeScale"":1.5,""mergeTinyGroups"":true,""metric"":""euclidean"",""minPts"":5,""post_alloc"":false,""radius"":1.2,""sorting"":""pca""}",,11719,3,4,30,0.0025599453878317265,0.9115407648216272,True,0.568097043636941,0.8877318962590603,2074.7693149504435,0.044735666015185416,"{""-1"":30,""117"":5,""124"":1029,""125"":10655}",3
compact,classix,classix_r1.20_m10_distance,"{""group_merging"":""distance"",""mergeScale"":1.5,""mergeTinyGroups"":true,""metric"":""euclidean"",""minPts"":10,""post_alloc"":false,""radius"":1.2,""sorting"":""pca""}",,11719,1,1,0,0.0,1.0,False,,,,0.010306207987014204,"{""0"":11719}",1
compact,classix,classix_r1.20_m10_density,"{""group_merging"":""density"",""mergeScale"":1.5,""mergeTinyGroups"":true,""metric"":""euclidean"",""minPts"":10,""post_alloc"":false,""radius"":1.2,""sorting"":""pca""}",,11719,2,3,35,0.0029866029524703475,0.9119308456008216,True,0.5761151199282547,1.0393573293421459,4021.8184167699837,0.06336824997561052,"{""-1"":35,""124"":1029,""125"":10655}",2
compact,classix,classix_r1.25_m1_distance,"{""group_merging"":""distance"",""mergeScale"":1.5,""mergeTinyGroups"":true,""metric"":""euclidean"",""minPts"":1,""post_alloc"":false,""radius"":1.25,""sorting"":""pca""}",,11719,9,9,0,0.0,0.9988906903319396,True,0.7617562664210873,0.2034912385495594,120.9884661269216,0.0072717079892754555,"{""0"":1,""1"":1,""2"":1,""3"":11706,""4"":2,""5"":3,""6"":3,""7"":1,""8"":1}",9
compact,classix,classix_r1.25_m1_density,"{""group_merging"":""density"",""mergeScale"":1.5,""mergeTinyGroups"":true,""metric"":""euclidean"",""minPts"":1,""post_alloc"":false,""radius"":1.25,""sorting"":""pca""}",,11719,25,25,0,0.0,0.9092072702449014,True,0.5603244300955613,0.3941268481804402,274.0388320048374,0.04293620801763609,"{""92"":1,""93"":1,""94"":1,""95"":1,""96"":1,""97"":1,""98"":1,""99"":1,""100"":2,""101"":3,""102"":3,""103"":1,""104"":1,""105"":1,""106"":1,""107"":1,""108"":14,""109"":1,""110"":1,""111"":1,""112"":1,""113"":3,""114"":1,""115"":1021,""116"":10655}",25
compact,classix,classix_r1.25_m5_distance,"{""group_merging"":""distance"",""mergeScale"":1.5,""mergeTinyGroups"":true,""metric"":""euclidean"",""minPts"":5,""post_alloc"":false,""radius"":1.25,""sorting"":""pca""}",,11719,1,1,0,0.0,1.0,False,,,,0.0039002500125207007,"{""0"":11719}",1
compact,classix,classix_r1.25_m5_density,"{""group_merging"":""density"",""mergeScale"":1.5,""mergeTinyGroups"":true,""metric"":""euclidean"",""minPts"":5,""post_alloc"":false,""radius"":1.25,""sorting"":""pca""}",,11719,3,4,29,0.002474613874904002,0.9114627887082977,True,0.5708102819693496,0.9296422315347769,2139.5582735657713,0.048487957974430174,"{""-1"":29,""108"":14,""115"":1021,""116"":10655}",3
compact,classix,classix_r1.25_m10_distance,"{""group_merging"":""distance"",""mergeScale"":1.5,""mergeTinyGroups"":true,""metric"":""euclidean"",""minPts"":10,""post_alloc"":false,""radius"":1.25,""sorting"":""pca""}",,11719,1,1,0,0.0,1.0,False,,,,0.004880916036199778,"{""0"":11719}",1
compact,classix,classix_r1.25_m10_density,"{""group_merging"":""density"",""mergeScale"":1.5,""mergeTinyGroups"":true,""metric"":""euclidean"",""minPts"":10,""post_alloc"":false,""radius"":1.25,""sorting"":""pca""}",,11719,3,4,29,0.002474613874904002,0.9114627887082977,True,0.5708102819693496,0.9296422315347769,2139.5582735657713,0.04487637500278652,"{""-1"":29,""108"":14,""115"":1021,""116"":10655}",3
compact,classix,classix_r1.30_m1_distance,"{""group_merging"":""distance"",""mergeScale"":1.5,""mergeTinyGroups"":true,""metric"":""euclidean"",""minPts"":1,""post_alloc"":false,""radius"":1.3,""sorting"":""pca""}",,11719,9,9,0,0.0,0.999061353357795,True,0.761116014715432,0.17897225417907722,105.01848887667019,0.00392608402762562,"{""0"":1,""1"":1,""2"":1,""3"":11708,""4"":2,""5"":3,""6"":1,""7"":1,""8"":1}",9
compact,classix,classix_r1.30_m1_density,"{""group_merging"":""density"",""mergeScale"":1.5,""mergeTinyGroups"":true,""metric"":""euclidean"",""minPts"":1,""post_alloc"":false,""radius"":1.3,""sorting"":""pca""}",,11719,22,22,0,0.0,0.9092072702449014,True,0.5654719292441951,0.38219821996410025,292.8428122413769,0.1030400840099901,"{""88"":1,""89"":1,""90"":1,""91"":1,""92"":1,""93"":1,""94"":1,""95"":1,""96"":2,""97"":3,""98"":1,""99"":1,""100"":2,""101"":1,""102"":1,""103"":1,""104"":1,""105"":1,""106"":3,""107"":1,""108"":1038,""109"":10655}",22
compact,classix,classix_r1.30_m5_distance,"{""group_merging"":""distance"",""mergeScale"":1.5,""mergeTinyGroups"":true,""metric"":""euclidean"",""minPts"":5,""post_alloc"":false,""radius"":1.3,""sorting"":""pca""}",,11719,1,1,0,0.0,1.0,False,,,,0.0053631250048056245,"{""0"":11719}",1
compact,classix,classix_r1.30_m5_density,"{""group_merging"":""density"",""mergeScale"":1.5,""mergeTinyGroups"":true,""metric"":""euclidean"",""minPts"":5,""post_alloc"":false,""radius"":1.3,""sorting"":""pca""}",,11719,2,3,26,0.0022186193361208293,0.9112289403916873,True,0.5828632589133826,1.042201407809212,4123.619517319151,0.0376452500349842,"{""-1"":26,""108"":1038,""109"":10655}",2
compact,classix,classix_r1.30_m10_distance,"{""group_merging"":""distance"",""mergeScale"":1.5,""mergeTinyGroups"":true,""metric"":""euclidean"",""minPts"":10,""post_alloc"":false,""radius"":1.3,""sorting"":""pca""}",,11719,1,1,0,0.0,1.0,False,,,,0.003942875016946346,"{""0"":11719}",1
compact,classix,classix_r1.30_m10_density,"{""group_merging"":""density"",""mergeScale"":1.5,""mergeTinyGroups"":true,""metric"":""euclidean"",""minPts"":10,""post_alloc"":false,""radius"":1.3,""sorting"":""pca""}",,11719,2,3,26,0.0022186193361208293,0.9112289403916873,True,0.5828632589133826,1.042201407809212,4123.619517319151,0.05141054099658504,"{""-1"":26,""108"":1038,""109"":10655}",2
compact,classix,classix_r1.35_m1_distance,"{""group_merging"":""distance"",""mergeScale"":1.5,""mergeTinyGroups"":true,""metric"":""euclidean"",""minPts"":1,""post_alloc"":false,""radius"":1.35,""sorting"":""pca""}",,11719,7,7,0,0.0,0.9991466848707228,True,0.7611161828088031,0.266426086072244,133.26662079126515,0.007075167028233409,"{""0"":1,""1"":2,""2"":11709,""3"":2,""4"":3,""5"":1,""6"":1}",7
compact,classix,classix_r1.35_m1_density,"{""group_merging"":""density"",""mergeScale"":1.5,""mergeTinyGroups"":true,""metric"":""euclidean"",""minPts"":1,""post_alloc"":false,""radius"":1.35,""sorting"":""pca""}",,11719,21,21,0,0.0,0.9092926017578291,True,0.5655278510316338,0.37841530894427416,306.33009285214973,0.055231083009857684,"{""87"":1,""88"":1,""89"":1,""90"":1,""91"":1,""92"":1,""93"":1,""94"":1,""95"":2,""96"":3,""97"":1,""98"":1,""99"":2,""100"":1,""101"":1,""102"":1,""103"":1,""104"":1,""105"":3,""106"":1038,""107"":10656}",21
compact,classix,classix_r1.35_m5_distance,"{""group_merging"":""distance"",""mergeScale"":1.5,""mergeTinyGroups"":true,""metric"":""euclidean"",""minPts"":5,""post_alloc"":false,""radius"":1.35,""sorting"":""pca""}",,11719,1,1,0,0.0,1.0,False,,,,0.003791125025600195,"{""0"":11719}",1
compact,classix,classix_r1.35_m5_density,"{""group_merging"":""density"",""mergeScale"":1.5,""mergeTinyGroups"":true,""metric"":""euclidean"",""minPts"":5,""post_alloc"":false,""radius"":1.35,""sorting"":""pca""}",,11719,2,3,25,0.002133287823193105,0.9112365315546435,True,0.5827043120712565,1.0425006115230828,4117.7502725634295,0.04191420797724277,"{""-1"":25,""106"":1038,""107"":10656}",2
compact,classix,classix_r1.35_m10_distance,"{""group_merging"":""distance"",""mergeScale"":1.5,""mergeTinyGroups"":true,""metric"":""euclidean"",""minPts"":10,""post_alloc"":false,""radius"":1.35,""sorting"":""pca""}",,11719,1,1,0,0.0,1.0,False,,,,0.0059167500003241,"{""0"":11719}",1
compact,classix,classix_r1.35_m10_density,"{""group_merging"":""density"",""mergeScale"":1.5,""mergeTinyGroups"":true,""metric"":""euclidean"",""minPts"":10,""post_alloc"":false,""radius"":1.35,""sorting"":""pca""}",,11719,2,3,25,0.002133287823193105,0.9112365315546435,True,0.5827043120712565,1.0425006115230828,4117.7502725634295,0.0832454590126872,"{""-1"":25,""106"":1038,""107"":10656}",2
compact,classix,classix_r1.40_m1_distance,"{""group_merging"":""distance"",""mergeScale"":1.5,""mergeTinyGroups"":true,""metric"":""euclidean"",""minPts"":1,""post_alloc"":false,""radius"":1.4,""sorting"":""pca""}",,11719,7,7,0,0.0,0.9991466848707228,True,0.7619046484046759,0.27684127953966764,139.27077176019864,0.007438750006258488,"{""0"":1,""1"":2,""2"":11709,""3"":1,""4"":2,""5"":3,""6"":1}",7
compact,classix,classix_r1.40_m1_density,"{""group_merging"":""density"",""mergeScale"":1.5,""mergeTinyGroups"":true,""metric"":""euclidean"",""minPts"":1,""post_alloc"":false,""radius"":1.4,""sorting"":""pca""}",,11719,19,19,0,0.0,0.9092926017578291,True,0.5670393721905708,0.42691025801963123,339.67469412135665,0.04132591700181365,"{""78"":1,""79"":1,""80"":1,""81"":1,""82"":2,""83"":1,""84"":1,""85"":2,""86"":3,""87"":1,""88"":1,""89"":2,""90"":1,""91"":1,""92"":1,""93"":1,""94"":3,""95"":1039,""96"":10656}",19
compact,classix,classix_r1.40_m5_distance,"{""group_merging"":""distance"",""mergeScale"":1.5,""mergeTinyGroups"":true,""metric"":""euclidean"",""minPts"":5,""post_alloc"":false,""radius"":1.4,""sorting"":""pca""}",,11719,1,1,0,0.0,1.0,False,,,,0.00390195898944512,"{""0"":11719}",1
compact,classix,classix_r1.40_m5_density,"{""group_merging"":""density"",""mergeScale"":1.5,""mergeTinyGroups"":true,""metric"":""euclidean"",""minPts"":5,""post_alloc"":false,""radius"":1.4,""sorting"":""pca""}",,11719,2,3,24,0.002047956310265381,0.9111586147926465,True,0.5828435702280852,1.0427428440211228,4123.865434712302,0.0405043339706026,"{""-1"":24,""95"":1039,""96"":10656}",2
compact,classix,classix_r1.40_m10_distance,"{""group_merging"":""distance"",""mergeScale"":1.5,""mergeTinyGroups"":true,""metric"":""euclidean"",""minPts"":10,""post_alloc"":false,""radius"":1.4,""sorting"":""pca""}",,11719,1,1,0,0.0,1.0,False,,,,0.004362375009804964,"{""0"":11719}",1
compact,classix,classix_r1.40_m10_density,"{""group_merging"":""density"",""mergeScale"":1.5,""mergeTinyGroups"":true,""metric"":""euclidean"",""minPts"":10,""post_alloc"":false,""radius"":1.4,""sorting"":""pca""}",,11719,2,3,24,0.002047956310265381,0.9111586147926465,True,0.5828435702280852,1.0427428440211228,4123.865434712302,0.03550425003049895,"{""-1"":24,""95"":1039,""96"":10656}",2
compact,classix,classix_r1.45_m1_distance,"{""group_merging"":""distance"",""mergeScale"":1.5,""mergeTinyGroups"":true,""metric"":""euclidean"",""minPts"":1,""post_alloc"":false,""radius"":1.45,""sorting"":""pca""}",,11719,6,6,0,0.0,0.9991466848707228,True,0.7621133335762755,0.36052313177209433,166.95000311074244,0.005882666970137507,"{""0"":1,""1"":2,""2"":11709,""3"":3,""4"":3,""5"":1}",6
compact,classix,classix_r1.45_m1_density,"{""group_merging"":""density"",""mergeScale"":1.5,""mergeTinyGroups"":true,""metric"":""euclidean"",""minPts"":1,""post_alloc"":false,""radius"":1.45,""sorting"":""pca""}",,11719,19,19,0,0.0,0.9092926017578291,True,0.566311610711538,0.4403737312675099,340.0797539262715,0.055931834038347006,"{""75"":1,""76"":1,""77"":1,""78"":1,""79"":2,""80"":1,""81"":1,""82"":2,""83"":3,""84"":1,""85"":1,""86"":2,""87"":1,""88"":1,""89"":1,""90"":2,""91"":3,""92"":1038,""93"":10656}",19
compact,classix,classix_r1.45_m5_distance,"{""group_merging"":""distance"",""mergeScale"":1.5,""mergeTinyGroups"":true,""metric"":""euclidean"",""minPts"":5,""post_alloc"":false,""radius"":1.45,""sorting"":""pca""}",,11719,1,1,0,0.0,1.0,False,,,,0.008230875013396144,"{""0"":11719}",1
compact,classix,classix_r1.45_m5_density,"{""group_merging"":""density"",""mergeScale"":1.5,""mergeTinyGroups"":true,""metric"":""euclidean"",""minPts"":5,""post_alloc"":false,""radius"":1.45,""sorting"":""pca""}",,11719,2,3,25,0.002133287823193105,0.9112365315546435,True,0.5827101942431913,1.0428158520796458,4115.882476750585,0.03247549996012822,"{""-1"":25,""92"":1038,""93"":10656}",2
compact,classix,classix_r1.45_m10_distance,"{""group_merging"":""distance"",""mergeScale"":1.5,""mergeTinyGroups"":true,""metric"":""euclidean"",""minPts"":10,""post_alloc"":false,""radius"":1.45,""sorting"":""pca""}",,11719,1,1,0,0.0,1.0,False,,,,0.005042833974584937,"{""0"":11719}",1
compact,classix,classix_r1.45_m10_density,"{""group_merging"":""density"",""mergeScale"":1.5,""mergeTinyGroups"":true,""metric"":""euclidean"",""minPts"":10,""post_alloc"":false,""radius"":1.45,""sorting"":""pca""}",,11719,2,3,25,0.002133287823193105,0.9112365315546435,True,0.5827101942431913,1.0428158520796458,4115.882476750585,0.03072254196740687,"{""-1"":25,""92"":1038,""93"":10656}",2
compact,classix,classix_r1.50_m1_distance,"{""group_merging"":""distance"",""mergeScale"":1.5,""mergeTinyGroups"":true,""metric"":""euclidean"",""minPts"":1,""post_alloc"":false,""radius"":1.5,""sorting"":""pca""}",,11719,5,5,0,0.0,0.9994026794095059,True,0.7615648272372763,0.22750970644567686,156.64417064289185,0.0069550409680232406,"{""0"":1,""1"":2,""2"":11712,""3"":3,""4"":1}",5
compact,classix,classix_r1.50_m1_density,"{""group_merging"":""density"",""mergeScale"":1.5,""mergeTinyGroups"":true,""metric"":""euclidean"",""minPts"":1,""post_alloc"":false,""radius"":1.5,""sorting"":""pca""}",,11719,18,18,0,0.0,0.9967574025087464,True,0.6802787732267879,0.32668747534441644,193.71646750305868,0.03365633304929361,"{""68"":1,""69"":1,""70"":1,""71"":1,""72"":2,""73"":1,""74"":15,""75"":1,""76"":2,""77"":3,""78"":1,""79"":1,""80"":1,""81"":1,""82"":1,""83"":2,""84"":3,""85"":11681}",18
compact,classix,classix_r1.50_m5_distance,"{""group_merging"":""distance"",""mergeScale"":1.5,""mergeTinyGroups"":true,""metric"":""euclidean"",""minPts"":5,""post_alloc"":false,""radius"":1.5,""sorting"":""pca""}",,11719,1,1,0,0.0,1.0,False,,,,0.004652707953937352,"{""0"":11719}",1
compact,classix,classix_r1.50_m5_density,"{""group_merging"":""density"",""mergeScale"":1.5,""mergeTinyGroups"":true,""metric"":""euclidean"",""minPts"":5,""post_alloc"":false,""radius"":1.5,""sorting"":""pca""}",,11719,2,3,23,0.001962624797337657,0.998717510259918,True,0.8967244556388113,0.14624486230122913,1662.4750135722293,0.07074845797615126,"{""-1"":23,""74"":15,""85"":11681}",2
compact,classix,classix_r1.50_m10_distance,"{""group_merging"":""distance"",""mergeScale"":1.5,""mergeTinyGroups"":true,""metric"":""euclidean"",""minPts"":10,""post_alloc"":false,""radius"":1.5,""sorting"":""pca""}",,11719,1,1,0,0.0,1.0,False,,,,0.009565334010403603,"{""0"":11719}",1
compact,classix,classix_r1.50_m10_density,"{""group_merging"":""density"",""mergeScale"":1.5,""mergeTinyGroups"":true,""metric"":""euclidean"",""minPts"":10,""post_alloc"":false,""radius"":1.5,""sorting"":""pca""}",,11719,2,3,23,0.001962624797337657,0.998717510259918,True,0.8967244556388113,0.14624486230122913,1662.4750135722293,0.033022958028595895,"{""-1"":23,""74"":15,""85"":11681}",2
compact,classix,classix_r1.55_m1_distance,"{""group_merging"":""distance"",""mergeScale"":1.5,""mergeTinyGroups"":true,""metric"":""euclidean"",""minPts"":1,""post_alloc"":false,""radius"":1.55,""sorting"":""pca""}",,11719,4,4,0,0.0,0.9995733424353613,True,0.7761709228421931,0.28937440990085966,170.05849071092473,0.0070766250137239695,"{""0"":1,""1"":2,""2"":11714,""3"":2}",4
compact,classix,classix_r1.55_m1_density,"{""group_merging"":""density"",""mergeScale"":1.5,""mergeTinyGroups"":true,""metric"":""euclidean"",""minPts"":1,""post_alloc"":false,""radius"":1.55,""sorting"":""pca""}",,11719,15,15,0,0.0,0.9969280655346019,True,0.683759503021747,0.3525271106295238,232.6795027283583,0.030190458986908197,"{""64"":1,""65"":1,""66"":1,""67"":1,""68"":15,""69"":3,""70"":1,""71"":2,""72"":3,""73"":1,""74"":1,""75"":2,""76"":1,""77"":3,""78"":11683}",15
compact,classix,classix_r1.55_m5_distance,"{""group_merging"":""distance"",""mergeScale"":1.5,""mergeTinyGroups"":true,""metric"":""euclidean"",""minPts"":5,""post_alloc"":false,""radius"":1.55,""sorting"":""pca""}",,11719,1,1,0,0.0,1.0,False,,,,0.005341625015717,"{""0"":11719}",1
compact,classix,classix_r1.55_m5_density,"{""group_merging"":""density"",""mergeScale"":1.5,""mergeTinyGroups"":true,""metric"":""euclidean"",""minPts"":5,""post_alloc"":false,""radius"":1.55,""sorting"":""pca""}",,11719,2,3,21,0.0017919617714822083,0.9987177295264148,True,0.8966121931761513,0.14631987605760696,1658.6908162093325,0.03564091701991856,"{""-1"":21,""68"":15,""78"":11683}",2
compact,classix,classix_r1.55_m10_distance,"{""group_merging"":""distance"",""mergeScale"":1.5,""mergeTinyGroups"":true,""metric"":""euclidean"",""minPts"":10,""post_alloc"":false,""radius"":1.55,""sorting"":""pca""}",,11719,1,1,0,0.0,1.0,False,,,,0.011164165975060314,"{""0"":11719}",1
compact,classix,classix_r1.55_m10_density,"{""group_merging"":""density"",""mergeScale"":1.5,""mergeTinyGroups"":true,""metric"":""euclidean"",""minPts"":10,""post_alloc"":false,""radius"":1.55,""sorting"":""pca""}",,11719,2,3,21,0.0017919617714822083,0.9987177295264148,True,0.8966121931761513,0.14631987605760696,1658.6908162093325,0.03482354199513793,"{""-1"":21,""68"":15,""78"":11683}",2
compact,classix,classix_r1.60_m1_distance,"{""group_merging"":""distance"",""mergeScale"":1.5,""mergeTinyGroups"":true,""metric"":""euclidean"",""minPts"":1,""post_alloc"":false,""radius"":1.6,""sorting"":""pca""}",,11719,4,4,0,0.0,0.9995733424353613,True,0.7761709228421931,0.28937440990085966,170.05849071092473,0.005685083044227213,"{""0"":1,""1"":2,""2"":11714,""3"":2}",4
compact,classix,classix_r1.60_m1_density,"{""group_merging"":""density"",""mergeScale"":1.5,""mergeTinyGroups"":true,""metric"":""euclidean"",""minPts"":1,""post_alloc"":false,""radius"":1.6,""sorting"":""pca""}",,11719,13,13,0,0.0,0.9971840600733851,True,0.7653744245624137,0.42913145190300217,267.6065144365177,0.027061625034548342,"{""58"":1,""59"":1,""60"":1,""61"":1,""62"":15,""63"":4,""64"":2,""65"":3,""66"":1,""67"":1,""68"":2,""69"":1,""70"":11686}",13
compact,classix,classix_r1.60_m5_distance,"{""group_merging"":""distance"",""mergeScale"":1.5,""mergeTinyGroups"":true,""metric"":""euclidean"",""minPts"":5,""post_alloc"":false,""radius"":1.6,""sorting"":""pca""}",,11719,1,1,0,0.0,1.0,False,,,,0.003491166979074478,"{""0"":11719}",1
compact,classix,classix_r1.60_m5_density,"{""group_merging"":""density"",""mergeScale"":1.5,""mergeTinyGroups"":true,""metric"":""euclidean"",""minPts"":5,""post_alloc"":false,""radius"":1.6,""sorting"":""pca""}",,11719,2,3,18,0.0015359672326990357,0.9987180582856167,True,0.8964765622450572,0.14641929768184045,1653.9520391047238,0.04419045802205801,"{""-1"":18,""62"":15,""70"":11686}",2
compact,classix,classix_r1.60_m10_distance,"{""group_merging"":""distance"",""mergeScale"":1.5,""mergeTinyGroups"":true,""metric"":""euclidean"",""minPts"":10,""post_alloc"":false,""radius"":1.6,""sorting"":""pca""}",,11719,1,1,0,0.0,1.0,False,,,,0.003675832995213568,"{""0"":11719}",1
compact,classix,classix_r1.60_m10_density,"{""group_merging"":""density"",""mergeScale"":1.5,""mergeTinyGroups"":true,""metric"":""euclidean"",""minPts"":10,""post_alloc"":false,""radius"":1.6,""sorting"":""pca""}",,11719,2,3,18,0.0015359672326990357,0.9987180582856167,True,0.8964765622450572,0.14641929768184045,1653.9520391047238,0.027471875015180558,"{""-1"":18,""62"":15,""70"":11686}",2
compact,classix,classix_r1.65_m1_distance,"{""group_merging"":""distance"",""mergeScale"":1.5,""mergeTinyGroups"":true,""metric"":""euclidean"",""minPts"":1,""post_alloc"":false,""radius"":1.65,""sorting"":""pca""}",,11719,4,4,0,0.0,0.9995733424353613,True,0.7761709228421931,0.28937440990085966,170.05849071092473,0.007560125028248876,"{""0"":1,""1"":2,""2"":11714,""3"":2}",4
compact,classix,classix_r1.65_m1_density,"{""group_merging"":""density"",""mergeScale"":1.5,""mergeTinyGroups"":true,""metric"":""euclidean"",""minPts"":1,""post_alloc"":false,""radius"":1.65,""sorting"":""pca""}",,11719,11,11,0,0.0,0.9985493642802287,True,0.7613625661368042,0.31641879579387466,126.27587494788743,0.02087316696997732,"{""58"":1,""59"":1,""60"":1,""61"":4,""62"":2,""63"":3,""64"":1,""65"":1,""66"":2,""67"":1,""68"":11702}",11
compact,classix,classix_r1.65_m5_distance,"{""group_merging"":""distance"",""mergeScale"":1.5,""mergeTinyGroups"":true,""metric"":""euclidean"",""minPts"":5,""post_alloc"":false,""radius"":1.65,""sorting"":""pca""}",,11719,1,1,0,0.0,1.0,False,,,,0.004683457955252379,"{""0"":11719}",1
compact,classix,classix_r1.65_m5_density,"{""group_merging"":""density"",""mergeScale"":1.5,""mergeTinyGroups"":true,""metric"":""euclidean"",""minPts"":5,""post_alloc"":false,""radius"":1.65,""sorting"":""pca""}",,11719,1,2,17,0.0014506357197713116,1.0,False,,,,0.03542120900237933,"{""-1"":17,""68"":11702}",1
compact,classix,classix_r1.65_m10_distance,"{""group_merging"":""distance"",""mergeScale"":1.5,""mergeTinyGroups"":true,""metric"":""euclidean"",""minPts"":10,""post_alloc"":false,""radius"":1.65,""sorting"":""pca""}",,11719,1,1,0,0.0,1.0,False,,,,0.0033421249827370048,"{""0"":11719}",1
compact,classix,classix_r1.65_m10_density,"{""group_merging"":""density"",""mergeScale"":1.5,""mergeTinyGroups"":true,""metric"":""euclidean"",""minPts"":10,""post_alloc"":false,""radius"":1.65,""sorting"":""pca""}",,11719,1,2,17,0.0014506357197713116,1.0,False,,,,0.028603625018149614,"{""-1"":17,""68"":11702}",1
compact,classix,classix_r1.70_m1_distance,"{""group_merging"":""distance"",""mergeScale"":1.5,""mergeTinyGroups"":true,""metric"":""euclidean"",""minPts"":1,""post_alloc"":false,""radius"":1.7,""sorting"":""pca""}",,11719,4,4,0,0.0,0.9995733424353613,True,0.7761709228421931,0.28937440990085966,170.05849071092473,0.008773332985583693,"{""0"":1,""1"":2,""2"":11714,""3"":2}",4
compact,classix,classix_r1.70_m1_density,"{""group_merging"":""density"",""mergeScale"":1.5,""mergeTinyGroups"":true,""metric"":""euclidean"",""minPts"":1,""post_alloc"":false,""radius"":1.7,""sorting"":""pca""}",,11719,10,10,0,0.0,0.9987200273060841,True,0.7620134278205785,0.3093587454014872,135.1915154866623,0.027760041994042695,"{""55"":1,""56"":1,""57"":1,""58"":4,""59"":2,""60"":3,""61"":1,""62"":1,""63"":1,""64"":11704}",10
compact,classix,classix_r1.70_m5_distance,"{""group_merging"":""distance"",""mergeScale"":1.5,""mergeTinyGroups"":true,""metric"":""euclidean"",""minPts"":5,""post_alloc"":false,""radius"":1.7,""sorting"":""pca""}",,11719,1,1,0,0.0,1.0,False,,,,0.00828541599912569,"{""0"":11719}",1
compact,classix,classix_r1.70_m5_density,"{""group_merging"":""density"",""mergeScale"":1.5,""mergeTinyGroups"":true,""metric"":""euclidean"",""minPts"":5,""post_alloc"":false,""radius"":1.7,""sorting"":""pca""}",,11719,1,2,15,0.0012799726939158632,1.0,False,,,,0.029181833029724658,"{""-1"":15,""64"":11704}",1
compact,classix,classix_r1.70_m10_distance,"{""group_merging"":""distance"",""mergeScale"":1.5,""mergeTinyGroups"":true,""metric"":""euclidean"",""minPts"":10,""post_alloc"":false,""radius"":1.7,""sorting"":""pca""}",,11719,1,1,0,0.0,1.0,False,,,,0.003439707972574979,"{""0"":11719}",1
compact,classix,classix_r1.70_m10_density,"{""group_merging"":""density"",""mergeScale"":1.5,""mergeTinyGroups"":true,""metric"":""euclidean"",""minPts"":10,""post_alloc"":false,""radius"":1.7,""sorting"":""pca""}",,11719,1,2,15,0.0012799726939158632,1.0,False,,,,0.03395145799731836,"{""-1"":15,""64"":11704}",1
compact,classix,classix_r1.75_m1_distance,"{""group_merging"":""distance"",""mergeScale"":1.5,""mergeTinyGroups"":true,""metric"":""euclidean"",""minPts"":1,""post_alloc"":false,""radius"":1.75,""sorting"":""pca""}",,11719,3,3,0,0.0,0.9995733424353613,True,0.7764818170675138,0.20930082209593723,254.1938173880947,0.004003042005933821,"{""0"":3,""1"":11714,""2"":2}",3
compact,classix,classix_r1.75_m1_density,"{""group_merging"":""density"",""mergeScale"":1.5,""mergeTinyGroups"":true,""metric"":""euclidean"",""minPts"":1,""post_alloc"":false,""radius"":1.75,""sorting"":""pca""}",,11719,10,10,0,0.0,0.9987200273060841,True,0.7620134278205785,0.3093587454014872,135.1915154866623,0.024967583012767136,"{""51"":1,""52"":1,""53"":1,""54"":4,""55"":2,""56"":3,""57"":1,""58"":1,""59"":1,""60"":11704}",10
compact,classix,classix_r1.75_m5_distance,"{""group_merging"":""distance"",""mergeScale"":1.5,""mergeTinyGroups"":true,""metric"":""euclidean"",""minPts"":5,""post_alloc"":false,""radius"":1.75,""sorting"":""pca""}",,11719,1,1,0,0.0,1.0,False,,,,0.004799375019501895,"{""0"":11719}",1
compact,classix,classix_r1.75_m5_density,"{""group_merging"":""density"",""mergeScale"":1.5,""mergeTinyGroups"":true,""metric"":""euclidean"",""minPts"":5,""post_alloc"":false,""radius"":1.75,""sorting"":""pca""}",,11719,1,2,15,0.0012799726939158632,1.0,False,,,,0.025191624998115003,"{""-1"":15,""60"":11704}",1
compact,classix,classix_r1.75_m10_distance,"{""group_merging"":""distance"",""mergeScale"":1.5,""mergeTinyGroups"":true,""metric"":""euclidean"",""minPts"":10,""post_alloc"":false,""radius"":1.75,""sorting"":""pca""}",,11719,1,1,0,0.0,1.0,False,,,,0.005204666987992823,"{""0"":11719}",1
compact,classix,classix_r1.75_m10_density,"{""group_merging"":""density"",""mergeScale"":1.5,""mergeTinyGroups"":true,""metric"":""euclidean"",""minPts"":10,""post_alloc"":false,""radius"":1.75,""sorting"":""pca""}",,11719,1,2,15,0.0012799726939158632,1.0,False,,,,0.10586491704452783,"{""-1"":15,""60"":11704}",1
rich,kmeans,kmeans_k02,"{""init"":""k-means++"",""n_clusters"":2,""n_init"":20}",20260801.0,11719,2,2,0,0.0,0.6752282617970816,True,0.3350530788124077,1.334459523657469,4558.6938577057645,0.10909395897760987,"{""0"":7913,""1"":3806}",2
rich,kmeans,kmeans_k03,"{""init"":""k-means++"",""n_clusters"":3,""n_init"":20}",20260801.0,11719,3,3,0,0.0,0.6596125949313081,True,0.3257363221321726,1.120069132850735,4008.598517286909,0.10784183297073469,"{""0"":7730,""1"":3824,""2"":165}",3
rich,kmeans,kmeans_k04,"{""init"":""k-means++"",""n_clusters"":4,""n_init"":20}",20260801.0,11719,4,4,0,0.0,0.5794009727792474,True,0.3510893981941017,1.0403753373425388,3923.3619216533416,0.18315275001805276,"{""0"":6790,""1"":3607,""2"":166,""3"":1156}",4
rich,kmeans,kmeans_k05,"{""init"":""k-means++"",""n_clusters"":5,""n_init"":20}",20260801.0,11719,5,5,0,0.0,0.4452598344568649,True,0.30834925075161407,1.0352714109294425,3917.719378605343,0.22754137497395277,"{""0"":5218,""1"":3328,""2"":1879,""3"":148,""4"":1146}",5
rich,kmeans,kmeans_k06,"{""init"":""k-means++"",""n_clusters"":6,""n_init"":20}",20260801.0,11719,6,6,0,0.0,0.4218789999146685,True,0.30189639823137526,1.1781307388638131,3782.0894985734444,0.43635558302048594,"{""0"":4944,""1"":901,""2"":115,""3"":2742,""4"":1145,""5"":1872}",6
rich,kmeans,kmeans_k07,"{""init"":""k-means++"",""n_clusters"":7,""n_init"":20}",20260801.0,11719,7,7,0,0.0,0.3321955798276303,True,0.28608533254228424,1.2316174807945015,3561.038754518443,0.27186854201136157,"{""0"":1794,""1"":922,""2"":115,""3"":1143,""4"":1311,""5"":3893,""6"":2541}",7
rich,kmeans,kmeans_k08,"{""init"":""k-means++"",""n_clusters"":8,""n_init"":20}",20260801.0,11719,8,8,0,0.0,0.2844952641010325,True,0.26645087677314677,1.2392206134792054,3338.722024116796,0.31685637502232566,"{""0"":1136,""1"":1770,""2"":789,""3"":1773,""4"":114,""5"":3334,""6"":1184,""7"":1619}",8
rich,kmeans,kmeans_k09,"{""init"":""k-means++"",""n_clusters"":9,""n_init"":20}",20260801.0,11719,9,9,0,0.0,0.2838126119976107,True,0.270380766532641,1.2193859627758774,3187.6976923072502,0.4178234590217471,"{""0"":1679,""1"":1178,""2"":1632,""3"":3326,""4"":1753,""5"":778,""6"":1135,""7"":114,""8"":124}",9
rich,kmeans,kmeans_k10,"{""init"":""k-means++"",""n_clusters"":10,""n_init"":20}",20260801.0,11719,10,10,0,0.0,0.2720368632135848,True,0.2722927352126307,1.207265663587703,3074.4391445783986,0.39884116704342887,"{""0"":3188,""1"":1419,""2"":113,""3"":1141,""4"":779,""5"":1658,""6"":1129,""7"":501,""8"":1671,""9"":120}",10
rich,kmeans,kmeans_k11,"{""init"":""k-means++"",""n_clusters"":11,""n_init"":20}",20260801.0,11719,11,11,0,0.0,0.26282105981739057,True,0.2729339288427196,1.2183583154037108,2973.678426796623,0.5567535419831984,"{""0"":1128,""1"":1119,""2"":881,""3"":1654,""4"":1621,""5"":72,""6"":1320,""7"":567,""8"":157,""9"":3080,""10"":120}",11
rich,kmeans,kmeans_k12,"{""init"":""k-means++"",""n_clusters"":12,""n_init"":20}",20260801.0,11719,12,12,0,0.0,0.2626503967915351,True,0.26864310926944357,1.2058061330440457,2843.214553448514,0.7963929169927724,"{""0"":749,""1"":566,""2"":873,""3"":1620,""4"":72,""5"":1121,""6"":1653,""7"":3078,""8"":1321,""9"":157,""10"":111,""11"":398}",12
rich,classix,classix_r0.25_m1_distance,"{""group_merging"":""distance"",""mergeScale"":1.5,""mergeTinyGroups"":true,""metric"":""euclidean"",""minPts"":1,""post_alloc"":false,""radius"":0.25,""sorting"":""pca""}",,11719,1361,1361,0,0.0,0.43220411297892314,True,-0.1661024049821288,0.665715859834311,22.019170099987036,0.1640887499670498,"{""0"":1,""1"":1,""2"":1,""3"":1,""4"":1,""5"":1,""6"":1,""7"":1,""8"":1,""9"":1,""10"":1,""11"":1,""12"":1,""13"":1,""14"":1,""15"":6,""16"":1,""17"":1,""18"":1,""19"":1,""20"":1,""21"":1,""22"":1,""23"":1,""24"":1,""25"":1,""26"":1,""27"":1,""28"":1,""29"":1,""30"":1,""31"":1,""32"":1,""33"":1,""34"":1,""35"":3,""36"":1,""37"":1,""38"":4,""39"":1,""40"":1,""41"":1,""42"":1,""43"":1,""44"":1,""45"":1,""46"":4,""47"":1,""48"":1,""49"":1,""50"":1,""51"":1,""52"":1,""53"":1,""54"":1,""55"":1,""56"":1,""57"":1,""58"":1,""59"":1,""60"":1,""61"":1,""62"":1,""63"":1,""64"":1,""65"":1,""66"":1,""67"":1,""68"":4,""69"":2,""70"":1,""71"":1,""72"":1,""73"":1,""74"":1,""75"":1,""76"":1,""77"":1,""78"":1,""79"":1,""80"":1,""81"":1,""82"":1,""83"":1,""84"":1,""85"":1,""86"":1,""87"":1,""88"":1,""89"":1,""90"":1,""91"":1,""92"":1,""93"":1,""94"":1,""95"":1,""96"":1,""97"":1,""98"":1,""99"":1,""100"":1,""101"":1,""102"":1,""103"":1,""104"":1,""105"":1,""106"":1,""107"":1,""108"":1,""109"":1,""110"":1,""111"":1,""112"":1,""113"":2,""114"":1,""115"":1,""116"":1,""117"":1,""118"":1,""119"":1,""120"":1,""121"":1,""122"":1,""123"":1,""124"":1,""125"":1,""126"":1,""127"":1,""128"":1,""129"":1,""130"":2,""131"":1,""132"":1,""133"":1,""134"":1,""135"":1,""136"":1,""137"":1,""138"":1,""139"":1,""140"":1,""141"":1,""142"":1,""143"":1,""144"":1,""145"":1,""146"":1,""147"":1,""148"":1,""149"":1,""150"":1,""151"":2,""152"":1,""153"":1,""154"":1,""155"":1,""156"":1,""157"":1,""158"":1,""159"":1,""160"":1,""161"":1,""162"":1,""163"":1,""164"":1,""165"":1,""166"":1,""167"":1,""168"":1,""169"":1,""170"":1,""171"":1,""172"":1,""173"":1,""174"":3,""175"":1,""176"":1,""177"":1,""178"":1,""179"":3,""180"":1,""181"":1,""182"":1,""183"":1,""184"":1,""185"":1,""186"":1,""187"":1,""188"":1,""189"":1,""190"":1,""191"":1,""192"":1,""193"":1,""194"":1,""195"":1,""196"":1096,""197"":1,""198"":2,""199"":1,""200"":1,""201"":1,""202"":1,""203"":1,""204"":1,""205"":1,""206"":1,""207"":1,""208"":1,""209"":1,""210"":1,""211"":1,""212"":1,""213"":1,""214"":3,""215"":1,""216"":1,""217"":1,""218"":1,""219"":1,""220"":1,""221"":1,""222"":1,""223"":1,""224"":1,""225"":1,""226"":1,""227"":1,""228"":1,""229"":1,""230"":3,""231"":1,""232"":1,""233"":1,""234"":1,""235"":1,""236"":1,""237"":3,""238"":2,""239"":1,""240"":1,""241"":1,""242"":1,""243"":1,""244"":1,""245"":1,""246"":1,""247"":1,""248"":1,""249"":1,""250"":5065,""251"":1,""252"":1,""253"":1,""254"":227,""255"":1,""256"":1,""257"":1,""258"":5,""259"":1,""260"":1,""261"":1,""262"":1,""263"":1,""264"":1,""265"":1,""266"":1,""267"":1,""268"":1,""269"":1,""270"":2,""271"":1,""272"":1,""273"":1,""274"":1,""275"":1,""276"":1,""277"":2,""278"":1,""279"":2,""280"":3,""281"":1,""282"":1,""283"":1,""284"":1,""285"":1,""286"":2,""287"":1,""288"":1,""289"":1,""290"":1,""291"":1,""292"":1,""293"":1,""294"":1,""295"":1,""296"":1,""297"":8,""298"":1,""299"":1,""300"":1,""301"":1,""302"":1,""303"":1,""304"":1,""305"":1,""306"":1,""307"":1,""308"":1,""309"":1,""310"":1,""311"":1,""312"":1,""313"":1,""314"":1,""315"":6,""316"":1,""317"":1,""318"":1,""319"":1,""320"":1,""321"":1,""322"":1,""323"":14,""324"":1,""325"":1,""326"":1,""327"":1,""328"":1,""329"":1,""330"":1,""331"":1,""332"":1,""333"":1,""334"":1,""335"":1,""336"":1,""337"":2,""338"":1,""339"":1,""340"":2,""341"":1,""342"":1,""343"":5,""344"":1,""345"":1,""346"":1,""347"":2,""348"":1,""349"":1,""350"":1,""351"":1,""352"":1,""353"":1,""354"":1,""355"":1,""356"":1,""357"":1,""358"":1,""359"":1,""360"":1,""361"":1,""362"":1,""363"":2,""364"":1,""365"":1,""366"":1,""367"":4,""368"":1,""369"":1,""370"":1,""371"":1,""372"":1,""373"":1,""374"":2,""375"":1,""376"":1,""377"":1,""378"":1,""379"":1,""380"":1,""381"":1,""382"":1,""383"":1,""384"":2,""385"":2,""386"":1,""387"":1,""388"":241,""389"":1,""390"":1,""391"":1,""392"":1,""393"":1,""394"":1,""395"":1,""396"":1,""397"":1,""398"":1,""399"":1,""400"":1,""401"":1,""402"":1,""403"":1,""404"":1,""405"":1,""406"":1,""407"":1,""408"":1,""409"":1,""410"":1,""411"":1,""412"":3,""413"":1,""414"":2,""415"":1,""416"":1,""417"":1,""418"":1,""419"":1,""420"":1,""421"":1,""422"":1,""423"":1,""424"":1,""425"":1,""426"":1,""427"":1,""428"":16,""429"":1,""430"":1,""431"":1,""432"":3,""433"":1,""434"":1,""435"":2,""436"":1,""437"":2,""438"":1,""439"":2,""440"":1,""441"":1,""442"":1,""443"":1,""444"":2,""445"":1,""446"":1,""447"":1,""448"":1,""449"":2,""450"":1,""451"":1,""452"":1,""453"":1,""454"":1,""455"":572,""456"":2,""457"":2,""458"":1,""459"":3,""460"":1,""461"":1,""462"":1,""463"":1,""464"":1,""465"":1,""466"":1,""467"":1,""468"":6,""469"":1,""470"":1,""471"":1,""472"":1,""473"":1,""474"":1,""475"":1,""476"":1,""477"":1,""478"":1,""479"":1,""480"":1,""481"":2,""482"":1,""483"":1,""484"":1,""485"":1,""486"":1,""487"":1,""488"":3,""489"":2,""490"":1,""491"":1,""492"":1,""493"":1,""494"":1,""495"":1,""496"":1,""497"":1,""498"":1,""499"":2,""500"":1,""501"":1,""502"":1,""503"":1,""504"":2,""505"":1,""506"":1,""507"":1,""508"":1,""509"":1,""510"":1,""511"":1,""512"":1,""513"":1,""514"":7,""515"":1,""516"":1,""517"":1,""518"":1,""519"":1,""520"":1,""521"":1,""522"":1,""523"":1,""524"":1,""525"":2,""526"":1,""527"":1,""528"":2,""529"":1,""530"":1,""531"":1,""532"":1,""533"":1,""534"":1,""535"":1,""536"":1,""537"":1,""538"":3,""539"":1,""540"":13,""541"":1,""542"":1,""543"":1,""544"":1,""545"":1,""546"":1,""547"":1,""548"":1,""549"":1,""550"":1,""551"":1,""552"":1,""553"":1,""554"":1,""555"":1,""556"":1,""557"":1,""558"":2,""559"":1,""560"":1,""561"":1,""562"":1,""563"":2,""564"":1,""565"":1,""566"":1,""567"":4,""568"":1,""569"":1,""570"":1,""571"":1,""572"":1,""573"":1,""574"":1,""575"":1,""576"":1,""577"":1,""578"":1,""579"":1,""580"":2,""581"":1,""582"":1,""583"":1,""584"":1,""585"":1,""586"":1,""587"":2,""588"":1,""589"":1,""590"":1,""591"":1,""592"":1,""593"":1,""594"":1,""595"":2,""596"":1,""597"":1,""598"":1,""599"":1,""600"":1,""601"":1,""602"":1,""603"":1,""604"":1,""605"":2,""606"":1,""607"":5,""608"":1,""609"":1,""610"":2,""611"":1,""612"":1,""613"":2,""614"":1,""615"":1,""616"":1,""617"":1,""618"":1,""619"":1,""620"":1,""621"":1,""622"":1,""623"":1,""624"":1,""625"":1,""626"":2,""627"":1,""628"":1,""629"":1,""630"":1,""631"":3,""632"":1,""633"":1,""634"":2,""635"":1,""636"":1,""637"":1,""638"":1,""639"":1,""640"":1,""641"":1,""642"":1,""643"":1,""644"":1,""645"":1,""646"":1,""647"":1,""648"":1,""649"":1,""650"":1,""651"":1,""652"":2,""653"":1,""654"":1,""655"":1,""656"":1,""657"":1,""658"":1,""659"":1,""660"":1,""661"":1,""662"":1,""663"":1,""664"":1,""665"":1,""666"":2,""667"":1,""668"":1,""669"":1,""670"":1,""671"":1,""672"":3,""673"":1,""674"":1,""675"":1,""676"":1,""677"":1,""678"":1,""679"":2,""680"":1,""681"":1,""682"":2,""683"":1,""684"":1,""685"":1,""686"":1,""687"":2,""688"":2,""689"":2,""690"":1,""691"":2,""692"":1,""693"":1,""694"":1,""695"":1,""696"":1,""697"":1,""698"":1,""699"":1,""700"":1,""701"":1,""702"":1,""703"":1,""704"":1,""705"":1,""706"":1,""707"":1,""708"":1,""709"":1,""710"":1,""711"":1,""712"":1,""713"":1,""714"":1,""715"":1,""716"":1,""717"":2,""718"":1,""719"":1,""720"":1,""721"":1,""722"":1,""723"":2,""724"":1,""725"":1,""726"":1,""727"":1,""728"":1,""729"":1,""730"":1,""731"":1,""732"":1,""733"":1,""734"":1,""735"":2,""736"":1,""737"":1,""738"":1,""739"":1,""740"":1,""741"":638,""742"":1,""743"":1,""744"":1,""745"":1,""746"":1,""747"":3,""748"":1,""749"":1,""750"":1,""751"":1,""752"":1,""753"":1,""754"":1,""755"":1,""756"":1,""757"":1,""758"":1,""759"":1,""760"":1,""761"":1,""762"":5,""763"":1,""764"":1,""765"":1,""766"":5,""767"":1,""768"":1,""769"":1,""770"":1,""771"":1,""772"":1,""773"":1,""774"":1,""775"":1,""776"":1,""777"":1,""778"":1,""779"":1,""780"":1,""781"":1,""782"":1,""783"":1,""784"":1,""785"":1,""786"":1,""787"":1,""788"":1,""789"":1,""790"":1,""791"":2,""792"":1,""793"":2,""794"":1,""795"":1,""796"":1,""797"":1,""798"":1,""799"":1,""800"":1,""801"":1,""802"":1,""803"":1,""804"":1,""805"":1,""806"":1,""807"":1,""808"":3,""809"":1,""810"":2,""811"":1,""812"":1,""813"":2,""814"":1,""815"":1,""816"":1,""817"":1,""818"":1,""819"":1,""820"":1,""821"":1,""822"":1,""823"":1,""824"":1,""825"":1,""826"":1,""827"":1,""828"":1,""829"":1,""830"":1,""831"":7,""832"":1,""833"":1,""834"":1,""835"":1,""836"":1,""837"":1,""838"":1,""839"":2,""840"":1,""841"":1,""842"":1,""843"":5,""844"":1,""845"":2,""846"":1,""847"":1,""848"":1,""849"":1,""850"":1,""851"":1,""852"":2,""853"":1,""854"":1,""855"":1,""856"":2,""857"":1,""858"":2,""859"":1,""860"":2,""861"":1,""862"":1,""863"":1,""864"":1,""865"":2,""866"":1,""867"":5,""868"":1,""869"":1,""870"":1,""871"":1,""872"":1,""873"":1,""874"":1,""875"":1,""876"":1,""877"":2,""878"":1,""879"":1,""880"":1,""881"":1,""882"":1,""883"":1,""884"":1,""885"":3,""886"":1,""887"":1,""888"":1,""889"":1,""890"":1,""891"":1,""892"":1,""893"":1,""894"":1,""895"":2,""896"":1,""897"":1,""898"":1,""899"":1,""900"":1,""901"":1,""902"":1,""903"":1,""904"":1,""905"":1,""906"":1,""907"":1,""908"":1,""909"":1,""910"":1,""911"":1,""912"":1,""913"":1,""914"":1,""915"":1,""916"":2,""917"":1,""918"":1,""919"":1,""920"":1,""921"":3,""922"":1,""923"":1,""924"":1,""925"":1,""926"":1,""927"":1,""928"":1,""929"":1,""930"":1,""931"":2,""932"":1,""933"":1,""934"":1,""935"":1,""936"":1,""937"":1,""938"":1,""939"":1,""940"":1,""941"":1,""942"":1,""943"":1,""944"":1,""945"":2,""946"":1,""947"":1,""948"":3,""949"":17,""950"":1,""951"":1,""952"":1,""953"":1,""954"":3,""955"":2,""956"":1,""957"":1,""958"":1,""959"":1,""960"":1,""961"":1,""962"":1,""963"":1,""964"":1,""965"":1,""966"":1,""967"":1,""968"":1,""969"":1,""970"":1,""971"":1,""972"":1,""973"":1,""974"":1,""975"":1,""976"":1,""977"":1,""978"":2,""979"":1,""980"":1,""981"":1,""982"":1,""983"":1,""984"":1,""985"":1,""986"":1,""987"":1,""988"":6,""989"":1,""990"":1,""991"":1,""992"":2,""993"":2,""994"":1,""995"":1,""996"":1,""997"":1,""998"":1,""999"":1,""1000"":1,""1001"":2,""1002"":2,""1003"":1,""1004"":1,""1005"":1,""1006"":2,""1007"":1,""1008"":1,""1009"":1,""1010"":2,""1011"":1,""1012"":1,""1013"":1,""1014"":1,""1015"":1,""1016"":1,""1017"":2,""1018"":1,""1019"":1,""1020"":1,""1021"":1,""1022"":1,""1023"":1,""1024"":1,""1025"":1,""1026"":1,""1027"":1,""1028"":1,""1029"":1,""1030"":3,""1031"":1,""1032"":1,""1033"":2,""1034"":1,""1035"":1,""1036"":1,""1037"":1,""1038"":2,""1039"":1,""1040"":1,""1041"":4,""1042"":1,""1043"":1,""1044"":1,""1045"":1,""1046"":1,""1047"":1,""1048"":1,""1049"":1,""1050"":1,""1051"":1,""1052"":1,""1053"":2,""1054"":1,""1055"":37,""1056"":1,""1057"":1,""1058"":1,""1059"":1,""1060"":1,""1061"":1,""1062"":1,""1063"":1,""1064"":1,""1065"":2,""1066"":1,""1067"":2,""1068"":1,""1069"":1,""1070"":1,""1071"":1,""1072"":1,""1073"":1,""1074"":1,""1075"":1,""1076"":1,""1077"":1,""1078"":3,""1079"":2,""1080"":1,""1081"":1,""1082"":1,""1083"":1,""1084"":1,""1085"":1,""1086"":2,""1087"":2,""1088"":1,""1089"":1,""1090"":1,""1091"":1,""1092"":1,""1093"":1,""1094"":1,""1095"":1,""1096"":1,""1097"":1,""1098"":1,""1099"":1,""1100"":1,""1101"":1,""1102"":1,""1103"":2,""1104"":1,""1105"":1,""1106"":6,""1107"":1,""1108"":1,""1109"":1,""1110"":1,""1111"":1,""1112"":1,""1113"":1,""1114"":3,""1115"":1,""1116"":1,""1117"":1,""1118"":1,""1119"":1,""1120"":1,""1121"":1,""1122"":1,""1123"":1,""1124"":1,""1125"":2,""1126"":1,""1127"":1,""1128"":2,""1129"":2,""1130"":2,""1131"":1,""1132"":1,""1133"":1,""1134"":1,""1135"":1,""1136"":1,""1137"":20,""1138"":23,""1139"":1,""1140"":1,""1141"":1,""1142"":1,""1143"":1,""1144"":2,""1145"":1,""1146"":1,""1147"":1,""1148"":1377,""1149"":1,""1150"":1,""1151"":1,""1152"":1,""1153"":1,""1154"":2,""1155"":3,""1156"":1,""1157"":1,""1158"":2,""1159"":1,""1160"":1,""1161"":1,""1162"":5,""1163"":1,""1164"":1,""1165"":3,""1166"":14,""1167"":1,""1168"":2,""1169"":1,""1170"":1,""1171"":1,""1172"":2,""1173"":1,""1174"":1,""1175"":2,""1176"":1,""1177"":1,""1178"":1,""1179"":1,""1180"":1,""1181"":1,""1182"":1,""1183"":1,""1184"":3,""1185"":1,""1186"":1,""1187"":1,""1188"":1,""1189"":1,""1190"":1,""1191"":1,""1192"":4,""1193"":1,""1194"":1,""1195"":3,""1196"":1,""1197"":1,""1198"":1,""1199"":1,""1200"":1,""1201"":1,""1202"":1,""1203"":2,""1204"":1,""1205"":1,""1206"":1,""1207"":1,""1208"":2,""1209"":1,""1210"":1,""1211"":1,""1212"":1,""1213"":1,""1214"":18,""1215"":3,""1216"":1,""1217"":1,""1218"":1,""1219"":1,""1220"":3,""1221"":1,""1222"":102,""1223"":3,""1224"":1,""1225"":1,""1226"":1,""1227"":2,""1228"":1,""1229"":1,""1230"":1,""1231"":1,""1232"":1,""1233"":2,""1234"":1,""1235"":1,""1236"":2,""1237"":1,""1238"":5,""1239"":3,""1240"":1,""1241"":1,""1242"":1,""1243"":1,""1244"":1,""1245"":8,""1246"":1,""1247"":1,""1248"":286,""1249"":1,""1250"":1,""1251"":1,""1252"":2,""1253"":1,""1254"":1,""1255"":2,""1256"":1,""1257"":3,""1258"":1,""1259"":1,""1260"":1,""1261"":2,""1262"":1,""1263"":1,""1264"":1,""1265"":1,""1266"":87,""1267"":1,""1268"":1,""1269"":5,""1270"":1,""1271"":1,""1272"":1,""1273"":1,""1274"":1,""1275"":2,""1276"":1,""1277"":1,""1278"":2,""1279"":1,""1280"":2,""1281"":1,""1282"":1,""1283"":1,""1284"":1,""1285"":1,""1286"":1,""1287"":1,""1288"":1,""1289"":1,""1290"":1,""1291"":2,""1292"":62,""1293"":1,""1294"":1,""1295"":6,""1296"":10,""1297"":1,""1298"":50,""1299"":1,""1300"":1,""1301"":3,""1302"":1,""1303"":2,""1304"":1,""1305"":5,""1306"":1,""1307"":3,""1308"":2,""1309"":3,""1310"":1,""1311"":1,""1312"":23,""1313"":6,""1314"":1,""1315"":1,""1316"":1,""1317"":1,""1318"":8,""1319"":3,""1320"":17,""1321"":3,""1322"":1,""1323"":2,""1324"":1,""1325"":10,""1326"":1,""1327"":1,""1328"":4,""1329"":1,""1330"":1,""1331"":2,""1332"":11,""1333"":2,""1334"":2,""1335"":1,""1336"":2,""1337"":1,""1338"":1,""1339"":1,""1340"":1,""1341"":5,""1342"":2,""1343"":2,""1344"":1,""1345"":1,""1346"":1,""1347"":4,""1348"":1,""1349"":1,""1350"":2,""1351"":3,""1352"":1,""1353"":1,""1354"":1,""1355"":2,""1356"":1,""1357"":1,""1358"":1,""1359"":1,""1360"":1}",1361
rich,classix,classix_r0.25_m1_density,"{""group_merging"":""density"",""mergeScale"":1.5,""mergeTinyGroups"":true,""metric"":""euclidean"",""minPts"":1,""post_alloc"":false,""radius"":0.25,""sorting"":""pca""}",,11719,2711,2711,0,0.0,0.2238245584094206,True,-0.10881991361462315,0.5467570503193021,30.554126469434127,3.255291917012073,"{""3735"":1,""3736"":1,""3737"":1,""3738"":1,""3739"":1,""3740"":1,""3741"":1,""3742"":1,""3743"":1,""3744"":1,""3745"":1,""3746"":1,""3747"":1,""3748"":1,""3749"":1,""3750"":2,""3751"":1,""3752"":1,""3753"":1,""3754"":1,""3755"":1,""3756"":1,""3757"":1,""3758"":1,""3759"":1,""3760"":1,""3761"":1,""3762"":1,""3763"":1,""3764"":1,""3765"":1,""3766"":1,""3767"":1,""3768"":1,""3769"":1,""3770"":1,""3771"":1,""3772"":1,""3773"":1,""3774"":1,""3775"":1,""3776"":1,""3777"":1,""3778"":1,""3779"":1,""3780"":1,""3781"":1,""3782"":1,""3783"":1,""3784"":1,""3785"":1,""3786"":1,""3787"":1,""3788"":1,""3789"":1,""3790"":1,""3791"":1,""3792"":1,""3793"":1,""3794"":1,""3795"":1,""3796"":1,""3797"":1,""3798"":1,""3799"":1,""3800"":1,""3801"":1,""3802"":1,""3803"":1,""3804"":1,""3805"":1,""3806"":1,""3807"":1,""3808"":1,""3809"":1,""3810"":1,""3811"":1,""3812"":1,""3813"":1,""3814"":1,""3815"":1,""3816"":1,""3817"":1,""3818"":1,""3819"":1,""3820"":1,""3821"":1,""3822"":1,""3823"":1,""3824"":1,""3825"":1,""3826"":1,""3827"":1,""3828"":1,""3829"":1,""3830"":1,""3831"":1,""3832"":1,""3833"":1,""3834"":1,""3835"":1,""3836"":1,""3837"":1,""3838"":1,""3839"":1,""3840"":1,""3841"":1,""3842"":1,""3843"":1,""3844"":1,""3845"":1,""3846"":1,""3847"":1,""3848"":1,""3849"":1,""3850"":1,""3851"":1,""3852"":1,""3853"":1,""3854"":1,""3855"":1,""3856"":1,""3857"":1,""3858"":1,""3859"":1,""3860"":1,""3861"":1,""3862"":1,""3863"":1,""3864"":1,""3865"":1,""3866"":1,""3867"":1,""3868"":1,""3869"":1,""3870"":1,""3871"":1,""3872"":1,""3873"":1,""3874"":1,""3875"":1,""3876"":1,""3877"":1,""3878"":1,""3879"":1,""3880"":1,""3881"":2,""3882"":1,""3883"":1,""3884"":1,""3885"":1,""3886"":1,""3887"":1,""3888"":1,""3889"":1,""3890"":1,""3891"":1,""3892"":1,""3893"":1,""3894"":1,""3895"":1,""3896"":1,""3897"":1,""3898"":1,""3899"":1,""3900"":1,""3901"":1,""3902"":1,""3903"":1,""3904"":1,""3905"":1,""3906"":1,""3907"":1,""3908"":1,""3909"":1,""3910"":1,""3911"":1,""3912"":1,""3913"":1,""3914"":1,""3915"":1,""3916"":1,""3917"":1,""3918"":1,""3919"":1,""3920"":1,""3921"":1,""3922"":1,""3923"":1,""3924"":1,""3925"":1,""3926"":1,""3927"":1,""3928"":1,""3929"":1,""3930"":1,""3931"":1,""3932"":1,""3933"":1,""3934"":1,""3935"":1,""3936"":1,""3937"":1,""3938"":1,""3939"":1,""3940"":1,""3941"":1,""3942"":1,""3943"":1,""3944"":1,""3945"":1,""3946"":1,""3947"":1,""3948"":1,""3949"":1,""3950"":1,""3951"":1,""3952"":2,""3953"":2,""3954"":1,""3955"":1,""3956"":1,""3957"":1,""3958"":1,""3959"":1,""3960"":1,""3961"":1,""3962"":1,""3963"":1,""3964"":1,""3965"":1,""3966"":1,""3967"":1,""3968"":1,""3969"":1,""3970"":1,""3971"":1,""3972"":1,""3973"":1,""3974"":1,""3975"":1,""3976"":1,""3977"":1,""3978"":1,""3979"":1,""3980"":1,""3981"":1,""3982"":1,""3983"":1,""3984"":1,""3985"":1,""3986"":1,""3987"":1,""3988"":1,""3989"":1,""3990"":1,""3991"":1,""3992"":1,""3993"":1,""3994"":1,""3995"":1,""3996"":1,""3997"":1,""3998"":2,""3999"":1,""4000"":1,""4001"":1,""4002"":1,""4003"":1,""4004"":1,""4005"":1,""4006"":1,""4007"":1,""4008"":1,""4009"":1,""4010"":1,""4011"":1,""4012"":1,""4013"":1,""4014"":1,""4015"":2,""4016"":1,""4017"":1,""4018"":1,""4019"":2,""4020"":1,""4021"":1,""4022"":1,""4023"":1,""4024"":1,""4025"":1,""4026"":1,""4027"":1,""4028"":1,""4029"":1,""4030"":1,""4031"":1,""4032"":1,""4033"":1,""4034"":1,""4035"":1,""4036"":1,""4037"":1,""4038"":1,""4039"":2,""4040"":1,""4041"":1,""4042"":1,""4043"":1,""4044"":1,""4045"":1,""4046"":1,""4047"":1,""4048"":1,""4049"":1,""4050"":1,""4051"":1,""4052"":1,""4053"":1,""4054"":3,""4055"":1,""4056"":2,""4057"":1,""4058"":1,""4059"":1,""4060"":1,""4061"":1,""4062"":1,""4063"":1,""4064"":1,""4065"":1,""4066"":1,""4067"":1,""4068"":1,""4069"":1,""4070"":1,""4071"":1,""4072"":2,""4073"":1,""4074"":1,""4075"":1,""4076"":1,""4077"":1,""4078"":1,""4079"":1,""4080"":1,""4081"":1,""4082"":1,""4083"":1,""4084"":1,""4085"":1,""4086"":1,""4087"":1,""4088"":1,""4089"":1,""4090"":1,""4091"":1,""4092"":1,""4093"":1,""4094"":1,""4095"":1,""4096"":1,""4097"":1,""4098"":2,""4099"":1,""4100"":1,""4101"":1,""4102"":1,""4103"":1,""4104"":1,""4105"":1,""4106"":1,""4107"":1,""4108"":2,""4109"":1,""4110"":1,""4111"":1,""4112"":1,""4113"":1,""4114"":1,""4115"":1,""4116"":1,""4117"":2,""4118"":1,""4119"":1,""4120"":1,""4121"":1,""4122"":5,""4123"":1,""4124"":1,""4125"":1,""4126"":1,""4127"":1,""4128"":1,""4129"":1,""4130"":1,""4131"":1,""4132"":1,""4133"":1,""4134"":1,""4135"":1,""4136"":1,""4137"":1,""4138"":1,""4139"":1,""4140"":1,""4141"":1,""4142"":1,""4143"":1,""4144"":1,""4145"":1,""4146"":1,""4147"":1,""4148"":1,""4149"":1,""4150"":1,""4151"":1,""4152"":2,""4153"":1,""4154"":1,""4155"":1,""4156"":1,""4157"":1,""4158"":1,""4159"":1,""4160"":1,""4161"":1,""4162"":1,""4163"":1,""4164"":1,""4165"":1,""4166"":1,""4167"":4,""4168"":1,""4169"":2,""4170"":1,""4171"":1,""4172"":1,""4173"":1,""4174"":1,""4175"":1,""4176"":1,""4177"":1,""4178"":1,""4179"":1,""4180"":1,""4181"":1,""4182"":1,""4183"":1,""4184"":1,""4185"":1,""4186"":1,""4187"":1,""4188"":1,""4189"":1,""4190"":1,""4191"":1,""4192"":1,""4193"":1,""4194"":1,""4195"":1,""4196"":1,""4197"":1,""4198"":1,""4199"":1,""4200"":1,""4201"":1,""4202"":1,""4203"":1,""4204"":1,""4205"":1,""4206"":2,""4207"":1,""4208"":2,""4209"":1,""4210"":1,""4211"":1,""4212"":1,""4213"":1,""4214"":1,""4215"":1,""4216"":1,""4217"":1,""4218"":1,""4219"":2,""4220"":1,""4221"":1,""4222"":1,""4223"":1,""4224"":1,""4225"":1,""4226"":1,""4227"":1,""4228"":1,""4229"":4,""4230"":2,""4231"":1,""4232"":1,""4233"":2,""4234"":1,""4235"":1,""4236"":1,""4237"":1,""4238"":1,""4239"":1,""4240"":1,""4241"":1,""4242"":1,""4243"":1,""4244"":1,""4245"":1,""4246"":3,""4247"":1,""4248"":1,""4249"":1,""4250"":1,""4251"":1,""4252"":1,""4253"":1,""4254"":1,""4255"":1,""4256"":1,""4257"":1,""4258"":1,""4259"":1,""4260"":2,""4261"":1,""4262"":1,""4263"":1,""4264"":1,""4265"":1,""4266"":1,""4267"":1,""4268"":1,""4269"":1,""4270"":1,""4271"":1,""4272"":1,""4273"":1,""4274"":1,""4275"":1,""4276"":1,""4277"":1,""4278"":1,""4279"":6,""4280"":1,""4281"":1,""4282"":1,""4283"":1,""4284"":1,""4285"":1,""4286"":2,""4287"":1,""4288"":1,""4289"":1,""4290"":1,""4291"":1,""4292"":1,""4293"":1,""4294"":1,""4295"":1,""4296"":2,""4297"":1,""4298"":1,""4299"":2,""4300"":1,""4301"":1,""4302"":2,""4303"":1,""4304"":1,""4305"":1,""4306"":1,""4307"":1,""4308"":1,""4309"":1,""4310"":1,""4311"":1,""4312"":1,""4313"":1,""4314"":1,""4315"":2,""4316"":1,""4317"":1,""4318"":8,""4319"":2,""4320"":1,""4321"":1,""4322"":1,""4323"":1,""4324"":1,""4325"":1,""4326"":1,""4327"":1,""4328"":1,""4329"":1,""4330"":1,""4331"":1,""4332"":2,""4333"":1,""4334"":1,""4335"":1,""4336"":1,""4337"":1,""4338"":1,""4339"":1,""4340"":1,""4341"":1,""4342"":1,""4343"":2,""4344"":1,""4345"":1,""4346"":1,""4347"":1,""4348"":1,""4349"":1,""4350"":4,""4351"":1,""4352"":1,""4353"":1,""4354"":2,""4355"":1,""4356"":1,""4357"":3,""4358"":1,""4359"":3,""4360"":1,""4361"":1,""4362"":1,""4363"":1,""4364"":1,""4365"":1,""4366"":1,""4367"":1,""4368"":1,""4369"":1,""4370"":1,""4371"":1,""4372"":1,""4373"":1,""4374"":1,""4375"":1,""4376"":1,""4377"":1,""4378"":1,""4379"":1,""4380"":1,""4381"":1,""4382"":1,""4383"":1,""4384"":1,""4385"":1,""4386"":1,""4387"":1,""4388"":1,""4389"":1,""4390"":1,""4391"":1,""4392"":1,""4393"":1,""4394"":1,""4395"":1,""4396"":1,""4397"":1,""4398"":1,""4399"":1,""4400"":1,""4401"":1,""4402"":1,""4403"":1,""4404"":1,""4405"":1,""4406"":1,""4407"":1,""4408"":1,""4409"":1,""4410"":1,""4411"":2,""4412"":2,""4413"":2,""4414"":1,""4415"":1,""4416"":1,""4417"":1,""4418"":1,""4419"":1,""4420"":1,""4421"":1,""4422"":1,""4423"":1,""4424"":1,""4425"":1,""4426"":7,""4427"":2,""4428"":1,""4429"":1,""4430"":1,""4431"":1,""4432"":1,""4433"":1,""4434"":1,""4435"":1,""4436"":1,""4437"":2,""4438"":1,""4439"":1,""4440"":1,""4441"":4,""4442"":1,""4443"":1,""4444"":1,""4445"":1,""4446"":1,""4447"":1,""4448"":2,""4449"":1,""4450"":1,""4451"":1,""4452"":1,""4453"":1,""4454"":1,""4455"":1,""4456"":1,""4457"":1,""4458"":1,""4459"":1,""4460"":2,""4461"":1,""4462"":3,""4463"":1,""4464"":1,""4465"":1,""4466"":1,""4467"":1,""4468"":2,""4469"":1,""4470"":1,""4471"":2,""4472"":1,""4473"":1,""4474"":1,""4475"":1,""4476"":1,""4477"":1,""4478"":1,""4479"":1,""4480"":1,""4481"":1,""4482"":1,""4483"":1,""4484"":1,""4485"":1,""4486"":1,""4487"":2,""4488"":1,""4489"":1,""4490"":1,""4491"":1,""4492"":1,""4493"":1,""4494"":1,""4495"":1,""4496"":1,""4497"":1,""4498"":1,""4499"":1,""4500"":2,""4501"":1,""4502"":1,""4503"":1,""4504"":1,""4505"":1,""4506"":1,""4507"":2,""4508"":1,""4509"":1,""4510"":2,""4511"":1,""4512"":1,""4513"":2,""4514"":1,""4515"":1,""4516"":1,""4517"":1,""4518"":1,""4519"":1,""4520"":1,""4521"":1,""4522"":1,""4523"":1,""4524"":1,""4525"":1,""4526"":1,""4527"":1,""4528"":1,""4529"":1,""4530"":1,""4531"":1,""4532"":1,""4533"":1,""4534"":1,""4535"":1,""4536"":1,""4537"":1,""4538"":1,""4539"":1,""4540"":1,""4541"":1,""4542"":2,""4543"":1,""4544"":1,""4545"":1,""4546"":1,""4547"":1,""4548"":1,""4549"":1,""4550"":1,""4551"":1,""4552"":1,""4553"":1,""4554"":1,""4555"":1,""4556"":1,""4557"":1,""4558"":1,""4559"":1,""4560"":1,""4561"":1,""4562"":1,""4563"":1,""4564"":1,""4565"":1,""4566"":1,""4567"":1,""4568"":1,""4569"":1,""4570"":1,""4571"":1,""4572"":2,""4573"":1,""4574"":2,""4575"":1,""4576"":1,""4577"":21,""4578"":1,""4579"":1,""4580"":1,""4581"":2,""4582"":1,""4583"":1,""4584"":1,""4585"":1,""4586"":1,""4587"":1,""4588"":1,""4589"":1,""4590"":1,""4591"":1,""4592"":6,""4593"":1,""4594"":1,""4595"":1,""4596"":1,""4597"":2,""4598"":1,""4599"":1,""4600"":1,""4601"":1,""4602"":1,""4603"":1,""4604"":1,""4605"":1,""4606"":1,""4607"":1,""4608"":2,""4609"":1,""4610"":1,""4611"":1,""4612"":1,""4613"":1,""4614"":2,""4615"":1,""4616"":1,""4617"":1,""4618"":1,""4619"":1,""4620"":1,""4621"":2,""4622"":1,""4623"":1,""4624"":1,""4625"":1,""4626"":1,""4627"":1,""4628"":1,""4629"":1,""4630"":1,""4631"":1,""4632"":1,""4633"":1,""4634"":1,""4635"":1,""4636"":1,""4637"":1,""4638"":1,""4639"":1,""4640"":1,""4641"":1,""4642"":1,""4643"":11,""4644"":1,""4645"":1,""4646"":1,""4647"":1,""4648"":1,""4649"":1,""4650"":1,""4651"":1,""4652"":1,""4653"":1,""4654"":1,""4655"":1,""4656"":1,""4657"":1,""4658"":3,""4659"":1,""4660"":1,""4661"":1,""4662"":1,""4663"":1,""4664"":1,""4665"":1,""4666"":1,""4667"":1,""4668"":1,""4669"":1,""4670"":1,""4671"":1,""4672"":1,""4673"":1,""4674"":1,""4675"":1,""4676"":1,""4677"":1,""4678"":1,""4679"":2,""4680"":1,""4681"":1,""4682"":1,""4683"":1,""4684"":1,""4685"":1,""4686"":1,""4687"":1,""4688"":1,""4689"":1,""4690"":1,""4691"":1,""4692"":1,""4693"":1,""4694"":4,""4695"":1,""4696"":1,""4697"":1,""4698"":1,""4699"":1,""4700"":1,""4701"":2,""4702"":3,""4703"":1,""4704"":2,""4705"":1,""4706"":1,""4707"":1,""4708"":1,""4709"":1,""4710"":1,""4711"":1,""4712"":1,""4713"":2,""4714"":2,""4715"":1,""4716"":1,""4717"":1,""4718"":1,""4719"":1,""4720"":1,""4721"":1,""4722"":1,""4723"":1,""4724"":1,""4725"":1,""4726"":1,""4727"":4,""4728"":1,""4729"":1,""4730"":1,""4731"":1,""4732"":1,""4733"":1,""4734"":1,""4735"":1,""4736"":1,""4737"":1,""4738"":1,""4739"":1,""4740"":1,""4741"":1,""4742"":1,""4743"":1,""4744"":1,""4745"":1,""4746"":1,""4747"":2,""4748"":1,""4749"":1,""4750"":1,""4751"":1,""4752"":3,""4753"":1,""4754"":1,""4755"":1,""4756"":1,""4757"":1,""4758"":2,""4759"":1,""4760"":1,""4761"":1,""4762"":1,""4763"":1,""4764"":1,""4765"":1,""4766"":1,""4767"":5,""4768"":1,""4769"":1,""4770"":1,""4771"":1,""4772"":1,""4773"":1,""4774"":1,""4775"":1,""4776"":1,""4777"":1,""4778"":1,""4779"":1,""4780"":1,""4781"":1,""4782"":1,""4783"":1,""4784"":3,""4785"":1,""4786"":1,""4787"":1,""4788"":1,""4789"":1,""4790"":1,""4791"":1,""4792"":1,""4793"":1,""4794"":1,""4795"":2,""4796"":1,""4797"":1,""4798"":1,""4799"":1,""4800"":1,""4801"":1,""4802"":1,""4803"":1,""4804"":1,""4805"":1,""4806"":1,""4807"":1,""4808"":1,""4809"":1,""4810"":1,""4811"":1,""4812"":1,""4813"":1,""4814"":1,""4815"":1,""4816"":1,""4817"":1,""4818"":1,""4819"":1,""4820"":1,""4821"":1,""4822"":1,""4823"":1,""4824"":1,""4825"":1,""4826"":1,""4827"":1,""4828"":1,""4829"":2,""4830"":1,""4831"":1,""4832"":1,""4833"":1,""4834"":1,""4835"":1,""4836"":1,""4837"":1,""4838"":1,""4839"":1,""4840"":1,""4841"":1,""4842"":1,""4843"":1,""4844"":3,""4845"":1,""4846"":1,""4847"":1,""4848"":1,""4849"":1,""4850"":1,""4851"":1,""4852"":1,""4853"":2,""4854"":2,""4855"":1,""4856"":1,""4857"":1,""4858"":6,""4859"":1,""4860"":14,""4861"":1,""4862"":1,""4863"":3,""4864"":1,""4865"":1,""4866"":1,""4867"":1,""4868"":3,""4869"":1,""4870"":2,""4871"":1,""4872"":1,""4873"":1,""4874"":1,""4875"":1,""4876"":1,""4877"":1,""4878"":1,""4879"":1,""4880"":1,""4881"":1,""4882"":1,""4883"":1,""4884"":1,""4885"":1,""4886"":1,""4887"":1,""4888"":1,""4889"":1,""4890"":1,""4891"":1,""4892"":1,""4893"":1,""4894"":2,""4895"":1,""4896"":2,""4897"":1,""4898"":1,""4899"":1,""4900"":1,""4901"":1,""4902"":1,""4903"":1,""4904"":3,""4905"":1,""4906"":2,""4907"":1,""4908"":1,""4909"":1,""4910"":2,""4911"":1,""4912"":1,""4913"":1,""4914"":1,""4915"":1,""4916"":1,""4917"":1,""4918"":1,""4919"":1,""4920"":2,""4921"":1,""4922"":1,""4923"":4,""4924"":1,""4925"":1,""4926"":1,""4927"":2,""4928"":1,""4929"":3,""4930"":1,""4931"":1,""4932"":1,""4933"":1,""4934"":1,""4935"":4,""4936"":6,""4937"":2,""4938"":3,""4939"":1,""4940"":1,""4941"":1,""4942"":1,""4943"":1,""4944"":1,""4945"":1,""4946"":1,""4947"":1,""4948"":1,""4949"":1,""4950"":1,""4951"":3,""4952"":1,""4953"":1,""4954"":1,""4955"":3,""4956"":1,""4957"":1,""4958"":1,""4959"":6,""4960"":2,""4961"":1,""4962"":1,""4963"":1,""4964"":1,""4965"":1,""4966"":1,""4967"":1,""4968"":2,""4969"":1,""4970"":1,""4971"":1,""4972"":1,""4973"":1,""4974"":1,""4975"":1,""4976"":1,""4977"":1,""4978"":1,""4979"":1,""4980"":1,""4981"":1,""4982"":2,""4983"":1,""4984"":1,""4985"":3,""4986"":1,""4987"":1,""4988"":1,""4989"":1,""4990"":2,""4991"":2,""4992"":1,""4993"":1,""4994"":3,""4995"":1,""4996"":1,""4997"":1,""4998"":1,""4999"":1,""5000"":1,""5001"":1,""5002"":1,""5003"":2,""5004"":1,""5005"":1,""5006"":1,""5007"":1,""5008"":1,""5009"":1,""5010"":10,""5011"":2,""5012"":1,""5013"":1,""5014"":1,""5015"":1,""5016"":1,""5017"":1,""5018"":1,""5019"":2,""5020"":1,""5021"":1,""5022"":1,""5023"":1,""5024"":1,""5025"":1,""5026"":1,""5027"":3,""5028"":1,""5029"":1,""5030"":1,""5031"":1,""5032"":1,""5033"":1,""5034"":1,""5035"":1,""5036"":1,""5037"":1,""5038"":2,""5039"":1,""5040"":1,""5041"":1,""5042"":1,""5043"":1,""5044"":1,""5045"":1,""5046"":1,""5047"":1,""5048"":1,""5049"":1,""5050"":1,""5051"":1,""5052"":3,""5053"":1,""5054"":1,""5055"":1,""5056"":1,""5057"":1,""5058"":1,""5059"":1,""5060"":1,""5061"":1,""5062"":1,""5063"":1,""5064"":1,""5065"":1,""5066"":1,""5067"":1,""5068"":1,""5069"":2,""5070"":1,""5071"":1,""5072"":1,""5073"":1,""5074"":2,""5075"":1,""5076"":4,""5077"":1,""5078"":1,""5079"":1,""5080"":1,""5081"":1,""5082"":1,""5083"":1,""5084"":1,""5085"":1,""5086"":1,""5087"":1,""5088"":1,""5089"":1,""5090"":1,""5091"":1,""5092"":1,""5093"":1,""5094"":1,""5095"":1,""5096"":1,""5097"":1,""5098"":1,""5099"":1,""5100"":2,""5101"":1,""5102"":3,""5103"":1,""5104"":1,""5105"":1,""5106"":1,""5107"":1,""5108"":1,""5109"":1,""5110"":2,""5111"":1,""5112"":1,""5113"":1,""5114"":1,""5115"":1,""5116"":1,""5117"":1,""5118"":1,""5119"":1,""5120"":1,""5121"":1,""5122"":1,""5123"":1,""5124"":1,""5125"":3,""5126"":1,""5127"":1,""5128"":1,""5129"":1,""5130"":1,""5131"":1,""5132"":1,""5133"":1,""5134"":1,""5135"":1,""5136"":1,""5137"":1,""5138"":1,""5139"":1,""5140"":7,""5141"":1,""5142"":1,""5143"":1,""5144"":1,""5145"":1,""5146"":1,""5147"":1,""5148"":4,""5149"":1,""5150"":1,""5151"":1,""5152"":1,""5153"":1,""5154"":3,""5155"":1,""5156"":1,""5157"":1,""5158"":1,""5159"":2,""5160"":1,""5161"":1,""5162"":1,""5163"":1,""5164"":1,""5165"":1,""5166"":1,""5167"":1,""5168"":1,""5169"":5,""5170"":1,""5171"":1,""5172"":1,""5173"":1,""5174"":1,""5175"":1,""5176"":1,""5177"":1,""5178"":1,""5179"":1,""5180"":2,""5181"":1,""5182"":1,""5183"":1,""5184"":1,""5185"":1,""5186"":1,""5187"":1,""5188"":1,""5189"":1,""5190"":1,""5191"":2,""5192"":1,""5193"":1,""5194"":1,""5195"":1,""5196"":1,""5197"":12,""5198"":1,""5199"":2,""5200"":1,""5201"":1,""5202"":1,""5203"":1,""5204"":1,""5205"":1,""5206"":1,""5207"":1,""5208"":1,""5209"":1,""5210"":1,""5211"":1,""5212"":1,""5213"":1,""5214"":1,""5215"":1,""5216"":2,""5217"":1,""5218"":1,""5219"":1,""5220"":1,""5221"":1,""5222"":2,""5223"":1,""5224"":1,""5225"":1,""5226"":1,""5227"":1,""5228"":4,""5229"":1,""5230"":1,""5231"":1,""5232"":1,""5233"":1,""5234"":1,""5235"":1,""5236"":1,""5237"":3,""5238"":1,""5239"":6,""5240"":1,""5241"":1,""5242"":1,""5243"":1,""5244"":2,""5245"":1,""5246"":1,""5247"":2,""5248"":1,""5249"":1,""5250"":2,""5251"":1,""5252"":1,""5253"":1,""5254"":1,""5255"":1,""5256"":1,""5257"":1,""5258"":2,""5259"":1,""5260"":1,""5261"":1,""5262"":1,""5263"":2,""5264"":1,""5265"":1,""5266"":1,""5267"":1,""5268"":1,""5269"":1,""5270"":1,""5271"":2,""5272"":3,""5273"":2,""5274"":1,""5275"":1,""5276"":2,""5277"":1,""5278"":1,""5279"":1,""5280"":1,""5281"":6,""5282"":2,""5283"":2,""5284"":1,""5285"":1,""5286"":2,""5287"":5,""5288"":2,""5289"":3,""5290"":1,""5291"":1,""5292"":1,""5293"":1,""5294"":3,""5295"":1,""5296"":1,""5297"":1,""5298"":1,""5299"":1,""5300"":1,""5301"":1,""5302"":2,""5303"":1,""5304"":1,""5305"":1,""5306"":1,""5307"":1,""5308"":1,""5309"":5,""5310"":1,""5311"":2,""5312"":1,""5313"":1,""5314"":1,""5315"":1,""5316"":1,""5317"":1,""5318"":2,""5319"":1,""5320"":1,""5321"":1,""5322"":1,""5323"":1,""5324"":1,""5325"":1,""5326"":1,""5327"":3,""5328"":2,""5329"":2,""5330"":1,""5331"":1,""5332"":1,""5333"":2,""5334"":1,""5335"":2,""5336"":1,""5337"":1,""5338"":2,""5339"":1,""5340"":2,""5341"":7,""5342"":1,""5343"":1,""5344"":1,""5345"":2,""5346"":1,""5347"":1,""5348"":1,""5349"":1,""5350"":1,""5351"":1,""5352"":1,""5353"":2,""5354"":1,""5355"":1,""5356"":1,""5357"":1,""5358"":1,""5359"":1,""5360"":1,""5361"":1,""5362"":1,""5363"":1,""5364"":1,""5365"":1,""5366"":1,""5367"":1,""5368"":1,""5369"":1,""5370"":1,""5371"":1,""5372"":1,""5373"":1,""5374"":1,""5375"":1,""5376"":5,""5377"":1,""5378"":1,""5379"":1,""5380"":1,""5381"":1,""5382"":2,""5383"":1,""5384"":1,""5385"":1,""5386"":1,""5387"":2,""5388"":1,""5389"":1,""5390"":1,""5391"":1,""5392"":1,""5393"":1,""5394"":1,""5395"":1,""5396"":1,""5397"":1,""5398"":1,""5399"":1,""5400"":1,""5401"":1,""5402"":1,""5403"":2,""5404"":1,""5405"":1,""5406"":4,""5407"":1,""5408"":1,""5409"":1,""5410"":1,""5411"":1,""5412"":1,""5413"":1,""5414"":1,""5415"":1,""5416"":1,""5417"":1,""5418"":1,""5419"":1,""5420"":1,""5421"":1,""5422"":1,""5423"":1,""5424"":1,""5425"":2,""5426"":1,""5427"":1,""5428"":1,""5429"":1,""5430"":2,""5431"":1,""5432"":2,""5433"":1,""5434"":1,""5435"":1,""5436"":1,""5437"":1,""5438"":1,""5439"":1,""5440"":1,""5441"":1,""5442"":1,""5443"":1,""5444"":1,""5445"":1,""5446"":4,""5447"":1,""5448"":2,""5449"":1,""5450"":2,""5451"":1,""5452"":1,""5453"":1,""5454"":1,""5455"":1,""5456"":3,""5457"":1,""5458"":1,""5459"":1,""5460"":1,""5461"":1,""5462"":1,""5463"":1,""5464"":1,""5465"":3,""5466"":3,""5467"":1,""5468"":1,""5469"":2,""5470"":2,""5471"":1,""5472"":1,""5473"":1,""5474"":2,""5475"":1,""5476"":1,""5477"":1,""5478"":1,""5479"":1,""5480"":1,""5481"":1,""5482"":1,""5483"":1,""5484"":1,""5485"":1,""5486"":1,""5487"":4,""5488"":9,""5489"":1,""5490"":1,""5491"":1,""5492"":1,""5493"":1,""5494"":1,""5495"":1,""5496"":1,""5497"":1,""5498"":1,""5499"":1,""5500"":2,""5501"":2,""5502"":1,""5503"":3,""5504"":1,""5505"":1,""5506"":1,""5507"":1,""5508"":1,""5509"":1,""5510"":1,""5511"":2,""5512"":1,""5513"":4,""5514"":1,""5515"":1,""5516"":1,""5517"":1,""5518"":1,""5519"":1,""5520"":1,""5521"":1,""5522"":1,""5523"":1,""5524"":1,""5525"":1,""5526"":1,""5527"":1,""5528"":1,""5529"":1,""5530"":1,""5531"":1,""5532"":1,""5533"":1,""5534"":1,""5535"":1,""5536"":2,""5537"":1,""5538"":1,""5539"":2,""5540"":1,""5541"":1,""5542"":2,""5543"":1,""5544"":2,""5545"":1,""5546"":1,""5547"":1,""5548"":1,""5549"":1,""5550"":1,""5551"":2,""5552"":1,""5553"":2,""5554"":1,""5555"":1,""5556"":1,""5557"":1,""5558"":1,""5559"":1,""5560"":1,""5561"":1,""5562"":1,""5563"":1,""5564"":1,""5565"":1,""5566"":1,""5567"":1,""5568"":1,""5569"":1,""5570"":7,""5571"":1,""5572"":2,""5573"":1,""5574"":1,""5575"":1,""5576"":2,""5577"":1,""5578"":1,""5579"":1,""5580"":1,""5581"":1,""5582"":1,""5583"":1,""5584"":1,""5585"":1,""5586"":4,""5587"":1,""5588"":2,""5589"":1,""5590"":1,""5591"":1,""5592"":1,""5593"":1,""5594"":1,""5595"":10,""5596"":1,""5597"":1,""5598"":1,""5599"":1,""5600"":1,""5601"":1,""5602"":1,""5603"":1,""5604"":1,""5605"":3,""5606"":1,""5607"":1,""5608"":1,""5609"":1,""5610"":2,""5611"":1,""5612"":5,""5613"":1,""5614"":1,""5615"":1,""5616"":1,""5617"":1,""5618"":1,""5619"":1,""5620"":1,""5621"":1,""5622"":1,""5623"":5,""5624"":1,""5625"":1,""5626"":1,""5627"":1,""5628"":1,""5629"":1,""5630"":1,""5631"":1,""5632"":1,""5633"":1,""5634"":1,""5635"":1,""5636"":1,""5637"":2,""5638"":1,""5639"":1,""5640"":1,""5641"":1,""5642"":1,""5643"":1,""5644"":1,""5645"":1,""5646"":1,""5647"":1,""5648"":1,""5649"":1,""5650"":1,""5651"":1,""5652"":2,""5653"":1,""5654"":1,""5655"":1,""5656"":2,""5657"":1,""5658"":1,""5659"":20,""5660"":1,""5661"":2,""5662"":4,""5663"":1,""5664"":1,""5665"":1,""5666"":1,""5667"":1,""5668"":1,""5669"":1,""5670"":1,""5671"":2,""5672"":1,""5673"":1,""5674"":1,""5675"":1,""5676"":1,""5677"":1,""5678"":1,""5679"":1,""5680"":2,""5681"":1,""5682"":1,""5683"":1,""5684"":1,""5685"":1,""5686"":2,""5687"":1,""5688"":1,""5689"":2,""5690"":1,""5691"":2,""5692"":1,""5693"":1,""5694"":1,""5695"":1,""5696"":1,""5697"":1,""5698"":1,""5699"":1,""5700"":2,""5701"":1,""5702"":1,""5703"":1,""5704"":1,""5705"":1,""5706"":1,""5707"":1,""5708"":1,""5709"":3,""5710"":2,""5711"":1,""5712"":1,""5713"":4,""5714"":1,""5715"":1,""5716"":1,""5717"":1,""5718"":1,""5719"":1,""5720"":1,""5721"":1,""5722"":1,""5723"":1,""5724"":1,""5725"":2,""5726"":1,""5727"":1,""5728"":1,""5729"":1,""5730"":1,""5731"":1,""5732"":1,""5733"":2,""5734"":2,""5735"":1,""5736"":1,""5737"":1,""5738"":1,""5739"":1,""5740"":1,""5741"":1,""5742"":1,""5743"":1,""5744"":1,""5745"":1,""5746"":1,""5747"":1,""5748"":3,""5749"":1,""5750"":1,""5751"":6,""5752"":2,""5753"":1,""5754"":1,""5755"":2,""5756"":1,""5757"":1,""5758"":1,""5759"":2,""5760"":1,""5761"":1,""5762"":1,""5763"":1,""5764"":1,""5765"":1,""5766"":1,""5767"":1,""5768"":1,""5769"":1,""5770"":1,""5771"":1,""5772"":1,""5773"":1,""5774"":1,""5775"":1,""5776"":1,""5777"":1,""5778"":1,""5779"":2,""5780"":2,""5781"":1,""5782"":1,""5783"":1,""5784"":1,""5785"":1,""5786"":2,""5787"":1,""5788"":1,""5789"":1,""5790"":1,""5791"":1,""5792"":1,""5793"":2,""5794"":1,""5795"":1,""5796"":1,""5797"":1,""5798"":1,""5799"":2,""5800"":1,""5801"":1,""5802"":1,""5803"":1,""5804"":1,""5805"":1,""5806"":1,""5807"":2,""5808"":1,""5809"":1,""5810"":1,""5811"":1,""5812"":1,""5813"":1,""5814"":1,""5815"":2,""5816"":1,""5817"":7,""5818"":1,""5819"":2,""5820"":1,""5821"":1,""5822"":2,""5823"":7,""5824"":1,""5825"":1,""5826"":1,""5827"":1,""5828"":1,""5829"":1,""5830"":2,""5831"":4,""5832"":1,""5833"":1,""5834"":1,""5835"":1,""5836"":1,""5837"":1,""5838"":2,""5839"":2,""5840"":2,""5841"":1,""5842"":1,""5843"":1,""5844"":1,""5845"":2,""5846"":1,""5847"":1,""5848"":1,""5849"":1,""5850"":1,""5851"":1,""5852"":1,""5853"":1,""5854"":19,""5855"":1,""5856"":10,""5857"":1,""5858"":1,""5859"":1,""5860"":1,""5861"":2,""5862"":2,""5863"":1,""5864"":1,""5865"":1,""5866"":1,""5867"":1,""5868"":1,""5869"":1,""5870"":1,""5871"":1,""5872"":1,""5873"":1,""5874"":1,""5875"":2,""5876"":1,""5877"":1,""5878"":1,""5879"":1,""5880"":2,""5881"":1,""5882"":1,""5883"":1,""5884"":1,""5885"":1,""5886"":3,""5887"":1,""5888"":1,""5889"":1,""5890"":1,""5891"":1,""5892"":1,""5893"":1,""5894"":1,""5895"":12,""5896"":1,""5897"":1,""5898"":1,""5899"":1,""5900"":1,""5901"":1,""5902"":1,""5903"":1,""5904"":1,""5905"":1,""5906"":2,""5907"":1,""5908"":1,""5909"":1,""5910"":1,""5911"":1,""5912"":1,""5913"":1,""5914"":1,""5915"":1,""5916"":1,""5917"":1,""5918"":1,""5919"":1,""5920"":1,""5921"":1,""5922"":1,""5923"":1,""5924"":1,""5925"":1,""5926"":1,""5927"":1,""5928"":1,""5929"":4,""5930"":3,""5931"":1,""5932"":1,""5933"":1,""5934"":1,""5935"":2,""5936"":1,""5937"":1,""5938"":1,""5939"":1,""5940"":1,""5941"":2,""5942"":1,""5943"":1,""5944"":1,""5945"":1,""5946"":2,""5947"":1,""5948"":1,""5949"":1,""5950"":1,""5951"":1,""5952"":1,""5953"":1,""5954"":1,""5955"":1,""5956"":1,""5957"":1,""5958"":2,""5959"":1,""5960"":1,""5961"":1,""5962"":5,""5963"":1,""5964"":9,""5965"":1,""5966"":1,""5967"":1,""5968"":1,""5969"":1,""5970"":1,""5971"":1,""5972"":1,""5973"":1,""5974"":1,""5975"":2,""5976"":2,""5977"":1,""5978"":1,""5979"":1,""5980"":3,""5981"":1,""5982"":1,""5983"":298,""5984"":1,""5985"":1,""5986"":1,""5987"":1,""5988"":1,""5989"":5,""5990"":1,""5991"":1,""5992"":1,""5993"":2,""5994"":1,""5995"":1,""5996"":1,""5997"":1,""5998"":5,""5999"":3,""6000"":1,""6001"":1,""6002"":1,""6003"":4,""6004"":2,""6005"":1,""6006"":46,""6007"":2,""6008"":1,""6009"":1,""6010"":2,""6011"":1,""6012"":1,""6013"":1,""6014"":1,""6015"":1,""6016"":1,""6017"":1,""6018"":4,""6019"":1,""6020"":1,""6021"":1,""6022"":1,""6023"":1,""6024"":2,""6025"":1,""6026"":1,""6027"":1,""6028"":1,""6029"":1,""6030"":1,""6031"":1,""6032"":1,""6033"":1,""6034"":1,""6035"":1,""6036"":3,""6037"":1,""6038"":1,""6039"":1,""6040"":1,""6041"":1,""6042"":1,""6043"":1,""6044"":3,""6045"":1,""6046"":1,""6047"":1,""6048"":1,""6049"":1,""6050"":1,""6051"":1,""6052"":2,""6053"":1,""6054"":1,""6055"":3,""6056"":1,""6057"":1,""6058"":3,""6059"":1,""6060"":1,""6061"":1,""6062"":1,""6063"":3,""6064"":1,""6065"":1,""6066"":1,""6067"":1,""6068"":1,""6069"":18,""6070"":1,""6071"":1,""6072"":1,""6073"":2,""6074"":1,""6075"":3,""6076"":1,""6077"":2,""6078"":1,""6079"":1,""6080"":1,""6081"":2,""6082"":12,""6083"":12,""6084"":1,""6085"":1,""6086"":1,""6087"":2,""6088"":1,""6089"":2,""6090"":1,""6091"":1,""6092"":1,""6093"":12,""6094"":1,""6095"":1,""6096"":1,""6097"":1,""6098"":1,""6099"":2,""6100"":2,""6101"":1,""6102"":1,""6103"":4,""6104"":3,""6105"":3,""6106"":1,""6107"":2,""6108"":1,""6109"":3,""6110"":1,""6111"":3,""6112"":1,""6113"":1,""6114"":1,""6115"":1,""6116"":1,""6117"":1,""6118"":1,""6119"":1,""6120"":1,""6121"":1,""6122"":1,""6123"":1,""6124"":3,""6125"":1,""6126"":1,""6127"":2,""6128"":1,""6129"":3,""6130"":1,""6131"":1,""6132"":1,""6133"":1,""6134"":3,""6135"":1,""6136"":1,""6137"":1,""6138"":1,""6139"":2,""6140"":1,""6141"":1,""6142"":1,""6143"":1,""6144"":1,""6145"":8,""6146"":1,""6147"":1,""6148"":1,""6149"":3,""6150"":1,""6151"":5,""6152"":1,""6153"":1,""6154"":1,""6155"":1,""6156"":1,""6157"":1,""6158"":1,""6159"":1,""6160"":6,""6161"":3,""6162"":1,""6163"":5,""6164"":1,""6165"":1,""6166"":1,""6167"":1,""6168"":1,""6169"":5,""6170"":126,""6171"":1,""6172"":1,""6173"":1,""6174"":1,""6175"":1,""6176"":5,""6177"":1,""6178"":2,""6179"":1,""6180"":1,""6181"":3,""6182"":1,""6183"":1,""6184"":1,""6185"":11,""6186"":2,""6187"":1,""6188"":2,""6189"":1,""6190"":1,""6191"":1,""6192"":1,""6193"":1,""6194"":2,""6195"":2,""6196"":3,""6197"":1,""6198"":1,""6199"":1,""6200"":35,""6201"":5,""6202"":1,""6203"":2,""6204"":1,""6205"":1,""6206"":1,""6207"":1,""6208"":1,""6209"":1,""6210"":10,""6211"":1,""6212"":2,""6213"":1,""6214"":1,""6215"":1,""6216"":1,""6217"":1,""6218"":1,""6219"":1,""6220"":1,""6221"":11,""6222"":1,""6223"":1,""6224"":1,""6225"":2,""6226"":1,""6227"":1,""6228"":2,""6229"":1,""6230"":1,""6231"":4,""6232"":1,""6233"":1,""6234"":1,""6235"":1,""6236"":5,""6237"":1,""6238"":1,""6239"":3,""6240"":1,""6241"":1,""6242"":4,""6243"":1,""6244"":1,""6245"":1,""6246"":1,""6247"":1,""6248"":1808,""6249"":5,""6250"":3,""6251"":1,""6252"":1,""6253"":3,""6254"":117,""6255"":1,""6256"":10,""6257"":189,""6258"":1,""6259"":1,""6260"":1,""6261"":1,""6262"":1,""6263"":8,""6264"":1,""6265"":1,""6266"":1,""6267"":1,""6268"":1,""6269"":16,""6270"":2,""6271"":2,""6272"":1,""6273"":1,""6274"":1,""6275"":2,""6276"":44,""6277"":2,""6278"":1,""6279"":1,""6280"":4,""6281"":2,""6282"":1,""6283"":3,""6284"":11,""6285"":1,""6286"":1,""6287"":1,""6288"":1,""6289"":3,""6290"":321,""6291"":1,""6292"":1,""6293"":1,""6294"":1,""6295"":1,""6296"":1,""6297"":2,""6298"":1,""6299"":2,""6300"":1,""6301"":1,""6302"":1,""6303"":1,""6304"":17,""6305"":1,""6306"":1,""6307"":4,""6308"":3,""6309"":1,""6310"":1,""6311"":7,""6312"":1,""6313"":1,""6314"":1,""6315"":1,""6316"":1,""6317"":1,""6318"":1,""6319"":3,""6320"":1,""6321"":2,""6322"":1,""6323"":1,""6324"":2,""6325"":2,""6326"":1,""6327"":2623,""6328"":1,""6329"":1,""6330"":33,""6331"":2,""6332"":1,""6333"":2,""6334"":4,""6335"":25,""6336"":1,""6337"":1,""6338"":1,""6339"":1,""6340"":1,""6341"":1,""6342"":2,""6343"":1,""6344"":1,""6345"":1,""6346"":1,""6347"":1,""6348"":1,""6349"":5,""6350"":3,""6351"":4,""6352"":248,""6353"":4,""6354"":1,""6355"":1,""6356"":1,""6357"":2,""6358"":1,""6359"":28,""6360"":5,""6361"":7,""6362"":1,""6363"":2,""6364"":1,""6365"":1,""6366"":1,""6367"":2,""6368"":1,""6369"":1,""6370"":401,""6371"":1,""6372"":2,""6373"":1,""6374"":1,""6375"":1,""6376"":1350,""6377"":4,""6378"":2,""6379"":3,""6380"":1,""6381"":1,""6382"":1,""6383"":1,""6384"":1,""6385"":1,""6386"":1,""6387"":1,""6388"":1,""6389"":2,""6390"":48,""6391"":5,""6392"":3,""6393"":3,""6394"":1,""6395"":3,""6396"":1,""6397"":2,""6398"":17,""6399"":1,""6400"":1,""6401"":7,""6402"":23,""6403"":1,""6404"":1,""6405"":1,""6406"":1,""6407"":4,""6408"":278,""6409"":1,""6410"":2,""6411"":1,""6412"":1,""6413"":21,""6414"":2,""6415"":1,""6416"":1,""6417"":1,""6418"":1,""6419"":1,""6420"":1,""6421"":1,""6422"":1,""6423"":1,""6424"":5,""6425"":2,""6426"":2,""6427"":1,""6428"":1,""6429"":1,""6430"":1,""6431"":4,""6432"":1,""6433"":1,""6434"":2,""6435"":3,""6436"":1,""6437"":1,""6438"":1,""6439"":1,""6440"":1,""6441"":1,""6442"":1,""6443"":1,""6444"":1,""6445"":1}",2711
rich,classix,classix_r0.25_m5_distance,"{""group_merging"":""distance"",""mergeScale"":1.5,""mergeTinyGroups"":true,""metric"":""euclidean"",""minPts"":5,""post_alloc"":false,""radius"":0.25,""sorting"":""pca""}",,11719,50,50,0,0.0,0.4385186449355747,True,-0.05365921956376452,1.8124370156085836,343.82779091407576,0.5442757909768261,"{""0"":74,""1"":1338,""2"":5139,""3"":463,""4"":48,""5"":29,""6"":103,""7"":22,""8"":16,""9"":425,""10"":61,""11"":711,""12"":25,""13"":16,""14"":37,""15"":6,""16"":682,""17"":14,""18"":17,""19"":23,""20"":5,""21"":22,""22"":23,""23"":9,""24"":48,""25"":10,""26"":22,""27"":35,""28"":1402,""29"":11,""30"":16,""31"":25,""32"":104,""33"":5,""34"":9,""35"":289,""36"":87,""37"":11,""38"":62,""39"":29,""40"":19,""41"":52,""42"":7,""43"":35,""44"":10,""45"":11,""46"":24,""47"":27,""48"":47,""49"":14}",50
rich,classix,classix_r0.25_m5_density,"{""group_merging"":""density"",""mergeScale"":1.5,""mergeTinyGroups"":true,""metric"":""euclidean"",""minPts"":5,""post_alloc"":false,""radius"":0.25,""sorting"":""pca""}",,11719,87,88,3092,0.26384503797252323,0.30404543873884315,True,0.06658780388771905,1.0678028506065402,308.26676557898054,4.576695958035998,"{""-1"":3092,""4122"":5,""4279"":6,""4318"":8,""4426"":7,""4577"":21,""4592"":6,""4643"":11,""4767"":5,""4858"":6,""4860"":14,""4936"":6,""4959"":6,""5010"":10,""5140"":7,""5169"":5,""5197"":12,""5239"":6,""5281"":6,""5287"":5,""5309"":5,""5341"":7,""5376"":5,""5488"":9,""5570"":7,""5595"":10,""5612"":5,""5623"":5,""5659"":20,""5751"":6,""5817"":7,""5823"":7,""5854"":19,""5856"":10,""5895"":12,""5962"":5,""5964"":9,""5983"":298,""5989"":5,""5998"":5,""6006"":46,""6069"":18,""6082"":12,""6083"":12,""6093"":12,""6145"":8,""6151"":5,""6160"":6,""6163"":5,""6169"":5,""6170"":126,""6176"":5,""6185"":11,""6200"":35,""6201"":5,""6210"":10,""6221"":11,""6236"":5,""6248"":1808,""6249"":5,""6254"":117,""6256"":10,""6257"":189,""6263"":8,""6269"":16,""6276"":44,""6284"":11,""6290"":321,""6304"":17,""6311"":7,""6327"":2623,""6330"":33,""6335"":25,""6349"":5,""6352"":248,""6359"":28,""6360"":5,""6361"":7,""6370"":401,""6376"":1350,""6390"":48,""6391"":5,""6398"":17,""6401"":7,""6402"":23,""6408"":278,""6413"":21,""6424"":5}",87
rich,classix,classix_r0.25_m10_distance,"{""group_merging"":""distance"",""mergeScale"":1.5,""mergeTinyGroups"":true,""metric"":""euclidean"",""minPts"":10,""post_alloc"":false,""radius"":0.25,""sorting"":""pca""}",,11719,26,26,0,0.0,0.439969280655346,True,0.007037750806469045,2.058152950004951,423.22131822380663,0.6663366249995306,"{""0"":1382,""1"":5156,""2"":600,""3"":24,""4"":524,""5"":145,""6"":750,""7"":43,""8"":706,""9"":23,""10"":56,""11"":22,""12"":44,""13"":1402,""14"":16,""15"":35,""16"":104,""17"":302,""18"":87,""19"":64,""20"":19,""21"":52,""22"":39,""23"":39,""24"":32,""25"":53}",26
rich,classix,classix_r0.25_m10_density,"{""group_merging"":""density"",""mergeScale"":1.5,""mergeTinyGroups"":true,""metric"":""euclidean"",""minPts"":10,""post_alloc"":false,""radius"":0.25,""sorting"":""pca""}",,11719,42,43,3361,0.28679921495008104,0.31383106006221584,True,0.1304649899211582,1.1576375786695294,583.8961152667088,3.738005416991655,"{""-1"":3361,""4577"":21,""4643"":11,""4860"":14,""5010"":10,""5197"":12,""5595"":10,""5659"":20,""5854"":19,""5856"":10,""5895"":12,""5983"":298,""6006"":46,""6069"":18,""6082"":12,""6083"":12,""6093"":12,""6170"":126,""6185"":11,""6200"":35,""6210"":10,""6221"":11,""6248"":1808,""6254"":117,""6256"":10,""6257"":189,""6269"":16,""6276"":44,""6284"":11,""6290"":321,""6304"":17,""6327"":2623,""6330"":33,""6335"":25,""6352"":248,""6359"":28,""6370"":401,""6376"":1350,""6390"":48,""6398"":17,""6402"":23,""6408"":278,""6413"":21}",42
rich,classix,classix_r0.30_m1_distance,"{""group_merging"":""distance"",""mergeScale"":1.5,""mergeTinyGroups"":true,""metric"":""euclidean"",""minPts"":1,""post_alloc"":false,""radius"":0.3,""sorting"":""pca""}",,11719,861,861,0,0.0,0.7690075945046506,True,-0.28996115934375183,0.6068690843567099,14.846967529776128,0.1627918750164099,"{""0"":1,""1"":1,""2"":1,""3"":1,""4"":1,""5"":1,""6"":1,""7"":1,""8"":1,""9"":1,""10"":1,""11"":1,""12"":1,""13"":1,""14"":1,""15"":7,""16"":1,""17"":1,""18"":1,""19"":1,""20"":1,""21"":1,""22"":4,""23"":1,""24"":1,""25"":1,""26"":1,""27"":1,""28"":1,""29"":1,""30"":1,""31"":3,""32"":1,""33"":8,""34"":2,""35"":1,""36"":1,""37"":1,""38"":1,""39"":1,""40"":1,""41"":1,""42"":1,""43"":1,""44"":1,""45"":1,""46"":1,""47"":1,""48"":1,""49"":1,""50"":1,""51"":1,""52"":1,""53"":1,""54"":1,""55"":1,""56"":1,""57"":1,""58"":1,""59"":1,""60"":1,""61"":1,""62"":6,""63"":3,""64"":1,""65"":1,""66"":1,""67"":1,""68"":1,""69"":1,""70"":1,""71"":1,""72"":1,""73"":1,""74"":1,""75"":1,""76"":1,""77"":1,""78"":1,""79"":2,""80"":1,""81"":1,""82"":1,""83"":1,""84"":3,""85"":4,""86"":1,""87"":1,""88"":1,""89"":1,""90"":1,""91"":1,""92"":1,""93"":2,""94"":1,""95"":1,""96"":1,""97"":1,""98"":1,""99"":1,""100"":9012,""101"":1,""102"":1,""103"":1,""104"":1,""105"":1,""106"":1,""107"":1,""108"":1,""109"":1,""110"":1,""111"":1,""112"":1,""113"":1,""114"":2,""115"":1,""116"":1,""117"":1,""118"":1,""119"":1,""120"":1,""121"":1,""122"":1,""123"":1,""124"":1,""125"":1,""126"":1,""127"":2,""128"":1,""129"":1,""130"":2,""131"":1,""132"":1,""133"":436,""134"":1,""135"":1,""136"":1,""137"":2,""138"":2,""139"":1,""140"":1,""141"":1,""142"":1,""143"":1,""144"":1,""145"":1,""146"":2,""147"":3,""148"":1,""149"":1,""150"":1,""151"":4,""152"":1,""153"":1,""154"":1,""155"":1,""156"":1,""157"":1,""158"":1,""159"":2,""160"":1,""161"":1,""162"":1,""163"":1,""164"":1,""165"":1,""166"":1,""167"":1,""168"":1,""169"":1,""170"":1,""171"":3,""172"":1,""173"":1,""174"":1,""175"":1,""176"":1,""177"":1,""178"":1,""179"":1,""180"":2,""181"":1,""182"":1,""183"":1,""184"":1,""185"":1,""186"":1,""187"":1,""188"":1,""189"":1,""190"":1,""191"":1,""192"":1,""193"":1,""194"":1,""195"":1,""196"":1,""197"":1,""198"":2,""199"":1,""200"":1,""201"":1,""202"":1,""203"":1,""204"":1,""205"":1,""206"":1,""207"":1,""208"":1,""209"":1,""210"":1,""211"":1,""212"":2,""213"":2,""214"":2,""215"":1,""216"":1,""217"":1,""218"":1,""219"":1,""220"":1,""221"":1,""222"":1,""223"":3,""224"":1,""225"":2,""226"":1,""227"":1,""228"":2,""229"":1,""230"":1,""231"":1,""232"":1,""233"":1,""234"":1,""235"":1,""236"":1,""237"":1,""238"":1,""239"":1,""240"":1,""241"":1,""242"":1,""243"":1,""244"":1,""245"":1,""246"":1,""247"":1,""248"":1,""249"":1,""250"":1,""251"":2,""252"":1,""253"":2,""254"":1,""255"":1,""256"":1,""257"":3,""258"":1,""259"":1,""260"":2,""261"":1,""262"":1,""263"":1,""264"":1,""265"":3,""266"":2,""267"":1,""268"":1,""269"":1,""270"":1,""271"":1,""272"":3,""273"":1,""274"":1,""275"":1,""276"":1,""277"":5,""278"":1,""279"":1,""280"":1,""281"":1,""282"":1,""283"":1,""284"":1,""285"":1,""286"":1,""287"":1,""288"":2,""289"":3,""290"":1,""291"":1,""292"":1,""293"":2,""294"":1,""295"":1,""296"":1,""297"":1,""298"":1,""299"":2,""300"":1,""301"":1,""302"":1,""303"":1,""304"":1,""305"":2,""306"":1,""307"":1,""308"":1,""309"":1,""310"":1,""311"":1,""312"":1,""313"":1,""314"":1,""315"":1,""316"":1,""317"":1,""318"":1,""319"":1,""320"":1,""321"":1,""322"":1,""323"":1,""324"":1,""325"":1,""326"":1,""327"":3,""328"":1,""329"":1,""330"":2,""331"":1,""332"":1,""333"":1,""334"":1,""335"":1,""336"":1,""337"":1,""338"":1,""339"":1,""340"":1,""341"":1,""342"":1,""343"":1,""344"":1,""345"":1,""346"":1,""347"":1,""348"":1,""349"":1,""350"":4,""351"":1,""352"":1,""353"":1,""354"":1,""355"":1,""356"":1,""357"":1,""358"":1,""359"":1,""360"":1,""361"":1,""362"":1,""363"":1,""364"":1,""365"":1,""366"":1,""367"":2,""368"":1,""369"":2,""370"":1,""371"":1,""372"":3,""373"":1,""374"":1,""375"":1,""376"":1,""377"":1,""378"":1,""379"":1,""380"":1,""381"":1,""382"":1,""383"":1,""384"":1,""385"":1,""386"":1,""387"":1,""388"":1,""389"":1,""390"":1,""391"":1,""392"":2,""393"":1,""394"":1,""395"":1,""396"":1,""397"":2,""398"":1,""399"":1,""400"":1,""401"":1,""402"":1,""403"":1,""404"":1,""405"":1,""406"":1,""407"":1,""408"":1,""409"":1,""410"":1,""411"":1,""412"":1,""413"":1,""414"":1,""415"":4,""416"":1,""417"":1,""418"":1,""419"":1,""420"":1,""421"":1,""422"":1,""423"":1,""424"":1,""425"":1,""426"":2,""427"":1,""428"":2,""429"":1,""430"":2,""431"":1,""432"":1,""433"":1,""434"":1,""435"":1,""436"":1,""437"":1,""438"":1,""439"":1,""440"":1,""441"":1,""442"":2,""443"":1,""444"":1,""445"":1,""446"":1,""447"":1,""448"":1,""449"":2,""450"":1,""451"":2,""452"":1,""453"":1,""454"":1,""455"":3,""456"":1,""457"":1,""458"":1,""459"":704,""460"":2,""461"":1,""462"":2,""463"":1,""464"":1,""465"":1,""466"":5,""467"":1,""468"":1,""469"":2,""470"":1,""471"":1,""472"":1,""473"":2,""474"":1,""475"":1,""476"":1,""477"":1,""478"":1,""479"":1,""480"":1,""481"":1,""482"":1,""483"":2,""484"":1,""485"":1,""486"":1,""487"":1,""488"":1,""489"":8,""490"":1,""491"":1,""492"":1,""493"":1,""494"":1,""495"":1,""496"":1,""497"":1,""498"":1,""499"":1,""500"":1,""501"":1,""502"":1,""503"":1,""504"":1,""505"":1,""506"":1,""507"":1,""508"":1,""509"":1,""510"":1,""511"":1,""512"":1,""513"":2,""514"":1,""515"":1,""516"":1,""517"":1,""518"":1,""519"":1,""520"":1,""521"":2,""522"":1,""523"":1,""524"":1,""525"":1,""526"":1,""527"":1,""528"":3,""529"":1,""530"":2,""531"":1,""532"":1,""533"":1,""534"":1,""535"":1,""536"":2,""537"":1,""538"":1,""539"":1,""540"":1,""541"":1,""542"":1,""543"":3,""544"":1,""545"":1,""546"":2,""547"":1,""548"":1,""549"":2,""550"":1,""551"":1,""552"":2,""553"":1,""554"":2,""555"":1,""556"":1,""557"":1,""558"":1,""559"":1,""560"":1,""561"":1,""562"":1,""563"":1,""564"":2,""565"":1,""566"":2,""567"":1,""568"":1,""569"":1,""570"":1,""571"":1,""572"":1,""573"":1,""574"":2,""575"":1,""576"":1,""577"":1,""578"":1,""579"":1,""580"":1,""581"":1,""582"":1,""583"":1,""584"":2,""585"":4,""586"":1,""587"":1,""588"":1,""589"":1,""590"":1,""591"":1,""592"":2,""593"":1,""594"":1,""595"":1,""596"":1,""597"":1,""598"":1,""599"":1,""600"":5,""601"":1,""602"":1,""603"":1,""604"":1,""605"":1,""606"":1,""607"":1,""608"":3,""609"":2,""610"":1,""611"":1,""612"":1,""613"":1,""614"":1,""615"":1,""616"":1,""617"":1,""618"":1,""619"":3,""620"":2,""621"":1,""622"":1,""623"":1,""624"":2,""625"":1,""626"":1,""627"":1,""628"":1,""629"":1,""630"":1,""631"":2,""632"":2,""633"":1,""634"":1,""635"":5,""636"":2,""637"":1,""638"":1,""639"":2,""640"":1,""641"":1,""642"":1,""643"":1,""644"":2,""645"":6,""646"":1,""647"":2,""648"":1,""649"":1,""650"":1,""651"":1,""652"":1,""653"":1,""654"":1,""655"":1,""656"":1,""657"":1,""658"":1,""659"":1,""660"":1,""661"":1,""662"":1,""663"":1,""664"":1,""665"":2,""666"":1,""667"":1,""668"":2,""669"":1,""670"":2,""671"":1,""672"":1,""673"":1,""674"":1,""675"":1,""676"":1,""677"":1,""678"":1,""679"":2,""680"":1,""681"":1,""682"":1,""683"":1,""684"":2,""685"":2,""686"":1,""687"":1,""688"":1,""689"":2,""690"":3,""691"":1,""692"":1,""693"":1,""694"":1,""695"":1,""696"":3,""697"":1,""698"":1,""699"":2,""700"":1,""701"":1,""702"":1,""703"":1,""704"":1,""705"":1,""706"":1,""707"":1,""708"":1,""709"":2,""710"":24,""711"":1,""712"":1,""713"":1,""714"":1,""715"":2,""716"":1,""717"":1,""718"":1,""719"":1,""720"":2,""721"":1,""722"":1,""723"":1,""724"":1,""725"":2,""726"":1,""727"":2,""728"":1,""729"":1,""730"":1,""731"":3,""732"":1,""733"":1,""734"":1,""735"":3,""736"":1,""737"":3,""738"":1,""739"":1,""740"":1,""741"":1,""742"":1,""743"":1,""744"":5,""745"":1,""746"":1,""747"":2,""748"":1,""749"":1,""750"":1,""751"":1,""752"":1,""753"":1,""754"":1,""755"":1,""756"":1,""757"":1,""758"":2,""759"":1,""760"":2,""761"":1,""762"":1,""763"":1,""764"":2,""765"":2,""766"":1,""767"":1,""768"":1,""769"":2,""770"":1,""771"":1,""772"":1,""773"":1,""774"":17,""775"":1,""776"":1,""777"":1,""778"":9,""779"":1,""780"":293,""781"":1,""782"":2,""783"":2,""784"":2,""785"":1,""786"":1,""787"":1,""788"":3,""789"":1,""790"":1,""791"":1,""792"":2,""793"":1,""794"":1,""795"":2,""796"":1,""797"":1,""798"":1,""799"":1,""800"":1,""801"":2,""802"":1,""803"":9,""804"":1,""805"":27,""806"":1,""807"":50,""808"":1,""809"":1,""810"":3,""811"":4,""812"":1,""813"":5,""814"":1,""815"":2,""816"":1,""817"":1,""818"":3,""819"":1,""820"":8,""821"":6,""822"":17,""823"":6,""824"":1,""825"":2,""826"":1,""827"":23,""828"":1,""829"":1,""830"":3,""831"":1,""832"":1,""833"":2,""834"":2,""835"":1,""836"":1,""837"":1,""838"":1,""839"":1,""840"":1,""841"":5,""842"":2,""843"":2,""844"":1,""845"":1,""846"":1,""847"":4,""848"":1,""849"":1,""850"":2,""851"":3,""852"":1,""853"":1,""854"":1,""855"":2,""856"":1,""857"":1,""858"":1,""859"":1,""860"":1}",861
rich,classix,classix_r0.30_m1_density,"{""group_merging"":""density"",""mergeScale"":1.5,""mergeTinyGroups"":true,""metric"":""euclidean"",""minPts"":1,""post_alloc"":false,""radius"":0.3,""sorting"":""pca""}",,11719,2064,2064,0,0.0,0.2544585715504736,True,-0.09413110746190578,0.5635207929687477,31.110160066556173,3.688147749984637,"{""3091"":1,""3092"":1,""3093"":1,""3094"":1,""3095"":1,""3096"":1,""3097"":1,""3098"":1,""3099"":1,""3100"":1,""3101"":1,""3102"":1,""3103"":1,""3104"":1,""3105"":1,""3106"":2,""3107"":1,""3108"":1,""3109"":1,""3110"":1,""3111"":2,""3112"":1,""3113"":1,""3114"":1,""3115"":1,""3116"":1,""3117"":1,""3118"":1,""3119"":1,""3120"":1,""3121"":1,""3122"":1,""3123"":1,""3124"":1,""3125"":1,""3126"":1,""3127"":1,""3128"":1,""3129"":1,""3130"":2,""3131"":1,""3132"":1,""3133"":2,""3134"":1,""3135"":1,""3136"":1,""3137"":1,""3138"":1,""3139"":1,""3140"":1,""3141"":1,""3142"":1,""3143"":1,""3144"":1,""3145"":1,""3146"":1,""3147"":1,""3148"":1,""3149"":1,""3150"":1,""3151"":1,""3152"":1,""3153"":1,""3154"":1,""3155"":1,""3156"":1,""3157"":1,""3158"":1,""3159"":1,""3160"":1,""3161"":1,""3162"":1,""3163"":1,""3164"":1,""3165"":1,""3166"":1,""3167"":1,""3168"":1,""3169"":1,""3170"":1,""3171"":1,""3172"":1,""3173"":1,""3174"":1,""3175"":1,""3176"":1,""3177"":1,""3178"":1,""3179"":1,""3180"":1,""3181"":1,""3182"":1,""3183"":1,""3184"":1,""3185"":1,""3186"":1,""3187"":1,""3188"":1,""3189"":1,""3190"":1,""3191"":1,""3192"":1,""3193"":1,""3194"":1,""3195"":1,""3196"":1,""3197"":1,""3198"":1,""3199"":1,""3200"":1,""3201"":1,""3202"":1,""3203"":1,""3204"":1,""3205"":1,""3206"":1,""3207"":1,""3208"":1,""3209"":1,""3210"":1,""3211"":1,""3212"":1,""3213"":1,""3214"":1,""3215"":1,""3216"":1,""3217"":1,""3218"":1,""3219"":1,""3220"":1,""3221"":1,""3222"":1,""3223"":1,""3224"":1,""3225"":1,""3226"":1,""3227"":1,""3228"":1,""3229"":1,""3230"":1,""3231"":1,""3232"":1,""3233"":1,""3234"":2,""3235"":1,""3236"":1,""3237"":1,""3238"":1,""3239"":1,""3240"":1,""3241"":1,""3242"":1,""3243"":1,""3244"":1,""3245"":1,""3246"":1,""3247"":1,""3248"":1,""3249"":1,""3250"":1,""3251"":1,""3252"":1,""3253"":1,""3254"":1,""3255"":1,""3256"":1,""3257"":1,""3258"":1,""3259"":1,""3260"":1,""3261"":1,""3262"":1,""3263"":1,""3264"":1,""3265"":1,""3266"":1,""3267"":1,""3268"":1,""3269"":1,""3270"":1,""3271"":1,""3272"":1,""3273"":1,""3274"":1,""3275"":1,""3276"":1,""3277"":1,""3278"":1,""3279"":1,""3280"":1,""3281"":1,""3282"":1,""3283"":1,""3284"":1,""3285"":1,""3286"":1,""3287"":1,""3288"":1,""3289"":1,""3290"":1,""3291"":1,""3292"":1,""3293"":1,""3294"":1,""3295"":1,""3296"":1,""3297"":1,""3298"":1,""3299"":1,""3300"":1,""3301"":1,""3302"":1,""3303"":1,""3304"":1,""3305"":2,""3306"":3,""3307"":1,""3308"":1,""3309"":1,""3310"":1,""3311"":1,""3312"":1,""3313"":1,""3314"":1,""3315"":1,""3316"":1,""3317"":1,""3318"":1,""3319"":1,""3320"":1,""3321"":1,""3322"":1,""3323"":1,""3324"":1,""3325"":1,""3326"":1,""3327"":1,""3328"":1,""3329"":1,""3330"":1,""3331"":1,""3332"":1,""3333"":1,""3334"":1,""3335"":1,""3336"":1,""3337"":1,""3338"":1,""3339"":1,""3340"":1,""3341"":1,""3342"":1,""3343"":1,""3344"":1,""3345"":1,""3346"":1,""3347"":1,""3348"":1,""3349"":1,""3350"":2,""3351"":1,""3352"":1,""3353"":1,""3354"":1,""3355"":1,""3356"":1,""3357"":1,""3358"":1,""3359"":1,""3360"":1,""3361"":1,""3362"":1,""3363"":1,""3364"":1,""3365"":1,""3366"":1,""3367"":1,""3368"":1,""3369"":1,""3370"":2,""3371"":1,""3372"":1,""3373"":1,""3374"":1,""3375"":1,""3376"":1,""3377"":3,""3378"":1,""3379"":1,""3380"":1,""3381"":1,""3382"":1,""3383"":1,""3384"":1,""3385"":1,""3386"":1,""3387"":1,""3388"":2,""3389"":1,""3390"":1,""3391"":1,""3392"":1,""3393"":1,""3394"":1,""3395"":1,""3396"":1,""3397"":1,""3398"":1,""3399"":1,""3400"":1,""3401"":4,""3402"":1,""3403"":1,""3404"":3,""3405"":1,""3406"":1,""3407"":1,""3408"":1,""3409"":1,""3410"":1,""3411"":1,""3412"":1,""3413"":1,""3414"":1,""3415"":1,""3416"":1,""3417"":3,""3418"":1,""3419"":1,""3420"":1,""3421"":1,""3422"":1,""3423"":1,""3424"":1,""3425"":1,""3426"":1,""3427"":1,""3428"":1,""3429"":1,""3430"":1,""3431"":1,""3432"":1,""3433"":1,""3434"":1,""3435"":1,""3436"":1,""3437"":1,""3438"":1,""3439"":1,""3440"":1,""3441"":1,""3442"":2,""3443"":1,""3444"":1,""3445"":1,""3446"":1,""3447"":1,""3448"":1,""3449"":1,""3450"":1,""3451"":3,""3452"":2,""3453"":1,""3454"":1,""3455"":1,""3456"":1,""3457"":2,""3458"":1,""3459"":3,""3460"":1,""3461"":1,""3462"":1,""3463"":1,""3464"":3,""3465"":1,""3466"":1,""3467"":1,""3468"":1,""3469"":2,""3470"":1,""3471"":1,""3472"":1,""3473"":2,""3474"":1,""3475"":1,""3476"":1,""3477"":1,""3478"":1,""3479"":1,""3480"":1,""3481"":1,""3482"":1,""3483"":1,""3484"":2,""3485"":1,""3486"":1,""3487"":1,""3488"":1,""3489"":1,""3490"":2,""3491"":1,""3492"":1,""3493"":1,""3494"":1,""3495"":1,""3496"":1,""3497"":1,""3498"":1,""3499"":1,""3500"":1,""3501"":1,""3502"":1,""3503"":1,""3504"":1,""3505"":1,""3506"":1,""3507"":1,""3508"":1,""3509"":1,""3510"":1,""3511"":1,""3512"":1,""3513"":1,""3514"":1,""3515"":1,""3516"":1,""3517"":1,""3518"":1,""3519"":2,""3520"":1,""3521"":1,""3522"":1,""3523"":1,""3524"":3,""3525"":1,""3526"":1,""3527"":1,""3528"":1,""3529"":1,""3530"":1,""3531"":1,""3532"":2,""3533"":1,""3534"":1,""3535"":1,""3536"":1,""3537"":1,""3538"":1,""3539"":1,""3540"":3,""3541"":1,""3542"":1,""3543"":1,""3544"":1,""3545"":1,""3546"":1,""3547"":1,""3548"":1,""3549"":1,""3550"":1,""3551"":2,""3552"":2,""3553"":1,""3554"":1,""3555"":1,""3556"":1,""3557"":1,""3558"":1,""3559"":1,""3560"":1,""3561"":1,""3562"":1,""3563"":1,""3564"":3,""3565"":1,""3566"":2,""3567"":1,""3568"":1,""3569"":1,""3570"":4,""3571"":1,""3572"":1,""3573"":1,""3574"":1,""3575"":1,""3576"":1,""3577"":1,""3578"":1,""3579"":6,""3580"":1,""3581"":1,""3582"":1,""3583"":1,""3584"":1,""3585"":2,""3586"":1,""3587"":1,""3588"":1,""3589"":1,""3590"":1,""3591"":1,""3592"":1,""3593"":1,""3594"":1,""3595"":1,""3596"":1,""3597"":5,""3598"":1,""3599"":2,""3600"":1,""3601"":1,""3602"":1,""3603"":1,""3604"":1,""3605"":1,""3606"":1,""3607"":1,""3608"":1,""3609"":2,""3610"":19,""3611"":1,""3612"":1,""3613"":2,""3614"":1,""3615"":1,""3616"":1,""3617"":1,""3618"":1,""3619"":1,""3620"":1,""3621"":1,""3622"":1,""3623"":1,""3624"":1,""3625"":1,""3626"":2,""3627"":1,""3628"":1,""3629"":1,""3630"":1,""3631"":1,""3632"":1,""3633"":1,""3634"":1,""3635"":1,""3636"":1,""3637"":1,""3638"":1,""3639"":2,""3640"":1,""3641"":1,""3642"":1,""3643"":1,""3644"":2,""3645"":1,""3646"":1,""3647"":1,""3648"":2,""3649"":1,""3650"":1,""3651"":1,""3652"":1,""3653"":1,""3654"":1,""3655"":1,""3656"":1,""3657"":2,""3658"":1,""3659"":1,""3660"":1,""3661"":1,""3662"":1,""3663"":2,""3664"":1,""3665"":1,""3666"":1,""3667"":1,""3668"":1,""3669"":1,""3670"":4,""3671"":1,""3672"":1,""3673"":1,""3674"":1,""3675"":1,""3676"":1,""3677"":5,""3678"":1,""3679"":1,""3680"":1,""3681"":1,""3682"":1,""3683"":1,""3684"":1,""3685"":1,""3686"":1,""3687"":1,""3688"":1,""3689"":1,""3690"":1,""3691"":1,""3692"":1,""3693"":1,""3694"":1,""3695"":1,""3696"":1,""3697"":1,""3698"":1,""3699"":1,""3700"":1,""3701"":1,""3702"":1,""3703"":1,""3704"":1,""3705"":2,""3706"":2,""3707"":1,""3708"":1,""3709"":4,""3710"":1,""3711"":1,""3712"":1,""3713"":1,""3714"":1,""3715"":1,""3716"":2,""3717"":1,""3718"":16,""3719"":2,""3720"":1,""3721"":1,""3722"":1,""3723"":1,""3724"":1,""3725"":1,""3726"":1,""3727"":1,""3728"":1,""3729"":2,""3730"":1,""3731"":1,""3732"":1,""3733"":1,""3734"":1,""3735"":1,""3736"":1,""3737"":2,""3738"":1,""3739"":1,""3740"":1,""3741"":1,""3742"":1,""3743"":1,""3744"":1,""3745"":1,""3746"":1,""3747"":1,""3748"":1,""3749"":2,""3750"":2,""3751"":1,""3752"":1,""3753"":1,""3754"":1,""3755"":1,""3756"":1,""3757"":1,""3758"":1,""3759"":2,""3760"":1,""3761"":1,""3762"":1,""3763"":1,""3764"":1,""3765"":1,""3766"":1,""3767"":1,""3768"":1,""3769"":1,""3770"":1,""3771"":16,""3772"":1,""3773"":1,""3774"":1,""3775"":1,""3776"":1,""3777"":1,""3778"":1,""3779"":1,""3780"":1,""3781"":2,""3782"":1,""3783"":3,""3784"":1,""3785"":2,""3786"":1,""3787"":1,""3788"":1,""3789"":1,""3790"":1,""3791"":1,""3792"":1,""3793"":1,""3794"":1,""3795"":1,""3796"":1,""3797"":1,""3798"":1,""3799"":2,""3800"":1,""3801"":1,""3802"":1,""3803"":1,""3804"":1,""3805"":1,""3806"":1,""3807"":1,""3808"":2,""3809"":1,""3810"":1,""3811"":1,""3812"":1,""3813"":1,""3814"":1,""3815"":1,""3816"":1,""3817"":1,""3818"":1,""3819"":1,""3820"":1,""3821"":1,""3822"":1,""3823"":1,""3824"":1,""3825"":1,""3826"":1,""3827"":1,""3828"":1,""3829"":1,""3830"":1,""3831"":1,""3832"":2,""3833"":1,""3834"":1,""3835"":1,""3836"":1,""3837"":1,""3838"":1,""3839"":1,""3840"":1,""3841"":1,""3842"":1,""3843"":1,""3844"":1,""3845"":1,""3846"":1,""3847"":1,""3848"":2,""3849"":3,""3850"":1,""3851"":1,""3852"":1,""3853"":1,""3854"":1,""3855"":1,""3856"":1,""3857"":1,""3858"":2,""3859"":1,""3860"":2,""3861"":1,""3862"":1,""3863"":6,""3864"":2,""3865"":1,""3866"":1,""3867"":1,""3868"":2,""3869"":1,""3870"":1,""3871"":1,""3872"":1,""3873"":1,""3874"":1,""3875"":1,""3876"":1,""3877"":3,""3878"":1,""3879"":1,""3880"":1,""3881"":1,""3882"":1,""3883"":1,""3884"":1,""3885"":1,""3886"":1,""3887"":1,""3888"":1,""3889"":1,""3890"":1,""3891"":1,""3892"":1,""3893"":1,""3894"":2,""3895"":1,""3896"":1,""3897"":1,""3898"":1,""3899"":1,""3900"":1,""3901"":1,""3902"":1,""3903"":2,""3904"":2,""3905"":1,""3906"":1,""3907"":1,""3908"":2,""3909"":1,""3910"":1,""3911"":1,""3912"":1,""3913"":1,""3914"":1,""3915"":1,""3916"":1,""3917"":1,""3918"":2,""3919"":1,""3920"":1,""3921"":1,""3922"":1,""3923"":1,""3924"":1,""3925"":1,""3926"":1,""3927"":2,""3928"":1,""3929"":3,""3930"":1,""3931"":1,""3932"":1,""3933"":1,""3934"":1,""3935"":2,""3936"":1,""3937"":1,""3938"":1,""3939"":1,""3940"":1,""3941"":1,""3942"":1,""3943"":1,""3944"":1,""3945"":1,""3946"":1,""3947"":1,""3948"":1,""3949"":1,""3950"":2,""3951"":1,""3952"":1,""3953"":1,""3954"":1,""3955"":1,""3956"":1,""3957"":1,""3958"":3,""3959"":1,""3960"":1,""3961"":2,""3962"":1,""3963"":1,""3964"":1,""3965"":1,""3966"":1,""3967"":1,""3968"":3,""3969"":1,""3970"":1,""3971"":1,""3972"":1,""3973"":2,""3974"":1,""3975"":1,""3976"":1,""3977"":1,""3978"":1,""3979"":1,""3980"":1,""3981"":1,""3982"":1,""3983"":1,""3984"":1,""3985"":1,""3986"":3,""3987"":1,""3988"":2,""3989"":1,""3990"":1,""3991"":1,""3992"":1,""3993"":1,""3994"":2,""3995"":1,""3996"":1,""3997"":1,""3998"":1,""3999"":2,""4000"":1,""4001"":1,""4002"":1,""4003"":2,""4004"":2,""4005"":1,""4006"":1,""4007"":1,""4008"":1,""4009"":1,""4010"":1,""4011"":1,""4012"":1,""4013"":1,""4014"":1,""4015"":1,""4016"":1,""4017"":2,""4018"":1,""4019"":1,""4020"":1,""4021"":1,""4022"":1,""4023"":1,""4024"":1,""4025"":1,""4026"":1,""4027"":1,""4028"":1,""4029"":1,""4030"":1,""4031"":1,""4032"":1,""4033"":1,""4034"":3,""4035"":1,""4036"":1,""4037"":2,""4038"":1,""4039"":1,""4040"":1,""4041"":2,""4042"":3,""4043"":1,""4044"":1,""4045"":1,""4046"":1,""4047"":1,""4048"":1,""4049"":1,""4050"":1,""4051"":1,""4052"":1,""4053"":1,""4054"":2,""4055"":1,""4056"":1,""4057"":1,""4058"":1,""4059"":1,""4060"":1,""4061"":1,""4062"":1,""4063"":1,""4064"":1,""4065"":1,""4066"":1,""4067"":6,""4068"":1,""4069"":1,""4070"":2,""4071"":2,""4072"":1,""4073"":1,""4074"":1,""4075"":1,""4076"":1,""4077"":3,""4078"":1,""4079"":1,""4080"":2,""4081"":1,""4082"":3,""4083"":1,""4084"":1,""4085"":1,""4086"":1,""4087"":1,""4088"":1,""4089"":1,""4090"":1,""4091"":1,""4092"":2,""4093"":1,""4094"":1,""4095"":1,""4096"":1,""4097"":1,""4098"":1,""4099"":1,""4100"":1,""4101"":1,""4102"":1,""4103"":1,""4104"":2,""4105"":1,""4106"":1,""4107"":1,""4108"":1,""4109"":1,""4110"":1,""4111"":1,""4112"":1,""4113"":1,""4114"":1,""4115"":1,""4116"":1,""4117"":1,""4118"":1,""4119"":2,""4120"":1,""4121"":1,""4122"":1,""4123"":1,""4124"":1,""4125"":2,""4126"":1,""4127"":1,""4128"":2,""4129"":3,""4130"":1,""4131"":1,""4132"":1,""4133"":1,""4134"":1,""4135"":1,""4136"":1,""4137"":1,""4138"":1,""4139"":1,""4140"":1,""4141"":1,""4142"":1,""4143"":1,""4144"":1,""4145"":1,""4146"":1,""4147"":3,""4148"":1,""4149"":1,""4150"":1,""4151"":1,""4152"":5,""4153"":1,""4154"":1,""4155"":1,""4156"":1,""4157"":1,""4158"":1,""4159"":2,""4160"":1,""4161"":1,""4162"":1,""4163"":1,""4164"":1,""4165"":2,""4166"":1,""4167"":1,""4168"":1,""4169"":3,""4170"":1,""4171"":1,""4172"":1,""4173"":1,""4174"":1,""4175"":1,""4176"":1,""4177"":1,""4178"":1,""4179"":1,""4180"":1,""4181"":1,""4182"":1,""4183"":1,""4184"":1,""4185"":1,""4186"":1,""4187"":2,""4188"":1,""4189"":2,""4190"":1,""4191"":3,""4192"":1,""4193"":1,""4194"":1,""4195"":1,""4196"":1,""4197"":1,""4198"":1,""4199"":1,""4200"":1,""4201"":1,""4202"":1,""4203"":1,""4204"":1,""4205"":5,""4206"":1,""4207"":1,""4208"":1,""4209"":1,""4210"":1,""4211"":1,""4212"":1,""4213"":1,""4214"":1,""4215"":1,""4216"":1,""4217"":1,""4218"":1,""4219"":1,""4220"":1,""4221"":1,""4222"":1,""4223"":1,""4224"":11,""4225"":1,""4226"":2,""4227"":1,""4228"":1,""4229"":1,""4230"":1,""4231"":1,""4232"":1,""4233"":9,""4234"":1,""4235"":1,""4236"":1,""4237"":1,""4238"":1,""4239"":2,""4240"":1,""4241"":1,""4242"":1,""4243"":1,""4244"":1,""4245"":1,""4246"":1,""4247"":1,""4248"":1,""4249"":1,""4250"":1,""4251"":1,""4252"":6,""4253"":1,""4254"":1,""4255"":1,""4256"":1,""4257"":1,""4258"":1,""4259"":1,""4260"":1,""4261"":1,""4262"":1,""4263"":1,""4264"":1,""4265"":4,""4266"":1,""4267"":1,""4268"":1,""4269"":1,""4270"":1,""4271"":1,""4272"":1,""4273"":1,""4274"":1,""4275"":3,""4276"":1,""4277"":1,""4278"":2,""4279"":2,""4280"":1,""4281"":1,""4282"":1,""4283"":1,""4284"":1,""4285"":1,""4286"":1,""4287"":1,""4288"":3,""4289"":1,""4290"":1,""4291"":1,""4292"":1,""4293"":1,""4294"":1,""4295"":2,""4296"":1,""4297"":1,""4298"":1,""4299"":2,""4300"":1,""4301"":1,""4302"":1,""4303"":1,""4304"":1,""4305"":1,""4306"":1,""4307"":1,""4308"":1,""4309"":1,""4310"":1,""4311"":1,""4312"":7,""4313"":1,""4314"":2,""4315"":1,""4316"":1,""4317"":1,""4318"":1,""4319"":1,""4320"":1,""4321"":6,""4322"":1,""4323"":1,""4324"":2,""4325"":1,""4326"":1,""4327"":1,""4328"":1,""4329"":1,""4330"":1,""4331"":3,""4332"":1,""4333"":1,""4334"":1,""4335"":1,""4336"":1,""4337"":7,""4338"":2,""4339"":1,""4340"":2,""4341"":2,""4342"":1,""4343"":2,""4344"":1,""4345"":1,""4346"":1,""4347"":1,""4348"":1,""4349"":3,""4350"":1,""4351"":1,""4352"":1,""4353"":1,""4354"":1,""4355"":1,""4356"":1,""4357"":1,""4358"":3,""4359"":1,""4360"":1,""4361"":2,""4362"":1,""4363"":1,""4364"":1,""4365"":1,""4366"":1,""4367"":3,""4368"":2,""4369"":1,""4370"":1,""4371"":1,""4372"":1,""4373"":2,""4374"":3,""4375"":1,""4376"":1,""4377"":1,""4378"":1,""4379"":2,""4380"":1,""4381"":1,""4382"":1,""4383"":1,""4384"":1,""4385"":1,""4386"":1,""4387"":1,""4388"":1,""4389"":1,""4390"":1,""4391"":1,""4392"":1,""4393"":3,""4394"":1,""4395"":1,""4396"":4,""4397"":2,""4398"":1,""4399"":1,""4400"":1,""4401"":1,""4402"":1,""4403"":1,""4404"":1,""4405"":2,""4406"":1,""4407"":1,""4408"":2,""4409"":1,""4410"":1,""4411"":1,""4412"":1,""4413"":2,""4414"":1,""4415"":1,""4416"":1,""4417"":1,""4418"":1,""4419"":1,""4420"":1,""4421"":1,""4422"":3,""4423"":1,""4424"":1,""4425"":2,""4426"":1,""4427"":1,""4428"":1,""4429"":1,""4430"":2,""4431"":5,""4432"":1,""4433"":1,""4434"":2,""4435"":1,""4436"":1,""4437"":1,""4438"":1,""4439"":1,""4440"":1,""4441"":1,""4442"":1,""4443"":2,""4444"":1,""4445"":1,""4446"":1,""4447"":5,""4448"":1,""4449"":1,""4450"":1,""4451"":9,""4452"":1,""4453"":1,""4454"":3,""4455"":2,""4456"":1,""4457"":1,""4458"":1,""4459"":1,""4460"":1,""4461"":7,""4462"":1,""4463"":1,""4464"":2,""4465"":1,""4466"":1,""4467"":1,""4468"":1,""4469"":1,""4470"":1,""4471"":1,""4472"":1,""4473"":1,""4474"":1,""4475"":1,""4476"":1,""4477"":1,""4478"":3,""4479"":1,""4480"":1,""4481"":1,""4482"":1,""4483"":1,""4484"":1,""4485"":1,""4486"":6,""4487"":1,""4488"":1,""4489"":1,""4490"":1,""4491"":1,""4492"":1,""4493"":1,""4494"":1,""4495"":1,""4496"":1,""4497"":1,""4498"":1,""4499"":1,""4500"":1,""4501"":1,""4502"":1,""4503"":1,""4504"":2,""4505"":2,""4506"":2,""4507"":1,""4508"":1,""4509"":2,""4510"":1,""4511"":2,""4512"":1,""4513"":1,""4514"":1,""4515"":1,""4516"":1,""4517"":1,""4518"":1,""4519"":1,""4520"":1,""4521"":1,""4522"":1,""4523"":1,""4524"":1,""4525"":1,""4526"":1,""4527"":1,""4528"":1,""4529"":1,""4530"":2,""4531"":1,""4532"":1,""4533"":1,""4534"":2,""4535"":1,""4536"":1,""4537"":1,""4538"":1,""4539"":1,""4540"":1,""4541"":1,""4542"":1,""4543"":1,""4544"":2,""4545"":1,""4546"":2,""4547"":1,""4548"":1,""4549"":1,""4550"":1,""4551"":1,""4552"":1,""4553"":1,""4554"":1,""4555"":4,""4556"":1,""4557"":1,""4558"":1,""4559"":1,""4560"":1,""4561"":1,""4562"":1,""4563"":1,""4564"":1,""4565"":1,""4566"":1,""4567"":1,""4568"":1,""4569"":1,""4570"":1,""4571"":1,""4572"":1,""4573"":1,""4574"":1,""4575"":1,""4576"":1,""4577"":1,""4578"":1,""4579"":1,""4580"":1,""4581"":2,""4582"":1,""4583"":1,""4584"":7,""4585"":1,""4586"":1,""4587"":1,""4588"":1,""4589"":1,""4590"":1,""4591"":1,""4592"":1,""4593"":1,""4594"":2,""4595"":3,""4596"":1,""4597"":1,""4598"":1,""4599"":2,""4600"":1,""4601"":3,""4602"":1,""4603"":1,""4604"":1,""4605"":2,""4606"":1,""4607"":1,""4608"":1,""4609"":1,""4610"":1,""4611"":1,""4612"":3,""4613"":1,""4614"":1,""4615"":1,""4616"":1,""4617"":2,""4618"":1,""4619"":2,""4620"":1,""4621"":1,""4622"":1,""4623"":1,""4624"":1,""4625"":1,""4626"":1,""4627"":6,""4628"":1,""4629"":1,""4630"":1,""4631"":1,""4632"":1,""4633"":1,""4634"":1,""4635"":1,""4636"":1,""4637"":1,""4638"":2,""4639"":1,""4640"":1,""4641"":1,""4642"":2,""4643"":1,""4644"":1,""4645"":1,""4646"":1,""4647"":1,""4648"":1,""4649"":67,""4650"":1,""4651"":1,""4652"":1,""4653"":1,""4654"":1,""4655"":1,""4656"":1,""4657"":1,""4658"":1,""4659"":2,""4660"":1,""4661"":1,""4662"":1,""4663"":1,""4664"":1,""4665"":1,""4666"":1,""4667"":2,""4668"":1,""4669"":1,""4670"":1,""4671"":1,""4672"":2,""4673"":1,""4674"":1,""4675"":1,""4676"":1,""4677"":1,""4678"":1,""4679"":1,""4680"":1,""4681"":1,""4682"":1,""4683"":1,""4684"":1,""4685"":1,""4686"":2,""4687"":3,""4688"":1,""4689"":1,""4690"":1,""4691"":1,""4692"":1,""4693"":1,""4694"":1,""4695"":1,""4696"":1,""4697"":2,""4698"":1,""4699"":1,""4700"":1,""4701"":1,""4702"":1,""4703"":1,""4704"":1,""4705"":1,""4706"":1,""4707"":1,""4708"":1,""4709"":2,""4710"":1,""4711"":1,""4712"":2,""4713"":1,""4714"":1,""4715"":2,""4716"":2,""4717"":1,""4718"":1,""4719"":1,""4720"":2,""4721"":1,""4722"":1,""4723"":8,""4724"":1,""4725"":2,""4726"":1,""4727"":1,""4728"":6,""4729"":1,""4730"":1,""4731"":1,""4732"":1,""4733"":1,""4734"":1,""4735"":1,""4736"":1,""4737"":1,""4738"":1,""4739"":2,""4740"":2,""4741"":2,""4742"":1,""4743"":1,""4744"":1,""4745"":1,""4746"":1,""4747"":3,""4748"":1,""4749"":1,""4750"":1,""4751"":1,""4752"":2,""4753"":1,""4754"":1,""4755"":1,""4756"":1,""4757"":1,""4758"":1,""4759"":1,""4760"":1,""4761"":1,""4762"":1,""4763"":1,""4764"":1,""4765"":1,""4766"":1,""4767"":3,""4768"":1,""4769"":1,""4770"":1,""4771"":1,""4772"":2,""4773"":1,""4774"":1,""4775"":1,""4776"":1,""4777"":1,""4778"":1,""4779"":2,""4780"":2,""4781"":1,""4782"":1,""4783"":2,""4784"":1,""4785"":1,""4786"":1,""4787"":1,""4788"":1,""4789"":1,""4790"":1,""4791"":4,""4792"":1,""4793"":1,""4794"":8,""4795"":1,""4796"":1,""4797"":2,""4798"":5,""4799"":1,""4800"":3,""4801"":1,""4802"":3,""4803"":1,""4804"":1,""4805"":1,""4806"":1,""4807"":1,""4808"":1,""4809"":1,""4810"":1,""4811"":1,""4812"":1,""4813"":1,""4814"":1,""4815"":1,""4816"":1,""4817"":1,""4818"":1,""4819"":1,""4820"":1,""4821"":1,""4822"":76,""4823"":1,""4824"":4,""4825"":2,""4826"":2,""4827"":1,""4828"":1,""4829"":1,""4830"":1,""4831"":1,""4832"":1,""4833"":1,""4834"":1,""4835"":1,""4836"":1,""4837"":1,""4838"":631,""4839"":2,""4840"":1,""4841"":2,""4842"":1,""4843"":1,""4844"":1,""4845"":1,""4846"":1,""4847"":1,""4848"":1,""4849"":2,""4850"":1,""4851"":1,""4852"":1,""4853"":1,""4854"":1,""4855"":1,""4856"":1,""4857"":1,""4858"":1,""4859"":1,""4860"":1,""4861"":1,""4862"":2,""4863"":1,""4864"":1,""4865"":1,""4866"":1,""4867"":1,""4868"":1,""4869"":1,""4870"":2,""4871"":1,""4872"":1,""4873"":1,""4874"":1,""4875"":1,""4876"":1,""4877"":1,""4878"":1,""4879"":1,""4880"":1,""4881"":1,""4882"":2,""4883"":1,""4884"":3,""4885"":2,""4886"":2,""4887"":1,""4888"":2,""4889"":1,""4890"":1,""4891"":1,""4892"":1,""4893"":1,""4894"":1,""4895"":1,""4896"":3,""4897"":1,""4898"":1,""4899"":2,""4900"":1,""4901"":1,""4902"":1,""4903"":1,""4904"":1,""4905"":1,""4906"":1,""4907"":1,""4908"":1,""4909"":1,""4910"":1,""4911"":3,""4912"":1,""4913"":1,""4914"":3,""4915"":1,""4916"":1,""4917"":1,""4918"":1,""4919"":1,""4920"":1,""4921"":3,""4922"":1,""4923"":1,""4924"":1,""4925"":1,""4926"":2,""4927"":1,""4928"":1,""4929"":1,""4930"":1,""4931"":3,""4932"":1,""4933"":1,""4934"":1,""4935"":1,""4936"":64,""4937"":1,""4938"":5,""4939"":1,""4940"":1,""4941"":1,""4942"":1,""4943"":1,""4944"":1,""4945"":2,""4946"":1,""4947"":1,""4948"":1,""4949"":1,""4950"":1,""4951"":2,""4952"":3,""4953"":1,""4954"":3,""4955"":1,""4956"":1,""4957"":1,""4958"":1,""4959"":1,""4960"":31,""4961"":3,""4962"":1,""4963"":1,""4964"":1,""4965"":1,""4966"":3,""4967"":62,""4968"":1,""4969"":1,""4970"":1,""4971"":1,""4972"":1,""4973"":2,""4974"":1973,""4975"":1,""4976"":1,""4977"":1,""4978"":1,""4979"":1,""4980"":1,""4981"":1,""4982"":164,""4983"":1,""4984"":1,""4985"":1,""4986"":1,""4987"":4,""4988"":1,""4989"":1,""4990"":1,""4991"":1,""4992"":1,""4993"":1,""4994"":1,""4995"":1,""4996"":5,""4997"":3,""4998"":1,""4999"":3,""5000"":1,""5001"":313,""5002"":1,""5003"":1,""5004"":1,""5005"":1,""5006"":8,""5007"":1,""5008"":1,""5009"":3,""5010"":1,""5011"":1,""5012"":1,""5013"":2,""5014"":1,""5015"":4,""5016"":18,""5017"":1,""5018"":1,""5019"":2,""5020"":3,""5021"":1,""5022"":1,""5023"":1,""5024"":1,""5025"":1,""5026"":3,""5027"":1,""5028"":1,""5029"":1,""5030"":17,""5031"":1,""5032"":2,""5033"":1,""5034"":1,""5035"":29,""5036"":1,""5037"":1,""5038"":1,""5039"":1,""5040"":4,""5041"":1,""5042"":1,""5043"":7,""5044"":1,""5045"":2982,""5046"":1,""5047"":1,""5048"":1,""5049"":1,""5050"":1,""5051"":1,""5052"":2,""5053"":2,""5054"":1,""5055"":169,""5056"":1,""5057"":33,""5058"":2,""5059"":1,""5060"":2,""5061"":1,""5062"":1,""5063"":1,""5064"":1,""5065"":1,""5066"":1,""5067"":1,""5068"":1,""5069"":1,""5070"":2,""5071"":3,""5072"":1,""5073"":1,""5074"":1,""5075"":5,""5076"":23,""5077"":239,""5078"":9,""5079"":1,""5080"":1,""5081"":1,""5082"":440,""5083"":2,""5084"":5,""5085"":1,""5086"":1,""5087"":1,""5088"":3,""5089"":1,""5090"":1,""5091"":2,""5092"":1,""5093"":1,""5094"":1,""5095"":1350,""5096"":4,""5097"":2,""5098"":3,""5099"":1,""5100"":9,""5101"":1,""5102"":1,""5103"":11,""5104"":1,""5105"":1,""5106"":1,""5107"":1,""5108"":5,""5109"":50,""5110"":1,""5111"":6,""5112"":1,""5113"":2,""5114"":25,""5115"":1,""5116"":21,""5117"":1,""5118"":1,""5119"":1,""5120"":5,""5121"":279,""5122"":1,""5123"":1,""5124"":1,""5125"":23,""5126"":2,""5127"":1,""5128"":4,""5129"":2,""5130"":1,""5131"":1,""5132"":1,""5133"":1,""5134"":5,""5135"":2,""5136"":2,""5137"":1,""5138"":1,""5139"":1,""5140"":4,""5141"":1,""5142"":1,""5143"":2,""5144"":3,""5145"":1,""5146"":1,""5147"":1,""5148"":1,""5149"":1,""5150"":1,""5151"":1,""5152"":1,""5153"":1,""5154"":1}",2064
rich,classix,classix_r0.30_m5_distance,"{""group_merging"":""distance"",""mergeScale"":1.5,""mergeTinyGroups"":true,""metric"":""euclidean"",""minPts"":5,""post_alloc"":false,""radius"":0.3,""sorting"":""pca""}",,11719,27,27,0,0.0,0.8048468299342947,True,-0.0978815797229162,1.554428517833521,283.1607233704783,0.36681058403337374,"{""0"":24,""1"":34,""2"":42,""3"":9432,""4"":721,""5"":26,""6"":739,""7"":17,""8"":21,""9"":12,""10"":5,""11"":17,""12"":37,""13"":7,""14"":53,""15"":9,""16"":301,""17"":9,""18"":43,""19"":52,""20"":6,""21"":11,""22"":11,""23"":24,""24"":9,""25"":44,""26"":13}",27
rich,classix,classix_r0.30_m5_density,"{""group_merging"":""density"",""mergeScale"":1.5,""mergeTinyGroups"":true,""metric"":""euclidean"",""minPts"":5,""post_alloc"":false,""radius"":0.3,""sorting"":""pca""}",,11719,64,65,2348,0.20035839235429645,0.31821577206274676,True,0.08066115339394994,1.1388796143997368,381.5575804531737,3.6536814169958234,"{""-1"":2348,""3579"":6,""3597"":5,""3610"":19,""3677"":5,""3718"":16,""3771"":16,""3863"":6,""4067"":6,""4152"":5,""4205"":5,""4224"":11,""4233"":9,""4252"":6,""4312"":7,""4321"":6,""4337"":7,""4431"":5,""4447"":5,""4451"":9,""4461"":7,""4486"":6,""4584"":7,""4627"":6,""4649"":67,""4723"":8,""4728"":6,""4794"":8,""4798"":5,""4822"":76,""4838"":631,""4936"":64,""4938"":5,""4960"":31,""4967"":62,""4974"":1973,""4982"":164,""4996"":5,""5001"":313,""5006"":8,""5016"":18,""5030"":17,""5035"":29,""5043"":7,""5045"":2982,""5055"":169,""5057"":33,""5075"":5,""5076"":23,""5077"":239,""5078"":9,""5082"":440,""5084"":5,""5095"":1350,""5100"":9,""5103"":11,""5108"":5,""5109"":50,""5111"":6,""5114"":25,""5116"":21,""5120"":5,""5121"":279,""5125"":23,""5134"":5}",64
rich,classix,classix_r0.30_m10_distance,"{""group_merging"":""distance"",""mergeScale"":1.5,""mergeTinyGroups"":true,""metric"":""euclidean"",""minPts"":10,""post_alloc"":false,""radius"":0.3,""sorting"":""pca""}",,11719,10,10,0,0.0,0.8091134055806809,True,0.20808313467825365,1.73485757211674,498.0318618326059,0.4526087499689311,"{""0"":9482,""1"":879,""2"":757,""3"":43,""4"":62,""5"":310,""6"":49,""7"":52,""8"":33,""9"":52}",10
rich,classix,classix_r0.30_m10_density,"{""group_merging"":""density"",""mergeScale"":1.5,""mergeTinyGroups"":true,""metric"":""euclidean"",""minPts"":10,""post_alloc"":false,""radius"":0.3,""sorting"":""pca""}",,11719,29,30,2567,0.21904599368546804,0.3258304195804196,True,0.1729950974225624,1.2708967469287713,793.35432939951,4.426551749987993,"{""-1"":2567,""3610"":19,""3718"":16,""3771"":16,""4224"":11,""4649"":67,""4822"":76,""4838"":631,""4936"":64,""4960"":31,""4967"":62,""4974"":1973,""4982"":164,""5001"":313,""5016"":18,""5030"":17,""5035"":29,""5045"":2982,""5055"":169,""5057"":33,""5076"":23,""5077"":239,""5082"":440,""5095"":1350,""5103"":11,""5109"":50,""5114"":25,""5116"":21,""5121"":279,""5125"":23}",29
rich,classix,classix_r0.35_m1_distance,"{""group_merging"":""distance"",""mergeScale"":1.5,""mergeTinyGroups"":true,""metric"":""euclidean"",""minPts"":1,""post_alloc"":false,""radius"":0.35,""sorting"":""pca""}",,11719,547,547,0,0.0,0.839747418721734,True,-0.2489713457985427,0.5056426620793398,17.88637118188824,0.11797141697024927,"{""0"":1,""1"":1,""2"":1,""3"":1,""4"":1,""5"":3,""6"":1,""7"":8,""8"":1,""9"":1,""10"":1,""11"":1,""12"":1,""13"":1,""14"":1,""15"":1,""16"":1,""17"":1,""18"":1,""19"":4,""20"":1,""21"":4,""22"":1,""23"":1,""24"":1,""25"":1,""26"":1,""27"":1,""28"":1,""29"":11,""30"":1,""31"":1,""32"":1,""33"":1,""34"":1,""35"":1,""36"":1,""37"":1,""38"":1,""39"":2,""40"":1,""41"":1,""42"":1,""43"":1,""44"":1,""45"":1,""46"":1,""47"":1,""48"":1,""49"":1,""50"":1,""51"":1,""52"":1,""53"":1,""54"":2,""55"":10,""56"":3,""57"":1,""58"":1,""59"":1,""60"":1,""61"":1,""62"":1,""63"":1,""64"":1,""65"":1,""66"":1,""67"":1,""68"":1,""69"":1,""70"":2,""71"":1,""72"":1,""73"":3,""74"":1,""75"":5,""76"":1,""77"":1,""78"":1,""79"":1,""80"":1,""81"":1,""82"":1,""83"":2,""84"":1,""85"":1,""86"":1,""87"":1,""88"":1,""89"":1,""90"":1,""91"":1,""92"":1,""93"":1,""94"":1,""95"":1,""96"":1,""97"":1,""98"":1,""99"":1,""100"":1,""101"":1,""102"":9841,""103"":2,""104"":1,""105"":1,""106"":1,""107"":1,""108"":1,""109"":1,""110"":1,""111"":2,""112"":1,""113"":1,""114"":1,""115"":1,""116"":2,""117"":1,""118"":1,""119"":2,""120"":1,""121"":1,""122"":2,""123"":1,""124"":1,""125"":2,""126"":1,""127"":1,""128"":6,""129"":3,""130"":1,""131"":1,""132"":1,""133"":1,""134"":2,""135"":1,""136"":1,""137"":1,""138"":1,""139"":1,""140"":1,""141"":1,""142"":1,""143"":1,""144"":1,""145"":1,""146"":1,""147"":1,""148"":1,""149"":1,""150"":1,""151"":1,""152"":1,""153"":1,""154"":1,""155"":1,""156"":1,""157"":1,""158"":1,""159"":1,""160"":2,""161"":1,""162"":1,""163"":1,""164"":1,""165"":1,""166"":1,""167"":1,""168"":1,""169"":1,""170"":1,""171"":1,""172"":1,""173"":1,""174"":1,""175"":3,""176"":1,""177"":4,""178"":1,""179"":2,""180"":1,""181"":1,""182"":1,""183"":1,""184"":1,""185"":2,""186"":1,""187"":1,""188"":1,""189"":1,""190"":1,""191"":1,""192"":1,""193"":1,""194"":1,""195"":1,""196"":1,""197"":1,""198"":1,""199"":1,""200"":1,""201"":1,""202"":2,""203"":2,""204"":1,""205"":1,""206"":1,""207"":2,""208"":2,""209"":1,""210"":1,""211"":1,""212"":1,""213"":3,""214"":2,""215"":10,""216"":1,""217"":1,""218"":1,""219"":1,""220"":1,""221"":1,""222"":1,""223"":2,""224"":1,""225"":1,""226"":1,""227"":1,""228"":1,""229"":1,""230"":1,""231"":1,""232"":1,""233"":1,""234"":1,""235"":1,""236"":1,""237"":1,""238"":1,""239"":5,""240"":2,""241"":1,""242"":1,""243"":1,""244"":1,""245"":1,""246"":2,""247"":1,""248"":1,""249"":1,""250"":1,""251"":2,""252"":1,""253"":1083,""254"":1,""255"":1,""256"":2,""257"":1,""258"":1,""259"":1,""260"":1,""261"":4,""262"":1,""263"":1,""264"":1,""265"":1,""266"":1,""267"":1,""268"":2,""269"":1,""270"":2,""271"":1,""272"":1,""273"":1,""274"":1,""275"":1,""276"":1,""277"":1,""278"":1,""279"":1,""280"":1,""281"":1,""282"":1,""283"":2,""284"":1,""285"":1,""286"":1,""287"":1,""288"":1,""289"":1,""290"":1,""291"":1,""292"":1,""293"":1,""294"":1,""295"":1,""296"":1,""297"":1,""298"":1,""299"":2,""300"":2,""301"":2,""302"":1,""303"":1,""304"":1,""305"":1,""306"":1,""307"":1,""308"":1,""309"":1,""310"":1,""311"":1,""312"":7,""313"":1,""314"":2,""315"":1,""316"":1,""317"":2,""318"":1,""319"":1,""320"":1,""321"":1,""322"":1,""323"":1,""324"":1,""325"":2,""326"":1,""327"":1,""328"":1,""329"":2,""330"":1,""331"":1,""332"":1,""333"":1,""334"":1,""335"":1,""336"":3,""337"":1,""338"":1,""339"":1,""340"":1,""341"":1,""342"":2,""343"":1,""344"":1,""345"":1,""346"":1,""347"":1,""348"":1,""349"":1,""350"":1,""351"":1,""352"":1,""353"":1,""354"":1,""355"":1,""356"":1,""357"":1,""358"":1,""359"":1,""360"":1,""361"":1,""362"":2,""363"":1,""364"":1,""365"":2,""366"":2,""367"":1,""368"":1,""369"":1,""370"":1,""371"":1,""372"":1,""373"":1,""374"":1,""375"":2,""376"":1,""377"":2,""378"":1,""379"":1,""380"":1,""381"":1,""382"":1,""383"":1,""384"":1,""385"":1,""386"":3,""387"":1,""388"":1,""389"":1,""390"":1,""391"":1,""392"":1,""393"":5,""394"":2,""395"":1,""396"":1,""397"":1,""398"":1,""399"":1,""400"":1,""401"":1,""402"":1,""403"":1,""404"":1,""405"":1,""406"":1,""407"":1,""408"":1,""409"":1,""410"":1,""411"":1,""412"":1,""413"":1,""414"":1,""415"":1,""416"":1,""417"":1,""418"":2,""419"":1,""420"":1,""421"":1,""422"":1,""423"":2,""424"":1,""425"":1,""426"":1,""427"":1,""428"":2,""429"":2,""430"":1,""431"":1,""432"":1,""433"":1,""434"":1,""435"":1,""436"":1,""437"":2,""438"":1,""439"":2,""440"":1,""441"":1,""442"":1,""443"":1,""444"":1,""445"":1,""446"":1,""447"":1,""448"":1,""449"":1,""450"":2,""451"":1,""452"":1,""453"":1,""454"":1,""455"":1,""456"":1,""457"":2,""458"":1,""459"":1,""460"":1,""461"":1,""462"":1,""463"":6,""464"":3,""465"":1,""466"":1,""467"":1,""468"":1,""469"":1,""470"":1,""471"":1,""472"":1,""473"":1,""474"":1,""475"":1,""476"":2,""477"":1,""478"":1,""479"":1,""480"":2,""481"":1,""482"":1,""483"":2,""484"":1,""485"":1,""486"":1,""487"":2,""488"":6,""489"":1,""490"":1,""491"":1,""492"":1,""493"":1,""494"":1,""495"":1,""496"":1,""497"":1,""498"":1,""499"":2,""500"":1,""501"":1,""502"":2,""503"":1,""504"":1,""505"":32,""506"":1,""507"":1,""508"":1,""509"":6,""510"":3,""511"":10,""512"":1,""513"":6,""514"":2,""515"":26,""516"":1,""517"":1,""518"":1,""519"":4,""520"":1,""521"":1,""522"":2,""523"":2,""524"":1,""525"":1,""526"":1,""527"":1,""528"":5,""529"":3,""530"":2,""531"":1,""532"":1,""533"":4,""534"":1,""535"":1,""536"":2,""537"":3,""538"":1,""539"":1,""540"":1,""541"":2,""542"":1,""543"":1,""544"":1,""545"":1,""546"":1}",547
rich,classix,classix_r0.35_m1_density,"{""group_merging"":""density"",""mergeScale"":1.5,""mergeTinyGroups"":true,""metric"":""euclidean"",""minPts"":1,""post_alloc"":false,""radius"":0.35,""sorting"":""pca""}",,11719,1535,1535,0,0.0,0.4311801348237904,True,-0.16087985253491216,0.6281308085604769,20.923545703590843,3.8678775840089656,"{""2548"":1,""2549"":1,""2550"":1,""2551"":1,""2552"":1,""2553"":1,""2554"":1,""2555"":1,""2556"":1,""2557"":1,""2558"":1,""2559"":1,""2560"":1,""2561"":1,""2562"":1,""2563"":1,""2564"":1,""2565"":1,""2566"":1,""2567"":1,""2568"":1,""2569"":6,""2570"":1,""2571"":1,""2572"":1,""2573"":1,""2574"":1,""2575"":1,""2576"":1,""2577"":1,""2578"":1,""2579"":1,""2580"":1,""2581"":1,""2582"":1,""2583"":1,""2584"":3,""2585"":1,""2586"":2,""2587"":1,""2588"":1,""2589"":1,""2590"":1,""2591"":1,""2592"":1,""2593"":1,""2594"":3,""2595"":1,""2596"":1,""2597"":2,""2598"":1,""2599"":1,""2600"":1,""2601"":1,""2602"":1,""2603"":1,""2604"":1,""2605"":1,""2606"":1,""2607"":1,""2608"":1,""2609"":1,""2610"":1,""2611"":1,""2612"":1,""2613"":1,""2614"":1,""2615"":1,""2616"":1,""2617"":1,""2618"":1,""2619"":1,""2620"":1,""2621"":1,""2622"":1,""2623"":1,""2624"":1,""2625"":1,""2626"":1,""2627"":1,""2628"":1,""2629"":1,""2630"":1,""2631"":1,""2632"":1,""2633"":1,""2634"":1,""2635"":1,""2636"":1,""2637"":1,""2638"":1,""2639"":1,""2640"":1,""2641"":1,""2642"":4,""2643"":1,""2644"":1,""2645"":1,""2646"":1,""2647"":1,""2648"":1,""2649"":1,""2650"":1,""2651"":1,""2652"":1,""2653"":1,""2654"":1,""2655"":1,""2656"":1,""2657"":1,""2658"":1,""2659"":1,""2660"":1,""2661"":1,""2662"":1,""2663"":1,""2664"":2,""2665"":1,""2666"":1,""2667"":1,""2668"":1,""2669"":1,""2670"":1,""2671"":1,""2672"":1,""2673"":1,""2674"":1,""2675"":1,""2676"":1,""2677"":1,""2678"":1,""2679"":1,""2680"":1,""2681"":2,""2682"":1,""2683"":1,""2684"":1,""2685"":1,""2686"":1,""2687"":1,""2688"":1,""2689"":1,""2690"":1,""2691"":1,""2692"":1,""2693"":1,""2694"":1,""2695"":1,""2696"":1,""2697"":1,""2698"":1,""2699"":1,""2700"":1,""2701"":1,""2702"":2,""2703"":1,""2704"":1,""2705"":1,""2706"":1,""2707"":1,""2708"":1,""2709"":1,""2710"":1,""2711"":1,""2712"":1,""2713"":1,""2714"":1,""2715"":1,""2716"":1,""2717"":1,""2718"":1,""2719"":1,""2720"":1,""2721"":1,""2722"":1,""2723"":1,""2724"":1,""2725"":2,""2726"":1,""2727"":1,""2728"":1,""2729"":1,""2730"":2,""2731"":1,""2732"":1,""2733"":1,""2734"":1,""2735"":1,""2736"":1,""2737"":1,""2738"":1,""2739"":1,""2740"":1,""2741"":1,""2742"":1,""2743"":1,""2744"":1,""2745"":1,""2746"":1,""2747"":1,""2748"":2,""2749"":1,""2750"":1,""2751"":1,""2752"":1,""2753"":1,""2754"":1,""2755"":1,""2756"":1,""2757"":1,""2758"":1,""2759"":1,""2760"":1,""2761"":1,""2762"":1,""2763"":1,""2764"":1,""2765"":1,""2766"":1,""2767"":1,""2768"":1,""2769"":1,""2770"":1,""2771"":1,""2772"":1,""2773"":1,""2774"":1,""2775"":1,""2776"":1,""2777"":1,""2778"":1,""2779"":1,""2780"":1,""2781"":1,""2782"":1,""2783"":1,""2784"":1,""2785"":1,""2786"":1,""2787"":1,""2788"":1,""2789"":2,""2790"":1,""2791"":1,""2792"":1,""2793"":1,""2794"":1,""2795"":1,""2796"":1,""2797"":1,""2798"":1,""2799"":1,""2800"":1,""2801"":1,""2802"":1,""2803"":1,""2804"":1,""2805"":1,""2806"":1,""2807"":1,""2808"":1,""2809"":1,""2810"":1,""2811"":1,""2812"":1,""2813"":1,""2814"":1,""2815"":1,""2816"":1,""2817"":1,""2818"":1,""2819"":1,""2820"":1,""2821"":1,""2822"":1,""2823"":1,""2824"":2,""2825"":1,""2826"":4,""2827"":1,""2828"":1,""2829"":1,""2830"":1,""2831"":1,""2832"":1,""2833"":1,""2834"":1,""2835"":1,""2836"":2,""2837"":1,""2838"":1,""2839"":1,""2840"":1,""2841"":1,""2842"":7,""2843"":1,""2844"":1,""2845"":1,""2846"":1,""2847"":1,""2848"":1,""2849"":1,""2850"":1,""2851"":1,""2852"":1,""2853"":1,""2854"":1,""2855"":1,""2856"":1,""2857"":1,""2858"":1,""2859"":1,""2860"":1,""2861"":1,""2862"":1,""2863"":1,""2864"":1,""2865"":1,""2866"":1,""2867"":1,""2868"":3,""2869"":1,""2870"":1,""2871"":1,""2872"":1,""2873"":1,""2874"":1,""2875"":4,""2876"":3,""2877"":1,""2878"":1,""2879"":1,""2880"":2,""2881"":1,""2882"":1,""2883"":1,""2884"":1,""2885"":1,""2886"":1,""2887"":1,""2888"":1,""2889"":1,""2890"":1,""2891"":1,""2892"":1,""2893"":1,""2894"":1,""2895"":1,""2896"":1,""2897"":1,""2898"":1,""2899"":1,""2900"":2,""2901"":1,""2902"":1,""2903"":1,""2904"":1,""2905"":1,""2906"":1,""2907"":1,""2908"":1,""2909"":1,""2910"":2,""2911"":1,""2912"":1,""2913"":1,""2914"":1,""2915"":1,""2916"":1,""2917"":1,""2918"":1,""2919"":1,""2920"":1,""2921"":1,""2922"":1,""2923"":1,""2924"":1,""2925"":1,""2926"":1,""2927"":2,""2928"":1,""2929"":2,""2930"":1,""2931"":1,""2932"":1,""2933"":1,""2934"":1,""2935"":1,""2936"":1,""2937"":1,""2938"":1,""2939"":1,""2940"":1,""2941"":1,""2942"":1,""2943"":1,""2944"":1,""2945"":1,""2946"":1,""2947"":1,""2948"":1,""2949"":2,""2950"":1,""2951"":2,""2952"":1,""2953"":1,""2954"":1,""2955"":5,""2956"":1,""2957"":1,""2958"":1,""2959"":1,""2960"":1,""2961"":1,""2962"":1,""2963"":1,""2964"":1,""2965"":1,""2966"":1,""2967"":1,""2968"":1,""2969"":1,""2970"":1,""2971"":1,""2972"":1,""2973"":4,""2974"":1,""2975"":3,""2976"":1,""2977"":1,""2978"":1,""2979"":1,""2980"":1,""2981"":1,""2982"":3,""2983"":1,""2984"":2,""2985"":1,""2986"":1,""2987"":1,""2988"":1,""2989"":1,""2990"":1,""2991"":1,""2992"":1,""2993"":1,""2994"":1,""2995"":1,""2996"":1,""2997"":1,""2998"":1,""2999"":1,""3000"":1,""3001"":1,""3002"":1,""3003"":1,""3004"":2,""3005"":1,""3006"":1,""3007"":1,""3008"":1,""3009"":1,""3010"":1,""3011"":1,""3012"":1,""3013"":3,""3014"":2,""3015"":1,""3016"":1,""3017"":1,""3018"":1,""3019"":2,""3020"":1,""3021"":1,""3022"":1,""3023"":1,""3024"":1,""3025"":2,""3026"":1,""3027"":1,""3028"":11,""3029"":1,""3030"":1,""3031"":1,""3032"":1,""3033"":1,""3034"":1,""3035"":3,""3036"":1,""3037"":1,""3038"":1,""3039"":1,""3040"":1,""3041"":1,""3042"":1,""3043"":1,""3044"":1,""3045"":1,""3046"":1,""3047"":1,""3048"":1,""3049"":1,""3050"":1,""3051"":1,""3052"":1,""3053"":1,""3054"":1,""3055"":1,""3056"":1,""3057"":2,""3058"":1,""3059"":2,""3060"":1,""3061"":1,""3062"":2,""3063"":1,""3064"":1,""3065"":15,""3066"":1,""3067"":1,""3068"":1,""3069"":1,""3070"":3,""3071"":2,""3072"":1,""3073"":1,""3074"":1,""3075"":1,""3076"":1,""3077"":3,""3078"":1,""3079"":1,""3080"":3,""3081"":1,""3082"":1,""3083"":1,""3084"":1,""3085"":1,""3086"":1,""3087"":2,""3088"":1,""3089"":1,""3090"":1,""3091"":2,""3092"":1,""3093"":1,""3094"":1,""3095"":1,""3096"":1,""3097"":1,""3098"":1,""3099"":29,""3100"":1,""3101"":1,""3102"":1,""3103"":1,""3104"":2,""3105"":1,""3106"":1,""3107"":1,""3108"":1,""3109"":1,""3110"":1,""3111"":1,""3112"":1,""3113"":1,""3114"":1,""3115"":1,""3116"":1,""3117"":2,""3118"":1,""3119"":1,""3120"":1,""3121"":1,""3122"":1,""3123"":1,""3124"":1,""3125"":1,""3126"":3,""3127"":1,""3128"":1,""3129"":6,""3130"":1,""3131"":1,""3132"":1,""3133"":1,""3134"":1,""3135"":3,""3136"":1,""3137"":1,""3138"":1,""3139"":1,""3140"":1,""3141"":1,""3142"":3,""3143"":1,""3144"":1,""3145"":1,""3146"":1,""3147"":2,""3148"":1,""3149"":2,""3150"":1,""3151"":1,""3152"":1,""3153"":1,""3154"":1,""3155"":2,""3156"":2,""3157"":1,""3158"":1,""3159"":1,""3160"":1,""3161"":1,""3162"":1,""3163"":1,""3164"":2,""3165"":1,""3166"":1,""3167"":1,""3168"":1,""3169"":2,""3170"":1,""3171"":1,""3172"":1,""3173"":1,""3174"":1,""3175"":1,""3176"":1,""3177"":1,""3178"":1,""3179"":1,""3180"":2,""3181"":1,""3182"":1,""3183"":1,""3184"":2,""3185"":1,""3186"":1,""3187"":1,""3188"":1,""3189"":1,""3190"":2,""3191"":1,""3192"":1,""3193"":1,""3194"":1,""3195"":1,""3196"":1,""3197"":1,""3198"":1,""3199"":1,""3200"":1,""3201"":1,""3202"":1,""3203"":1,""3204"":1,""3205"":1,""3206"":1,""3207"":1,""3208"":1,""3209"":1,""3210"":1,""3211"":1,""3212"":3,""3213"":1,""3214"":2,""3215"":1,""3216"":1,""3217"":1,""3218"":1,""3219"":1,""3220"":1,""3221"":1,""3222"":1,""3223"":1,""3224"":1,""3225"":1,""3226"":1,""3227"":1,""3228"":1,""3229"":1,""3230"":1,""3231"":1,""3232"":1,""3233"":1,""3234"":1,""3235"":1,""3236"":1,""3237"":1,""3238"":1,""3239"":1,""3240"":1,""3241"":1,""3242"":2,""3243"":1,""3244"":1,""3245"":1,""3246"":1,""3247"":3,""3248"":1,""3249"":1,""3250"":2,""3251"":1,""3252"":1,""3253"":1,""3254"":1,""3255"":3,""3256"":1,""3257"":1,""3258"":1,""3259"":1,""3260"":1,""3261"":1,""3262"":1,""3263"":1,""3264"":1,""3265"":1,""3266"":2,""3267"":1,""3268"":1,""3269"":1,""3270"":1,""3271"":6,""3272"":2,""3273"":1,""3274"":1,""3275"":1,""3276"":1,""3277"":1,""3278"":1,""3279"":2,""3280"":1,""3281"":1,""3282"":1,""3283"":1,""3284"":1,""3285"":1,""3286"":1,""3287"":3,""3288"":1,""3289"":1,""3290"":1,""3291"":1,""3292"":1,""3293"":1,""3294"":1,""3295"":1,""3296"":1,""3297"":1,""3298"":1,""3299"":1,""3300"":1,""3301"":1,""3302"":1,""3303"":2,""3304"":1,""3305"":3,""3306"":1,""3307"":2,""3308"":2,""3309"":1,""3310"":1,""3311"":3,""3312"":1,""3313"":1,""3314"":1,""3315"":2,""3316"":1,""3317"":1,""3318"":1,""3319"":2,""3320"":2,""3321"":1,""3322"":1,""3323"":1,""3324"":1,""3325"":1,""3326"":1,""3327"":3,""3328"":1,""3329"":1,""3330"":1,""3331"":1,""3332"":1,""3333"":1,""3334"":1,""3335"":1,""3336"":1,""3337"":1,""3338"":1,""3339"":2,""3340"":1,""3341"":1,""3342"":2,""3343"":1,""3344"":1,""3345"":1,""3346"":1,""3347"":1,""3348"":1,""3349"":2,""3350"":1,""3351"":1,""3352"":1,""3353"":1,""3354"":1,""3355"":2,""3356"":1,""3357"":1,""3358"":1,""3359"":3,""3360"":1,""3361"":1,""3362"":7,""3363"":1,""3364"":1,""3365"":1,""3366"":1,""3367"":1,""3368"":1,""3369"":1,""3370"":2,""3371"":1,""3372"":2,""3373"":1,""3374"":1,""3375"":1,""3376"":1,""3377"":1,""3378"":1,""3379"":1,""3380"":1,""3381"":1,""3382"":1,""3383"":4,""3384"":1,""3385"":1,""3386"":1,""3387"":1,""3388"":6,""3389"":1,""3390"":3,""3391"":1,""3392"":1,""3393"":1,""3394"":1,""3395"":1,""3396"":1,""3397"":1,""3398"":1,""3399"":1,""3400"":1,""3401"":1,""3402"":1,""3403"":1,""3404"":1,""3405"":3,""3406"":1,""3407"":1,""3408"":1,""3409"":1,""3410"":9,""3411"":1,""3412"":3,""3413"":1,""3414"":1,""3415"":1,""3416"":1,""3417"":1,""3418"":1,""3419"":1,""3420"":1,""3421"":1,""3422"":1,""3423"":4,""3424"":1,""3425"":1,""3426"":1,""3427"":1,""3428"":3,""3429"":1,""3430"":2,""3431"":1,""3432"":1,""3433"":1,""3434"":1,""3435"":1,""3436"":1,""3437"":1,""3438"":1,""3439"":1,""3440"":1,""3441"":1,""3442"":1,""3443"":1,""3444"":1,""3445"":1,""3446"":1,""3447"":1,""3448"":1,""3449"":1,""3450"":1,""3451"":1,""3452"":1,""3453"":1,""3454"":2,""3455"":1,""3456"":1,""3457"":1,""3458"":1,""3459"":1,""3460"":1,""3461"":1,""3462"":1,""3463"":1,""3464"":1,""3465"":2,""3466"":1,""3467"":1,""3468"":1,""3469"":1,""3470"":1,""3471"":1,""3472"":1,""3473"":1,""3474"":1,""3475"":1,""3476"":1,""3477"":1,""3478"":1,""3479"":1,""3480"":1,""3481"":2,""3482"":1,""3483"":1,""3484"":1,""3485"":1,""3486"":1,""3487"":1,""3488"":1,""3489"":5,""3490"":1,""3491"":1,""3492"":1,""3493"":1,""3494"":1,""3495"":1,""3496"":1,""3497"":1,""3498"":1,""3499"":1,""3500"":1,""3501"":14,""3502"":5,""3503"":2,""3504"":1,""3505"":1,""3506"":1,""3507"":1,""3508"":1,""3509"":1,""3510"":1,""3511"":1,""3512"":1,""3513"":1,""3514"":1,""3515"":2,""3516"":1,""3517"":2,""3518"":1,""3519"":1,""3520"":1,""3521"":1,""3522"":1,""3523"":1,""3524"":1,""3525"":1,""3526"":2,""3527"":1,""3528"":1,""3529"":1,""3530"":1,""3531"":1,""3532"":1,""3533"":1,""3534"":1,""3535"":1,""3536"":1,""3537"":2,""3538"":1,""3539"":1,""3540"":1,""3541"":1,""3542"":1,""3543"":1,""3544"":1,""3545"":2,""3546"":1,""3547"":1,""3548"":1,""3549"":1,""3550"":1,""3551"":1,""3552"":1,""3553"":1,""3554"":1,""3555"":1,""3556"":1,""3557"":2,""3558"":2,""3559"":1,""3560"":1,""3561"":1,""3562"":2,""3563"":1,""3564"":1,""3565"":1,""3566"":1,""3567"":1,""3568"":1,""3569"":1,""3570"":1,""3571"":2,""3572"":1,""3573"":1,""3574"":1,""3575"":1,""3576"":1,""3577"":1,""3578"":1,""3579"":1,""3580"":3,""3581"":1,""3582"":1,""3583"":1,""3584"":1,""3585"":1,""3586"":1,""3587"":2,""3588"":1,""3589"":1,""3590"":1,""3591"":1,""3592"":1,""3593"":12,""3594"":1,""3595"":1,""3596"":1,""3597"":1,""3598"":1,""3599"":1,""3600"":2,""3601"":1,""3602"":1,""3603"":1,""3604"":1,""3605"":1,""3606"":1,""3607"":1,""3608"":4,""3609"":2,""3610"":1,""3611"":2,""3612"":1,""3613"":1,""3614"":1,""3615"":1,""3616"":1,""3617"":1,""3618"":1,""3619"":1,""3620"":1,""3621"":1,""3622"":1,""3623"":3,""3624"":1,""3625"":1,""3626"":2,""3627"":2,""3628"":1,""3629"":1,""3630"":1,""3631"":1,""3632"":1,""3633"":1,""3634"":1,""3635"":1,""3636"":2,""3637"":1,""3638"":5,""3639"":1,""3640"":1,""3641"":5,""3642"":1,""3643"":1,""3644"":1,""3645"":1,""3646"":1,""3647"":28,""3648"":1,""3649"":1,""3650"":1,""3651"":1,""3652"":1,""3653"":1,""3654"":1,""3655"":1,""3656"":1,""3657"":1,""3658"":1,""3659"":1,""3660"":1,""3661"":1,""3662"":1,""3663"":1,""3664"":1,""3665"":10,""3666"":1,""3667"":1,""3668"":1,""3669"":1,""3670"":1,""3671"":1,""3672"":1,""3673"":1,""3674"":1,""3675"":1,""3676"":1,""3677"":1,""3678"":1,""3679"":2,""3680"":2,""3681"":1,""3682"":1,""3683"":1,""3684"":1,""3685"":1,""3686"":1,""3687"":1,""3688"":1,""3689"":1,""3690"":2,""3691"":3,""3692"":1,""3693"":1,""3694"":1,""3695"":1,""3696"":2,""3697"":1,""3698"":6,""3699"":1,""3700"":1,""3701"":1,""3702"":1,""3703"":1,""3704"":1,""3705"":1,""3706"":1,""3707"":1,""3708"":1,""3709"":1,""3710"":1,""3711"":1,""3712"":1,""3713"":1,""3714"":1,""3715"":1,""3716"":1,""3717"":1,""3718"":1,""3719"":1,""3720"":1,""3721"":1,""3722"":1,""3723"":2,""3724"":1,""3725"":1,""3726"":2,""3727"":1,""3728"":1,""3729"":2,""3730"":1,""3731"":1,""3732"":1,""3733"":1,""3734"":2,""3735"":1,""3736"":1,""3737"":1,""3738"":1,""3739"":1,""3740"":1,""3741"":1,""3742"":1,""3743"":1,""3744"":1,""3745"":1,""3746"":1,""3747"":1,""3748"":1,""3749"":1,""3750"":1,""3751"":2,""3752"":2,""3753"":1,""3754"":1,""3755"":1,""3756"":1,""3757"":1,""3758"":1,""3759"":1,""3760"":1,""3761"":1,""3762"":1,""3763"":1,""3764"":1,""3765"":2,""3766"":1,""3767"":2,""3768"":2,""3769"":1,""3770"":1,""3771"":1,""3772"":1,""3773"":1,""3774"":1,""3775"":5,""3776"":1,""3777"":1,""3778"":1,""3779"":1,""3780"":2,""3781"":1,""3782"":1,""3783"":1,""3784"":1,""3785"":1,""3786"":1,""3787"":2,""3788"":2,""3789"":3,""3790"":1,""3791"":1,""3792"":1,""3793"":1,""3794"":1,""3795"":1,""3796"":1,""3797"":1,""3798"":1,""3799"":1,""3800"":1,""3801"":1,""3802"":1,""3803"":1,""3804"":1,""3805"":1,""3806"":1,""3807"":1,""3808"":1,""3809"":1,""3810"":2,""3811"":2,""3812"":1,""3813"":1,""3814"":1,""3815"":1,""3816"":1,""3817"":1,""3818"":1,""3819"":1,""3820"":1,""3821"":1,""3822"":1,""3823"":5,""3824"":1,""3825"":1,""3826"":1,""3827"":1,""3828"":1,""3829"":1,""3830"":1,""3831"":1,""3832"":1,""3833"":2,""3834"":1,""3835"":1,""3836"":2,""3837"":2,""3838"":1,""3839"":1,""3840"":1,""3841"":1,""3842"":1,""3843"":1,""3844"":1,""3845"":1,""3846"":2,""3847"":3,""3848"":1,""3849"":1,""3850"":1,""3851"":1,""3852"":1,""3853"":1,""3854"":1,""3855"":1,""3856"":3,""3857"":1,""3858"":1,""3859"":1,""3860"":1,""3861"":1,""3862"":2,""3863"":1,""3864"":61,""3865"":1,""3866"":2,""3867"":1,""3868"":1,""3869"":1,""3870"":5,""3871"":1,""3872"":1,""3873"":1,""3874"":2,""3875"":1,""3876"":3,""3877"":2,""3878"":1,""3879"":3,""3880"":1,""3881"":1,""3882"":1,""3883"":207,""3884"":2,""3885"":11,""3886"":1,""3887"":2,""3888"":1,""3889"":1,""3890"":1,""3891"":1,""3892"":1,""3893"":1,""3894"":1,""3895"":1,""3896"":1,""3897"":1,""3898"":1,""3899"":6,""3900"":1,""3901"":1,""3902"":2,""3903"":1,""3904"":2,""3905"":1,""3906"":1,""3907"":1,""3908"":1,""3909"":1,""3910"":1,""3911"":1,""3912"":1,""3913"":1,""3914"":2,""3915"":1,""3916"":1,""3917"":1,""3918"":1,""3919"":2,""3920"":3,""3921"":1,""3922"":1,""3923"":1,""3924"":1,""3925"":2,""3926"":1,""3927"":34,""3928"":3,""3929"":1,""3930"":1,""3931"":1,""3932"":1,""3933"":1,""3934"":1,""3935"":23,""3936"":1,""3937"":1,""3938"":2,""3939"":1040,""3940"":1,""3941"":1,""3942"":1,""3943"":1,""3944"":1,""3945"":1,""3946"":1,""3947"":1,""3948"":1,""3949"":1,""3950"":1,""3951"":8,""3952"":1,""3953"":1,""3954"":18,""3955"":1,""3956"":1,""3957"":1,""3958"":1,""3959"":1,""3960"":1,""3961"":1,""3962"":1,""3963"":1,""3964"":26,""3965"":2,""3966"":2,""3967"":4,""3968"":1,""3969"":1,""3970"":2,""3971"":3,""3972"":1,""3973"":1,""3974"":1,""3975"":1,""3976"":23,""3977"":1,""3978"":1,""3979"":1,""3980"":35,""3981"":1,""3982"":1,""3983"":1,""3984"":503,""3985"":1,""3986"":5053,""3987"":5,""3988"":1,""3989"":1,""3990"":1,""3991"":10,""3992"":1,""3993"":2,""3994"":1,""3995"":15,""3996"":1,""3997"":2,""3998"":1,""3999"":2,""4000"":1,""4001"":1,""4002"":1,""4003"":1,""4004"":1,""4005"":1,""4006"":1,""4007"":1,""4008"":1,""4009"":1,""4010"":1,""4011"":1,""4012"":251,""4013"":1,""4014"":1,""4015"":629,""4016"":2,""4017"":7,""4018"":1,""4019"":1,""4020"":1,""4021"":3,""4022"":1,""4023"":1,""4024"":2,""4025"":1,""4026"":1,""4027"":1,""4028"":1383,""4029"":4,""4030"":2,""4031"":3,""4032"":1,""4033"":1,""4034"":1,""4035"":1,""4036"":1,""4037"":10,""4038"":1,""4039"":50,""4040"":6,""4041"":1,""4042"":2,""4043"":25,""4044"":1,""4045"":33,""4046"":1,""4047"":1,""4048"":1,""4049"":6,""4050"":277,""4051"":1,""4052"":2,""4053"":23,""4054"":2,""4055"":1,""4056"":4,""4057"":2,""4058"":1,""4059"":1,""4060"":1,""4061"":1,""4062"":5,""4063"":2,""4064"":2,""4065"":1,""4066"":1,""4067"":1,""4068"":4,""4069"":1,""4070"":1,""4071"":2,""4072"":3,""4073"":1,""4074"":1,""4075"":1,""4076"":1,""4077"":1,""4078"":1,""4079"":1,""4080"":1,""4081"":1,""4082"":1}",1535
rich,classix,classix_r0.35_m5_distance,"{""group_merging"":""distance"",""mergeScale"":1.5,""mergeTinyGroups"":true,""metric"":""euclidean"",""minPts"":5,""post_alloc"":false,""radius"":0.35,""sorting"":""pca""}",,11719,19,19,0,0.0,0.8761839747418722,True,0.1403346695242905,1.302299391931737,316.86243346684523,0.2383153749979101,"{""0"":22,""1"":30,""2"":25,""3"":39,""4"":10268,""5"":12,""6"":25,""7"":21,""8"":1109,""9"":14,""10"":8,""11"":9,""12"":10,""13"":41,""14"":8,""15"":10,""16"":10,""17"":45,""18"":13}",19
rich,classix,classix_r0.35_m5_density,"{""group_merging"":""density"",""mergeScale"":1.5,""mergeTinyGroups"":true,""metric"":""euclidean"",""minPts"":5,""post_alloc"":false,""radius"":0.35,""sorting"":""pca""}",,11719,53,54,1724,0.14711152828739654,0.5055527763881941,True,-0.06753435849000103,1.2655689269268968,240.49770873253522,4.249934917024802,"{""-1"":1724,""2569"":6,""2842"":7,""2955"":5,""3028"":11,""3065"":15,""3099"":29,""3129"":6,""3271"":6,""3362"":7,""3388"":6,""3410"":9,""3489"":5,""3501"":14,""3502"":5,""3593"":12,""3638"":5,""3641"":5,""3647"":28,""3665"":10,""3698"":6,""3775"":5,""3823"":5,""3864"":61,""3870"":5,""3883"":207,""3885"":11,""3899"":6,""3927"":34,""3935"":23,""3939"":1040,""3951"":8,""3954"":18,""3964"":26,""3976"":23,""3980"":35,""3984"":503,""3986"":5053,""3987"":5,""3991"":10,""3995"":15,""4012"":251,""4015"":629,""4017"":7,""4028"":1383,""4037"":10,""4039"":50,""4040"":6,""4043"":25,""4045"":33,""4049"":6,""4050"":277,""4053"":23,""4062"":5}",53
rich,classix,classix_r0.35_m10_distance,"{""group_merging"":""distance"",""mergeScale"":1.5,""mergeTinyGroups"":true,""metric"":""euclidean"",""minPts"":10,""post_alloc"":false,""radius"":0.35,""sorting"":""pca""}",,11719,8,8,0,0.0,0.8831811588019456,True,0.2099979551648828,1.0553632782128632,665.0768513169475,0.2566056669456884,"{""0"":52,""1"":32,""2"":10350,""3"":31,""4"":1144,""5"":41,""6"":17,""7"":52}",8
rich,classix,classix_r0.35_m10_density,"{""group_merging"":""density"",""mergeScale"":1.5,""mergeTinyGroups"":true,""metric"":""euclidean"",""minPts"":10,""post_alloc"":false,""radius"":0.35,""sorting"":""pca""}",,11719,30,31,1860,0.15871661404556703,0.5125266254183994,True,-0.029440476608020457,1.4416228766536792,386.34323854053093,4.488361041992903,"{""-1"":1860,""3028"":11,""3065"":15,""3099"":29,""3501"":14,""3593"":12,""3647"":28,""3665"":10,""3864"":61,""3883"":207,""3885"":11,""3927"":34,""3935"":23,""3939"":1040,""3954"":18,""3964"":26,""3976"":23,""3980"":35,""3984"":503,""3986"":5053,""3991"":10,""3995"":15,""4012"":251,""4015"":629,""4028"":1383,""4037"":10,""4039"":50,""4043"":25,""4045"":33,""4050"":277,""4053"":23}",30
rich,classix,classix_r0.40_m1_distance,"{""group_merging"":""distance"",""mergeScale"":1.5,""mergeTinyGroups"":true,""metric"":""euclidean"",""minPts"":1,""post_alloc"":false,""radius"":0.4,""sorting"":""pca""}",,11719,375,375,0,0.0,0.8544244389453025,True,-0.1370327989899512,0.5005157612194829,23.31735760713087,0.10121300001628697,"{""0"":1,""1"":1,""2"":1,""3"":1,""4"":12,""5"":1,""6"":1,""7"":3,""8"":1,""9"":1,""10"":1,""11"":1,""12"":1,""13"":1,""14"":2,""15"":4,""16"":1,""17"":16,""18"":1,""19"":1,""20"":1,""21"":1,""22"":1,""23"":1,""24"":1,""25"":1,""26"":4,""27"":1,""28"":1,""29"":1,""30"":2,""31"":1,""32"":1,""33"":1,""34"":1,""35"":1,""36"":1,""37"":1,""38"":1,""39"":2,""40"":1,""41"":1,""42"":1,""43"":1,""44"":2,""45"":14,""46"":1,""47"":1,""48"":1,""49"":1,""50"":1,""51"":1,""52"":6,""53"":1,""54"":1,""55"":1,""56"":1,""57"":1,""58"":3,""59"":2,""60"":2,""61"":1,""62"":1,""63"":1,""64"":2,""65"":1,""66"":1,""67"":2,""68"":1,""69"":1,""70"":1,""71"":1,""72"":1,""73"":10013,""74"":1,""75"":2,""76"":1,""77"":1,""78"":1,""79"":1,""80"":1,""81"":1,""82"":3,""83"":1,""84"":2,""85"":1,""86"":1,""87"":1,""88"":1,""89"":2,""90"":1,""91"":1,""92"":1,""93"":1,""94"":1,""95"":1,""96"":1,""97"":1,""98"":1,""99"":1,""100"":1,""101"":16,""102"":2,""103"":4,""104"":1,""105"":2,""106"":1,""107"":1,""108"":1,""109"":1,""110"":5,""111"":1,""112"":1,""113"":1,""114"":1,""115"":1,""116"":1,""117"":1,""118"":1,""119"":1,""120"":1,""121"":1,""122"":1,""123"":1,""124"":1,""125"":1,""126"":1,""127"":1,""128"":3,""129"":1,""130"":1,""131"":1,""132"":1,""133"":1,""134"":1,""135"":1,""136"":1,""137"":1,""138"":2,""139"":1,""140"":1,""141"":1,""142"":1,""143"":1,""144"":4,""145"":1,""146"":1,""147"":1,""148"":4,""149"":1,""150"":1,""151"":2,""152"":1,""153"":1,""154"":1,""155"":1,""156"":2,""157"":1,""158"":1,""159"":1,""160"":1,""161"":1,""162"":1,""163"":1,""164"":1,""165"":1,""166"":1,""167"":1,""168"":1,""169"":1,""170"":1,""171"":1,""172"":1,""173"":1,""174"":1,""175"":2,""176"":1,""177"":1073,""178"":1,""179"":1,""180"":1,""181"":4,""182"":1,""183"":1,""184"":1,""185"":1,""186"":2,""187"":1,""188"":1,""189"":1,""190"":1,""191"":1,""192"":1,""193"":1,""194"":1,""195"":1,""196"":1,""197"":1,""198"":1,""199"":1,""200"":2,""201"":1,""202"":1,""203"":1,""204"":1,""205"":1,""206"":1,""207"":1,""208"":2,""209"":1,""210"":1,""211"":2,""212"":1,""213"":1,""214"":1,""215"":1,""216"":1,""217"":1,""218"":1,""219"":2,""220"":1,""221"":1,""222"":1,""223"":2,""224"":1,""225"":1,""226"":1,""227"":1,""228"":2,""229"":1,""230"":1,""231"":1,""232"":1,""233"":1,""234"":1,""235"":1,""236"":1,""237"":1,""238"":1,""239"":1,""240"":1,""241"":1,""242"":1,""243"":1,""244"":1,""245"":1,""246"":1,""247"":1,""248"":1,""249"":1,""250"":1,""251"":1,""252"":1,""253"":1,""254"":1,""255"":1,""256"":1,""257"":1,""258"":1,""259"":1,""260"":1,""261"":1,""262"":1,""263"":2,""264"":1,""265"":1,""266"":1,""267"":1,""268"":1,""269"":1,""270"":1,""271"":1,""272"":2,""273"":1,""274"":1,""275"":1,""276"":5,""277"":1,""278"":2,""279"":1,""280"":1,""281"":2,""282"":1,""283"":1,""284"":1,""285"":1,""286"":1,""287"":1,""288"":1,""289"":1,""290"":1,""291"":1,""292"":1,""293"":1,""294"":1,""295"":1,""296"":1,""297"":1,""298"":2,""299"":1,""300"":1,""301"":1,""302"":1,""303"":3,""304"":1,""305"":1,""306"":1,""307"":1,""308"":1,""309"":1,""310"":1,""311"":1,""312"":1,""313"":1,""314"":2,""315"":1,""316"":1,""317"":1,""318"":1,""319"":1,""320"":2,""321"":1,""322"":2,""323"":1,""324"":1,""325"":1,""326"":1,""327"":1,""328"":1,""329"":1,""330"":1,""331"":5,""332"":2,""333"":50,""334"":1,""335"":1,""336"":2,""337"":1,""338"":23,""339"":1,""340"":3,""341"":1,""342"":7,""343"":32,""344"":2,""345"":1,""346"":1,""347"":1,""348"":1,""349"":1,""350"":2,""351"":2,""352"":1,""353"":1,""354"":1,""355"":1,""356"":5,""357"":3,""358"":2,""359"":1,""360"":1,""361"":4,""362"":1,""363"":1,""364"":2,""365"":3,""366"":1,""367"":1,""368"":1,""369"":2,""370"":1,""371"":1,""372"":1,""373"":1,""374"":1}",375
rich,classix,classix_r0.40_m1_density,"{""group_merging"":""density"",""mergeScale"":1.5,""mergeTinyGroups"":true,""metric"":""euclidean"",""minPts"":1,""post_alloc"":false,""radius"":0.4,""sorting"":""pca""}",,11719,1135,1135,0,0.0,0.6128509258469153,True,-0.19068126223927764,0.5744966305302759,18.3202440231949,4.26080433302559,"{""2097"":1,""2098"":1,""2099"":1,""2100"":1,""2101"":1,""2102"":1,""2103"":1,""2104"":1,""2105"":1,""2106"":1,""2107"":1,""2108"":1,""2109"":1,""2110"":1,""2111"":1,""2112"":1,""2113"":1,""2114"":1,""2115"":7,""2116"":1,""2117"":1,""2118"":1,""2119"":1,""2120"":1,""2121"":1,""2122"":1,""2123"":1,""2124"":1,""2125"":1,""2126"":1,""2127"":1,""2128"":2,""2129"":1,""2130"":3,""2131"":1,""2132"":1,""2133"":1,""2134"":1,""2135"":1,""2136"":1,""2137"":1,""2138"":1,""2139"":1,""2140"":1,""2141"":4,""2142"":1,""2143"":1,""2144"":1,""2145"":5,""2146"":1,""2147"":1,""2148"":1,""2149"":1,""2150"":1,""2151"":1,""2152"":1,""2153"":1,""2154"":1,""2155"":1,""2156"":1,""2157"":1,""2158"":1,""2159"":1,""2160"":1,""2161"":1,""2162"":2,""2163"":1,""2164"":1,""2165"":1,""2166"":1,""2167"":1,""2168"":1,""2169"":1,""2170"":1,""2171"":1,""2172"":1,""2173"":1,""2174"":1,""2175"":1,""2176"":1,""2177"":1,""2178"":1,""2179"":1,""2180"":1,""2181"":1,""2182"":1,""2183"":6,""2184"":1,""2185"":2,""2186"":2,""2187"":1,""2188"":1,""2189"":1,""2190"":2,""2191"":1,""2192"":1,""2193"":1,""2194"":1,""2195"":1,""2196"":1,""2197"":1,""2198"":1,""2199"":1,""2200"":1,""2201"":1,""2202"":1,""2203"":1,""2204"":2,""2205"":1,""2206"":1,""2207"":1,""2208"":1,""2209"":1,""2210"":1,""2211"":1,""2212"":1,""2213"":1,""2214"":1,""2215"":1,""2216"":1,""2217"":1,""2218"":1,""2219"":2,""2220"":1,""2221"":1,""2222"":1,""2223"":1,""2224"":1,""2225"":1,""2226"":1,""2227"":1,""2228"":1,""2229"":1,""2230"":1,""2231"":1,""2232"":1,""2233"":1,""2234"":1,""2235"":1,""2236"":1,""2237"":1,""2238"":1,""2239"":1,""2240"":2,""2241"":1,""2242"":1,""2243"":1,""2244"":1,""2245"":1,""2246"":1,""2247"":1,""2248"":1,""2249"":1,""2250"":1,""2251"":1,""2252"":1,""2253"":1,""2254"":1,""2255"":1,""2256"":1,""2257"":1,""2258"":1,""2259"":1,""2260"":1,""2261"":1,""2262"":1,""2263"":1,""2264"":1,""2265"":1,""2266"":1,""2267"":1,""2268"":1,""2269"":1,""2270"":1,""2271"":1,""2272"":1,""2273"":1,""2274"":1,""2275"":1,""2276"":1,""2277"":1,""2278"":1,""2279"":1,""2280"":1,""2281"":1,""2282"":1,""2283"":1,""2284"":2,""2285"":1,""2286"":1,""2287"":1,""2288"":1,""2289"":1,""2290"":1,""2291"":1,""2292"":1,""2293"":1,""2294"":1,""2295"":1,""2296"":1,""2297"":1,""2298"":1,""2299"":1,""2300"":1,""2301"":1,""2302"":1,""2303"":1,""2304"":1,""2305"":1,""2306"":1,""2307"":1,""2308"":1,""2309"":1,""2310"":1,""2311"":1,""2312"":1,""2313"":1,""2314"":2,""2315"":1,""2316"":1,""2317"":1,""2318"":1,""2319"":4,""2320"":2,""2321"":1,""2322"":3,""2323"":1,""2324"":1,""2325"":1,""2326"":1,""2327"":1,""2328"":1,""2329"":1,""2330"":1,""2331"":1,""2332"":1,""2333"":1,""2334"":1,""2335"":1,""2336"":1,""2337"":1,""2338"":1,""2339"":1,""2340"":1,""2341"":1,""2342"":2,""2343"":1,""2344"":2,""2345"":1,""2346"":1,""2347"":1,""2348"":1,""2349"":1,""2350"":3,""2351"":1,""2352"":1,""2353"":3,""2354"":1,""2355"":3,""2356"":1,""2357"":2,""2358"":1,""2359"":1,""2360"":1,""2361"":1,""2362"":1,""2363"":1,""2364"":1,""2365"":1,""2366"":1,""2367"":1,""2368"":1,""2369"":1,""2370"":1,""2371"":1,""2372"":1,""2373"":1,""2374"":1,""2375"":1,""2376"":1,""2377"":1,""2378"":1,""2379"":1,""2380"":1,""2381"":1,""2382"":1,""2383"":1,""2384"":1,""2385"":2,""2386"":1,""2387"":1,""2388"":1,""2389"":1,""2390"":1,""2391"":1,""2392"":1,""2393"":1,""2394"":1,""2395"":1,""2396"":1,""2397"":1,""2398"":1,""2399"":1,""2400"":1,""2401"":1,""2402"":1,""2403"":2,""2404"":1,""2405"":2,""2406"":1,""2407"":1,""2408"":1,""2409"":1,""2410"":1,""2411"":2,""2412"":1,""2413"":2,""2414"":1,""2415"":1,""2416"":1,""2417"":1,""2418"":1,""2419"":1,""2420"":1,""2421"":1,""2422"":1,""2423"":1,""2424"":1,""2425"":1,""2426"":1,""2427"":1,""2428"":1,""2429"":1,""2430"":1,""2431"":1,""2432"":1,""2433"":1,""2434"":1,""2435"":1,""2436"":1,""2437"":1,""2438"":6,""2439"":1,""2440"":1,""2441"":1,""2442"":1,""2443"":1,""2444"":2,""2445"":2,""2446"":1,""2447"":1,""2448"":1,""2449"":1,""2450"":1,""2451"":1,""2452"":2,""2453"":1,""2454"":1,""2455"":1,""2456"":1,""2457"":1,""2458"":1,""2459"":1,""2460"":1,""2461"":2,""2462"":1,""2463"":1,""2464"":1,""2465"":1,""2466"":1,""2467"":1,""2468"":1,""2469"":1,""2470"":2,""2471"":1,""2472"":1,""2473"":1,""2474"":1,""2475"":1,""2476"":1,""2477"":1,""2478"":1,""2479"":1,""2480"":1,""2481"":1,""2482"":1,""2483"":1,""2484"":3,""2485"":3,""2486"":1,""2487"":1,""2488"":1,""2489"":2,""2490"":1,""2491"":2,""2492"":1,""2493"":1,""2494"":1,""2495"":1,""2496"":2,""2497"":1,""2498"":1,""2499"":1,""2500"":1,""2501"":2,""2502"":1,""2503"":1,""2504"":1,""2505"":1,""2506"":2,""2507"":1,""2508"":1,""2509"":1,""2510"":1,""2511"":1,""2512"":1,""2513"":1,""2514"":1,""2515"":1,""2516"":1,""2517"":1,""2518"":1,""2519"":1,""2520"":1,""2521"":1,""2522"":1,""2523"":1,""2524"":1,""2525"":17,""2526"":1,""2527"":1,""2528"":1,""2529"":1,""2530"":1,""2531"":1,""2532"":1,""2533"":1,""2534"":1,""2535"":1,""2536"":1,""2537"":1,""2538"":1,""2539"":1,""2540"":1,""2541"":1,""2542"":1,""2543"":1,""2544"":1,""2545"":1,""2546"":5,""2547"":1,""2548"":1,""2549"":1,""2550"":1,""2551"":1,""2552"":1,""2553"":1,""2554"":1,""2555"":1,""2556"":1,""2557"":2,""2558"":1,""2559"":1,""2560"":1,""2561"":1,""2562"":1,""2563"":1,""2564"":1,""2565"":1,""2566"":1,""2567"":1,""2568"":3,""2569"":1,""2570"":6,""2571"":2,""2572"":1,""2573"":1,""2574"":1,""2575"":1,""2576"":1,""2577"":1,""2578"":1,""2579"":1,""2580"":1,""2581"":1,""2582"":1,""2583"":1,""2584"":1,""2585"":1,""2586"":1,""2587"":2,""2588"":1,""2589"":1,""2590"":1,""2591"":1,""2592"":2,""2593"":1,""2594"":1,""2595"":1,""2596"":1,""2597"":1,""2598"":1,""2599"":3,""2600"":1,""2601"":1,""2602"":1,""2603"":1,""2604"":1,""2605"":1,""2606"":1,""2607"":1,""2608"":1,""2609"":1,""2610"":1,""2611"":1,""2612"":1,""2613"":1,""2614"":1,""2615"":1,""2616"":1,""2617"":2,""2618"":1,""2619"":1,""2620"":1,""2621"":1,""2622"":1,""2623"":1,""2624"":1,""2625"":1,""2626"":1,""2627"":1,""2628"":2,""2629"":1,""2630"":3,""2631"":1,""2632"":1,""2633"":1,""2634"":1,""2635"":1,""2636"":1,""2637"":1,""2638"":1,""2639"":1,""2640"":1,""2641"":1,""2642"":1,""2643"":1,""2644"":2,""2645"":1,""2646"":1,""2647"":1,""2648"":1,""2649"":3,""2650"":2,""2651"":1,""2652"":2,""2653"":1,""2654"":1,""2655"":1,""2656"":1,""2657"":1,""2658"":1,""2659"":1,""2660"":1,""2661"":1,""2662"":1,""2663"":1,""2664"":1,""2665"":2,""2666"":1,""2667"":1,""2668"":1,""2669"":1,""2670"":2,""2671"":1,""2672"":1,""2673"":1,""2674"":1,""2675"":1,""2676"":1,""2677"":1,""2678"":1,""2679"":1,""2680"":2,""2681"":1,""2682"":1,""2683"":1,""2684"":1,""2685"":1,""2686"":3,""2687"":1,""2688"":1,""2689"":1,""2690"":1,""2691"":1,""2692"":1,""2693"":2,""2694"":1,""2695"":2,""2696"":1,""2697"":1,""2698"":1,""2699"":2,""2700"":2,""2701"":1,""2702"":2,""2703"":2,""2704"":2,""2705"":1,""2706"":1,""2707"":1,""2708"":1,""2709"":1,""2710"":1,""2711"":1,""2712"":2,""2713"":1,""2714"":1,""2715"":1,""2716"":1,""2717"":1,""2718"":1,""2719"":2,""2720"":1,""2721"":1,""2722"":1,""2723"":1,""2724"":1,""2725"":1,""2726"":1,""2727"":2,""2728"":1,""2729"":1,""2730"":1,""2731"":25,""2732"":1,""2733"":1,""2734"":1,""2735"":1,""2736"":3,""2737"":1,""2738"":1,""2739"":1,""2740"":1,""2741"":1,""2742"":1,""2743"":1,""2744"":1,""2745"":1,""2746"":2,""2747"":1,""2748"":2,""2749"":1,""2750"":1,""2751"":1,""2752"":1,""2753"":1,""2754"":1,""2755"":3,""2756"":1,""2757"":1,""2758"":1,""2759"":1,""2760"":1,""2761"":1,""2762"":1,""2763"":1,""2764"":1,""2765"":1,""2766"":1,""2767"":1,""2768"":1,""2769"":1,""2770"":1,""2771"":1,""2772"":1,""2773"":1,""2774"":1,""2775"":2,""2776"":1,""2777"":1,""2778"":1,""2779"":1,""2780"":2,""2781"":1,""2782"":1,""2783"":1,""2784"":1,""2785"":1,""2786"":1,""2787"":2,""2788"":1,""2789"":1,""2790"":2,""2791"":1,""2792"":1,""2793"":2,""2794"":1,""2795"":2,""2796"":1,""2797"":1,""2798"":1,""2799"":1,""2800"":1,""2801"":1,""2802"":1,""2803"":1,""2804"":1,""2805"":1,""2806"":1,""2807"":1,""2808"":1,""2809"":1,""2810"":1,""2811"":1,""2812"":1,""2813"":1,""2814"":1,""2815"":1,""2816"":1,""2817"":1,""2818"":1,""2819"":2,""2820"":1,""2821"":2,""2822"":1,""2823"":2,""2824"":2,""2825"":1,""2826"":1,""2827"":1,""2828"":1,""2829"":1,""2830"":1,""2831"":1,""2832"":1,""2833"":1,""2834"":2,""2835"":1,""2836"":1,""2837"":1,""2838"":1,""2839"":1,""2840"":1,""2841"":1,""2842"":1,""2843"":1,""2844"":1,""2845"":1,""2846"":1,""2847"":1,""2848"":1,""2849"":1,""2850"":1,""2851"":1,""2852"":1,""2853"":1,""2854"":1,""2855"":1,""2856"":6,""2857"":1,""2858"":1,""2859"":4,""2860"":1,""2861"":1,""2862"":1,""2863"":1,""2864"":1,""2865"":1,""2866"":1,""2867"":1,""2868"":1,""2869"":1,""2870"":1,""2871"":3,""2872"":1,""2873"":1,""2874"":1,""2875"":1,""2876"":1,""2877"":2,""2878"":1,""2879"":1,""2880"":1,""2881"":1,""2882"":1,""2883"":1,""2884"":1,""2885"":1,""2886"":1,""2887"":1,""2888"":1,""2889"":1,""2890"":1,""2891"":1,""2892"":1,""2893"":4,""2894"":1,""2895"":1,""2896"":2,""2897"":1,""2898"":1,""2899"":1,""2900"":1,""2901"":1,""2902"":2,""2903"":1,""2904"":6,""2905"":1,""2906"":1,""2907"":1,""2908"":1,""2909"":1,""2910"":1,""2911"":1,""2912"":1,""2913"":1,""2914"":1,""2915"":1,""2916"":1,""2917"":1,""2918"":1,""2919"":1,""2920"":1,""2921"":2,""2922"":1,""2923"":1,""2924"":2,""2925"":1,""2926"":1,""2927"":1,""2928"":1,""2929"":1,""2930"":1,""2931"":1,""2932"":1,""2933"":1,""2934"":1,""2935"":1,""2936"":1,""2937"":1,""2938"":4,""2939"":1,""2940"":1,""2941"":1,""2942"":2,""2943"":1,""2944"":6,""2945"":1,""2946"":1,""2947"":1,""2948"":2,""2949"":1,""2950"":1,""2951"":3,""2952"":1,""2953"":1,""2954"":1,""2955"":1,""2956"":1,""2957"":1,""2958"":1,""2959"":1,""2960"":1,""2961"":2,""2962"":1,""2963"":1,""2964"":1,""2965"":2,""2966"":1,""2967"":1,""2968"":3,""2969"":1,""2970"":1,""2971"":1,""2972"":1,""2973"":1,""2974"":1,""2975"":1,""2976"":1,""2977"":1,""2978"":3,""2979"":1,""2980"":1,""2981"":1,""2982"":1,""2983"":1,""2984"":1,""2985"":1,""2986"":1,""2987"":1,""2988"":1,""2989"":3,""2990"":2,""2991"":1,""2992"":2,""2993"":1,""2994"":1,""2995"":1,""2996"":1,""2997"":2,""2998"":1,""2999"":1,""3000"":1,""3001"":1,""3002"":8,""3003"":1,""3004"":2,""3005"":1,""3006"":1,""3007"":1,""3008"":1,""3009"":2,""3010"":2,""3011"":11,""3012"":1,""3013"":1,""3014"":1,""3015"":1,""3016"":1,""3017"":1,""3018"":1,""3019"":1,""3020"":1,""3021"":1,""3022"":1,""3023"":1,""3024"":1,""3025"":1,""3026"":1,""3027"":1,""3028"":3,""3029"":1,""3030"":1,""3031"":1,""3032"":1,""3033"":1,""3034"":1,""3035"":1,""3036"":1,""3037"":1,""3038"":2,""3039"":1,""3040"":2,""3041"":2,""3042"":4,""3043"":1,""3044"":1,""3045"":1,""3046"":1,""3047"":1,""3048"":1,""3049"":2,""3050"":1,""3051"":1,""3052"":3,""3053"":1,""3054"":1,""3055"":1,""3056"":1,""3057"":1,""3058"":1,""3059"":2,""3060"":1,""3061"":2,""3062"":1,""3063"":1,""3064"":1,""3065"":1,""3066"":2,""3067"":1,""3068"":3,""3069"":1,""3070"":4,""3071"":6,""3072"":1,""3073"":1,""3074"":3,""3075"":1,""3076"":1,""3077"":1,""3078"":1,""3079"":1,""3080"":1,""3081"":1,""3082"":1,""3083"":1,""3084"":1,""3085"":1,""3086"":1,""3087"":1,""3088"":1,""3089"":1,""3090"":1,""3091"":1,""3092"":1,""3093"":1,""3094"":1,""3095"":1,""3096"":1,""3097"":2,""3098"":1,""3099"":1,""3100"":1,""3101"":2,""3102"":3,""3103"":1,""3104"":3,""3105"":1,""3106"":1,""3107"":17,""3108"":4,""3109"":1,""3110"":1,""3111"":1,""3112"":1,""3113"":1,""3114"":3,""3115"":2,""3116"":1,""3117"":1,""3118"":1,""3119"":1,""3120"":2,""3121"":1,""3122"":1,""3123"":2,""3124"":1,""3125"":268,""3126"":1,""3127"":1,""3128"":1,""3129"":9,""3130"":1,""3131"":1,""3132"":1,""3133"":1,""3134"":2,""3135"":2,""3136"":1,""3137"":6,""3138"":3,""3139"":1,""3140"":1,""3141"":1,""3142"":26,""3143"":1,""3144"":1,""3145"":1,""3146"":1,""3147"":1,""3148"":1,""3149"":2,""3150"":5,""3151"":699,""3152"":1,""3153"":2,""3154"":1,""3155"":2,""3156"":1,""3157"":1,""3158"":1,""3159"":1,""3160"":1,""3161"":1,""3162"":1,""3163"":2,""3164"":1,""3165"":1,""3166"":7,""3167"":7182,""3168"":1,""3169"":1,""3170"":251,""3171"":1,""3172"":1,""3173"":1,""3174"":3,""3175"":1,""3176"":9,""3177"":1,""3178"":1,""3179"":1383,""3180"":5,""3181"":2,""3182"":3,""3183"":1,""3184"":1,""3185"":1,""3186"":3,""3187"":1,""3188"":50,""3189"":7,""3190"":6,""3191"":1,""3192"":2,""3193"":18,""3194"":1,""3195"":14,""3196"":33,""3197"":1,""3198"":1,""3199"":1,""3200"":293,""3201"":1,""3202"":9,""3203"":2,""3204"":2,""3205"":1,""3206"":4,""3207"":2,""3208"":1,""3209"":1,""3210"":1,""3211"":1,""3212"":5,""3213"":2,""3214"":2,""3215"":1,""3216"":1,""3217"":1,""3218"":4,""3219"":1,""3220"":1,""3221"":2,""3222"":3,""3223"":1,""3224"":1,""3225"":1,""3226"":2,""3227"":1,""3228"":1,""3229"":1,""3230"":1,""3231"":1}",1135
rich,classix,classix_r0.40_m5_distance,"{""group_merging"":""distance"",""mergeScale"":1.5,""mergeTinyGroups"":true,""metric"":""euclidean"",""minPts"":5,""post_alloc"":false,""radius"":0.4,""sorting"":""pca""}",,11719,15,15,0,0.0,0.876525300793583,True,0.18698585053570624,1.1231847601435032,420.04375793552595,0.18549800000619143,"{""0"":21,""1"":29,""2"":25,""3"":44,""4"":10272,""5"":33,""6"":9,""7"":1101,""8"":11,""9"":22,""10"":50,""11"":32,""12"":9,""13"":49,""14"":12}",15
rich,classix,classix_r0.40_m5_density,"{""group_merging"":""density"",""mergeScale"":1.5,""mergeTinyGroups"":true,""metric"":""euclidean"",""minPts"":5,""post_alloc"":false,""radius"":0.4,""sorting"":""pca""}",,11719,36,37,1297,0.1106749722672583,0.689119170984456,True,-0.06516640716222996,1.076174392461293,237.8765671117521,4.412605749967042,"{""-1"":1297,""2115"":7,""2145"":5,""2183"":6,""2438"":6,""2525"":17,""2546"":5,""2570"":6,""2731"":25,""2856"":6,""2904"":6,""2944"":6,""3002"":8,""3011"":11,""3071"":6,""3107"":17,""3125"":268,""3129"":9,""3137"":6,""3142"":26,""3150"":5,""3151"":699,""3166"":7,""3167"":7182,""3170"":251,""3176"":9,""3179"":1383,""3180"":5,""3188"":50,""3189"":7,""3190"":6,""3193"":18,""3195"":14,""3196"":33,""3200"":293,""3202"":9,""3212"":5}",36
rich,classix,classix_r0.40_m10_distance,"{""group_merging"":""distance"",""mergeScale"":1.5,""mergeTinyGroups"":true,""metric"":""euclidean"",""minPts"":10,""post_alloc"":false,""radius"":0.4,""sorting"":""pca""}",,11719,9,9,0,0.0,0.8840344739312228,True,0.19488206107183473,1.12980891013909,579.2777233565834,0.15929350000806153,"{""0"":21,""1"":31,""2"":26,""3"":10360,""4"":34,""5"":1113,""6"":50,""7"":32,""8"":52}",9
rich,classix,classix_r0.40_m10_density,"{""group_merging"":""density"",""mergeScale"":1.5,""mergeTinyGroups"":true,""metric"":""euclidean"",""minPts"":10,""post_alloc"":false,""radius"":0.4,""sorting"":""pca""}",,11719,15,16,1432,0.12219472651250107,0.6981627296587927,True,0.05055604420871085,1.1316090839657431,487.6652986986776,4.331238874990959,"{""-1"":1432,""2525"":17,""2731"":25,""3011"":11,""3107"":17,""3125"":268,""3142"":26,""3151"":699,""3167"":7182,""3170"":251,""3179"":1383,""3188"":50,""3193"":18,""3195"":14,""3196"":33,""3200"":293}",15
rich,classix,classix_r0.45_m1_distance,"{""group_merging"":""distance"",""mergeScale"":1.5,""mergeTinyGroups"":true,""metric"":""euclidean"",""minPts"":1,""post_alloc"":false,""radius"":0.45,""sorting"":""pca""}",,11719,242,242,0,0.0,0.8652615410871235,True,-0.054192117704427056,0.5269541166650366,31.257525317872553,0.09081762499408796,"{""0"":1,""1"":1,""2"":1,""3"":1,""4"":56,""5"":1,""6"":1,""7"":3,""8"":1,""9"":1,""10"":1,""11"":1,""12"":3,""13"":4,""14"":1,""15"":1,""16"":1,""17"":1,""18"":8,""19"":1,""20"":1,""21"":1,""22"":2,""23"":2,""24"":1,""25"":1,""26"":1,""27"":1,""28"":2,""29"":1,""30"":1,""31"":1,""32"":1,""33"":1,""34"":3,""35"":1,""36"":1,""37"":10140,""38"":1,""39"":1,""40"":1,""41"":2,""42"":3,""43"":2,""44"":5,""45"":1,""46"":1,""47"":1,""48"":2,""49"":1,""50"":1,""51"":1,""52"":2,""53"":1,""54"":1,""55"":1,""56"":2,""57"":1,""58"":1,""59"":1,""60"":4,""61"":1,""62"":1,""63"":1,""64"":1,""65"":1,""66"":1,""67"":1,""68"":1,""69"":2,""70"":1,""71"":1,""72"":2,""73"":5,""74"":1,""75"":1,""76"":1,""77"":1,""78"":1,""79"":1,""80"":1,""81"":1,""82"":1,""83"":1,""84"":1,""85"":1,""86"":1,""87"":1,""88"":1,""89"":1,""90"":1,""91"":1,""92"":4,""93"":1,""94"":1,""95"":6,""96"":1,""97"":1,""98"":1,""99"":1,""100"":1,""101"":1,""102"":1,""103"":1,""104"":1,""105"":1,""106"":1,""107"":1,""108"":1132,""109"":1,""110"":3,""111"":1,""112"":1,""113"":1,""114"":1,""115"":1,""116"":1,""117"":1,""118"":1,""119"":1,""120"":4,""121"":1,""122"":1,""123"":1,""124"":2,""125"":1,""126"":1,""127"":1,""128"":1,""129"":2,""130"":1,""131"":2,""132"":1,""133"":1,""134"":1,""135"":1,""136"":1,""137"":1,""138"":1,""139"":1,""140"":1,""141"":1,""142"":1,""143"":1,""144"":1,""145"":1,""146"":1,""147"":1,""148"":3,""149"":1,""150"":3,""151"":1,""152"":1,""153"":1,""154"":1,""155"":1,""156"":1,""157"":1,""158"":1,""159"":1,""160"":1,""161"":5,""162"":1,""163"":1,""164"":1,""165"":1,""166"":1,""167"":1,""168"":1,""169"":1,""170"":1,""171"":1,""172"":1,""173"":1,""174"":1,""175"":1,""176"":2,""177"":1,""178"":1,""179"":1,""180"":1,""181"":1,""182"":1,""183"":1,""184"":1,""185"":1,""186"":2,""187"":1,""188"":1,""189"":1,""190"":1,""191"":1,""192"":1,""193"":1,""194"":1,""195"":1,""196"":2,""197"":1,""198"":1,""199"":1,""200"":1,""201"":2,""202"":5,""203"":5,""204"":1,""205"":1,""206"":24,""207"":1,""208"":1,""209"":3,""210"":1,""211"":8,""212"":32,""213"":1,""214"":1,""215"":1,""216"":1,""217"":1,""218"":2,""219"":2,""220"":1,""221"":1,""222"":1,""223"":1,""224"":5,""225"":3,""226"":2,""227"":1,""228"":1,""229"":4,""230"":1,""231"":1,""232"":2,""233"":1,""234"":1,""235"":1,""236"":2,""237"":1,""238"":1,""239"":1,""240"":1,""241"":1}",242
rich,classix,classix_r0.45_m1_density,"{""group_merging"":""density"",""mergeScale"":1.5,""mergeTinyGroups"":true,""metric"":""euclidean"",""minPts"":1,""post_alloc"":false,""radius"":0.45,""sorting"":""pca""}",,11719,816,816,0,0.0,0.7501493301476235,True,-0.25604492457286143,0.6031111382262405,16.162738903976173,4.403756708023138,"{""1713"":1,""1714"":1,""1715"":1,""1716"":1,""1717"":1,""1718"":1,""1719"":1,""1720"":1,""1721"":1,""1722"":1,""1723"":1,""1724"":1,""1725"":1,""1726"":1,""1727"":1,""1728"":1,""1729"":1,""1730"":1,""1731"":7,""1732"":1,""1733"":1,""1734"":1,""1735"":1,""1736"":1,""1737"":1,""1738"":1,""1739"":1,""1740"":1,""1741"":4,""1742"":1,""1743"":4,""1744"":1,""1745"":1,""1746"":1,""1747"":1,""1748"":1,""1749"":1,""1750"":1,""1751"":1,""1752"":1,""1753"":1,""1754"":1,""1755"":1,""1756"":10,""1757"":1,""1758"":1,""1759"":1,""1760"":1,""1761"":1,""1762"":1,""1763"":1,""1764"":1,""1765"":1,""1766"":1,""1767"":1,""1768"":1,""1769"":1,""1770"":1,""1771"":1,""1772"":1,""1773"":1,""1774"":1,""1775"":1,""1776"":1,""1777"":1,""1778"":1,""1779"":3,""1780"":1,""1781"":1,""1782"":1,""1783"":1,""1784"":1,""1785"":1,""1786"":1,""1787"":1,""1788"":1,""1789"":2,""1790"":1,""1791"":1,""1792"":1,""1793"":6,""1794"":1,""1795"":1,""1796"":1,""1797"":1,""1798"":4,""1799"":1,""1800"":1,""1801"":1,""1802"":1,""1803"":2,""1804"":3,""1805"":1,""1806"":1,""1807"":1,""1808"":1,""1809"":1,""1810"":1,""1811"":1,""1812"":1,""1813"":1,""1814"":1,""1815"":1,""1816"":1,""1817"":1,""1818"":1,""1819"":1,""1820"":1,""1821"":1,""1822"":1,""1823"":1,""1824"":2,""1825"":1,""1826"":1,""1827"":1,""1828"":1,""1829"":1,""1830"":1,""1831"":1,""1832"":1,""1833"":1,""1834"":1,""1835"":1,""1836"":1,""1837"":2,""1838"":1,""1839"":1,""1840"":2,""1841"":1,""1842"":1,""1843"":1,""1844"":1,""1845"":1,""1846"":2,""1847"":2,""1848"":1,""1849"":1,""1850"":1,""1851"":1,""1852"":1,""1853"":1,""1854"":1,""1855"":2,""1856"":3,""1857"":1,""1858"":1,""1859"":1,""1860"":4,""1861"":1,""1862"":1,""1863"":1,""1864"":1,""1865"":1,""1866"":1,""1867"":1,""1868"":2,""1869"":1,""1870"":1,""1871"":1,""1872"":1,""1873"":1,""1874"":1,""1875"":1,""1876"":1,""1877"":1,""1878"":1,""1879"":1,""1880"":1,""1881"":1,""1882"":1,""1883"":1,""1884"":1,""1885"":1,""1886"":1,""1887"":1,""1888"":2,""1889"":1,""1890"":1,""1891"":1,""1892"":1,""1893"":1,""1894"":1,""1895"":1,""1896"":1,""1897"":1,""1898"":1,""1899"":1,""1900"":1,""1901"":1,""1902"":1,""1903"":1,""1904"":1,""1905"":1,""1906"":3,""1907"":2,""1908"":1,""1909"":1,""1910"":1,""1911"":1,""1912"":1,""1913"":1,""1914"":1,""1915"":1,""1916"":1,""1917"":1,""1918"":1,""1919"":1,""1920"":1,""1921"":2,""1922"":2,""1923"":2,""1924"":1,""1925"":1,""1926"":1,""1927"":1,""1928"":1,""1929"":1,""1930"":1,""1931"":1,""1932"":3,""1933"":1,""1934"":2,""1935"":1,""1936"":1,""1937"":2,""1938"":1,""1939"":1,""1940"":1,""1941"":1,""1942"":1,""1943"":1,""1944"":1,""1945"":1,""1946"":1,""1947"":1,""1948"":1,""1949"":1,""1950"":1,""1951"":1,""1952"":1,""1953"":1,""1954"":1,""1955"":1,""1956"":1,""1957"":1,""1958"":1,""1959"":2,""1960"":1,""1961"":2,""1962"":1,""1963"":1,""1964"":1,""1965"":1,""1966"":1,""1967"":1,""1968"":1,""1969"":1,""1970"":1,""1971"":3,""1972"":2,""1973"":1,""1974"":1,""1975"":1,""1976"":1,""1977"":1,""1978"":3,""1979"":1,""1980"":1,""1981"":1,""1982"":1,""1983"":1,""1984"":1,""1985"":1,""1986"":1,""1987"":1,""1988"":1,""1989"":1,""1990"":1,""1991"":1,""1992"":3,""1993"":1,""1994"":2,""1995"":1,""1996"":1,""1997"":1,""1998"":2,""1999"":1,""2000"":1,""2001"":1,""2002"":1,""2003"":1,""2004"":2,""2005"":1,""2006"":1,""2007"":1,""2008"":1,""2009"":1,""2010"":2,""2011"":2,""2012"":1,""2013"":1,""2014"":1,""2015"":1,""2016"":1,""2017"":1,""2018"":1,""2019"":1,""2020"":1,""2021"":1,""2022"":1,""2023"":1,""2024"":1,""2025"":1,""2026"":1,""2027"":1,""2028"":1,""2029"":1,""2030"":1,""2031"":1,""2032"":1,""2033"":1,""2034"":2,""2035"":1,""2036"":1,""2037"":1,""2038"":1,""2039"":1,""2040"":1,""2041"":1,""2042"":1,""2043"":1,""2044"":1,""2045"":2,""2046"":1,""2047"":1,""2048"":1,""2049"":1,""2050"":1,""2051"":1,""2052"":1,""2053"":5,""2054"":1,""2055"":1,""2056"":1,""2057"":1,""2058"":1,""2059"":1,""2060"":1,""2061"":1,""2062"":1,""2063"":1,""2064"":1,""2065"":1,""2066"":1,""2067"":8,""2068"":1,""2069"":1,""2070"":2,""2071"":1,""2072"":1,""2073"":2,""2074"":1,""2075"":2,""2076"":1,""2077"":1,""2078"":3,""2079"":1,""2080"":1,""2081"":1,""2082"":1,""2083"":1,""2084"":1,""2085"":1,""2086"":1,""2087"":1,""2088"":1,""2089"":1,""2090"":1,""2091"":1,""2092"":1,""2093"":1,""2094"":1,""2095"":1,""2096"":1,""2097"":2,""2098"":6,""2099"":1,""2100"":1,""2101"":1,""2102"":1,""2103"":2,""2104"":1,""2105"":1,""2106"":1,""2107"":1,""2108"":1,""2109"":1,""2110"":1,""2111"":1,""2112"":1,""2113"":1,""2114"":1,""2115"":1,""2116"":1,""2117"":1,""2118"":1,""2119"":1,""2120"":1,""2121"":1,""2122"":1,""2123"":1,""2124"":1,""2125"":1,""2126"":1,""2127"":1,""2128"":1,""2129"":2,""2130"":1,""2131"":2,""2132"":1,""2133"":2,""2134"":1,""2135"":1,""2136"":1,""2137"":1,""2138"":1,""2139"":1,""2140"":1,""2141"":1,""2142"":1,""2143"":1,""2144"":2,""2145"":1,""2146"":1,""2147"":1,""2148"":1,""2149"":1,""2150"":1,""2151"":2,""2152"":1,""2153"":1,""2154"":1,""2155"":3,""2156"":1,""2157"":1,""2158"":1,""2159"":2,""2160"":2,""2161"":1,""2162"":3,""2163"":1,""2164"":4,""2165"":1,""2166"":1,""2167"":4,""2168"":1,""2169"":2,""2170"":1,""2171"":1,""2172"":1,""2173"":2,""2174"":1,""2175"":1,""2176"":1,""2177"":1,""2178"":1,""2179"":1,""2180"":1,""2181"":1,""2182"":1,""2183"":1,""2184"":1,""2185"":1,""2186"":1,""2187"":1,""2188"":5,""2189"":1,""2190"":1,""2191"":1,""2192"":1,""2193"":1,""2194"":1,""2195"":1,""2196"":1,""2197"":1,""2198"":1,""2199"":1,""2200"":6,""2201"":1,""2202"":1,""2203"":1,""2204"":1,""2205"":1,""2206"":1,""2207"":1,""2208"":1,""2209"":1,""2210"":1,""2211"":1,""2212"":2,""2213"":1,""2214"":1,""2215"":1,""2216"":1,""2217"":1,""2218"":1,""2219"":1,""2220"":2,""2221"":2,""2222"":1,""2223"":1,""2224"":1,""2225"":1,""2226"":1,""2227"":1,""2228"":2,""2229"":1,""2230"":1,""2231"":1,""2232"":1,""2233"":1,""2234"":2,""2235"":1,""2236"":1,""2237"":1,""2238"":1,""2239"":1,""2240"":3,""2241"":1,""2242"":1,""2243"":1,""2244"":2,""2245"":1,""2246"":1,""2247"":2,""2248"":1,""2249"":2,""2250"":1,""2251"":2,""2252"":1,""2253"":1,""2254"":1,""2255"":1,""2256"":3,""2257"":1,""2258"":1,""2259"":1,""2260"":2,""2261"":1,""2262"":1,""2263"":1,""2264"":1,""2265"":1,""2266"":1,""2267"":1,""2268"":1,""2269"":1,""2270"":1,""2271"":1,""2272"":1,""2273"":1,""2274"":1,""2275"":1,""2276"":1,""2277"":2,""2278"":1,""2279"":1,""2280"":2,""2281"":1,""2282"":1,""2283"":1,""2284"":1,""2285"":1,""2286"":1,""2287"":1,""2288"":1,""2289"":1,""2290"":1,""2291"":1,""2292"":1,""2293"":1,""2294"":1,""2295"":1,""2296"":1,""2297"":2,""2298"":1,""2299"":1,""2300"":1,""2301"":1,""2302"":1,""2303"":1,""2304"":1,""2305"":1,""2306"":1,""2307"":3,""2308"":2,""2309"":1,""2310"":1,""2311"":1,""2312"":5,""2313"":2,""2314"":1,""2315"":1,""2316"":2,""2317"":1,""2318"":1,""2319"":1,""2320"":2,""2321"":1,""2322"":1,""2323"":3,""2324"":1,""2325"":1,""2326"":2,""2327"":1,""2328"":1,""2329"":1,""2330"":1,""2331"":1,""2332"":2,""2333"":1,""2334"":1,""2335"":1,""2336"":1,""2337"":1,""2338"":1,""2339"":1,""2340"":1,""2341"":1,""2342"":1,""2343"":4,""2344"":1,""2345"":1,""2346"":1,""2347"":1,""2348"":1,""2349"":1,""2350"":1,""2351"":2,""2352"":1,""2353"":1,""2354"":2,""2355"":1,""2356"":2,""2357"":1,""2358"":1,""2359"":1,""2360"":1,""2361"":1,""2362"":1,""2363"":1,""2364"":1,""2365"":1,""2366"":2,""2367"":1,""2368"":1,""2369"":2,""2370"":12,""2371"":1,""2372"":1,""2373"":1,""2374"":2,""2375"":1,""2376"":1,""2377"":1,""2378"":1,""2379"":1,""2380"":2,""2381"":1,""2382"":1,""2383"":1,""2384"":1,""2385"":1,""2386"":1,""2387"":1,""2388"":2,""2389"":5,""2390"":1,""2391"":1,""2392"":1,""2393"":2,""2394"":1,""2395"":1,""2396"":1,""2397"":1,""2398"":1,""2399"":1,""2400"":1,""2401"":1,""2402"":1,""2403"":2,""2404"":1,""2405"":2,""2406"":1,""2407"":1,""2408"":1,""2409"":3,""2410"":1,""2411"":1,""2412"":1,""2413"":1,""2414"":3,""2415"":4,""2416"":1,""2417"":1,""2418"":1,""2419"":1,""2420"":1,""2421"":1,""2422"":1,""2423"":1,""2424"":1,""2425"":1,""2426"":1,""2427"":1,""2428"":1,""2429"":1,""2430"":1,""2431"":2,""2432"":1,""2433"":2,""2434"":1,""2435"":1,""2436"":1,""2437"":2,""2438"":1,""2439"":1,""2440"":1,""2441"":2,""2442"":1,""2443"":1,""2444"":1,""2445"":1,""2446"":1,""2447"":1,""2448"":1,""2449"":2,""2450"":448,""2451"":1,""2452"":1,""2453"":2,""2454"":2,""2455"":2,""2456"":1,""2457"":1,""2458"":1,""2459"":232,""2460"":1,""2461"":1,""2462"":679,""2463"":1,""2464"":2,""2465"":1,""2466"":33,""2467"":1,""2468"":1,""2469"":9,""2470"":1,""2471"":1,""2472"":2,""2473"":1,""2474"":20,""2475"":1,""2476"":15,""2477"":1,""2478"":50,""2479"":32,""2480"":1,""2481"":8791,""2482"":1,""2483"":1,""2484"":5,""2485"":2,""2486"":1,""2487"":1,""2488"":1,""2489"":25,""2490"":2,""2491"":6,""2492"":1,""2493"":33,""2494"":1,""2495"":1,""2496"":1,""2497"":293,""2498"":1,""2499"":24,""2500"":2,""2501"":2,""2502"":1,""2503"":4,""2504"":1,""2505"":1,""2506"":1,""2507"":1,""2508"":5,""2509"":2,""2510"":2,""2511"":1,""2512"":1,""2513"":1,""2514"":3,""2515"":4,""2516"":1,""2517"":1,""2518"":2,""2519"":3,""2520"":1,""2521"":1,""2522"":1,""2523"":2,""2524"":1,""2525"":1,""2526"":1,""2527"":1,""2528"":1}",816
rich,classix,classix_r0.45_m5_distance,"{""group_merging"":""distance"",""mergeScale"":1.5,""mergeTinyGroups"":true,""metric"":""euclidean"",""minPts"":5,""post_alloc"":false,""radius"":0.45,""sorting"":""pca""}",,11719,14,14,0,0.0,0.8778052734874989,True,0.19940920771282616,0.9977943364531007,435.3364025640914,0.1319179580314085,"{""0"":79,""1"":30,""2"":10287,""3"":9,""4"":7,""5"":10,""6"":1154,""7"":11,""8"":18,""9"":23,""10"":30,""11"":10,""12"":41,""13"":10}",14
rich,classix,classix_r0.45_m5_density,"{""group_merging"":""density"",""mergeScale"":1.5,""mergeTinyGroups"":true,""metric"":""euclidean"",""minPts"":5,""post_alloc"":false,""radius"":0.45,""sorting"":""pca""}",,11719,28,29,944,0.08055294820377165,0.8158700696055684,True,-0.14989340027694595,1.1512427385839195,180.75727333783846,4.085067208041437,"{""-1"":944,""1731"":7,""1756"":10,""1793"":6,""2053"":5,""2067"":8,""2098"":6,""2188"":5,""2200"":6,""2312"":5,""2370"":12,""2389"":5,""2450"":448,""2459"":232,""2462"":679,""2466"":33,""2469"":9,""2474"":20,""2476"":15,""2478"":50,""2479"":32,""2481"":8791,""2484"":5,""2489"":25,""2491"":6,""2493"":33,""2497"":293,""2499"":24,""2508"":5}",28
rich,classix,classix_r0.45_m10_distance,"{""group_merging"":""distance"",""mergeScale"":1.5,""mergeTinyGroups"":true,""metric"":""euclidean"",""minPts"":10,""post_alloc"":false,""radius"":0.45,""sorting"":""pca""}",,11719,5,5,0,0.0,0.8850584520863555,True,0.25286145778004376,1.0490260873016082,1090.6825691864758,0.12090191704919562,"{""0"":85,""1"":10372,""2"":1164,""3"":38,""4"":60}",5
rich,classix,classix_r0.45_m10_density,"{""group_merging"":""density"",""mergeScale"":1.5,""mergeTinyGroups"":true,""metric"":""euclidean"",""minPts"":10,""post_alloc"":false,""radius"":0.45,""sorting"":""pca""}",,11719,15,16,1022,0.08720880621213414,0.8218192016453211,True,-0.03429794380649169,1.1513631487299183,291.8219489928927,4.114134709001519,"{""-1"":1022,""1756"":10,""2370"":12,""2450"":448,""2459"":232,""2462"":679,""2466"":33,""2474"":20,""2476"":15,""2478"":50,""2479"":32,""2481"":8791,""2489"":25,""2493"":33,""2497"":293,""2499"":24}",15
rich,classix,classix_r0.50_m1_distance,"{""group_merging"":""distance"",""mergeScale"":1.5,""mergeTinyGroups"":true,""metric"":""euclidean"",""minPts"":1,""post_alloc"":false,""radius"":0.5,""sorting"":""pca""}",,11719,175,175,0,0.0,0.8778052734874989,True,-0.028417287251549853,0.47209062552087744,36.59476058448344,0.07765458297217265,"{""0"":1,""1"":1,""2"":1,""3"":1,""4"":34,""5"":1,""6"":1,""7"":3,""8"":1,""9"":10287,""10"":3,""11"":1,""12"":1,""13"":1,""14"":1,""15"":2,""16"":1,""17"":2,""18"":31,""19"":1,""20"":2,""21"":1,""22"":2,""23"":1,""24"":2,""25"":1,""26"":3,""27"":1,""28"":1,""29"":1,""30"":1,""31"":2,""32"":3,""33"":1,""34"":1,""35"":1,""36"":2,""37"":1,""38"":3,""39"":1,""40"":1,""41"":1,""42"":1,""43"":1,""44"":1,""45"":1,""46"":1,""47"":1,""48"":1,""49"":1,""50"":1,""51"":2,""52"":2,""53"":5,""54"":1,""55"":1,""56"":2,""57"":1,""58"":1,""59"":1,""60"":1,""61"":1,""62"":1,""63"":1,""64"":1,""65"":1,""66"":1,""67"":1,""68"":1,""69"":1,""70"":1,""71"":1,""72"":1134,""73"":1,""74"":1,""75"":1,""76"":1,""77"":1,""78"":1,""79"":4,""80"":1,""81"":1,""82"":1,""83"":1,""84"":1,""85"":1,""86"":1,""87"":1,""88"":2,""89"":1,""90"":1,""91"":1,""92"":1,""93"":1,""94"":2,""95"":1,""96"":1,""97"":1,""98"":1,""99"":1,""100"":1,""101"":1,""102"":1,""103"":1,""104"":1,""105"":1,""106"":1,""107"":1,""108"":2,""109"":2,""110"":1,""111"":1,""112"":1,""113"":1,""114"":2,""115"":1,""116"":1,""117"":1,""118"":1,""119"":2,""120"":1,""121"":2,""122"":1,""123"":1,""124"":1,""125"":1,""126"":1,""127"":1,""128"":1,""129"":1,""130"":1,""131"":1,""132"":1,""133"":1,""134"":1,""135"":2,""136"":2,""137"":1,""138"":1,""139"":1,""140"":2,""141"":5,""142"":2,""143"":1,""144"":3,""145"":1,""146"":4,""147"":1,""148"":1,""149"":1,""150"":1,""151"":2,""152"":2,""153"":1,""154"":1,""155"":1,""156"":1,""157"":5,""158"":3,""159"":1,""160"":1,""161"":4,""162"":1,""163"":1,""164"":2,""165"":3,""166"":1,""167"":1,""168"":1,""169"":2,""170"":1,""171"":1,""172"":1,""173"":1,""174"":1}",175
rich,classix,classix_r0.50_m1_density,"{""group_merging"":""density"",""mergeScale"":1.5,""mergeTinyGroups"":true,""metric"":""euclidean"",""minPts"":1,""post_alloc"":false,""radius"":0.5,""sorting"":""pca""}",,11719,617,617,0,0.0,0.7810393378274597,True,-0.20954076045023542,0.594246582453982,18.44745876851933,3.635063458001241,"{""1378"":1,""1379"":1,""1380"":1,""1381"":1,""1382"":1,""1383"":1,""1384"":1,""1385"":2,""1386"":1,""1387"":1,""1388"":1,""1389"":1,""1390"":1,""1391"":1,""1392"":1,""1393"":1,""1394"":1,""1395"":1,""1396"":8,""1397"":1,""1398"":1,""1399"":1,""1400"":1,""1401"":1,""1402"":1,""1403"":1,""1404"":4,""1405"":1,""1406"":4,""1407"":1,""1408"":1,""1409"":1,""1410"":1,""1411"":6,""1412"":1,""1413"":1,""1414"":1,""1415"":6,""1416"":1,""1417"":1,""1418"":1,""1419"":1,""1420"":1,""1421"":1,""1422"":1,""1423"":1,""1424"":1,""1425"":1,""1426"":1,""1427"":1,""1428"":1,""1429"":1,""1430"":1,""1431"":1,""1432"":1,""1433"":1,""1434"":2,""1435"":3,""1436"":1,""1437"":1,""1438"":1,""1439"":1,""1440"":1,""1441"":1,""1442"":1,""1443"":1,""1444"":1,""1445"":1,""1446"":1,""1447"":1,""1448"":1,""1449"":1,""1450"":2,""1451"":1,""1452"":1,""1453"":1,""1454"":1,""1455"":1,""1456"":1,""1457"":1,""1458"":1,""1459"":1,""1460"":1,""1461"":2,""1462"":9,""1463"":1,""1464"":1,""1465"":1,""1466"":1,""1467"":1,""1468"":1,""1469"":1,""1470"":1,""1471"":1,""1472"":1,""1473"":1,""1474"":1,""1475"":1,""1476"":1,""1477"":1,""1478"":1,""1479"":1,""1480"":1,""1481"":2,""1482"":5,""1483"":1,""1484"":1,""1485"":1,""1486"":1,""1487"":1,""1488"":1,""1489"":1,""1490"":1,""1491"":1,""1492"":1,""1493"":1,""1494"":2,""1495"":1,""1496"":1,""1497"":3,""1498"":2,""1499"":1,""1500"":1,""1501"":1,""1502"":1,""1503"":2,""1504"":5,""1505"":1,""1506"":1,""1507"":1,""1508"":1,""1509"":1,""1510"":2,""1511"":3,""1512"":1,""1513"":4,""1514"":1,""1515"":1,""1516"":1,""1517"":1,""1518"":1,""1519"":1,""1520"":1,""1521"":1,""1522"":1,""1523"":1,""1524"":1,""1525"":1,""1526"":1,""1527"":1,""1528"":1,""1529"":1,""1530"":1,""1531"":2,""1532"":1,""1533"":1,""1534"":1,""1535"":1,""1536"":1,""1537"":1,""1538"":1,""1539"":1,""1540"":1,""1541"":1,""1542"":1,""1543"":1,""1544"":1,""1545"":1,""1546"":2,""1547"":4,""1548"":1,""1549"":2,""1550"":1,""1551"":1,""1552"":1,""1553"":1,""1554"":1,""1555"":2,""1556"":1,""1557"":1,""1558"":1,""1559"":1,""1560"":1,""1561"":1,""1562"":1,""1563"":1,""1564"":1,""1565"":1,""1566"":1,""1567"":1,""1568"":2,""1569"":1,""1570"":2,""1571"":1,""1572"":1,""1573"":1,""1574"":1,""1575"":3,""1576"":1,""1577"":2,""1578"":1,""1579"":1,""1580"":2,""1581"":1,""1582"":1,""1583"":1,""1584"":1,""1585"":1,""1586"":1,""1587"":1,""1588"":1,""1589"":1,""1590"":2,""1591"":1,""1592"":1,""1593"":1,""1594"":1,""1595"":1,""1596"":1,""1597"":1,""1598"":1,""1599"":2,""1600"":2,""1601"":1,""1602"":1,""1603"":2,""1604"":1,""1605"":1,""1606"":1,""1607"":1,""1608"":1,""1609"":1,""1610"":3,""1611"":2,""1612"":1,""1613"":1,""1614"":1,""1615"":1,""1616"":1,""1617"":1,""1618"":1,""1619"":1,""1620"":1,""1621"":1,""1622"":1,""1623"":1,""1624"":2,""1625"":1,""1626"":1,""1627"":1,""1628"":1,""1629"":1,""1630"":1,""1631"":1,""1632"":1,""1633"":1,""1634"":1,""1635"":1,""1636"":1,""1637"":6,""1638"":1,""1639"":1,""1640"":1,""1641"":1,""1642"":1,""1643"":1,""1644"":2,""1645"":1,""1646"":1,""1647"":1,""1648"":1,""1649"":4,""1650"":1,""1651"":1,""1652"":2,""1653"":1,""1654"":1,""1655"":1,""1656"":1,""1657"":1,""1658"":1,""1659"":1,""1660"":1,""1661"":1,""1662"":1,""1663"":1,""1664"":1,""1665"":1,""1666"":1,""1667"":1,""1668"":1,""1669"":1,""1670"":1,""1671"":1,""1672"":1,""1673"":2,""1674"":2,""1675"":1,""1676"":2,""1677"":1,""1678"":3,""1679"":1,""1680"":1,""1681"":1,""1682"":1,""1683"":1,""1684"":1,""1685"":1,""1686"":1,""1687"":1,""1688"":1,""1689"":1,""1690"":1,""1691"":1,""1692"":2,""1693"":2,""1694"":1,""1695"":2,""1696"":1,""1697"":1,""1698"":1,""1699"":1,""1700"":1,""1701"":2,""1702"":1,""1703"":1,""1704"":1,""1705"":1,""1706"":3,""1707"":4,""1708"":1,""1709"":1,""1710"":1,""1711"":1,""1712"":1,""1713"":1,""1714"":1,""1715"":2,""1716"":2,""1717"":2,""1718"":1,""1719"":2,""1720"":1,""1721"":1,""1722"":1,""1723"":1,""1724"":1,""1725"":1,""1726"":1,""1727"":1,""1728"":1,""1729"":2,""1730"":1,""1731"":1,""1732"":3,""1733"":1,""1734"":1,""1735"":1,""1736"":1,""1737"":1,""1738"":1,""1739"":2,""1740"":1,""1741"":1,""1742"":1,""1743"":1,""1744"":1,""1745"":1,""1746"":3,""1747"":2,""1748"":1,""1749"":1,""1750"":1,""1751"":2,""1752"":2,""1753"":1,""1754"":1,""1755"":1,""1756"":1,""1757"":1,""1758"":3,""1759"":3,""1760"":1,""1761"":1,""1762"":1,""1763"":1,""1764"":9,""1765"":1,""1766"":1,""1767"":1,""1768"":1,""1769"":1,""1770"":1,""1771"":1,""1772"":1,""1773"":1,""1774"":1,""1775"":1,""1776"":1,""1777"":1,""1778"":1,""1779"":1,""1780"":1,""1781"":1,""1782"":1,""1783"":1,""1784"":1,""1785"":1,""1786"":1,""1787"":1,""1788"":2,""1789"":2,""1790"":1,""1791"":2,""1792"":1,""1793"":1,""1794"":3,""1795"":1,""1796"":1,""1797"":1,""1798"":2,""1799"":1,""1800"":1,""1801"":1,""1802"":1,""1803"":1,""1804"":1,""1805"":1,""1806"":1,""1807"":1,""1808"":1,""1809"":1,""1810"":1,""1811"":1,""1812"":2,""1813"":1,""1814"":1,""1815"":1,""1816"":1,""1817"":1,""1818"":2,""1819"":1,""1820"":1,""1821"":1,""1822"":1,""1823"":2,""1824"":1,""1825"":1,""1826"":1,""1827"":2,""1828"":1,""1829"":1,""1830"":1,""1831"":1,""1832"":1,""1833"":1,""1834"":1,""1835"":1,""1836"":7,""1837"":1,""1838"":1,""1839"":1,""1840"":1,""1841"":1,""1842"":3,""1843"":2,""1844"":1,""1845"":1,""1846"":1,""1847"":1,""1848"":1,""1849"":2,""1850"":1,""1851"":1,""1852"":1,""1853"":1,""1854"":1,""1855"":1,""1856"":2,""1857"":1,""1858"":1,""1859"":1,""1860"":1,""1861"":2,""1862"":1,""1863"":1,""1864"":1,""1865"":1,""1866"":1,""1867"":2,""1868"":1,""1869"":1,""1870"":1,""1871"":3,""1872"":1,""1873"":1,""1874"":1,""1875"":2,""1876"":1,""1877"":2,""1878"":1,""1879"":2,""1880"":1,""1881"":1,""1882"":1,""1883"":1,""1884"":1,""1885"":1,""1886"":1,""1887"":1,""1888"":3,""1889"":2,""1890"":1,""1891"":1,""1892"":19,""1893"":1,""1894"":1,""1895"":1,""1896"":1,""1897"":2,""1898"":1,""1899"":1,""1900"":1,""1901"":1,""1902"":1,""1903"":1,""1904"":3,""1905"":1,""1906"":1,""1907"":1,""1908"":1,""1909"":1,""1910"":1,""1911"":1,""1912"":1,""1913"":1,""1914"":1,""1915"":1,""1916"":2,""1917"":1,""1918"":1,""1919"":1,""1920"":1,""1921"":1,""1922"":1,""1923"":1,""1924"":1,""1925"":544,""1926"":1,""1927"":1,""1928"":5,""1929"":2,""1930"":1,""1931"":1,""1932"":1,""1933"":1,""1934"":1,""1935"":4,""1936"":1,""1937"":1,""1938"":1,""1939"":8,""1940"":9153,""1941"":1,""1942"":1,""1943"":2,""1944"":1,""1945"":1,""1946"":10,""1947"":2,""1948"":33,""1949"":1,""1950"":1,""1951"":1,""1952"":5,""1953"":1,""1954"":4,""1955"":1055,""1956"":1,""1957"":27,""1958"":2,""1959"":6,""1960"":1,""1961"":34,""1962"":16,""1963"":1,""1964"":1,""1965"":4,""1966"":1,""1967"":1,""1968"":8,""1969"":2,""1970"":2,""1971"":1,""1972"":1,""1973"":1,""1974"":1,""1975"":5,""1976"":2,""1977"":1,""1978"":3,""1979"":1,""1980"":3,""1981"":4,""1982"":1,""1983"":1,""1984"":2,""1985"":3,""1986"":1,""1987"":1,""1988"":1,""1989"":2,""1990"":1,""1991"":1,""1992"":1,""1993"":1,""1994"":1}",617
rich,classix,classix_r0.50_m5_distance,"{""group_merging"":""distance"",""mergeScale"":1.5,""mergeTinyGroups"":true,""metric"":""euclidean"",""minPts"":5,""post_alloc"":false,""radius"":0.5,""sorting"":""pca""}",,11719,7,7,0,0.0,0.8918849731205735,True,0.25695931093198154,0.9083412415062699,681.0509010347457,0.0912735000019893,"{""0"":42,""1"":10452,""2"":37,""3"":7,""4"":1153,""5"":18,""6"":10}",7
rich,classix,classix_r0.50_m5_density,"{""group_merging"":""density"",""mergeScale"":1.5,""mergeTinyGroups"":true,""metric"":""euclidean"",""minPts"":5,""post_alloc"":false,""radius"":0.5,""sorting"":""pca""}",,11719,24,25,730,0.062292004437238674,0.8329238329238329,True,0.06916844827866982,1.0491436970273411,196.79611151133457,4.049311625014525,"{""-1"":730,""1396"":8,""1411"":6,""1415"":6,""1462"":9,""1482"":5,""1504"":5,""1637"":6,""1764"":9,""1836"":7,""1892"":19,""1925"":544,""1928"":5,""1939"":8,""1940"":9153,""1946"":10,""1948"":33,""1952"":5,""1955"":1055,""1957"":27,""1959"":6,""1961"":34,""1962"":16,""1968"":8,""1975"":5}",24
rich,classix,classix_r0.50_m10_distance,"{""group_merging"":""distance"",""mergeScale"":1.5,""mergeTinyGroups"":true,""metric"":""euclidean"",""minPts"":10,""post_alloc"":false,""radius"":0.5,""sorting"":""pca""}",,11719,4,4,0,0.0,0.8940182609437666,True,0.2800968645659249,0.9958748077498671,1246.9065876855846,0.08204912499058992,"{""0"":42,""1"":10477,""2"":37,""3"":1163}",4
rich,classix,classix_r0.50_m10_density,"{""group_merging"":""density"",""mergeScale"":1.5,""mergeTinyGroups"":true,""metric"":""euclidean"",""minPts"":10,""post_alloc"":false,""radius"":0.5,""sorting"":""pca""}",,11719,9,10,828,0.07065449270415565,0.8404186943347718,True,0.10291478411703255,1.3604969395893052,380.2240382548736,2.556801665981766,"{""-1"":828,""1892"":19,""1925"":544,""1940"":9153,""1946"":10,""1948"":33,""1955"":1055,""1957"":27,""1961"":34,""1962"":16}",9
rich,classix,classix_r0.55_m1_distance,"{""group_merging"":""distance"",""mergeScale"":1.5,""mergeTinyGroups"":true,""metric"":""euclidean"",""minPts"":1,""post_alloc"":false,""radius"":0.55,""sorting"":""pca""}",,11719,123,123,0,0.0,0.8860824302414881,True,0.08993291055848844,0.41646665974494634,29.722767971124913,0.04902949999086559,"{""0"":1,""1"":1,""2"":1,""3"":1,""4"":2,""5"":1,""6"":10384,""7"":1,""8"":3,""9"":1,""10"":2,""11"":1,""12"":1,""13"":1,""14"":1,""15"":1,""16"":2,""17"":1,""18"":1,""19"":1,""20"":1,""21"":1,""22"":4,""23"":1,""24"":1,""25"":1,""26"":3,""27"":1,""28"":1,""29"":1,""30"":1,""31"":1,""32"":1,""33"":1,""34"":1,""35"":1,""36"":2,""37"":5,""38"":1,""39"":1,""40"":1,""41"":1,""42"":1,""43"":1,""44"":1,""45"":1,""46"":1,""47"":1,""48"":1,""49"":1,""50"":1,""51"":1,""52"":1134,""53"":1,""54"":3,""55"":1,""56"":1,""57"":2,""58"":1,""59"":1,""60"":2,""61"":1,""62"":1,""63"":1,""64"":1,""65"":1,""66"":1,""67"":1,""68"":1,""69"":1,""70"":1,""71"":1,""72"":1,""73"":1,""74"":1,""75"":1,""76"":1,""77"":1,""78"":1,""79"":2,""80"":1,""81"":1,""82"":1,""83"":1,""84"":1,""85"":1,""86"":1,""87"":1,""88"":1,""89"":1,""90"":1,""91"":1,""92"":9,""93"":34,""94"":1,""95"":1,""96"":3,""97"":2,""98"":1,""99"":6,""100"":1,""101"":1,""102"":1,""103"":2,""104"":1,""105"":1,""106"":1,""107"":1,""108"":3,""109"":4,""110"":1,""111"":4,""112"":1,""113"":2,""114"":1,""115"":1,""116"":1,""117"":2,""118"":1,""119"":1,""120"":1,""121"":1,""122"":1}",123
rich,classix,classix_r0.55_m1_density,"{""group_merging"":""density"",""mergeScale"":1.5,""mergeTinyGroups"":true,""metric"":""euclidean"",""minPts"":1,""post_alloc"":false,""radius"":0.55,""sorting"":""pca""}",,11719,465,465,0,0.0,0.8423926956224934,True,-0.16097178712822094,0.5205218518730884,20.503991242442563,2.4074951669899747,"{""1140"":1,""1141"":1,""1142"":1,""1143"":1,""1144"":1,""1145"":4,""1146"":1,""1147"":2,""1148"":1,""1149"":1,""1150"":1,""1151"":1,""1152"":1,""1153"":1,""1154"":1,""1155"":2,""1156"":9,""1157"":1,""1158"":1,""1159"":1,""1160"":1,""1161"":4,""1162"":1,""1163"":1,""1164"":1,""1165"":1,""1166"":10,""1167"":1,""1168"":1,""1169"":6,""1170"":1,""1171"":2,""1172"":1,""1173"":1,""1174"":1,""1175"":1,""1176"":1,""1177"":1,""1178"":1,""1179"":4,""1180"":1,""1181"":1,""1182"":1,""1183"":1,""1184"":1,""1185"":1,""1186"":2,""1187"":1,""1188"":1,""1189"":1,""1190"":1,""1191"":1,""1192"":1,""1193"":1,""1194"":1,""1195"":1,""1196"":1,""1197"":1,""1198"":1,""1199"":1,""1200"":3,""1201"":1,""1202"":1,""1203"":2,""1204"":1,""1205"":1,""1206"":1,""1207"":9,""1208"":4,""1209"":1,""1210"":1,""1211"":2,""1212"":4,""1213"":1,""1214"":1,""1215"":1,""1216"":1,""1217"":1,""1218"":1,""1219"":1,""1220"":1,""1221"":2,""1222"":2,""1223"":1,""1224"":1,""1225"":1,""1226"":1,""1227"":1,""1228"":1,""1229"":1,""1230"":1,""1231"":2,""1232"":1,""1233"":1,""1234"":1,""1235"":1,""1236"":1,""1237"":1,""1238"":2,""1239"":1,""1240"":1,""1241"":1,""1242"":1,""1243"":5,""1244"":1,""1245"":1,""1246"":1,""1247"":1,""1248"":2,""1249"":1,""1250"":1,""1251"":1,""1252"":1,""1253"":3,""1254"":1,""1255"":4,""1256"":1,""1257"":1,""1258"":2,""1259"":1,""1260"":1,""1261"":1,""1262"":1,""1263"":1,""1264"":1,""1265"":1,""1266"":1,""1267"":1,""1268"":1,""1269"":1,""1270"":2,""1271"":1,""1272"":1,""1273"":1,""1274"":1,""1275"":1,""1276"":1,""1277"":1,""1278"":1,""1279"":1,""1280"":1,""1281"":1,""1282"":1,""1283"":1,""1284"":1,""1285"":1,""1286"":3,""1287"":1,""1288"":2,""1289"":1,""1290"":2,""1291"":1,""1292"":1,""1293"":1,""1294"":1,""1295"":1,""1296"":1,""1297"":3,""1298"":1,""1299"":1,""1300"":2,""1301"":1,""1302"":1,""1303"":1,""1304"":1,""1305"":2,""1306"":1,""1307"":1,""1308"":1,""1309"":1,""1310"":1,""1311"":1,""1312"":1,""1313"":1,""1314"":1,""1315"":1,""1316"":1,""1317"":1,""1318"":4,""1319"":2,""1320"":1,""1321"":1,""1322"":1,""1323"":2,""1324"":1,""1325"":1,""1326"":1,""1327"":2,""1328"":3,""1329"":2,""1330"":1,""1331"":1,""1332"":1,""1333"":1,""1334"":1,""1335"":8,""1336"":1,""1337"":2,""1338"":1,""1339"":2,""1340"":1,""1341"":1,""1342"":1,""1343"":1,""1344"":1,""1345"":1,""1346"":1,""1347"":1,""1348"":1,""1349"":1,""1350"":1,""1351"":1,""1352"":2,""1353"":1,""1354"":1,""1355"":1,""1356"":1,""1357"":1,""1358"":1,""1359"":1,""1360"":1,""1361"":2,""1362"":1,""1363"":1,""1364"":3,""1365"":1,""1366"":1,""1367"":1,""1368"":1,""1369"":1,""1370"":1,""1371"":1,""1372"":2,""1373"":1,""1374"":3,""1375"":2,""1376"":1,""1377"":1,""1378"":1,""1379"":1,""1380"":2,""1381"":1,""1382"":1,""1383"":1,""1384"":1,""1385"":2,""1386"":2,""1387"":1,""1388"":1,""1389"":1,""1390"":1,""1391"":1,""1392"":1,""1393"":1,""1394"":1,""1395"":1,""1396"":1,""1397"":1,""1398"":1,""1399"":1,""1400"":1,""1401"":1,""1402"":2,""1403"":3,""1404"":2,""1405"":1,""1406"":1,""1407"":2,""1408"":1,""1409"":1,""1410"":1,""1411"":1,""1412"":2,""1413"":1,""1414"":1,""1415"":3,""1416"":1,""1417"":2,""1418"":1,""1419"":1,""1420"":1,""1421"":2,""1422"":1,""1423"":4,""1424"":1,""1425"":1,""1426"":1,""1427"":2,""1428"":1,""1429"":1,""1430"":1,""1431"":1,""1432"":6,""1433"":5,""1434"":1,""1435"":1,""1436"":13,""1437"":1,""1438"":1,""1439"":1,""1440"":1,""1441"":1,""1442"":1,""1443"":1,""1444"":1,""1445"":2,""1446"":1,""1447"":1,""1448"":1,""1449"":1,""1450"":1,""1451"":1,""1452"":2,""1453"":1,""1454"":1,""1455"":1,""1456"":1,""1457"":1,""1458"":1,""1459"":1,""1460"":1,""1461"":1,""1462"":2,""1463"":1,""1464"":1,""1465"":1,""1466"":1,""1467"":1,""1468"":1,""1469"":1,""1470"":2,""1471"":1,""1472"":1,""1473"":1,""1474"":1,""1475"":1,""1476"":1,""1477"":1,""1478"":1,""1479"":1,""1480"":1,""1481"":1,""1482"":1,""1483"":2,""1484"":1,""1485"":1,""1486"":1,""1487"":1,""1488"":1,""1489"":1,""1490"":1,""1491"":1,""1492"":1,""1493"":2,""1494"":1,""1495"":1,""1496"":1,""1497"":1,""1498"":1,""1499"":2,""1500"":1,""1501"":1,""1502"":1,""1503"":2,""1504"":1,""1505"":1,""1506"":1,""1507"":1,""1508"":1,""1509"":1,""1510"":1,""1511"":4,""1512"":1,""1513"":2,""1514"":1,""1515"":1,""1516"":1,""1517"":1,""1518"":1,""1519"":1,""1520"":2,""1521"":1,""1522"":1,""1523"":1,""1524"":1,""1525"":1,""1526"":1,""1527"":2,""1528"":1,""1529"":1,""1530"":1,""1531"":1,""1532"":3,""1533"":1,""1534"":1,""1535"":1,""1536"":1,""1537"":1,""1538"":1,""1539"":1,""1540"":1,""1541"":1,""1542"":1,""1543"":2,""1544"":1,""1545"":1,""1546"":1,""1547"":1,""1548"":1,""1549"":2,""1550"":1,""1551"":1,""1552"":7,""1553"":2,""1554"":6,""1555"":1,""1556"":1,""1557"":1,""1558"":1,""1559"":1,""1560"":1,""1561"":1,""1562"":1,""1563"":2,""1564"":1,""1565"":1,""1566"":1,""1567"":32,""1568"":1,""1569"":9872,""1570"":1,""1571"":1122,""1572"":6,""1573"":32,""1574"":1,""1575"":1,""1576"":1,""1577"":1,""1578"":1,""1579"":2,""1580"":1,""1581"":7,""1582"":1,""1583"":1,""1584"":1,""1585"":5,""1586"":3,""1587"":2,""1588"":1,""1589"":1,""1590"":3,""1591"":4,""1592"":1,""1593"":1,""1594"":2,""1595"":3,""1596"":1,""1597"":1,""1598"":1,""1599"":2,""1600"":1,""1601"":1,""1602"":1,""1603"":1,""1604"":1}",465
rich,classix,classix_r0.55_m5_distance,"{""group_merging"":""distance"",""mergeScale"":1.5,""mergeTinyGroups"":true,""metric"":""euclidean"",""minPts"":5,""post_alloc"":false,""radius"":0.55,""sorting"":""pca""}",,11719,6,6,0,0.0,0.8961515487669597,True,0.1983096041656445,0.9316726795710423,348.66526695877536,0.05737174995010719,"{""0"":10502,""1"":8,""2"":1147,""3"":15,""4"":41,""5"":6}",6
rich,classix,classix_r0.55_m5_density,"{""group_merging"":""density"",""mergeScale"":1.5,""mergeTinyGroups"":true,""metric"":""euclidean"",""minPts"":5,""post_alloc"":false,""radius"":0.55,""sorting"":""pca""}",,11719,18,19,559,0.04770031572659783,0.8845878136200717,True,0.020697665008685757,0.9326435574686267,234.7068202560939,2.163328750000801,"{""-1"":559,""1156"":9,""1166"":10,""1169"":6,""1207"":9,""1243"":5,""1335"":8,""1432"":6,""1433"":5,""1436"":13,""1552"":7,""1554"":6,""1567"":32,""1569"":9872,""1571"":1122,""1572"":6,""1573"":32,""1581"":7,""1585"":5}",18
rich,classix,classix_r0.55_m10_distance,"{""group_merging"":""distance"",""mergeScale"":1.5,""mergeTinyGroups"":true,""metric"":""euclidean"",""minPts"":10,""post_alloc"":false,""radius"":0.55,""sorting"":""pca""}",,11719,3,3,0,0.0,0.8975168529738032,True,0.2541084664643595,1.0627932521353423,828.6084080675216,0.07384270802140236,"{""0"":10518,""1"":1156,""2"":45}",3
rich,classix,classix_r0.55_m10_density,"{""group_merging"":""density"",""mergeScale"":1.5,""mergeTinyGroups"":true,""metric"":""euclidean"",""minPts"":10,""post_alloc"":false,""radius"":0.55,""sorting"":""pca""}",,11719,6,7,638,0.054441505247888045,0.890894323617002,True,0.2619058247266976,0.8377686672732937,577.7525196191149,2.1426472500315867,"{""-1"":638,""1166"":10,""1436"":13,""1567"":32,""1569"":9872,""1571"":1122,""1573"":32}",6
rich,classix,classix_r0.60_m1_distance,"{""group_merging"":""distance"",""mergeScale"":1.5,""mergeTinyGroups"":true,""metric"":""euclidean"",""minPts"":1,""post_alloc"":false,""radius"":0.6,""sorting"":""pca""}",,11719,96,96,0,0.0,0.883949142418295,True,0.14250251150306092,0.44145001064635636,58.201065264379,0.042520707997027785,"{""0"":1,""1"":1,""2"":1,""3"":4,""4"":18,""5"":1,""6"":1,""7"":1,""8"":10359,""9"":19,""10"":1,""11"":1,""12"":1,""13"":1,""14"":2,""15"":1,""16"":1,""17"":39,""18"":4,""19"":1,""20"":3,""21"":1,""22"":1,""23"":1,""24"":1,""25"":1,""26"":1,""27"":1,""28"":2,""29"":1,""30"":1,""31"":1,""32"":1,""33"":1,""34"":3,""35"":1,""36"":1,""37"":1,""38"":1,""39"":1,""40"":1,""41"":1,""42"":1144,""43"":1,""44"":1,""45"":4,""46"":1,""47"":1,""48"":1,""49"":1,""50"":1,""51"":1,""52"":1,""53"":1,""54"":1,""55"":1,""56"":1,""57"":1,""58"":1,""59"":1,""60"":1,""61"":1,""62"":1,""63"":3,""64"":1,""65"":1,""66"":1,""67"":1,""68"":1,""69"":1,""70"":1,""71"":1,""72"":1,""73"":1,""74"":1,""75"":1,""76"":12,""77"":11,""78"":1,""79"":6,""80"":5,""81"":1,""82"":2,""83"":1,""84"":1,""85"":1,""86"":1,""87"":1,""88"":1,""89"":1,""90"":2,""91"":1,""92"":1,""93"":1,""94"":1,""95"":1}",96
rich,classix,classix_r0.60_m1_density,"{""group_merging"":""density"",""mergeScale"":1.5,""mergeTinyGroups"":true,""metric"":""euclidean"",""minPts"":1,""post_alloc"":false,""radius"":0.6,""sorting"":""pca""}",,11719,374,374,0,0.0,0.8522058196091816,True,-0.11720273575405286,0.5210422392101034,23.567714486337653,1.8427100419648923,"{""956"":1,""957"":1,""958"":1,""959"":1,""960"":1,""961"":1,""962"":3,""963"":1,""964"":1,""965"":1,""966"":1,""967"":1,""968"":1,""969"":2,""970"":13,""971"":1,""972"":1,""973"":1,""974"":1,""975"":4,""976"":1,""977"":1,""978"":1,""979"":1,""980"":16,""981"":1,""982"":1,""983"":1,""984"":2,""985"":1,""986"":1,""987"":1,""988"":1,""989"":1,""990"":1,""991"":1,""992"":4,""993"":1,""994"":2,""995"":1,""996"":1,""997"":1,""998"":1,""999"":2,""1000"":1,""1001"":1,""1002"":1,""1003"":1,""1004"":1,""1005"":1,""1006"":1,""1007"":1,""1008"":1,""1009"":1,""1010"":1,""1011"":2,""1012"":1,""1013"":1,""1014"":1,""1015"":4,""1016"":1,""1017"":1,""1018"":2,""1019"":14,""1020"":1,""1021"":1,""1022"":1,""1023"":6,""1024"":1,""1025"":1,""1026"":1,""1027"":2,""1028"":2,""1029"":1,""1030"":1,""1031"":1,""1032"":1,""1033"":1,""1034"":1,""1035"":3,""1036"":1,""1037"":2,""1038"":2,""1039"":1,""1040"":1,""1041"":1,""1042"":1,""1043"":2,""1044"":1,""1045"":1,""1046"":1,""1047"":1,""1048"":1,""1049"":1,""1050"":1,""1051"":1,""1052"":1,""1053"":1,""1054"":1,""1055"":2,""1056"":2,""1057"":3,""1058"":4,""1059"":1,""1060"":2,""1061"":1,""1062"":1,""1063"":1,""1064"":1,""1065"":1,""1066"":2,""1067"":1,""1068"":1,""1069"":1,""1070"":1,""1071"":1,""1072"":1,""1073"":1,""1074"":1,""1075"":1,""1076"":1,""1077"":1,""1078"":1,""1079"":1,""1080"":1,""1081"":1,""1082"":1,""1083"":1,""1084"":1,""1085"":1,""1086"":1,""1087"":1,""1088"":1,""1089"":1,""1090"":1,""1091"":1,""1092"":2,""1093"":1,""1094"":1,""1095"":1,""1096"":1,""1097"":1,""1098"":1,""1099"":1,""1100"":1,""1101"":5,""1102"":4,""1103"":1,""1104"":2,""1105"":2,""1106"":1,""1107"":1,""1108"":1,""1109"":2,""1110"":1,""1111"":4,""1112"":6,""1113"":1,""1114"":1,""1115"":1,""1116"":1,""1117"":1,""1118"":1,""1119"":1,""1120"":1,""1121"":1,""1122"":1,""1123"":1,""1124"":1,""1125"":1,""1126"":1,""1127"":1,""1128"":1,""1129"":1,""1130"":2,""1131"":1,""1132"":1,""1133"":1,""1134"":1,""1135"":1,""1136"":1,""1137"":1,""1138"":1,""1139"":2,""1140"":1,""1141"":1,""1142"":1,""1143"":1,""1144"":1,""1145"":1,""1146"":1,""1147"":1,""1148"":1,""1149"":1,""1150"":1,""1151"":1,""1152"":1,""1153"":2,""1154"":4,""1155"":1,""1156"":1,""1157"":1,""1158"":1,""1159"":1,""1160"":1,""1161"":1,""1162"":2,""1163"":3,""1164"":2,""1165"":1,""1166"":1,""1167"":2,""1168"":1,""1169"":1,""1170"":1,""1171"":1,""1172"":2,""1173"":2,""1174"":1,""1175"":1,""1176"":1,""1177"":2,""1178"":1,""1179"":1,""1180"":1,""1181"":2,""1182"":1,""1183"":1,""1184"":1,""1185"":7,""1186"":2,""1187"":1,""1188"":8,""1189"":1,""1190"":1,""1191"":1,""1192"":1,""1193"":1,""1194"":1,""1195"":1,""1196"":1,""1197"":1,""1198"":1,""1199"":1,""1200"":3,""1201"":1,""1202"":1,""1203"":1,""1204"":1,""1205"":1,""1206"":1,""1207"":1,""1208"":1,""1209"":1,""1210"":2,""1211"":1,""1212"":1,""1213"":1,""1214"":2,""1215"":1,""1216"":1,""1217"":1,""1218"":1,""1219"":1,""1220"":1,""1221"":1,""1222"":1,""1223"":1,""1224"":2,""1225"":1,""1226"":1,""1227"":1,""1228"":1,""1229"":1,""1230"":1,""1231"":1,""1232"":1,""1233"":2,""1234"":1,""1235"":1,""1236"":1,""1237"":1,""1238"":2,""1239"":1,""1240"":2,""1241"":1,""1242"":1,""1243"":1,""1244"":1,""1245"":1,""1246"":1,""1247"":1,""1248"":1,""1249"":1,""1250"":1,""1251"":1,""1252"":1,""1253"":1,""1254"":1,""1255"":1,""1256"":2,""1257"":1,""1258"":1,""1259"":1,""1260"":1,""1261"":5,""1262"":1,""1263"":1,""1264"":2,""1265"":1,""1266"":1,""1267"":1,""1268"":1,""1269"":1,""1270"":1,""1271"":1,""1272"":1,""1273"":1,""1274"":1,""1275"":1,""1276"":1,""1277"":1,""1278"":2,""1279"":1,""1280"":2,""1281"":1,""1282"":1,""1283"":1,""1284"":1,""1285"":1,""1286"":1,""1287"":1,""1288"":2,""1289"":1,""1290"":1,""1291"":1,""1292"":32,""1293"":1,""1294"":9987,""1295"":3,""1296"":1,""1297"":6,""1298"":1,""1299"":1,""1300"":1,""1301"":1,""1302"":1127,""1303"":1,""1304"":32,""1305"":2,""1306"":1,""1307"":7,""1308"":1,""1309"":1,""1310"":1,""1311"":5,""1312"":3,""1313"":2,""1314"":1,""1315"":1,""1316"":4,""1317"":1,""1318"":1,""1319"":2,""1320"":3,""1321"":1,""1322"":1,""1323"":1,""1324"":2,""1325"":1,""1326"":1,""1327"":1,""1328"":1,""1329"":1}",374
rich,classix,classix_r0.60_m5_distance,"{""group_merging"":""distance"",""mergeScale"":1.5,""mergeTinyGroups"":true,""metric"":""euclidean"",""minPts"":5,""post_alloc"":false,""radius"":0.6,""sorting"":""pca""}",,11719,9,9,0,0.0,0.8899223483232358,True,0.23663806478083171,0.9574886050570028,528.6934009096138,0.047635208000428975,"{""0"":24,""1"":10429,""2"":19,""3"":40,""4"":1155,""5"":15,""6"":20,""7"":6,""8"":11}",9
rich,classix,classix_r0.60_m5_density,"{""group_merging"":""density"",""mergeScale"":1.5,""mergeTinyGroups"":true,""metric"":""euclidean"",""minPts"":5,""post_alloc"":false,""radius"":0.6,""sorting"":""pca""}",,11719,16,17,443,0.03780186022698182,0.8856864136218517,True,0.16234365332629794,0.8460676514248351,282.81469539905703,1.739882875001058,"{""-1"":443,""970"":13,""980"":16,""1019"":14,""1023"":6,""1101"":5,""1112"":6,""1185"":7,""1188"":8,""1261"":5,""1292"":32,""1294"":9987,""1297"":6,""1302"":1127,""1304"":32,""1307"":7,""1311"":5}",16
rich,classix,classix_r0.60_m10_distance,"{""group_merging"":""distance"",""mergeScale"":1.5,""mergeTinyGroups"":true,""metric"":""euclidean"",""minPts"":10,""post_alloc"":false,""radius"":0.6,""sorting"":""pca""}",,11719,7,7,0,0.0,0.8902636743749467,True,0.27978154056325705,0.9743406824120916,694.2134120131672,0.0469839169527404,"{""0"":24,""1"":10433,""2"":19,""3"":40,""4"":1162,""5"":20,""6"":21}",7
rich,classix,classix_r0.60_m10_density,"{""group_merging"":""density"",""mergeScale"":1.5,""mergeTinyGroups"":true,""metric"":""euclidean"",""minPts"":10,""post_alloc"":false,""radius"":0.6,""sorting"":""pca""}",,11719,7,8,498,0.042495093438006656,0.8900276267712325,True,0.25957497717938877,0.8991860212673581,658.0126576353734,1.974662458000239,"{""-1"":498,""970"":13,""980"":16,""1019"":14,""1292"":32,""1294"":9987,""1302"":1127,""1304"":32}",7
rich,classix,classix_r0.65_m1_distance,"{""group_merging"":""distance"",""mergeScale"":1.5,""mergeTinyGroups"":true,""metric"":""euclidean"",""minPts"":1,""post_alloc"":false,""radius"":0.65,""sorting"":""pca""}",,11719,69,69,0,0.0,0.8939329294308388,True,0.17615874093361053,0.41957503644485455,42.47544135506807,0.09762483299709857,"{""0"":1,""1"":2,""2"":6,""3"":10476,""4"":1,""5"":1,""6"":1,""7"":1,""8"":1,""9"":2,""10"":1,""11"":2,""12"":1,""13"":1,""14"":1,""15"":1,""16"":1,""17"":1,""18"":1,""19"":2,""20"":1,""21"":1,""22"":1,""23"":1,""24"":1138,""25"":1,""26"":1,""27"":4,""28"":1,""29"":1,""30"":1,""31"":1,""32"":2,""33"":1,""34"":1,""35"":1,""36"":1,""37"":1,""38"":1,""39"":1,""40"":1,""41"":1,""42"":3,""43"":1,""44"":1,""45"":1,""46"":1,""47"":1,""48"":1,""49"":1,""50"":1,""51"":1,""52"":12,""53"":1,""54"":8,""55"":5,""56"":1,""57"":1,""58"":1,""59"":1,""60"":1,""61"":1,""62"":1,""63"":2,""64"":1,""65"":1,""66"":1,""67"":1,""68"":1}",69
rich,classix,classix_r0.65_m1_density,"{""group_merging"":""density"",""mergeScale"":1.5,""mergeTinyGroups"":true,""metric"":""euclidean"",""minPts"":1,""post_alloc"":false,""radius"":0.65,""sorting"":""pca""}",,11719,272,272,0,0.0,0.8644935574707739,True,-0.1139511892015445,0.5030149731678671,28.52559698612493,3.2067118330160156,"{""792"":1,""793"":1,""794"":1,""795"":1,""796"":1,""797"":1,""798"":3,""799"":1,""800"":1,""801"":1,""802"":1,""803"":1,""804"":4,""805"":14,""806"":1,""807"":1,""808"":1,""809"":1,""810"":3,""811"":1,""812"":1,""813"":5,""814"":1,""815"":17,""816"":2,""817"":2,""818"":1,""819"":1,""820"":1,""821"":1,""822"":1,""823"":1,""824"":1,""825"":2,""826"":1,""827"":1,""828"":1,""829"":1,""830"":2,""831"":1,""832"":1,""833"":1,""834"":1,""835"":1,""836"":1,""837"":2,""838"":1,""839"":1,""840"":1,""841"":1,""842"":3,""843"":1,""844"":7,""845"":2,""846"":1,""847"":2,""848"":1,""849"":1,""850"":2,""851"":1,""852"":1,""853"":1,""854"":2,""855"":2,""856"":1,""857"":1,""858"":1,""859"":1,""860"":1,""861"":1,""862"":1,""863"":1,""864"":1,""865"":1,""866"":2,""867"":2,""868"":28,""869"":1,""870"":1,""871"":1,""872"":1,""873"":1,""874"":1,""875"":1,""876"":1,""877"":1,""878"":1,""879"":1,""880"":1,""881"":1,""882"":2,""883"":1,""884"":1,""885"":1,""886"":1,""887"":1,""888"":1,""889"":1,""890"":2,""891"":1,""892"":1,""893"":1,""894"":1,""895"":1,""896"":2,""897"":1,""898"":1,""899"":5,""900"":1,""901"":2,""902"":1,""903"":8,""904"":1,""905"":1,""906"":1,""907"":1,""908"":1,""909"":1,""910"":1,""911"":1,""912"":1,""913"":1,""914"":1,""915"":2,""916"":1,""917"":1,""918"":1,""919"":1,""920"":1,""921"":2,""922"":1,""923"":1,""924"":1,""925"":1,""926"":1,""927"":1,""928"":1,""929"":1,""930"":2,""931"":5,""932"":1,""933"":1,""934"":1,""935"":1,""936"":4,""937"":1,""938"":1,""939"":1,""940"":1,""941"":2,""942"":1,""943"":1,""944"":1,""945"":1,""946"":1,""947"":1,""948"":1,""949"":1,""950"":1,""951"":1,""952"":1,""953"":1,""954"":1,""955"":1,""956"":1,""957"":1,""958"":1,""959"":1,""960"":1,""961"":1,""962"":1,""963"":1,""964"":3,""965"":1,""966"":1,""967"":1,""968"":1,""969"":3,""970"":1,""971"":1,""972"":1,""973"":1,""974"":1,""975"":1,""976"":1,""977"":2,""978"":1,""979"":1,""980"":1,""981"":1,""982"":2,""983"":1,""984"":1,""985"":1,""986"":1,""987"":1,""988"":1,""989"":1,""990"":1,""991"":1,""992"":1,""993"":1,""994"":1,""995"":1,""996"":2,""997"":1,""998"":1,""999"":1,""1000"":5,""1001"":1,""1002"":1,""1003"":1,""1004"":1,""1005"":1,""1006"":1,""1007"":1,""1008"":1,""1009"":1,""1010"":1,""1011"":1,""1012"":1,""1013"":1,""1014"":1,""1015"":1,""1016"":3,""1017"":1,""1018"":2,""1019"":1,""1020"":1,""1021"":1,""1022"":1,""1023"":2,""1024"":2,""1025"":1,""1026"":1,""1027"":1,""1028"":6,""1029"":1,""1030"":1129,""1031"":1,""1032"":32,""1033"":4,""1034"":1,""1035"":1,""1036"":1,""1037"":1,""1038"":10131,""1039"":2,""1040"":1,""1041"":7,""1042"":1,""1043"":1,""1044"":1,""1045"":5,""1046"":3,""1047"":2,""1048"":1,""1049"":1,""1050"":4,""1051"":1,""1052"":1,""1053"":2,""1054"":3,""1055"":1,""1056"":1,""1057"":1,""1058"":2,""1059"":1,""1060"":1,""1061"":1,""1062"":1,""1063"":1}",272
rich,classix,classix_r0.65_m5_distance,"{""group_merging"":""distance"",""mergeScale"":1.5,""mergeTinyGroups"":true,""metric"":""euclidean"",""minPts"":5,""post_alloc"":false,""radius"":0.65,""sorting"":""pca""}",,11719,6,6,0,0.0,0.898199505077225,True,0.2329288260983295,0.9575098333763274,396.982812072705,0.05152666597859934,"{""0"":7,""1"":10526,""2"":1146,""3"":22,""4"":8,""5"":10}",6
rich,classix,classix_r0.65_m5_density,"{""group_merging"":""density"",""mergeScale"":1.5,""mergeTinyGroups"":true,""metric"":""euclidean"",""minPts"":5,""post_alloc"":false,""radius"":0.65,""sorting"":""pca""}",,11719,15,16,315,0.026879426572233127,0.8883725008768854,True,0.16256692259523242,0.7606685799330754,305.3645349153944,4.048096709011588,"{""-1"":315,""805"":14,""813"":5,""815"":17,""844"":7,""868"":28,""899"":5,""903"":8,""931"":5,""1000"":5,""1028"":6,""1030"":1129,""1032"":32,""1038"":10131,""1041"":7,""1045"":5}",15
rich,classix,classix_r0.65_m10_distance,"{""group_merging"":""distance"",""mergeScale"":1.5,""mergeTinyGroups"":true,""metric"":""euclidean"",""minPts"":10,""post_alloc"":false,""radius"":0.65,""sorting"":""pca""}",,11719,3,3,0,0.0,0.8988821571806468,True,0.26770982607812116,1.0338246940831124,863.6326314785204,0.04523804195923731,"{""0"":10534,""1"":1161,""2"":24}",3
rich,classix,classix_r0.65_m10_density,"{""group_merging"":""density"",""mergeScale"":1.5,""mergeTinyGroups"":true,""metric"":""euclidean"",""minPts"":10,""post_alloc"":false,""radius"":0.65,""sorting"":""pca""}",,11719,6,7,368,0.03140199675740251,0.8925204827768478,True,0.24993078686927697,0.8674554337128925,785.3760422204892,2.854665833991021,"{""-1"":368,""805"":14,""815"":17,""868"":28,""1030"":1129,""1032"":32,""1038"":10131}",6
rich,classix,classix_r0.70_m1_distance,"{""group_merging"":""distance"",""mergeScale"":1.5,""mergeTinyGroups"":true,""metric"":""euclidean"",""minPts"":1,""post_alloc"":false,""radius"":0.7,""sorting"":""pca""}",,11719,48,48,0,0.0,0.8963222117928151,True,0.19301228901683884,0.41827248133080924,57.51797937901627,0.04024045797996223,"{""0"":1,""1"":2,""2"":6,""3"":10504,""4"":1,""5"":4,""6"":1,""7"":2,""8"":1,""9"":1,""10"":1,""11"":2,""12"":1,""13"":1,""14"":1,""15"":1152,""16"":1,""17"":1,""18"":4,""19"":1,""20"":1,""21"":1,""22"":2,""23"":1,""24"":1,""25"":1,""26"":1,""27"":2,""28"":1,""29"":1,""30"":1,""31"":1,""32"":1,""33"":1,""34"":1,""35"":1,""36"":1,""37"":1,""38"":1,""39"":1,""40"":1,""41"":1,""42"":2,""43"":1,""44"":1,""45"":1,""46"":1,""47"":1}",48
rich,classix,classix_r0.70_m1_density,"{""group_merging"":""density"",""mergeScale"":1.5,""mergeTinyGroups"":true,""metric"":""euclidean"",""minPts"":1,""post_alloc"":false,""radius"":0.7,""sorting"":""pca""}",,11719,207,207,0,0.0,0.8703814318627869,True,-0.029739612757399836,0.4894878543092,32.05933540735244,3.009693709027488,"{""672"":1,""673"":1,""674"":1,""675"":1,""676"":1,""677"":1,""678"":3,""679"":1,""680"":2,""681"":1,""682"":1,""683"":4,""684"":1,""685"":1,""686"":1,""687"":3,""688"":1,""689"":1,""690"":1,""691"":2,""692"":33,""693"":1,""694"":1,""695"":1,""696"":1,""697"":2,""698"":1,""699"":8,""700"":1,""701"":1,""702"":1,""703"":1,""704"":3,""705"":1,""706"":1,""707"":1,""708"":2,""709"":2,""710"":1,""711"":1,""712"":1,""713"":3,""714"":2,""715"":2,""716"":1,""717"":1,""718"":1,""719"":2,""720"":1,""721"":1,""722"":1,""723"":1,""724"":1,""725"":1,""726"":2,""727"":1,""728"":1,""729"":1,""730"":1,""731"":2,""732"":2,""733"":1,""734"":1,""735"":1,""736"":1,""737"":1,""738"":1,""739"":1,""740"":3,""741"":1,""742"":1,""743"":1,""744"":1,""745"":1,""746"":1,""747"":1,""748"":1,""749"":1,""750"":1,""751"":1,""752"":1,""753"":5,""754"":1,""755"":1,""756"":1,""757"":2,""758"":1,""759"":1,""760"":1,""761"":1,""762"":1,""763"":1,""764"":1,""765"":1,""766"":1,""767"":1,""768"":1,""769"":1,""770"":1,""771"":1,""772"":1,""773"":1,""774"":5,""775"":1,""776"":1,""777"":4,""778"":1,""779"":1,""780"":1,""781"":2,""782"":1,""783"":1,""784"":1,""785"":1,""786"":1,""787"":1,""788"":2,""789"":2,""790"":1,""791"":1,""792"":1,""793"":1,""794"":1,""795"":1,""796"":3,""797"":1,""798"":1,""799"":1,""800"":1,""801"":1,""802"":1,""803"":1,""804"":1,""805"":1,""806"":1,""807"":1,""808"":1,""809"":1,""810"":1,""811"":1,""812"":1,""813"":1,""814"":1,""815"":1,""816"":3,""817"":1,""818"":1,""819"":1,""820"":5,""821"":1,""822"":1,""823"":1,""824"":1,""825"":1,""826"":3,""827"":1,""828"":1,""829"":1,""830"":1,""831"":1,""832"":1,""833"":1,""834"":3,""835"":1,""836"":1,""837"":1,""838"":1,""839"":1132,""840"":2,""841"":1,""842"":2,""843"":1,""844"":10200,""845"":1,""846"":4,""847"":1,""848"":32,""849"":1,""850"":1,""851"":1,""852"":1,""853"":34,""854"":2,""855"":1,""856"":7,""857"":1,""858"":1,""859"":1,""860"":5,""861"":3,""862"":2,""863"":1,""864"":1,""865"":4,""866"":1,""867"":1,""868"":2,""869"":5,""870"":1,""871"":1,""872"":1,""873"":2,""874"":1,""875"":1,""876"":1,""877"":1,""878"":1}",207
rich,classix,classix_r0.70_m5_distance,"{""group_merging"":""distance"",""mergeScale"":1.5,""mergeTinyGroups"":true,""metric"":""euclidean"",""minPts"":5,""post_alloc"":false,""radius"":0.7,""sorting"":""pca""}",,11719,3,3,0,0.0,0.8998208038228518,True,0.265896379880452,0.9003996808079044,866.2721516268898,0.03907958295894787,"{""0"":7,""1"":10545,""2"":1167}",3
rich,classix,classix_r0.70_m5_density,"{""group_merging"":""density"",""mergeScale"":1.5,""mergeTinyGroups"":true,""metric"":""euclidean"",""minPts"":5,""post_alloc"":false,""radius"":0.7,""sorting"":""pca""}",,11719,12,13,248,0.021162215206075603,0.8891988492720774,True,0.17688714003110992,0.7603304970074122,339.21559485250054,2.3324257080093957,"{""-1"":248,""692"":33,""699"":8,""753"":5,""774"":5,""820"":5,""839"":1132,""844"":10200,""848"":32,""853"":34,""856"":7,""860"":5,""869"":5}",12
rich,classix,classix_r0.70_m10_distance,"{""group_merging"":""distance"",""mergeScale"":1.5,""mergeTinyGroups"":true,""metric"":""euclidean"",""minPts"":10,""post_alloc"":false,""radius"":0.7,""sorting"":""pca""}",,11719,2,2,0,0.0,0.9004181244133459,True,0.2685406582819091,1.204355991513368,1516.802318738417,0.0461580419796519,"{""0"":10552,""1"":1167}",2
rich,classix,classix_r0.70_m10_density,"{""group_merging"":""density"",""mergeScale"":1.5,""mergeTinyGroups"":true,""metric"":""euclidean"",""minPts"":10,""post_alloc"":false,""radius"":0.7,""sorting"":""pca""}",,11719,5,6,288,0.02457547572318457,0.8923103840433908,True,0.2439647774627407,0.9229994155563499,856.2380889062084,2.1898934170021676,"{""-1"":288,""692"":33,""839"":1132,""844"":10200,""848"":32,""853"":34}",5
rich,classix,classix_r0.75_m1_distance,"{""group_merging"":""distance"",""mergeScale"":1.5,""mergeTinyGroups"":true,""metric"":""euclidean"",""minPts"":1,""post_alloc"":false,""radius"":0.75,""sorting"":""pca""}",,11719,35,35,0,0.0,0.8976875159996587,True,0.2286000392960337,0.384756807216825,70.43462402928017,0.038176999951247126,"{""0"":1,""1"":2,""2"":10520,""3"":4,""4"":1,""5"":2,""6"":2,""7"":1,""8"":1,""9"":6,""10"":1,""11"":1,""12"":1154,""13"":1,""14"":1,""15"":1,""16"":1,""17"":1,""18"":1,""19"":1,""20"":1,""21"":1,""22"":1,""23"":1,""24"":1,""25"":1,""26"":1,""27"":1,""28"":1,""29"":2,""30"":1,""31"":1,""32"":1,""33"":1,""34"":1}",35
rich,classix,classix_r0.75_m1_density,"{""group_merging"":""density"",""mergeScale"":1.5,""mergeTinyGroups"":true,""metric"":""euclidean"",""minPts"":1,""post_alloc"":false,""radius"":0.75,""sorting"":""pca""}",,11719,157,157,0,0.0,0.8815598600563188,True,0.06239004262156229,0.46437646910304564,35.36485308154023,2.356023499974981,"{""559"":1,""560"":1,""561"":1,""562"":1,""563"":1,""564"":1,""565"":3,""566"":1,""567"":3,""568"":1,""569"":1,""570"":1,""571"":3,""572"":1,""573"":2,""574"":1,""575"":2,""576"":33,""577"":1,""578"":2,""579"":1,""580"":2,""581"":1,""582"":2,""583"":1,""584"":3,""585"":1,""586"":1,""587"":1,""588"":2,""589"":1,""590"":1,""591"":1,""592"":3,""593"":3,""594"":1,""595"":1,""596"":1,""597"":1,""598"":1,""599"":1,""600"":1,""601"":1,""602"":2,""603"":1,""604"":1,""605"":1,""606"":1,""607"":2,""608"":1,""609"":1,""610"":2,""611"":1,""612"":1,""613"":1,""614"":1,""615"":1,""616"":1,""617"":1,""618"":1,""619"":5,""620"":1,""621"":1,""622"":1,""623"":1,""624"":1,""625"":1,""626"":3,""627"":1,""628"":1,""629"":2,""630"":1,""631"":1,""632"":1,""633"":1,""634"":1,""635"":1,""636"":1,""637"":4,""638"":1,""639"":1,""640"":2,""641"":1,""642"":1,""643"":1,""644"":1,""645"":2,""646"":1,""647"":1,""648"":1,""649"":1,""650"":1,""651"":1,""652"":1,""653"":1,""654"":1,""655"":1,""656"":1,""657"":1,""658"":1,""659"":1,""660"":2,""661"":1,""662"":1,""663"":1,""664"":1,""665"":2,""666"":3,""667"":1,""668"":1,""669"":1,""670"":1,""671"":1,""672"":1,""673"":1,""674"":1,""675"":1,""676"":1,""677"":1,""678"":1,""679"":1,""680"":2,""681"":1,""682"":1,""683"":1,""684"":1137,""685"":2,""686"":1,""687"":1,""688"":4,""689"":10331,""690"":1,""691"":1,""692"":1,""693"":1,""694"":1,""695"":7,""696"":1,""697"":1,""698"":1,""699"":5,""700"":3,""701"":1,""702"":4,""703"":1,""704"":1,""705"":2,""706"":6,""707"":1,""708"":1,""709"":1,""710"":2,""711"":1,""712"":1,""713"":1,""714"":1,""715"":1}",157
rich,classix,classix_r0.75_m5_distance,"{""group_merging"":""distance"",""mergeScale"":1.5,""mergeTinyGroups"":true,""metric"":""euclidean"",""minPts"":5,""post_alloc"":false,""radius"":0.75,""sorting"":""pca""}",,11719,3,3,0,0.0,0.9005034559262736,True,0.2605467505246991,1.0054580742988746,773.1847786872354,0.0382608330110088,"{""0"":10553,""1"":6,""2"":1160}",3
rich,classix,classix_r0.75_m5_density,"{""group_merging"":""density"",""mergeScale"":1.5,""mergeTinyGroups"":true,""metric"":""euclidean"",""minPts"":5,""post_alloc"":false,""radius"":0.75,""sorting"":""pca""}",,11719,7,8,195,0.01663964502090622,0.8964769177368969,True,0.2441026470043113,0.6833551397097202,528.3612338449674,1.4590853330446407,"{""-1"":195,""576"":33,""619"":5,""684"":1137,""689"":10331,""695"":7,""699"":5,""706"":6}",7
rich,classix,classix_r0.75_m10_distance,"{""group_merging"":""distance"",""mergeScale"":1.5,""mergeTinyGroups"":true,""metric"":""euclidean"",""minPts"":10,""post_alloc"":false,""radius"":0.75,""sorting"":""pca""}",,11719,2,2,0,0.0,0.9005887874392013,True,0.26741892908106185,1.2011199352936728,1514.8365731243205,0.02369112498126924,"{""0"":10554,""1"":1165}",2
rich,classix,classix_r0.75_m10_density,"{""group_merging"":""density"",""mergeScale"":1.5,""mergeTinyGroups"":true,""metric"":""euclidean"",""minPts"":10,""post_alloc"":false,""radius"":0.75,""sorting"":""pca""}",,11719,3,4,218,0.018602269818243877,0.8982697156768976,True,0.2909136336788067,0.859209473469003,1516.9199025705768,1.2897895839996636,"{""-1"":218,""576"":33,""684"":1137,""689"":10331}",3
rich,classix,classix_r0.80_m1_distance,"{""group_merging"":""distance"",""mergeScale"":1.5,""mergeTinyGroups"":true,""metric"":""euclidean"",""minPts"":1,""post_alloc"":false,""radius"":0.8,""sorting"":""pca""}",,11719,27,27,0,0.0,0.9966720709958188,True,0.33963107558006406,0.3485590731842953,25.503670160029877,0.03432391700334847,"{""0"":3,""1"":11680,""2"":5,""3"":2,""4"":1,""5"":6,""6"":1,""7"":1,""8"":1,""9"":1,""10"":1,""11"":1,""12"":1,""13"":1,""14"":1,""15"":1,""16"":1,""17"":1,""18"":1,""19"":1,""20"":1,""21"":2,""22"":1,""23"":1,""24"":1,""25"":1,""26"":1}",27
rich,classix,classix_r0.80_m1_density,"{""group_merging"":""density"",""mergeScale"":1.5,""mergeTinyGroups"":true,""metric"":""euclidean"",""minPts"":1,""post_alloc"":false,""radius"":0.8,""sorting"":""pca""}",,11719,133,133,0,0.0,0.8865944193190545,True,0.09096754725313086,0.4436661072187043,27.935509240569257,0.9989817090099677,"{""470"":1,""471"":1,""472"":1,""473"":1,""474"":1,""475"":1,""476"":3,""477"":1,""478"":3,""479"":2,""480"":1,""481"":1,""482"":1,""483"":1,""484"":2,""485"":1,""486"":4,""487"":1,""488"":1,""489"":1,""490"":1,""491"":1,""492"":2,""493"":1,""494"":1,""495"":1,""496"":4,""497"":3,""498"":1,""499"":1,""500"":1,""501"":1,""502"":1,""503"":1,""504"":1,""505"":1,""506"":1,""507"":2,""508"":2,""509"":1,""510"":1,""511"":1,""512"":1,""513"":1,""514"":1,""515"":1,""516"":1,""517"":1,""518"":1,""519"":1,""520"":1,""521"":1,""522"":1,""523"":3,""524"":1,""525"":6,""526"":1,""527"":1,""528"":1,""529"":1,""530"":1,""531"":1,""532"":1,""533"":4,""534"":1,""535"":1,""536"":2,""537"":1,""538"":1,""539"":1,""540"":2,""541"":1,""542"":1,""543"":1,""544"":1,""545"":1,""546"":1,""547"":1,""548"":1,""549"":1,""550"":1,""551"":2,""552"":1,""553"":1,""554"":1,""555"":1,""556"":1,""557"":3,""558"":1,""559"":1,""560"":1,""561"":1,""562"":1,""563"":1,""564"":1,""565"":1,""566"":1,""567"":1,""568"":1,""569"":2,""570"":1,""571"":1,""572"":3,""573"":4,""574"":2,""575"":1,""576"":1,""577"":1,""578"":1,""579"":5,""580"":10390,""581"":3,""582"":1,""583"":1,""584"":1,""585"":1,""586"":1143,""587"":3,""588"":4,""589"":1,""590"":4,""591"":1,""592"":1,""593"":2,""594"":1,""595"":1,""596"":1,""597"":2,""598"":1,""599"":1,""600"":1,""601"":1,""602"":1}",133
rich,classix,classix_r0.80_m5_distance,"{""group_merging"":""distance"",""mergeScale"":1.5,""mergeTinyGroups"":true,""metric"":""euclidean"",""minPts"":5,""post_alloc"":false,""radius"":0.8,""sorting"":""pca""}",,11719,3,3,0,0.0,0.9989760218448673,True,0.4779316422474163,0.534018383340897,107.07584991002956,0.025641042040660977,"{""0"":11707,""1"":6,""2"":6}",3
rich,classix,classix_r0.80_m5_density,"{""group_merging"":""density"",""mergeScale"":1.5,""mergeTinyGroups"":true,""metric"":""euclidean"",""minPts"":5,""post_alloc"":false,""radius"":0.8,""sorting"":""pca""}",,11719,4,5,175,0.014933014762351737,0.90003465003465,True,0.2565532575140187,0.868754881350549,585.8398811253287,1.2388854999444447,"{""-1"":175,""525"":6,""579"":5,""580"":10390,""586"":1143}",4
rich,classix,classix_r0.80_m10_distance,"{""group_merging"":""distance"",""mergeScale"":1.5,""mergeTinyGroups"":true,""metric"":""euclidean"",""minPts"":10,""post_alloc"":false,""radius"":0.8,""sorting"":""pca""}",,11719,1,1,0,0.0,1.0,False,,,,0.027187874948140234,"{""0"":11719}",1
rich,classix,classix_r0.80_m10_density,"{""group_merging"":""density"",""mergeScale"":1.5,""mergeTinyGroups"":true,""metric"":""euclidean"",""minPts"":10,""post_alloc"":false,""radius"":0.8,""sorting"":""pca""}",,11719,2,3,186,0.015871661404556703,0.9008930893956473,True,0.281007042630238,1.154570109562351,1695.9580413817619,0.9832145000109449,"{""-1"":186,""580"":10390,""586"":1143}",2
rich,classix,classix_r0.85_m1_distance,"{""group_merging"":""distance"",""mergeScale"":1.5,""mergeTinyGroups"":true,""metric"":""euclidean"",""minPts"":1,""post_alloc"":false,""radius"":0.85,""sorting"":""pca""}",,11719,24,24,0,0.0,0.8986261626418637,True,0.24316710989698817,0.35799315384257246,91.75436222485165,0.0272757500060834,"{""0"":3,""1"":10531,""2"":2,""3"":1162,""4"":1,""5"":1,""6"":1,""7"":1,""8"":1,""9"":1,""10"":1,""11"":1,""12"":1,""13"":1,""14"":1,""15"":1,""16"":1,""17"":1,""18"":2,""19"":1,""20"":1,""21"":1,""22"":1,""23"":1}",24
rich,classix,classix_r0.85_m1_density,"{""group_merging"":""density"",""mergeScale"":1.5,""mergeTinyGroups"":true,""metric"":""euclidean"",""minPts"":1,""post_alloc"":false,""radius"":0.85,""sorting"":""pca""}",,11719,104,104,0,0.0,0.8905196689137298,True,0.12627310719434598,0.41506279790130746,32.4354798828423,0.9368098339764401,"{""413"":1,""414"":1,""415"":1,""416"":1,""417"":1,""418"":1,""419"":3,""420"":1,""421"":3,""422"":2,""423"":1,""424"":1,""425"":1,""426"":1,""427"":2,""428"":1,""429"":1,""430"":2,""431"":1,""432"":2,""433"":1,""434"":1,""435"":1,""436"":4,""437"":3,""438"":1,""439"":1,""440"":1,""441"":1,""442"":1,""443"":1,""444"":1,""445"":2,""446"":1,""447"":1,""448"":1,""449"":1,""450"":1,""451"":1,""452"":1,""453"":1,""454"":1,""455"":1,""456"":1,""457"":1,""458"":1,""459"":1,""460"":1,""461"":1,""462"":1,""463"":1,""464"":1,""465"":2,""466"":1,""467"":1,""468"":1,""469"":1,""470"":1,""471"":1,""472"":1,""473"":1,""474"":1,""475"":1,""476"":1,""477"":1,""478"":1,""479"":1,""480"":3,""481"":1,""482"":1,""483"":1,""484"":1,""485"":1,""486"":1,""487"":1,""488"":1,""489"":1,""490"":1,""491"":1,""492"":1,""493"":3,""494"":1,""495"":1,""496"":1,""497"":1,""498"":10436,""499"":1149,""500"":1,""501"":1,""502"":4,""503"":6,""504"":1,""505"":4,""506"":1,""507"":2,""508"":1,""509"":1,""510"":1,""511"":2,""512"":1,""513"":1,""514"":1,""515"":1,""516"":1}",104
rich,classix,classix_r0.85_m5_distance,"{""group_merging"":""distance"",""mergeScale"":1.5,""mergeTinyGroups"":true,""metric"":""euclidean"",""minPts"":5,""post_alloc"":false,""radius"":0.85,""sorting"":""pca""}",,11719,2,2,0,0.0,0.9005887874392013,True,0.267714510499311,1.201852355871464,1514.641860027293,0.018515291973017156,"{""0"":10554,""1"":1165}",2
rich,classix,classix_r0.85_m5_density,"{""group_merging"":""density"",""mergeScale"":1.5,""mergeTinyGroups"":true,""metric"":""euclidean"",""minPts"":5,""post_alloc"":false,""radius"":0.85,""sorting"":""pca""}",,11719,3,4,128,0.010922433654748698,0.9003537227159003,True,0.276483353806264,0.9221440084965109,862.1152551061516,0.9078755840309896,"{""-1"":128,""498"":10436,""499"":1149,""503"":6}",3
rich,classix,classix_r0.85_m10_distance,"{""group_merging"":""distance"",""mergeScale"":1.5,""mergeTinyGroups"":true,""metric"":""euclidean"",""minPts"":10,""post_alloc"":false,""radius"":0.85,""sorting"":""pca""}",,11719,2,2,0,0.0,0.9005887874392013,True,0.267714510499311,1.201852355871464,1514.641860027293,0.025145208986941725,"{""0"":10554,""1"":1165}",2
rich,classix,classix_r0.85_m10_density,"{""group_merging"":""density"",""mergeScale"":1.5,""mergeTinyGroups"":true,""metric"":""euclidean"",""minPts"":10,""post_alloc"":false,""radius"":0.85,""sorting"":""pca""}",,11719,2,3,134,0.011434422732315043,0.9008200258955545,True,0.27866334141475346,1.1652009479212646,1673.0445477474125,0.828704249986913,"{""-1"":134,""498"":10436,""499"":1149}",2
rich,classix,classix_r0.90_m1_distance,"{""group_merging"":""distance"",""mergeScale"":1.5,""mergeTinyGroups"":true,""metric"":""euclidean"",""minPts"":1,""post_alloc"":false,""radius"":0.9,""sorting"":""pca""}",,11719,19,19,0,0.0,0.9980373752026623,True,0.3680579033712031,0.32147449103621506,25.100021708983864,0.03247758297948167,"{""0"":3,""1"":11696,""2"":2,""3"":1,""4"":1,""5"":1,""6"":1,""7"":1,""8"":1,""9"":1,""10"":1,""11"":1,""12"":1,""13"":1,""14"":3,""15"":1,""16"":1,""17"":1,""18"":1}",19
rich,classix,classix_r0.90_m1_density,"{""group_merging"":""density"",""mergeScale"":1.5,""mergeTinyGroups"":true,""metric"":""euclidean"",""minPts"":1,""post_alloc"":false,""radius"":0.9,""sorting"":""pca""}",,11719,86,86,0,0.0,0.8914583155559348,True,0.15614476932760873,0.4273606017912321,37.86897694843291,0.7155098749790341,"{""352"":1,""353"":1,""354"":1,""355"":1,""356"":1,""357"":4,""358"":5,""359"":1,""360"":1,""361"":1,""362"":2,""363"":1,""364"":1,""365"":2,""366"":4,""367"":1,""368"":3,""369"":1,""370"":1,""371"":1,""372"":1,""373"":1,""374"":1,""375"":1,""376"":2,""377"":1,""378"":1,""379"":1,""380"":1,""381"":1,""382"":1,""383"":1,""384"":1,""385"":1,""386"":1,""387"":1,""388"":1,""389"":1,""390"":1,""391"":1,""392"":2,""393"":1,""394"":1,""395"":1,""396"":1,""397"":1,""398"":1,""399"":1,""400"":1,""401"":1,""402"":1,""403"":1,""404"":1,""405"":3,""406"":1,""407"":1,""408"":1,""409"":1,""410"":1,""411"":1,""412"":1,""413"":1,""414"":1,""415"":1,""416"":1,""417"":1,""418"":5,""419"":1,""420"":2,""421"":10447,""422"":6,""423"":1150,""424"":1,""425"":6,""426"":1,""427"":1,""428"":5,""429"":1,""430"":1,""431"":1,""432"":2,""433"":1,""434"":1,""435"":1,""436"":1,""437"":1}",86
rich,classix,classix_r0.90_m5_distance,"{""group_merging"":""distance"",""mergeScale"":1.5,""mergeTinyGroups"":true,""metric"":""euclidean"",""minPts"":5,""post_alloc"":false,""radius"":0.9,""sorting"":""pca""}",,11719,1,1,0,0.0,1.0,False,,,,0.025133666000328958,"{""0"":11719}",1
rich,classix,classix_r0.90_m5_density,"{""group_merging"":""density"",""mergeScale"":1.5,""mergeTinyGroups"":true,""metric"":""euclidean"",""minPts"":5,""post_alloc"":false,""radius"":0.9,""sorting"":""pca""}",,11719,7,8,95,0.008106493728133799,0.8987439779766001,True,0.26183493609541214,0.889081267681022,326.7457503844659,0.7028514579869807,"{""-1"":95,""358"":5,""418"":5,""421"":10447,""422"":6,""423"":1150,""425"":6,""428"":5}",7
rich,classix,classix_r0.90_m10_distance,"{""group_merging"":""distance"",""mergeScale"":1.5,""mergeTinyGroups"":true,""metric"":""euclidean"",""minPts"":10,""post_alloc"":false,""radius"":0.9,""sorting"":""pca""}",,11719,1,1,0,0.0,1.0,False,,,,0.016195707954466343,"{""0"":11719}",1
rich,classix,classix_r0.90_m10_density,"{""group_merging"":""density"",""mergeScale"":1.5,""mergeTinyGroups"":true,""metric"":""euclidean"",""minPts"":10,""post_alloc"":false,""radius"":0.9,""sorting"":""pca""}",,11719,2,3,122,0.010410444577182354,0.9008364232128999,True,0.2776570274789438,1.166997504170081,1664.1441743525281,0.6679175409954041,"{""-1"":122,""421"":10447,""423"":1150}",2
rich,classix,classix_r0.95_m1_distance,"{""group_merging"":""distance"",""mergeScale"":1.5,""mergeTinyGroups"":true,""metric"":""euclidean"",""minPts"":1,""post_alloc"":false,""radius"":0.95,""sorting"":""pca""}",,11719,17,17,0,0.0,0.9983787012543732,True,0.3676675908422433,0.30190069818241705,24.745273702835515,0.02542316698236391,"{""0"":3,""1"":11700,""2"":2,""3"":1,""4"":1,""5"":1,""6"":1,""7"":1,""8"":1,""9"":1,""10"":1,""11"":1,""12"":1,""13"":1,""14"":1,""15"":1,""16"":1}",17
rich,classix,classix_r0.95_m1_density,"{""group_merging"":""density"",""mergeScale"":1.5,""mergeTinyGroups"":true,""metric"":""euclidean"",""minPts"":1,""post_alloc"":false,""radius"":0.95,""sorting"":""pca""}",,11719,74,74,0,0.0,0.8931649458144892,True,0.18523462882834238,0.41900408233914577,39.35234001162709,0.7827077090041712,"{""313"":1,""314"":1,""315"":1,""316"":1,""317"":1,""318"":5,""319"":1,""320"":1,""321"":1,""322"":2,""323"":1,""324"":1,""325"":1,""326"":1,""327"":1,""328"":1,""329"":2,""330"":1,""331"":1,""332"":5,""333"":1,""334"":1,""335"":1,""336"":1,""337"":1,""338"":1,""339"":1,""340"":1,""341"":1,""342"":1,""343"":1,""344"":1,""345"":1,""346"":1,""347"":1,""348"":1,""349"":1,""350"":1,""351"":2,""352"":1,""353"":1,""354"":1,""355"":1,""356"":3,""357"":1,""358"":1,""359"":1,""360"":1,""361"":1,""362"":2,""363"":1,""364"":1,""365"":1,""366"":1,""367"":1,""368"":1,""369"":10467,""370"":5,""371"":1,""372"":6,""373"":1151,""374"":1,""375"":6,""376"":1,""377"":1,""378"":1,""379"":1,""380"":1,""381"":2,""382"":1,""383"":1,""384"":1,""385"":1,""386"":1}",74
rich,classix,classix_r0.95_m5_distance,"{""group_merging"":""distance"",""mergeScale"":1.5,""mergeTinyGroups"":true,""metric"":""euclidean"",""minPts"":5,""post_alloc"":false,""radius"":0.95,""sorting"":""pca""}",,11719,1,1,0,0.0,1.0,False,,,,0.023399916011840105,"{""0"":11719}",1
rich,classix,classix_r0.95_m5_density,"{""group_merging"":""density"",""mergeScale"":1.5,""mergeTinyGroups"":true,""metric"":""euclidean"",""minPts"":5,""post_alloc"":false,""radius"":0.95,""sorting"":""pca""}",,11719,7,8,74,0.006314531956651591,0.8988407041648776,True,0.24532483786984366,0.870509164653475,319.6571277201335,0.6556026250473224,"{""-1"":74,""318"":5,""332"":5,""369"":10467,""370"":5,""372"":6,""373"":1151,""375"":6}",7
rich,classix,classix_r0.95_m10_distance,"{""group_merging"":""distance"",""mergeScale"":1.5,""mergeTinyGroups"":true,""metric"":""euclidean"",""minPts"":10,""post_alloc"":false,""radius"":0.95,""sorting"":""pca""}",,11719,1,1,0,0.0,1.0,False,,,,0.019227457989472896,"{""0"":11719}",1
rich,classix,classix_r0.95_m10_density,"{""group_merging"":""density"",""mergeScale"":1.5,""mergeTinyGroups"":true,""metric"":""euclidean"",""minPts"":10,""post_alloc"":false,""radius"":0.95,""sorting"":""pca""}",,11719,2,3,101,0.008618482805700146,0.9009295920123945,True,0.2749916711854542,1.1716894173497903,1631.470609201052,0.6582766249775887,"{""-1"":101,""369"":10467,""373"":1151}",2
rich,classix,classix_r1.00_m1_distance,"{""group_merging"":""distance"",""mergeScale"":1.5,""mergeTinyGroups"":true,""metric"":""euclidean"",""minPts"":1,""post_alloc"":false,""radius"":1.0,""sorting"":""pca""}",,11719,13,13,0,0.0,0.9988053588190119,True,0.38083468168299967,0.36446865018647134,18.467864594804873,0.014964249974582344,"{""0"":11705,""1"":2,""2"":1,""3"":1,""4"":1,""5"":1,""6"":1,""7"":2,""8"":1,""9"":1,""10"":1,""11"":1,""12"":1}",13
rich,classix,classix_r1.00_m1_density,"{""group_merging"":""density"",""mergeScale"":1.5,""mergeTinyGroups"":true,""metric"":""euclidean"",""minPts"":1,""post_alloc"":false,""radius"":1.0,""sorting"":""pca""}",,11719,61,61,0,0.0,0.8941035924566942,True,0.20584670524805118,0.4365353193814731,47.17997766992353,0.46359908301383257,"{""267"":1,""268"":2,""269"":1,""270"":6,""271"":1,""272"":2,""273"":1,""274"":5,""275"":1,""276"":1,""277"":1,""278"":1,""279"":2,""280"":1,""281"":2,""282"":1,""283"":1,""284"":1,""285"":1,""286"":1,""287"":1,""288"":4,""289"":1,""290"":1,""291"":2,""292"":1,""293"":1,""294"":1,""295"":1,""296"":1,""297"":1,""298"":1,""299"":1,""300"":4,""301"":1,""302"":1,""303"":1,""304"":1,""305"":1,""306"":1,""307"":1,""308"":1,""309"":1,""310"":6,""311"":1,""312"":1152,""313"":1,""314"":10478,""315"":1,""316"":1,""317"":1,""318"":5,""319"":1,""320"":1,""321"":1,""322"":2,""323"":1,""324"":1,""325"":1,""326"":1,""327"":1}",61
rich,classix,classix_r1.00_m5_distance,"{""group_merging"":""distance"",""mergeScale"":1.5,""mergeTinyGroups"":true,""metric"":""euclidean"",""minPts"":5,""post_alloc"":false,""radius"":1.0,""sorting"":""pca""}",,11719,1,1,0,0.0,1.0,False,,,,0.015337042044848204,"{""0"":11719}",1
rich,classix,classix_r1.00_m5_density,"{""group_merging"":""density"",""mergeScale"":1.5,""mergeTinyGroups"":true,""metric"":""euclidean"",""minPts"":5,""post_alloc"":false,""radius"":1.0,""sorting"":""pca""}",,11719,6,7,67,0.005717211366157522,0.8992447648472365,True,0.2592188095188057,0.7978857932838067,390.212775667417,0.493030917015858,"{""-1"":67,""270"":6,""274"":5,""310"":6,""312"":1152,""314"":10478,""318"":5}",6
rich,classix,classix_r1.00_m10_distance,"{""group_merging"":""distance"",""mergeScale"":1.5,""mergeTinyGroups"":true,""metric"":""euclidean"",""minPts"":10,""post_alloc"":false,""radius"":1.0,""sorting"":""pca""}",,11719,1,1,0,0.0,1.0,False,,,,0.02279970800736919,"{""0"":11719}",1
rich,classix,classix_r1.00_m10_density,"{""group_merging"":""density"",""mergeScale"":1.5,""mergeTinyGroups"":true,""metric"":""euclidean"",""minPts"":10,""post_alloc"":false,""radius"":1.0,""sorting"":""pca""}",,11719,2,3,89,0.007594504650567454,0.9009458297506449,True,0.27445490179528764,1.1701821240543415,1634.6474325132647,0.46701362496241927,"{""-1"":89,""312"":1152,""314"":10478}",2
rich,classix,classix_r1.05_m1_distance,"{""group_merging"":""distance"",""mergeScale"":1.5,""mergeTinyGroups"":true,""metric"":""euclidean"",""minPts"":1,""post_alloc"":false,""radius"":1.05,""sorting"":""pca""}",,11719,10,10,0,0.0,0.999061353357795,True,0.43945310273761135,0.3475461340161053,24.266286904592903,0.017317291989456862,"{""0"":11708,""1"":1,""2"":1,""3"":1,""4"":1,""5"":3,""6"":1,""7"":1,""8"":1,""9"":1}",10
rich,classix,classix_r1.05_m1_density,"{""group_merging"":""density"",""mergeScale"":1.5,""mergeTinyGroups"":true,""metric"":""euclidean"",""minPts"":1,""post_alloc"":false,""radius"":1.05,""sorting"":""pca""}",,11719,42,42,0,0.0,0.8964928748186706,True,0.22490471397382192,0.39974556645084036,61.855469111337065,0.3950507090194151,"{""228"":1,""229"":2,""230"":1,""231"":6,""232"":1,""233"":1,""234"":1,""235"":1,""236"":2,""237"":1,""238"":1,""239"":1,""240"":1,""241"":1,""242"":1,""243"":2,""244"":1,""245"":1,""246"":1,""247"":2,""248"":1,""249"":1,""250"":1,""251"":1,""252"":1,""253"":1,""254"":1,""255"":6,""256"":1,""257"":1,""258"":1,""259"":10506,""260"":1158,""261"":1,""262"":1,""263"":1,""264"":2,""265"":1,""266"":1,""267"":1,""268"":1,""269"":1}",42
rich,classix,classix_r1.05_m5_distance,"{""group_merging"":""distance"",""mergeScale"":1.5,""mergeTinyGroups"":true,""metric"":""euclidean"",""minPts"":5,""post_alloc"":false,""radius"":1.05,""sorting"":""pca""}",,11719,1,1,0,0.0,1.0,False,,,,0.02204004197847098,"{""0"":11719}",1
rich,classix,classix_r1.05_m5_density,"{""group_merging"":""density"",""mergeScale"":1.5,""mergeTinyGroups"":true,""metric"":""euclidean"",""minPts"":5,""post_alloc"":false,""radius"":1.05,""sorting"":""pca""}",,11719,4,5,43,0.003669255055892141,0.8997944501541624,True,0.26573737863259905,0.7723060039970918,611.3786275339663,0.3821296250098385,"{""-1"":43,""231"":6,""255"":6,""259"":10506,""260"":1158}",4
rich,classix,classix_r1.05_m10_distance,"{""group_merging"":""distance"",""mergeScale"":1.5,""mergeTinyGroups"":true,""metric"":""euclidean"",""minPts"":10,""post_alloc"":false,""radius"":1.05,""sorting"":""pca""}",,11719,1,1,0,0.0,1.0,False,,,,0.01437674998305738,"{""0"":11719}",1
rich,classix,classix_r1.05_m10_density,"{""group_merging"":""density"",""mergeScale"":1.5,""mergeTinyGroups"":true,""metric"":""euclidean"",""minPts"":10,""post_alloc"":false,""radius"":1.05,""sorting"":""pca""}",,11719,2,3,55,0.004693233211024831,0.9007201646090535,True,0.2728735023798359,1.1808539745963065,1613.0505588489325,0.40118874999461696,"{""-1"":55,""259"":10506,""260"":1158}",2
rich,classix,classix_r1.10_m1_distance,"{""group_merging"":""distance"",""mergeScale"":1.5,""mergeTinyGroups"":true,""metric"":""euclidean"",""minPts"":1,""post_alloc"":false,""radius"":1.1,""sorting"":""pca""}",,11719,8,8,0,0.0,0.9992320163836504,True,0.3938316345451455,0.3839180819203964,26.84866069976848,0.01736900000832975,"{""0"":11710,""1"":1,""2"":1,""3"":1,""4"":3,""5"":1,""6"":1,""7"":1}",8
rich,classix,classix_r1.10_m1_density,"{""group_merging"":""density"",""mergeScale"":1.5,""mergeTinyGroups"":true,""metric"":""euclidean"",""minPts"":1,""post_alloc"":false,""radius"":1.1,""sorting"":""pca""}",,11719,32,32,0,0.0,0.898199505077225,True,0.23192555509743087,0.3651271166562411,70.81121110279244,0.31899604096543044,"{""208"":1,""209"":2,""210"":1,""211"":1,""212"":2,""213"":2,""214"":1,""215"":1,""216"":1,""217"":1,""218"":1,""219"":1,""220"":1,""221"":1,""222"":1,""223"":1,""224"":1,""225"":1,""226"":1,""227"":10526,""228"":1,""229"":1,""230"":1159,""231"":1,""232"":1,""233"":1,""234"":2,""235"":1,""236"":1,""237"":1,""238"":1,""239"":1}",32
rich,classix,classix_r1.10_m5_distance,"{""group_merging"":""distance"",""mergeScale"":1.5,""mergeTinyGroups"":true,""metric"":""euclidean"",""minPts"":5,""post_alloc"":false,""radius"":1.1,""sorting"":""pca""}",,11719,1,1,0,0.0,1.0,False,,,,0.023151250032242388,"{""0"":11719}",1
rich,classix,classix_r1.10_m5_density,"{""group_merging"":""density"",""mergeScale"":1.5,""mergeTinyGroups"":true,""metric"":""euclidean"",""minPts"":5,""post_alloc"":false,""radius"":1.1,""sorting"":""pca""}",,11719,2,3,34,0.002901271439542623,0.9008130081300812,True,0.27019071934853944,1.1854396946320678,1580.3734951453853,0.33316683303564787,"{""-1"":34,""227"":10526,""230"":1159}",2
rich,classix,classix_r1.10_m10_distance,"{""group_merging"":""distance"",""mergeScale"":1.5,""mergeTinyGroups"":true,""metric"":""euclidean"",""minPts"":10,""post_alloc"":false,""radius"":1.1,""sorting"":""pca""}",,11719,1,1,0,0.0,1.0,False,,,,0.010779625037685037,"{""0"":11719}",1
rich,classix,classix_r1.10_m10_density,"{""group_merging"":""density"",""mergeScale"":1.5,""mergeTinyGroups"":true,""metric"":""euclidean"",""minPts"":10,""post_alloc"":false,""radius"":1.1,""sorting"":""pca""}",,11719,2,3,34,0.002901271439542623,0.9008130081300812,True,0.27019071934853944,1.1854396946320678,1580.3734951453853,0.37228487501852214,"{""-1"":34,""227"":10526,""230"":1159}",2
rich,classix,classix_r1.15_m1_distance,"{""group_merging"":""distance"",""mergeScale"":1.5,""mergeTinyGroups"":true,""metric"":""euclidean"",""minPts"":1,""post_alloc"":false,""radius"":1.15,""sorting"":""pca""}",,11719,8,8,0,0.0,0.9991466848707228,True,0.5325527302063024,0.3834787416491416,28.506886040803845,0.014154749980662018,"{""0"":11709,""1"":2,""2"":1,""3"":1,""4"":3,""5"":1,""6"":1,""7"":1}",8
rich,classix,classix_r1.15_m1_density,"{""group_merging"":""density"",""mergeScale"":1.5,""mergeTinyGroups"":true,""metric"":""euclidean"",""minPts"":1,""post_alloc"":false,""radius"":1.15,""sorting"":""pca""}",,11719,27,27,0,0.0,0.8984554996160082,True,0.2344798304661863,0.4044685771645104,83.18179908451586,0.29449025000212714,"{""189"":3,""190"":1,""191"":2,""192"":1,""193"":1,""194"":1,""195"":1,""196"":1,""197"":1,""198"":1,""199"":1,""200"":1,""201"":5,""202"":1,""203"":1,""204"":10529,""205"":1155,""206"":3,""207"":1,""208"":1,""209"":1,""210"":2,""211"":1,""212"":1,""213"":1,""214"":1,""215"":1}",27
rich,classix,classix_r1.15_m5_distance,"{""group_merging"":""distance"",""mergeScale"":1.5,""mergeTinyGroups"":true,""metric"":""euclidean"",""minPts"":5,""post_alloc"":false,""radius"":1.15,""sorting"":""pca""}",,11719,1,1,0,0.0,1.0,False,,,,0.019117666990496218,"{""0"":11719}",1
rich,classix,classix_r1.15_m5_density,"{""group_merging"":""density"",""mergeScale"":1.5,""mergeTinyGroups"":true,""metric"":""euclidean"",""minPts"":5,""post_alloc"":false,""radius"":1.15,""sorting"":""pca""}",,11719,3,4,30,0.0025599453878317265,0.9007613996064676,True,0.2601238837107078,0.9798031685325584,794.3575368126202,0.29409720801049843,"{""-1"":30,""201"":5,""204"":10529,""205"":1155}",3
rich,classix,classix_r1.15_m10_distance,"{""group_merging"":""distance"",""mergeScale"":1.5,""mergeTinyGroups"":true,""metric"":""euclidean"",""minPts"":10,""post_alloc"":false,""radius"":1.15,""sorting"":""pca""}",,11719,1,1,0,0.0,1.0,False,,,,0.010894666018430144,"{""0"":11719}",1
rich,classix,classix_r1.15_m10_density,"{""group_merging"":""density"",""mergeScale"":1.5,""mergeTinyGroups"":true,""metric"":""euclidean"",""minPts"":10,""post_alloc"":false,""radius"":1.15,""sorting"":""pca""}",,11719,2,3,35,0.0029866029524703475,0.9011468675111264,True,0.26972956930984265,1.1867549821519405,1567.9201524006514,0.3190430410322733,"{""-1"":35,""204"":10529,""205"":1155}",2
rich,classix,classix_r1.20_m1_distance,"{""group_merging"":""distance"",""mergeScale"":1.5,""mergeTinyGroups"":true,""metric"":""euclidean"",""minPts"":1,""post_alloc"":false,""radius"":1.2,""sorting"":""pca""}",,11719,6,6,0,0.0,0.9994880109224337,True,0.532485763622987,0.28411477926250533,26.54286552359541,0.02304554102011025,"{""0"":11713,""1"":2,""2"":1,""3"":1,""4"":1,""5"":1}",6
rich,classix,classix_r1.20_m1_density,"{""group_merging"":""density"",""mergeScale"":1.5,""mergeTinyGroups"":true,""metric"":""euclidean"",""minPts"":1,""post_alloc"":false,""radius"":1.2,""sorting"":""pca""}",,11719,25,25,0,0.0,0.8984554996160082,True,0.2336155160819981,0.3784770631745151,88.7042061153952,0.28591883403714746,"{""158"":3,""159"":2,""160"":1,""161"":1,""162"":1,""163"":1,""164"":2,""165"":1,""166"":1,""167"":1,""168"":1,""169"":5,""170"":1,""171"":1,""172"":10529,""173"":1158,""174"":1,""175"":1,""176"":1,""177"":2,""178"":1,""179"":1,""180"":1,""181"":1,""182"":1}",25
rich,classix,classix_r1.20_m5_distance,"{""group_merging"":""distance"",""mergeScale"":1.5,""mergeTinyGroups"":true,""metric"":""euclidean"",""minPts"":5,""post_alloc"":false,""radius"":1.2,""sorting"":""pca""}",,11719,1,1,0,0.0,1.0,False,,,,0.01648008299525827,"{""0"":11719}",1
rich,classix,classix_r1.20_m5_density,"{""group_merging"":""density"",""mergeScale"":1.5,""mergeTinyGroups"":true,""metric"":""euclidean"",""minPts"":5,""post_alloc"":false,""radius"":1.2,""sorting"":""pca""}",,11719,3,4,27,0.0023039508490485536,0.9005302771125556,True,0.2603512690048748,0.9812760591798281,794.8994653937046,0.26537341700168326,"{""-1"":27,""169"":5,""172"":10529,""173"":1158}",3
rich,classix,classix_r1.20_m10_distance,"{""group_merging"":""distance"",""mergeScale"":1.5,""mergeTinyGroups"":true,""metric"":""euclidean"",""minPts"":10,""post_alloc"":false,""radius"":1.2,""sorting"":""pca""}",,11719,1,1,0,0.0,1.0,False,,,,0.010040167020633817,"{""0"":11719}",1
rich,classix,classix_r1.20_m10_density,"{""group_merging"":""density"",""mergeScale"":1.5,""mergeTinyGroups"":true,""metric"":""euclidean"",""minPts"":10,""post_alloc"":false,""radius"":1.2,""sorting"":""pca""}",,11719,2,3,32,0.0027306084136871746,0.9009155471891845,True,0.27010309918825476,1.1888914292930568,1569.056346416937,0.25904870801605284,"{""-1"":32,""172"":10529,""173"":1158}",2
rich,classix,classix_r1.25_m1_distance,"{""group_merging"":""distance"",""mergeScale"":1.5,""mergeTinyGroups"":true,""metric"":""euclidean"",""minPts"":1,""post_alloc"":false,""radius"":1.25,""sorting"":""pca""}",,11719,6,6,0,0.0,0.9994880109224337,True,0.532485763622987,0.28411477926250533,26.54286552359541,0.011807208007667214,"{""0"":11713,""1"":2,""2"":1,""3"":1,""4"":1,""5"":1}",6
rich,classix,classix_r1.25_m1_density,"{""group_merging"":""density"",""mergeScale"":1.5,""mergeTinyGroups"":true,""metric"":""euclidean"",""minPts"":1,""post_alloc"":false,""radius"":1.25,""sorting"":""pca""}",,11719,26,26,0,0.0,0.8983701681030805,True,0.23192509436928133,0.3979128333465121,86.60077033054905,0.18917625001631677,"{""141"":3,""142"":2,""143"":5,""144"":1,""145"":1,""146"":1,""147"":1,""148"":2,""149"":1,""150"":1,""151"":1,""152"":1,""153"":5,""154"":2,""155"":1,""156"":10528,""157"":1153,""158"":1,""159"":1,""160"":1,""161"":2,""162"":1,""163"":1,""164"":1,""165"":1,""166"":1}",26
rich,classix,classix_r1.25_m5_distance,"{""group_merging"":""distance"",""mergeScale"":1.5,""mergeTinyGroups"":true,""metric"":""euclidean"",""minPts"":5,""post_alloc"":false,""radius"":1.25,""sorting"":""pca""}",,11719,1,1,0,0.0,1.0,False,,,,0.011003332969266921,"{""0"":11719}",1
rich,classix,classix_r1.25_m5_density,"{""group_merging"":""density"",""mergeScale"":1.5,""mergeTinyGroups"":true,""metric"":""euclidean"",""minPts"":5,""post_alloc"":false,""radius"":1.25,""sorting"":""pca""}",,11719,4,5,28,0.002389282361976278,0.900521768882046,True,0.2536009212089351,0.879890926629397,540.0988616208602,0.21181750000687316,"{""-1"":28,""143"":5,""153"":5,""156"":10528,""157"":1153}",4
rich,classix,classix_r1.25_m10_distance,"{""group_merging"":""distance"",""mergeScale"":1.5,""mergeTinyGroups"":true,""metric"":""euclidean"",""minPts"":10,""post_alloc"":false,""radius"":1.25,""sorting"":""pca""}",,11719,1,1,0,0.0,1.0,False,,,,0.009856499964371324,"{""0"":11719}",1
rich,classix,classix_r1.25_m10_density,"{""group_merging"":""density"",""mergeScale"":1.5,""mergeTinyGroups"":true,""metric"":""euclidean"",""minPts"":10,""post_alloc"":false,""radius"":1.25,""sorting"":""pca""}",,11719,2,3,38,0.00324259749125352,0.9012926975430186,True,0.2686287780705474,1.1806104641137576,1570.2650325770421,0.19800974999088794,"{""-1"":38,""156"":10528,""157"":1153}",2
rich,classix,classix_r1.30_m1_distance,"{""group_merging"":""distance"",""mergeScale"":1.5,""mergeTinyGroups"":true,""metric"":""euclidean"",""minPts"":1,""post_alloc"":false,""radius"":1.3,""sorting"":""pca""}",,11719,5,5,0,0.0,0.9994880109224337,True,0.7774779016396889,0.16199680211289197,67.8129230014315,0.011503125017043203,"{""0"":3,""1"":11713,""2"":1,""3"":1,""4"":1}",5
rich,classix,classix_r1.30_m1_density,"{""group_merging"":""density"",""mergeScale"":1.5,""mergeTinyGroups"":true,""metric"":""euclidean"",""minPts"":1,""post_alloc"":false,""radius"":1.3,""sorting"":""pca""}",,11719,19,19,0,0.0,0.9976960491509514,True,0.380118157114675,0.33835379792587356,26.344682794052144,0.22926391701912507,"{""127"":3,""128"":2,""129"":5,""130"":1,""131"":1,""132"":1,""133"":1,""134"":1,""135"":1,""136"":1,""137"":1,""138"":11692,""139"":1,""140"":1,""141"":3,""142"":1,""143"":1,""144"":1,""145"":1}",19
rich,classix,classix_r1.30_m5_distance,"{""group_merging"":""distance"",""mergeScale"":1.5,""mergeTinyGroups"":true,""metric"":""euclidean"",""minPts"":5,""post_alloc"":false,""radius"":1.3,""sorting"":""pca""}",,11719,1,1,0,0.0,1.0,False,,,,0.008484708028845489,"{""0"":11719}",1
rich,classix,classix_r1.30_m5_density,"{""group_merging"":""density"",""mergeScale"":1.5,""mergeTinyGroups"":true,""metric"":""euclidean"",""minPts"":5,""post_alloc"":false,""radius"":1.3,""sorting"":""pca""}",,11719,2,3,22,0.0018772932844099326,0.999572539967513,True,0.4993897206401791,0.6196536595210028,25.401865926230347,0.1749220839701593,"{""-1"":22,""129"":5,""138"":11692}",2
rich,classix,classix_r1.30_m10_distance,"{""group_merging"":""distance"",""mergeScale"":1.5,""mergeTinyGroups"":true,""metric"":""euclidean"",""minPts"":10,""post_alloc"":false,""radius"":1.3,""sorting"":""pca""}",,11719,1,1,0,0.0,1.0,False,,,,0.013132583000697196,"{""0"":11719}",1
rich,classix,classix_r1.30_m10_density,"{""group_merging"":""density"",""mergeScale"":1.5,""mergeTinyGroups"":true,""metric"":""euclidean"",""minPts"":10,""post_alloc"":false,""radius"":1.3,""sorting"":""pca""}",,11719,1,2,27,0.0023039508490485536,1.0,False,,,,0.18248450005194172,"{""-1"":27,""138"":11692}",1
rich,classix,classix_r1.35_m1_distance,"{""group_merging"":""distance"",""mergeScale"":1.5,""mergeTinyGroups"":true,""metric"":""euclidean"",""minPts"":1,""post_alloc"":false,""radius"":1.35,""sorting"":""pca""}",,11719,5,5,0,0.0,0.9991466848707228,True,0.7349334710117845,0.3845494809312289,85.87572798578091,0.012635542021598667,"{""0"":3,""1"":11709,""2"":5,""3"":1,""4"":1}",5
rich,classix,classix_r1.35_m1_density,"{""group_merging"":""density"",""mergeScale"":1.5,""mergeTinyGroups"":true,""metric"":""euclidean"",""minPts"":1,""post_alloc"":false,""radius"":1.35,""sorting"":""pca""}",,11719,16,16,0,0.0,0.998464032767301,True,0.3800025524318993,0.29286317974571624,26.13449707200298,0.15565091604366899,"{""116"":3,""117"":2,""118"":1,""119"":1,""120"":1,""121"":1,""122"":1,""123"":1,""124"":1,""125"":1,""126"":1,""127"":11701,""128"":1,""129"":1,""130"":1,""131"":1}",16
rich,classix,classix_r1.35_m5_distance,"{""group_merging"":""distance"",""mergeScale"":1.5,""mergeTinyGroups"":true,""metric"":""euclidean"",""minPts"":5,""post_alloc"":false,""radius"":1.35,""sorting"":""pca""}",,11719,2,2,0,0.0,0.9994026794095059,True,0.760492207383977,0.46325577968943166,171.39923667312684,0.014433791977353394,"{""0"":11712,""1"":7}",2
rich,classix,classix_r1.35_m5_density,"{""group_merging"":""density"",""mergeScale"":1.5,""mergeTinyGroups"":true,""metric"":""euclidean"",""minPts"":5,""post_alloc"":false,""radius"":1.35,""sorting"":""pca""}",,11719,1,2,18,0.0015359672326990357,1.0,False,,,,0.16386779199820012,"{""-1"":18,""127"":11701}",1
rich,classix,classix_r1.35_m10_distance,"{""group_merging"":""distance"",""mergeScale"":1.5,""mergeTinyGroups"":true,""metric"":""euclidean"",""minPts"":10,""post_alloc"":false,""radius"":1.35,""sorting"":""pca""}",,11719,1,1,0,0.0,1.0,False,,,,0.009903999976813793,"{""0"":11719}",1
rich,classix,classix_r1.35_m10_density,"{""group_merging"":""density"",""mergeScale"":1.5,""mergeTinyGroups"":true,""metric"":""euclidean"",""minPts"":10,""post_alloc"":false,""radius"":1.35,""sorting"":""pca""}",,11719,1,2,18,0.0015359672326990357,1.0,False,,,,0.1628522080136463,"{""-1"":18,""127"":11701}",1
rich,classix,classix_r1.40_m1_distance,"{""group_merging"":""distance"",""mergeScale"":1.5,""mergeTinyGroups"":true,""metric"":""euclidean"",""minPts"":1,""post_alloc"":false,""radius"":1.4,""sorting"":""pca""}",,11719,4,4,0,0.0,0.9995733424353613,True,0.7777370803028715,0.16580710432673887,78.48017232468366,0.014833833964075893,"{""0"":3,""1"":11714,""2"":1,""3"":1}",4
rich,classix,classix_r1.40_m1_density,"{""group_merging"":""density"",""mergeScale"":1.5,""mergeTinyGroups"":true,""metric"":""euclidean"",""minPts"":1,""post_alloc"":false,""radius"":1.4,""sorting"":""pca""}",,11719,16,16,0,0.0,0.998464032767301,True,0.3800025524318993,0.29286317974571624,26.13449707200298,0.1332333330065012,"{""110"":3,""111"":2,""112"":1,""113"":1,""114"":1,""115"":1,""116"":1,""117"":1,""118"":1,""119"":1,""120"":1,""121"":11701,""122"":1,""123"":1,""124"":1,""125"":1}",16
rich,classix,classix_r1.40_m5_distance,"{""group_merging"":""distance"",""mergeScale"":1.5,""mergeTinyGroups"":true,""metric"":""euclidean"",""minPts"":5,""post_alloc"":false,""radius"":1.4,""sorting"":""pca""}",,11719,1,1,0,0.0,1.0,False,,,,0.008432875038124621,"{""0"":11719}",1
rich,classix,classix_r1.40_m5_density,"{""group_merging"":""density"",""mergeScale"":1.5,""mergeTinyGroups"":true,""metric"":""euclidean"",""minPts"":5,""post_alloc"":false,""radius"":1.4,""sorting"":""pca""}",,11719,1,2,18,0.0015359672326990357,1.0,False,,,,0.15510783303761855,"{""-1"":18,""121"":11701}",1
rich,classix,classix_r1.40_m10_distance,"{""group_merging"":""distance"",""mergeScale"":1.5,""mergeTinyGroups"":true,""metric"":""euclidean"",""minPts"":10,""post_alloc"":false,""radius"":1.4,""sorting"":""pca""}",,11719,1,1,0,0.0,1.0,False,,,,0.017584542045369744,"{""0"":11719}",1
rich,classix,classix_r1.40_m10_density,"{""group_merging"":""density"",""mergeScale"":1.5,""mergeTinyGroups"":true,""metric"":""euclidean"",""minPts"":10,""post_alloc"":false,""radius"":1.4,""sorting"":""pca""}",,11719,1,2,18,0.0015359672326990357,1.0,False,,,,0.1306404159986414,"{""-1"":18,""121"":11701}",1
rich,classix,classix_r1.45_m1_distance,"{""group_merging"":""distance"",""mergeScale"":1.5,""mergeTinyGroups"":true,""metric"":""euclidean"",""minPts"":1,""post_alloc"":false,""radius"":1.45,""sorting"":""pca""}",,11719,5,5,0,0.0,0.9991466848707228,True,0.7349334710117845,0.3845494809312289,85.87572798578091,0.015061167010571808,"{""0"":3,""1"":11709,""2"":5,""3"":1,""4"":1}",5
rich,classix,classix_r1.45_m1_density,"{""group_merging"":""density"",""mergeScale"":1.5,""mergeTinyGroups"":true,""metric"":""euclidean"",""minPts"":1,""post_alloc"":false,""radius"":1.45,""sorting"":""pca""}",,11719,16,16,0,0.0,0.998464032767301,True,0.3800025524318993,0.29286317974571624,26.13449707200298,0.13128404098097235,"{""100"":3,""101"":2,""102"":1,""103"":1,""104"":1,""105"":1,""106"":1,""107"":1,""108"":1,""109"":1,""110"":1,""111"":11701,""112"":1,""113"":1,""114"":1,""115"":1}",16
rich,classix,classix_r1.45_m5_distance,"{""group_merging"":""distance"",""mergeScale"":1.5,""mergeTinyGroups"":true,""metric"":""euclidean"",""minPts"":5,""post_alloc"":false,""radius"":1.45,""sorting"":""pca""}",,11719,2,2,0,0.0,0.9994026794095059,True,0.760492207383977,0.46325577968943166,171.39923667312684,0.013485041970852762,"{""0"":11712,""1"":7}",2
rich,classix,classix_r1.45_m5_density,"{""group_merging"":""density"",""mergeScale"":1.5,""mergeTinyGroups"":true,""metric"":""euclidean"",""minPts"":5,""post_alloc"":false,""radius"":1.45,""sorting"":""pca""}",,11719,1,2,18,0.0015359672326990357,1.0,False,,,,0.13960704201599583,"{""-1"":18,""111"":11701}",1
rich,classix,classix_r1.45_m10_distance,"{""group_merging"":""distance"",""mergeScale"":1.5,""mergeTinyGroups"":true,""metric"":""euclidean"",""minPts"":10,""post_alloc"":false,""radius"":1.45,""sorting"":""pca""}",,11719,1,1,0,0.0,1.0,False,,,,0.013569707982242107,"{""0"":11719}",1
rich,classix,classix_r1.45_m10_density,"{""group_merging"":""density"",""mergeScale"":1.5,""mergeTinyGroups"":true,""metric"":""euclidean"",""minPts"":10,""post_alloc"":false,""radius"":1.45,""sorting"":""pca""}",,11719,1,2,18,0.0015359672326990357,1.0,False,,,,0.15374583296943456,"{""-1"":18,""111"":11701}",1
rich,classix,classix_r1.50_m1_distance,"{""group_merging"":""distance"",""mergeScale"":1.5,""mergeTinyGroups"":true,""metric"":""euclidean"",""minPts"":1,""post_alloc"":false,""radius"":1.5,""sorting"":""pca""}",,11719,4,4,0,0.0,0.9991466848707228,True,0.7350272810872672,0.5622077661199437,114.00235206336602,0.013450458005536348,"{""0"":3,""1"":11709,""2"":5,""3"":2}",4
rich,classix,classix_r1.50_m1_density,"{""group_merging"":""density"",""mergeScale"":1.5,""mergeTinyGroups"":true,""metric"":""euclidean"",""minPts"":1,""post_alloc"":false,""radius"":1.5,""sorting"":""pca""}",,11719,12,12,0,0.0,0.9988906903319396,True,0.38580477476382147,0.3685360549018654,19.44915136870278,0.10593408299610019,"{""88"":2,""89"":1,""90"":1,""91"":1,""92"":1,""93"":1,""94"":2,""95"":11706,""96"":1,""97"":1,""98"":1,""99"":1}",12
rich,classix,classix_r1.50_m5_distance,"{""group_merging"":""distance"",""mergeScale"":1.5,""mergeTinyGroups"":true,""metric"":""euclidean"",""minPts"":5,""post_alloc"":false,""radius"":1.5,""sorting"":""pca""}",,11719,2,2,0,0.0,0.9994026794095059,True,0.760492207383977,0.46325577968943166,171.39923667312684,0.014393999997992069,"{""0"":11712,""1"":7}",2
rich,classix,classix_r1.50_m5_density,"{""group_merging"":""density"",""mergeScale"":1.5,""mergeTinyGroups"":true,""metric"":""euclidean"",""minPts"":5,""post_alloc"":false,""radius"":1.5,""sorting"":""pca""}",,11719,1,2,13,0.0011093096680604147,1.0,False,,,,0.0992935830145143,"{""-1"":13,""95"":11706}",1
rich,classix,classix_r1.50_m10_distance,"{""group_merging"":""distance"",""mergeScale"":1.5,""mergeTinyGroups"":true,""metric"":""euclidean"",""minPts"":10,""post_alloc"":false,""radius"":1.5,""sorting"":""pca""}",,11719,1,1,0,0.0,1.0,False,,,,0.008249416016042233,"{""0"":11719}",1
rich,classix,classix_r1.50_m10_density,"{""group_merging"":""density"",""mergeScale"":1.5,""mergeTinyGroups"":true,""metric"":""euclidean"",""minPts"":10,""post_alloc"":false,""radius"":1.5,""sorting"":""pca""}",,11719,1,2,13,0.0011093096680604147,1.0,False,,,,0.10504362499341369,"{""-1"":13,""95"":11706}",1
rich,classix,classix_r1.55_m1_distance,"{""group_merging"":""distance"",""mergeScale"":1.5,""mergeTinyGroups"":true,""metric"":""euclidean"",""minPts"":1,""post_alloc"":false,""radius"":1.55,""sorting"":""pca""}",,11719,4,4,0,0.0,0.9994880109224337,True,0.7870499829479345,0.27075399973487574,89.92263027940457,0.01390445901779458,"{""0"":3,""1"":11713,""2"":2,""3"":1}",4
rich,classix,classix_r1.55_m1_density,"{""group_merging"":""density"",""mergeScale"":1.5,""mergeTinyGroups"":true,""metric"":""euclidean"",""minPts"":1,""post_alloc"":false,""radius"":1.55,""sorting"":""pca""}",,11719,8,8,0,0.0,0.9992320163836504,True,0.3938316345451455,0.38391808192039645,26.84866069976848,0.0888338329968974,"{""79"":1,""80"":1,""81"":1,""82"":11710,""83"":3,""84"":1,""85"":1,""86"":1}",8
rich,classix,classix_r1.55_m5_distance,"{""group_merging"":""distance"",""mergeScale"":1.5,""mergeTinyGroups"":true,""metric"":""euclidean"",""minPts"":5,""post_alloc"":false,""radius"":1.55,""sorting"":""pca""}",,11719,1,1,0,0.0,1.0,False,,,,0.015060334000736475,"{""0"":11719}",1
rich,classix,classix_r1.55_m5_density,"{""group_merging"":""density"",""mergeScale"":1.5,""mergeTinyGroups"":true,""metric"":""euclidean"",""minPts"":5,""post_alloc"":false,""radius"":1.55,""sorting"":""pca""}",,11719,1,2,9,0.0007679836163495178,1.0,False,,,,0.10984066699165851,"{""-1"":9,""82"":11710}",1
rich,classix,classix_r1.55_m10_distance,"{""group_merging"":""distance"",""mergeScale"":1.5,""mergeTinyGroups"":true,""metric"":""euclidean"",""minPts"":10,""post_alloc"":false,""radius"":1.55,""sorting"":""pca""}",,11719,1,1,0,0.0,1.0,False,,,,0.012734707968775183,"{""0"":11719}",1
rich,classix,classix_r1.55_m10_density,"{""group_merging"":""density"",""mergeScale"":1.5,""mergeTinyGroups"":true,""metric"":""euclidean"",""minPts"":10,""post_alloc"":false,""radius"":1.55,""sorting"":""pca""}",,11719,1,2,9,0.0007679836163495178,1.0,False,,,,0.14588858297793195,"{""-1"":9,""82"":11710}",1
rich,classix,classix_r1.60_m1_distance,"{""group_merging"":""distance"",""mergeScale"":1.5,""mergeTinyGroups"":true,""metric"":""euclidean"",""minPts"":1,""post_alloc"":false,""radius"":1.6,""sorting"":""pca""}",,11719,4,4,0,0.0,0.9994880109224337,True,0.7870499829479345,0.27075399973487574,89.92263027940457,0.02072116598719731,"{""0"":3,""1"":11713,""2"":2,""3"":1}",4
rich,classix,classix_r1.60_m1_density,"{""group_merging"":""density"",""mergeScale"":1.5,""mergeTinyGroups"":true,""metric"":""euclidean"",""minPts"":1,""post_alloc"":false,""radius"":1.6,""sorting"":""pca""}",,11719,7,7,0,0.0,0.9993173478965782,True,0.5549950196522533,0.3589433725639938,30.752105571578657,0.15959791600471362,"{""75"":1,""76"":1,""77"":11711,""78"":3,""79"":1,""80"":1,""81"":1}",7
rich,classix,classix_r1.60_m5_distance,"{""group_merging"":""distance"",""mergeScale"":1.5,""mergeTinyGroups"":true,""metric"":""euclidean"",""minPts"":5,""post_alloc"":false,""radius"":1.6,""sorting"":""pca""}",,11719,1,1,0,0.0,1.0,False,,,,0.015617875033058226,"{""0"":11719}",1
rich,classix,classix_r1.60_m5_density,"{""group_merging"":""density"",""mergeScale"":1.5,""mergeTinyGroups"":true,""metric"":""euclidean"",""minPts"":5,""post_alloc"":false,""radius"":1.6,""sorting"":""pca""}",,11719,1,2,8,0.0006826521034217937,1.0,False,,,,0.09257245803019032,"{""-1"":8,""77"":11711}",1
rich,classix,classix_r1.60_m10_distance,"{""group_merging"":""distance"",""mergeScale"":1.5,""mergeTinyGroups"":true,""metric"":""euclidean"",""minPts"":10,""post_alloc"":false,""radius"":1.6,""sorting"":""pca""}",,11719,1,1,0,0.0,1.0,False,,,,0.011239792045671493,"{""0"":11719}",1
rich,classix,classix_r1.60_m10_density,"{""group_merging"":""density"",""mergeScale"":1.5,""mergeTinyGroups"":true,""metric"":""euclidean"",""minPts"":10,""post_alloc"":false,""radius"":1.6,""sorting"":""pca""}",,11719,1,2,8,0.0006826521034217937,1.0,False,,,,0.0902105420245789,"{""-1"":8,""77"":11711}",1
rich,classix,classix_r1.65_m1_distance,"{""group_merging"":""distance"",""mergeScale"":1.5,""mergeTinyGroups"":true,""metric"":""euclidean"",""minPts"":1,""post_alloc"":false,""radius"":1.65,""sorting"":""pca""}",,11719,4,4,0,0.0,0.9994880109224337,True,0.7870499829479345,0.27075399973487574,89.92263027940457,0.011236874968744814,"{""0"":3,""1"":11713,""2"":2,""3"":1}",4
rich,classix,classix_r1.65_m1_density,"{""group_merging"":""density"",""mergeScale"":1.5,""mergeTinyGroups"":true,""metric"":""euclidean"",""minPts"":1,""post_alloc"":false,""radius"":1.65,""sorting"":""pca""}",,11719,6,6,0,0.0,0.9994026794095059,True,0.555340772780875,0.346506578739628,34.49135532615712,0.07735995802795514,"{""69"":1,""70"":11712,""71"":3,""72"":1,""73"":1,""74"":1}",6
rich,classix,classix_r1.65_m5_distance,"{""group_merging"":""distance"",""mergeScale"":1.5,""mergeTinyGroups"":true,""metric"":""euclidean"",""minPts"":5,""post_alloc"":false,""radius"":1.65,""sorting"":""pca""}",,11719,1,1,0,0.0,1.0,False,,,,0.013555166020523757,"{""0"":11719}",1
rich,classix,classix_r1.65_m5_density,"{""group_merging"":""density"",""mergeScale"":1.5,""mergeTinyGroups"":true,""metric"":""euclidean"",""minPts"":5,""post_alloc"":false,""radius"":1.65,""sorting"":""pca""}",,11719,1,2,7,0.0005973205904940695,1.0,False,,,,0.08124283398501575,"{""-1"":7,""70"":11712}",1
rich,classix,classix_r1.65_m10_distance,"{""group_merging"":""distance"",""mergeScale"":1.5,""mergeTinyGroups"":true,""metric"":""euclidean"",""minPts"":10,""post_alloc"":false,""radius"":1.65,""sorting"":""pca""}",,11719,1,1,0,0.0,1.0,False,,,,0.013488958007656038,"{""0"":11719}",1
rich,classix,classix_r1.65_m10_density,"{""group_merging"":""density"",""mergeScale"":1.5,""mergeTinyGroups"":true,""metric"":""euclidean"",""minPts"":10,""post_alloc"":false,""radius"":1.65,""sorting"":""pca""}",,11719,1,2,7,0.0005973205904940695,1.0,False,,,,0.09046616597333923,"{""-1"":7,""70"":11712}",1
rich,classix,classix_r1.70_m1_distance,"{""group_merging"":""distance"",""mergeScale"":1.5,""mergeTinyGroups"":true,""metric"":""euclidean"",""minPts"":1,""post_alloc"":false,""radius"":1.7,""sorting"":""pca""}",,11719,4,4,0,0.0,0.9994880109224337,True,0.7870499829479345,0.27075399973487574,89.92263027940457,0.01201016700360924,"{""0"":3,""1"":11713,""2"":2,""3"":1}",4
rich,classix,classix_r1.70_m1_density,"{""group_merging"":""density"",""mergeScale"":1.5,""mergeTinyGroups"":true,""metric"":""euclidean"",""minPts"":1,""post_alloc"":false,""radius"":1.7,""sorting"":""pca""}",,11719,6,6,0,0.0,0.9994026794095059,True,0.555340772780875,0.346506578739628,34.49135532615712,0.07779549999395385,"{""64"":1,""65"":11712,""66"":3,""67"":1,""68"":1,""69"":1}",6
rich,classix,classix_r1.70_m5_distance,"{""group_merging"":""distance"",""mergeScale"":1.5,""mergeTinyGroups"":true,""metric"":""euclidean"",""minPts"":5,""post_alloc"":false,""radius"":1.7,""sorting"":""pca""}",,11719,1,1,0,0.0,1.0,False,,,,0.013488875003531575,"{""0"":11719}",1
rich,classix,classix_r1.70_m5_density,"{""group_merging"":""density"",""mergeScale"":1.5,""mergeTinyGroups"":true,""metric"":""euclidean"",""minPts"":5,""post_alloc"":false,""radius"":1.7,""sorting"":""pca""}",,11719,1,2,7,0.0005973205904940695,1.0,False,,,,0.06519041600404307,"{""-1"":7,""65"":11712}",1
rich,classix,classix_r1.70_m10_distance,"{""group_merging"":""distance"",""mergeScale"":1.5,""mergeTinyGroups"":true,""metric"":""euclidean"",""minPts"":10,""post_alloc"":false,""radius"":1.7,""sorting"":""pca""}",,11719,1,1,0,0.0,1.0,False,,,,0.006880958972033113,"{""0"":11719}",1
rich,classix,classix_r1.70_m10_density,"{""group_merging"":""density"",""mergeScale"":1.5,""mergeTinyGroups"":true,""metric"":""euclidean"",""minPts"":10,""post_alloc"":false,""radius"":1.7,""sorting"":""pca""}",,11719,1,2,7,0.0005973205904940695,1.0,False,,,,0.07880095799919218,"{""-1"":7,""65"":11712}",1
rich,classix,classix_r1.75_m1_distance,"{""group_merging"":""distance"",""mergeScale"":1.5,""mergeTinyGroups"":true,""metric"":""euclidean"",""minPts"":1,""post_alloc"":false,""radius"":1.75,""sorting"":""pca""}",,11719,3,3,0,0.0,0.9997440054612168,True,0.7919012072365612,0.2978836820322499,54.757120258118235,0.011700750037562102,"{""0"":11716,""1"":2,""2"":1}",3
rich,classix,classix_r1.75_m1_density,"{""group_merging"":""density"",""mergeScale"":1.5,""mergeTinyGroups"":true,""metric"":""euclidean"",""minPts"":1,""post_alloc"":false,""radius"":1.75,""sorting"":""pca""}",,11719,5,5,0,0.0,0.9996586739482891,True,0.5549468489968499,0.219199780257193,29.461244993639536,0.06203395902412012,"{""60"":1,""61"":11715,""62"":1,""63"":1,""64"":1}",5
rich,classix,classix_r1.75_m5_distance,"{""group_merging"":""distance"",""mergeScale"":1.5,""mergeTinyGroups"":true,""metric"":""euclidean"",""minPts"":5,""post_alloc"":false,""radius"":1.75,""sorting"":""pca""}",,11719,1,1,0,0.0,1.0,False,,,,0.011601417034398764,"{""0"":11719}",1
rich,classix,classix_r1.75_m5_density,"{""group_merging"":""density"",""mergeScale"":1.5,""mergeTinyGroups"":true,""metric"":""euclidean"",""minPts"":5,""post_alloc"":false,""radius"":1.75,""sorting"":""pca""}",,11719,1,2,4,0.0003413260517108968,1.0,False,,,,0.0626113330363296,"{""-1"":4,""61"":11715}",1
rich,classix,classix_r1.75_m10_distance,"{""group_merging"":""distance"",""mergeScale"":1.5,""mergeTinyGroups"":true,""metric"":""euclidean"",""minPts"":10,""post_alloc"":false,""radius"":1.75,""sorting"":""pca""}",,11719,1,1,0,0.0,1.0,False,,,,0.011351083987392485,"{""0"":11719}",1
rich,classix,classix_r1.75_m10_density,"{""group_merging"":""density"",""mergeScale"":1.5,""mergeTinyGroups"":true,""metric"":""euclidean"",""minPts"":10,""post_alloc"":false,""radius"":1.75,""sorting"":""pca""}",,11719,1,2,4,0.0003413260517108968,1.0,False,,,,0.06966491701314226,"{""-1"":4,""61"":11715}",1
