representation,split_seed,k,k_prime,rule_id,leaf_id,cluster_id,condition_index,feature_index,feature,threshold,threshold_original,threshold_scaled,feature_transform,direction,path,condition_count,leaf_training_samples,engine
compact,20260801,2,2,0,0,1,0,1,purchase_occasion_count,5.0,5.0,3.410215185198969,log1p_then_standardize,<=,x[1] <= 3.410215185198969,1,9273,exkmc_0.0.3
compact,20260801,2,2,1,1,0,0,1,purchase_occasion_count,5.0,5.0,3.410215185198969,log1p_then_standardize,>,x[1] > 3.410215185198969,1,102,exkmc_0.0.3
compact,20260801,2,3,0,0,1,0,1,purchase_occasion_count,5.0,5.0,3.410215185198969,log1p_then_standardize,<=,x[1] <= 3.410215185198969 AND x[2] <= 5.5886170998372204,2,9268,exkmc_0.0.3
compact,20260801,2,3,0,0,1,1,2,purchase_event_count,22.0,22.0,5.58861709983722,log1p_then_standardize,<=,x[1] <= 3.410215185198969 AND x[2] <= 5.5886170998372204,2,9268,exkmc_0.0.3
compact,20260801,2,3,1,1,0,0,1,purchase_occasion_count,5.0,5.0,3.410215185198969,log1p_then_standardize,<=,x[1] <= 3.410215185198969 AND x[2] > 5.5886170998372204,2,5,exkmc_0.0.3
compact,20260801,2,3,1,1,0,1,2,purchase_event_count,22.0,22.0,5.58861709983722,log1p_then_standardize,>,x[1] <= 3.410215185198969 AND x[2] > 5.5886170998372204,2,5,exkmc_0.0.3
compact,20260801,2,3,2,2,0,0,1,purchase_occasion_count,5.0,5.0,3.410215185198969,log1p_then_standardize,>,x[1] > 3.410215185198969,1,102,exkmc_0.0.3
compact,20260801,2,4,0,0,1,0,1,purchase_occasion_count,5.0,5.0,3.410215185198969,log1p_then_standardize,<=,x[1] <= 3.410215185198969 AND x[2] <= 5.5886170998372204,2,9268,exkmc_0.0.3
compact,20260801,2,4,0,0,1,1,2,purchase_event_count,22.0,22.0,5.58861709983722,log1p_then_standardize,<=,x[1] <= 3.410215185198969 AND x[2] <= 5.5886170998372204,2,9268,exkmc_0.0.3
compact,20260801,2,4,1,1,0,0,1,purchase_occasion_count,5.0,5.0,3.410215185198969,log1p_then_standardize,<=,x[1] <= 3.410215185198969 AND x[2] > 5.5886170998372204,2,5,exkmc_0.0.3
compact,20260801,2,4,1,1,0,1,2,purchase_event_count,22.0,22.0,5.58861709983722,log1p_then_standardize,>,x[1] <= 3.410215185198969 AND x[2] > 5.5886170998372204,2,5,exkmc_0.0.3
compact,20260801,2,4,2,2,1,0,1,purchase_occasion_count,5.0,5.0,3.410215185198969,log1p_then_standardize,>,x[1] > 3.410215185198969 AND x[2] <= 2.681378409142622,2,4,exkmc_0.0.3
compact,20260801,2,4,2,2,1,1,2,purchase_event_count,6.000000000000001,6.000000000000001,2.681378409142622,log1p_then_standardize,<=,x[1] > 3.410215185198969 AND x[2] <= 2.681378409142622,2,4,exkmc_0.0.3
compact,20260801,2,4,3,3,0,0,1,purchase_occasion_count,5.0,5.0,3.410215185198969,log1p_then_standardize,>,x[1] > 3.410215185198969 AND x[2] > 2.681378409142622,2,98,exkmc_0.0.3
compact,20260801,2,4,3,3,0,1,2,purchase_event_count,6.000000000000001,6.000000000000001,2.681378409142622,log1p_then_standardize,>,x[1] > 3.410215185198969 AND x[2] > 2.681378409142622,2,98,exkmc_0.0.3
compact,20260801,2,5,0,0,1,0,1,purchase_occasion_count,5.0,5.0,3.410215185198969,log1p_then_standardize,<=,x[1] <= 3.410215185198969 AND x[2] <= 5.5886170998372204 AND x[2] <= 1.3137267097676402,3,8901,exkmc_0.0.3
compact,20260801,2,5,0,0,1,1,2,purchase_event_count,22.0,22.0,5.58861709983722,log1p_then_standardize,<=,x[1] <= 3.410215185198969 AND x[2] <= 5.5886170998372204 AND x[2] <= 1.3137267097676402,3,8901,exkmc_0.0.3
compact,20260801,2,5,0,0,1,2,2,purchase_event_count,3.0,3.0,1.3137267097676402,log1p_then_standardize,<=,x[1] <= 3.410215185198969 AND x[2] <= 5.5886170998372204 AND x[2] <= 1.3137267097676402,3,8901,exkmc_0.0.3
compact,20260801,2,5,1,1,1,0,1,purchase_occasion_count,5.0,5.0,3.410215185198969,log1p_then_standardize,<=,x[1] <= 3.410215185198969 AND x[2] <= 5.5886170998372204 AND x[2] > 1.3137267097676402,3,367,exkmc_0.0.3
compact,20260801,2,5,1,1,1,1,2,purchase_event_count,22.0,22.0,5.58861709983722,log1p_then_standardize,<=,x[1] <= 3.410215185198969 AND x[2] <= 5.5886170998372204 AND x[2] > 1.3137267097676402,3,367,exkmc_0.0.3
compact,20260801,2,5,1,1,1,2,2,purchase_event_count,3.0,3.0,1.3137267097676402,log1p_then_standardize,>,x[1] <= 3.410215185198969 AND x[2] <= 5.5886170998372204 AND x[2] > 1.3137267097676402,3,367,exkmc_0.0.3
compact,20260801,2,5,2,2,0,0,1,purchase_occasion_count,5.0,5.0,3.410215185198969,log1p_then_standardize,<=,x[1] <= 3.410215185198969 AND x[2] > 5.5886170998372204,2,5,exkmc_0.0.3
compact,20260801,2,5,2,2,0,1,2,purchase_event_count,22.0,22.0,5.58861709983722,log1p_then_standardize,>,x[1] <= 3.410215185198969 AND x[2] > 5.5886170998372204,2,5,exkmc_0.0.3
compact,20260801,2,5,3,3,1,0,1,purchase_occasion_count,5.0,5.0,3.410215185198969,log1p_then_standardize,>,x[1] > 3.410215185198969 AND x[2] <= 2.681378409142622,2,4,exkmc_0.0.3
compact,20260801,2,5,3,3,1,1,2,purchase_event_count,6.000000000000001,6.000000000000001,2.681378409142622,log1p_then_standardize,<=,x[1] > 3.410215185198969 AND x[2] <= 2.681378409142622,2,4,exkmc_0.0.3
compact,20260801,2,5,4,4,0,0,1,purchase_occasion_count,5.0,5.0,3.410215185198969,log1p_then_standardize,>,x[1] > 3.410215185198969 AND x[2] > 2.681378409142622,2,98,exkmc_0.0.3
compact,20260801,2,5,4,4,0,1,2,purchase_event_count,6.000000000000001,6.000000000000001,2.681378409142622,log1p_then_standardize,>,x[1] > 3.410215185198969 AND x[2] > 2.681378409142622,2,98,exkmc_0.0.3
compact,20260801,2,6,0,0,1,0,1,purchase_occasion_count,5.0,5.0,3.410215185198969,log1p_then_standardize,<=,x[1] <= 3.410215185198969 AND x[2] <= 5.5886170998372204 AND x[2] <= 1.3137267097676402,3,8901,exkmc_0.0.3
compact,20260801,2,6,0,0,1,1,2,purchase_event_count,22.0,22.0,5.58861709983722,log1p_then_standardize,<=,x[1] <= 3.410215185198969 AND x[2] <= 5.5886170998372204 AND x[2] <= 1.3137267097676402,3,8901,exkmc_0.0.3
compact,20260801,2,6,0,0,1,2,2,purchase_event_count,3.0,3.0,1.3137267097676402,log1p_then_standardize,<=,x[1] <= 3.410215185198969 AND x[2] <= 5.5886170998372204 AND x[2] <= 1.3137267097676402,3,8901,exkmc_0.0.3
compact,20260801,2,6,1,1,1,0,1,purchase_occasion_count,5.0,5.0,3.410215185198969,log1p_then_standardize,<=,x[1] <= 3.410215185198969 AND x[2] <= 5.5886170998372204 AND x[2] > 1.3137267097676402 AND x[0] <= -0.66298767101032641,4,90,exkmc_0.0.3
compact,20260801,2,6,1,1,1,1,2,purchase_event_count,22.0,22.0,5.58861709983722,log1p_then_standardize,<=,x[1] <= 3.410215185198969 AND x[2] <= 5.5886170998372204 AND x[2] > 1.3137267097676402 AND x[0] <= -0.66298767101032641,4,90,exkmc_0.0.3
compact,20260801,2,6,1,1,1,2,2,purchase_event_count,3.0,3.0,1.3137267097676402,log1p_then_standardize,>,x[1] <= 3.410215185198969 AND x[2] <= 5.5886170998372204 AND x[2] > 1.3137267097676402 AND x[0] <= -0.66298767101032641,4,90,exkmc_0.0.3
compact,20260801,2,6,1,1,1,3,0,purchase_recency_days,32.186009004629625,32.186009004629625,-0.6629876710103264,log1p_then_standardize,<=,x[1] <= 3.410215185198969 AND x[2] <= 5.5886170998372204 AND x[2] > 1.3137267097676402 AND x[0] <= -0.66298767101032641,4,90,exkmc_0.0.3
compact,20260801,2,6,2,2,1,0,1,purchase_occasion_count,5.0,5.0,3.410215185198969,log1p_then_standardize,<=,x[1] <= 3.410215185198969 AND x[2] <= 5.5886170998372204 AND x[2] > 1.3137267097676402 AND x[0] > -0.66298767101032641,4,277,exkmc_0.0.3
compact,20260801,2,6,2,2,1,1,2,purchase_event_count,22.0,22.0,5.58861709983722,log1p_then_standardize,<=,x[1] <= 3.410215185198969 AND x[2] <= 5.5886170998372204 AND x[2] > 1.3137267097676402 AND x[0] > -0.66298767101032641,4,277,exkmc_0.0.3
compact,20260801,2,6,2,2,1,2,2,purchase_event_count,3.0,3.0,1.3137267097676402,log1p_then_standardize,>,x[1] <= 3.410215185198969 AND x[2] <= 5.5886170998372204 AND x[2] > 1.3137267097676402 AND x[0] > -0.66298767101032641,4,277,exkmc_0.0.3
compact,20260801,2,6,2,2,1,3,0,purchase_recency_days,32.186009004629625,32.186009004629625,-0.6629876710103264,log1p_then_standardize,>,x[1] <= 3.410215185198969 AND x[2] <= 5.5886170998372204 AND x[2] > 1.3137267097676402 AND x[0] > -0.66298767101032641,4,277,exkmc_0.0.3
compact,20260801,2,6,3,3,0,0,1,purchase_occasion_count,5.0,5.0,3.410215185198969,log1p_then_standardize,<=,x[1] <= 3.410215185198969 AND x[2] > 5.5886170998372204,2,5,exkmc_0.0.3
compact,20260801,2,6,3,3,0,1,2,purchase_event_count,22.0,22.0,5.58861709983722,log1p_then_standardize,>,x[1] <= 3.410215185198969 AND x[2] > 5.5886170998372204,2,5,exkmc_0.0.3
compact,20260801,2,6,4,4,1,0,1,purchase_occasion_count,5.0,5.0,3.410215185198969,log1p_then_standardize,>,x[1] > 3.410215185198969 AND x[2] <= 2.681378409142622,2,4,exkmc_0.0.3
compact,20260801,2,6,4,4,1,1,2,purchase_event_count,6.000000000000001,6.000000000000001,2.681378409142622,log1p_then_standardize,<=,x[1] > 3.410215185198969 AND x[2] <= 2.681378409142622,2,4,exkmc_0.0.3
compact,20260801,2,6,5,5,0,0,1,purchase_occasion_count,5.0,5.0,3.410215185198969,log1p_then_standardize,>,x[1] > 3.410215185198969 AND x[2] > 2.681378409142622,2,98,exkmc_0.0.3
compact,20260801,2,6,5,5,0,1,2,purchase_event_count,6.000000000000001,6.000000000000001,2.681378409142622,log1p_then_standardize,>,x[1] > 3.410215185198969 AND x[2] > 2.681378409142622,2,98,exkmc_0.0.3
compact,20260801,2,7,0,0,1,0,1,purchase_occasion_count,5.0,5.0,3.410215185198969,log1p_then_standardize,<=,x[1] <= 3.410215185198969 AND x[2] <= 5.5886170998372204 AND x[2] <= 1.3137267097676402,3,8901,exkmc_0.0.3
compact,20260801,2,7,0,0,1,1,2,purchase_event_count,22.0,22.0,5.58861709983722,log1p_then_standardize,<=,x[1] <= 3.410215185198969 AND x[2] <= 5.5886170998372204 AND x[2] <= 1.3137267097676402,3,8901,exkmc_0.0.3
compact,20260801,2,7,0,0,1,2,2,purchase_event_count,3.0,3.0,1.3137267097676402,log1p_then_standardize,<=,x[1] <= 3.410215185198969 AND x[2] <= 5.5886170998372204 AND x[2] <= 1.3137267097676402,3,8901,exkmc_0.0.3
compact,20260801,2,7,1,1,1,0,1,purchase_occasion_count,5.0,5.0,3.410215185198969,log1p_then_standardize,<=,x[1] <= 3.410215185198969 AND x[2] <= 5.5886170998372204 AND x[2] > 1.3137267097676402 AND x[0] <= -0.66298767101032641 AND x[0] <= -0.6928356455539546,5,88,exkmc_0.0.3
compact,20260801,2,7,1,1,1,1,2,purchase_event_count,22.0,22.0,5.58861709983722,log1p_then_standardize,<=,x[1] <= 3.410215185198969 AND x[2] <= 5.5886170998372204 AND x[2] > 1.3137267097676402 AND x[0] <= -0.66298767101032641 AND x[0] <= -0.6928356455539546,5,88,exkmc_0.0.3
compact,20260801,2,7,1,1,1,2,2,purchase_event_count,3.0,3.0,1.3137267097676402,log1p_then_standardize,>,x[1] <= 3.410215185198969 AND x[2] <= 5.5886170998372204 AND x[2] > 1.3137267097676402 AND x[0] <= -0.66298767101032641 AND x[0] <= -0.6928356455539546,5,88,exkmc_0.0.3
compact,20260801,2,7,1,1,1,3,0,purchase_recency_days,32.186009004629625,32.186009004629625,-0.6629876710103264,log1p_then_standardize,<=,x[1] <= 3.410215185198969 AND x[2] <= 5.5886170998372204 AND x[2] > 1.3137267097676402 AND x[0] <= -0.66298767101032641 AND x[0] <= -0.6928356455539546,5,88,exkmc_0.0.3
compact,20260801,2,7,1,1,1,4,0,purchase_recency_days,31.387635520833324,31.387635520833324,-0.6928356455539546,log1p_then_standardize,<=,x[1] <= 3.410215185198969 AND x[2] <= 5.5886170998372204 AND x[2] > 1.3137267097676402 AND x[0] <= -0.66298767101032641 AND x[0] <= -0.6928356455539546,5,88,exkmc_0.0.3
compact,20260801,2,7,2,2,1,0,1,purchase_occasion_count,5.0,5.0,3.410215185198969,log1p_then_standardize,<=,x[1] <= 3.410215185198969 AND x[2] <= 5.5886170998372204 AND x[2] > 1.3137267097676402 AND x[0] <= -0.66298767101032641 AND x[0] > -0.6928356455539546,5,2,exkmc_0.0.3
compact,20260801,2,7,2,2,1,1,2,purchase_event_count,22.0,22.0,5.58861709983722,log1p_then_standardize,<=,x[1] <= 3.410215185198969 AND x[2] <= 5.5886170998372204 AND x[2] > 1.3137267097676402 AND x[0] <= -0.66298767101032641 AND x[0] > -0.6928356455539546,5,2,exkmc_0.0.3
compact,20260801,2,7,2,2,1,2,2,purchase_event_count,3.0,3.0,1.3137267097676402,log1p_then_standardize,>,x[1] <= 3.410215185198969 AND x[2] <= 5.5886170998372204 AND x[2] > 1.3137267097676402 AND x[0] <= -0.66298767101032641 AND x[0] > -0.6928356455539546,5,2,exkmc_0.0.3
compact,20260801,2,7,2,2,1,3,0,purchase_recency_days,32.186009004629625,32.186009004629625,-0.6629876710103264,log1p_then_standardize,<=,x[1] <= 3.410215185198969 AND x[2] <= 5.5886170998372204 AND x[2] > 1.3137267097676402 AND x[0] <= -0.66298767101032641 AND x[0] > -0.6928356455539546,5,2,exkmc_0.0.3
compact,20260801,2,7,2,2,1,4,0,purchase_recency_days,31.387635520833324,31.387635520833324,-0.6928356455539546,log1p_then_standardize,>,x[1] <= 3.410215185198969 AND x[2] <= 5.5886170998372204 AND x[2] > 1.3137267097676402 AND x[0] <= -0.66298767101032641 AND x[0] > -0.6928356455539546,5,2,exkmc_0.0.3
compact,20260801,2,7,3,3,1,0,1,purchase_occasion_count,5.0,5.0,3.410215185198969,log1p_then_standardize,<=,x[1] <= 3.410215185198969 AND x[2] <= 5.5886170998372204 AND x[2] > 1.3137267097676402 AND x[0] > -0.66298767101032641,4,277,exkmc_0.0.3
compact,20260801,2,7,3,3,1,1,2,purchase_event_count,22.0,22.0,5.58861709983722,log1p_then_standardize,<=,x[1] <= 3.410215185198969 AND x[2] <= 5.5886170998372204 AND x[2] > 1.3137267097676402 AND x[0] > -0.66298767101032641,4,277,exkmc_0.0.3
compact,20260801,2,7,3,3,1,2,2,purchase_event_count,3.0,3.0,1.3137267097676402,log1p_then_standardize,>,x[1] <= 3.410215185198969 AND x[2] <= 5.5886170998372204 AND x[2] > 1.3137267097676402 AND x[0] > -0.66298767101032641,4,277,exkmc_0.0.3
compact,20260801,2,7,3,3,1,3,0,purchase_recency_days,32.186009004629625,32.186009004629625,-0.6629876710103264,log1p_then_standardize,>,x[1] <= 3.410215185198969 AND x[2] <= 5.5886170998372204 AND x[2] > 1.3137267097676402 AND x[0] > -0.66298767101032641,4,277,exkmc_0.0.3
compact,20260801,2,7,4,4,0,0,1,purchase_occasion_count,5.0,5.0,3.410215185198969,log1p_then_standardize,<=,x[1] <= 3.410215185198969 AND x[2] > 5.5886170998372204,2,5,exkmc_0.0.3
compact,20260801,2,7,4,4,0,1,2,purchase_event_count,22.0,22.0,5.58861709983722,log1p_then_standardize,>,x[1] <= 3.410215185198969 AND x[2] > 5.5886170998372204,2,5,exkmc_0.0.3
compact,20260801,2,7,5,5,1,0,1,purchase_occasion_count,5.0,5.0,3.410215185198969,log1p_then_standardize,>,x[1] > 3.410215185198969 AND x[2] <= 2.681378409142622,2,4,exkmc_0.0.3
compact,20260801,2,7,5,5,1,1,2,purchase_event_count,6.000000000000001,6.000000000000001,2.681378409142622,log1p_then_standardize,<=,x[1] > 3.410215185198969 AND x[2] <= 2.681378409142622,2,4,exkmc_0.0.3
compact,20260801,2,7,6,6,0,0,1,purchase_occasion_count,5.0,5.0,3.410215185198969,log1p_then_standardize,>,x[1] > 3.410215185198969 AND x[2] > 2.681378409142622,2,98,exkmc_0.0.3
compact,20260801,2,7,6,6,0,1,2,purchase_event_count,6.000000000000001,6.000000000000001,2.681378409142622,log1p_then_standardize,>,x[1] > 3.410215185198969 AND x[2] > 2.681378409142622,2,98,exkmc_0.0.3
compact,20260801,2,8,0,0,1,0,1,purchase_occasion_count,5.0,5.0,3.410215185198969,log1p_then_standardize,<=,x[1] <= 3.410215185198969 AND x[2] <= 5.5886170998372204 AND x[2] <= 1.3137267097676402,3,8901,exkmc_0.0.3
compact,20260801,2,8,0,0,1,1,2,purchase_event_count,22.0,22.0,5.58861709983722,log1p_then_standardize,<=,x[1] <= 3.410215185198969 AND x[2] <= 5.5886170998372204 AND x[2] <= 1.3137267097676402,3,8901,exkmc_0.0.3
compact,20260801,2,8,0,0,1,2,2,purchase_event_count,3.0,3.0,1.3137267097676402,log1p_then_standardize,<=,x[1] <= 3.410215185198969 AND x[2] <= 5.5886170998372204 AND x[2] <= 1.3137267097676402,3,8901,exkmc_0.0.3
compact,20260801,2,8,1,1,1,0,1,purchase_occasion_count,5.0,5.0,3.410215185198969,log1p_then_standardize,<=,x[1] <= 3.410215185198969 AND x[2] <= 5.5886170998372204 AND x[2] > 1.3137267097676402 AND x[0] <= -0.66298767101032641 AND x[0] <= -0.6928356455539546 AND x[0] <= -0.71148650106562461,6,85,exkmc_0.0.3
compact,20260801,2,8,1,1,1,1,2,purchase_event_count,22.0,22.0,5.58861709983722,log1p_then_standardize,<=,x[1] <= 3.410215185198969 AND x[2] <= 5.5886170998372204 AND x[2] > 1.3137267097676402 AND x[0] <= -0.66298767101032641 AND x[0] <= -0.6928356455539546 AND x[0] <= -0.71148650106562461,6,85,exkmc_0.0.3
compact,20260801,2,8,1,1,1,2,2,purchase_event_count,3.0,3.0,1.3137267097676402,log1p_then_standardize,>,x[1] <= 3.410215185198969 AND x[2] <= 5.5886170998372204 AND x[2] > 1.3137267097676402 AND x[0] <= -0.66298767101032641 AND x[0] <= -0.6928356455539546 AND x[0] <= -0.71148650106562461,6,85,exkmc_0.0.3
compact,20260801,2,8,1,1,1,3,0,purchase_recency_days,32.186009004629625,32.186009004629625,-0.6629876710103264,log1p_then_standardize,<=,x[1] <= 3.410215185198969 AND x[2] <= 5.5886170998372204 AND x[2] > 1.3137267097676402 AND x[0] <= -0.66298767101032641 AND x[0] <= -0.6928356455539546 AND x[0] <= -0.71148650106562461,6,85,exkmc_0.0.3
compact,20260801,2,8,1,1,1,4,0,purchase_recency_days,31.387635520833324,31.387635520833324,-0.6928356455539546,log1p_then_standardize,<=,x[1] <= 3.410215185198969 AND x[2] <= 5.5886170998372204 AND x[2] > 1.3137267097676402 AND x[0] <= -0.66298767101032641 AND x[0] <= -0.6928356455539546 AND x[0] <= -0.71148650106562461,6,85,exkmc_0.0.3
compact,20260801,2,8,1,1,1,5,0,purchase_recency_days,30.898542615740745,30.898542615740745,-0.7114865010656246,log1p_then_standardize,<=,x[1] <= 3.410215185198969 AND x[2] <= 5.5886170998372204 AND x[2] > 1.3137267097676402 AND x[0] <= -0.66298767101032641 AND x[0] <= -0.6928356455539546 AND x[0] <= -0.71148650106562461,6,85,exkmc_0.0.3
compact,20260801,2,8,2,2,1,0,1,purchase_occasion_count,5.0,5.0,3.410215185198969,log1p_then_standardize,<=,x[1] <= 3.410215185198969 AND x[2] <= 5.5886170998372204 AND x[2] > 1.3137267097676402 AND x[0] <= -0.66298767101032641 AND x[0] <= -0.6928356455539546 AND x[0] > -0.71148650106562461,6,3,exkmc_0.0.3
compact,20260801,2,8,2,2,1,1,2,purchase_event_count,22.0,22.0,5.58861709983722,log1p_then_standardize,<=,x[1] <= 3.410215185198969 AND x[2] <= 5.5886170998372204 AND x[2] > 1.3137267097676402 AND x[0] <= -0.66298767101032641 AND x[0] <= -0.6928356455539546 AND x[0] > -0.71148650106562461,6,3,exkmc_0.0.3
compact,20260801,2,8,2,2,1,2,2,purchase_event_count,3.0,3.0,1.3137267097676402,log1p_then_standardize,>,x[1] <= 3.410215185198969 AND x[2] <= 5.5886170998372204 AND x[2] > 1.3137267097676402 AND x[0] <= -0.66298767101032641 AND x[0] <= -0.6928356455539546 AND x[0] > -0.71148650106562461,6,3,exkmc_0.0.3
compact,20260801,2,8,2,2,1,3,0,purchase_recency_days,32.186009004629625,32.186009004629625,-0.6629876710103264,log1p_then_standardize,<=,x[1] <= 3.410215185198969 AND x[2] <= 5.5886170998372204 AND x[2] > 1.3137267097676402 AND x[0] <= -0.66298767101032641 AND x[0] <= -0.6928356455539546 AND x[0] > -0.71148650106562461,6,3,exkmc_0.0.3
compact,20260801,2,8,2,2,1,4,0,purchase_recency_days,31.387635520833324,31.387635520833324,-0.6928356455539546,log1p_then_standardize,<=,x[1] <= 3.410215185198969 AND x[2] <= 5.5886170998372204 AND x[2] > 1.3137267097676402 AND x[0] <= -0.66298767101032641 AND x[0] <= -0.6928356455539546 AND x[0] > -0.71148650106562461,6,3,exkmc_0.0.3
compact,20260801,2,8,2,2,1,5,0,purchase_recency_days,30.898542615740745,30.898542615740745,-0.7114865010656246,log1p_then_standardize,>,x[1] <= 3.410215185198969 AND x[2] <= 5.5886170998372204 AND x[2] > 1.3137267097676402 AND x[0] <= -0.66298767101032641 AND x[0] <= -0.6928356455539546 AND x[0] > -0.71148650106562461,6,3,exkmc_0.0.3
compact,20260801,2,8,3,3,1,0,1,purchase_occasion_count,5.0,5.0,3.410215185198969,log1p_then_standardize,<=,x[1] <= 3.410215185198969 AND x[2] <= 5.5886170998372204 AND x[2] > 1.3137267097676402 AND x[0] <= -0.66298767101032641 AND x[0] > -0.6928356455539546,5,2,exkmc_0.0.3
compact,20260801,2,8,3,3,1,1,2,purchase_event_count,22.0,22.0,5.58861709983722,log1p_then_standardize,<=,x[1] <= 3.410215185198969 AND x[2] <= 5.5886170998372204 AND x[2] > 1.3137267097676402 AND x[0] <= -0.66298767101032641 AND x[0] > -0.6928356455539546,5,2,exkmc_0.0.3
compact,20260801,2,8,3,3,1,2,2,purchase_event_count,3.0,3.0,1.3137267097676402,log1p_then_standardize,>,x[1] <= 3.410215185198969 AND x[2] <= 5.5886170998372204 AND x[2] > 1.3137267097676402 AND x[0] <= -0.66298767101032641 AND x[0] > -0.6928356455539546,5,2,exkmc_0.0.3
compact,20260801,2,8,3,3,1,3,0,purchase_recency_days,32.186009004629625,32.186009004629625,-0.6629876710103264,log1p_then_standardize,<=,x[1] <= 3.410215185198969 AND x[2] <= 5.5886170998372204 AND x[2] > 1.3137267097676402 AND x[0] <= -0.66298767101032641 AND x[0] > -0.6928356455539546,5,2,exkmc_0.0.3
compact,20260801,2,8,3,3,1,4,0,purchase_recency_days,31.387635520833324,31.387635520833324,-0.6928356455539546,log1p_then_standardize,>,x[1] <= 3.410215185198969 AND x[2] <= 5.5886170998372204 AND x[2] > 1.3137267097676402 AND x[0] <= -0.66298767101032641 AND x[0] > -0.6928356455539546,5,2,exkmc_0.0.3
compact,20260801,2,8,4,4,1,0,1,purchase_occasion_count,5.0,5.0,3.410215185198969,log1p_then_standardize,<=,x[1] <= 3.410215185198969 AND x[2] <= 5.5886170998372204 AND x[2] > 1.3137267097676402 AND x[0] > -0.66298767101032641,4,277,exkmc_0.0.3
compact,20260801,2,8,4,4,1,1,2,purchase_event_count,22.0,22.0,5.58861709983722,log1p_then_standardize,<=,x[1] <= 3.410215185198969 AND x[2] <= 5.5886170998372204 AND x[2] > 1.3137267097676402 AND x[0] > -0.66298767101032641,4,277,exkmc_0.0.3
compact,20260801,2,8,4,4,1,2,2,purchase_event_count,3.0,3.0,1.3137267097676402,log1p_then_standardize,>,x[1] <= 3.410215185198969 AND x[2] <= 5.5886170998372204 AND x[2] > 1.3137267097676402 AND x[0] > -0.66298767101032641,4,277,exkmc_0.0.3
compact,20260801,2,8,4,4,1,3,0,purchase_recency_days,32.186009004629625,32.186009004629625,-0.6629876710103264,log1p_then_standardize,>,x[1] <= 3.410215185198969 AND x[2] <= 5.5886170998372204 AND x[2] > 1.3137267097676402 AND x[0] > -0.66298767101032641,4,277,exkmc_0.0.3
compact,20260801,2,8,5,5,0,0,1,purchase_occasion_count,5.0,5.0,3.410215185198969,log1p_then_standardize,<=,x[1] <= 3.410215185198969 AND x[2] > 5.5886170998372204,2,5,exkmc_0.0.3
compact,20260801,2,8,5,5,0,1,2,purchase_event_count,22.0,22.0,5.58861709983722,log1p_then_standardize,>,x[1] <= 3.410215185198969 AND x[2] > 5.5886170998372204,2,5,exkmc_0.0.3
compact,20260801,2,8,6,6,1,0,1,purchase_occasion_count,5.0,5.0,3.410215185198969,log1p_then_standardize,>,x[1] > 3.410215185198969 AND x[2] <= 2.681378409142622,2,4,exkmc_0.0.3
compact,20260801,2,8,6,6,1,1,2,purchase_event_count,6.000000000000001,6.000000000000001,2.681378409142622,log1p_then_standardize,<=,x[1] > 3.410215185198969 AND x[2] <= 2.681378409142622,2,4,exkmc_0.0.3
compact,20260801,2,8,7,7,0,0,1,purchase_occasion_count,5.0,5.0,3.410215185198969,log1p_then_standardize,>,x[1] > 3.410215185198969 AND x[2] > 2.681378409142622,2,98,exkmc_0.0.3
compact,20260801,2,8,7,7,0,1,2,purchase_event_count,6.000000000000001,6.000000000000001,2.681378409142622,log1p_then_standardize,>,x[1] > 3.410215185198969 AND x[2] > 2.681378409142622,2,98,exkmc_0.0.3
compact,20260802,2,2,0,0,0,0,1,purchase_occasion_count,5.999999999999999,5.999999999999999,3.919261780819086,log1p_then_standardize,<=,x[1] <= 3.9192617808190859,1,9284,exkmc_0.0.3
compact,20260802,2,2,1,1,1,0,1,purchase_occasion_count,5.999999999999999,5.999999999999999,3.919261780819086,log1p_then_standardize,>,x[1] > 3.9192617808190859,1,91,exkmc_0.0.3
compact,20260802,2,3,0,0,0,0,1,purchase_occasion_count,5.999999999999999,5.999999999999999,3.919261780819086,log1p_then_standardize,<=,x[1] <= 3.9192617808190859 AND x[2] <= 4.9200691514227426,2,9275,exkmc_0.0.3
compact,20260802,2,3,0,0,0,1,2,purchase_event_count,15.999999999999995,15.999999999999995,4.920069151422743,log1p_then_standardize,<=,x[1] <= 3.9192617808190859 AND x[2] <= 4.9200691514227426,2,9275,exkmc_0.0.3
compact,20260802,2,3,1,1,1,0,1,purchase_occasion_count,5.999999999999999,5.999999999999999,3.919261780819086,log1p_then_standardize,<=,x[1] <= 3.9192617808190859 AND x[2] > 4.9200691514227426,2,9,exkmc_0.0.3
compact,20260802,2,3,1,1,1,1,2,purchase_event_count,15.999999999999995,15.999999999999995,4.920069151422743,log1p_then_standardize,>,x[1] <= 3.9192617808190859 AND x[2] > 4.9200691514227426,2,9,exkmc_0.0.3
compact,20260802,2,3,2,2,1,0,1,purchase_occasion_count,5.999999999999999,5.999999999999999,3.919261780819086,log1p_then_standardize,>,x[1] > 3.9192617808190859,1,91,exkmc_0.0.3
compact,20260802,2,4,0,0,0,0,1,purchase_occasion_count,5.999999999999999,5.999999999999999,3.919261780819086,log1p_then_standardize,<=,x[1] <= 3.9192617808190859 AND x[2] <= 4.9200691514227426 AND x[2] <= -0.38259757051195953,3,7314,exkmc_0.0.3
compact,20260802,2,4,0,0,0,1,2,purchase_event_count,15.999999999999995,15.999999999999995,4.920069151422743,log1p_then_standardize,<=,x[1] <= 3.9192617808190859 AND x[2] <= 4.9200691514227426 AND x[2] <= -0.38259757051195953,3,7314,exkmc_0.0.3
compact,20260802,2,4,0,0,0,2,2,purchase_event_count,1.0,1.0,-0.38259757051195953,log1p_then_standardize,<=,x[1] <= 3.9192617808190859 AND x[2] <= 4.9200691514227426 AND x[2] <= -0.38259757051195953,3,7314,exkmc_0.0.3
compact,20260802,2,4,1,1,0,0,1,purchase_occasion_count,5.999999999999999,5.999999999999999,3.919261780819086,log1p_then_standardize,<=,x[1] <= 3.9192617808190859 AND x[2] <= 4.9200691514227426 AND x[2] > -0.38259757051195953,3,1961,exkmc_0.0.3
compact,20260802,2,4,1,1,0,1,2,purchase_event_count,15.999999999999995,15.999999999999995,4.920069151422743,log1p_then_standardize,<=,x[1] <= 3.9192617808190859 AND x[2] <= 4.9200691514227426 AND x[2] > -0.38259757051195953,3,1961,exkmc_0.0.3
compact,20260802,2,4,1,1,0,2,2,purchase_event_count,1.0,1.0,-0.38259757051195953,log1p_then_standardize,>,x[1] <= 3.9192617808190859 AND x[2] <= 4.9200691514227426 AND x[2] > -0.38259757051195953,3,1961,exkmc_0.0.3
compact,20260802,2,4,2,2,1,0,1,purchase_occasion_count,5.999999999999999,5.999999999999999,3.919261780819086,log1p_then_standardize,<=,x[1] <= 3.9192617808190859 AND x[2] > 4.9200691514227426,2,9,exkmc_0.0.3
compact,20260802,2,4,2,2,1,1,2,purchase_event_count,15.999999999999995,15.999999999999995,4.920069151422743,log1p_then_standardize,>,x[1] <= 3.9192617808190859 AND x[2] > 4.9200691514227426,2,9,exkmc_0.0.3
compact,20260802,2,4,3,3,1,0,1,purchase_occasion_count,5.999999999999999,5.999999999999999,3.919261780819086,log1p_then_standardize,>,x[1] > 3.9192617808190859,1,91,exkmc_0.0.3
compact,20260802,2,5,0,0,0,0,1,purchase_occasion_count,5.999999999999999,5.999999999999999,3.919261780819086,log1p_then_standardize,<=,x[1] <= 3.9192617808190859 AND x[2] <= 4.9200691514227426 AND x[2] <= -0.38259757051195953,3,7314,exkmc_0.0.3
compact,20260802,2,5,0,0,0,1,2,purchase_event_count,15.999999999999995,15.999999999999995,4.920069151422743,log1p_then_standardize,<=,x[1] <= 3.9192617808190859 AND x[2] <= 4.9200691514227426 AND x[2] <= -0.38259757051195953,3,7314,exkmc_0.0.3
compact,20260802,2,5,0,0,0,2,2,purchase_event_count,1.0,1.0,-0.38259757051195953,log1p_then_standardize,<=,x[1] <= 3.9192617808190859 AND x[2] <= 4.9200691514227426 AND x[2] <= -0.38259757051195953,3,7314,exkmc_0.0.3
compact,20260802,2,5,1,1,0,0,1,purchase_occasion_count,5.999999999999999,5.999999999999999,3.919261780819086,log1p_then_standardize,<=,x[1] <= 3.9192617808190859 AND x[2] <= 4.9200691514227426 AND x[2] > -0.38259757051195953 AND x[1] <= -0.2130282301728878,4,1215,exkmc_0.0.3
compact,20260802,2,5,1,1,0,1,2,purchase_event_count,15.999999999999995,15.999999999999995,4.920069151422743,log1p_then_standardize,<=,x[1] <= 3.9192617808190859 AND x[2] <= 4.9200691514227426 AND x[2] > -0.38259757051195953 AND x[1] <= -0.2130282301728878,4,1215,exkmc_0.0.3
compact,20260802,2,5,1,1,0,2,2,purchase_event_count,1.0,1.0,-0.38259757051195953,log1p_then_standardize,>,x[1] <= 3.9192617808190859 AND x[2] <= 4.9200691514227426 AND x[2] > -0.38259757051195953 AND x[1] <= -0.2130282301728878,4,1215,exkmc_0.0.3
compact,20260802,2,5,1,1,0,3,1,purchase_occasion_count,1.0,1.0,-0.2130282301728878,log1p_then_standardize,<=,x[1] <= 3.9192617808190859 AND x[2] <= 4.9200691514227426 AND x[2] > -0.38259757051195953 AND x[1] <= -0.2130282301728878,4,1215,exkmc_0.0.3
compact,20260802,2,5,2,2,0,0,1,purchase_occasion_count,5.999999999999999,5.999999999999999,3.919261780819086,log1p_then_standardize,<=,x[1] <= 3.9192617808190859 AND x[2] <= 4.9200691514227426 AND x[2] > -0.38259757051195953 AND x[1] > -0.2130282301728878,4,746,exkmc_0.0.3
compact,20260802,2,5,2,2,0,1,2,purchase_event_count,15.999999999999995,15.999999999999995,4.920069151422743,log1p_then_standardize,<=,x[1] <= 3.9192617808190859 AND x[2] <= 4.9200691514227426 AND x[2] > -0.38259757051195953 AND x[1] > -0.2130282301728878,4,746,exkmc_0.0.3
compact,20260802,2,5,2,2,0,2,2,purchase_event_count,1.0,1.0,-0.38259757051195953,log1p_then_standardize,>,x[1] <= 3.9192617808190859 AND x[2] <= 4.9200691514227426 AND x[2] > -0.38259757051195953 AND x[1] > -0.2130282301728878,4,746,exkmc_0.0.3
compact,20260802,2,5,2,2,0,3,1,purchase_occasion_count,1.0,1.0,-0.2130282301728878,log1p_then_standardize,>,x[1] <= 3.9192617808190859 AND x[2] <= 4.9200691514227426 AND x[2] > -0.38259757051195953 AND x[1] > -0.2130282301728878,4,746,exkmc_0.0.3
compact,20260802,2,5,3,3,1,0,1,purchase_occasion_count,5.999999999999999,5.999999999999999,3.919261780819086,log1p_then_standardize,<=,x[1] <= 3.9192617808190859 AND x[2] > 4.9200691514227426,2,9,exkmc_0.0.3
compact,20260802,2,5,3,3,1,1,2,purchase_event_count,15.999999999999995,15.999999999999995,4.920069151422743,log1p_then_standardize,>,x[1] <= 3.9192617808190859 AND x[2] > 4.9200691514227426,2,9,exkmc_0.0.3
compact,20260802,2,5,4,4,1,0,1,purchase_occasion_count,5.999999999999999,5.999999999999999,3.919261780819086,log1p_then_standardize,>,x[1] > 3.9192617808190859,1,91,exkmc_0.0.3
compact,20260802,2,6,0,0,0,0,1,purchase_occasion_count,5.999999999999999,5.999999999999999,3.919261780819086,log1p_then_standardize,<=,x[1] <= 3.9192617808190859 AND x[2] <= 4.9200691514227426 AND x[2] <= -0.38259757051195953,3,7314,exkmc_0.0.3
compact,20260802,2,6,0,0,0,1,2,purchase_event_count,15.999999999999995,15.999999999999995,4.920069151422743,log1p_then_standardize,<=,x[1] <= 3.9192617808190859 AND x[2] <= 4.9200691514227426 AND x[2] <= -0.38259757051195953,3,7314,exkmc_0.0.3
compact,20260802,2,6,0,0,0,2,2,purchase_event_count,1.0,1.0,-0.38259757051195953,log1p_then_standardize,<=,x[1] <= 3.9192617808190859 AND x[2] <= 4.9200691514227426 AND x[2] <= -0.38259757051195953,3,7314,exkmc_0.0.3
compact,20260802,2,6,1,1,0,0,1,purchase_occasion_count,5.999999999999999,5.999999999999999,3.919261780819086,log1p_then_standardize,<=,x[1] <= 3.9192617808190859 AND x[2] <= 4.9200691514227426 AND x[2] > -0.38259757051195953 AND x[1] <= -0.2130282301728878,4,1215,exkmc_0.0.3
compact,20260802,2,6,1,1,0,1,2,purchase_event_count,15.999999999999995,15.999999999999995,4.920069151422743,log1p_then_standardize,<=,x[1] <= 3.9192617808190859 AND x[2] <= 4.9200691514227426 AND x[2] > -0.38259757051195953 AND x[1] <= -0.2130282301728878,4,1215,exkmc_0.0.3
compact,20260802,2,6,1,1,0,2,2,purchase_event_count,1.0,1.0,-0.38259757051195953,log1p_then_standardize,>,x[1] <= 3.9192617808190859 AND x[2] <= 4.9200691514227426 AND x[2] > -0.38259757051195953 AND x[1] <= -0.2130282301728878,4,1215,exkmc_0.0.3
compact,20260802,2,6,1,1,0,3,1,purchase_occasion_count,1.0,1.0,-0.2130282301728878,log1p_then_standardize,<=,x[1] <= 3.9192617808190859 AND x[2] <= 4.9200691514227426 AND x[2] > -0.38259757051195953 AND x[1] <= -0.2130282301728878,4,1215,exkmc_0.0.3
compact,20260802,2,6,2,2,0,0,1,purchase_occasion_count,5.999999999999999,5.999999999999999,3.919261780819086,log1p_then_standardize,<=,x[1] <= 3.9192617808190859 AND x[2] <= 4.9200691514227426 AND x[2] > -0.38259757051195953 AND x[1] > -0.2130282301728878 AND x[1] <= 2.0733461617963003,5,697,exkmc_0.0.3
compact,20260802,2,6,2,2,0,1,2,purchase_event_count,15.999999999999995,15.999999999999995,4.920069151422743,log1p_then_standardize,<=,x[1] <= 3.9192617808190859 AND x[2] <= 4.9200691514227426 AND x[2] > -0.38259757051195953 AND x[1] > -0.2130282301728878 AND x[1] <= 2.0733461617963003,5,697,exkmc_0.0.3
compact,20260802,2,6,2,2,0,2,2,purchase_event_count,1.0,1.0,-0.38259757051195953,log1p_then_standardize,>,x[1] <= 3.9192617808190859 AND x[2] <= 4.9200691514227426 AND x[2] > -0.38259757051195953 AND x[1] > -0.2130282301728878 AND x[1] <= 2.0733461617963003,5,697,exkmc_0.0.3
compact,20260802,2,6,2,2,0,3,1,purchase_occasion_count,1.0,1.0,-0.2130282301728878,log1p_then_standardize,>,x[1] <= 3.9192617808190859 AND x[2] <= 4.9200691514227426 AND x[2] > -0.38259757051195953 AND x[1] > -0.2130282301728878 AND x[1] <= 2.0733461617963003,5,697,exkmc_0.0.3
compact,20260802,2,6,2,2,0,4,1,purchase_occasion_count,3.0,3.0,2.0733461617963003,log1p_then_standardize,<=,x[1] <= 3.9192617808190859 AND x[2] <= 4.9200691514227426 AND x[2] > -0.38259757051195953 AND x[1] > -0.2130282301728878 AND x[1] <= 2.0733461617963003,5,697,exkmc_0.0.3
compact,20260802,2,6,3,3,0,0,1,purchase_occasion_count,5.999999999999999,5.999999999999999,3.919261780819086,log1p_then_standardize,<=,x[1] <= 3.9192617808190859 AND x[2] <= 4.9200691514227426 AND x[2] > -0.38259757051195953 AND x[1] > -0.2130282301728878 AND x[1] > 2.0733461617963003,5,49,exkmc_0.0.3
compact,20260802,2,6,3,3,0,1,2,purchase_event_count,15.999999999999995,15.999999999999995,4.920069151422743,log1p_then_standardize,<=,x[1] <= 3.9192617808190859 AND x[2] <= 4.9200691514227426 AND x[2] > -0.38259757051195953 AND x[1] > -0.2130282301728878 AND x[1] > 2.0733461617963003,5,49,exkmc_0.0.3
compact,20260802,2,6,3,3,0,2,2,purchase_event_count,1.0,1.0,-0.38259757051195953,log1p_then_standardize,>,x[1] <= 3.9192617808190859 AND x[2] <= 4.9200691514227426 AND x[2] > -0.38259757051195953 AND x[1] > -0.2130282301728878 AND x[1] > 2.0733461617963003,5,49,exkmc_0.0.3
compact,20260802,2,6,3,3,0,3,1,purchase_occasion_count,1.0,1.0,-0.2130282301728878,log1p_then_standardize,>,x[1] <= 3.9192617808190859 AND x[2] <= 4.9200691514227426 AND x[2] > -0.38259757051195953 AND x[1] > -0.2130282301728878 AND x[1] > 2.0733461617963003,5,49,exkmc_0.0.3
compact,20260802,2,6,3,3,0,4,1,purchase_occasion_count,3.0,3.0,2.0733461617963003,log1p_then_standardize,>,x[1] <= 3.9192617808190859 AND x[2] <= 4.9200691514227426 AND x[2] > -0.38259757051195953 AND x[1] > -0.2130282301728878 AND x[1] > 2.0733461617963003,5,49,exkmc_0.0.3
compact,20260802,2,6,4,4,1,0,1,purchase_occasion_count,5.999999999999999,5.999999999999999,3.919261780819086,log1p_then_standardize,<=,x[1] <= 3.9192617808190859 AND x[2] > 4.9200691514227426,2,9,exkmc_0.0.3
compact,20260802,2,6,4,4,1,1,2,purchase_event_count,15.999999999999995,15.999999999999995,4.920069151422743,log1p_then_standardize,>,x[1] <= 3.9192617808190859 AND x[2] > 4.9200691514227426,2,9,exkmc_0.0.3
compact,20260802,2,6,5,5,1,0,1,purchase_occasion_count,5.999999999999999,5.999999999999999,3.919261780819086,log1p_then_standardize,>,x[1] > 3.9192617808190859,1,91,exkmc_0.0.3
compact,20260802,2,7,0,0,0,0,1,purchase_occasion_count,5.999999999999999,5.999999999999999,3.919261780819086,log1p_then_standardize,<=,x[1] <= 3.9192617808190859 AND x[2] <= 4.9200691514227426 AND x[2] <= -0.38259757051195953,3,7314,exkmc_0.0.3
compact,20260802,2,7,0,0,0,1,2,purchase_event_count,15.999999999999995,15.999999999999995,4.920069151422743,log1p_then_standardize,<=,x[1] <= 3.9192617808190859 AND x[2] <= 4.9200691514227426 AND x[2] <= -0.38259757051195953,3,7314,exkmc_0.0.3
compact,20260802,2,7,0,0,0,2,2,purchase_event_count,1.0,1.0,-0.38259757051195953,log1p_then_standardize,<=,x[1] <= 3.9192617808190859 AND x[2] <= 4.9200691514227426 AND x[2] <= -0.38259757051195953,3,7314,exkmc_0.0.3
compact,20260802,2,7,1,1,0,0,1,purchase_occasion_count,5.999999999999999,5.999999999999999,3.919261780819086,log1p_then_standardize,<=,x[1] <= 3.9192617808190859 AND x[2] <= 4.9200691514227426 AND x[2] > -0.38259757051195953 AND x[1] <= -0.2130282301728878,4,1215,exkmc_0.0.3
compact,20260802,2,7,1,1,0,1,2,purchase_event_count,15.999999999999995,15.999999999999995,4.920069151422743,log1p_then_standardize,<=,x[1] <= 3.9192617808190859 AND x[2] <= 4.9200691514227426 AND x[2] > -0.38259757051195953 AND x[1] <= -0.2130282301728878,4,1215,exkmc_0.0.3
compact,20260802,2,7,1,1,0,2,2,purchase_event_count,1.0,1.0,-0.38259757051195953,log1p_then_standardize,>,x[1] <= 3.9192617808190859 AND x[2] <= 4.9200691514227426 AND x[2] > -0.38259757051195953 AND x[1] <= -0.2130282301728878,4,1215,exkmc_0.0.3
compact,20260802,2,7,1,1,0,3,1,purchase_occasion_count,1.0,1.0,-0.2130282301728878,log1p_then_standardize,<=,x[1] <= 3.9192617808190859 AND x[2] <= 4.9200691514227426 AND x[2] > -0.38259757051195953 AND x[1] <= -0.2130282301728878,4,1215,exkmc_0.0.3
compact,20260802,2,7,2,2,0,0,1,purchase_occasion_count,5.999999999999999,5.999999999999999,3.919261780819086,log1p_then_standardize,<=,x[1] <= 3.9192617808190859 AND x[2] <= 4.9200691514227426 AND x[2] > -0.38259757051195953 AND x[1] > -0.2130282301728878 AND x[1] <= 2.0733461617963003,5,697,exkmc_0.0.3
compact,20260802,2,7,2,2,0,1,2,purchase_event_count,15.999999999999995,15.999999999999995,4.920069151422743,log1p_then_standardize,<=,x[1] <= 3.9192617808190859 AND x[2] <= 4.9200691514227426 AND x[2] > -0.38259757051195953 AND x[1] > -0.2130282301728878 AND x[1] <= 2.0733461617963003,5,697,exkmc_0.0.3
compact,20260802,2,7,2,2,0,2,2,purchase_event_count,1.0,1.0,-0.38259757051195953,log1p_then_standardize,>,x[1] <= 3.9192617808190859 AND x[2] <= 4.9200691514227426 AND x[2] > -0.38259757051195953 AND x[1] > -0.2130282301728878 AND x[1] <= 2.0733461617963003,5,697,exkmc_0.0.3
compact,20260802,2,7,2,2,0,3,1,purchase_occasion_count,1.0,1.0,-0.2130282301728878,log1p_then_standardize,>,x[1] <= 3.9192617808190859 AND x[2] <= 4.9200691514227426 AND x[2] > -0.38259757051195953 AND x[1] > -0.2130282301728878 AND x[1] <= 2.0733461617963003,5,697,exkmc_0.0.3
compact,20260802,2,7,2,2,0,4,1,purchase_occasion_count,3.0,3.0,2.0733461617963003,log1p_then_standardize,<=,x[1] <= 3.9192617808190859 AND x[2] <= 4.9200691514227426 AND x[2] > -0.38259757051195953 AND x[1] > -0.2130282301728878 AND x[1] <= 2.0733461617963003,5,697,exkmc_0.0.3
compact,20260802,2,7,3,3,0,0,1,purchase_occasion_count,5.999999999999999,5.999999999999999,3.919261780819086,log1p_then_standardize,<=,x[1] <= 3.9192617808190859 AND x[2] <= 4.9200691514227426 AND x[2] > -0.38259757051195953 AND x[1] > -0.2130282301728878 AND x[1] > 2.0733461617963003 AND x[2] <= 4.2553632938780623,6,47,exkmc_0.0.3
compact,20260802,2,7,3,3,0,1,2,purchase_event_count,15.999999999999995,15.999999999999995,4.920069151422743,log1p_then_standardize,<=,x[1] <= 3.9192617808190859 AND x[2] <= 4.9200691514227426 AND x[2] > -0.38259757051195953 AND x[1] > -0.2130282301728878 AND x[1] > 2.0733461617963003 AND x[2] <= 4.2553632938780623,6,47,exkmc_0.0.3
compact,20260802,2,7,3,3,0,2,2,purchase_event_count,1.0,1.0,-0.38259757051195953,log1p_then_standardize,>,x[1] <= 3.9192617808190859 AND x[2] <= 4.9200691514227426 AND x[2] > -0.38259757051195953 AND x[1] > -0.2130282301728878 AND x[1] > 2.0733461617963003 AND x[2] <= 4.2553632938780623,6,47,exkmc_0.0.3
compact,20260802,2,7,3,3,0,3,1,purchase_occasion_count,1.0,1.0,-0.2130282301728878,log1p_then_standardize,>,x[1] <= 3.9192617808190859 AND x[2] <= 4.9200691514227426 AND x[2] > -0.38259757051195953 AND x[1] > -0.2130282301728878 AND x[1] > 2.0733461617963003 AND x[2] <= 4.2553632938780623,6,47,exkmc_0.0.3
compact,20260802,2,7,3,3,0,4,1,purchase_occasion_count,3.0,3.0,2.0733461617963003,log1p_then_standardize,>,x[1] <= 3.9192617808190859 AND x[2] <= 4.9200691514227426 AND x[2] > -0.38259757051195953 AND x[1] > -0.2130282301728878 AND x[1] > 2.0733461617963003 AND x[2] <= 4.2553632938780623,6,47,exkmc_0.0.3
compact,20260802,2,7,3,3,0,5,2,purchase_event_count,12.0,12.0,4.255363293878062,log1p_then_standardize,<=,x[1] <= 3.9192617808190859 AND x[2] <= 4.9200691514227426 AND x[2] > -0.38259757051195953 AND x[1] > -0.2130282301728878 AND x[1] > 2.0733461617963003 AND x[2] <= 4.2553632938780623,6,47,exkmc_0.0.3
compact,20260802,2,7,4,4,1,0,1,purchase_occasion_count,5.999999999999999,5.999999999999999,3.919261780819086,log1p_then_standardize,<=,x[1] <= 3.9192617808190859 AND x[2] <= 4.9200691514227426 AND x[2] > -0.38259757051195953 AND x[1] > -0.2130282301728878 AND x[1] > 2.0733461617963003 AND x[2] > 4.2553632938780623,6,2,exkmc_0.0.3
compact,20260802,2,7,4,4,1,1,2,purchase_event_count,15.999999999999995,15.999999999999995,4.920069151422743,log1p_then_standardize,<=,x[1] <= 3.9192617808190859 AND x[2] <= 4.9200691514227426 AND x[2] > -0.38259757051195953 AND x[1] > -0.2130282301728878 AND x[1] > 2.0733461617963003 AND x[2] > 4.2553632938780623,6,2,exkmc_0.0.3
compact,20260802,2,7,4,4,1,2,2,purchase_event_count,1.0,1.0,-0.38259757051195953,log1p_then_standardize,>,x[1] <= 3.9192617808190859 AND x[2] <= 4.9200691514227426 AND x[2] > -0.38259757051195953 AND x[1] > -0.2130282301728878 AND x[1] > 2.0733461617963003 AND x[2] > 4.2553632938780623,6,2,exkmc_0.0.3
compact,20260802,2,7,4,4,1,3,1,purchase_occasion_count,1.0,1.0,-0.2130282301728878,log1p_then_standardize,>,x[1] <= 3.9192617808190859 AND x[2] <= 4.9200691514227426 AND x[2] > -0.38259757051195953 AND x[1] > -0.2130282301728878 AND x[1] > 2.0733461617963003 AND x[2] > 4.2553632938780623,6,2,exkmc_0.0.3
compact,20260802,2,7,4,4,1,4,1,purchase_occasion_count,3.0,3.0,2.0733461617963003,log1p_then_standardize,>,x[1] <= 3.9192617808190859 AND x[2] <= 4.9200691514227426 AND x[2] > -0.38259757051195953 AND x[1] > -0.2130282301728878 AND x[1] > 2.0733461617963003 AND x[2] > 4.2553632938780623,6,2,exkmc_0.0.3
compact,20260802,2,7,4,4,1,5,2,purchase_event_count,12.0,12.0,4.255363293878062,log1p_then_standardize,>,x[1] <= 3.9192617808190859 AND x[2] <= 4.9200691514227426 AND x[2] > -0.38259757051195953 AND x[1] > -0.2130282301728878 AND x[1] > 2.0733461617963003 AND x[2] > 4.2553632938780623,6,2,exkmc_0.0.3
compact,20260802,2,7,5,5,1,0,1,purchase_occasion_count,5.999999999999999,5.999999999999999,3.919261780819086,log1p_then_standardize,<=,x[1] <= 3.9192617808190859 AND x[2] > 4.9200691514227426,2,9,exkmc_0.0.3
compact,20260802,2,7,5,5,1,1,2,purchase_event_count,15.999999999999995,15.999999999999995,4.920069151422743,log1p_then_standardize,>,x[1] <= 3.9192617808190859 AND x[2] > 4.9200691514227426,2,9,exkmc_0.0.3
compact,20260802,2,7,6,6,1,0,1,purchase_occasion_count,5.999999999999999,5.999999999999999,3.919261780819086,log1p_then_standardize,>,x[1] > 3.9192617808190859,1,91,exkmc_0.0.3
compact,20260802,2,8,0,0,0,0,1,purchase_occasion_count,5.999999999999999,5.999999999999999,3.919261780819086,log1p_then_standardize,<=,x[1] <= 3.9192617808190859 AND x[2] <= 4.9200691514227426 AND x[2] <= -0.38259757051195953,3,7314,exkmc_0.0.3
compact,20260802,2,8,0,0,0,1,2,purchase_event_count,15.999999999999995,15.999999999999995,4.920069151422743,log1p_then_standardize,<=,x[1] <= 3.9192617808190859 AND x[2] <= 4.9200691514227426 AND x[2] <= -0.38259757051195953,3,7314,exkmc_0.0.3
compact,20260802,2,8,0,0,0,2,2,purchase_event_count,1.0,1.0,-0.38259757051195953,log1p_then_standardize,<=,x[1] <= 3.9192617808190859 AND x[2] <= 4.9200691514227426 AND x[2] <= -0.38259757051195953,3,7314,exkmc_0.0.3
compact,20260802,2,8,1,1,0,0,1,purchase_occasion_count,5.999999999999999,5.999999999999999,3.919261780819086,log1p_then_standardize,<=,x[1] <= 3.9192617808190859 AND x[2] <= 4.9200691514227426 AND x[2] > -0.38259757051195953 AND x[1] <= -0.2130282301728878,4,1215,exkmc_0.0.3
compact,20260802,2,8,1,1,0,1,2,purchase_event_count,15.999999999999995,15.999999999999995,4.920069151422743,log1p_then_standardize,<=,x[1] <= 3.9192617808190859 AND x[2] <= 4.9200691514227426 AND x[2] > -0.38259757051195953 AND x[1] <= -0.2130282301728878,4,1215,exkmc_0.0.3
compact,20260802,2,8,1,1,0,2,2,purchase_event_count,1.0,1.0,-0.38259757051195953,log1p_then_standardize,>,x[1] <= 3.9192617808190859 AND x[2] <= 4.9200691514227426 AND x[2] > -0.38259757051195953 AND x[1] <= -0.2130282301728878,4,1215,exkmc_0.0.3
compact,20260802,2,8,1,1,0,3,1,purchase_occasion_count,1.0,1.0,-0.2130282301728878,log1p_then_standardize,<=,x[1] <= 3.9192617808190859 AND x[2] <= 4.9200691514227426 AND x[2] > -0.38259757051195953 AND x[1] <= -0.2130282301728878,4,1215,exkmc_0.0.3
compact,20260802,2,8,2,2,0,0,1,purchase_occasion_count,5.999999999999999,5.999999999999999,3.919261780819086,log1p_then_standardize,<=,x[1] <= 3.9192617808190859 AND x[2] <= 4.9200691514227426 AND x[2] > -0.38259757051195953 AND x[1] > -0.2130282301728878 AND x[1] <= 2.0733461617963003,5,697,exkmc_0.0.3
compact,20260802,2,8,2,2,0,1,2,purchase_event_count,15.999999999999995,15.999999999999995,4.920069151422743,log1p_then_standardize,<=,x[1] <= 3.9192617808190859 AND x[2] <= 4.9200691514227426 AND x[2] > -0.38259757051195953 AND x[1] > -0.2130282301728878 AND x[1] <= 2.0733461617963003,5,697,exkmc_0.0.3
compact,20260802,2,8,2,2,0,2,2,purchase_event_count,1.0,1.0,-0.38259757051195953,log1p_then_standardize,>,x[1] <= 3.9192617808190859 AND x[2] <= 4.9200691514227426 AND x[2] > -0.38259757051195953 AND x[1] > -0.2130282301728878 AND x[1] <= 2.0733461617963003,5,697,exkmc_0.0.3
compact,20260802,2,8,2,2,0,3,1,purchase_occasion_count,1.0,1.0,-0.2130282301728878,log1p_then_standardize,>,x[1] <= 3.9192617808190859 AND x[2] <= 4.9200691514227426 AND x[2] > -0.38259757051195953 AND x[1] > -0.2130282301728878 AND x[1] <= 2.0733461617963003,5,697,exkmc_0.0.3
compact,20260802,2,8,2,2,0,4,1,purchase_occasion_count,3.0,3.0,2.0733461617963003,log1p_then_standardize,<=,x[1] <= 3.9192617808190859 AND x[2] <= 4.9200691514227426 AND x[2] > -0.38259757051195953 AND x[1] > -0.2130282301728878 AND x[1] <= 2.0733461617963003,5,697,exkmc_0.0.3
compact,20260802,2,8,3,3,0,0,1,purchase_occasion_count,5.999999999999999,5.999999999999999,3.919261780819086,log1p_then_standardize,<=,x[1] <= 3.9192617808190859 AND x[2] <= 4.9200691514227426 AND x[2] > -0.38259757051195953 AND x[1] > -0.2130282301728878 AND x[1] > 2.0733461617963003 AND x[2] <= 4.2553632938780623,6,47,exkmc_0.0.3
compact,20260802,2,8,3,3,0,1,2,purchase_event_count,15.999999999999995,15.999999999999995,4.920069151422743,log1p_then_standardize,<=,x[1] <= 3.9192617808190859 AND x[2] <= 4.9200691514227426 AND x[2] > -0.38259757051195953 AND x[1] > -0.2130282301728878 AND x[1] > 2.0733461617963003 AND x[2] <= 4.2553632938780623,6,47,exkmc_0.0.3
compact,20260802,2,8,3,3,0,2,2,purchase_event_count,1.0,1.0,-0.38259757051195953,log1p_then_standardize,>,x[1] <= 3.9192617808190859 AND x[2] <= 4.9200691514227426 AND x[2] > -0.38259757051195953 AND x[1] > -0.2130282301728878 AND x[1] > 2.0733461617963003 AND x[2] <= 4.2553632938780623,6,47,exkmc_0.0.3
compact,20260802,2,8,3,3,0,3,1,purchase_occasion_count,1.0,1.0,-0.2130282301728878,log1p_then_standardize,>,x[1] <= 3.9192617808190859 AND x[2] <= 4.9200691514227426 AND x[2] > -0.38259757051195953 AND x[1] > -0.2130282301728878 AND x[1] > 2.0733461617963003 AND x[2] <= 4.2553632938780623,6,47,exkmc_0.0.3
compact,20260802,2,8,3,3,0,4,1,purchase_occasion_count,3.0,3.0,2.0733461617963003,log1p_then_standardize,>,x[1] <= 3.9192617808190859 AND x[2] <= 4.9200691514227426 AND x[2] > -0.38259757051195953 AND x[1] > -0.2130282301728878 AND x[1] > 2.0733461617963003 AND x[2] <= 4.2553632938780623,6,47,exkmc_0.0.3
compact,20260802,2,8,3,3,0,5,2,purchase_event_count,12.0,12.0,4.255363293878062,log1p_then_standardize,<=,x[1] <= 3.9192617808190859 AND x[2] <= 4.9200691514227426 AND x[2] > -0.38259757051195953 AND x[1] > -0.2130282301728878 AND x[1] > 2.0733461617963003 AND x[2] <= 4.2553632938780623,6,47,exkmc_0.0.3
compact,20260802,2,8,4,4,1,0,1,purchase_occasion_count,5.999999999999999,5.999999999999999,3.919261780819086,log1p_then_standardize,<=,x[1] <= 3.9192617808190859 AND x[2] <= 4.9200691514227426 AND x[2] > -0.38259757051195953 AND x[1] > -0.2130282301728878 AND x[1] > 2.0733461617963003 AND x[2] > 4.2553632938780623,6,2,exkmc_0.0.3
compact,20260802,2,8,4,4,1,1,2,purchase_event_count,15.999999999999995,15.999999999999995,4.920069151422743,log1p_then_standardize,<=,x[1] <= 3.9192617808190859 AND x[2] <= 4.9200691514227426 AND x[2] > -0.38259757051195953 AND x[1] > -0.2130282301728878 AND x[1] > 2.0733461617963003 AND x[2] > 4.2553632938780623,6,2,exkmc_0.0.3
compact,20260802,2,8,4,4,1,2,2,purchase_event_count,1.0,1.0,-0.38259757051195953,log1p_then_standardize,>,x[1] <= 3.9192617808190859 AND x[2] <= 4.9200691514227426 AND x[2] > -0.38259757051195953 AND x[1] > -0.2130282301728878 AND x[1] > 2.0733461617963003 AND x[2] > 4.2553632938780623,6,2,exkmc_0.0.3
compact,20260802,2,8,4,4,1,3,1,purchase_occasion_count,1.0,1.0,-0.2130282301728878,log1p_then_standardize,>,x[1] <= 3.9192617808190859 AND x[2] <= 4.9200691514227426 AND x[2] > -0.38259757051195953 AND x[1] > -0.2130282301728878 AND x[1] > 2.0733461617963003 AND x[2] > 4.2553632938780623,6,2,exkmc_0.0.3
compact,20260802,2,8,4,4,1,4,1,purchase_occasion_count,3.0,3.0,2.0733461617963003,log1p_then_standardize,>,x[1] <= 3.9192617808190859 AND x[2] <= 4.9200691514227426 AND x[2] > -0.38259757051195953 AND x[1] > -0.2130282301728878 AND x[1] > 2.0733461617963003 AND x[2] > 4.2553632938780623,6,2,exkmc_0.0.3
compact,20260802,2,8,4,4,1,5,2,purchase_event_count,12.0,12.0,4.255363293878062,log1p_then_standardize,>,x[1] <= 3.9192617808190859 AND x[2] <= 4.9200691514227426 AND x[2] > -0.38259757051195953 AND x[1] > -0.2130282301728878 AND x[1] > 2.0733461617963003 AND x[2] > 4.2553632938780623,6,2,exkmc_0.0.3
compact,20260802,2,8,5,5,1,0,1,purchase_occasion_count,5.999999999999999,5.999999999999999,3.919261780819086,log1p_then_standardize,<=,x[1] <= 3.9192617808190859 AND x[2] > 4.9200691514227426 AND x[0] <= -2.3590388172337389,3,1,exkmc_0.0.3
compact,20260802,2,8,5,5,1,1,2,purchase_event_count,15.999999999999995,15.999999999999995,4.920069151422743,log1p_then_standardize,>,x[1] <= 3.9192617808190859 AND x[2] > 4.9200691514227426 AND x[0] <= -2.3590388172337389,3,1,exkmc_0.0.3
compact,20260802,2,8,5,5,1,2,0,purchase_recency_days,7.497014212962965,7.497014212962965,-2.359038817233739,log1p_then_standardize,<=,x[1] <= 3.9192617808190859 AND x[2] > 4.9200691514227426 AND x[0] <= -2.3590388172337389,3,1,exkmc_0.0.3
compact,20260802,2,8,6,6,1,0,1,purchase_occasion_count,5.999999999999999,5.999999999999999,3.919261780819086,log1p_then_standardize,<=,x[1] <= 3.9192617808190859 AND x[2] > 4.9200691514227426 AND x[0] > -2.3590388172337389,3,8,exkmc_0.0.3
compact,20260802,2,8,6,6,1,1,2,purchase_event_count,15.999999999999995,15.999999999999995,4.920069151422743,log1p_then_standardize,>,x[1] <= 3.9192617808190859 AND x[2] > 4.9200691514227426 AND x[0] > -2.3590388172337389,3,8,exkmc_0.0.3
compact,20260802,2,8,6,6,1,2,0,purchase_recency_days,7.497014212962965,7.497014212962965,-2.359038817233739,log1p_then_standardize,>,x[1] <= 3.9192617808190859 AND x[2] > 4.9200691514227426 AND x[0] > -2.3590388172337389,3,8,exkmc_0.0.3
compact,20260802,2,8,7,7,1,0,1,purchase_occasion_count,5.999999999999999,5.999999999999999,3.919261780819086,log1p_then_standardize,>,x[1] > 3.9192617808190859,1,91,exkmc_0.0.3
compact,20260803,2,2,0,0,0,0,1,purchase_occasion_count,6.999999999999998,6.999999999999998,4.2981935301190966,log1p_then_standardize,<=,x[1] <= 4.2981935301190966,1,9290,exkmc_0.0.3
compact,20260803,2,2,1,1,1,0,1,purchase_occasion_count,6.999999999999998,6.999999999999998,4.2981935301190966,log1p_then_standardize,>,x[1] > 4.2981935301190966,1,85,exkmc_0.0.3
compact,20260803,2,3,0,0,0,0,1,purchase_occasion_count,6.999999999999998,6.999999999999998,4.2981935301190966,log1p_then_standardize,<=,x[1] <= 4.2981935301190966 AND x[1] <= 3.8638061973748949,2,9283,exkmc_0.0.3
compact,20260803,2,3,0,0,0,1,1,purchase_occasion_count,5.999999999999999,5.999999999999999,3.863806197374895,log1p_then_standardize,<=,x[1] <= 4.2981935301190966 AND x[1] <= 3.8638061973748949,2,9283,exkmc_0.0.3
compact,20260803,2,3,1,1,1,0,1,purchase_occasion_count,6.999999999999998,6.999999999999998,4.2981935301190966,log1p_then_standardize,<=,x[1] <= 4.2981935301190966 AND x[1] > 3.8638061973748949,2,7,exkmc_0.0.3
compact,20260803,2,3,1,1,1,1,1,purchase_occasion_count,5.999999999999999,5.999999999999999,3.863806197374895,log1p_then_standardize,>,x[1] <= 4.2981935301190966 AND x[1] > 3.8638061973748949,2,7,exkmc_0.0.3
compact,20260803,2,3,2,2,1,0,1,purchase_occasion_count,6.999999999999998,6.999999999999998,4.2981935301190966,log1p_then_standardize,>,x[1] > 4.2981935301190966,1,85,exkmc_0.0.3
compact,20260803,2,4,0,0,0,0,1,purchase_occasion_count,6.999999999999998,6.999999999999998,4.2981935301190966,log1p_then_standardize,<=,x[1] <= 4.2981935301190966 AND x[1] <= 3.8638061973748949 AND x[2] <= 5.5597795635341321,3,9279,exkmc_0.0.3
compact,20260803,2,4,0,0,0,1,1,purchase_occasion_count,5.999999999999999,5.999999999999999,3.863806197374895,log1p_then_standardize,<=,x[1] <= 4.2981935301190966 AND x[1] <= 3.8638061973748949 AND x[2] <= 5.5597795635341321,3,9279,exkmc_0.0.3
compact,20260803,2,4,0,0,0,2,2,purchase_event_count,22.0,22.0,5.559779563534132,log1p_then_standardize,<=,x[1] <= 4.2981935301190966 AND x[1] <= 3.8638061973748949 AND x[2] <= 5.5597795635341321,3,9279,exkmc_0.0.3
compact,20260803,2,4,1,1,1,0,1,purchase_occasion_count,6.999999999999998,6.999999999999998,4.2981935301190966,log1p_then_standardize,<=,x[1] <= 4.2981935301190966 AND x[1] <= 3.8638061973748949 AND x[2] > 5.5597795635341321,3,4,exkmc_0.0.3
compact,20260803,2,4,1,1,1,1,1,purchase_occasion_count,5.999999999999999,5.999999999999999,3.863806197374895,log1p_then_standardize,<=,x[1] <= 4.2981935301190966 AND x[1] <= 3.8638061973748949 AND x[2] > 5.5597795635341321,3,4,exkmc_0.0.3
compact,20260803,2,4,1,1,1,2,2,purchase_event_count,22.0,22.0,5.559779563534132,log1p_then_standardize,>,x[1] <= 4.2981935301190966 AND x[1] <= 3.8638061973748949 AND x[2] > 5.5597795635341321,3,4,exkmc_0.0.3
compact,20260803,2,4,2,2,1,0,1,purchase_occasion_count,6.999999999999998,6.999999999999998,4.2981935301190966,log1p_then_standardize,<=,x[1] <= 4.2981935301190966 AND x[1] > 3.8638061973748949,2,7,exkmc_0.0.3
compact,20260803,2,4,2,2,1,1,1,purchase_occasion_count,5.999999999999999,5.999999999999999,3.863806197374895,log1p_then_standardize,>,x[1] <= 4.2981935301190966 AND x[1] > 3.8638061973748949,2,7,exkmc_0.0.3
compact,20260803,2,4,3,3,1,0,1,purchase_occasion_count,6.999999999999998,6.999999999999998,4.2981935301190966,log1p_then_standardize,>,x[1] > 4.2981935301190966,1,85,exkmc_0.0.3
compact,20260803,2,5,0,0,0,0,1,purchase_occasion_count,6.999999999999998,6.999999999999998,4.2981935301190966,log1p_then_standardize,<=,x[1] <= 4.2981935301190966 AND x[1] <= 3.8638061973748949 AND x[2] <= 5.5597795635341321,3,9279,exkmc_0.0.3
compact,20260803,2,5,0,0,0,1,1,purchase_occasion_count,5.999999999999999,5.999999999999999,3.863806197374895,log1p_then_standardize,<=,x[1] <= 4.2981935301190966 AND x[1] <= 3.8638061973748949 AND x[2] <= 5.5597795635341321,3,9279,exkmc_0.0.3
compact,20260803,2,5,0,0,0,2,2,purchase_event_count,22.0,22.0,5.559779563534132,log1p_then_standardize,<=,x[1] <= 4.2981935301190966 AND x[1] <= 3.8638061973748949 AND x[2] <= 5.5597795635341321,3,9279,exkmc_0.0.3
compact,20260803,2,5,1,1,1,0,1,purchase_occasion_count,6.999999999999998,6.999999999999998,4.2981935301190966,log1p_then_standardize,<=,x[1] <= 4.2981935301190966 AND x[1] <= 3.8638061973748949 AND x[2] > 5.5597795635341321,3,4,exkmc_0.0.3
compact,20260803,2,5,1,1,1,1,1,purchase_occasion_count,5.999999999999999,5.999999999999999,3.863806197374895,log1p_then_standardize,<=,x[1] <= 4.2981935301190966 AND x[1] <= 3.8638061973748949 AND x[2] > 5.5597795635341321,3,4,exkmc_0.0.3
compact,20260803,2,5,1,1,1,2,2,purchase_event_count,22.0,22.0,5.559779563534132,log1p_then_standardize,>,x[1] <= 4.2981935301190966 AND x[1] <= 3.8638061973748949 AND x[2] > 5.5597795635341321,3,4,exkmc_0.0.3
compact,20260803,2,5,2,2,0,0,1,purchase_occasion_count,6.999999999999998,6.999999999999998,4.2981935301190966,log1p_then_standardize,<=,x[1] <= 4.2981935301190966 AND x[1] > 3.8638061973748949 AND x[2] <= 2.9911334088716379,3,4,exkmc_0.0.3
compact,20260803,2,5,2,2,0,1,1,purchase_occasion_count,5.999999999999999,5.999999999999999,3.863806197374895,log1p_then_standardize,>,x[1] <= 4.2981935301190966 AND x[1] > 3.8638061973748949 AND x[2] <= 2.9911334088716379,3,4,exkmc_0.0.3
compact,20260803,2,5,2,2,0,2,2,purchase_event_count,6.999999999999998,6.999999999999998,2.991133408871638,log1p_then_standardize,<=,x[1] <= 4.2981935301190966 AND x[1] > 3.8638061973748949 AND x[2] <= 2.9911334088716379,3,4,exkmc_0.0.3
compact,20260803,2,5,3,3,1,0,1,purchase_occasion_count,6.999999999999998,6.999999999999998,4.2981935301190966,log1p_then_standardize,<=,x[1] <= 4.2981935301190966 AND x[1] > 3.8638061973748949 AND x[2] > 2.9911334088716379,3,3,exkmc_0.0.3
compact,20260803,2,5,3,3,1,1,1,purchase_occasion_count,5.999999999999999,5.999999999999999,3.863806197374895,log1p_then_standardize,>,x[1] <= 4.2981935301190966 AND x[1] > 3.8638061973748949 AND x[2] > 2.9911334088716379,3,3,exkmc_0.0.3
compact,20260803,2,5,3,3,1,2,2,purchase_event_count,6.999999999999998,6.999999999999998,2.991133408871638,log1p_then_standardize,>,x[1] <= 4.2981935301190966 AND x[1] > 3.8638061973748949 AND x[2] > 2.9911334088716379,3,3,exkmc_0.0.3
compact,20260803,2,5,4,4,1,0,1,purchase_occasion_count,6.999999999999998,6.999999999999998,4.2981935301190966,log1p_then_standardize,>,x[1] > 4.2981935301190966,1,85,exkmc_0.0.3
compact,20260803,2,6,0,0,0,0,1,purchase_occasion_count,6.999999999999998,6.999999999999998,4.2981935301190966,log1p_then_standardize,<=,x[1] <= 4.2981935301190966 AND x[1] <= 3.8638061973748949 AND x[2] <= 5.5597795635341321,3,9279,exkmc_0.0.3
compact,20260803,2,6,0,0,0,1,1,purchase_occasion_count,5.999999999999999,5.999999999999999,3.863806197374895,log1p_then_standardize,<=,x[1] <= 4.2981935301190966 AND x[1] <= 3.8638061973748949 AND x[2] <= 5.5597795635341321,3,9279,exkmc_0.0.3
compact,20260803,2,6,0,0,0,2,2,purchase_event_count,22.0,22.0,5.559779563534132,log1p_then_standardize,<=,x[1] <= 4.2981935301190966 AND x[1] <= 3.8638061973748949 AND x[2] <= 5.5597795635341321,3,9279,exkmc_0.0.3
compact,20260803,2,6,1,1,0,0,1,purchase_occasion_count,6.999999999999998,6.999999999999998,4.2981935301190966,log1p_then_standardize,<=,x[1] <= 4.2981935301190966 AND x[1] <= 3.8638061973748949 AND x[2] > 5.5597795635341321 AND x[0] <= -2.3451849283846511,4,1,exkmc_0.0.3
compact,20260803,2,6,1,1,0,1,1,purchase_occasion_count,5.999999999999999,5.999999999999999,3.863806197374895,log1p_then_standardize,<=,x[1] <= 4.2981935301190966 AND x[1] <= 3.8638061973748949 AND x[2] > 5.5597795635341321 AND x[0] <= -2.3451849283846511,4,1,exkmc_0.0.3
compact,20260803,2,6,1,1,0,2,2,purchase_event_count,22.0,22.0,5.559779563534132,log1p_then_standardize,>,x[1] <= 4.2981935301190966 AND x[1] <= 3.8638061973748949 AND x[2] > 5.5597795635341321 AND x[0] <= -2.3451849283846511,4,1,exkmc_0.0.3
compact,20260803,2,6,1,1,0,3,0,purchase_recency_days,7.497014212962965,7.497014212962965,-2.345184928384651,log1p_then_standardize,<=,x[1] <= 4.2981935301190966 AND x[1] <= 3.8638061973748949 AND x[2] > 5.5597795635341321 AND x[0] <= -2.3451849283846511,4,1,exkmc_0.0.3
compact,20260803,2,6,2,2,1,0,1,purchase_occasion_count,6.999999999999998,6.999999999999998,4.2981935301190966,log1p_then_standardize,<=,x[1] <= 4.2981935301190966 AND x[1] <= 3.8638061973748949 AND x[2] > 5.5597795635341321 AND x[0] > -2.3451849283846511,4,3,exkmc_0.0.3
compact,20260803,2,6,2,2,1,1,1,purchase_occasion_count,5.999999999999999,5.999999999999999,3.863806197374895,log1p_then_standardize,<=,x[1] <= 4.2981935301190966 AND x[1] <= 3.8638061973748949 AND x[2] > 5.5597795635341321 AND x[0] > -2.3451849283846511,4,3,exkmc_0.0.3
compact,20260803,2,6,2,2,1,2,2,purchase_event_count,22.0,22.0,5.559779563534132,log1p_then_standardize,>,x[1] <= 4.2981935301190966 AND x[1] <= 3.8638061973748949 AND x[2] > 5.5597795635341321 AND x[0] > -2.3451849283846511,4,3,exkmc_0.0.3
compact,20260803,2,6,2,2,1,3,0,purchase_recency_days,7.497014212962965,7.497014212962965,-2.345184928384651,log1p_then_standardize,>,x[1] <= 4.2981935301190966 AND x[1] <= 3.8638061973748949 AND x[2] > 5.5597795635341321 AND x[0] > -2.3451849283846511,4,3,exkmc_0.0.3
compact,20260803,2,6,3,3,0,0,1,purchase_occasion_count,6.999999999999998,6.999999999999998,4.2981935301190966,log1p_then_standardize,<=,x[1] <= 4.2981935301190966 AND x[1] > 3.8638061973748949 AND x[2] <= 2.9911334088716379,3,4,exkmc_0.0.3
compact,20260803,2,6,3,3,0,1,1,purchase_occasion_count,5.999999999999999,5.999999999999999,3.863806197374895,log1p_then_standardize,>,x[1] <= 4.2981935301190966 AND x[1] > 3.8638061973748949 AND x[2] <= 2.9911334088716379,3,4,exkmc_0.0.3
compact,20260803,2,6,3,3,0,2,2,purchase_event_count,6.999999999999998,6.999999999999998,2.991133408871638,log1p_then_standardize,<=,x[1] <= 4.2981935301190966 AND x[1] > 3.8638061973748949 AND x[2] <= 2.9911334088716379,3,4,exkmc_0.0.3
compact,20260803,2,6,4,4,1,0,1,purchase_occasion_count,6.999999999999998,6.999999999999998,4.2981935301190966,log1p_then_standardize,<=,x[1] <= 4.2981935301190966 AND x[1] > 3.8638061973748949 AND x[2] > 2.9911334088716379,3,3,exkmc_0.0.3
compact,20260803,2,6,4,4,1,1,1,purchase_occasion_count,5.999999999999999,5.999999999999999,3.863806197374895,log1p_then_standardize,>,x[1] <= 4.2981935301190966 AND x[1] > 3.8638061973748949 AND x[2] > 2.9911334088716379,3,3,exkmc_0.0.3
compact,20260803,2,6,4,4,1,2,2,purchase_event_count,6.999999999999998,6.999999999999998,2.991133408871638,log1p_then_standardize,>,x[1] <= 4.2981935301190966 AND x[1] > 3.8638061973748949 AND x[2] > 2.9911334088716379,3,3,exkmc_0.0.3
compact,20260803,2,6,5,5,1,0,1,purchase_occasion_count,6.999999999999998,6.999999999999998,4.2981935301190966,log1p_then_standardize,>,x[1] > 4.2981935301190966,1,85,exkmc_0.0.3
compact,20260803,2,7,0,0,0,0,1,purchase_occasion_count,6.999999999999998,6.999999999999998,4.2981935301190966,log1p_then_standardize,<=,x[1] <= 4.2981935301190966 AND x[1] <= 3.8638061973748949 AND x[2] <= 5.5597795635341321 AND x[2] <= 3.2776181165007396,4,9224,exkmc_0.0.3
compact,20260803,2,7,0,0,0,1,1,purchase_occasion_count,5.999999999999999,5.999999999999999,3.863806197374895,log1p_then_standardize,<=,x[1] <= 4.2981935301190966 AND x[1] <= 3.8638061973748949 AND x[2] <= 5.5597795635341321 AND x[2] <= 3.2776181165007396,4,9224,exkmc_0.0.3
compact,20260803,2,7,0,0,0,2,2,purchase_event_count,22.0,22.0,5.559779563534132,log1p_then_standardize,<=,x[1] <= 4.2981935301190966 AND x[1] <= 3.8638061973748949 AND x[2] <= 5.5597795635341321 AND x[2] <= 3.2776181165007396,4,9224,exkmc_0.0.3
compact,20260803,2,7,0,0,0,3,2,purchase_event_count,8.000000000000002,8.000000000000002,3.2776181165007396,log1p_then_standardize,<=,x[1] <= 4.2981935301190966 AND x[1] <= 3.8638061973748949 AND x[2] <= 5.5597795635341321 AND x[2] <= 3.2776181165007396,4,9224,exkmc_0.0.3
compact,20260803,2,7,1,1,0,0,1,purchase_occasion_count,6.999999999999998,6.999999999999998,4.2981935301190966,log1p_then_standardize,<=,x[1] <= 4.2981935301190966 AND x[1] <= 3.8638061973748949 AND x[2] <= 5.5597795635341321 AND x[2] > 3.2776181165007396,4,55,exkmc_0.0.3
compact,20260803,2,7,1,1,0,1,1,purchase_occasion_count,5.999999999999999,5.999999999999999,3.863806197374895,log1p_then_standardize,<=,x[1] <= 4.2981935301190966 AND x[1] <= 3.8638061973748949 AND x[2] <= 5.5597795635341321 AND x[2] > 3.2776181165007396,4,55,exkmc_0.0.3
compact,20260803,2,7,1,1,0,2,2,purchase_event_count,22.0,22.0,5.559779563534132,log1p_then_standardize,<=,x[1] <= 4.2981935301190966 AND x[1] <= 3.8638061973748949 AND x[2] <= 5.5597795635341321 AND x[2] > 3.2776181165007396,4,55,exkmc_0.0.3
compact,20260803,2,7,1,1,0,3,2,purchase_event_count,8.000000000000002,8.000000000000002,3.2776181165007396,log1p_then_standardize,>,x[1] <= 4.2981935301190966 AND x[1] <= 3.8638061973748949 AND x[2] <= 5.5597795635341321 AND x[2] > 3.2776181165007396,4,55,exkmc_0.0.3
compact,20260803,2,7,2,2,0,0,1,purchase_occasion_count,6.999999999999998,6.999999999999998,4.2981935301190966,log1p_then_standardize,<=,x[1] <= 4.2981935301190966 AND x[1] <= 3.8638061973748949 AND x[2] > 5.5597795635341321 AND x[0] <= -2.3451849283846511,4,1,exkmc_0.0.3
compact,20260803,2,7,2,2,0,1,1,purchase_occasion_count,5.999999999999999,5.999999999999999,3.863806197374895,log1p_then_standardize,<=,x[1] <= 4.2981935301190966 AND x[1] <= 3.8638061973748949 AND x[2] > 5.5597795635341321 AND x[0] <= -2.3451849283846511,4,1,exkmc_0.0.3
compact,20260803,2,7,2,2,0,2,2,purchase_event_count,22.0,22.0,5.559779563534132,log1p_then_standardize,>,x[1] <= 4.2981935301190966 AND x[1] <= 3.8638061973748949 AND x[2] > 5.5597795635341321 AND x[0] <= -2.3451849283846511,4,1,exkmc_0.0.3
compact,20260803,2,7,2,2,0,3,0,purchase_recency_days,7.497014212962965,7.497014212962965,-2.345184928384651,log1p_then_standardize,<=,x[1] <= 4.2981935301190966 AND x[1] <= 3.8638061973748949 AND x[2] > 5.5597795635341321 AND x[0] <= -2.3451849283846511,4,1,exkmc_0.0.3
compact,20260803,2,7,3,3,1,0,1,purchase_occasion_count,6.999999999999998,6.999999999999998,4.2981935301190966,log1p_then_standardize,<=,x[1] <= 4.2981935301190966 AND x[1] <= 3.8638061973748949 AND x[2] > 5.5597795635341321 AND x[0] > -2.3451849283846511,4,3,exkmc_0.0.3
compact,20260803,2,7,3,3,1,1,1,purchase_occasion_count,5.999999999999999,5.999999999999999,3.863806197374895,log1p_then_standardize,<=,x[1] <= 4.2981935301190966 AND x[1] <= 3.8638061973748949 AND x[2] > 5.5597795635341321 AND x[0] > -2.3451849283846511,4,3,exkmc_0.0.3
compact,20260803,2,7,3,3,1,2,2,purchase_event_count,22.0,22.0,5.559779563534132,log1p_then_standardize,>,x[1] <= 4.2981935301190966 AND x[1] <= 3.8638061973748949 AND x[2] > 5.5597795635341321 AND x[0] > -2.3451849283846511,4,3,exkmc_0.0.3
compact,20260803,2,7,3,3,1,3,0,purchase_recency_days,7.497014212962965,7.497014212962965,-2.345184928384651,log1p_then_standardize,>,x[1] <= 4.2981935301190966 AND x[1] <= 3.8638061973748949 AND x[2] > 5.5597795635341321 AND x[0] > -2.3451849283846511,4,3,exkmc_0.0.3
compact,20260803,2,7,4,4,0,0,1,purchase_occasion_count,6.999999999999998,6.999999999999998,4.2981935301190966,log1p_then_standardize,<=,x[1] <= 4.2981935301190966 AND x[1] > 3.8638061973748949 AND x[2] <= 2.9911334088716379,3,4,exkmc_0.0.3
compact,20260803,2,7,4,4,0,1,1,purchase_occasion_count,5.999999999999999,5.999999999999999,3.863806197374895,log1p_then_standardize,>,x[1] <= 4.2981935301190966 AND x[1] > 3.8638061973748949 AND x[2] <= 2.9911334088716379,3,4,exkmc_0.0.3
compact,20260803,2,7,4,4,0,2,2,purchase_event_count,6.999999999999998,6.999999999999998,2.991133408871638,log1p_then_standardize,<=,x[1] <= 4.2981935301190966 AND x[1] > 3.8638061973748949 AND x[2] <= 2.9911334088716379,3,4,exkmc_0.0.3
compact,20260803,2,7,5,5,1,0,1,purchase_occasion_count,6.999999999999998,6.999999999999998,4.2981935301190966,log1p_then_standardize,<=,x[1] <= 4.2981935301190966 AND x[1] > 3.8638061973748949 AND x[2] > 2.9911334088716379,3,3,exkmc_0.0.3
compact,20260803,2,7,5,5,1,1,1,purchase_occasion_count,5.999999999999999,5.999999999999999,3.863806197374895,log1p_then_standardize,>,x[1] <= 4.2981935301190966 AND x[1] > 3.8638061973748949 AND x[2] > 2.9911334088716379,3,3,exkmc_0.0.3
compact,20260803,2,7,5,5,1,2,2,purchase_event_count,6.999999999999998,6.999999999999998,2.991133408871638,log1p_then_standardize,>,x[1] <= 4.2981935301190966 AND x[1] > 3.8638061973748949 AND x[2] > 2.9911334088716379,3,3,exkmc_0.0.3
compact,20260803,2,7,6,6,1,0,1,purchase_occasion_count,6.999999999999998,6.999999999999998,4.2981935301190966,log1p_then_standardize,>,x[1] > 4.2981935301190966,1,85,exkmc_0.0.3
compact,20260803,2,8,0,0,0,0,1,purchase_occasion_count,6.999999999999998,6.999999999999998,4.2981935301190966,log1p_then_standardize,<=,x[1] <= 4.2981935301190966 AND x[1] <= 3.8638061973748949 AND x[2] <= 5.5597795635341321 AND x[2] <= 3.2776181165007396,4,9224,exkmc_0.0.3
compact,20260803,2,8,0,0,0,1,1,purchase_occasion_count,5.999999999999999,5.999999999999999,3.863806197374895,log1p_then_standardize,<=,x[1] <= 4.2981935301190966 AND x[1] <= 3.8638061973748949 AND x[2] <= 5.5597795635341321 AND x[2] <= 3.2776181165007396,4,9224,exkmc_0.0.3
compact,20260803,2,8,0,0,0,2,2,purchase_event_count,22.0,22.0,5.559779563534132,log1p_then_standardize,<=,x[1] <= 4.2981935301190966 AND x[1] <= 3.8638061973748949 AND x[2] <= 5.5597795635341321 AND x[2] <= 3.2776181165007396,4,9224,exkmc_0.0.3
compact,20260803,2,8,0,0,0,3,2,purchase_event_count,8.000000000000002,8.000000000000002,3.2776181165007396,log1p_then_standardize,<=,x[1] <= 4.2981935301190966 AND x[1] <= 3.8638061973748949 AND x[2] <= 5.5597795635341321 AND x[2] <= 3.2776181165007396,4,9224,exkmc_0.0.3
compact,20260803,2,8,1,1,0,0,1,purchase_occasion_count,6.999999999999998,6.999999999999998,4.2981935301190966,log1p_then_standardize,<=,x[1] <= 4.2981935301190966 AND x[1] <= 3.8638061973748949 AND x[2] <= 5.5597795635341321 AND x[2] > 3.2776181165007396 AND x[1] <= 3.3623428235961432,5,53,exkmc_0.0.3
compact,20260803,2,8,1,1,0,1,1,purchase_occasion_count,5.999999999999999,5.999999999999999,3.863806197374895,log1p_then_standardize,<=,x[1] <= 4.2981935301190966 AND x[1] <= 3.8638061973748949 AND x[2] <= 5.5597795635341321 AND x[2] > 3.2776181165007396 AND x[1] <= 3.3623428235961432,5,53,exkmc_0.0.3
compact,20260803,2,8,1,1,0,2,2,purchase_event_count,22.0,22.0,5.559779563534132,log1p_then_standardize,<=,x[1] <= 4.2981935301190966 AND x[1] <= 3.8638061973748949 AND x[2] <= 5.5597795635341321 AND x[2] > 3.2776181165007396 AND x[1] <= 3.3623428235961432,5,53,exkmc_0.0.3
compact,20260803,2,8,1,1,0,3,2,purchase_event_count,8.000000000000002,8.000000000000002,3.2776181165007396,log1p_then_standardize,>,x[1] <= 4.2981935301190966 AND x[1] <= 3.8638061973748949 AND x[2] <= 5.5597795635341321 AND x[2] > 3.2776181165007396 AND x[1] <= 3.3623428235961432,5,53,exkmc_0.0.3
compact,20260803,2,8,1,1,0,4,1,purchase_occasion_count,5.0,5.0,3.3623428235961432,log1p_then_standardize,<=,x[1] <= 4.2981935301190966 AND x[1] <= 3.8638061973748949 AND x[2] <= 5.5597795635341321 AND x[2] > 3.2776181165007396 AND x[1] <= 3.3623428235961432,5,53,exkmc_0.0.3
compact,20260803,2,8,2,2,1,0,1,purchase_occasion_count,6.999999999999998,6.999999999999998,4.2981935301190966,log1p_then_standardize,<=,x[1] <= 4.2981935301190966 AND x[1] <= 3.8638061973748949 AND x[2] <= 5.5597795635341321 AND x[2] > 3.2776181165007396 AND x[1] > 3.3623428235961432,5,2,exkmc_0.0.3
compact,20260803,2,8,2,2,1,1,1,purchase_occasion_count,5.999999999999999,5.999999999999999,3.863806197374895,log1p_then_standardize,<=,x[1] <= 4.2981935301190966 AND x[1] <= 3.8638061973748949 AND x[2] <= 5.5597795635341321 AND x[2] > 3.2776181165007396 AND x[1] > 3.3623428235961432,5,2,exkmc_0.0.3
compact,20260803,2,8,2,2,1,2,2,purchase_event_count,22.0,22.0,5.559779563534132,log1p_then_standardize,<=,x[1] <= 4.2981935301190966 AND x[1] <= 3.8638061973748949 AND x[2] <= 5.5597795635341321 AND x[2] > 3.2776181165007396 AND x[1] > 3.3623428235961432,5,2,exkmc_0.0.3
compact,20260803,2,8,2,2,1,3,2,purchase_event_count,8.000000000000002,8.000000000000002,3.2776181165007396,log1p_then_standardize,>,x[1] <= 4.2981935301190966 AND x[1] <= 3.8638061973748949 AND x[2] <= 5.5597795635341321 AND x[2] > 3.2776181165007396 AND x[1] > 3.3623428235961432,5,2,exkmc_0.0.3
compact,20260803,2,8,2,2,1,4,1,purchase_occasion_count,5.0,5.0,3.3623428235961432,log1p_then_standardize,>,x[1] <= 4.2981935301190966 AND x[1] <= 3.8638061973748949 AND x[2] <= 5.5597795635341321 AND x[2] > 3.2776181165007396 AND x[1] > 3.3623428235961432,5,2,exkmc_0.0.3
compact,20260803,2,8,3,3,0,0,1,purchase_occasion_count,6.999999999999998,6.999999999999998,4.2981935301190966,log1p_then_standardize,<=,x[1] <= 4.2981935301190966 AND x[1] <= 3.8638061973748949 AND x[2] > 5.5597795635341321 AND x[0] <= -2.3451849283846511,4,1,exkmc_0.0.3
compact,20260803,2,8,3,3,0,1,1,purchase_occasion_count,5.999999999999999,5.999999999999999,3.863806197374895,log1p_then_standardize,<=,x[1] <= 4.2981935301190966 AND x[1] <= 3.8638061973748949 AND x[2] > 5.5597795635341321 AND x[0] <= -2.3451849283846511,4,1,exkmc_0.0.3
compact,20260803,2,8,3,3,0,2,2,purchase_event_count,22.0,22.0,5.559779563534132,log1p_then_standardize,>,x[1] <= 4.2981935301190966 AND x[1] <= 3.8638061973748949 AND x[2] > 5.5597795635341321 AND x[0] <= -2.3451849283846511,4,1,exkmc_0.0.3
compact,20260803,2,8,3,3,0,3,0,purchase_recency_days,7.497014212962965,7.497014212962965,-2.345184928384651,log1p_then_standardize,<=,x[1] <= 4.2981935301190966 AND x[1] <= 3.8638061973748949 AND x[2] > 5.5597795635341321 AND x[0] <= -2.3451849283846511,4,1,exkmc_0.0.3
compact,20260803,2,8,4,4,1,0,1,purchase_occasion_count,6.999999999999998,6.999999999999998,4.2981935301190966,log1p_then_standardize,<=,x[1] <= 4.2981935301190966 AND x[1] <= 3.8638061973748949 AND x[2] > 5.5597795635341321 AND x[0] > -2.3451849283846511,4,3,exkmc_0.0.3
compact,20260803,2,8,4,4,1,1,1,purchase_occasion_count,5.999999999999999,5.999999999999999,3.863806197374895,log1p_then_standardize,<=,x[1] <= 4.2981935301190966 AND x[1] <= 3.8638061973748949 AND x[2] > 5.5597795635341321 AND x[0] > -2.3451849283846511,4,3,exkmc_0.0.3
compact,20260803,2,8,4,4,1,2,2,purchase_event_count,22.0,22.0,5.559779563534132,log1p_then_standardize,>,x[1] <= 4.2981935301190966 AND x[1] <= 3.8638061973748949 AND x[2] > 5.5597795635341321 AND x[0] > -2.3451849283846511,4,3,exkmc_0.0.3
compact,20260803,2,8,4,4,1,3,0,purchase_recency_days,7.497014212962965,7.497014212962965,-2.345184928384651,log1p_then_standardize,>,x[1] <= 4.2981935301190966 AND x[1] <= 3.8638061973748949 AND x[2] > 5.5597795635341321 AND x[0] > -2.3451849283846511,4,3,exkmc_0.0.3
compact,20260803,2,8,5,5,0,0,1,purchase_occasion_count,6.999999999999998,6.999999999999998,4.2981935301190966,log1p_then_standardize,<=,x[1] <= 4.2981935301190966 AND x[1] > 3.8638061973748949 AND x[2] <= 2.9911334088716379,3,4,exkmc_0.0.3
compact,20260803,2,8,5,5,0,1,1,purchase_occasion_count,5.999999999999999,5.999999999999999,3.863806197374895,log1p_then_standardize,>,x[1] <= 4.2981935301190966 AND x[1] > 3.8638061973748949 AND x[2] <= 2.9911334088716379,3,4,exkmc_0.0.3
compact,20260803,2,8,5,5,0,2,2,purchase_event_count,6.999999999999998,6.999999999999998,2.991133408871638,log1p_then_standardize,<=,x[1] <= 4.2981935301190966 AND x[1] > 3.8638061973748949 AND x[2] <= 2.9911334088716379,3,4,exkmc_0.0.3
compact,20260803,2,8,6,6,1,0,1,purchase_occasion_count,6.999999999999998,6.999999999999998,4.2981935301190966,log1p_then_standardize,<=,x[1] <= 4.2981935301190966 AND x[1] > 3.8638061973748949 AND x[2] > 2.9911334088716379,3,3,exkmc_0.0.3
compact,20260803,2,8,6,6,1,1,1,purchase_occasion_count,5.999999999999999,5.999999999999999,3.863806197374895,log1p_then_standardize,>,x[1] <= 4.2981935301190966 AND x[1] > 3.8638061973748949 AND x[2] > 2.9911334088716379,3,3,exkmc_0.0.3
compact,20260803,2,8,6,6,1,2,2,purchase_event_count,6.999999999999998,6.999999999999998,2.991133408871638,log1p_then_standardize,>,x[1] <= 4.2981935301190966 AND x[1] > 3.8638061973748949 AND x[2] > 2.9911334088716379,3,3,exkmc_0.0.3
compact,20260803,2,8,7,7,1,0,1,purchase_occasion_count,6.999999999999998,6.999999999999998,4.2981935301190966,log1p_then_standardize,>,x[1] > 4.2981935301190966,1,85,exkmc_0.0.3
compact,20260804,2,2,0,0,0,0,1,purchase_occasion_count,5.0,5.0,3.532538834184293,log1p_then_standardize,<=,x[1] <= 3.5325388341842929,1,9280,exkmc_0.0.3
compact,20260804,2,2,1,1,1,0,1,purchase_occasion_count,5.0,5.0,3.532538834184293,log1p_then_standardize,>,x[1] > 3.5325388341842929,1,95,exkmc_0.0.3
compact,20260804,2,3,0,0,0,0,1,purchase_occasion_count,5.0,5.0,3.532538834184293,log1p_then_standardize,<=,x[1] <= 3.5325388341842929 AND x[2] <= 5.7482596034293376,2,9276,exkmc_0.0.3
compact,20260804,2,3,0,0,0,1,2,purchase_event_count,22.0,22.0,5.748259603429338,log1p_then_standardize,<=,x[1] <= 3.5325388341842929 AND x[2] <= 5.7482596034293376,2,9276,exkmc_0.0.3
compact,20260804,2,3,1,1,1,0,1,purchase_occasion_count,5.0,5.0,3.532538834184293,log1p_then_standardize,<=,x[1] <= 3.5325388341842929 AND x[2] > 5.7482596034293376,2,4,exkmc_0.0.3
compact,20260804,2,3,1,1,1,1,2,purchase_event_count,22.0,22.0,5.748259603429338,log1p_then_standardize,>,x[1] <= 3.5325388341842929 AND x[2] > 5.7482596034293376,2,4,exkmc_0.0.3
compact,20260804,2,3,2,2,1,0,1,purchase_occasion_count,5.0,5.0,3.532538834184293,log1p_then_standardize,>,x[1] > 3.5325388341842929,1,95,exkmc_0.0.3
compact,20260804,2,4,0,0,0,0,1,purchase_occasion_count,5.0,5.0,3.532538834184293,log1p_then_standardize,<=,x[1] <= 3.5325388341842929 AND x[2] <= 5.7482596034293376,2,9276,exkmc_0.0.3
compact,20260804,2,4,0,0,0,1,2,purchase_event_count,22.0,22.0,5.748259603429338,log1p_then_standardize,<=,x[1] <= 3.5325388341842929 AND x[2] <= 5.7482596034293376,2,9276,exkmc_0.0.3
compact,20260804,2,4,1,1,1,0,1,purchase_occasion_count,5.0,5.0,3.532538834184293,log1p_then_standardize,<=,x[1] <= 3.5325388341842929 AND x[2] > 5.7482596034293376,2,4,exkmc_0.0.3
compact,20260804,2,4,1,1,1,1,2,purchase_event_count,22.0,22.0,5.748259603429338,log1p_then_standardize,>,x[1] <= 3.5325388341842929 AND x[2] > 5.7482596034293376,2,4,exkmc_0.0.3
compact,20260804,2,4,2,2,0,0,1,purchase_occasion_count,5.0,5.0,3.532538834184293,log1p_then_standardize,>,x[1] > 3.5325388341842929 AND x[2] <= 2.7623780922801044,2,5,exkmc_0.0.3
compact,20260804,2,4,2,2,0,1,2,purchase_event_count,5.999999999999999,5.999999999999999,2.7623780922801044,log1p_then_standardize,<=,x[1] > 3.5325388341842929 AND x[2] <= 2.7623780922801044,2,5,exkmc_0.0.3
compact,20260804,2,4,3,3,1,0,1,purchase_occasion_count,5.0,5.0,3.532538834184293,log1p_then_standardize,>,x[1] > 3.5325388341842929 AND x[2] > 2.7623780922801044,2,90,exkmc_0.0.3
compact,20260804,2,4,3,3,1,1,2,purchase_event_count,5.999999999999999,5.999999999999999,2.7623780922801044,log1p_then_standardize,>,x[1] > 3.5325388341842929 AND x[2] > 2.7623780922801044,2,90,exkmc_0.0.3
compact,20260804,2,5,0,0,0,0,1,purchase_occasion_count,5.0,5.0,3.532538834184293,log1p_then_standardize,<=,x[1] <= 3.5325388341842929 AND x[2] <= 5.7482596034293376 AND x[1] <= -0.21160950588791436,3,8552,exkmc_0.0.3
compact,20260804,2,5,0,0,0,1,2,purchase_event_count,22.0,22.0,5.748259603429338,log1p_then_standardize,<=,x[1] <= 3.5325388341842929 AND x[2] <= 5.7482596034293376 AND x[1] <= -0.21160950588791436,3,8552,exkmc_0.0.3
compact,20260804,2,5,0,0,0,2,1,purchase_occasion_count,1.0,1.0,-0.21160950588791436,log1p_then_standardize,<=,x[1] <= 3.5325388341842929 AND x[2] <= 5.7482596034293376 AND x[1] <= -0.21160950588791436,3,8552,exkmc_0.0.3
compact,20260804,2,5,1,1,0,0,1,purchase_occasion_count,5.0,5.0,3.532538834184293,log1p_then_standardize,<=,x[1] <= 3.5325388341842929 AND x[2] <= 5.7482596034293376 AND x[1] > -0.21160950588791436,3,724,exkmc_0.0.3
compact,20260804,2,5,1,1,0,1,2,purchase_event_count,22.0,22.0,5.748259603429338,log1p_then_standardize,<=,x[1] <= 3.5325388341842929 AND x[2] <= 5.7482596034293376 AND x[1] > -0.21160950588791436,3,724,exkmc_0.0.3
compact,20260804,2,5,1,1,0,2,1,purchase_occasion_count,1.0,1.0,-0.21160950588791436,log1p_then_standardize,>,x[1] <= 3.5325388341842929 AND x[2] <= 5.7482596034293376 AND x[1] > -0.21160950588791436,3,724,exkmc_0.0.3
compact,20260804,2,5,2,2,1,0,1,purchase_occasion_count,5.0,5.0,3.532538834184293,log1p_then_standardize,<=,x[1] <= 3.5325388341842929 AND x[2] > 5.7482596034293376,2,4,exkmc_0.0.3
compact,20260804,2,5,2,2,1,1,2,purchase_event_count,22.0,22.0,5.748259603429338,log1p_then_standardize,>,x[1] <= 3.5325388341842929 AND x[2] > 5.7482596034293376,2,4,exkmc_0.0.3
compact,20260804,2,5,3,3,0,0,1,purchase_occasion_count,5.0,5.0,3.532538834184293,log1p_then_standardize,>,x[1] > 3.5325388341842929 AND x[2] <= 2.7623780922801044,2,5,exkmc_0.0.3
compact,20260804,2,5,3,3,0,1,2,purchase_event_count,5.999999999999999,5.999999999999999,2.7623780922801044,log1p_then_standardize,<=,x[1] > 3.5325388341842929 AND x[2] <= 2.7623780922801044,2,5,exkmc_0.0.3
compact,20260804,2,5,4,4,1,0,1,purchase_occasion_count,5.0,5.0,3.532538834184293,log1p_then_standardize,>,x[1] > 3.5325388341842929 AND x[2] > 2.7623780922801044,2,90,exkmc_0.0.3
compact,20260804,2,5,4,4,1,1,2,purchase_event_count,5.999999999999999,5.999999999999999,2.7623780922801044,log1p_then_standardize,>,x[1] > 3.5325388341842929 AND x[2] > 2.7623780922801044,2,90,exkmc_0.0.3
compact,20260804,2,6,0,0,0,0,1,purchase_occasion_count,5.0,5.0,3.532538834184293,log1p_then_standardize,<=,x[1] <= 3.5325388341842929 AND x[2] <= 5.7482596034293376 AND x[1] <= -0.21160950588791436,3,8552,exkmc_0.0.3
compact,20260804,2,6,0,0,0,1,2,purchase_event_count,22.0,22.0,5.748259603429338,log1p_then_standardize,<=,x[1] <= 3.5325388341842929 AND x[2] <= 5.7482596034293376 AND x[1] <= -0.21160950588791436,3,8552,exkmc_0.0.3
compact,20260804,2,6,0,0,0,2,1,purchase_occasion_count,1.0,1.0,-0.21160950588791436,log1p_then_standardize,<=,x[1] <= 3.5325388341842929 AND x[2] <= 5.7482596034293376 AND x[1] <= -0.21160950588791436,3,8552,exkmc_0.0.3
compact,20260804,2,6,1,1,0,0,1,purchase_occasion_count,5.0,5.0,3.532538834184293,log1p_then_standardize,<=,x[1] <= 3.5325388341842929 AND x[2] <= 5.7482596034293376 AND x[1] > -0.21160950588791436 AND x[2] <= 4.6753659623122381,4,720,exkmc_0.0.3
compact,20260804,2,6,1,1,0,1,2,purchase_event_count,22.0,22.0,5.748259603429338,log1p_then_standardize,<=,x[1] <= 3.5325388341842929 AND x[2] <= 5.7482596034293376 AND x[1] > -0.21160950588791436 AND x[2] <= 4.6753659623122381,4,720,exkmc_0.0.3
compact,20260804,2,6,1,1,0,2,1,purchase_occasion_count,1.0,1.0,-0.21160950588791436,log1p_then_standardize,>,x[1] <= 3.5325388341842929 AND x[2] <= 5.7482596034293376 AND x[1] > -0.21160950588791436 AND x[2] <= 4.6753659623122381,4,720,exkmc_0.0.3
compact,20260804,2,6,1,1,0,3,2,purchase_event_count,14.0,14.0,4.675365962312238,log1p_then_standardize,<=,x[1] <= 3.5325388341842929 AND x[2] <= 5.7482596034293376 AND x[1] > -0.21160950588791436 AND x[2] <= 4.6753659623122381,4,720,exkmc_0.0.3
compact,20260804,2,6,2,2,0,0,1,purchase_occasion_count,5.0,5.0,3.532538834184293,log1p_then_standardize,<=,x[1] <= 3.5325388341842929 AND x[2] <= 5.7482596034293376 AND x[1] > -0.21160950588791436 AND x[2] > 4.6753659623122381,4,4,exkmc_0.0.3
compact,20260804,2,6,2,2,0,1,2,purchase_event_count,22.0,22.0,5.748259603429338,log1p_then_standardize,<=,x[1] <= 3.5325388341842929 AND x[2] <= 5.7482596034293376 AND x[1] > -0.21160950588791436 AND x[2] > 4.6753659623122381,4,4,exkmc_0.0.3
compact,20260804,2,6,2,2,0,2,1,purchase_occasion_count,1.0,1.0,-0.21160950588791436,log1p_then_standardize,>,x[1] <= 3.5325388341842929 AND x[2] <= 5.7482596034293376 AND x[1] > -0.21160950588791436 AND x[2] > 4.6753659623122381,4,4,exkmc_0.0.3
compact,20260804,2,6,2,2,0,3,2,purchase_event_count,14.0,14.0,4.675365962312238,log1p_then_standardize,>,x[1] <= 3.5325388341842929 AND x[2] <= 5.7482596034293376 AND x[1] > -0.21160950588791436 AND x[2] > 4.6753659623122381,4,4,exkmc_0.0.3
compact,20260804,2,6,3,3,1,0,1,purchase_occasion_count,5.0,5.0,3.532538834184293,log1p_then_standardize,<=,x[1] <= 3.5325388341842929 AND x[2] > 5.7482596034293376,2,4,exkmc_0.0.3
compact,20260804,2,6,3,3,1,1,2,purchase_event_count,22.0,22.0,5.748259603429338,log1p_then_standardize,>,x[1] <= 3.5325388341842929 AND x[2] > 5.7482596034293376,2,4,exkmc_0.0.3
compact,20260804,2,6,4,4,0,0,1,purchase_occasion_count,5.0,5.0,3.532538834184293,log1p_then_standardize,>,x[1] > 3.5325388341842929 AND x[2] <= 2.7623780922801044,2,5,exkmc_0.0.3
compact,20260804,2,6,4,4,0,1,2,purchase_event_count,5.999999999999999,5.999999999999999,2.7623780922801044,log1p_then_standardize,<=,x[1] > 3.5325388341842929 AND x[2] <= 2.7623780922801044,2,5,exkmc_0.0.3
compact,20260804,2,6,5,5,1,0,1,purchase_occasion_count,5.0,5.0,3.532538834184293,log1p_then_standardize,>,x[1] > 3.5325388341842929 AND x[2] > 2.7623780922801044,2,90,exkmc_0.0.3
compact,20260804,2,6,5,5,1,1,2,purchase_event_count,5.999999999999999,5.999999999999999,2.7623780922801044,log1p_then_standardize,>,x[1] > 3.5325388341842929 AND x[2] > 2.7623780922801044,2,90,exkmc_0.0.3
compact,20260804,2,7,0,0,0,0,1,purchase_occasion_count,5.0,5.0,3.532538834184293,log1p_then_standardize,<=,x[1] <= 3.5325388341842929 AND x[2] <= 5.7482596034293376 AND x[1] <= -0.21160950588791436,3,8552,exkmc_0.0.3
compact,20260804,2,7,0,0,0,1,2,purchase_event_count,22.0,22.0,5.748259603429338,log1p_then_standardize,<=,x[1] <= 3.5325388341842929 AND x[2] <= 5.7482596034293376 AND x[1] <= -0.21160950588791436,3,8552,exkmc_0.0.3
compact,20260804,2,7,0,0,0,2,1,purchase_occasion_count,1.0,1.0,-0.21160950588791436,log1p_then_standardize,<=,x[1] <= 3.5325388341842929 AND x[2] <= 5.7482596034293376 AND x[1] <= -0.21160950588791436,3,8552,exkmc_0.0.3
compact,20260804,2,7,1,1,0,0,1,purchase_occasion_count,5.0,5.0,3.532538834184293,log1p_then_standardize,<=,x[1] <= 3.5325388341842929 AND x[2] <= 5.7482596034293376 AND x[1] > -0.21160950588791436 AND x[2] <= 4.6753659623122381,4,720,exkmc_0.0.3
compact,20260804,2,7,1,1,0,1,2,purchase_event_count,22.0,22.0,5.748259603429338,log1p_then_standardize,<=,x[1] <= 3.5325388341842929 AND x[2] <= 5.7482596034293376 AND x[1] > -0.21160950588791436 AND x[2] <= 4.6753659623122381,4,720,exkmc_0.0.3
compact,20260804,2,7,1,1,0,2,1,purchase_occasion_count,1.0,1.0,-0.21160950588791436,log1p_then_standardize,>,x[1] <= 3.5325388341842929 AND x[2] <= 5.7482596034293376 AND x[1] > -0.21160950588791436 AND x[2] <= 4.6753659623122381,4,720,exkmc_0.0.3
compact,20260804,2,7,1,1,0,3,2,purchase_event_count,14.0,14.0,4.675365962312238,log1p_then_standardize,<=,x[1] <= 3.5325388341842929 AND x[2] <= 5.7482596034293376 AND x[1] > -0.21160950588791436 AND x[2] <= 4.6753659623122381,4,720,exkmc_0.0.3
compact,20260804,2,7,2,2,0,0,1,purchase_occasion_count,5.0,5.0,3.532538834184293,log1p_then_standardize,<=,x[1] <= 3.5325388341842929 AND x[2] <= 5.7482596034293376 AND x[1] > -0.21160950588791436 AND x[2] > 4.6753659623122381 AND x[0] <= 0.32246213965511911,5,3,exkmc_0.0.3
compact,20260804,2,7,2,2,0,1,2,purchase_event_count,22.0,22.0,5.748259603429338,log1p_then_standardize,<=,x[1] <= 3.5325388341842929 AND x[2] <= 5.7482596034293376 AND x[1] > -0.21160950588791436 AND x[2] > 4.6753659623122381 AND x[0] <= 0.32246213965511911,5,3,exkmc_0.0.3
compact,20260804,2,7,2,2,0,2,1,purchase_occasion_count,1.0,1.0,-0.21160950588791436,log1p_then_standardize,>,x[1] <= 3.5325388341842929 AND x[2] <= 5.7482596034293376 AND x[1] > -0.21160950588791436 AND x[2] > 4.6753659623122381 AND x[0] <= 0.32246213965511911,5,3,exkmc_0.0.3
compact,20260804,2,7,2,2,0,3,2,purchase_event_count,14.0,14.0,4.675365962312238,log1p_then_standardize,>,x[1] <= 3.5325388341842929 AND x[2] <= 5.7482596034293376 AND x[1] > -0.21160950588791436 AND x[2] > 4.6753659623122381 AND x[0] <= 0.32246213965511911,5,3,exkmc_0.0.3
compact,20260804,2,7,2,2,0,4,0,purchase_recency_days,73.44495715277776,73.44495715277776,0.3224621396551191,log1p_then_standardize,<=,x[1] <= 3.5325388341842929 AND x[2] <= 5.7482596034293376 AND x[1] > -0.21160950588791436 AND x[2] > 4.6753659623122381 AND x[0] <= 0.32246213965511911,5,3,exkmc_0.0.3
compact,20260804,2,7,3,3,1,0,1,purchase_occasion_count,5.0,5.0,3.532538834184293,log1p_then_standardize,<=,x[1] <= 3.5325388341842929 AND x[2] <= 5.7482596034293376 AND x[1] > -0.21160950588791436 AND x[2] > 4.6753659623122381 AND x[0] > 0.32246213965511911,5,1,exkmc_0.0.3
compact,20260804,2,7,3,3,1,1,2,purchase_event_count,22.0,22.0,5.748259603429338,log1p_then_standardize,<=,x[1] <= 3.5325388341842929 AND x[2] <= 5.7482596034293376 AND x[1] > -0.21160950588791436 AND x[2] > 4.6753659623122381 AND x[0] > 0.32246213965511911,5,1,exkmc_0.0.3
compact,20260804,2,7,3,3,1,2,1,purchase_occasion_count,1.0,1.0,-0.21160950588791436,log1p_then_standardize,>,x[1] <= 3.5325388341842929 AND x[2] <= 5.7482596034293376 AND x[1] > -0.21160950588791436 AND x[2] > 4.6753659623122381 AND x[0] > 0.32246213965511911,5,1,exkmc_0.0.3
compact,20260804,2,7,3,3,1,3,2,purchase_event_count,14.0,14.0,4.675365962312238,log1p_then_standardize,>,x[1] <= 3.5325388341842929 AND x[2] <= 5.7482596034293376 AND x[1] > -0.21160950588791436 AND x[2] > 4.6753659623122381 AND x[0] > 0.32246213965511911,5,1,exkmc_0.0.3
compact,20260804,2,7,3,3,1,4,0,purchase_recency_days,73.44495715277776,73.44495715277776,0.3224621396551191,log1p_then_standardize,>,x[1] <= 3.5325388341842929 AND x[2] <= 5.7482596034293376 AND x[1] > -0.21160950588791436 AND x[2] > 4.6753659623122381 AND x[0] > 0.32246213965511911,5,1,exkmc_0.0.3
compact,20260804,2,7,4,4,1,0,1,purchase_occasion_count,5.0,5.0,3.532538834184293,log1p_then_standardize,<=,x[1] <= 3.5325388341842929 AND x[2] > 5.7482596034293376,2,4,exkmc_0.0.3
compact,20260804,2,7,4,4,1,1,2,purchase_event_count,22.0,22.0,5.748259603429338,log1p_then_standardize,>,x[1] <= 3.5325388341842929 AND x[2] > 5.7482596034293376,2,4,exkmc_0.0.3
compact,20260804,2,7,5,5,0,0,1,purchase_occasion_count,5.0,5.0,3.532538834184293,log1p_then_standardize,>,x[1] > 3.5325388341842929 AND x[2] <= 2.7623780922801044,2,5,exkmc_0.0.3
compact,20260804,2,7,5,5,0,1,2,purchase_event_count,5.999999999999999,5.999999999999999,2.7623780922801044,log1p_then_standardize,<=,x[1] > 3.5325388341842929 AND x[2] <= 2.7623780922801044,2,5,exkmc_0.0.3
compact,20260804,2,7,6,6,1,0,1,purchase_occasion_count,5.0,5.0,3.532538834184293,log1p_then_standardize,>,x[1] > 3.5325388341842929 AND x[2] > 2.7623780922801044,2,90,exkmc_0.0.3
compact,20260804,2,7,6,6,1,1,2,purchase_event_count,5.999999999999999,5.999999999999999,2.7623780922801044,log1p_then_standardize,>,x[1] > 3.5325388341842929 AND x[2] > 2.7623780922801044,2,90,exkmc_0.0.3
compact,20260804,2,8,0,0,0,0,1,purchase_occasion_count,5.0,5.0,3.532538834184293,log1p_then_standardize,<=,x[1] <= 3.5325388341842929 AND x[2] <= 5.7482596034293376 AND x[1] <= -0.21160950588791436,3,8552,exkmc_0.0.3
compact,20260804,2,8,0,0,0,1,2,purchase_event_count,22.0,22.0,5.748259603429338,log1p_then_standardize,<=,x[1] <= 3.5325388341842929 AND x[2] <= 5.7482596034293376 AND x[1] <= -0.21160950588791436,3,8552,exkmc_0.0.3
compact,20260804,2,8,0,0,0,2,1,purchase_occasion_count,1.0,1.0,-0.21160950588791436,log1p_then_standardize,<=,x[1] <= 3.5325388341842929 AND x[2] <= 5.7482596034293376 AND x[1] <= -0.21160950588791436,3,8552,exkmc_0.0.3
compact,20260804,2,8,1,1,0,0,1,purchase_occasion_count,5.0,5.0,3.532538834184293,log1p_then_standardize,<=,x[1] <= 3.5325388341842929 AND x[2] <= 5.7482596034293376 AND x[1] > -0.21160950588791436 AND x[2] <= 4.6753659623122381 AND x[1] <= 2.9111740804211106,5,709,exkmc_0.0.3
compact,20260804,2,8,1,1,0,1,2,purchase_event_count,22.0,22.0,5.748259603429338,log1p_then_standardize,<=,x[1] <= 3.5325388341842929 AND x[2] <= 5.7482596034293376 AND x[1] > -0.21160950588791436 AND x[2] <= 4.6753659623122381 AND x[1] <= 2.9111740804211106,5,709,exkmc_0.0.3
compact,20260804,2,8,1,1,0,2,1,purchase_occasion_count,1.0,1.0,-0.21160950588791436,log1p_then_standardize,>,x[1] <= 3.5325388341842929 AND x[2] <= 5.7482596034293376 AND x[1] > -0.21160950588791436 AND x[2] <= 4.6753659623122381 AND x[1] <= 2.9111740804211106,5,709,exkmc_0.0.3
compact,20260804,2,8,1,1,0,3,2,purchase_event_count,14.0,14.0,4.675365962312238,log1p_then_standardize,<=,x[1] <= 3.5325388341842929 AND x[2] <= 5.7482596034293376 AND x[1] > -0.21160950588791436 AND x[2] <= 4.6753659623122381 AND x[1] <= 2.9111740804211106,5,709,exkmc_0.0.3
compact,20260804,2,8,1,1,0,4,1,purchase_occasion_count,3.9999999999999996,3.9999999999999996,2.9111740804211106,log1p_then_standardize,<=,x[1] <= 3.5325388341842929 AND x[2] <= 5.7482596034293376 AND x[1] > -0.21160950588791436 AND x[2] <= 4.6753659623122381 AND x[1] <= 2.9111740804211106,5,709,exkmc_0.0.3
compact,20260804,2,8,2,2,0,0,1,purchase_occasion_count,5.0,5.0,3.532538834184293,log1p_then_standardize,<=,x[1] <= 3.5325388341842929 AND x[2] <= 5.7482596034293376 AND x[1] > -0.21160950588791436 AND x[2] <= 4.6753659623122381 AND x[1] > 2.9111740804211106,5,11,exkmc_0.0.3
compact,20260804,2,8,2,2,0,1,2,purchase_event_count,22.0,22.0,5.748259603429338,log1p_then_standardize,<=,x[1] <= 3.5325388341842929 AND x[2] <= 5.7482596034293376 AND x[1] > -0.21160950588791436 AND x[2] <= 4.6753659623122381 AND x[1] > 2.9111740804211106,5,11,exkmc_0.0.3
compact,20260804,2,8,2,2,0,2,1,purchase_occasion_count,1.0,1.0,-0.21160950588791436,log1p_then_standardize,>,x[1] <= 3.5325388341842929 AND x[2] <= 5.7482596034293376 AND x[1] > -0.21160950588791436 AND x[2] <= 4.6753659623122381 AND x[1] > 2.9111740804211106,5,11,exkmc_0.0.3
compact,20260804,2,8,2,2,0,3,2,purchase_event_count,14.0,14.0,4.675365962312238,log1p_then_standardize,<=,x[1] <= 3.5325388341842929 AND x[2] <= 5.7482596034293376 AND x[1] > -0.21160950588791436 AND x[2] <= 4.6753659623122381 AND x[1] > 2.9111740804211106,5,11,exkmc_0.0.3
compact,20260804,2,8,2,2,0,4,1,purchase_occasion_count,3.9999999999999996,3.9999999999999996,2.9111740804211106,log1p_then_standardize,>,x[1] <= 3.5325388341842929 AND x[2] <= 5.7482596034293376 AND x[1] > -0.21160950588791436 AND x[2] <= 4.6753659623122381 AND x[1] > 2.9111740804211106,5,11,exkmc_0.0.3
compact,20260804,2,8,3,3,0,0,1,purchase_occasion_count,5.0,5.0,3.532538834184293,log1p_then_standardize,<=,x[1] <= 3.5325388341842929 AND x[2] <= 5.7482596034293376 AND x[1] > -0.21160950588791436 AND x[2] > 4.6753659623122381 AND x[0] <= 0.32246213965511911,5,3,exkmc_0.0.3
compact,20260804,2,8,3,3,0,1,2,purchase_event_count,22.0,22.0,5.748259603429338,log1p_then_standardize,<=,x[1] <= 3.5325388341842929 AND x[2] <= 5.7482596034293376 AND x[1] > -0.21160950588791436 AND x[2] > 4.6753659623122381 AND x[0] <= 0.32246213965511911,5,3,exkmc_0.0.3
compact,20260804,2,8,3,3,0,2,1,purchase_occasion_count,1.0,1.0,-0.21160950588791436,log1p_then_standardize,>,x[1] <= 3.5325388341842929 AND x[2] <= 5.7482596034293376 AND x[1] > -0.21160950588791436 AND x[2] > 4.6753659623122381 AND x[0] <= 0.32246213965511911,5,3,exkmc_0.0.3
compact,20260804,2,8,3,3,0,3,2,purchase_event_count,14.0,14.0,4.675365962312238,log1p_then_standardize,>,x[1] <= 3.5325388341842929 AND x[2] <= 5.7482596034293376 AND x[1] > -0.21160950588791436 AND x[2] > 4.6753659623122381 AND x[0] <= 0.32246213965511911,5,3,exkmc_0.0.3
compact,20260804,2,8,3,3,0,4,0,purchase_recency_days,73.44495715277776,73.44495715277776,0.3224621396551191,log1p_then_standardize,<=,x[1] <= 3.5325388341842929 AND x[2] <= 5.7482596034293376 AND x[1] > -0.21160950588791436 AND x[2] > 4.6753659623122381 AND x[0] <= 0.32246213965511911,5,3,exkmc_0.0.3
compact,20260804,2,8,4,4,1,0,1,purchase_occasion_count,5.0,5.0,3.532538834184293,log1p_then_standardize,<=,x[1] <= 3.5325388341842929 AND x[2] <= 5.7482596034293376 AND x[1] > -0.21160950588791436 AND x[2] > 4.6753659623122381 AND x[0] > 0.32246213965511911,5,1,exkmc_0.0.3
compact,20260804,2,8,4,4,1,1,2,purchase_event_count,22.0,22.0,5.748259603429338,log1p_then_standardize,<=,x[1] <= 3.5325388341842929 AND x[2] <= 5.7482596034293376 AND x[1] > -0.21160950588791436 AND x[2] > 4.6753659623122381 AND x[0] > 0.32246213965511911,5,1,exkmc_0.0.3
compact,20260804,2,8,4,4,1,2,1,purchase_occasion_count,1.0,1.0,-0.21160950588791436,log1p_then_standardize,>,x[1] <= 3.5325388341842929 AND x[2] <= 5.7482596034293376 AND x[1] > -0.21160950588791436 AND x[2] > 4.6753659623122381 AND x[0] > 0.32246213965511911,5,1,exkmc_0.0.3
compact,20260804,2,8,4,4,1,3,2,purchase_event_count,14.0,14.0,4.675365962312238,log1p_then_standardize,>,x[1] <= 3.5325388341842929 AND x[2] <= 5.7482596034293376 AND x[1] > -0.21160950588791436 AND x[2] > 4.6753659623122381 AND x[0] > 0.32246213965511911,5,1,exkmc_0.0.3
compact,20260804,2,8,4,4,1,4,0,purchase_recency_days,73.44495715277776,73.44495715277776,0.3224621396551191,log1p_then_standardize,>,x[1] <= 3.5325388341842929 AND x[2] <= 5.7482596034293376 AND x[1] > -0.21160950588791436 AND x[2] > 4.6753659623122381 AND x[0] > 0.32246213965511911,5,1,exkmc_0.0.3
compact,20260804,2,8,5,5,1,0,1,purchase_occasion_count,5.0,5.0,3.532538834184293,log1p_then_standardize,<=,x[1] <= 3.5325388341842929 AND x[2] > 5.7482596034293376,2,4,exkmc_0.0.3
compact,20260804,2,8,5,5,1,1,2,purchase_event_count,22.0,22.0,5.748259603429338,log1p_then_standardize,>,x[1] <= 3.5325388341842929 AND x[2] > 5.7482596034293376,2,4,exkmc_0.0.3
compact,20260804,2,8,6,6,0,0,1,purchase_occasion_count,5.0,5.0,3.532538834184293,log1p_then_standardize,>,x[1] > 3.5325388341842929 AND x[2] <= 2.7623780922801044,2,5,exkmc_0.0.3
compact,20260804,2,8,6,6,0,1,2,purchase_event_count,5.999999999999999,5.999999999999999,2.7623780922801044,log1p_then_standardize,<=,x[1] > 3.5325388341842929 AND x[2] <= 2.7623780922801044,2,5,exkmc_0.0.3
compact,20260804,2,8,7,7,1,0,1,purchase_occasion_count,5.0,5.0,3.532538834184293,log1p_then_standardize,>,x[1] > 3.5325388341842929 AND x[2] > 2.7623780922801044,2,90,exkmc_0.0.3
compact,20260804,2,8,7,7,1,1,2,purchase_event_count,5.999999999999999,5.999999999999999,2.7623780922801044,log1p_then_standardize,>,x[1] > 3.5325388341842929 AND x[2] > 2.7623780922801044,2,90,exkmc_0.0.3
compact,20260805,2,2,0,0,0,0,1,purchase_occasion_count,5.0,5.0,3.502290553430368,log1p_then_standardize,<=,x[1] <= 3.5022905534303681,1,9273,exkmc_0.0.3
compact,20260805,2,2,1,1,1,0,1,purchase_occasion_count,5.0,5.0,3.502290553430368,log1p_then_standardize,>,x[1] > 3.5022905534303681,1,102,exkmc_0.0.3
compact,20260805,2,3,0,0,0,0,1,purchase_occasion_count,5.0,5.0,3.502290553430368,log1p_then_standardize,<=,x[1] <= 3.5022905534303681 AND x[2] <= 5.7760432816703045,2,9271,exkmc_0.0.3
compact,20260805,2,3,0,0,0,1,2,purchase_event_count,22.0,22.0,5.7760432816703045,log1p_then_standardize,<=,x[1] <= 3.5022905534303681 AND x[2] <= 5.7760432816703045,2,9271,exkmc_0.0.3
compact,20260805,2,3,1,1,1,0,1,purchase_occasion_count,5.0,5.0,3.502290553430368,log1p_then_standardize,<=,x[1] <= 3.5022905534303681 AND x[2] > 5.7760432816703045,2,2,exkmc_0.0.3
compact,20260805,2,3,1,1,1,1,2,purchase_event_count,22.0,22.0,5.7760432816703045,log1p_then_standardize,>,x[1] <= 3.5022905534303681 AND x[2] > 5.7760432816703045,2,2,exkmc_0.0.3
compact,20260805,2,3,2,2,1,0,1,purchase_occasion_count,5.0,5.0,3.502290553430368,log1p_then_standardize,>,x[1] > 3.5022905534303681,1,102,exkmc_0.0.3
compact,20260805,2,4,0,0,0,0,1,purchase_occasion_count,5.0,5.0,3.502290553430368,log1p_then_standardize,<=,x[1] <= 3.5022905534303681 AND x[2] <= 5.7760432816703045 AND x[0] <= 0.31883291355452337,3,4717,exkmc_0.0.3
compact,20260805,2,4,0,0,0,1,2,purchase_event_count,22.0,22.0,5.7760432816703045,log1p_then_standardize,<=,x[1] <= 3.5022905534303681 AND x[2] <= 5.7760432816703045 AND x[0] <= 0.31883291355452337,3,4717,exkmc_0.0.3
compact,20260805,2,4,0,0,0,2,0,purchase_recency_days,72.83595754629633,72.83595754629633,0.31883291355452337,log1p_then_standardize,<=,x[1] <= 3.5022905534303681 AND x[2] <= 5.7760432816703045 AND x[0] <= 0.31883291355452337,3,4717,exkmc_0.0.3
compact,20260805,2,4,1,1,0,0,1,purchase_occasion_count,5.0,5.0,3.502290553430368,log1p_then_standardize,<=,x[1] <= 3.5022905534303681 AND x[2] <= 5.7760432816703045 AND x[0] > 0.31883291355452337,3,4554,exkmc_0.0.3
compact,20260805,2,4,1,1,0,1,2,purchase_event_count,22.0,22.0,5.7760432816703045,log1p_then_standardize,<=,x[1] <= 3.5022905534303681 AND x[2] <= 5.7760432816703045 AND x[0] > 0.31883291355452337,3,4554,exkmc_0.0.3
compact,20260805,2,4,1,1,0,2,0,purchase_recency_days,72.83595754629633,72.83595754629633,0.31883291355452337,log1p_then_standardize,>,x[1] <= 3.5022905534303681 AND x[2] <= 5.7760432816703045 AND x[0] > 0.31883291355452337,3,4554,exkmc_0.0.3
compact,20260805,2,4,2,2,1,0,1,purchase_occasion_count,5.0,5.0,3.502290553430368,log1p_then_standardize,<=,x[1] <= 3.5022905534303681 AND x[2] > 5.7760432816703045,2,2,exkmc_0.0.3
compact,20260805,2,4,2,2,1,1,2,purchase_event_count,22.0,22.0,5.7760432816703045,log1p_then_standardize,>,x[1] <= 3.5022905534303681 AND x[2] > 5.7760432816703045,2,2,exkmc_0.0.3
compact,20260805,2,4,3,3,1,0,1,purchase_occasion_count,5.0,5.0,3.502290553430368,log1p_then_standardize,>,x[1] > 3.5022905534303681,1,102,exkmc_0.0.3
compact,20260805,2,5,0,0,0,0,1,purchase_occasion_count,5.0,5.0,3.502290553430368,log1p_then_standardize,<=,x[1] <= 3.5022905534303681 AND x[2] <= 5.7760432816703045 AND x[0] <= 0.31883291355452337,3,4717,exkmc_0.0.3
compact,20260805,2,5,0,0,0,1,2,purchase_event_count,22.0,22.0,5.7760432816703045,log1p_then_standardize,<=,x[1] <= 3.5022905534303681 AND x[2] <= 5.7760432816703045 AND x[0] <= 0.31883291355452337,3,4717,exkmc_0.0.3
compact,20260805,2,5,0,0,0,2,0,purchase_recency_days,72.83595754629633,72.83595754629633,0.31883291355452337,log1p_then_standardize,<=,x[1] <= 3.5022905534303681 AND x[2] <= 5.7760432816703045 AND x[0] <= 0.31883291355452337,3,4717,exkmc_0.0.3
compact,20260805,2,5,1,1,0,0,1,purchase_occasion_count,5.0,5.0,3.502290553430368,log1p_then_standardize,<=,x[1] <= 3.5022905534303681 AND x[2] <= 5.7760432816703045 AND x[0] > 0.31883291355452337 AND x[1] <= -0.21831032766726416,4,4206,exkmc_0.0.3
compact,20260805,2,5,1,1,0,1,2,purchase_event_count,22.0,22.0,5.7760432816703045,log1p_then_standardize,<=,x[1] <= 3.5022905534303681 AND x[2] <= 5.7760432816703045 AND x[0] > 0.31883291355452337 AND x[1] <= -0.21831032766726416,4,4206,exkmc_0.0.3
compact,20260805,2,5,1,1,0,2,0,purchase_recency_days,72.83595754629633,72.83595754629633,0.31883291355452337,log1p_then_standardize,>,x[1] <= 3.5022905534303681 AND x[2] <= 5.7760432816703045 AND x[0] > 0.31883291355452337 AND x[1] <= -0.21831032766726416,4,4206,exkmc_0.0.3
compact,20260805,2,5,1,1,0,3,1,purchase_occasion_count,1.0,1.0,-0.21831032766726416,log1p_then_standardize,<=,x[1] <= 3.5022905534303681 AND x[2] <= 5.7760432816703045 AND x[0] > 0.31883291355452337 AND x[1] <= -0.21831032766726416,4,4206,exkmc_0.0.3
compact,20260805,2,5,2,2,0,0,1,purchase_occasion_count,5.0,5.0,3.502290553430368,log1p_then_standardize,<=,x[1] <= 3.5022905534303681 AND x[2] <= 5.7760432816703045 AND x[0] > 0.31883291355452337 AND x[1] > -0.21831032766726416,4,348,exkmc_0.0.3
compact,20260805,2,5,2,2,0,1,2,purchase_event_count,22.0,22.0,5.7760432816703045,log1p_then_standardize,<=,x[1] <= 3.5022905534303681 AND x[2] <= 5.7760432816703045 AND x[0] > 0.31883291355452337 AND x[1] > -0.21831032766726416,4,348,exkmc_0.0.3
compact,20260805,2,5,2,2,0,2,0,purchase_recency_days,72.83595754629633,72.83595754629633,0.31883291355452337,log1p_then_standardize,>,x[1] <= 3.5022905534303681 AND x[2] <= 5.7760432816703045 AND x[0] > 0.31883291355452337 AND x[1] > -0.21831032766726416,4,348,exkmc_0.0.3
compact,20260805,2,5,2,2,0,3,1,purchase_occasion_count,1.0,1.0,-0.21831032766726416,log1p_then_standardize,>,x[1] <= 3.5022905534303681 AND x[2] <= 5.7760432816703045 AND x[0] > 0.31883291355452337 AND x[1] > -0.21831032766726416,4,348,exkmc_0.0.3
compact,20260805,2,5,3,3,1,0,1,purchase_occasion_count,5.0,5.0,3.502290553430368,log1p_then_standardize,<=,x[1] <= 3.5022905534303681 AND x[2] > 5.7760432816703045,2,2,exkmc_0.0.3
compact,20260805,2,5,3,3,1,1,2,purchase_event_count,22.0,22.0,5.7760432816703045,log1p_then_standardize,>,x[1] <= 3.5022905534303681 AND x[2] > 5.7760432816703045,2,2,exkmc_0.0.3
compact,20260805,2,5,4,4,1,0,1,purchase_occasion_count,5.0,5.0,3.502290553430368,log1p_then_standardize,>,x[1] > 3.5022905534303681,1,102,exkmc_0.0.3
compact,20260805,2,6,0,0,0,0,1,purchase_occasion_count,5.0,5.0,3.502290553430368,log1p_then_standardize,<=,x[1] <= 3.5022905534303681 AND x[2] <= 5.7760432816703045 AND x[0] <= 0.31883291355452337,3,4717,exkmc_0.0.3
compact,20260805,2,6,0,0,0,1,2,purchase_event_count,22.0,22.0,5.7760432816703045,log1p_then_standardize,<=,x[1] <= 3.5022905534303681 AND x[2] <= 5.7760432816703045 AND x[0] <= 0.31883291355452337,3,4717,exkmc_0.0.3
compact,20260805,2,6,0,0,0,2,0,purchase_recency_days,72.83595754629633,72.83595754629633,0.31883291355452337,log1p_then_standardize,<=,x[1] <= 3.5022905534303681 AND x[2] <= 5.7760432816703045 AND x[0] <= 0.31883291355452337,3,4717,exkmc_0.0.3
compact,20260805,2,6,1,1,0,0,1,purchase_occasion_count,5.0,5.0,3.502290553430368,log1p_then_standardize,<=,x[1] <= 3.5022905534303681 AND x[2] <= 5.7760432816703045 AND x[0] > 0.31883291355452337 AND x[1] <= -0.21831032766726416,4,4206,exkmc_0.0.3
compact,20260805,2,6,1,1,0,1,2,purchase_event_count,22.0,22.0,5.7760432816703045,log1p_then_standardize,<=,x[1] <= 3.5022905534303681 AND x[2] <= 5.7760432816703045 AND x[0] > 0.31883291355452337 AND x[1] <= -0.21831032766726416,4,4206,exkmc_0.0.3
compact,20260805,2,6,1,1,0,2,0,purchase_recency_days,72.83595754629633,72.83595754629633,0.31883291355452337,log1p_then_standardize,>,x[1] <= 3.5022905534303681 AND x[2] <= 5.7760432816703045 AND x[0] > 0.31883291355452337 AND x[1] <= -0.21831032766726416,4,4206,exkmc_0.0.3
compact,20260805,2,6,1,1,0,3,1,purchase_occasion_count,1.0,1.0,-0.21831032766726416,log1p_then_standardize,<=,x[1] <= 3.5022905534303681 AND x[2] <= 5.7760432816703045 AND x[0] > 0.31883291355452337 AND x[1] <= -0.21831032766726416,4,4206,exkmc_0.0.3
compact,20260805,2,6,2,2,0,0,1,purchase_occasion_count,5.0,5.0,3.502290553430368,log1p_then_standardize,<=,x[1] <= 3.5022905534303681 AND x[2] <= 5.7760432816703045 AND x[0] > 0.31883291355452337 AND x[1] > -0.21831032766726416 AND x[2] <= 4.6974362201103714,5,346,exkmc_0.0.3
compact,20260805,2,6,2,2,0,1,2,purchase_event_count,22.0,22.0,5.7760432816703045,log1p_then_standardize,<=,x[1] <= 3.5022905534303681 AND x[2] <= 5.7760432816703045 AND x[0] > 0.31883291355452337 AND x[1] > -0.21831032766726416 AND x[2] <= 4.6974362201103714,5,346,exkmc_0.0.3
compact,20260805,2,6,2,2,0,2,0,purchase_recency_days,72.83595754629633,72.83595754629633,0.31883291355452337,log1p_then_standardize,>,x[1] <= 3.5022905534303681 AND x[2] <= 5.7760432816703045 AND x[0] > 0.31883291355452337 AND x[1] > -0.21831032766726416 AND x[2] <= 4.6974362201103714,5,346,exkmc_0.0.3
compact,20260805,2,6,2,2,0,3,1,purchase_occasion_count,1.0,1.0,-0.21831032766726416,log1p_then_standardize,>,x[1] <= 3.5022905534303681 AND x[2] <= 5.7760432816703045 AND x[0] > 0.31883291355452337 AND x[1] > -0.21831032766726416 AND x[2] <= 4.6974362201103714,5,346,exkmc_0.0.3
compact,20260805,2,6,2,2,0,4,2,purchase_event_count,14.0,14.0,4.697436220110371,log1p_then_standardize,<=,x[1] <= 3.5022905534303681 AND x[2] <= 5.7760432816703045 AND x[0] > 0.31883291355452337 AND x[1] > -0.21831032766726416 AND x[2] <= 4.6974362201103714,5,346,exkmc_0.0.3
compact,20260805,2,6,3,3,1,0,1,purchase_occasion_count,5.0,5.0,3.502290553430368,log1p_then_standardize,<=,x[1] <= 3.5022905534303681 AND x[2] <= 5.7760432816703045 AND x[0] > 0.31883291355452337 AND x[1] > -0.21831032766726416 AND x[2] > 4.6974362201103714,5,2,exkmc_0.0.3
compact,20260805,2,6,3,3,1,1,2,purchase_event_count,22.0,22.0,5.7760432816703045,log1p_then_standardize,<=,x[1] <= 3.5022905534303681 AND x[2] <= 5.7760432816703045 AND x[0] > 0.31883291355452337 AND x[1] > -0.21831032766726416 AND x[2] > 4.6974362201103714,5,2,exkmc_0.0.3
compact,20260805,2,6,3,3,1,2,0,purchase_recency_days,72.83595754629633,72.83595754629633,0.31883291355452337,log1p_then_standardize,>,x[1] <= 3.5022905534303681 AND x[2] <= 5.7760432816703045 AND x[0] > 0.31883291355452337 AND x[1] > -0.21831032766726416 AND x[2] > 4.6974362201103714,5,2,exkmc_0.0.3
compact,20260805,2,6,3,3,1,3,1,purchase_occasion_count,1.0,1.0,-0.21831032766726416,log1p_then_standardize,>,x[1] <= 3.5022905534303681 AND x[2] <= 5.7760432816703045 AND x[0] > 0.31883291355452337 AND x[1] > -0.21831032766726416 AND x[2] > 4.6974362201103714,5,2,exkmc_0.0.3
compact,20260805,2,6,3,3,1,4,2,purchase_event_count,14.0,14.0,4.697436220110371,log1p_then_standardize,>,x[1] <= 3.5022905534303681 AND x[2] <= 5.7760432816703045 AND x[0] > 0.31883291355452337 AND x[1] > -0.21831032766726416 AND x[2] > 4.6974362201103714,5,2,exkmc_0.0.3
compact,20260805,2,6,4,4,1,0,1,purchase_occasion_count,5.0,5.0,3.502290553430368,log1p_then_standardize,<=,x[1] <= 3.5022905534303681 AND x[2] > 5.7760432816703045,2,2,exkmc_0.0.3
compact,20260805,2,6,4,4,1,1,2,purchase_event_count,22.0,22.0,5.7760432816703045,log1p_then_standardize,>,x[1] <= 3.5022905534303681 AND x[2] > 5.7760432816703045,2,2,exkmc_0.0.3
compact,20260805,2,6,5,5,1,0,1,purchase_occasion_count,5.0,5.0,3.502290553430368,log1p_then_standardize,>,x[1] > 3.5022905534303681,1,102,exkmc_0.0.3
compact,20260805,2,7,0,0,0,0,1,purchase_occasion_count,5.0,5.0,3.502290553430368,log1p_then_standardize,<=,x[1] <= 3.5022905534303681 AND x[2] <= 5.7760432816703045 AND x[0] <= 0.31883291355452337,3,4717,exkmc_0.0.3
compact,20260805,2,7,0,0,0,1,2,purchase_event_count,22.0,22.0,5.7760432816703045,log1p_then_standardize,<=,x[1] <= 3.5022905534303681 AND x[2] <= 5.7760432816703045 AND x[0] <= 0.31883291355452337,3,4717,exkmc_0.0.3
compact,20260805,2,7,0,0,0,2,0,purchase_recency_days,72.83595754629633,72.83595754629633,0.31883291355452337,log1p_then_standardize,<=,x[1] <= 3.5022905534303681 AND x[2] <= 5.7760432816703045 AND x[0] <= 0.31883291355452337,3,4717,exkmc_0.0.3
compact,20260805,2,7,1,1,0,0,1,purchase_occasion_count,5.0,5.0,3.502290553430368,log1p_then_standardize,<=,x[1] <= 3.5022905534303681 AND x[2] <= 5.7760432816703045 AND x[0] > 0.31883291355452337 AND x[1] <= -0.21831032766726416,4,4206,exkmc_0.0.3
compact,20260805,2,7,1,1,0,1,2,purchase_event_count,22.0,22.0,5.7760432816703045,log1p_then_standardize,<=,x[1] <= 3.5022905534303681 AND x[2] <= 5.7760432816703045 AND x[0] > 0.31883291355452337 AND x[1] <= -0.21831032766726416,4,4206,exkmc_0.0.3
compact,20260805,2,7,1,1,0,2,0,purchase_recency_days,72.83595754629633,72.83595754629633,0.31883291355452337,log1p_then_standardize,>,x[1] <= 3.5022905534303681 AND x[2] <= 5.7760432816703045 AND x[0] > 0.31883291355452337 AND x[1] <= -0.21831032766726416,4,4206,exkmc_0.0.3
compact,20260805,2,7,1,1,0,3,1,purchase_occasion_count,1.0,1.0,-0.21831032766726416,log1p_then_standardize,<=,x[1] <= 3.5022905534303681 AND x[2] <= 5.7760432816703045 AND x[0] > 0.31883291355452337 AND x[1] <= -0.21831032766726416,4,4206,exkmc_0.0.3
compact,20260805,2,7,2,2,0,0,1,purchase_occasion_count,5.0,5.0,3.502290553430368,log1p_then_standardize,<=,x[1] <= 3.5022905534303681 AND x[2] <= 5.7760432816703045 AND x[0] > 0.31883291355452337 AND x[1] > -0.21831032766726416 AND x[2] <= 4.6974362201103714,5,346,exkmc_0.0.3
compact,20260805,2,7,2,2,0,1,2,purchase_event_count,22.0,22.0,5.7760432816703045,log1p_then_standardize,<=,x[1] <= 3.5022905534303681 AND x[2] <= 5.7760432816703045 AND x[0] > 0.31883291355452337 AND x[1] > -0.21831032766726416 AND x[2] <= 4.6974362201103714,5,346,exkmc_0.0.3
compact,20260805,2,7,2,2,0,2,0,purchase_recency_days,72.83595754629633,72.83595754629633,0.31883291355452337,log1p_then_standardize,>,x[1] <= 3.5022905534303681 AND x[2] <= 5.7760432816703045 AND x[0] > 0.31883291355452337 AND x[1] > -0.21831032766726416 AND x[2] <= 4.6974362201103714,5,346,exkmc_0.0.3
compact,20260805,2,7,2,2,0,3,1,purchase_occasion_count,1.0,1.0,-0.21831032766726416,log1p_then_standardize,>,x[1] <= 3.5022905534303681 AND x[2] <= 5.7760432816703045 AND x[0] > 0.31883291355452337 AND x[1] > -0.21831032766726416 AND x[2] <= 4.6974362201103714,5,346,exkmc_0.0.3
compact,20260805,2,7,2,2,0,4,2,purchase_event_count,14.0,14.0,4.697436220110371,log1p_then_standardize,<=,x[1] <= 3.5022905534303681 AND x[2] <= 5.7760432816703045 AND x[0] > 0.31883291355452337 AND x[1] > -0.21831032766726416 AND x[2] <= 4.6974362201103714,5,346,exkmc_0.0.3
compact,20260805,2,7,3,3,1,0,1,purchase_occasion_count,5.0,5.0,3.502290553430368,log1p_then_standardize,<=,x[1] <= 3.5022905534303681 AND x[2] <= 5.7760432816703045 AND x[0] > 0.31883291355452337 AND x[1] > -0.21831032766726416 AND x[2] > 4.6974362201103714 AND x[0] <= 0.6065325258201556,6,1,exkmc_0.0.3
compact,20260805,2,7,3,3,1,1,2,purchase_event_count,22.0,22.0,5.7760432816703045,log1p_then_standardize,<=,x[1] <= 3.5022905534303681 AND x[2] <= 5.7760432816703045 AND x[0] > 0.31883291355452337 AND x[1] > -0.21831032766726416 AND x[2] > 4.6974362201103714 AND x[0] <= 0.6065325258201556,6,1,exkmc_0.0.3
compact,20260805,2,7,3,3,1,2,0,purchase_recency_days,72.83595754629633,72.83595754629633,0.31883291355452337,log1p_then_standardize,>,x[1] <= 3.5022905534303681 AND x[2] <= 5.7760432816703045 AND x[0] > 0.31883291355452337 AND x[1] > -0.21831032766726416 AND x[2] > 4.6974362201103714 AND x[0] <= 0.6065325258201556,6,1,exkmc_0.0.3
compact,20260805,2,7,3,3,1,3,1,purchase_occasion_count,1.0,1.0,-0.21831032766726416,log1p_then_standardize,>,x[1] <= 3.5022905534303681 AND x[2] <= 5.7760432816703045 AND x[0] > 0.31883291355452337 AND x[1] > -0.21831032766726416 AND x[2] > 4.6974362201103714 AND x[0] <= 0.6065325258201556,6,1,exkmc_0.0.3
compact,20260805,2,7,3,3,1,4,2,purchase_event_count,14.0,14.0,4.697436220110371,log1p_then_standardize,>,x[1] <= 3.5022905534303681 AND x[2] <= 5.7760432816703045 AND x[0] > 0.31883291355452337 AND x[1] > -0.21831032766726416 AND x[2] > 4.6974362201103714 AND x[0] <= 0.6065325258201556,6,1,exkmc_0.0.3
compact,20260805,2,7,3,3,1,5,0,purchase_recency_days,92.44432802083335,92.44432802083335,0.6065325258201556,log1p_then_standardize,<=,x[1] <= 3.5022905534303681 AND x[2] <= 5.7760432816703045 AND x[0] > 0.31883291355452337 AND x[1] > -0.21831032766726416 AND x[2] > 4.6974362201103714 AND x[0] <= 0.6065325258201556,6,1,exkmc_0.0.3
compact,20260805,2,7,4,4,0,0,1,purchase_occasion_count,5.0,5.0,3.502290553430368,log1p_then_standardize,<=,x[1] <= 3.5022905534303681 AND x[2] <= 5.7760432816703045 AND x[0] > 0.31883291355452337 AND x[1] > -0.21831032766726416 AND x[2] > 4.6974362201103714 AND x[0] > 0.6065325258201556,6,1,exkmc_0.0.3
compact,20260805,2,7,4,4,0,1,2,purchase_event_count,22.0,22.0,5.7760432816703045,log1p_then_standardize,<=,x[1] <= 3.5022905534303681 AND x[2] <= 5.7760432816703045 AND x[0] > 0.31883291355452337 AND x[1] > -0.21831032766726416 AND x[2] > 4.6974362201103714 AND x[0] > 0.6065325258201556,6,1,exkmc_0.0.3
compact,20260805,2,7,4,4,0,2,0,purchase_recency_days,72.83595754629633,72.83595754629633,0.31883291355452337,log1p_then_standardize,>,x[1] <= 3.5022905534303681 AND x[2] <= 5.7760432816703045 AND x[0] > 0.31883291355452337 AND x[1] > -0.21831032766726416 AND x[2] > 4.6974362201103714 AND x[0] > 0.6065325258201556,6,1,exkmc_0.0.3
compact,20260805,2,7,4,4,0,3,1,purchase_occasion_count,1.0,1.0,-0.21831032766726416,log1p_then_standardize,>,x[1] <= 3.5022905534303681 AND x[2] <= 5.7760432816703045 AND x[0] > 0.31883291355452337 AND x[1] > -0.21831032766726416 AND x[2] > 4.6974362201103714 AND x[0] > 0.6065325258201556,6,1,exkmc_0.0.3
compact,20260805,2,7,4,4,0,4,2,purchase_event_count,14.0,14.0,4.697436220110371,log1p_then_standardize,>,x[1] <= 3.5022905534303681 AND x[2] <= 5.7760432816703045 AND x[0] > 0.31883291355452337 AND x[1] > -0.21831032766726416 AND x[2] > 4.6974362201103714 AND x[0] > 0.6065325258201556,6,1,exkmc_0.0.3
compact,20260805,2,7,4,4,0,5,0,purchase_recency_days,92.44432802083335,92.44432802083335,0.6065325258201556,log1p_then_standardize,>,x[1] <= 3.5022905534303681 AND x[2] <= 5.7760432816703045 AND x[0] > 0.31883291355452337 AND x[1] > -0.21831032766726416 AND x[2] > 4.6974362201103714 AND x[0] > 0.6065325258201556,6,1,exkmc_0.0.3
compact,20260805,2,7,5,5,1,0,1,purchase_occasion_count,5.0,5.0,3.502290553430368,log1p_then_standardize,<=,x[1] <= 3.5022905534303681 AND x[2] > 5.7760432816703045,2,2,exkmc_0.0.3
compact,20260805,2,7,5,5,1,1,2,purchase_event_count,22.0,22.0,5.7760432816703045,log1p_then_standardize,>,x[1] <= 3.5022905534303681 AND x[2] > 5.7760432816703045,2,2,exkmc_0.0.3
compact,20260805,2,7,6,6,1,0,1,purchase_occasion_count,5.0,5.0,3.502290553430368,log1p_then_standardize,>,x[1] > 3.5022905534303681,1,102,exkmc_0.0.3
compact,20260805,2,8,0,0,0,0,1,purchase_occasion_count,5.0,5.0,3.502290553430368,log1p_then_standardize,<=,x[1] <= 3.5022905534303681 AND x[2] <= 5.7760432816703045 AND x[0] <= 0.31883291355452337,3,4717,exkmc_0.0.3
compact,20260805,2,8,0,0,0,1,2,purchase_event_count,22.0,22.0,5.7760432816703045,log1p_then_standardize,<=,x[1] <= 3.5022905534303681 AND x[2] <= 5.7760432816703045 AND x[0] <= 0.31883291355452337,3,4717,exkmc_0.0.3
compact,20260805,2,8,0,0,0,2,0,purchase_recency_days,72.83595754629633,72.83595754629633,0.31883291355452337,log1p_then_standardize,<=,x[1] <= 3.5022905534303681 AND x[2] <= 5.7760432816703045 AND x[0] <= 0.31883291355452337,3,4717,exkmc_0.0.3
compact,20260805,2,8,1,1,0,0,1,purchase_occasion_count,5.0,5.0,3.502290553430368,log1p_then_standardize,<=,x[1] <= 3.5022905534303681 AND x[2] <= 5.7760432816703045 AND x[0] > 0.31883291355452337 AND x[1] <= -0.21831032766726416,4,4206,exkmc_0.0.3
compact,20260805,2,8,1,1,0,1,2,purchase_event_count,22.0,22.0,5.7760432816703045,log1p_then_standardize,<=,x[1] <= 3.5022905534303681 AND x[2] <= 5.7760432816703045 AND x[0] > 0.31883291355452337 AND x[1] <= -0.21831032766726416,4,4206,exkmc_0.0.3
compact,20260805,2,8,1,1,0,2,0,purchase_recency_days,72.83595754629633,72.83595754629633,0.31883291355452337,log1p_then_standardize,>,x[1] <= 3.5022905534303681 AND x[2] <= 5.7760432816703045 AND x[0] > 0.31883291355452337 AND x[1] <= -0.21831032766726416,4,4206,exkmc_0.0.3
compact,20260805,2,8,1,1,0,3,1,purchase_occasion_count,1.0,1.0,-0.21831032766726416,log1p_then_standardize,<=,x[1] <= 3.5022905534303681 AND x[2] <= 5.7760432816703045 AND x[0] > 0.31883291355452337 AND x[1] <= -0.21831032766726416,4,4206,exkmc_0.0.3
compact,20260805,2,8,2,2,0,0,1,purchase_occasion_count,5.0,5.0,3.502290553430368,log1p_then_standardize,<=,x[1] <= 3.5022905534303681 AND x[2] <= 5.7760432816703045 AND x[0] > 0.31883291355452337 AND x[1] > -0.21831032766726416 AND x[2] <= 4.6974362201103714 AND x[1] <= 2.1291274693814128,6,327,exkmc_0.0.3
compact,20260805,2,8,2,2,0,1,2,purchase_event_count,22.0,22.0,5.7760432816703045,log1p_then_standardize,<=,x[1] <= 3.5022905534303681 AND x[2] <= 5.7760432816703045 AND x[0] > 0.31883291355452337 AND x[1] > -0.21831032766726416 AND x[2] <= 4.6974362201103714 AND x[1] <= 2.1291274693814128,6,327,exkmc_0.0.3
compact,20260805,2,8,2,2,0,2,0,purchase_recency_days,72.83595754629633,72.83595754629633,0.31883291355452337,log1p_then_standardize,>,x[1] <= 3.5022905534303681 AND x[2] <= 5.7760432816703045 AND x[0] > 0.31883291355452337 AND x[1] > -0.21831032766726416 AND x[2] <= 4.6974362201103714 AND x[1] <= 2.1291274693814128,6,327,exkmc_0.0.3
compact,20260805,2,8,2,2,0,3,1,purchase_occasion_count,1.0,1.0,-0.21831032766726416,log1p_then_standardize,>,x[1] <= 3.5022905534303681 AND x[2] <= 5.7760432816703045 AND x[0] > 0.31883291355452337 AND x[1] > -0.21831032766726416 AND x[2] <= 4.6974362201103714 AND x[1] <= 2.1291274693814128,6,327,exkmc_0.0.3
compact,20260805,2,8,2,2,0,4,2,purchase_event_count,14.0,14.0,4.697436220110371,log1p_then_standardize,<=,x[1] <= 3.5022905534303681 AND x[2] <= 5.7760432816703045 AND x[0] > 0.31883291355452337 AND x[1] > -0.21831032766726416 AND x[2] <= 4.6974362201103714 AND x[1] <= 2.1291274693814128,6,327,exkmc_0.0.3
compact,20260805,2,8,2,2,0,5,1,purchase_occasion_count,3.0,3.0,2.129127469381413,log1p_then_standardize,<=,x[1] <= 3.5022905534303681 AND x[2] <= 5.7760432816703045 AND x[0] > 0.31883291355452337 AND x[1] > -0.21831032766726416 AND x[2] <= 4.6974362201103714 AND x[1] <= 2.1291274693814128,6,327,exkmc_0.0.3
compact,20260805,2,8,3,3,0,0,1,purchase_occasion_count,5.0,5.0,3.502290553430368,log1p_then_standardize,<=,x[1] <= 3.5022905534303681 AND x[2] <= 5.7760432816703045 AND x[0] > 0.31883291355452337 AND x[1] > -0.21831032766726416 AND x[2] <= 4.6974362201103714 AND x[1] > 2.1291274693814128,6,19,exkmc_0.0.3
compact,20260805,2,8,3,3,0,1,2,purchase_event_count,22.0,22.0,5.7760432816703045,log1p_then_standardize,<=,x[1] <= 3.5022905534303681 AND x[2] <= 5.7760432816703045 AND x[0] > 0.31883291355452337 AND x[1] > -0.21831032766726416 AND x[2] <= 4.6974362201103714 AND x[1] > 2.1291274693814128,6,19,exkmc_0.0.3
compact,20260805,2,8,3,3,0,2,0,purchase_recency_days,72.83595754629633,72.83595754629633,0.31883291355452337,log1p_then_standardize,>,x[1] <= 3.5022905534303681 AND x[2] <= 5.7760432816703045 AND x[0] > 0.31883291355452337 AND x[1] > -0.21831032766726416 AND x[2] <= 4.6974362201103714 AND x[1] > 2.1291274693814128,6,19,exkmc_0.0.3
compact,20260805,2,8,3,3,0,3,1,purchase_occasion_count,1.0,1.0,-0.21831032766726416,log1p_then_standardize,>,x[1] <= 3.5022905534303681 AND x[2] <= 5.7760432816703045 AND x[0] > 0.31883291355452337 AND x[1] > -0.21831032766726416 AND x[2] <= 4.6974362201103714 AND x[1] > 2.1291274693814128,6,19,exkmc_0.0.3
compact,20260805,2,8,3,3,0,4,2,purchase_event_count,14.0,14.0,4.697436220110371,log1p_then_standardize,<=,x[1] <= 3.5022905534303681 AND x[2] <= 5.7760432816703045 AND x[0] > 0.31883291355452337 AND x[1] > -0.21831032766726416 AND x[2] <= 4.6974362201103714 AND x[1] > 2.1291274693814128,6,19,exkmc_0.0.3
compact,20260805,2,8,3,3,0,5,1,purchase_occasion_count,3.0,3.0,2.129127469381413,log1p_then_standardize,>,x[1] <= 3.5022905534303681 AND x[2] <= 5.7760432816703045 AND x[0] > 0.31883291355452337 AND x[1] > -0.21831032766726416 AND x[2] <= 4.6974362201103714 AND x[1] > 2.1291274693814128,6,19,exkmc_0.0.3
compact,20260805,2,8,4,4,1,0,1,purchase_occasion_count,5.0,5.0,3.502290553430368,log1p_then_standardize,<=,x[1] <= 3.5022905534303681 AND x[2] <= 5.7760432816703045 AND x[0] > 0.31883291355452337 AND x[1] > -0.21831032766726416 AND x[2] > 4.6974362201103714 AND x[0] <= 0.6065325258201556,6,1,exkmc_0.0.3
compact,20260805,2,8,4,4,1,1,2,purchase_event_count,22.0,22.0,5.7760432816703045,log1p_then_standardize,<=,x[1] <= 3.5022905534303681 AND x[2] <= 5.7760432816703045 AND x[0] > 0.31883291355452337 AND x[1] > -0.21831032766726416 AND x[2] > 4.6974362201103714 AND x[0] <= 0.6065325258201556,6,1,exkmc_0.0.3
compact,20260805,2,8,4,4,1,2,0,purchase_recency_days,72.83595754629633,72.83595754629633,0.31883291355452337,log1p_then_standardize,>,x[1] <= 3.5022905534303681 AND x[2] <= 5.7760432816703045 AND x[0] > 0.31883291355452337 AND x[1] > -0.21831032766726416 AND x[2] > 4.6974362201103714 AND x[0] <= 0.6065325258201556,6,1,exkmc_0.0.3
compact,20260805,2,8,4,4,1,3,1,purchase_occasion_count,1.0,1.0,-0.21831032766726416,log1p_then_standardize,>,x[1] <= 3.5022905534303681 AND x[2] <= 5.7760432816703045 AND x[0] > 0.31883291355452337 AND x[1] > -0.21831032766726416 AND x[2] > 4.6974362201103714 AND x[0] <= 0.6065325258201556,6,1,exkmc_0.0.3
compact,20260805,2,8,4,4,1,4,2,purchase_event_count,14.0,14.0,4.697436220110371,log1p_then_standardize,>,x[1] <= 3.5022905534303681 AND x[2] <= 5.7760432816703045 AND x[0] > 0.31883291355452337 AND x[1] > -0.21831032766726416 AND x[2] > 4.6974362201103714 AND x[0] <= 0.6065325258201556,6,1,exkmc_0.0.3
compact,20260805,2,8,4,4,1,5,0,purchase_recency_days,92.44432802083335,92.44432802083335,0.6065325258201556,log1p_then_standardize,<=,x[1] <= 3.5022905534303681 AND x[2] <= 5.7760432816703045 AND x[0] > 0.31883291355452337 AND x[1] > -0.21831032766726416 AND x[2] > 4.6974362201103714 AND x[0] <= 0.6065325258201556,6,1,exkmc_0.0.3
compact,20260805,2,8,5,5,0,0,1,purchase_occasion_count,5.0,5.0,3.502290553430368,log1p_then_standardize,<=,x[1] <= 3.5022905534303681 AND x[2] <= 5.7760432816703045 AND x[0] > 0.31883291355452337 AND x[1] > -0.21831032766726416 AND x[2] > 4.6974362201103714 AND x[0] > 0.6065325258201556,6,1,exkmc_0.0.3
compact,20260805,2,8,5,5,0,1,2,purchase_event_count,22.0,22.0,5.7760432816703045,log1p_then_standardize,<=,x[1] <= 3.5022905534303681 AND x[2] <= 5.7760432816703045 AND x[0] > 0.31883291355452337 AND x[1] > -0.21831032766726416 AND x[2] > 4.6974362201103714 AND x[0] > 0.6065325258201556,6,1,exkmc_0.0.3
compact,20260805,2,8,5,5,0,2,0,purchase_recency_days,72.83595754629633,72.83595754629633,0.31883291355452337,log1p_then_standardize,>,x[1] <= 3.5022905534303681 AND x[2] <= 5.7760432816703045 AND x[0] > 0.31883291355452337 AND x[1] > -0.21831032766726416 AND x[2] > 4.6974362201103714 AND x[0] > 0.6065325258201556,6,1,exkmc_0.0.3
compact,20260805,2,8,5,5,0,3,1,purchase_occasion_count,1.0,1.0,-0.21831032766726416,log1p_then_standardize,>,x[1] <= 3.5022905534303681 AND x[2] <= 5.7760432816703045 AND x[0] > 0.31883291355452337 AND x[1] > -0.21831032766726416 AND x[2] > 4.6974362201103714 AND x[0] > 0.6065325258201556,6,1,exkmc_0.0.3
compact,20260805,2,8,5,5,0,4,2,purchase_event_count,14.0,14.0,4.697436220110371,log1p_then_standardize,>,x[1] <= 3.5022905534303681 AND x[2] <= 5.7760432816703045 AND x[0] > 0.31883291355452337 AND x[1] > -0.21831032766726416 AND x[2] > 4.6974362201103714 AND x[0] > 0.6065325258201556,6,1,exkmc_0.0.3
compact,20260805,2,8,5,5,0,5,0,purchase_recency_days,92.44432802083335,92.44432802083335,0.6065325258201556,log1p_then_standardize,>,x[1] <= 3.5022905534303681 AND x[2] <= 5.7760432816703045 AND x[0] > 0.31883291355452337 AND x[1] > -0.21831032766726416 AND x[2] > 4.6974362201103714 AND x[0] > 0.6065325258201556,6,1,exkmc_0.0.3
compact,20260805,2,8,6,6,1,0,1,purchase_occasion_count,5.0,5.0,3.502290553430368,log1p_then_standardize,<=,x[1] <= 3.5022905534303681 AND x[2] > 5.7760432816703045,2,2,exkmc_0.0.3
compact,20260805,2,8,6,6,1,1,2,purchase_event_count,22.0,22.0,5.7760432816703045,log1p_then_standardize,>,x[1] <= 3.5022905534303681 AND x[2] > 5.7760432816703045,2,2,exkmc_0.0.3
compact,20260805,2,8,7,7,1,0,1,purchase_occasion_count,5.0,5.0,3.502290553430368,log1p_then_standardize,>,x[1] > 3.5022905534303681,1,102,exkmc_0.0.3
rich,20260801,4,4,0,0,1,0,10,distinct_top_categories,6.661338147750961e-15,6.661338147750961e-15,-1.8785711677925958,log1p_then_standardize,<=,x[10] <= -1.8785711677925958,1,958,exkmc_0.0.3
rich,20260801,4,4,1,1,2,0,10,distinct_top_categories,6.661338147750961e-15,6.661338147750961e-15,-1.8785711677925958,log1p_then_standardize,>,x[10] > -1.8785711677925958 AND x[1] <= 2.808992777586071 AND x[7] <= 0.00085621389559896184,3,5403,exkmc_0.0.3
rich,20260801,4,4,1,1,2,1,1,purchase_occasion_count,3.9999999999999982,3.9999999999999982,2.808992777586071,log1p_then_standardize,<=,x[10] > -1.8785711677925958 AND x[1] <= 2.808992777586071 AND x[7] <= 0.00085621389559896184,3,5403,exkmc_0.0.3
rich,20260801,4,4,1,1,2,2,7,activity_span_days,1.8230367824074072,1.8230367824074072,0.0008562138955989618,log1p_then_standardize,<=,x[10] > -1.8785711677925958 AND x[1] <= 2.808992777586071 AND x[7] <= 0.00085621389559896184,3,5403,exkmc_0.0.3
rich,20260801,4,4,2,2,0,0,10,distinct_top_categories,6.661338147750961e-15,6.661338147750961e-15,-1.8785711677925958,log1p_then_standardize,>,x[10] > -1.8785711677925958 AND x[1] <= 2.808992777586071 AND x[7] > 0.00085621389559896184,3,2905,exkmc_0.0.3
rich,20260801,4,4,2,2,0,1,1,purchase_occasion_count,3.9999999999999982,3.9999999999999982,2.808992777586071,log1p_then_standardize,<=,x[10] > -1.8785711677925958 AND x[1] <= 2.808992777586071 AND x[7] > 0.00085621389559896184,3,2905,exkmc_0.0.3
rich,20260801,4,4,2,2,0,2,7,activity_span_days,1.8230367824074072,1.8230367824074072,0.0008562138955989618,log1p_then_standardize,>,x[10] > -1.8785711677925958 AND x[1] <= 2.808992777586071 AND x[7] > 0.00085621389559896184,3,2905,exkmc_0.0.3
rich,20260801,4,4,3,3,3,0,10,distinct_top_categories,6.661338147750961e-15,6.661338147750961e-15,-1.8785711677925958,log1p_then_standardize,>,x[10] > -1.8785711677925958 AND x[1] > 2.808992777586071,2,109,exkmc_0.0.3
rich,20260801,4,4,3,3,3,1,1,purchase_occasion_count,3.9999999999999982,3.9999999999999982,2.808992777586071,log1p_then_standardize,>,x[10] > -1.8785711677925958 AND x[1] > 2.808992777586071,2,109,exkmc_0.0.3
rich,20260801,4,5,0,0,1,0,10,distinct_top_categories,6.661338147750961e-15,6.661338147750961e-15,-1.8785711677925958,log1p_then_standardize,<=,x[10] <= -1.8785711677925958,1,958,exkmc_0.0.3
rich,20260801,4,5,1,1,2,0,10,distinct_top_categories,6.661338147750961e-15,6.661338147750961e-15,-1.8785711677925958,log1p_then_standardize,>,x[10] > -1.8785711677925958 AND x[1] <= 2.808992777586071 AND x[7] <= 0.00085621389559896184,3,5403,exkmc_0.0.3
rich,20260801,4,5,1,1,2,1,1,purchase_occasion_count,3.9999999999999982,3.9999999999999982,2.808992777586071,log1p_then_standardize,<=,x[10] > -1.8785711677925958 AND x[1] <= 2.808992777586071 AND x[7] <= 0.00085621389559896184,3,5403,exkmc_0.0.3
rich,20260801,4,5,1,1,2,2,7,activity_span_days,1.8230367824074072,1.8230367824074072,0.0008562138955989618,log1p_then_standardize,<=,x[10] > -1.8785711677925958 AND x[1] <= 2.808992777586071 AND x[7] <= 0.00085621389559896184,3,5403,exkmc_0.0.3
rich,20260801,4,5,2,2,0,0,10,distinct_top_categories,6.661338147750961e-15,6.661338147750961e-15,-1.8785711677925958,log1p_then_standardize,>,x[10] > -1.8785711677925958 AND x[1] <= 2.808992777586071 AND x[7] > 0.00085621389559896184 AND x[10] <= 3.8779700573821931,4,2890,exkmc_0.0.3
rich,20260801,4,5,2,2,0,1,1,purchase_occasion_count,3.9999999999999982,3.9999999999999982,2.808992777586071,log1p_then_standardize,<=,x[10] > -1.8785711677925958 AND x[1] <= 2.808992777586071 AND x[7] > 0.00085621389559896184 AND x[10] <= 3.8779700573821931,4,2890,exkmc_0.0.3
rich,20260801,4,5,2,2,0,2,7,activity_span_days,1.8230367824074072,1.8230367824074072,0.0008562138955989618,log1p_then_standardize,>,x[10] > -1.8785711677925958 AND x[1] <= 2.808992777586071 AND x[7] > 0.00085621389559896184 AND x[10] <= 3.8779700573821931,4,2890,exkmc_0.0.3
rich,20260801,4,5,2,2,0,3,10,distinct_top_categories,9.000000000000002,9.000000000000002,3.877970057382193,log1p_then_standardize,<=,x[10] > -1.8785711677925958 AND x[1] <= 2.808992777586071 AND x[7] > 0.00085621389559896184 AND x[10] <= 3.8779700573821931,4,2890,exkmc_0.0.3
rich,20260801,4,5,3,3,3,0,10,distinct_top_categories,6.661338147750961e-15,6.661338147750961e-15,-1.8785711677925958,log1p_then_standardize,>,x[10] > -1.8785711677925958 AND x[1] <= 2.808992777586071 AND x[7] > 0.00085621389559896184 AND x[10] > 3.8779700573821931,4,15,exkmc_0.0.3
rich,20260801,4,5,3,3,3,1,1,purchase_occasion_count,3.9999999999999982,3.9999999999999982,2.808992777586071,log1p_then_standardize,<=,x[10] > -1.8785711677925958 AND x[1] <= 2.808992777586071 AND x[7] > 0.00085621389559896184 AND x[10] > 3.8779700573821931,4,15,exkmc_0.0.3
rich,20260801,4,5,3,3,3,2,7,activity_span_days,1.8230367824074072,1.8230367824074072,0.0008562138955989618,log1p_then_standardize,>,x[10] > -1.8785711677925958 AND x[1] <= 2.808992777586071 AND x[7] > 0.00085621389559896184 AND x[10] > 3.8779700573821931,4,15,exkmc_0.0.3
rich,20260801,4,5,3,3,3,3,10,distinct_top_categories,9.000000000000002,9.000000000000002,3.877970057382193,log1p_then_standardize,>,x[10] > -1.8785711677925958 AND x[1] <= 2.808992777586071 AND x[7] > 0.00085621389559896184 AND x[10] > 3.8779700573821931,4,15,exkmc_0.0.3
rich,20260801,4,5,4,4,3,0,10,distinct_top_categories,6.661338147750961e-15,6.661338147750961e-15,-1.8785711677925958,log1p_then_standardize,>,x[10] > -1.8785711677925958 AND x[1] > 2.808992777586071,2,109,exkmc_0.0.3
rich,20260801,4,5,4,4,3,1,1,purchase_occasion_count,3.9999999999999982,3.9999999999999982,2.808992777586071,log1p_then_standardize,>,x[10] > -1.8785711677925958 AND x[1] > 2.808992777586071,2,109,exkmc_0.0.3
rich,20260801,4,6,0,0,1,0,10,distinct_top_categories,6.661338147750961e-15,6.661338147750961e-15,-1.8785711677925958,log1p_then_standardize,<=,x[10] <= -1.8785711677925958,1,958,exkmc_0.0.3
rich,20260801,4,6,1,1,2,0,10,distinct_top_categories,6.661338147750961e-15,6.661338147750961e-15,-1.8785711677925958,log1p_then_standardize,>,x[10] > -1.8785711677925958 AND x[1] <= 2.808992777586071 AND x[7] <= 0.00085621389559896184 AND x[9] <= 0.72571970717618783,4,5336,exkmc_0.0.3
rich,20260801,4,6,1,1,2,1,1,purchase_occasion_count,3.9999999999999982,3.9999999999999982,2.808992777586071,log1p_then_standardize,<=,x[10] > -1.8785711677925958 AND x[1] <= 2.808992777586071 AND x[7] <= 0.00085621389559896184 AND x[9] <= 0.72571970717618783,4,5336,exkmc_0.0.3
rich,20260801,4,6,1,1,2,2,7,activity_span_days,1.8230367824074072,1.8230367824074072,0.0008562138955989618,log1p_then_standardize,<=,x[10] > -1.8785711677925958 AND x[1] <= 2.808992777586071 AND x[7] <= 0.00085621389559896184 AND x[9] <= 0.72571970717618783,4,5336,exkmc_0.0.3
rich,20260801,4,6,1,1,2,3,9,session_count_30m,3.9999999999999996,3.9999999999999996,0.7257197071761878,log1p_then_standardize,<=,x[10] > -1.8785711677925958 AND x[1] <= 2.808992777586071 AND x[7] <= 0.00085621389559896184 AND x[9] <= 0.72571970717618783,4,5336,exkmc_0.0.3
rich,20260801,4,6,2,2,0,0,10,distinct_top_categories,6.661338147750961e-15,6.661338147750961e-15,-1.8785711677925958,log1p_then_standardize,>,x[10] > -1.8785711677925958 AND x[1] <= 2.808992777586071 AND x[7] <= 0.00085621389559896184 AND x[9] > 0.72571970717618783,4,67,exkmc_0.0.3
rich,20260801,4,6,2,2,0,1,1,purchase_occasion_count,3.9999999999999982,3.9999999999999982,2.808992777586071,log1p_then_standardize,<=,x[10] > -1.8785711677925958 AND x[1] <= 2.808992777586071 AND x[7] <= 0.00085621389559896184 AND x[9] > 0.72571970717618783,4,67,exkmc_0.0.3
rich,20260801,4,6,2,2,0,2,7,activity_span_days,1.8230367824074072,1.8230367824074072,0.0008562138955989618,log1p_then_standardize,<=,x[10] > -1.8785711677925958 AND x[1] <= 2.808992777586071 AND x[7] <= 0.00085621389559896184 AND x[9] > 0.72571970717618783,4,67,exkmc_0.0.3
rich,20260801,4,6,2,2,0,3,9,session_count_30m,3.9999999999999996,3.9999999999999996,0.7257197071761878,log1p_then_standardize,>,x[10] > -1.8785711677925958 AND x[1] <= 2.808992777586071 AND x[7] <= 0.00085621389559896184 AND x[9] > 0.72571970717618783,4,67,exkmc_0.0.3
rich,20260801,4,6,3,3,0,0,10,distinct_top_categories,6.661338147750961e-15,6.661338147750961e-15,-1.8785711677925958,log1p_then_standardize,>,x[10] > -1.8785711677925958 AND x[1] <= 2.808992777586071 AND x[7] > 0.00085621389559896184 AND x[10] <= 3.8779700573821931,4,2890,exkmc_0.0.3
rich,20260801,4,6,3,3,0,1,1,purchase_occasion_count,3.9999999999999982,3.9999999999999982,2.808992777586071,log1p_then_standardize,<=,x[10] > -1.8785711677925958 AND x[1] <= 2.808992777586071 AND x[7] > 0.00085621389559896184 AND x[10] <= 3.8779700573821931,4,2890,exkmc_0.0.3
rich,20260801,4,6,3,3,0,2,7,activity_span_days,1.8230367824074072,1.8230367824074072,0.0008562138955989618,log1p_then_standardize,>,x[10] > -1.8785711677925958 AND x[1] <= 2.808992777586071 AND x[7] > 0.00085621389559896184 AND x[10] <= 3.8779700573821931,4,2890,exkmc_0.0.3
rich,20260801,4,6,3,3,0,3,10,distinct_top_categories,9.000000000000002,9.000000000000002,3.877970057382193,log1p_then_standardize,<=,x[10] > -1.8785711677925958 AND x[1] <= 2.808992777586071 AND x[7] > 0.00085621389559896184 AND x[10] <= 3.8779700573821931,4,2890,exkmc_0.0.3
rich,20260801,4,6,4,4,3,0,10,distinct_top_categories,6.661338147750961e-15,6.661338147750961e-15,-1.8785711677925958,log1p_then_standardize,>,x[10] > -1.8785711677925958 AND x[1] <= 2.808992777586071 AND x[7] > 0.00085621389559896184 AND x[10] > 3.8779700573821931,4,15,exkmc_0.0.3
rich,20260801,4,6,4,4,3,1,1,purchase_occasion_count,3.9999999999999982,3.9999999999999982,2.808992777586071,log1p_then_standardize,<=,x[10] > -1.8785711677925958 AND x[1] <= 2.808992777586071 AND x[7] > 0.00085621389559896184 AND x[10] > 3.8779700573821931,4,15,exkmc_0.0.3
rich,20260801,4,6,4,4,3,2,7,activity_span_days,1.8230367824074072,1.8230367824074072,0.0008562138955989618,log1p_then_standardize,>,x[10] > -1.8785711677925958 AND x[1] <= 2.808992777586071 AND x[7] > 0.00085621389559896184 AND x[10] > 3.8779700573821931,4,15,exkmc_0.0.3
rich,20260801,4,6,4,4,3,3,10,distinct_top_categories,9.000000000000002,9.000000000000002,3.877970057382193,log1p_then_standardize,>,x[10] > -1.8785711677925958 AND x[1] <= 2.808992777586071 AND x[7] > 0.00085621389559896184 AND x[10] > 3.8779700573821931,4,15,exkmc_0.0.3
rich,20260801,4,6,5,5,3,0,10,distinct_top_categories,6.661338147750961e-15,6.661338147750961e-15,-1.8785711677925958,log1p_then_standardize,>,x[10] > -1.8785711677925958 AND x[1] > 2.808992777586071,2,109,exkmc_0.0.3
rich,20260801,4,6,5,5,3,1,1,purchase_occasion_count,3.9999999999999982,3.9999999999999982,2.808992777586071,log1p_then_standardize,>,x[10] > -1.8785711677925958 AND x[1] > 2.808992777586071,2,109,exkmc_0.0.3
rich,20260801,4,7,0,0,1,0,10,distinct_top_categories,6.661338147750961e-15,6.661338147750961e-15,-1.8785711677925958,log1p_then_standardize,<=,x[10] <= -1.8785711677925958,1,958,exkmc_0.0.3
rich,20260801,4,7,1,1,2,0,10,distinct_top_categories,6.661338147750961e-15,6.661338147750961e-15,-1.8785711677925958,log1p_then_standardize,>,x[10] > -1.8785711677925958 AND x[1] <= 2.808992777586071 AND x[7] <= 0.00085621389559896184 AND x[9] <= 0.72571970717618783,4,5336,exkmc_0.0.3
rich,20260801,4,7,1,1,2,1,1,purchase_occasion_count,3.9999999999999982,3.9999999999999982,2.808992777586071,log1p_then_standardize,<=,x[10] > -1.8785711677925958 AND x[1] <= 2.808992777586071 AND x[7] <= 0.00085621389559896184 AND x[9] <= 0.72571970717618783,4,5336,exkmc_0.0.3
rich,20260801,4,7,1,1,2,2,7,activity_span_days,1.8230367824074072,1.8230367824074072,0.0008562138955989618,log1p_then_standardize,<=,x[10] > -1.8785711677925958 AND x[1] <= 2.808992777586071 AND x[7] <= 0.00085621389559896184 AND x[9] <= 0.72571970717618783,4,5336,exkmc_0.0.3
rich,20260801,4,7,1,1,2,3,9,session_count_30m,3.9999999999999996,3.9999999999999996,0.7257197071761878,log1p_then_standardize,<=,x[10] > -1.8785711677925958 AND x[1] <= 2.808992777586071 AND x[7] <= 0.00085621389559896184 AND x[9] <= 0.72571970717618783,4,5336,exkmc_0.0.3
rich,20260801,4,7,2,2,0,0,10,distinct_top_categories,6.661338147750961e-15,6.661338147750961e-15,-1.8785711677925958,log1p_then_standardize,>,x[10] > -1.8785711677925958 AND x[1] <= 2.808992777586071 AND x[7] <= 0.00085621389559896184 AND x[9] > 0.72571970717618783,4,67,exkmc_0.0.3
rich,20260801,4,7,2,2,0,1,1,purchase_occasion_count,3.9999999999999982,3.9999999999999982,2.808992777586071,log1p_then_standardize,<=,x[10] > -1.8785711677925958 AND x[1] <= 2.808992777586071 AND x[7] <= 0.00085621389559896184 AND x[9] > 0.72571970717618783,4,67,exkmc_0.0.3
rich,20260801,4,7,2,2,0,2,7,activity_span_days,1.8230367824074072,1.8230367824074072,0.0008562138955989618,log1p_then_standardize,<=,x[10] > -1.8785711677925958 AND x[1] <= 2.808992777586071 AND x[7] <= 0.00085621389559896184 AND x[9] > 0.72571970717618783,4,67,exkmc_0.0.3
rich,20260801,4,7,2,2,0,3,9,session_count_30m,3.9999999999999996,3.9999999999999996,0.7257197071761878,log1p_then_standardize,>,x[10] > -1.8785711677925958 AND x[1] <= 2.808992777586071 AND x[7] <= 0.00085621389559896184 AND x[9] > 0.72571970717618783,4,67,exkmc_0.0.3
rich,20260801,4,7,3,3,0,0,10,distinct_top_categories,6.661338147750961e-15,6.661338147750961e-15,-1.8785711677925958,log1p_then_standardize,>,x[10] > -1.8785711677925958 AND x[1] <= 2.808992777586071 AND x[7] > 0.00085621389559896184 AND x[10] <= 3.8779700573821931,4,2890,exkmc_0.0.3
rich,20260801,4,7,3,3,0,1,1,purchase_occasion_count,3.9999999999999982,3.9999999999999982,2.808992777586071,log1p_then_standardize,<=,x[10] > -1.8785711677925958 AND x[1] <= 2.808992777586071 AND x[7] > 0.00085621389559896184 AND x[10] <= 3.8779700573821931,4,2890,exkmc_0.0.3
rich,20260801,4,7,3,3,0,2,7,activity_span_days,1.8230367824074072,1.8230367824074072,0.0008562138955989618,log1p_then_standardize,>,x[10] > -1.8785711677925958 AND x[1] <= 2.808992777586071 AND x[7] > 0.00085621389559896184 AND x[10] <= 3.8779700573821931,4,2890,exkmc_0.0.3
rich,20260801,4,7,3,3,0,3,10,distinct_top_categories,9.000000000000002,9.000000000000002,3.877970057382193,log1p_then_standardize,<=,x[10] > -1.8785711677925958 AND x[1] <= 2.808992777586071 AND x[7] > 0.00085621389559896184 AND x[10] <= 3.8779700573821931,4,2890,exkmc_0.0.3
rich,20260801,4,7,4,4,3,0,10,distinct_top_categories,6.661338147750961e-15,6.661338147750961e-15,-1.8785711677925958,log1p_then_standardize,>,x[10] > -1.8785711677925958 AND x[1] <= 2.808992777586071 AND x[7] > 0.00085621389559896184 AND x[10] > 3.8779700573821931,4,15,exkmc_0.0.3
rich,20260801,4,7,4,4,3,1,1,purchase_occasion_count,3.9999999999999982,3.9999999999999982,2.808992777586071,log1p_then_standardize,<=,x[10] > -1.8785711677925958 AND x[1] <= 2.808992777586071 AND x[7] > 0.00085621389559896184 AND x[10] > 3.8779700573821931,4,15,exkmc_0.0.3
rich,20260801,4,7,4,4,3,2,7,activity_span_days,1.8230367824074072,1.8230367824074072,0.0008562138955989618,log1p_then_standardize,>,x[10] > -1.8785711677925958 AND x[1] <= 2.808992777586071 AND x[7] > 0.00085621389559896184 AND x[10] > 3.8779700573821931,4,15,exkmc_0.0.3
rich,20260801,4,7,4,4,3,3,10,distinct_top_categories,9.000000000000002,9.000000000000002,3.877970057382193,log1p_then_standardize,>,x[10] > -1.8785711677925958 AND x[1] <= 2.808992777586071 AND x[7] > 0.00085621389559896184 AND x[10] > 3.8779700573821931,4,15,exkmc_0.0.3
rich,20260801,4,7,5,5,2,0,10,distinct_top_categories,6.661338147750961e-15,6.661338147750961e-15,-1.8785711677925958,log1p_then_standardize,>,x[10] > -1.8785711677925958 AND x[1] > 2.808992777586071 AND x[3] <= 1.3976264947531207,3,3,exkmc_0.0.3
rich,20260801,4,7,5,5,2,1,1,purchase_occasion_count,3.9999999999999982,3.9999999999999982,2.808992777586071,log1p_then_standardize,>,x[10] > -1.8785711677925958 AND x[1] > 2.808992777586071 AND x[3] <= 1.3976264947531207,3,3,exkmc_0.0.3
rich,20260801,4,7,5,5,2,2,3,total_events,29.000000000000004,29.000000000000004,1.3976264947531207,log1p_then_standardize,<=,x[10] > -1.8785711677925958 AND x[1] > 2.808992777586071 AND x[3] <= 1.3976264947531207,3,3,exkmc_0.0.3
rich,20260801,4,7,6,6,3,0,10,distinct_top_categories,6.661338147750961e-15,6.661338147750961e-15,-1.8785711677925958,log1p_then_standardize,>,x[10] > -1.8785711677925958 AND x[1] > 2.808992777586071 AND x[3] > 1.3976264947531207,3,106,exkmc_0.0.3
rich,20260801,4,7,6,6,3,1,1,purchase_occasion_count,3.9999999999999982,3.9999999999999982,2.808992777586071,log1p_then_standardize,>,x[10] > -1.8785711677925958 AND x[1] > 2.808992777586071 AND x[3] > 1.3976264947531207,3,106,exkmc_0.0.3
rich,20260801,4,7,6,6,3,2,3,total_events,29.000000000000004,29.000000000000004,1.3976264947531207,log1p_then_standardize,>,x[10] > -1.8785711677925958 AND x[1] > 2.808992777586071 AND x[3] > 1.3976264947531207,3,106,exkmc_0.0.3
rich,20260801,4,8,0,0,1,0,10,distinct_top_categories,6.661338147750961e-15,6.661338147750961e-15,-1.8785711677925958,log1p_then_standardize,<=,x[10] <= -1.8785711677925958,1,958,exkmc_0.0.3
rich,20260801,4,8,1,1,2,0,10,distinct_top_categories,6.661338147750961e-15,6.661338147750961e-15,-1.8785711677925958,log1p_then_standardize,>,x[10] > -1.8785711677925958 AND x[1] <= 2.808992777586071 AND x[7] <= 0.00085621389559896184 AND x[9] <= 0.72571970717618783,4,5336,exkmc_0.0.3
rich,20260801,4,8,1,1,2,1,1,purchase_occasion_count,3.9999999999999982,3.9999999999999982,2.808992777586071,log1p_then_standardize,<=,x[10] > -1.8785711677925958 AND x[1] <= 2.808992777586071 AND x[7] <= 0.00085621389559896184 AND x[9] <= 0.72571970717618783,4,5336,exkmc_0.0.3
rich,20260801,4,8,1,1,2,2,7,activity_span_days,1.8230367824074072,1.8230367824074072,0.0008562138955989618,log1p_then_standardize,<=,x[10] > -1.8785711677925958 AND x[1] <= 2.808992777586071 AND x[7] <= 0.00085621389559896184 AND x[9] <= 0.72571970717618783,4,5336,exkmc_0.0.3
rich,20260801,4,8,1,1,2,3,9,session_count_30m,3.9999999999999996,3.9999999999999996,0.7257197071761878,log1p_then_standardize,<=,x[10] > -1.8785711677925958 AND x[1] <= 2.808992777586071 AND x[7] <= 0.00085621389559896184 AND x[9] <= 0.72571970717618783,4,5336,exkmc_0.0.3
rich,20260801,4,8,2,2,0,0,10,distinct_top_categories,6.661338147750961e-15,6.661338147750961e-15,-1.8785711677925958,log1p_then_standardize,>,x[10] > -1.8785711677925958 AND x[1] <= 2.808992777586071 AND x[7] <= 0.00085621389559896184 AND x[9] > 0.72571970717618783,4,67,exkmc_0.0.3
rich,20260801,4,8,2,2,0,1,1,purchase_occasion_count,3.9999999999999982,3.9999999999999982,2.808992777586071,log1p_then_standardize,<=,x[10] > -1.8785711677925958 AND x[1] <= 2.808992777586071 AND x[7] <= 0.00085621389559896184 AND x[9] > 0.72571970717618783,4,67,exkmc_0.0.3
rich,20260801,4,8,2,2,0,2,7,activity_span_days,1.8230367824074072,1.8230367824074072,0.0008562138955989618,log1p_then_standardize,<=,x[10] > -1.8785711677925958 AND x[1] <= 2.808992777586071 AND x[7] <= 0.00085621389559896184 AND x[9] > 0.72571970717618783,4,67,exkmc_0.0.3
rich,20260801,4,8,2,2,0,3,9,session_count_30m,3.9999999999999996,3.9999999999999996,0.7257197071761878,log1p_then_standardize,>,x[10] > -1.8785711677925958 AND x[1] <= 2.808992777586071 AND x[7] <= 0.00085621389559896184 AND x[9] > 0.72571970717618783,4,67,exkmc_0.0.3
rich,20260801,4,8,3,3,0,0,10,distinct_top_categories,6.661338147750961e-15,6.661338147750961e-15,-1.8785711677925958,log1p_then_standardize,>,x[10] > -1.8785711677925958 AND x[1] <= 2.808992777586071 AND x[7] > 0.00085621389559896184 AND x[10] <= 3.8779700573821931 AND x[2] <= 4.8498692713837546,5,2884,exkmc_0.0.3
rich,20260801,4,8,3,3,0,1,1,purchase_occasion_count,3.9999999999999982,3.9999999999999982,2.808992777586071,log1p_then_standardize,<=,x[10] > -1.8785711677925958 AND x[1] <= 2.808992777586071 AND x[7] > 0.00085621389559896184 AND x[10] <= 3.8779700573821931 AND x[2] <= 4.8498692713837546,5,2884,exkmc_0.0.3
rich,20260801,4,8,3,3,0,2,7,activity_span_days,1.8230367824074072,1.8230367824074072,0.0008562138955989618,log1p_then_standardize,>,x[10] > -1.8785711677925958 AND x[1] <= 2.808992777586071 AND x[7] > 0.00085621389559896184 AND x[10] <= 3.8779700573821931 AND x[2] <= 4.8498692713837546,5,2884,exkmc_0.0.3
rich,20260801,4,8,3,3,0,3,10,distinct_top_categories,9.000000000000002,9.000000000000002,3.877970057382193,log1p_then_standardize,<=,x[10] > -1.8785711677925958 AND x[1] <= 2.808992777586071 AND x[7] > 0.00085621389559896184 AND x[10] <= 3.8779700573821931 AND x[2] <= 4.8498692713837546,5,2884,exkmc_0.0.3
rich,20260801,4,8,3,3,0,4,2,purchase_event_count,16.0,16.0,4.849869271383755,log1p_then_standardize,<=,x[10] > -1.8785711677925958 AND x[1] <= 2.808992777586071 AND x[7] > 0.00085621389559896184 AND x[10] <= 3.8779700573821931 AND x[2] <= 4.8498692713837546,5,2884,exkmc_0.0.3
rich,20260801,4,8,4,4,3,0,10,distinct_top_categories,6.661338147750961e-15,6.661338147750961e-15,-1.8785711677925958,log1p_then_standardize,>,x[10] > -1.8785711677925958 AND x[1] <= 2.808992777586071 AND x[7] > 0.00085621389559896184 AND x[10] <= 3.8779700573821931 AND x[2] > 4.8498692713837546,5,6,exkmc_0.0.3
rich,20260801,4,8,4,4,3,1,1,purchase_occasion_count,3.9999999999999982,3.9999999999999982,2.808992777586071,log1p_then_standardize,<=,x[10] > -1.8785711677925958 AND x[1] <= 2.808992777586071 AND x[7] > 0.00085621389559896184 AND x[10] <= 3.8779700573821931 AND x[2] > 4.8498692713837546,5,6,exkmc_0.0.3
rich,20260801,4,8,4,4,3,2,7,activity_span_days,1.8230367824074072,1.8230367824074072,0.0008562138955989618,log1p_then_standardize,>,x[10] > -1.8785711677925958 AND x[1] <= 2.808992777586071 AND x[7] > 0.00085621389559896184 AND x[10] <= 3.8779700573821931 AND x[2] > 4.8498692713837546,5,6,exkmc_0.0.3
rich,20260801,4,8,4,4,3,3,10,distinct_top_categories,9.000000000000002,9.000000000000002,3.877970057382193,log1p_then_standardize,<=,x[10] > -1.8785711677925958 AND x[1] <= 2.808992777586071 AND x[7] > 0.00085621389559896184 AND x[10] <= 3.8779700573821931 AND x[2] > 4.8498692713837546,5,6,exkmc_0.0.3
rich,20260801,4,8,4,4,3,4,2,purchase_event_count,16.0,16.0,4.849869271383755,log1p_then_standardize,>,x[10] > -1.8785711677925958 AND x[1] <= 2.808992777586071 AND x[7] > 0.00085621389559896184 AND x[10] <= 3.8779700573821931 AND x[2] > 4.8498692713837546,5,6,exkmc_0.0.3
rich,20260801,4,8,5,5,3,0,10,distinct_top_categories,6.661338147750961e-15,6.661338147750961e-15,-1.8785711677925958,log1p_then_standardize,>,x[10] > -1.8785711677925958 AND x[1] <= 2.808992777586071 AND x[7] > 0.00085621389559896184 AND x[10] > 3.8779700573821931,4,15,exkmc_0.0.3
rich,20260801,4,8,5,5,3,1,1,purchase_occasion_count,3.9999999999999982,3.9999999999999982,2.808992777586071,log1p_then_standardize,<=,x[10] > -1.8785711677925958 AND x[1] <= 2.808992777586071 AND x[7] > 0.00085621389559896184 AND x[10] > 3.8779700573821931,4,15,exkmc_0.0.3
rich,20260801,4,8,5,5,3,2,7,activity_span_days,1.8230367824074072,1.8230367824074072,0.0008562138955989618,log1p_then_standardize,>,x[10] > -1.8785711677925958 AND x[1] <= 2.808992777586071 AND x[7] > 0.00085621389559896184 AND x[10] > 3.8779700573821931,4,15,exkmc_0.0.3
rich,20260801,4,8,5,5,3,3,10,distinct_top_categories,9.000000000000002,9.000000000000002,3.877970057382193,log1p_then_standardize,>,x[10] > -1.8785711677925958 AND x[1] <= 2.808992777586071 AND x[7] > 0.00085621389559896184 AND x[10] > 3.8779700573821931,4,15,exkmc_0.0.3
rich,20260801,4,8,6,6,2,0,10,distinct_top_categories,6.661338147750961e-15,6.661338147750961e-15,-1.8785711677925958,log1p_then_standardize,>,x[10] > -1.8785711677925958 AND x[1] > 2.808992777586071 AND x[3] <= 1.3976264947531207,3,3,exkmc_0.0.3
rich,20260801,4,8,6,6,2,1,1,purchase_occasion_count,3.9999999999999982,3.9999999999999982,2.808992777586071,log1p_then_standardize,>,x[10] > -1.8785711677925958 AND x[1] > 2.808992777586071 AND x[3] <= 1.3976264947531207,3,3,exkmc_0.0.3
rich,20260801,4,8,6,6,2,2,3,total_events,29.000000000000004,29.000000000000004,1.3976264947531207,log1p_then_standardize,<=,x[10] > -1.8785711677925958 AND x[1] > 2.808992777586071 AND x[3] <= 1.3976264947531207,3,3,exkmc_0.0.3
rich,20260801,4,8,7,7,3,0,10,distinct_top_categories,6.661338147750961e-15,6.661338147750961e-15,-1.8785711677925958,log1p_then_standardize,>,x[10] > -1.8785711677925958 AND x[1] > 2.808992777586071 AND x[3] > 1.3976264947531207,3,106,exkmc_0.0.3
rich,20260801,4,8,7,7,3,1,1,purchase_occasion_count,3.9999999999999982,3.9999999999999982,2.808992777586071,log1p_then_standardize,>,x[10] > -1.8785711677925958 AND x[1] > 2.808992777586071 AND x[3] > 1.3976264947531207,3,106,exkmc_0.0.3
rich,20260801,4,8,7,7,3,2,3,total_events,29.000000000000004,29.000000000000004,1.3976264947531207,log1p_then_standardize,>,x[10] > -1.8785711677925958 AND x[1] > 2.808992777586071 AND x[3] > 1.3976264947531207,3,106,exkmc_0.0.3
rich,20260801,4,9,0,0,1,0,10,distinct_top_categories,6.661338147750961e-15,6.661338147750961e-15,-1.8785711677925958,log1p_then_standardize,<=,x[10] <= -1.8785711677925958,1,958,exkmc_0.0.3
rich,20260801,4,9,1,1,2,0,10,distinct_top_categories,6.661338147750961e-15,6.661338147750961e-15,-1.8785711677925958,log1p_then_standardize,>,x[10] > -1.8785711677925958 AND x[1] <= 2.808992777586071 AND x[7] <= 0.00085621389559896184 AND x[9] <= 0.72571970717618783,4,5336,exkmc_0.0.3
rich,20260801,4,9,1,1,2,1,1,purchase_occasion_count,3.9999999999999982,3.9999999999999982,2.808992777586071,log1p_then_standardize,<=,x[10] > -1.8785711677925958 AND x[1] <= 2.808992777586071 AND x[7] <= 0.00085621389559896184 AND x[9] <= 0.72571970717618783,4,5336,exkmc_0.0.3
rich,20260801,4,9,1,1,2,2,7,activity_span_days,1.8230367824074072,1.8230367824074072,0.0008562138955989618,log1p_then_standardize,<=,x[10] > -1.8785711677925958 AND x[1] <= 2.808992777586071 AND x[7] <= 0.00085621389559896184 AND x[9] <= 0.72571970717618783,4,5336,exkmc_0.0.3
rich,20260801,4,9,1,1,2,3,9,session_count_30m,3.9999999999999996,3.9999999999999996,0.7257197071761878,log1p_then_standardize,<=,x[10] > -1.8785711677925958 AND x[1] <= 2.808992777586071 AND x[7] <= 0.00085621389559896184 AND x[9] <= 0.72571970717618783,4,5336,exkmc_0.0.3
rich,20260801,4,9,2,2,0,0,10,distinct_top_categories,6.661338147750961e-15,6.661338147750961e-15,-1.8785711677925958,log1p_then_standardize,>,x[10] > -1.8785711677925958 AND x[1] <= 2.808992777586071 AND x[7] <= 0.00085621389559896184 AND x[9] > 0.72571970717618783,4,67,exkmc_0.0.3
rich,20260801,4,9,2,2,0,1,1,purchase_occasion_count,3.9999999999999982,3.9999999999999982,2.808992777586071,log1p_then_standardize,<=,x[10] > -1.8785711677925958 AND x[1] <= 2.808992777586071 AND x[7] <= 0.00085621389559896184 AND x[9] > 0.72571970717618783,4,67,exkmc_0.0.3
rich,20260801,4,9,2,2,0,2,7,activity_span_days,1.8230367824074072,1.8230367824074072,0.0008562138955989618,log1p_then_standardize,<=,x[10] > -1.8785711677925958 AND x[1] <= 2.808992777586071 AND x[7] <= 0.00085621389559896184 AND x[9] > 0.72571970717618783,4,67,exkmc_0.0.3
rich,20260801,4,9,2,2,0,3,9,session_count_30m,3.9999999999999996,3.9999999999999996,0.7257197071761878,log1p_then_standardize,>,x[10] > -1.8785711677925958 AND x[1] <= 2.808992777586071 AND x[7] <= 0.00085621389559896184 AND x[9] > 0.72571970717618783,4,67,exkmc_0.0.3
rich,20260801,4,9,3,3,0,0,10,distinct_top_categories,6.661338147750961e-15,6.661338147750961e-15,-1.8785711677925958,log1p_then_standardize,>,x[10] > -1.8785711677925958 AND x[1] <= 2.808992777586071 AND x[7] > 0.00085621389559896184 AND x[10] <= 3.8779700573821931 AND x[2] <= 4.8498692713837546,5,2884,exkmc_0.0.3
rich,20260801,4,9,3,3,0,1,1,purchase_occasion_count,3.9999999999999982,3.9999999999999982,2.808992777586071,log1p_then_standardize,<=,x[10] > -1.8785711677925958 AND x[1] <= 2.808992777586071 AND x[7] > 0.00085621389559896184 AND x[10] <= 3.8779700573821931 AND x[2] <= 4.8498692713837546,5,2884,exkmc_0.0.3
rich,20260801,4,9,3,3,0,2,7,activity_span_days,1.8230367824074072,1.8230367824074072,0.0008562138955989618,log1p_then_standardize,>,x[10] > -1.8785711677925958 AND x[1] <= 2.808992777586071 AND x[7] > 0.00085621389559896184 AND x[10] <= 3.8779700573821931 AND x[2] <= 4.8498692713837546,5,2884,exkmc_0.0.3
rich,20260801,4,9,3,3,0,3,10,distinct_top_categories,9.000000000000002,9.000000000000002,3.877970057382193,log1p_then_standardize,<=,x[10] > -1.8785711677925958 AND x[1] <= 2.808992777586071 AND x[7] > 0.00085621389559896184 AND x[10] <= 3.8779700573821931 AND x[2] <= 4.8498692713837546,5,2884,exkmc_0.0.3
rich,20260801,4,9,3,3,0,4,2,purchase_event_count,16.0,16.0,4.849869271383755,log1p_then_standardize,<=,x[10] > -1.8785711677925958 AND x[1] <= 2.808992777586071 AND x[7] > 0.00085621389559896184 AND x[10] <= 3.8779700573821931 AND x[2] <= 4.8498692713837546,5,2884,exkmc_0.0.3
rich,20260801,4,9,4,4,3,0,10,distinct_top_categories,6.661338147750961e-15,6.661338147750961e-15,-1.8785711677925958,log1p_then_standardize,>,x[10] > -1.8785711677925958 AND x[1] <= 2.808992777586071 AND x[7] > 0.00085621389559896184 AND x[10] <= 3.8779700573821931 AND x[2] > 4.8498692713837546,5,6,exkmc_0.0.3
rich,20260801,4,9,4,4,3,1,1,purchase_occasion_count,3.9999999999999982,3.9999999999999982,2.808992777586071,log1p_then_standardize,<=,x[10] > -1.8785711677925958 AND x[1] <= 2.808992777586071 AND x[7] > 0.00085621389559896184 AND x[10] <= 3.8779700573821931 AND x[2] > 4.8498692713837546,5,6,exkmc_0.0.3
rich,20260801,4,9,4,4,3,2,7,activity_span_days,1.8230367824074072,1.8230367824074072,0.0008562138955989618,log1p_then_standardize,>,x[10] > -1.8785711677925958 AND x[1] <= 2.808992777586071 AND x[7] > 0.00085621389559896184 AND x[10] <= 3.8779700573821931 AND x[2] > 4.8498692713837546,5,6,exkmc_0.0.3
rich,20260801,4,9,4,4,3,3,10,distinct_top_categories,9.000000000000002,9.000000000000002,3.877970057382193,log1p_then_standardize,<=,x[10] > -1.8785711677925958 AND x[1] <= 2.808992777586071 AND x[7] > 0.00085621389559896184 AND x[10] <= 3.8779700573821931 AND x[2] > 4.8498692713837546,5,6,exkmc_0.0.3
rich,20260801,4,9,4,4,3,4,2,purchase_event_count,16.0,16.0,4.849869271383755,log1p_then_standardize,>,x[10] > -1.8785711677925958 AND x[1] <= 2.808992777586071 AND x[7] > 0.00085621389559896184 AND x[10] <= 3.8779700573821931 AND x[2] > 4.8498692713837546,5,6,exkmc_0.0.3
rich,20260801,4,9,5,5,0,0,10,distinct_top_categories,6.661338147750961e-15,6.661338147750961e-15,-1.8785711677925958,log1p_then_standardize,>,x[10] > -1.8785711677925958 AND x[1] <= 2.808992777586071 AND x[7] > 0.00085621389559896184 AND x[10] > 3.8779700573821931 AND x[1] <= -0.21256171974273758,5,4,exkmc_0.0.3
rich,20260801,4,9,5,5,0,1,1,purchase_occasion_count,3.9999999999999982,3.9999999999999982,2.808992777586071,log1p_then_standardize,<=,x[10] > -1.8785711677925958 AND x[1] <= 2.808992777586071 AND x[7] > 0.00085621389559896184 AND x[10] > 3.8779700573821931 AND x[1] <= -0.21256171974273758,5,4,exkmc_0.0.3
rich,20260801,4,9,5,5,0,2,7,activity_span_days,1.8230367824074072,1.8230367824074072,0.0008562138955989618,log1p_then_standardize,>,x[10] > -1.8785711677925958 AND x[1] <= 2.808992777586071 AND x[7] > 0.00085621389559896184 AND x[10] > 3.8779700573821931 AND x[1] <= -0.21256171974273758,5,4,exkmc_0.0.3
rich,20260801,4,9,5,5,0,3,10,distinct_top_categories,9.000000000000002,9.000000000000002,3.877970057382193,log1p_then_standardize,>,x[10] > -1.8785711677925958 AND x[1] <= 2.808992777586071 AND x[7] > 0.00085621389559896184 AND x[10] > 3.8779700573821931 AND x[1] <= -0.21256171974273758,5,4,exkmc_0.0.3
rich,20260801,4,9,5,5,0,4,1,purchase_occasion_count,1.0,1.0,-0.21256171974273758,log1p_then_standardize,<=,x[10] > -1.8785711677925958 AND x[1] <= 2.808992777586071 AND x[7] > 0.00085621389559896184 AND x[10] > 3.8779700573821931 AND x[1] <= -0.21256171974273758,5,4,exkmc_0.0.3
rich,20260801,4,9,6,6,3,0,10,distinct_top_categories,6.661338147750961e-15,6.661338147750961e-15,-1.8785711677925958,log1p_then_standardize,>,x[10] > -1.8785711677925958 AND x[1] <= 2.808992777586071 AND x[7] > 0.00085621389559896184 AND x[10] > 3.8779700573821931 AND x[1] > -0.21256171974273758,5,11,exkmc_0.0.3
rich,20260801,4,9,6,6,3,1,1,purchase_occasion_count,3.9999999999999982,3.9999999999999982,2.808992777586071,log1p_then_standardize,<=,x[10] > -1.8785711677925958 AND x[1] <= 2.808992777586071 AND x[7] > 0.00085621389559896184 AND x[10] > 3.8779700573821931 AND x[1] > -0.21256171974273758,5,11,exkmc_0.0.3
rich,20260801,4,9,6,6,3,2,7,activity_span_days,1.8230367824074072,1.8230367824074072,0.0008562138955989618,log1p_then_standardize,>,x[10] > -1.8785711677925958 AND x[1] <= 2.808992777586071 AND x[7] > 0.00085621389559896184 AND x[10] > 3.8779700573821931 AND x[1] > -0.21256171974273758,5,11,exkmc_0.0.3
rich,20260801,4,9,6,6,3,3,10,distinct_top_categories,9.000000000000002,9.000000000000002,3.877970057382193,log1p_then_standardize,>,x[10] > -1.8785711677925958 AND x[1] <= 2.808992777586071 AND x[7] > 0.00085621389559896184 AND x[10] > 3.8779700573821931 AND x[1] > -0.21256171974273758,5,11,exkmc_0.0.3
rich,20260801,4,9,6,6,3,4,1,purchase_occasion_count,1.0,1.0,-0.21256171974273758,log1p_then_standardize,>,x[10] > -1.8785711677925958 AND x[1] <= 2.808992777586071 AND x[7] > 0.00085621389559896184 AND x[10] > 3.8779700573821931 AND x[1] > -0.21256171974273758,5,11,exkmc_0.0.3
rich,20260801,4,9,7,7,2,0,10,distinct_top_categories,6.661338147750961e-15,6.661338147750961e-15,-1.8785711677925958,log1p_then_standardize,>,x[10] > -1.8785711677925958 AND x[1] > 2.808992777586071 AND x[3] <= 1.3976264947531207,3,3,exkmc_0.0.3
rich,20260801,4,9,7,7,2,1,1,purchase_occasion_count,3.9999999999999982,3.9999999999999982,2.808992777586071,log1p_then_standardize,>,x[10] > -1.8785711677925958 AND x[1] > 2.808992777586071 AND x[3] <= 1.3976264947531207,3,3,exkmc_0.0.3
rich,20260801,4,9,7,7,2,2,3,total_events,29.000000000000004,29.000000000000004,1.3976264947531207,log1p_then_standardize,<=,x[10] > -1.8785711677925958 AND x[1] > 2.808992777586071 AND x[3] <= 1.3976264947531207,3,3,exkmc_0.0.3
rich,20260801,4,9,8,8,3,0,10,distinct_top_categories,6.661338147750961e-15,6.661338147750961e-15,-1.8785711677925958,log1p_then_standardize,>,x[10] > -1.8785711677925958 AND x[1] > 2.808992777586071 AND x[3] > 1.3976264947531207,3,106,exkmc_0.0.3
rich,20260801,4,9,8,8,3,1,1,purchase_occasion_count,3.9999999999999982,3.9999999999999982,2.808992777586071,log1p_then_standardize,>,x[10] > -1.8785711677925958 AND x[1] > 2.808992777586071 AND x[3] > 1.3976264947531207,3,106,exkmc_0.0.3
rich,20260801,4,9,8,8,3,2,3,total_events,29.000000000000004,29.000000000000004,1.3976264947531207,log1p_then_standardize,>,x[10] > -1.8785711677925958 AND x[1] > 2.808992777586071 AND x[3] > 1.3976264947531207,3,106,exkmc_0.0.3
rich,20260801,4,10,0,0,1,0,10,distinct_top_categories,6.661338147750961e-15,6.661338147750961e-15,-1.8785711677925958,log1p_then_standardize,<=,x[10] <= -1.8785711677925958,1,958,exkmc_0.0.3
rich,20260801,4,10,1,1,2,0,10,distinct_top_categories,6.661338147750961e-15,6.661338147750961e-15,-1.8785711677925958,log1p_then_standardize,>,x[10] > -1.8785711677925958 AND x[1] <= 2.808992777586071 AND x[7] <= 0.00085621389559896184 AND x[9] <= 0.72571970717618783,4,5336,exkmc_0.0.3
rich,20260801,4,10,1,1,2,1,1,purchase_occasion_count,3.9999999999999982,3.9999999999999982,2.808992777586071,log1p_then_standardize,<=,x[10] > -1.8785711677925958 AND x[1] <= 2.808992777586071 AND x[7] <= 0.00085621389559896184 AND x[9] <= 0.72571970717618783,4,5336,exkmc_0.0.3
rich,20260801,4,10,1,1,2,2,7,activity_span_days,1.8230367824074072,1.8230367824074072,0.0008562138955989618,log1p_then_standardize,<=,x[10] > -1.8785711677925958 AND x[1] <= 2.808992777586071 AND x[7] <= 0.00085621389559896184 AND x[9] <= 0.72571970717618783,4,5336,exkmc_0.0.3
rich,20260801,4,10,1,1,2,3,9,session_count_30m,3.9999999999999996,3.9999999999999996,0.7257197071761878,log1p_then_standardize,<=,x[10] > -1.8785711677925958 AND x[1] <= 2.808992777586071 AND x[7] <= 0.00085621389559896184 AND x[9] <= 0.72571970717618783,4,5336,exkmc_0.0.3
rich,20260801,4,10,2,2,0,0,10,distinct_top_categories,6.661338147750961e-15,6.661338147750961e-15,-1.8785711677925958,log1p_then_standardize,>,x[10] > -1.8785711677925958 AND x[1] <= 2.808992777586071 AND x[7] <= 0.00085621389559896184 AND x[9] > 0.72571970717618783,4,67,exkmc_0.0.3
rich,20260801,4,10,2,2,0,1,1,purchase_occasion_count,3.9999999999999982,3.9999999999999982,2.808992777586071,log1p_then_standardize,<=,x[10] > -1.8785711677925958 AND x[1] <= 2.808992777586071 AND x[7] <= 0.00085621389559896184 AND x[9] > 0.72571970717618783,4,67,exkmc_0.0.3
rich,20260801,4,10,2,2,0,2,7,activity_span_days,1.8230367824074072,1.8230367824074072,0.0008562138955989618,log1p_then_standardize,<=,x[10] > -1.8785711677925958 AND x[1] <= 2.808992777586071 AND x[7] <= 0.00085621389559896184 AND x[9] > 0.72571970717618783,4,67,exkmc_0.0.3
rich,20260801,4,10,2,2,0,3,9,session_count_30m,3.9999999999999996,3.9999999999999996,0.7257197071761878,log1p_then_standardize,>,x[10] > -1.8785711677925958 AND x[1] <= 2.808992777586071 AND x[7] <= 0.00085621389559896184 AND x[9] > 0.72571970717618783,4,67,exkmc_0.0.3
rich,20260801,4,10,3,3,0,0,10,distinct_top_categories,6.661338147750961e-15,6.661338147750961e-15,-1.8785711677925958,log1p_then_standardize,>,x[10] > -1.8785711677925958 AND x[1] <= 2.808992777586071 AND x[7] > 0.00085621389559896184 AND x[10] <= 3.8779700573821931 AND x[2] <= 4.8498692713837546 AND x[6] <= 2.4538748022430679,6,2870,exkmc_0.0.3
rich,20260801,4,10,3,3,0,1,1,purchase_occasion_count,3.9999999999999982,3.9999999999999982,2.808992777586071,log1p_then_standardize,<=,x[10] > -1.8785711677925958 AND x[1] <= 2.808992777586071 AND x[7] > 0.00085621389559896184 AND x[10] <= 3.8779700573821931 AND x[2] <= 4.8498692713837546 AND x[6] <= 2.4538748022430679,6,2870,exkmc_0.0.3
rich,20260801,4,10,3,3,0,2,7,activity_span_days,1.8230367824074072,1.8230367824074072,0.0008562138955989618,log1p_then_standardize,>,x[10] > -1.8785711677925958 AND x[1] <= 2.808992777586071 AND x[7] > 0.00085621389559896184 AND x[10] <= 3.8779700573821931 AND x[2] <= 4.8498692713837546 AND x[6] <= 2.4538748022430679,6,2870,exkmc_0.0.3
rich,20260801,4,10,3,3,0,3,10,distinct_top_categories,9.000000000000002,9.000000000000002,3.877970057382193,log1p_then_standardize,<=,x[10] > -1.8785711677925958 AND x[1] <= 2.808992777586071 AND x[7] > 0.00085621389559896184 AND x[10] <= 3.8779700573821931 AND x[2] <= 4.8498692713837546 AND x[6] <= 2.4538748022430679,6,2870,exkmc_0.0.3
rich,20260801,4,10,3,3,0,4,2,purchase_event_count,16.0,16.0,4.849869271383755,log1p_then_standardize,<=,x[10] > -1.8785711677925958 AND x[1] <= 2.808992777586071 AND x[7] > 0.00085621389559896184 AND x[10] <= 3.8779700573821931 AND x[2] <= 4.8498692713837546 AND x[6] <= 2.4538748022430679,6,2870,exkmc_0.0.3
rich,20260801,4,10,3,3,0,5,6,transaction_per_view,1.4,1.4,2.453874802243068,standardize,<=,x[10] > -1.8785711677925958 AND x[1] <= 2.808992777586071 AND x[7] > 0.00085621389559896184 AND x[10] <= 3.8779700573821931 AND x[2] <= 4.8498692713837546 AND x[6] <= 2.4538748022430679,6,2870,exkmc_0.0.3
rich,20260801,4,10,4,4,2,0,10,distinct_top_categories,6.661338147750961e-15,6.661338147750961e-15,-1.8785711677925958,log1p_then_standardize,>,x[10] > -1.8785711677925958 AND x[1] <= 2.808992777586071 AND x[7] > 0.00085621389559896184 AND x[10] <= 3.8779700573821931 AND x[2] <= 4.8498692713837546 AND x[6] > 2.4538748022430679,6,14,exkmc_0.0.3
rich,20260801,4,10,4,4,2,1,1,purchase_occasion_count,3.9999999999999982,3.9999999999999982,2.808992777586071,log1p_then_standardize,<=,x[10] > -1.8785711677925958 AND x[1] <= 2.808992777586071 AND x[7] > 0.00085621389559896184 AND x[10] <= 3.8779700573821931 AND x[2] <= 4.8498692713837546 AND x[6] > 2.4538748022430679,6,14,exkmc_0.0.3
rich,20260801,4,10,4,4,2,2,7,activity_span_days,1.8230367824074072,1.8230367824074072,0.0008562138955989618,log1p_then_standardize,>,x[10] > -1.8785711677925958 AND x[1] <= 2.808992777586071 AND x[7] > 0.00085621389559896184 AND x[10] <= 3.8779700573821931 AND x[2] <= 4.8498692713837546 AND x[6] > 2.4538748022430679,6,14,exkmc_0.0.3
rich,20260801,4,10,4,4,2,3,10,distinct_top_categories,9.000000000000002,9.000000000000002,3.877970057382193,log1p_then_standardize,<=,x[10] > -1.8785711677925958 AND x[1] <= 2.808992777586071 AND x[7] > 0.00085621389559896184 AND x[10] <= 3.8779700573821931 AND x[2] <= 4.8498692713837546 AND x[6] > 2.4538748022430679,6,14,exkmc_0.0.3
rich,20260801,4,10,4,4,2,4,2,purchase_event_count,16.0,16.0,4.849869271383755,log1p_then_standardize,<=,x[10] > -1.8785711677925958 AND x[1] <= 2.808992777586071 AND x[7] > 0.00085621389559896184 AND x[10] <= 3.8779700573821931 AND x[2] <= 4.8498692713837546 AND x[6] > 2.4538748022430679,6,14,exkmc_0.0.3
rich,20260801,4,10,4,4,2,5,6,transaction_per_view,1.4,1.4,2.453874802243068,standardize,>,x[10] > -1.8785711677925958 AND x[1] <= 2.808992777586071 AND x[7] > 0.00085621389559896184 AND x[10] <= 3.8779700573821931 AND x[2] <= 4.8498692713837546 AND x[6] > 2.4538748022430679,6,14,exkmc_0.0.3
rich,20260801,4,10,5,5,3,0,10,distinct_top_categories,6.661338147750961e-15,6.661338147750961e-15,-1.8785711677925958,log1p_then_standardize,>,x[10] > -1.8785711677925958 AND x[1] <= 2.808992777586071 AND x[7] > 0.00085621389559896184 AND x[10] <= 3.8779700573821931 AND x[2] > 4.8498692713837546,5,6,exkmc_0.0.3
rich,20260801,4,10,5,5,3,1,1,purchase_occasion_count,3.9999999999999982,3.9999999999999982,2.808992777586071,log1p_then_standardize,<=,x[10] > -1.8785711677925958 AND x[1] <= 2.808992777586071 AND x[7] > 0.00085621389559896184 AND x[10] <= 3.8779700573821931 AND x[2] > 4.8498692713837546,5,6,exkmc_0.0.3
rich,20260801,4,10,5,5,3,2,7,activity_span_days,1.8230367824074072,1.8230367824074072,0.0008562138955989618,log1p_then_standardize,>,x[10] > -1.8785711677925958 AND x[1] <= 2.808992777586071 AND x[7] > 0.00085621389559896184 AND x[10] <= 3.8779700573821931 AND x[2] > 4.8498692713837546,5,6,exkmc_0.0.3
rich,20260801,4,10,5,5,3,3,10,distinct_top_categories,9.000000000000002,9.000000000000002,3.877970057382193,log1p_then_standardize,<=,x[10] > -1.8785711677925958 AND x[1] <= 2.808992777586071 AND x[7] > 0.00085621389559896184 AND x[10] <= 3.8779700573821931 AND x[2] > 4.8498692713837546,5,6,exkmc_0.0.3
rich,20260801,4,10,5,5,3,4,2,purchase_event_count,16.0,16.0,4.849869271383755,log1p_then_standardize,>,x[10] > -1.8785711677925958 AND x[1] <= 2.808992777586071 AND x[7] > 0.00085621389559896184 AND x[10] <= 3.8779700573821931 AND x[2] > 4.8498692713837546,5,6,exkmc_0.0.3
rich,20260801,4,10,6,6,0,0,10,distinct_top_categories,6.661338147750961e-15,6.661338147750961e-15,-1.8785711677925958,log1p_then_standardize,>,x[10] > -1.8785711677925958 AND x[1] <= 2.808992777586071 AND x[7] > 0.00085621389559896184 AND x[10] > 3.8779700573821931 AND x[1] <= -0.21256171974273758,5,4,exkmc_0.0.3
rich,20260801,4,10,6,6,0,1,1,purchase_occasion_count,3.9999999999999982,3.9999999999999982,2.808992777586071,log1p_then_standardize,<=,x[10] > -1.8785711677925958 AND x[1] <= 2.808992777586071 AND x[7] > 0.00085621389559896184 AND x[10] > 3.8779700573821931 AND x[1] <= -0.21256171974273758,5,4,exkmc_0.0.3
rich,20260801,4,10,6,6,0,2,7,activity_span_days,1.8230367824074072,1.8230367824074072,0.0008562138955989618,log1p_then_standardize,>,x[10] > -1.8785711677925958 AND x[1] <= 2.808992777586071 AND x[7] > 0.00085621389559896184 AND x[10] > 3.8779700573821931 AND x[1] <= -0.21256171974273758,5,4,exkmc_0.0.3
rich,20260801,4,10,6,6,0,3,10,distinct_top_categories,9.000000000000002,9.000000000000002,3.877970057382193,log1p_then_standardize,>,x[10] > -1.8785711677925958 AND x[1] <= 2.808992777586071 AND x[7] > 0.00085621389559896184 AND x[10] > 3.8779700573821931 AND x[1] <= -0.21256171974273758,5,4,exkmc_0.0.3
rich,20260801,4,10,6,6,0,4,1,purchase_occasion_count,1.0,1.0,-0.21256171974273758,log1p_then_standardize,<=,x[10] > -1.8785711677925958 AND x[1] <= 2.808992777586071 AND x[7] > 0.00085621389559896184 AND x[10] > 3.8779700573821931 AND x[1] <= -0.21256171974273758,5,4,exkmc_0.0.3
rich,20260801,4,10,7,7,3,0,10,distinct_top_categories,6.661338147750961e-15,6.661338147750961e-15,-1.8785711677925958,log1p_then_standardize,>,x[10] > -1.8785711677925958 AND x[1] <= 2.808992777586071 AND x[7] > 0.00085621389559896184 AND x[10] > 3.8779700573821931 AND x[1] > -0.21256171974273758,5,11,exkmc_0.0.3
rich,20260801,4,10,7,7,3,1,1,purchase_occasion_count,3.9999999999999982,3.9999999999999982,2.808992777586071,log1p_then_standardize,<=,x[10] > -1.8785711677925958 AND x[1] <= 2.808992777586071 AND x[7] > 0.00085621389559896184 AND x[10] > 3.8779700573821931 AND x[1] > -0.21256171974273758,5,11,exkmc_0.0.3
rich,20260801,4,10,7,7,3,2,7,activity_span_days,1.8230367824074072,1.8230367824074072,0.0008562138955989618,log1p_then_standardize,>,x[10] > -1.8785711677925958 AND x[1] <= 2.808992777586071 AND x[7] > 0.00085621389559896184 AND x[10] > 3.8779700573821931 AND x[1] > -0.21256171974273758,5,11,exkmc_0.0.3
rich,20260801,4,10,7,7,3,3,10,distinct_top_categories,9.000000000000002,9.000000000000002,3.877970057382193,log1p_then_standardize,>,x[10] > -1.8785711677925958 AND x[1] <= 2.808992777586071 AND x[7] > 0.00085621389559896184 AND x[10] > 3.8779700573821931 AND x[1] > -0.21256171974273758,5,11,exkmc_0.0.3
rich,20260801,4,10,7,7,3,4,1,purchase_occasion_count,1.0,1.0,-0.21256171974273758,log1p_then_standardize,>,x[10] > -1.8785711677925958 AND x[1] <= 2.808992777586071 AND x[7] > 0.00085621389559896184 AND x[10] > 3.8779700573821931 AND x[1] > -0.21256171974273758,5,11,exkmc_0.0.3
rich,20260801,4,10,8,8,2,0,10,distinct_top_categories,6.661338147750961e-15,6.661338147750961e-15,-1.8785711677925958,log1p_then_standardize,>,x[10] > -1.8785711677925958 AND x[1] > 2.808992777586071 AND x[3] <= 1.3976264947531207,3,3,exkmc_0.0.3
rich,20260801,4,10,8,8,2,1,1,purchase_occasion_count,3.9999999999999982,3.9999999999999982,2.808992777586071,log1p_then_standardize,>,x[10] > -1.8785711677925958 AND x[1] > 2.808992777586071 AND x[3] <= 1.3976264947531207,3,3,exkmc_0.0.3
rich,20260801,4,10,8,8,2,2,3,total_events,29.000000000000004,29.000000000000004,1.3976264947531207,log1p_then_standardize,<=,x[10] > -1.8785711677925958 AND x[1] > 2.808992777586071 AND x[3] <= 1.3976264947531207,3,3,exkmc_0.0.3
rich,20260801,4,10,9,9,3,0,10,distinct_top_categories,6.661338147750961e-15,6.661338147750961e-15,-1.8785711677925958,log1p_then_standardize,>,x[10] > -1.8785711677925958 AND x[1] > 2.808992777586071 AND x[3] > 1.3976264947531207,3,106,exkmc_0.0.3
rich,20260801,4,10,9,9,3,1,1,purchase_occasion_count,3.9999999999999982,3.9999999999999982,2.808992777586071,log1p_then_standardize,>,x[10] > -1.8785711677925958 AND x[1] > 2.808992777586071 AND x[3] > 1.3976264947531207,3,106,exkmc_0.0.3
rich,20260801,4,10,9,9,3,2,3,total_events,29.000000000000004,29.000000000000004,1.3976264947531207,log1p_then_standardize,>,x[10] > -1.8785711677925958 AND x[1] > 2.808992777586071 AND x[3] > 1.3976264947531207,3,106,exkmc_0.0.3
rich,20260801,4,11,0,0,1,0,10,distinct_top_categories,6.661338147750961e-15,6.661338147750961e-15,-1.8785711677925958,log1p_then_standardize,<=,x[10] <= -1.8785711677925958,1,958,exkmc_0.0.3
rich,20260801,4,11,1,1,2,0,10,distinct_top_categories,6.661338147750961e-15,6.661338147750961e-15,-1.8785711677925958,log1p_then_standardize,>,x[10] > -1.8785711677925958 AND x[1] <= 2.808992777586071 AND x[7] <= 0.00085621389559896184 AND x[9] <= 0.72571970717618783 AND x[3] <= 2.343664930443019,5,5325,exkmc_0.0.3
rich,20260801,4,11,1,1,2,1,1,purchase_occasion_count,3.9999999999999982,3.9999999999999982,2.808992777586071,log1p_then_standardize,<=,x[10] > -1.8785711677925958 AND x[1] <= 2.808992777586071 AND x[7] <= 0.00085621389559896184 AND x[9] <= 0.72571970717618783 AND x[3] <= 2.343664930443019,5,5325,exkmc_0.0.3
rich,20260801,4,11,1,1,2,2,7,activity_span_days,1.8230367824074072,1.8230367824074072,0.0008562138955989618,log1p_then_standardize,<=,x[10] > -1.8785711677925958 AND x[1] <= 2.808992777586071 AND x[7] <= 0.00085621389559896184 AND x[9] <= 0.72571970717618783 AND x[3] <= 2.343664930443019,5,5325,exkmc_0.0.3
rich,20260801,4,11,1,1,2,3,9,session_count_30m,3.9999999999999996,3.9999999999999996,0.7257197071761878,log1p_then_standardize,<=,x[10] > -1.8785711677925958 AND x[1] <= 2.808992777586071 AND x[7] <= 0.00085621389559896184 AND x[9] <= 0.72571970717618783 AND x[3] <= 2.343664930443019,5,5325,exkmc_0.0.3
rich,20260801,4,11,1,1,2,4,3,total_events,68.00000000000001,68.00000000000001,2.343664930443019,log1p_then_standardize,<=,x[10] > -1.8785711677925958 AND x[1] <= 2.808992777586071 AND x[7] <= 0.00085621389559896184 AND x[9] <= 0.72571970717618783 AND x[3] <= 2.343664930443019,5,5325,exkmc_0.0.3
rich,20260801,4,11,2,2,0,0,10,distinct_top_categories,6.661338147750961e-15,6.661338147750961e-15,-1.8785711677925958,log1p_then_standardize,>,x[10] > -1.8785711677925958 AND x[1] <= 2.808992777586071 AND x[7] <= 0.00085621389559896184 AND x[9] <= 0.72571970717618783 AND x[3] > 2.343664930443019,5,11,exkmc_0.0.3
rich,20260801,4,11,2,2,0,1,1,purchase_occasion_count,3.9999999999999982,3.9999999999999982,2.808992777586071,log1p_then_standardize,<=,x[10] > -1.8785711677925958 AND x[1] <= 2.808992777586071 AND x[7] <= 0.00085621389559896184 AND x[9] <= 0.72571970717618783 AND x[3] > 2.343664930443019,5,11,exkmc_0.0.3
rich,20260801,4,11,2,2,0,2,7,activity_span_days,1.8230367824074072,1.8230367824074072,0.0008562138955989618,log1p_then_standardize,<=,x[10] > -1.8785711677925958 AND x[1] <= 2.808992777586071 AND x[7] <= 0.00085621389559896184 AND x[9] <= 0.72571970717618783 AND x[3] > 2.343664930443019,5,11,exkmc_0.0.3
rich,20260801,4,11,2,2,0,3,9,session_count_30m,3.9999999999999996,3.9999999999999996,0.7257197071761878,log1p_then_standardize,<=,x[10] > -1.8785711677925958 AND x[1] <= 2.808992777586071 AND x[7] <= 0.00085621389559896184 AND x[9] <= 0.72571970717618783 AND x[3] > 2.343664930443019,5,11,exkmc_0.0.3
rich,20260801,4,11,2,2,0,4,3,total_events,68.00000000000001,68.00000000000001,2.343664930443019,log1p_then_standardize,>,x[10] > -1.8785711677925958 AND x[1] <= 2.808992777586071 AND x[7] <= 0.00085621389559896184 AND x[9] <= 0.72571970717618783 AND x[3] > 2.343664930443019,5,11,exkmc_0.0.3
rich,20260801,4,11,3,3,0,0,10,distinct_top_categories,6.661338147750961e-15,6.661338147750961e-15,-1.8785711677925958,log1p_then_standardize,>,x[10] > -1.8785711677925958 AND x[1] <= 2.808992777586071 AND x[7] <= 0.00085621389559896184 AND x[9] > 0.72571970717618783,4,67,exkmc_0.0.3
rich,20260801,4,11,3,3,0,1,1,purchase_occasion_count,3.9999999999999982,3.9999999999999982,2.808992777586071,log1p_then_standardize,<=,x[10] > -1.8785711677925958 AND x[1] <= 2.808992777586071 AND x[7] <= 0.00085621389559896184 AND x[9] > 0.72571970717618783,4,67,exkmc_0.0.3
rich,20260801,4,11,3,3,0,2,7,activity_span_days,1.8230367824074072,1.8230367824074072,0.0008562138955989618,log1p_then_standardize,<=,x[10] > -1.8785711677925958 AND x[1] <= 2.808992777586071 AND x[7] <= 0.00085621389559896184 AND x[9] > 0.72571970717618783,4,67,exkmc_0.0.3
rich,20260801,4,11,3,3,0,3,9,session_count_30m,3.9999999999999996,3.9999999999999996,0.7257197071761878,log1p_then_standardize,>,x[10] > -1.8785711677925958 AND x[1] <= 2.808992777586071 AND x[7] <= 0.00085621389559896184 AND x[9] > 0.72571970717618783,4,67,exkmc_0.0.3
rich,20260801,4,11,4,4,0,0,10,distinct_top_categories,6.661338147750961e-15,6.661338147750961e-15,-1.8785711677925958,log1p_then_standardize,>,x[10] > -1.8785711677925958 AND x[1] <= 2.808992777586071 AND x[7] > 0.00085621389559896184 AND x[10] <= 3.8779700573821931 AND x[2] <= 4.8498692713837546 AND x[6] <= 2.4538748022430679,6,2870,exkmc_0.0.3
rich,20260801,4,11,4,4,0,1,1,purchase_occasion_count,3.9999999999999982,3.9999999999999982,2.808992777586071,log1p_then_standardize,<=,x[10] > -1.8785711677925958 AND x[1] <= 2.808992777586071 AND x[7] > 0.00085621389559896184 AND x[10] <= 3.8779700573821931 AND x[2] <= 4.8498692713837546 AND x[6] <= 2.4538748022430679,6,2870,exkmc_0.0.3
rich,20260801,4,11,4,4,0,2,7,activity_span_days,1.8230367824074072,1.8230367824074072,0.0008562138955989618,log1p_then_standardize,>,x[10] > -1.8785711677925958 AND x[1] <= 2.808992777586071 AND x[7] > 0.00085621389559896184 AND x[10] <= 3.8779700573821931 AND x[2] <= 4.8498692713837546 AND x[6] <= 2.4538748022430679,6,2870,exkmc_0.0.3
rich,20260801,4,11,4,4,0,3,10,distinct_top_categories,9.000000000000002,9.000000000000002,3.877970057382193,log1p_then_standardize,<=,x[10] > -1.8785711677925958 AND x[1] <= 2.808992777586071 AND x[7] > 0.00085621389559896184 AND x[10] <= 3.8779700573821931 AND x[2] <= 4.8498692713837546 AND x[6] <= 2.4538748022430679,6,2870,exkmc_0.0.3
rich,20260801,4,11,4,4,0,4,2,purchase_event_count,16.0,16.0,4.849869271383755,log1p_then_standardize,<=,x[10] > -1.8785711677925958 AND x[1] <= 2.808992777586071 AND x[7] > 0.00085621389559896184 AND x[10] <= 3.8779700573821931 AND x[2] <= 4.8498692713837546 AND x[6] <= 2.4538748022430679,6,2870,exkmc_0.0.3
rich,20260801,4,11,4,4,0,5,6,transaction_per_view,1.4,1.4,2.453874802243068,standardize,<=,x[10] > -1.8785711677925958 AND x[1] <= 2.808992777586071 AND x[7] > 0.00085621389559896184 AND x[10] <= 3.8779700573821931 AND x[2] <= 4.8498692713837546 AND x[6] <= 2.4538748022430679,6,2870,exkmc_0.0.3
rich,20260801,4,11,5,5,2,0,10,distinct_top_categories,6.661338147750961e-15,6.661338147750961e-15,-1.8785711677925958,log1p_then_standardize,>,x[10] > -1.8785711677925958 AND x[1] <= 2.808992777586071 AND x[7] > 0.00085621389559896184 AND x[10] <= 3.8779700573821931 AND x[2] <= 4.8498692713837546 AND x[6] > 2.4538748022430679,6,14,exkmc_0.0.3
rich,20260801,4,11,5,5,2,1,1,purchase_occasion_count,3.9999999999999982,3.9999999999999982,2.808992777586071,log1p_then_standardize,<=,x[10] > -1.8785711677925958 AND x[1] <= 2.808992777586071 AND x[7] > 0.00085621389559896184 AND x[10] <= 3.8779700573821931 AND x[2] <= 4.8498692713837546 AND x[6] > 2.4538748022430679,6,14,exkmc_0.0.3
rich,20260801,4,11,5,5,2,2,7,activity_span_days,1.8230367824074072,1.8230367824074072,0.0008562138955989618,log1p_then_standardize,>,x[10] > -1.8785711677925958 AND x[1] <= 2.808992777586071 AND x[7] > 0.00085621389559896184 AND x[10] <= 3.8779700573821931 AND x[2] <= 4.8498692713837546 AND x[6] > 2.4538748022430679,6,14,exkmc_0.0.3
rich,20260801,4,11,5,5,2,3,10,distinct_top_categories,9.000000000000002,9.000000000000002,3.877970057382193,log1p_then_standardize,<=,x[10] > -1.8785711677925958 AND x[1] <= 2.808992777586071 AND x[7] > 0.00085621389559896184 AND x[10] <= 3.8779700573821931 AND x[2] <= 4.8498692713837546 AND x[6] > 2.4538748022430679,6,14,exkmc_0.0.3
rich,20260801,4,11,5,5,2,4,2,purchase_event_count,16.0,16.0,4.849869271383755,log1p_then_standardize,<=,x[10] > -1.8785711677925958 AND x[1] <= 2.808992777586071 AND x[7] > 0.00085621389559896184 AND x[10] <= 3.8779700573821931 AND x[2] <= 4.8498692713837546 AND x[6] > 2.4538748022430679,6,14,exkmc_0.0.3
rich,20260801,4,11,5,5,2,5,6,transaction_per_view,1.4,1.4,2.453874802243068,standardize,>,x[10] > -1.8785711677925958 AND x[1] <= 2.808992777586071 AND x[7] > 0.00085621389559896184 AND x[10] <= 3.8779700573821931 AND x[2] <= 4.8498692713837546 AND x[6] > 2.4538748022430679,6,14,exkmc_0.0.3
rich,20260801,4,11,6,6,3,0,10,distinct_top_categories,6.661338147750961e-15,6.661338147750961e-15,-1.8785711677925958,log1p_then_standardize,>,x[10] > -1.8785711677925958 AND x[1] <= 2.808992777586071 AND x[7] > 0.00085621389559896184 AND x[10] <= 3.8779700573821931 AND x[2] > 4.8498692713837546,5,6,exkmc_0.0.3
rich,20260801,4,11,6,6,3,1,1,purchase_occasion_count,3.9999999999999982,3.9999999999999982,2.808992777586071,log1p_then_standardize,<=,x[10] > -1.8785711677925958 AND x[1] <= 2.808992777586071 AND x[7] > 0.00085621389559896184 AND x[10] <= 3.8779700573821931 AND x[2] > 4.8498692713837546,5,6,exkmc_0.0.3
rich,20260801,4,11,6,6,3,2,7,activity_span_days,1.8230367824074072,1.8230367824074072,0.0008562138955989618,log1p_then_standardize,>,x[10] > -1.8785711677925958 AND x[1] <= 2.808992777586071 AND x[7] > 0.00085621389559896184 AND x[10] <= 3.8779700573821931 AND x[2] > 4.8498692713837546,5,6,exkmc_0.0.3
rich,20260801,4,11,6,6,3,3,10,distinct_top_categories,9.000000000000002,9.000000000000002,3.877970057382193,log1p_then_standardize,<=,x[10] > -1.8785711677925958 AND x[1] <= 2.808992777586071 AND x[7] > 0.00085621389559896184 AND x[10] <= 3.8779700573821931 AND x[2] > 4.8498692713837546,5,6,exkmc_0.0.3
rich,20260801,4,11,6,6,3,4,2,purchase_event_count,16.0,16.0,4.849869271383755,log1p_then_standardize,>,x[10] > -1.8785711677925958 AND x[1] <= 2.808992777586071 AND x[7] > 0.00085621389559896184 AND x[10] <= 3.8779700573821931 AND x[2] > 4.8498692713837546,5,6,exkmc_0.0.3
rich,20260801,4,11,7,7,0,0,10,distinct_top_categories,6.661338147750961e-15,6.661338147750961e-15,-1.8785711677925958,log1p_then_standardize,>,x[10] > -1.8785711677925958 AND x[1] <= 2.808992777586071 AND x[7] > 0.00085621389559896184 AND x[10] > 3.8779700573821931 AND x[1] <= -0.21256171974273758,5,4,exkmc_0.0.3
rich,20260801,4,11,7,7,0,1,1,purchase_occasion_count,3.9999999999999982,3.9999999999999982,2.808992777586071,log1p_then_standardize,<=,x[10] > -1.8785711677925958 AND x[1] <= 2.808992777586071 AND x[7] > 0.00085621389559896184 AND x[10] > 3.8779700573821931 AND x[1] <= -0.21256171974273758,5,4,exkmc_0.0.3
rich,20260801,4,11,7,7,0,2,7,activity_span_days,1.8230367824074072,1.8230367824074072,0.0008562138955989618,log1p_then_standardize,>,x[10] > -1.8785711677925958 AND x[1] <= 2.808992777586071 AND x[7] > 0.00085621389559896184 AND x[10] > 3.8779700573821931 AND x[1] <= -0.21256171974273758,5,4,exkmc_0.0.3
rich,20260801,4,11,7,7,0,3,10,distinct_top_categories,9.000000000000002,9.000000000000002,3.877970057382193,log1p_then_standardize,>,x[10] > -1.8785711677925958 AND x[1] <= 2.808992777586071 AND x[7] > 0.00085621389559896184 AND x[10] > 3.8779700573821931 AND x[1] <= -0.21256171974273758,5,4,exkmc_0.0.3
rich,20260801,4,11,7,7,0,4,1,purchase_occasion_count,1.0,1.0,-0.21256171974273758,log1p_then_standardize,<=,x[10] > -1.8785711677925958 AND x[1] <= 2.808992777586071 AND x[7] > 0.00085621389559896184 AND x[10] > 3.8779700573821931 AND x[1] <= -0.21256171974273758,5,4,exkmc_0.0.3
rich,20260801,4,11,8,8,3,0,10,distinct_top_categories,6.661338147750961e-15,6.661338147750961e-15,-1.8785711677925958,log1p_then_standardize,>,x[10] > -1.8785711677925958 AND x[1] <= 2.808992777586071 AND x[7] > 0.00085621389559896184 AND x[10] > 3.8779700573821931 AND x[1] > -0.21256171974273758,5,11,exkmc_0.0.3
rich,20260801,4,11,8,8,3,1,1,purchase_occasion_count,3.9999999999999982,3.9999999999999982,2.808992777586071,log1p_then_standardize,<=,x[10] > -1.8785711677925958 AND x[1] <= 2.808992777586071 AND x[7] > 0.00085621389559896184 AND x[10] > 3.8779700573821931 AND x[1] > -0.21256171974273758,5,11,exkmc_0.0.3
rich,20260801,4,11,8,8,3,2,7,activity_span_days,1.8230367824074072,1.8230367824074072,0.0008562138955989618,log1p_then_standardize,>,x[10] > -1.8785711677925958 AND x[1] <= 2.808992777586071 AND x[7] > 0.00085621389559896184 AND x[10] > 3.8779700573821931 AND x[1] > -0.21256171974273758,5,11,exkmc_0.0.3
rich,20260801,4,11,8,8,3,3,10,distinct_top_categories,9.000000000000002,9.000000000000002,3.877970057382193,log1p_then_standardize,>,x[10] > -1.8785711677925958 AND x[1] <= 2.808992777586071 AND x[7] > 0.00085621389559896184 AND x[10] > 3.8779700573821931 AND x[1] > -0.21256171974273758,5,11,exkmc_0.0.3
rich,20260801,4,11,8,8,3,4,1,purchase_occasion_count,1.0,1.0,-0.21256171974273758,log1p_then_standardize,>,x[10] > -1.8785711677925958 AND x[1] <= 2.808992777586071 AND x[7] > 0.00085621389559896184 AND x[10] > 3.8779700573821931 AND x[1] > -0.21256171974273758,5,11,exkmc_0.0.3
rich,20260801,4,11,9,9,2,0,10,distinct_top_categories,6.661338147750961e-15,6.661338147750961e-15,-1.8785711677925958,log1p_then_standardize,>,x[10] > -1.8785711677925958 AND x[1] > 2.808992777586071 AND x[3] <= 1.3976264947531207,3,3,exkmc_0.0.3
rich,20260801,4,11,9,9,2,1,1,purchase_occasion_count,3.9999999999999982,3.9999999999999982,2.808992777586071,log1p_then_standardize,>,x[10] > -1.8785711677925958 AND x[1] > 2.808992777586071 AND x[3] <= 1.3976264947531207,3,3,exkmc_0.0.3
rich,20260801,4,11,9,9,2,2,3,total_events,29.000000000000004,29.000000000000004,1.3976264947531207,log1p_then_standardize,<=,x[10] > -1.8785711677925958 AND x[1] > 2.808992777586071 AND x[3] <= 1.3976264947531207,3,3,exkmc_0.0.3
rich,20260801,4,11,10,10,3,0,10,distinct_top_categories,6.661338147750961e-15,6.661338147750961e-15,-1.8785711677925958,log1p_then_standardize,>,x[10] > -1.8785711677925958 AND x[1] > 2.808992777586071 AND x[3] > 1.3976264947531207,3,106,exkmc_0.0.3
rich,20260801,4,11,10,10,3,1,1,purchase_occasion_count,3.9999999999999982,3.9999999999999982,2.808992777586071,log1p_then_standardize,>,x[10] > -1.8785711677925958 AND x[1] > 2.808992777586071 AND x[3] > 1.3976264947531207,3,106,exkmc_0.0.3
rich,20260801,4,11,10,10,3,2,3,total_events,29.000000000000004,29.000000000000004,1.3976264947531207,log1p_then_standardize,>,x[10] > -1.8785711677925958 AND x[1] > 2.808992777586071 AND x[3] > 1.3976264947531207,3,106,exkmc_0.0.3
rich,20260801,4,12,0,0,1,0,10,distinct_top_categories,6.661338147750961e-15,6.661338147750961e-15,-1.8785711677925958,log1p_then_standardize,<=,x[10] <= -1.8785711677925958,1,958,exkmc_0.0.3
rich,20260801,4,12,1,1,2,0,10,distinct_top_categories,6.661338147750961e-15,6.661338147750961e-15,-1.8785711677925958,log1p_then_standardize,>,x[10] > -1.8785711677925958 AND x[1] <= 2.808992777586071 AND x[7] <= 0.00085621389559896184 AND x[9] <= 0.72571970717618783 AND x[3] <= 2.343664930443019,5,5325,exkmc_0.0.3
rich,20260801,4,12,1,1,2,1,1,purchase_occasion_count,3.9999999999999982,3.9999999999999982,2.808992777586071,log1p_then_standardize,<=,x[10] > -1.8785711677925958 AND x[1] <= 2.808992777586071 AND x[7] <= 0.00085621389559896184 AND x[9] <= 0.72571970717618783 AND x[3] <= 2.343664930443019,5,5325,exkmc_0.0.3
rich,20260801,4,12,1,1,2,2,7,activity_span_days,1.8230367824074072,1.8230367824074072,0.0008562138955989618,log1p_then_standardize,<=,x[10] > -1.8785711677925958 AND x[1] <= 2.808992777586071 AND x[7] <= 0.00085621389559896184 AND x[9] <= 0.72571970717618783 AND x[3] <= 2.343664930443019,5,5325,exkmc_0.0.3
rich,20260801,4,12,1,1,2,3,9,session_count_30m,3.9999999999999996,3.9999999999999996,0.7257197071761878,log1p_then_standardize,<=,x[10] > -1.8785711677925958 AND x[1] <= 2.808992777586071 AND x[7] <= 0.00085621389559896184 AND x[9] <= 0.72571970717618783 AND x[3] <= 2.343664930443019,5,5325,exkmc_0.0.3
rich,20260801,4,12,1,1,2,4,3,total_events,68.00000000000001,68.00000000000001,2.343664930443019,log1p_then_standardize,<=,x[10] > -1.8785711677925958 AND x[1] <= 2.808992777586071 AND x[7] <= 0.00085621389559896184 AND x[9] <= 0.72571970717618783 AND x[3] <= 2.343664930443019,5,5325,exkmc_0.0.3
rich,20260801,4,12,2,2,0,0,10,distinct_top_categories,6.661338147750961e-15,6.661338147750961e-15,-1.8785711677925958,log1p_then_standardize,>,x[10] > -1.8785711677925958 AND x[1] <= 2.808992777586071 AND x[7] <= 0.00085621389559896184 AND x[9] <= 0.72571970717618783 AND x[3] > 2.343664930443019,5,11,exkmc_0.0.3
rich,20260801,4,12,2,2,0,1,1,purchase_occasion_count,3.9999999999999982,3.9999999999999982,2.808992777586071,log1p_then_standardize,<=,x[10] > -1.8785711677925958 AND x[1] <= 2.808992777586071 AND x[7] <= 0.00085621389559896184 AND x[9] <= 0.72571970717618783 AND x[3] > 2.343664930443019,5,11,exkmc_0.0.3
rich,20260801,4,12,2,2,0,2,7,activity_span_days,1.8230367824074072,1.8230367824074072,0.0008562138955989618,log1p_then_standardize,<=,x[10] > -1.8785711677925958 AND x[1] <= 2.808992777586071 AND x[7] <= 0.00085621389559896184 AND x[9] <= 0.72571970717618783 AND x[3] > 2.343664930443019,5,11,exkmc_0.0.3
rich,20260801,4,12,2,2,0,3,9,session_count_30m,3.9999999999999996,3.9999999999999996,0.7257197071761878,log1p_then_standardize,<=,x[10] > -1.8785711677925958 AND x[1] <= 2.808992777586071 AND x[7] <= 0.00085621389559896184 AND x[9] <= 0.72571970717618783 AND x[3] > 2.343664930443019,5,11,exkmc_0.0.3
rich,20260801,4,12,2,2,0,4,3,total_events,68.00000000000001,68.00000000000001,2.343664930443019,log1p_then_standardize,>,x[10] > -1.8785711677925958 AND x[1] <= 2.808992777586071 AND x[7] <= 0.00085621389559896184 AND x[9] <= 0.72571970717618783 AND x[3] > 2.343664930443019,5,11,exkmc_0.0.3
rich,20260801,4,12,3,3,0,0,10,distinct_top_categories,6.661338147750961e-15,6.661338147750961e-15,-1.8785711677925958,log1p_then_standardize,>,x[10] > -1.8785711677925958 AND x[1] <= 2.808992777586071 AND x[7] <= 0.00085621389559896184 AND x[9] > 0.72571970717618783,4,67,exkmc_0.0.3
rich,20260801,4,12,3,3,0,1,1,purchase_occasion_count,3.9999999999999982,3.9999999999999982,2.808992777586071,log1p_then_standardize,<=,x[10] > -1.8785711677925958 AND x[1] <= 2.808992777586071 AND x[7] <= 0.00085621389559896184 AND x[9] > 0.72571970717618783,4,67,exkmc_0.0.3
rich,20260801,4,12,3,3,0,2,7,activity_span_days,1.8230367824074072,1.8230367824074072,0.0008562138955989618,log1p_then_standardize,<=,x[10] > -1.8785711677925958 AND x[1] <= 2.808992777586071 AND x[7] <= 0.00085621389559896184 AND x[9] > 0.72571970717618783,4,67,exkmc_0.0.3
rich,20260801,4,12,3,3,0,3,9,session_count_30m,3.9999999999999996,3.9999999999999996,0.7257197071761878,log1p_then_standardize,>,x[10] > -1.8785711677925958 AND x[1] <= 2.808992777586071 AND x[7] <= 0.00085621389559896184 AND x[9] > 0.72571970717618783,4,67,exkmc_0.0.3
rich,20260801,4,12,4,4,0,0,10,distinct_top_categories,6.661338147750961e-15,6.661338147750961e-15,-1.8785711677925958,log1p_then_standardize,>,x[10] > -1.8785711677925958 AND x[1] <= 2.808992777586071 AND x[7] > 0.00085621389559896184 AND x[10] <= 3.8779700573821931 AND x[2] <= 4.8498692713837546 AND x[6] <= 2.4538748022430679,6,2870,exkmc_0.0.3
rich,20260801,4,12,4,4,0,1,1,purchase_occasion_count,3.9999999999999982,3.9999999999999982,2.808992777586071,log1p_then_standardize,<=,x[10] > -1.8785711677925958 AND x[1] <= 2.808992777586071 AND x[7] > 0.00085621389559896184 AND x[10] <= 3.8779700573821931 AND x[2] <= 4.8498692713837546 AND x[6] <= 2.4538748022430679,6,2870,exkmc_0.0.3
rich,20260801,4,12,4,4,0,2,7,activity_span_days,1.8230367824074072,1.8230367824074072,0.0008562138955989618,log1p_then_standardize,>,x[10] > -1.8785711677925958 AND x[1] <= 2.808992777586071 AND x[7] > 0.00085621389559896184 AND x[10] <= 3.8779700573821931 AND x[2] <= 4.8498692713837546 AND x[6] <= 2.4538748022430679,6,2870,exkmc_0.0.3
rich,20260801,4,12,4,4,0,3,10,distinct_top_categories,9.000000000000002,9.000000000000002,3.877970057382193,log1p_then_standardize,<=,x[10] > -1.8785711677925958 AND x[1] <= 2.808992777586071 AND x[7] > 0.00085621389559896184 AND x[10] <= 3.8779700573821931 AND x[2] <= 4.8498692713837546 AND x[6] <= 2.4538748022430679,6,2870,exkmc_0.0.3
rich,20260801,4,12,4,4,0,4,2,purchase_event_count,16.0,16.0,4.849869271383755,log1p_then_standardize,<=,x[10] > -1.8785711677925958 AND x[1] <= 2.808992777586071 AND x[7] > 0.00085621389559896184 AND x[10] <= 3.8779700573821931 AND x[2] <= 4.8498692713837546 AND x[6] <= 2.4538748022430679,6,2870,exkmc_0.0.3
rich,20260801,4,12,4,4,0,5,6,transaction_per_view,1.4,1.4,2.453874802243068,standardize,<=,x[10] > -1.8785711677925958 AND x[1] <= 2.808992777586071 AND x[7] > 0.00085621389559896184 AND x[10] <= 3.8779700573821931 AND x[2] <= 4.8498692713837546 AND x[6] <= 2.4538748022430679,6,2870,exkmc_0.0.3
rich,20260801,4,12,5,5,2,0,10,distinct_top_categories,6.661338147750961e-15,6.661338147750961e-15,-1.8785711677925958,log1p_then_standardize,>,x[10] > -1.8785711677925958 AND x[1] <= 2.808992777586071 AND x[7] > 0.00085621389559896184 AND x[10] <= 3.8779700573821931 AND x[2] <= 4.8498692713837546 AND x[6] > 2.4538748022430679,6,14,exkmc_0.0.3
rich,20260801,4,12,5,5,2,1,1,purchase_occasion_count,3.9999999999999982,3.9999999999999982,2.808992777586071,log1p_then_standardize,<=,x[10] > -1.8785711677925958 AND x[1] <= 2.808992777586071 AND x[7] > 0.00085621389559896184 AND x[10] <= 3.8779700573821931 AND x[2] <= 4.8498692713837546 AND x[6] > 2.4538748022430679,6,14,exkmc_0.0.3
rich,20260801,4,12,5,5,2,2,7,activity_span_days,1.8230367824074072,1.8230367824074072,0.0008562138955989618,log1p_then_standardize,>,x[10] > -1.8785711677925958 AND x[1] <= 2.808992777586071 AND x[7] > 0.00085621389559896184 AND x[10] <= 3.8779700573821931 AND x[2] <= 4.8498692713837546 AND x[6] > 2.4538748022430679,6,14,exkmc_0.0.3
rich,20260801,4,12,5,5,2,3,10,distinct_top_categories,9.000000000000002,9.000000000000002,3.877970057382193,log1p_then_standardize,<=,x[10] > -1.8785711677925958 AND x[1] <= 2.808992777586071 AND x[7] > 0.00085621389559896184 AND x[10] <= 3.8779700573821931 AND x[2] <= 4.8498692713837546 AND x[6] > 2.4538748022430679,6,14,exkmc_0.0.3
rich,20260801,4,12,5,5,2,4,2,purchase_event_count,16.0,16.0,4.849869271383755,log1p_then_standardize,<=,x[10] > -1.8785711677925958 AND x[1] <= 2.808992777586071 AND x[7] > 0.00085621389559896184 AND x[10] <= 3.8779700573821931 AND x[2] <= 4.8498692713837546 AND x[6] > 2.4538748022430679,6,14,exkmc_0.0.3
rich,20260801,4,12,5,5,2,5,6,transaction_per_view,1.4,1.4,2.453874802243068,standardize,>,x[10] > -1.8785711677925958 AND x[1] <= 2.808992777586071 AND x[7] > 0.00085621389559896184 AND x[10] <= 3.8779700573821931 AND x[2] <= 4.8498692713837546 AND x[6] > 2.4538748022430679,6,14,exkmc_0.0.3
rich,20260801,4,12,6,6,3,0,10,distinct_top_categories,6.661338147750961e-15,6.661338147750961e-15,-1.8785711677925958,log1p_then_standardize,>,x[10] > -1.8785711677925958 AND x[1] <= 2.808992777586071 AND x[7] > 0.00085621389559896184 AND x[10] <= 3.8779700573821931 AND x[2] > 4.8498692713837546,5,6,exkmc_0.0.3
rich,20260801,4,12,6,6,3,1,1,purchase_occasion_count,3.9999999999999982,3.9999999999999982,2.808992777586071,log1p_then_standardize,<=,x[10] > -1.8785711677925958 AND x[1] <= 2.808992777586071 AND x[7] > 0.00085621389559896184 AND x[10] <= 3.8779700573821931 AND x[2] > 4.8498692713837546,5,6,exkmc_0.0.3
rich,20260801,4,12,6,6,3,2,7,activity_span_days,1.8230367824074072,1.8230367824074072,0.0008562138955989618,log1p_then_standardize,>,x[10] > -1.8785711677925958 AND x[1] <= 2.808992777586071 AND x[7] > 0.00085621389559896184 AND x[10] <= 3.8779700573821931 AND x[2] > 4.8498692713837546,5,6,exkmc_0.0.3
rich,20260801,4,12,6,6,3,3,10,distinct_top_categories,9.000000000000002,9.000000000000002,3.877970057382193,log1p_then_standardize,<=,x[10] > -1.8785711677925958 AND x[1] <= 2.808992777586071 AND x[7] > 0.00085621389559896184 AND x[10] <= 3.8779700573821931 AND x[2] > 4.8498692713837546,5,6,exkmc_0.0.3
rich,20260801,4,12,6,6,3,4,2,purchase_event_count,16.0,16.0,4.849869271383755,log1p_then_standardize,>,x[10] > -1.8785711677925958 AND x[1] <= 2.808992777586071 AND x[7] > 0.00085621389559896184 AND x[10] <= 3.8779700573821931 AND x[2] > 4.8498692713837546,5,6,exkmc_0.0.3
rich,20260801,4,12,7,7,0,0,10,distinct_top_categories,6.661338147750961e-15,6.661338147750961e-15,-1.8785711677925958,log1p_then_standardize,>,x[10] > -1.8785711677925958 AND x[1] <= 2.808992777586071 AND x[7] > 0.00085621389559896184 AND x[10] > 3.8779700573821931 AND x[1] <= -0.21256171974273758,5,4,exkmc_0.0.3
rich,20260801,4,12,7,7,0,1,1,purchase_occasion_count,3.9999999999999982,3.9999999999999982,2.808992777586071,log1p_then_standardize,<=,x[10] > -1.8785711677925958 AND x[1] <= 2.808992777586071 AND x[7] > 0.00085621389559896184 AND x[10] > 3.8779700573821931 AND x[1] <= -0.21256171974273758,5,4,exkmc_0.0.3
rich,20260801,4,12,7,7,0,2,7,activity_span_days,1.8230367824074072,1.8230367824074072,0.0008562138955989618,log1p_then_standardize,>,x[10] > -1.8785711677925958 AND x[1] <= 2.808992777586071 AND x[7] > 0.00085621389559896184 AND x[10] > 3.8779700573821931 AND x[1] <= -0.21256171974273758,5,4,exkmc_0.0.3
rich,20260801,4,12,7,7,0,3,10,distinct_top_categories,9.000000000000002,9.000000000000002,3.877970057382193,log1p_then_standardize,>,x[10] > -1.8785711677925958 AND x[1] <= 2.808992777586071 AND x[7] > 0.00085621389559896184 AND x[10] > 3.8779700573821931 AND x[1] <= -0.21256171974273758,5,4,exkmc_0.0.3
rich,20260801,4,12,7,7,0,4,1,purchase_occasion_count,1.0,1.0,-0.21256171974273758,log1p_then_standardize,<=,x[10] > -1.8785711677925958 AND x[1] <= 2.808992777586071 AND x[7] > 0.00085621389559896184 AND x[10] > 3.8779700573821931 AND x[1] <= -0.21256171974273758,5,4,exkmc_0.0.3
rich,20260801,4,12,8,8,3,0,10,distinct_top_categories,6.661338147750961e-15,6.661338147750961e-15,-1.8785711677925958,log1p_then_standardize,>,x[10] > -1.8785711677925958 AND x[1] <= 2.808992777586071 AND x[7] > 0.00085621389559896184 AND x[10] > 3.8779700573821931 AND x[1] > -0.21256171974273758,5,11,exkmc_0.0.3
rich,20260801,4,12,8,8,3,1,1,purchase_occasion_count,3.9999999999999982,3.9999999999999982,2.808992777586071,log1p_then_standardize,<=,x[10] > -1.8785711677925958 AND x[1] <= 2.808992777586071 AND x[7] > 0.00085621389559896184 AND x[10] > 3.8779700573821931 AND x[1] > -0.21256171974273758,5,11,exkmc_0.0.3
rich,20260801,4,12,8,8,3,2,7,activity_span_days,1.8230367824074072,1.8230367824074072,0.0008562138955989618,log1p_then_standardize,>,x[10] > -1.8785711677925958 AND x[1] <= 2.808992777586071 AND x[7] > 0.00085621389559896184 AND x[10] > 3.8779700573821931 AND x[1] > -0.21256171974273758,5,11,exkmc_0.0.3
rich,20260801,4,12,8,8,3,3,10,distinct_top_categories,9.000000000000002,9.000000000000002,3.877970057382193,log1p_then_standardize,>,x[10] > -1.8785711677925958 AND x[1] <= 2.808992777586071 AND x[7] > 0.00085621389559896184 AND x[10] > 3.8779700573821931 AND x[1] > -0.21256171974273758,5,11,exkmc_0.0.3
rich,20260801,4,12,8,8,3,4,1,purchase_occasion_count,1.0,1.0,-0.21256171974273758,log1p_then_standardize,>,x[10] > -1.8785711677925958 AND x[1] <= 2.808992777586071 AND x[7] > 0.00085621389559896184 AND x[10] > 3.8779700573821931 AND x[1] > -0.21256171974273758,5,11,exkmc_0.0.3
rich,20260801,4,12,9,9,2,0,10,distinct_top_categories,6.661338147750961e-15,6.661338147750961e-15,-1.8785711677925958,log1p_then_standardize,>,x[10] > -1.8785711677925958 AND x[1] > 2.808992777586071 AND x[3] <= 1.3976264947531207,3,3,exkmc_0.0.3
rich,20260801,4,12,9,9,2,1,1,purchase_occasion_count,3.9999999999999982,3.9999999999999982,2.808992777586071,log1p_then_standardize,>,x[10] > -1.8785711677925958 AND x[1] > 2.808992777586071 AND x[3] <= 1.3976264947531207,3,3,exkmc_0.0.3
rich,20260801,4,12,9,9,2,2,3,total_events,29.000000000000004,29.000000000000004,1.3976264947531207,log1p_then_standardize,<=,x[10] > -1.8785711677925958 AND x[1] > 2.808992777586071 AND x[3] <= 1.3976264947531207,3,3,exkmc_0.0.3
rich,20260801,4,12,10,10,0,0,10,distinct_top_categories,6.661338147750961e-15,6.661338147750961e-15,-1.8785711677925958,log1p_then_standardize,>,x[10] > -1.8785711677925958 AND x[1] > 2.808992777586071 AND x[3] > 1.3976264947531207 AND x[10] <= 0.86799700440825345,4,3,exkmc_0.0.3
rich,20260801,4,12,10,10,0,1,1,purchase_occasion_count,3.9999999999999982,3.9999999999999982,2.808992777586071,log1p_then_standardize,>,x[10] > -1.8785711677925958 AND x[1] > 2.808992777586071 AND x[3] > 1.3976264947531207 AND x[10] <= 0.86799700440825345,4,3,exkmc_0.0.3
rich,20260801,4,12,10,10,0,2,3,total_events,29.000000000000004,29.000000000000004,1.3976264947531207,log1p_then_standardize,>,x[10] > -1.8785711677925958 AND x[1] > 2.808992777586071 AND x[3] > 1.3976264947531207 AND x[10] <= 0.86799700440825345,4,3,exkmc_0.0.3
rich,20260801,4,12,10,10,0,3,10,distinct_top_categories,2.0000000000000004,2.0000000000000004,0.8679970044082534,log1p_then_standardize,<=,x[10] > -1.8785711677925958 AND x[1] > 2.808992777586071 AND x[3] > 1.3976264947531207 AND x[10] <= 0.86799700440825345,4,3,exkmc_0.0.3
rich,20260801,4,12,11,11,3,0,10,distinct_top_categories,6.661338147750961e-15,6.661338147750961e-15,-1.8785711677925958,log1p_then_standardize,>,x[10] > -1.8785711677925958 AND x[1] > 2.808992777586071 AND x[3] > 1.3976264947531207 AND x[10] > 0.86799700440825345,4,103,exkmc_0.0.3
rich,20260801,4,12,11,11,3,1,1,purchase_occasion_count,3.9999999999999982,3.9999999999999982,2.808992777586071,log1p_then_standardize,>,x[10] > -1.8785711677925958 AND x[1] > 2.808992777586071 AND x[3] > 1.3976264947531207 AND x[10] > 0.86799700440825345,4,103,exkmc_0.0.3
rich,20260801,4,12,11,11,3,2,3,total_events,29.000000000000004,29.000000000000004,1.3976264947531207,log1p_then_standardize,>,x[10] > -1.8785711677925958 AND x[1] > 2.808992777586071 AND x[3] > 1.3976264947531207 AND x[10] > 0.86799700440825345,4,103,exkmc_0.0.3
rich,20260801,4,12,11,11,3,3,10,distinct_top_categories,2.0000000000000004,2.0000000000000004,0.8679970044082534,log1p_then_standardize,>,x[10] > -1.8785711677925958 AND x[1] > 2.808992777586071 AND x[3] > 1.3976264947531207 AND x[10] > 0.86799700440825345,4,103,exkmc_0.0.3
rich,20260801,4,13,0,0,1,0,10,distinct_top_categories,6.661338147750961e-15,6.661338147750961e-15,-1.8785711677925958,log1p_then_standardize,<=,x[10] <= -1.8785711677925958 AND x[3] <= 3.451524853236259,2,957,exkmc_0.0.3
rich,20260801,4,13,0,0,1,1,3,total_events,182.00000000000009,182.00000000000009,3.451524853236259,log1p_then_standardize,<=,x[10] <= -1.8785711677925958 AND x[3] <= 3.451524853236259,2,957,exkmc_0.0.3
rich,20260801,4,13,1,1,3,0,10,distinct_top_categories,6.661338147750961e-15,6.661338147750961e-15,-1.8785711677925958,log1p_then_standardize,<=,x[10] <= -1.8785711677925958 AND x[3] > 3.451524853236259,2,1,exkmc_0.0.3
rich,20260801,4,13,1,1,3,1,3,total_events,182.00000000000009,182.00000000000009,3.451524853236259,log1p_then_standardize,>,x[10] <= -1.8785711677925958 AND x[3] > 3.451524853236259,2,1,exkmc_0.0.3
rich,20260801,4,13,2,2,2,0,10,distinct_top_categories,6.661338147750961e-15,6.661338147750961e-15,-1.8785711677925958,log1p_then_standardize,>,x[10] > -1.8785711677925958 AND x[1] <= 2.808992777586071 AND x[7] <= 0.00085621389559896184 AND x[9] <= 0.72571970717618783 AND x[3] <= 2.343664930443019,5,5325,exkmc_0.0.3
rich,20260801,4,13,2,2,2,1,1,purchase_occasion_count,3.9999999999999982,3.9999999999999982,2.808992777586071,log1p_then_standardize,<=,x[10] > -1.8785711677925958 AND x[1] <= 2.808992777586071 AND x[7] <= 0.00085621389559896184 AND x[9] <= 0.72571970717618783 AND x[3] <= 2.343664930443019,5,5325,exkmc_0.0.3
rich,20260801,4,13,2,2,2,2,7,activity_span_days,1.8230367824074072,1.8230367824074072,0.0008562138955989618,log1p_then_standardize,<=,x[10] > -1.8785711677925958 AND x[1] <= 2.808992777586071 AND x[7] <= 0.00085621389559896184 AND x[9] <= 0.72571970717618783 AND x[3] <= 2.343664930443019,5,5325,exkmc_0.0.3
rich,20260801,4,13,2,2,2,3,9,session_count_30m,3.9999999999999996,3.9999999999999996,0.7257197071761878,log1p_then_standardize,<=,x[10] > -1.8785711677925958 AND x[1] <= 2.808992777586071 AND x[7] <= 0.00085621389559896184 AND x[9] <= 0.72571970717618783 AND x[3] <= 2.343664930443019,5,5325,exkmc_0.0.3
rich,20260801,4,13,2,2,2,4,3,total_events,68.00000000000001,68.00000000000001,2.343664930443019,log1p_then_standardize,<=,x[10] > -1.8785711677925958 AND x[1] <= 2.808992777586071 AND x[7] <= 0.00085621389559896184 AND x[9] <= 0.72571970717618783 AND x[3] <= 2.343664930443019,5,5325,exkmc_0.0.3
rich,20260801,4,13,3,3,0,0,10,distinct_top_categories,6.661338147750961e-15,6.661338147750961e-15,-1.8785711677925958,log1p_then_standardize,>,x[10] > -1.8785711677925958 AND x[1] <= 2.808992777586071 AND x[7] <= 0.00085621389559896184 AND x[9] <= 0.72571970717618783 AND x[3] > 2.343664930443019,5,11,exkmc_0.0.3
rich,20260801,4,13,3,3,0,1,1,purchase_occasion_count,3.9999999999999982,3.9999999999999982,2.808992777586071,log1p_then_standardize,<=,x[10] > -1.8785711677925958 AND x[1] <= 2.808992777586071 AND x[7] <= 0.00085621389559896184 AND x[9] <= 0.72571970717618783 AND x[3] > 2.343664930443019,5,11,exkmc_0.0.3
rich,20260801,4,13,3,3,0,2,7,activity_span_days,1.8230367824074072,1.8230367824074072,0.0008562138955989618,log1p_then_standardize,<=,x[10] > -1.8785711677925958 AND x[1] <= 2.808992777586071 AND x[7] <= 0.00085621389559896184 AND x[9] <= 0.72571970717618783 AND x[3] > 2.343664930443019,5,11,exkmc_0.0.3
rich,20260801,4,13,3,3,0,3,9,session_count_30m,3.9999999999999996,3.9999999999999996,0.7257197071761878,log1p_then_standardize,<=,x[10] > -1.8785711677925958 AND x[1] <= 2.808992777586071 AND x[7] <= 0.00085621389559896184 AND x[9] <= 0.72571970717618783 AND x[3] > 2.343664930443019,5,11,exkmc_0.0.3
rich,20260801,4,13,3,3,0,4,3,total_events,68.00000000000001,68.00000000000001,2.343664930443019,log1p_then_standardize,>,x[10] > -1.8785711677925958 AND x[1] <= 2.808992777586071 AND x[7] <= 0.00085621389559896184 AND x[9] <= 0.72571970717618783 AND x[3] > 2.343664930443019,5,11,exkmc_0.0.3
rich,20260801,4,13,4,4,0,0,10,distinct_top_categories,6.661338147750961e-15,6.661338147750961e-15,-1.8785711677925958,log1p_then_standardize,>,x[10] > -1.8785711677925958 AND x[1] <= 2.808992777586071 AND x[7] <= 0.00085621389559896184 AND x[9] > 0.72571970717618783,4,67,exkmc_0.0.3
rich,20260801,4,13,4,4,0,1,1,purchase_occasion_count,3.9999999999999982,3.9999999999999982,2.808992777586071,log1p_then_standardize,<=,x[10] > -1.8785711677925958 AND x[1] <= 2.808992777586071 AND x[7] <= 0.00085621389559896184 AND x[9] > 0.72571970717618783,4,67,exkmc_0.0.3
rich,20260801,4,13,4,4,0,2,7,activity_span_days,1.8230367824074072,1.8230367824074072,0.0008562138955989618,log1p_then_standardize,<=,x[10] > -1.8785711677925958 AND x[1] <= 2.808992777586071 AND x[7] <= 0.00085621389559896184 AND x[9] > 0.72571970717618783,4,67,exkmc_0.0.3
rich,20260801,4,13,4,4,0,3,9,session_count_30m,3.9999999999999996,3.9999999999999996,0.7257197071761878,log1p_then_standardize,>,x[10] > -1.8785711677925958 AND x[1] <= 2.808992777586071 AND x[7] <= 0.00085621389559896184 AND x[9] > 0.72571970717618783,4,67,exkmc_0.0.3
rich,20260801,4,13,5,5,0,0,10,distinct_top_categories,6.661338147750961e-15,6.661338147750961e-15,-1.8785711677925958,log1p_then_standardize,>,x[10] > -1.8785711677925958 AND x[1] <= 2.808992777586071 AND x[7] > 0.00085621389559896184 AND x[10] <= 3.8779700573821931 AND x[2] <= 4.8498692713837546 AND x[6] <= 2.4538748022430679,6,2870,exkmc_0.0.3
rich,20260801,4,13,5,5,0,1,1,purchase_occasion_count,3.9999999999999982,3.9999999999999982,2.808992777586071,log1p_then_standardize,<=,x[10] > -1.8785711677925958 AND x[1] <= 2.808992777586071 AND x[7] > 0.00085621389559896184 AND x[10] <= 3.8779700573821931 AND x[2] <= 4.8498692713837546 AND x[6] <= 2.4538748022430679,6,2870,exkmc_0.0.3
rich,20260801,4,13,5,5,0,2,7,activity_span_days,1.8230367824074072,1.8230367824074072,0.0008562138955989618,log1p_then_standardize,>,x[10] > -1.8785711677925958 AND x[1] <= 2.808992777586071 AND x[7] > 0.00085621389559896184 AND x[10] <= 3.8779700573821931 AND x[2] <= 4.8498692713837546 AND x[6] <= 2.4538748022430679,6,2870,exkmc_0.0.3
rich,20260801,4,13,5,5,0,3,10,distinct_top_categories,9.000000000000002,9.000000000000002,3.877970057382193,log1p_then_standardize,<=,x[10] > -1.8785711677925958 AND x[1] <= 2.808992777586071 AND x[7] > 0.00085621389559896184 AND x[10] <= 3.8779700573821931 AND x[2] <= 4.8498692713837546 AND x[6] <= 2.4538748022430679,6,2870,exkmc_0.0.3
rich,20260801,4,13,5,5,0,4,2,purchase_event_count,16.0,16.0,4.849869271383755,log1p_then_standardize,<=,x[10] > -1.8785711677925958 AND x[1] <= 2.808992777586071 AND x[7] > 0.00085621389559896184 AND x[10] <= 3.8779700573821931 AND x[2] <= 4.8498692713837546 AND x[6] <= 2.4538748022430679,6,2870,exkmc_0.0.3
rich,20260801,4,13,5,5,0,5,6,transaction_per_view,1.4,1.4,2.453874802243068,standardize,<=,x[10] > -1.8785711677925958 AND x[1] <= 2.808992777586071 AND x[7] > 0.00085621389559896184 AND x[10] <= 3.8779700573821931 AND x[2] <= 4.8498692713837546 AND x[6] <= 2.4538748022430679,6,2870,exkmc_0.0.3
rich,20260801,4,13,6,6,2,0,10,distinct_top_categories,6.661338147750961e-15,6.661338147750961e-15,-1.8785711677925958,log1p_then_standardize,>,x[10] > -1.8785711677925958 AND x[1] <= 2.808992777586071 AND x[7] > 0.00085621389559896184 AND x[10] <= 3.8779700573821931 AND x[2] <= 4.8498692713837546 AND x[6] > 2.4538748022430679,6,14,exkmc_0.0.3
rich,20260801,4,13,6,6,2,1,1,purchase_occasion_count,3.9999999999999982,3.9999999999999982,2.808992777586071,log1p_then_standardize,<=,x[10] > -1.8785711677925958 AND x[1] <= 2.808992777586071 AND x[7] > 0.00085621389559896184 AND x[10] <= 3.8779700573821931 AND x[2] <= 4.8498692713837546 AND x[6] > 2.4538748022430679,6,14,exkmc_0.0.3
rich,20260801,4,13,6,6,2,2,7,activity_span_days,1.8230367824074072,1.8230367824074072,0.0008562138955989618,log1p_then_standardize,>,x[10] > -1.8785711677925958 AND x[1] <= 2.808992777586071 AND x[7] > 0.00085621389559896184 AND x[10] <= 3.8779700573821931 AND x[2] <= 4.8498692713837546 AND x[6] > 2.4538748022430679,6,14,exkmc_0.0.3
rich,20260801,4,13,6,6,2,3,10,distinct_top_categories,9.000000000000002,9.000000000000002,3.877970057382193,log1p_then_standardize,<=,x[10] > -1.8785711677925958 AND x[1] <= 2.808992777586071 AND x[7] > 0.00085621389559896184 AND x[10] <= 3.8779700573821931 AND x[2] <= 4.8498692713837546 AND x[6] > 2.4538748022430679,6,14,exkmc_0.0.3
rich,20260801,4,13,6,6,2,4,2,purchase_event_count,16.0,16.0,4.849869271383755,log1p_then_standardize,<=,x[10] > -1.8785711677925958 AND x[1] <= 2.808992777586071 AND x[7] > 0.00085621389559896184 AND x[10] <= 3.8779700573821931 AND x[2] <= 4.8498692713837546 AND x[6] > 2.4538748022430679,6,14,exkmc_0.0.3
rich,20260801,4,13,6,6,2,5,6,transaction_per_view,1.4,1.4,2.453874802243068,standardize,>,x[10] > -1.8785711677925958 AND x[1] <= 2.808992777586071 AND x[7] > 0.00085621389559896184 AND x[10] <= 3.8779700573821931 AND x[2] <= 4.8498692713837546 AND x[6] > 2.4538748022430679,6,14,exkmc_0.0.3
rich,20260801,4,13,7,7,3,0,10,distinct_top_categories,6.661338147750961e-15,6.661338147750961e-15,-1.8785711677925958,log1p_then_standardize,>,x[10] > -1.8785711677925958 AND x[1] <= 2.808992777586071 AND x[7] > 0.00085621389559896184 AND x[10] <= 3.8779700573821931 AND x[2] > 4.8498692713837546,5,6,exkmc_0.0.3
rich,20260801,4,13,7,7,3,1,1,purchase_occasion_count,3.9999999999999982,3.9999999999999982,2.808992777586071,log1p_then_standardize,<=,x[10] > -1.8785711677925958 AND x[1] <= 2.808992777586071 AND x[7] > 0.00085621389559896184 AND x[10] <= 3.8779700573821931 AND x[2] > 4.8498692713837546,5,6,exkmc_0.0.3
rich,20260801,4,13,7,7,3,2,7,activity_span_days,1.8230367824074072,1.8230367824074072,0.0008562138955989618,log1p_then_standardize,>,x[10] > -1.8785711677925958 AND x[1] <= 2.808992777586071 AND x[7] > 0.00085621389559896184 AND x[10] <= 3.8779700573821931 AND x[2] > 4.8498692713837546,5,6,exkmc_0.0.3
rich,20260801,4,13,7,7,3,3,10,distinct_top_categories,9.000000000000002,9.000000000000002,3.877970057382193,log1p_then_standardize,<=,x[10] > -1.8785711677925958 AND x[1] <= 2.808992777586071 AND x[7] > 0.00085621389559896184 AND x[10] <= 3.8779700573821931 AND x[2] > 4.8498692713837546,5,6,exkmc_0.0.3
rich,20260801,4,13,7,7,3,4,2,purchase_event_count,16.0,16.0,4.849869271383755,log1p_then_standardize,>,x[10] > -1.8785711677925958 AND x[1] <= 2.808992777586071 AND x[7] > 0.00085621389559896184 AND x[10] <= 3.8779700573821931 AND x[2] > 4.8498692713837546,5,6,exkmc_0.0.3
rich,20260801,4,13,8,8,0,0,10,distinct_top_categories,6.661338147750961e-15,6.661338147750961e-15,-1.8785711677925958,log1p_then_standardize,>,x[10] > -1.8785711677925958 AND x[1] <= 2.808992777586071 AND x[7] > 0.00085621389559896184 AND x[10] > 3.8779700573821931 AND x[1] <= -0.21256171974273758,5,4,exkmc_0.0.3
rich,20260801,4,13,8,8,0,1,1,purchase_occasion_count,3.9999999999999982,3.9999999999999982,2.808992777586071,log1p_then_standardize,<=,x[10] > -1.8785711677925958 AND x[1] <= 2.808992777586071 AND x[7] > 0.00085621389559896184 AND x[10] > 3.8779700573821931 AND x[1] <= -0.21256171974273758,5,4,exkmc_0.0.3
rich,20260801,4,13,8,8,0,2,7,activity_span_days,1.8230367824074072,1.8230367824074072,0.0008562138955989618,log1p_then_standardize,>,x[10] > -1.8785711677925958 AND x[1] <= 2.808992777586071 AND x[7] > 0.00085621389559896184 AND x[10] > 3.8779700573821931 AND x[1] <= -0.21256171974273758,5,4,exkmc_0.0.3
rich,20260801,4,13,8,8,0,3,10,distinct_top_categories,9.000000000000002,9.000000000000002,3.877970057382193,log1p_then_standardize,>,x[10] > -1.8785711677925958 AND x[1] <= 2.808992777586071 AND x[7] > 0.00085621389559896184 AND x[10] > 3.8779700573821931 AND x[1] <= -0.21256171974273758,5,4,exkmc_0.0.3
rich,20260801,4,13,8,8,0,4,1,purchase_occasion_count,1.0,1.0,-0.21256171974273758,log1p_then_standardize,<=,x[10] > -1.8785711677925958 AND x[1] <= 2.808992777586071 AND x[7] > 0.00085621389559896184 AND x[10] > 3.8779700573821931 AND x[1] <= -0.21256171974273758,5,4,exkmc_0.0.3
rich,20260801,4,13,9,9,3,0,10,distinct_top_categories,6.661338147750961e-15,6.661338147750961e-15,-1.8785711677925958,log1p_then_standardize,>,x[10] > -1.8785711677925958 AND x[1] <= 2.808992777586071 AND x[7] > 0.00085621389559896184 AND x[10] > 3.8779700573821931 AND x[1] > -0.21256171974273758,5,11,exkmc_0.0.3
rich,20260801,4,13,9,9,3,1,1,purchase_occasion_count,3.9999999999999982,3.9999999999999982,2.808992777586071,log1p_then_standardize,<=,x[10] > -1.8785711677925958 AND x[1] <= 2.808992777586071 AND x[7] > 0.00085621389559896184 AND x[10] > 3.8779700573821931 AND x[1] > -0.21256171974273758,5,11,exkmc_0.0.3
rich,20260801,4,13,9,9,3,2,7,activity_span_days,1.8230367824074072,1.8230367824074072,0.0008562138955989618,log1p_then_standardize,>,x[10] > -1.8785711677925958 AND x[1] <= 2.808992777586071 AND x[7] > 0.00085621389559896184 AND x[10] > 3.8779700573821931 AND x[1] > -0.21256171974273758,5,11,exkmc_0.0.3
rich,20260801,4,13,9,9,3,3,10,distinct_top_categories,9.000000000000002,9.000000000000002,3.877970057382193,log1p_then_standardize,>,x[10] > -1.8785711677925958 AND x[1] <= 2.808992777586071 AND x[7] > 0.00085621389559896184 AND x[10] > 3.8779700573821931 AND x[1] > -0.21256171974273758,5,11,exkmc_0.0.3
rich,20260801,4,13,9,9,3,4,1,purchase_occasion_count,1.0,1.0,-0.21256171974273758,log1p_then_standardize,>,x[10] > -1.8785711677925958 AND x[1] <= 2.808992777586071 AND x[7] > 0.00085621389559896184 AND x[10] > 3.8779700573821931 AND x[1] > -0.21256171974273758,5,11,exkmc_0.0.3
rich,20260801,4,13,10,10,2,0,10,distinct_top_categories,6.661338147750961e-15,6.661338147750961e-15,-1.8785711677925958,log1p_then_standardize,>,x[10] > -1.8785711677925958 AND x[1] > 2.808992777586071 AND x[3] <= 1.3976264947531207,3,3,exkmc_0.0.3
rich,20260801,4,13,10,10,2,1,1,purchase_occasion_count,3.9999999999999982,3.9999999999999982,2.808992777586071,log1p_then_standardize,>,x[10] > -1.8785711677925958 AND x[1] > 2.808992777586071 AND x[3] <= 1.3976264947531207,3,3,exkmc_0.0.3
rich,20260801,4,13,10,10,2,2,3,total_events,29.000000000000004,29.000000000000004,1.3976264947531207,log1p_then_standardize,<=,x[10] > -1.8785711677925958 AND x[1] > 2.808992777586071 AND x[3] <= 1.3976264947531207,3,3,exkmc_0.0.3
rich,20260801,4,13,11,11,0,0,10,distinct_top_categories,6.661338147750961e-15,6.661338147750961e-15,-1.8785711677925958,log1p_then_standardize,>,x[10] > -1.8785711677925958 AND x[1] > 2.808992777586071 AND x[3] > 1.3976264947531207 AND x[10] <= 0.86799700440825345,4,3,exkmc_0.0.3
rich,20260801,4,13,11,11,0,1,1,purchase_occasion_count,3.9999999999999982,3.9999999999999982,2.808992777586071,log1p_then_standardize,>,x[10] > -1.8785711677925958 AND x[1] > 2.808992777586071 AND x[3] > 1.3976264947531207 AND x[10] <= 0.86799700440825345,4,3,exkmc_0.0.3
rich,20260801,4,13,11,11,0,2,3,total_events,29.000000000000004,29.000000000000004,1.3976264947531207,log1p_then_standardize,>,x[10] > -1.8785711677925958 AND x[1] > 2.808992777586071 AND x[3] > 1.3976264947531207 AND x[10] <= 0.86799700440825345,4,3,exkmc_0.0.3
rich,20260801,4,13,11,11,0,3,10,distinct_top_categories,2.0000000000000004,2.0000000000000004,0.8679970044082534,log1p_then_standardize,<=,x[10] > -1.8785711677925958 AND x[1] > 2.808992777586071 AND x[3] > 1.3976264947531207 AND x[10] <= 0.86799700440825345,4,3,exkmc_0.0.3
rich,20260801,4,13,12,12,3,0,10,distinct_top_categories,6.661338147750961e-15,6.661338147750961e-15,-1.8785711677925958,log1p_then_standardize,>,x[10] > -1.8785711677925958 AND x[1] > 2.808992777586071 AND x[3] > 1.3976264947531207 AND x[10] > 0.86799700440825345,4,103,exkmc_0.0.3
rich,20260801,4,13,12,12,3,1,1,purchase_occasion_count,3.9999999999999982,3.9999999999999982,2.808992777586071,log1p_then_standardize,>,x[10] > -1.8785711677925958 AND x[1] > 2.808992777586071 AND x[3] > 1.3976264947531207 AND x[10] > 0.86799700440825345,4,103,exkmc_0.0.3
rich,20260801,4,13,12,12,3,2,3,total_events,29.000000000000004,29.000000000000004,1.3976264947531207,log1p_then_standardize,>,x[10] > -1.8785711677925958 AND x[1] > 2.808992777586071 AND x[3] > 1.3976264947531207 AND x[10] > 0.86799700440825345,4,103,exkmc_0.0.3
rich,20260801,4,13,12,12,3,3,10,distinct_top_categories,2.0000000000000004,2.0000000000000004,0.8679970044082534,log1p_then_standardize,>,x[10] > -1.8785711677925958 AND x[1] > 2.808992777586071 AND x[3] > 1.3976264947531207 AND x[10] > 0.86799700440825345,4,103,exkmc_0.0.3
rich,20260801,4,14,0,0,1,0,10,distinct_top_categories,6.661338147750961e-15,6.661338147750961e-15,-1.8785711677925958,log1p_then_standardize,<=,x[10] <= -1.8785711677925958 AND x[3] <= 3.451524853236259,2,957,exkmc_0.0.3
rich,20260801,4,14,0,0,1,1,3,total_events,182.00000000000009,182.00000000000009,3.451524853236259,log1p_then_standardize,<=,x[10] <= -1.8785711677925958 AND x[3] <= 3.451524853236259,2,957,exkmc_0.0.3
rich,20260801,4,14,1,1,3,0,10,distinct_top_categories,6.661338147750961e-15,6.661338147750961e-15,-1.8785711677925958,log1p_then_standardize,<=,x[10] <= -1.8785711677925958 AND x[3] > 3.451524853236259,2,1,exkmc_0.0.3
rich,20260801,4,14,1,1,3,1,3,total_events,182.00000000000009,182.00000000000009,3.451524853236259,log1p_then_standardize,>,x[10] <= -1.8785711677925958 AND x[3] > 3.451524853236259,2,1,exkmc_0.0.3
rich,20260801,4,14,2,2,2,0,10,distinct_top_categories,6.661338147750961e-15,6.661338147750961e-15,-1.8785711677925958,log1p_then_standardize,>,x[10] > -1.8785711677925958 AND x[1] <= 2.808992777586071 AND x[7] <= 0.00085621389559896184 AND x[9] <= 0.72571970717618783 AND x[3] <= 2.343664930443019 AND x[4] <= 0.17947689751918111,6,5304,exkmc_0.0.3
rich,20260801,4,14,2,2,2,1,1,purchase_occasion_count,3.9999999999999982,3.9999999999999982,2.808992777586071,log1p_then_standardize,<=,x[10] > -1.8785711677925958 AND x[1] <= 2.808992777586071 AND x[7] <= 0.00085621389559896184 AND x[9] <= 0.72571970717618783 AND x[3] <= 2.343664930443019 AND x[4] <= 0.17947689751918111,6,5304,exkmc_0.0.3
rich,20260801,4,14,2,2,2,2,7,activity_span_days,1.8230367824074072,1.8230367824074072,0.0008562138955989618,log1p_then_standardize,<=,x[10] > -1.8785711677925958 AND x[1] <= 2.808992777586071 AND x[7] <= 0.00085621389559896184 AND x[9] <= 0.72571970717618783 AND x[3] <= 2.343664930443019 AND x[4] <= 0.17947689751918111,6,5304,exkmc_0.0.3
rich,20260801,4,14,2,2,2,3,9,session_count_30m,3.9999999999999996,3.9999999999999996,0.7257197071761878,log1p_then_standardize,<=,x[10] > -1.8785711677925958 AND x[1] <= 2.808992777586071 AND x[7] <= 0.00085621389559896184 AND x[9] <= 0.72571970717618783 AND x[3] <= 2.343664930443019 AND x[4] <= 0.17947689751918111,6,5304,exkmc_0.0.3
rich,20260801,4,14,2,2,2,4,3,total_events,68.00000000000001,68.00000000000001,2.343664930443019,log1p_then_standardize,<=,x[10] > -1.8785711677925958 AND x[1] <= 2.808992777586071 AND x[7] <= 0.00085621389559896184 AND x[9] <= 0.72571970717618783 AND x[3] <= 2.343664930443019 AND x[4] <= 0.17947689751918111,6,5304,exkmc_0.0.3
rich,20260801,4,14,2,2,2,5,4,active_days,2.0000000000000004,2.0000000000000004,0.1794768975191811,log1p_then_standardize,<=,x[10] > -1.8785711677925958 AND x[1] <= 2.808992777586071 AND x[7] <= 0.00085621389559896184 AND x[9] <= 0.72571970717618783 AND x[3] <= 2.343664930443019 AND x[4] <= 0.17947689751918111,6,5304,exkmc_0.0.3
rich,20260801,4,14,3,3,0,0,10,distinct_top_categories,6.661338147750961e-15,6.661338147750961e-15,-1.8785711677925958,log1p_then_standardize,>,x[10] > -1.8785711677925958 AND x[1] <= 2.808992777586071 AND x[7] <= 0.00085621389559896184 AND x[9] <= 0.72571970717618783 AND x[3] <= 2.343664930443019 AND x[4] > 0.17947689751918111,6,21,exkmc_0.0.3
rich,20260801,4,14,3,3,0,1,1,purchase_occasion_count,3.9999999999999982,3.9999999999999982,2.808992777586071,log1p_then_standardize,<=,x[10] > -1.8785711677925958 AND x[1] <= 2.808992777586071 AND x[7] <= 0.00085621389559896184 AND x[9] <= 0.72571970717618783 AND x[3] <= 2.343664930443019 AND x[4] > 0.17947689751918111,6,21,exkmc_0.0.3
rich,20260801,4,14,3,3,0,2,7,activity_span_days,1.8230367824074072,1.8230367824074072,0.0008562138955989618,log1p_then_standardize,<=,x[10] > -1.8785711677925958 AND x[1] <= 2.808992777586071 AND x[7] <= 0.00085621389559896184 AND x[9] <= 0.72571970717618783 AND x[3] <= 2.343664930443019 AND x[4] > 0.17947689751918111,6,21,exkmc_0.0.3
rich,20260801,4,14,3,3,0,3,9,session_count_30m,3.9999999999999996,3.9999999999999996,0.7257197071761878,log1p_then_standardize,<=,x[10] > -1.8785711677925958 AND x[1] <= 2.808992777586071 AND x[7] <= 0.00085621389559896184 AND x[9] <= 0.72571970717618783 AND x[3] <= 2.343664930443019 AND x[4] > 0.17947689751918111,6,21,exkmc_0.0.3
rich,20260801,4,14,3,3,0,4,3,total_events,68.00000000000001,68.00000000000001,2.343664930443019,log1p_then_standardize,<=,x[10] > -1.8785711677925958 AND x[1] <= 2.808992777586071 AND x[7] <= 0.00085621389559896184 AND x[9] <= 0.72571970717618783 AND x[3] <= 2.343664930443019 AND x[4] > 0.17947689751918111,6,21,exkmc_0.0.3
rich,20260801,4,14,3,3,0,5,4,active_days,2.0000000000000004,2.0000000000000004,0.1794768975191811,log1p_then_standardize,>,x[10] > -1.8785711677925958 AND x[1] <= 2.808992777586071 AND x[7] <= 0.00085621389559896184 AND x[9] <= 0.72571970717618783 AND x[3] <= 2.343664930443019 AND x[4] > 0.17947689751918111,6,21,exkmc_0.0.3
rich,20260801,4,14,4,4,0,0,10,distinct_top_categories,6.661338147750961e-15,6.661338147750961e-15,-1.8785711677925958,log1p_then_standardize,>,x[10] > -1.8785711677925958 AND x[1] <= 2.808992777586071 AND x[7] <= 0.00085621389559896184 AND x[9] <= 0.72571970717618783 AND x[3] > 2.343664930443019,5,11,exkmc_0.0.3
rich,20260801,4,14,4,4,0,1,1,purchase_occasion_count,3.9999999999999982,3.9999999999999982,2.808992777586071,log1p_then_standardize,<=,x[10] > -1.8785711677925958 AND x[1] <= 2.808992777586071 AND x[7] <= 0.00085621389559896184 AND x[9] <= 0.72571970717618783 AND x[3] > 2.343664930443019,5,11,exkmc_0.0.3
rich,20260801,4,14,4,4,0,2,7,activity_span_days,1.8230367824074072,1.8230367824074072,0.0008562138955989618,log1p_then_standardize,<=,x[10] > -1.8785711677925958 AND x[1] <= 2.808992777586071 AND x[7] <= 0.00085621389559896184 AND x[9] <= 0.72571970717618783 AND x[3] > 2.343664930443019,5,11,exkmc_0.0.3
rich,20260801,4,14,4,4,0,3,9,session_count_30m,3.9999999999999996,3.9999999999999996,0.7257197071761878,log1p_then_standardize,<=,x[10] > -1.8785711677925958 AND x[1] <= 2.808992777586071 AND x[7] <= 0.00085621389559896184 AND x[9] <= 0.72571970717618783 AND x[3] > 2.343664930443019,5,11,exkmc_0.0.3
rich,20260801,4,14,4,4,0,4,3,total_events,68.00000000000001,68.00000000000001,2.343664930443019,log1p_then_standardize,>,x[10] > -1.8785711677925958 AND x[1] <= 2.808992777586071 AND x[7] <= 0.00085621389559896184 AND x[9] <= 0.72571970717618783 AND x[3] > 2.343664930443019,5,11,exkmc_0.0.3
rich,20260801,4,14,5,5,0,0,10,distinct_top_categories,6.661338147750961e-15,6.661338147750961e-15,-1.8785711677925958,log1p_then_standardize,>,x[10] > -1.8785711677925958 AND x[1] <= 2.808992777586071 AND x[7] <= 0.00085621389559896184 AND x[9] > 0.72571970717618783,4,67,exkmc_0.0.3
rich,20260801,4,14,5,5,0,1,1,purchase_occasion_count,3.9999999999999982,3.9999999999999982,2.808992777586071,log1p_then_standardize,<=,x[10] > -1.8785711677925958 AND x[1] <= 2.808992777586071 AND x[7] <= 0.00085621389559896184 AND x[9] > 0.72571970717618783,4,67,exkmc_0.0.3
rich,20260801,4,14,5,5,0,2,7,activity_span_days,1.8230367824074072,1.8230367824074072,0.0008562138955989618,log1p_then_standardize,<=,x[10] > -1.8785711677925958 AND x[1] <= 2.808992777586071 AND x[7] <= 0.00085621389559896184 AND x[9] > 0.72571970717618783,4,67,exkmc_0.0.3
rich,20260801,4,14,5,5,0,3,9,session_count_30m,3.9999999999999996,3.9999999999999996,0.7257197071761878,log1p_then_standardize,>,x[10] > -1.8785711677925958 AND x[1] <= 2.808992777586071 AND x[7] <= 0.00085621389559896184 AND x[9] > 0.72571970717618783,4,67,exkmc_0.0.3
rich,20260801,4,14,6,6,0,0,10,distinct_top_categories,6.661338147750961e-15,6.661338147750961e-15,-1.8785711677925958,log1p_then_standardize,>,x[10] > -1.8785711677925958 AND x[1] <= 2.808992777586071 AND x[7] > 0.00085621389559896184 AND x[10] <= 3.8779700573821931 AND x[2] <= 4.8498692713837546 AND x[6] <= 2.4538748022430679,6,2870,exkmc_0.0.3
rich,20260801,4,14,6,6,0,1,1,purchase_occasion_count,3.9999999999999982,3.9999999999999982,2.808992777586071,log1p_then_standardize,<=,x[10] > -1.8785711677925958 AND x[1] <= 2.808992777586071 AND x[7] > 0.00085621389559896184 AND x[10] <= 3.8779700573821931 AND x[2] <= 4.8498692713837546 AND x[6] <= 2.4538748022430679,6,2870,exkmc_0.0.3
rich,20260801,4,14,6,6,0,2,7,activity_span_days,1.8230367824074072,1.8230367824074072,0.0008562138955989618,log1p_then_standardize,>,x[10] > -1.8785711677925958 AND x[1] <= 2.808992777586071 AND x[7] > 0.00085621389559896184 AND x[10] <= 3.8779700573821931 AND x[2] <= 4.8498692713837546 AND x[6] <= 2.4538748022430679,6,2870,exkmc_0.0.3
rich,20260801,4,14,6,6,0,3,10,distinct_top_categories,9.000000000000002,9.000000000000002,3.877970057382193,log1p_then_standardize,<=,x[10] > -1.8785711677925958 AND x[1] <= 2.808992777586071 AND x[7] > 0.00085621389559896184 AND x[10] <= 3.8779700573821931 AND x[2] <= 4.8498692713837546 AND x[6] <= 2.4538748022430679,6,2870,exkmc_0.0.3
rich,20260801,4,14,6,6,0,4,2,purchase_event_count,16.0,16.0,4.849869271383755,log1p_then_standardize,<=,x[10] > -1.8785711677925958 AND x[1] <= 2.808992777586071 AND x[7] > 0.00085621389559896184 AND x[10] <= 3.8779700573821931 AND x[2] <= 4.8498692713837546 AND x[6] <= 2.4538748022430679,6,2870,exkmc_0.0.3
rich,20260801,4,14,6,6,0,5,6,transaction_per_view,1.4,1.4,2.453874802243068,standardize,<=,x[10] > -1.8785711677925958 AND x[1] <= 2.808992777586071 AND x[7] > 0.00085621389559896184 AND x[10] <= 3.8779700573821931 AND x[2] <= 4.8498692713837546 AND x[6] <= 2.4538748022430679,6,2870,exkmc_0.0.3
rich,20260801,4,14,7,7,2,0,10,distinct_top_categories,6.661338147750961e-15,6.661338147750961e-15,-1.8785711677925958,log1p_then_standardize,>,x[10] > -1.8785711677925958 AND x[1] <= 2.808992777586071 AND x[7] > 0.00085621389559896184 AND x[10] <= 3.8779700573821931 AND x[2] <= 4.8498692713837546 AND x[6] > 2.4538748022430679,6,14,exkmc_0.0.3
rich,20260801,4,14,7,7,2,1,1,purchase_occasion_count,3.9999999999999982,3.9999999999999982,2.808992777586071,log1p_then_standardize,<=,x[10] > -1.8785711677925958 AND x[1] <= 2.808992777586071 AND x[7] > 0.00085621389559896184 AND x[10] <= 3.8779700573821931 AND x[2] <= 4.8498692713837546 AND x[6] > 2.4538748022430679,6,14,exkmc_0.0.3
rich,20260801,4,14,7,7,2,2,7,activity_span_days,1.8230367824074072,1.8230367824074072,0.0008562138955989618,log1p_then_standardize,>,x[10] > -1.8785711677925958 AND x[1] <= 2.808992777586071 AND x[7] > 0.00085621389559896184 AND x[10] <= 3.8779700573821931 AND x[2] <= 4.8498692713837546 AND x[6] > 2.4538748022430679,6,14,exkmc_0.0.3
rich,20260801,4,14,7,7,2,3,10,distinct_top_categories,9.000000000000002,9.000000000000002,3.877970057382193,log1p_then_standardize,<=,x[10] > -1.8785711677925958 AND x[1] <= 2.808992777586071 AND x[7] > 0.00085621389559896184 AND x[10] <= 3.8779700573821931 AND x[2] <= 4.8498692713837546 AND x[6] > 2.4538748022430679,6,14,exkmc_0.0.3
rich,20260801,4,14,7,7,2,4,2,purchase_event_count,16.0,16.0,4.849869271383755,log1p_then_standardize,<=,x[10] > -1.8785711677925958 AND x[1] <= 2.808992777586071 AND x[7] > 0.00085621389559896184 AND x[10] <= 3.8779700573821931 AND x[2] <= 4.8498692713837546 AND x[6] > 2.4538748022430679,6,14,exkmc_0.0.3
rich,20260801,4,14,7,7,2,5,6,transaction_per_view,1.4,1.4,2.453874802243068,standardize,>,x[10] > -1.8785711677925958 AND x[1] <= 2.808992777586071 AND x[7] > 0.00085621389559896184 AND x[10] <= 3.8779700573821931 AND x[2] <= 4.8498692713837546 AND x[6] > 2.4538748022430679,6,14,exkmc_0.0.3
rich,20260801,4,14,8,8,3,0,10,distinct_top_categories,6.661338147750961e-15,6.661338147750961e-15,-1.8785711677925958,log1p_then_standardize,>,x[10] > -1.8785711677925958 AND x[1] <= 2.808992777586071 AND x[7] > 0.00085621389559896184 AND x[10] <= 3.8779700573821931 AND x[2] > 4.8498692713837546,5,6,exkmc_0.0.3
rich,20260801,4,14,8,8,3,1,1,purchase_occasion_count,3.9999999999999982,3.9999999999999982,2.808992777586071,log1p_then_standardize,<=,x[10] > -1.8785711677925958 AND x[1] <= 2.808992777586071 AND x[7] > 0.00085621389559896184 AND x[10] <= 3.8779700573821931 AND x[2] > 4.8498692713837546,5,6,exkmc_0.0.3
rich,20260801,4,14,8,8,3,2,7,activity_span_days,1.8230367824074072,1.8230367824074072,0.0008562138955989618,log1p_then_standardize,>,x[10] > -1.8785711677925958 AND x[1] <= 2.808992777586071 AND x[7] > 0.00085621389559896184 AND x[10] <= 3.8779700573821931 AND x[2] > 4.8498692713837546,5,6,exkmc_0.0.3
rich,20260801,4,14,8,8,3,3,10,distinct_top_categories,9.000000000000002,9.000000000000002,3.877970057382193,log1p_then_standardize,<=,x[10] > -1.8785711677925958 AND x[1] <= 2.808992777586071 AND x[7] > 0.00085621389559896184 AND x[10] <= 3.8779700573821931 AND x[2] > 4.8498692713837546,5,6,exkmc_0.0.3
rich,20260801,4,14,8,8,3,4,2,purchase_event_count,16.0,16.0,4.849869271383755,log1p_then_standardize,>,x[10] > -1.8785711677925958 AND x[1] <= 2.808992777586071 AND x[7] > 0.00085621389559896184 AND x[10] <= 3.8779700573821931 AND x[2] > 4.8498692713837546,5,6,exkmc_0.0.3
rich,20260801,4,14,9,9,0,0,10,distinct_top_categories,6.661338147750961e-15,6.661338147750961e-15,-1.8785711677925958,log1p_then_standardize,>,x[10] > -1.8785711677925958 AND x[1] <= 2.808992777586071 AND x[7] > 0.00085621389559896184 AND x[10] > 3.8779700573821931 AND x[1] <= -0.21256171974273758,5,4,exkmc_0.0.3
rich,20260801,4,14,9,9,0,1,1,purchase_occasion_count,3.9999999999999982,3.9999999999999982,2.808992777586071,log1p_then_standardize,<=,x[10] > -1.8785711677925958 AND x[1] <= 2.808992777586071 AND x[7] > 0.00085621389559896184 AND x[10] > 3.8779700573821931 AND x[1] <= -0.21256171974273758,5,4,exkmc_0.0.3
rich,20260801,4,14,9,9,0,2,7,activity_span_days,1.8230367824074072,1.8230367824074072,0.0008562138955989618,log1p_then_standardize,>,x[10] > -1.8785711677925958 AND x[1] <= 2.808992777586071 AND x[7] > 0.00085621389559896184 AND x[10] > 3.8779700573821931 AND x[1] <= -0.21256171974273758,5,4,exkmc_0.0.3
rich,20260801,4,14,9,9,0,3,10,distinct_top_categories,9.000000000000002,9.000000000000002,3.877970057382193,log1p_then_standardize,>,x[10] > -1.8785711677925958 AND x[1] <= 2.808992777586071 AND x[7] > 0.00085621389559896184 AND x[10] > 3.8779700573821931 AND x[1] <= -0.21256171974273758,5,4,exkmc_0.0.3
rich,20260801,4,14,9,9,0,4,1,purchase_occasion_count,1.0,1.0,-0.21256171974273758,log1p_then_standardize,<=,x[10] > -1.8785711677925958 AND x[1] <= 2.808992777586071 AND x[7] > 0.00085621389559896184 AND x[10] > 3.8779700573821931 AND x[1] <= -0.21256171974273758,5,4,exkmc_0.0.3
rich,20260801,4,14,10,10,3,0,10,distinct_top_categories,6.661338147750961e-15,6.661338147750961e-15,-1.8785711677925958,log1p_then_standardize,>,x[10] > -1.8785711677925958 AND x[1] <= 2.808992777586071 AND x[7] > 0.00085621389559896184 AND x[10] > 3.8779700573821931 AND x[1] > -0.21256171974273758,5,11,exkmc_0.0.3
rich,20260801,4,14,10,10,3,1,1,purchase_occasion_count,3.9999999999999982,3.9999999999999982,2.808992777586071,log1p_then_standardize,<=,x[10] > -1.8785711677925958 AND x[1] <= 2.808992777586071 AND x[7] > 0.00085621389559896184 AND x[10] > 3.8779700573821931 AND x[1] > -0.21256171974273758,5,11,exkmc_0.0.3
rich,20260801,4,14,10,10,3,2,7,activity_span_days,1.8230367824074072,1.8230367824074072,0.0008562138955989618,log1p_then_standardize,>,x[10] > -1.8785711677925958 AND x[1] <= 2.808992777586071 AND x[7] > 0.00085621389559896184 AND x[10] > 3.8779700573821931 AND x[1] > -0.21256171974273758,5,11,exkmc_0.0.3
rich,20260801,4,14,10,10,3,3,10,distinct_top_categories,9.000000000000002,9.000000000000002,3.877970057382193,log1p_then_standardize,>,x[10] > -1.8785711677925958 AND x[1] <= 2.808992777586071 AND x[7] > 0.00085621389559896184 AND x[10] > 3.8779700573821931 AND x[1] > -0.21256171974273758,5,11,exkmc_0.0.3
rich,20260801,4,14,10,10,3,4,1,purchase_occasion_count,1.0,1.0,-0.21256171974273758,log1p_then_standardize,>,x[10] > -1.8785711677925958 AND x[1] <= 2.808992777586071 AND x[7] > 0.00085621389559896184 AND x[10] > 3.8779700573821931 AND x[1] > -0.21256171974273758,5,11,exkmc_0.0.3
rich,20260801,4,14,11,11,2,0,10,distinct_top_categories,6.661338147750961e-15,6.661338147750961e-15,-1.8785711677925958,log1p_then_standardize,>,x[10] > -1.8785711677925958 AND x[1] > 2.808992777586071 AND x[3] <= 1.3976264947531207,3,3,exkmc_0.0.3
rich,20260801,4,14,11,11,2,1,1,purchase_occasion_count,3.9999999999999982,3.9999999999999982,2.808992777586071,log1p_then_standardize,>,x[10] > -1.8785711677925958 AND x[1] > 2.808992777586071 AND x[3] <= 1.3976264947531207,3,3,exkmc_0.0.3
rich,20260801,4,14,11,11,2,2,3,total_events,29.000000000000004,29.000000000000004,1.3976264947531207,log1p_then_standardize,<=,x[10] > -1.8785711677925958 AND x[1] > 2.808992777586071 AND x[3] <= 1.3976264947531207,3,3,exkmc_0.0.3
rich,20260801,4,14,12,12,0,0,10,distinct_top_categories,6.661338147750961e-15,6.661338147750961e-15,-1.8785711677925958,log1p_then_standardize,>,x[10] > -1.8785711677925958 AND x[1] > 2.808992777586071 AND x[3] > 1.3976264947531207 AND x[10] <= 0.86799700440825345,4,3,exkmc_0.0.3
rich,20260801,4,14,12,12,0,1,1,purchase_occasion_count,3.9999999999999982,3.9999999999999982,2.808992777586071,log1p_then_standardize,>,x[10] > -1.8785711677925958 AND x[1] > 2.808992777586071 AND x[3] > 1.3976264947531207 AND x[10] <= 0.86799700440825345,4,3,exkmc_0.0.3
rich,20260801,4,14,12,12,0,2,3,total_events,29.000000000000004,29.000000000000004,1.3976264947531207,log1p_then_standardize,>,x[10] > -1.8785711677925958 AND x[1] > 2.808992777586071 AND x[3] > 1.3976264947531207 AND x[10] <= 0.86799700440825345,4,3,exkmc_0.0.3
rich,20260801,4,14,12,12,0,3,10,distinct_top_categories,2.0000000000000004,2.0000000000000004,0.8679970044082534,log1p_then_standardize,<=,x[10] > -1.8785711677925958 AND x[1] > 2.808992777586071 AND x[3] > 1.3976264947531207 AND x[10] <= 0.86799700440825345,4,3,exkmc_0.0.3
rich,20260801,4,14,13,13,3,0,10,distinct_top_categories,6.661338147750961e-15,6.661338147750961e-15,-1.8785711677925958,log1p_then_standardize,>,x[10] > -1.8785711677925958 AND x[1] > 2.808992777586071 AND x[3] > 1.3976264947531207 AND x[10] > 0.86799700440825345,4,103,exkmc_0.0.3
rich,20260801,4,14,13,13,3,1,1,purchase_occasion_count,3.9999999999999982,3.9999999999999982,2.808992777586071,log1p_then_standardize,>,x[10] > -1.8785711677925958 AND x[1] > 2.808992777586071 AND x[3] > 1.3976264947531207 AND x[10] > 0.86799700440825345,4,103,exkmc_0.0.3
rich,20260801,4,14,13,13,3,2,3,total_events,29.000000000000004,29.000000000000004,1.3976264947531207,log1p_then_standardize,>,x[10] > -1.8785711677925958 AND x[1] > 2.808992777586071 AND x[3] > 1.3976264947531207 AND x[10] > 0.86799700440825345,4,103,exkmc_0.0.3
rich,20260801,4,14,13,13,3,3,10,distinct_top_categories,2.0000000000000004,2.0000000000000004,0.8679970044082534,log1p_then_standardize,>,x[10] > -1.8785711677925958 AND x[1] > 2.808992777586071 AND x[3] > 1.3976264947531207 AND x[10] > 0.86799700440825345,4,103,exkmc_0.0.3
rich,20260801,4,15,0,0,1,0,10,distinct_top_categories,6.661338147750961e-15,6.661338147750961e-15,-1.8785711677925958,log1p_then_standardize,<=,x[10] <= -1.8785711677925958 AND x[3] <= 3.451524853236259 AND x[7] <= 1.9836573943023441,3,951,exkmc_0.0.3
rich,20260801,4,15,0,0,1,1,3,total_events,182.00000000000009,182.00000000000009,3.451524853236259,log1p_then_standardize,<=,x[10] <= -1.8785711677925958 AND x[3] <= 3.451524853236259 AND x[7] <= 1.9836573943023441,3,951,exkmc_0.0.3
rich,20260801,4,15,0,0,1,2,7,activity_span_days,50.42194228009259,50.42194228009259,1.9836573943023441,log1p_then_standardize,<=,x[10] <= -1.8785711677925958 AND x[3] <= 3.451524853236259 AND x[7] <= 1.9836573943023441,3,951,exkmc_0.0.3
rich,20260801,4,15,1,1,0,0,10,distinct_top_categories,6.661338147750961e-15,6.661338147750961e-15,-1.8785711677925958,log1p_then_standardize,<=,x[10] <= -1.8785711677925958 AND x[3] <= 3.451524853236259 AND x[7] > 1.9836573943023441,3,6,exkmc_0.0.3
rich,20260801,4,15,1,1,0,1,3,total_events,182.00000000000009,182.00000000000009,3.451524853236259,log1p_then_standardize,<=,x[10] <= -1.8785711677925958 AND x[3] <= 3.451524853236259 AND x[7] > 1.9836573943023441,3,6,exkmc_0.0.3
rich,20260801,4,15,1,1,0,2,7,activity_span_days,50.42194228009259,50.42194228009259,1.9836573943023441,log1p_then_standardize,>,x[10] <= -1.8785711677925958 AND x[3] <= 3.451524853236259 AND x[7] > 1.9836573943023441,3,6,exkmc_0.0.3
rich,20260801,4,15,2,2,3,0,10,distinct_top_categories,6.661338147750961e-15,6.661338147750961e-15,-1.8785711677925958,log1p_then_standardize,<=,x[10] <= -1.8785711677925958 AND x[3] > 3.451524853236259,2,1,exkmc_0.0.3
rich,20260801,4,15,2,2,3,1,3,total_events,182.00000000000009,182.00000000000009,3.451524853236259,log1p_then_standardize,>,x[10] <= -1.8785711677925958 AND x[3] > 3.451524853236259,2,1,exkmc_0.0.3
rich,20260801,4,15,3,3,2,0,10,distinct_top_categories,6.661338147750961e-15,6.661338147750961e-15,-1.8785711677925958,log1p_then_standardize,>,x[10] > -1.8785711677925958 AND x[1] <= 2.808992777586071 AND x[7] <= 0.00085621389559896184 AND x[9] <= 0.72571970717618783 AND x[3] <= 2.343664930443019 AND x[4] <= 0.17947689751918111,6,5304,exkmc_0.0.3
rich,20260801,4,15,3,3,2,1,1,purchase_occasion_count,3.9999999999999982,3.9999999999999982,2.808992777586071,log1p_then_standardize,<=,x[10] > -1.8785711677925958 AND x[1] <= 2.808992777586071 AND x[7] <= 0.00085621389559896184 AND x[9] <= 0.72571970717618783 AND x[3] <= 2.343664930443019 AND x[4] <= 0.17947689751918111,6,5304,exkmc_0.0.3
rich,20260801,4,15,3,3,2,2,7,activity_span_days,1.8230367824074072,1.8230367824074072,0.0008562138955989618,log1p_then_standardize,<=,x[10] > -1.8785711677925958 AND x[1] <= 2.808992777586071 AND x[7] <= 0.00085621389559896184 AND x[9] <= 0.72571970717618783 AND x[3] <= 2.343664930443019 AND x[4] <= 0.17947689751918111,6,5304,exkmc_0.0.3
rich,20260801,4,15,3,3,2,3,9,session_count_30m,3.9999999999999996,3.9999999999999996,0.7257197071761878,log1p_then_standardize,<=,x[10] > -1.8785711677925958 AND x[1] <= 2.808992777586071 AND x[7] <= 0.00085621389559896184 AND x[9] <= 0.72571970717618783 AND x[3] <= 2.343664930443019 AND x[4] <= 0.17947689751918111,6,5304,exkmc_0.0.3
rich,20260801,4,15,3,3,2,4,3,total_events,68.00000000000001,68.00000000000001,2.343664930443019,log1p_then_standardize,<=,x[10] > -1.8785711677925958 AND x[1] <= 2.808992777586071 AND x[7] <= 0.00085621389559896184 AND x[9] <= 0.72571970717618783 AND x[3] <= 2.343664930443019 AND x[4] <= 0.17947689751918111,6,5304,exkmc_0.0.3
rich,20260801,4,15,3,3,2,5,4,active_days,2.0000000000000004,2.0000000000000004,0.1794768975191811,log1p_then_standardize,<=,x[10] > -1.8785711677925958 AND x[1] <= 2.808992777586071 AND x[7] <= 0.00085621389559896184 AND x[9] <= 0.72571970717618783 AND x[3] <= 2.343664930443019 AND x[4] <= 0.17947689751918111,6,5304,exkmc_0.0.3
rich,20260801,4,15,4,4,0,0,10,distinct_top_categories,6.661338147750961e-15,6.661338147750961e-15,-1.8785711677925958,log1p_then_standardize,>,x[10] > -1.8785711677925958 AND x[1] <= 2.808992777586071 AND x[7] <= 0.00085621389559896184 AND x[9] <= 0.72571970717618783 AND x[3] <= 2.343664930443019 AND x[4] > 0.17947689751918111,6,21,exkmc_0.0.3
rich,20260801,4,15,4,4,0,1,1,purchase_occasion_count,3.9999999999999982,3.9999999999999982,2.808992777586071,log1p_then_standardize,<=,x[10] > -1.8785711677925958 AND x[1] <= 2.808992777586071 AND x[7] <= 0.00085621389559896184 AND x[9] <= 0.72571970717618783 AND x[3] <= 2.343664930443019 AND x[4] > 0.17947689751918111,6,21,exkmc_0.0.3
rich,20260801,4,15,4,4,0,2,7,activity_span_days,1.8230367824074072,1.8230367824074072,0.0008562138955989618,log1p_then_standardize,<=,x[10] > -1.8785711677925958 AND x[1] <= 2.808992777586071 AND x[7] <= 0.00085621389559896184 AND x[9] <= 0.72571970717618783 AND x[3] <= 2.343664930443019 AND x[4] > 0.17947689751918111,6,21,exkmc_0.0.3
rich,20260801,4,15,4,4,0,3,9,session_count_30m,3.9999999999999996,3.9999999999999996,0.7257197071761878,log1p_then_standardize,<=,x[10] > -1.8785711677925958 AND x[1] <= 2.808992777586071 AND x[7] <= 0.00085621389559896184 AND x[9] <= 0.72571970717618783 AND x[3] <= 2.343664930443019 AND x[4] > 0.17947689751918111,6,21,exkmc_0.0.3
rich,20260801,4,15,4,4,0,4,3,total_events,68.00000000000001,68.00000000000001,2.343664930443019,log1p_then_standardize,<=,x[10] > -1.8785711677925958 AND x[1] <= 2.808992777586071 AND x[7] <= 0.00085621389559896184 AND x[9] <= 0.72571970717618783 AND x[3] <= 2.343664930443019 AND x[4] > 0.17947689751918111,6,21,exkmc_0.0.3
rich,20260801,4,15,4,4,0,5,4,active_days,2.0000000000000004,2.0000000000000004,0.1794768975191811,log1p_then_standardize,>,x[10] > -1.8785711677925958 AND x[1] <= 2.808992777586071 AND x[7] <= 0.00085621389559896184 AND x[9] <= 0.72571970717618783 AND x[3] <= 2.343664930443019 AND x[4] > 0.17947689751918111,6,21,exkmc_0.0.3
rich,20260801,4,15,5,5,0,0,10,distinct_top_categories,6.661338147750961e-15,6.661338147750961e-15,-1.8785711677925958,log1p_then_standardize,>,x[10] > -1.8785711677925958 AND x[1] <= 2.808992777586071 AND x[7] <= 0.00085621389559896184 AND x[9] <= 0.72571970717618783 AND x[3] > 2.343664930443019,5,11,exkmc_0.0.3
rich,20260801,4,15,5,5,0,1,1,purchase_occasion_count,3.9999999999999982,3.9999999999999982,2.808992777586071,log1p_then_standardize,<=,x[10] > -1.8785711677925958 AND x[1] <= 2.808992777586071 AND x[7] <= 0.00085621389559896184 AND x[9] <= 0.72571970717618783 AND x[3] > 2.343664930443019,5,11,exkmc_0.0.3
rich,20260801,4,15,5,5,0,2,7,activity_span_days,1.8230367824074072,1.8230367824074072,0.0008562138955989618,log1p_then_standardize,<=,x[10] > -1.8785711677925958 AND x[1] <= 2.808992777586071 AND x[7] <= 0.00085621389559896184 AND x[9] <= 0.72571970717618783 AND x[3] > 2.343664930443019,5,11,exkmc_0.0.3
rich,20260801,4,15,5,5,0,3,9,session_count_30m,3.9999999999999996,3.9999999999999996,0.7257197071761878,log1p_then_standardize,<=,x[10] > -1.8785711677925958 AND x[1] <= 2.808992777586071 AND x[7] <= 0.00085621389559896184 AND x[9] <= 0.72571970717618783 AND x[3] > 2.343664930443019,5,11,exkmc_0.0.3
rich,20260801,4,15,5,5,0,4,3,total_events,68.00000000000001,68.00000000000001,2.343664930443019,log1p_then_standardize,>,x[10] > -1.8785711677925958 AND x[1] <= 2.808992777586071 AND x[7] <= 0.00085621389559896184 AND x[9] <= 0.72571970717618783 AND x[3] > 2.343664930443019,5,11,exkmc_0.0.3
rich,20260801,4,15,6,6,0,0,10,distinct_top_categories,6.661338147750961e-15,6.661338147750961e-15,-1.8785711677925958,log1p_then_standardize,>,x[10] > -1.8785711677925958 AND x[1] <= 2.808992777586071 AND x[7] <= 0.00085621389559896184 AND x[9] > 0.72571970717618783,4,67,exkmc_0.0.3
rich,20260801,4,15,6,6,0,1,1,purchase_occasion_count,3.9999999999999982,3.9999999999999982,2.808992777586071,log1p_then_standardize,<=,x[10] > -1.8785711677925958 AND x[1] <= 2.808992777586071 AND x[7] <= 0.00085621389559896184 AND x[9] > 0.72571970717618783,4,67,exkmc_0.0.3
rich,20260801,4,15,6,6,0,2,7,activity_span_days,1.8230367824074072,1.8230367824074072,0.0008562138955989618,log1p_then_standardize,<=,x[10] > -1.8785711677925958 AND x[1] <= 2.808992777586071 AND x[7] <= 0.00085621389559896184 AND x[9] > 0.72571970717618783,4,67,exkmc_0.0.3
rich,20260801,4,15,6,6,0,3,9,session_count_30m,3.9999999999999996,3.9999999999999996,0.7257197071761878,log1p_then_standardize,>,x[10] > -1.8785711677925958 AND x[1] <= 2.808992777586071 AND x[7] <= 0.00085621389559896184 AND x[9] > 0.72571970717618783,4,67,exkmc_0.0.3
rich,20260801,4,15,7,7,0,0,10,distinct_top_categories,6.661338147750961e-15,6.661338147750961e-15,-1.8785711677925958,log1p_then_standardize,>,x[10] > -1.8785711677925958 AND x[1] <= 2.808992777586071 AND x[7] > 0.00085621389559896184 AND x[10] <= 3.8779700573821931 AND x[2] <= 4.8498692713837546 AND x[6] <= 2.4538748022430679,6,2870,exkmc_0.0.3
rich,20260801,4,15,7,7,0,1,1,purchase_occasion_count,3.9999999999999982,3.9999999999999982,2.808992777586071,log1p_then_standardize,<=,x[10] > -1.8785711677925958 AND x[1] <= 2.808992777586071 AND x[7] > 0.00085621389559896184 AND x[10] <= 3.8779700573821931 AND x[2] <= 4.8498692713837546 AND x[6] <= 2.4538748022430679,6,2870,exkmc_0.0.3
rich,20260801,4,15,7,7,0,2,7,activity_span_days,1.8230367824074072,1.8230367824074072,0.0008562138955989618,log1p_then_standardize,>,x[10] > -1.8785711677925958 AND x[1] <= 2.808992777586071 AND x[7] > 0.00085621389559896184 AND x[10] <= 3.8779700573821931 AND x[2] <= 4.8498692713837546 AND x[6] <= 2.4538748022430679,6,2870,exkmc_0.0.3
rich,20260801,4,15,7,7,0,3,10,distinct_top_categories,9.000000000000002,9.000000000000002,3.877970057382193,log1p_then_standardize,<=,x[10] > -1.8785711677925958 AND x[1] <= 2.808992777586071 AND x[7] > 0.00085621389559896184 AND x[10] <= 3.8779700573821931 AND x[2] <= 4.8498692713837546 AND x[6] <= 2.4538748022430679,6,2870,exkmc_0.0.3
rich,20260801,4,15,7,7,0,4,2,purchase_event_count,16.0,16.0,4.849869271383755,log1p_then_standardize,<=,x[10] > -1.8785711677925958 AND x[1] <= 2.808992777586071 AND x[7] > 0.00085621389559896184 AND x[10] <= 3.8779700573821931 AND x[2] <= 4.8498692713837546 AND x[6] <= 2.4538748022430679,6,2870,exkmc_0.0.3
rich,20260801,4,15,7,7,0,5,6,transaction_per_view,1.4,1.4,2.453874802243068,standardize,<=,x[10] > -1.8785711677925958 AND x[1] <= 2.808992777586071 AND x[7] > 0.00085621389559896184 AND x[10] <= 3.8779700573821931 AND x[2] <= 4.8498692713837546 AND x[6] <= 2.4538748022430679,6,2870,exkmc_0.0.3
rich,20260801,4,15,8,8,2,0,10,distinct_top_categories,6.661338147750961e-15,6.661338147750961e-15,-1.8785711677925958,log1p_then_standardize,>,x[10] > -1.8785711677925958 AND x[1] <= 2.808992777586071 AND x[7] > 0.00085621389559896184 AND x[10] <= 3.8779700573821931 AND x[2] <= 4.8498692713837546 AND x[6] > 2.4538748022430679,6,14,exkmc_0.0.3
rich,20260801,4,15,8,8,2,1,1,purchase_occasion_count,3.9999999999999982,3.9999999999999982,2.808992777586071,log1p_then_standardize,<=,x[10] > -1.8785711677925958 AND x[1] <= 2.808992777586071 AND x[7] > 0.00085621389559896184 AND x[10] <= 3.8779700573821931 AND x[2] <= 4.8498692713837546 AND x[6] > 2.4538748022430679,6,14,exkmc_0.0.3
rich,20260801,4,15,8,8,2,2,7,activity_span_days,1.8230367824074072,1.8230367824074072,0.0008562138955989618,log1p_then_standardize,>,x[10] > -1.8785711677925958 AND x[1] <= 2.808992777586071 AND x[7] > 0.00085621389559896184 AND x[10] <= 3.8779700573821931 AND x[2] <= 4.8498692713837546 AND x[6] > 2.4538748022430679,6,14,exkmc_0.0.3
rich,20260801,4,15,8,8,2,3,10,distinct_top_categories,9.000000000000002,9.000000000000002,3.877970057382193,log1p_then_standardize,<=,x[10] > -1.8785711677925958 AND x[1] <= 2.808992777586071 AND x[7] > 0.00085621389559896184 AND x[10] <= 3.8779700573821931 AND x[2] <= 4.8498692713837546 AND x[6] > 2.4538748022430679,6,14,exkmc_0.0.3
rich,20260801,4,15,8,8,2,4,2,purchase_event_count,16.0,16.0,4.849869271383755,log1p_then_standardize,<=,x[10] > -1.8785711677925958 AND x[1] <= 2.808992777586071 AND x[7] > 0.00085621389559896184 AND x[10] <= 3.8779700573821931 AND x[2] <= 4.8498692713837546 AND x[6] > 2.4538748022430679,6,14,exkmc_0.0.3
rich,20260801,4,15,8,8,2,5,6,transaction_per_view,1.4,1.4,2.453874802243068,standardize,>,x[10] > -1.8785711677925958 AND x[1] <= 2.808992777586071 AND x[7] > 0.00085621389559896184 AND x[10] <= 3.8779700573821931 AND x[2] <= 4.8498692713837546 AND x[6] > 2.4538748022430679,6,14,exkmc_0.0.3
rich,20260801,4,15,9,9,3,0,10,distinct_top_categories,6.661338147750961e-15,6.661338147750961e-15,-1.8785711677925958,log1p_then_standardize,>,x[10] > -1.8785711677925958 AND x[1] <= 2.808992777586071 AND x[7] > 0.00085621389559896184 AND x[10] <= 3.8779700573821931 AND x[2] > 4.8498692713837546,5,6,exkmc_0.0.3
rich,20260801,4,15,9,9,3,1,1,purchase_occasion_count,3.9999999999999982,3.9999999999999982,2.808992777586071,log1p_then_standardize,<=,x[10] > -1.8785711677925958 AND x[1] <= 2.808992777586071 AND x[7] > 0.00085621389559896184 AND x[10] <= 3.8779700573821931 AND x[2] > 4.8498692713837546,5,6,exkmc_0.0.3
rich,20260801,4,15,9,9,3,2,7,activity_span_days,1.8230367824074072,1.8230367824074072,0.0008562138955989618,log1p_then_standardize,>,x[10] > -1.8785711677925958 AND x[1] <= 2.808992777586071 AND x[7] > 0.00085621389559896184 AND x[10] <= 3.8779700573821931 AND x[2] > 4.8498692713837546,5,6,exkmc_0.0.3
rich,20260801,4,15,9,9,3,3,10,distinct_top_categories,9.000000000000002,9.000000000000002,3.877970057382193,log1p_then_standardize,<=,x[10] > -1.8785711677925958 AND x[1] <= 2.808992777586071 AND x[7] > 0.00085621389559896184 AND x[10] <= 3.8779700573821931 AND x[2] > 4.8498692713837546,5,6,exkmc_0.0.3
rich,20260801,4,15,9,9,3,4,2,purchase_event_count,16.0,16.0,4.849869271383755,log1p_then_standardize,>,x[10] > -1.8785711677925958 AND x[1] <= 2.808992777586071 AND x[7] > 0.00085621389559896184 AND x[10] <= 3.8779700573821931 AND x[2] > 4.8498692713837546,5,6,exkmc_0.0.3
rich,20260801,4,15,10,10,0,0,10,distinct_top_categories,6.661338147750961e-15,6.661338147750961e-15,-1.8785711677925958,log1p_then_standardize,>,x[10] > -1.8785711677925958 AND x[1] <= 2.808992777586071 AND x[7] > 0.00085621389559896184 AND x[10] > 3.8779700573821931 AND x[1] <= -0.21256171974273758,5,4,exkmc_0.0.3
rich,20260801,4,15,10,10,0,1,1,purchase_occasion_count,3.9999999999999982,3.9999999999999982,2.808992777586071,log1p_then_standardize,<=,x[10] > -1.8785711677925958 AND x[1] <= 2.808992777586071 AND x[7] > 0.00085621389559896184 AND x[10] > 3.8779700573821931 AND x[1] <= -0.21256171974273758,5,4,exkmc_0.0.3
rich,20260801,4,15,10,10,0,2,7,activity_span_days,1.8230367824074072,1.8230367824074072,0.0008562138955989618,log1p_then_standardize,>,x[10] > -1.8785711677925958 AND x[1] <= 2.808992777586071 AND x[7] > 0.00085621389559896184 AND x[10] > 3.8779700573821931 AND x[1] <= -0.21256171974273758,5,4,exkmc_0.0.3
rich,20260801,4,15,10,10,0,3,10,distinct_top_categories,9.000000000000002,9.000000000000002,3.877970057382193,log1p_then_standardize,>,x[10] > -1.8785711677925958 AND x[1] <= 2.808992777586071 AND x[7] > 0.00085621389559896184 AND x[10] > 3.8779700573821931 AND x[1] <= -0.21256171974273758,5,4,exkmc_0.0.3
rich,20260801,4,15,10,10,0,4,1,purchase_occasion_count,1.0,1.0,-0.21256171974273758,log1p_then_standardize,<=,x[10] > -1.8785711677925958 AND x[1] <= 2.808992777586071 AND x[7] > 0.00085621389559896184 AND x[10] > 3.8779700573821931 AND x[1] <= -0.21256171974273758,5,4,exkmc_0.0.3
rich,20260801,4,15,11,11,3,0,10,distinct_top_categories,6.661338147750961e-15,6.661338147750961e-15,-1.8785711677925958,log1p_then_standardize,>,x[10] > -1.8785711677925958 AND x[1] <= 2.808992777586071 AND x[7] > 0.00085621389559896184 AND x[10] > 3.8779700573821931 AND x[1] > -0.21256171974273758,5,11,exkmc_0.0.3
rich,20260801,4,15,11,11,3,1,1,purchase_occasion_count,3.9999999999999982,3.9999999999999982,2.808992777586071,log1p_then_standardize,<=,x[10] > -1.8785711677925958 AND x[1] <= 2.808992777586071 AND x[7] > 0.00085621389559896184 AND x[10] > 3.8779700573821931 AND x[1] > -0.21256171974273758,5,11,exkmc_0.0.3
rich,20260801,4,15,11,11,3,2,7,activity_span_days,1.8230367824074072,1.8230367824074072,0.0008562138955989618,log1p_then_standardize,>,x[10] > -1.8785711677925958 AND x[1] <= 2.808992777586071 AND x[7] > 0.00085621389559896184 AND x[10] > 3.8779700573821931 AND x[1] > -0.21256171974273758,5,11,exkmc_0.0.3
rich,20260801,4,15,11,11,3,3,10,distinct_top_categories,9.000000000000002,9.000000000000002,3.877970057382193,log1p_then_standardize,>,x[10] > -1.8785711677925958 AND x[1] <= 2.808992777586071 AND x[7] > 0.00085621389559896184 AND x[10] > 3.8779700573821931 AND x[1] > -0.21256171974273758,5,11,exkmc_0.0.3
rich,20260801,4,15,11,11,3,4,1,purchase_occasion_count,1.0,1.0,-0.21256171974273758,log1p_then_standardize,>,x[10] > -1.8785711677925958 AND x[1] <= 2.808992777586071 AND x[7] > 0.00085621389559896184 AND x[10] > 3.8779700573821931 AND x[1] > -0.21256171974273758,5,11,exkmc_0.0.3
rich,20260801,4,15,12,12,2,0,10,distinct_top_categories,6.661338147750961e-15,6.661338147750961e-15,-1.8785711677925958,log1p_then_standardize,>,x[10] > -1.8785711677925958 AND x[1] > 2.808992777586071 AND x[3] <= 1.3976264947531207,3,3,exkmc_0.0.3
rich,20260801,4,15,12,12,2,1,1,purchase_occasion_count,3.9999999999999982,3.9999999999999982,2.808992777586071,log1p_then_standardize,>,x[10] > -1.8785711677925958 AND x[1] > 2.808992777586071 AND x[3] <= 1.3976264947531207,3,3,exkmc_0.0.3
rich,20260801,4,15,12,12,2,2,3,total_events,29.000000000000004,29.000000000000004,1.3976264947531207,log1p_then_standardize,<=,x[10] > -1.8785711677925958 AND x[1] > 2.808992777586071 AND x[3] <= 1.3976264947531207,3,3,exkmc_0.0.3
rich,20260801,4,15,13,13,0,0,10,distinct_top_categories,6.661338147750961e-15,6.661338147750961e-15,-1.8785711677925958,log1p_then_standardize,>,x[10] > -1.8785711677925958 AND x[1] > 2.808992777586071 AND x[3] > 1.3976264947531207 AND x[10] <= 0.86799700440825345,4,3,exkmc_0.0.3
rich,20260801,4,15,13,13,0,1,1,purchase_occasion_count,3.9999999999999982,3.9999999999999982,2.808992777586071,log1p_then_standardize,>,x[10] > -1.8785711677925958 AND x[1] > 2.808992777586071 AND x[3] > 1.3976264947531207 AND x[10] <= 0.86799700440825345,4,3,exkmc_0.0.3
rich,20260801,4,15,13,13,0,2,3,total_events,29.000000000000004,29.000000000000004,1.3976264947531207,log1p_then_standardize,>,x[10] > -1.8785711677925958 AND x[1] > 2.808992777586071 AND x[3] > 1.3976264947531207 AND x[10] <= 0.86799700440825345,4,3,exkmc_0.0.3
rich,20260801,4,15,13,13,0,3,10,distinct_top_categories,2.0000000000000004,2.0000000000000004,0.8679970044082534,log1p_then_standardize,<=,x[10] > -1.8785711677925958 AND x[1] > 2.808992777586071 AND x[3] > 1.3976264947531207 AND x[10] <= 0.86799700440825345,4,3,exkmc_0.0.3
rich,20260801,4,15,14,14,3,0,10,distinct_top_categories,6.661338147750961e-15,6.661338147750961e-15,-1.8785711677925958,log1p_then_standardize,>,x[10] > -1.8785711677925958 AND x[1] > 2.808992777586071 AND x[3] > 1.3976264947531207 AND x[10] > 0.86799700440825345,4,103,exkmc_0.0.3
rich,20260801,4,15,14,14,3,1,1,purchase_occasion_count,3.9999999999999982,3.9999999999999982,2.808992777586071,log1p_then_standardize,>,x[10] > -1.8785711677925958 AND x[1] > 2.808992777586071 AND x[3] > 1.3976264947531207 AND x[10] > 0.86799700440825345,4,103,exkmc_0.0.3
rich,20260801,4,15,14,14,3,2,3,total_events,29.000000000000004,29.000000000000004,1.3976264947531207,log1p_then_standardize,>,x[10] > -1.8785711677925958 AND x[1] > 2.808992777586071 AND x[3] > 1.3976264947531207 AND x[10] > 0.86799700440825345,4,103,exkmc_0.0.3
rich,20260801,4,15,14,14,3,3,10,distinct_top_categories,2.0000000000000004,2.0000000000000004,0.8679970044082534,log1p_then_standardize,>,x[10] > -1.8785711677925958 AND x[1] > 2.808992777586071 AND x[3] > 1.3976264947531207 AND x[10] > 0.86799700440825345,4,103,exkmc_0.0.3
rich,20260801,4,16,0,0,1,0,10,distinct_top_categories,6.661338147750961e-15,6.661338147750961e-15,-1.8785711677925958,log1p_then_standardize,<=,x[10] <= -1.8785711677925958 AND x[3] <= 3.451524853236259 AND x[7] <= 1.9836573943023441,3,951,exkmc_0.0.3
rich,20260801,4,16,0,0,1,1,3,total_events,182.00000000000009,182.00000000000009,3.451524853236259,log1p_then_standardize,<=,x[10] <= -1.8785711677925958 AND x[3] <= 3.451524853236259 AND x[7] <= 1.9836573943023441,3,951,exkmc_0.0.3
rich,20260801,4,16,0,0,1,2,7,activity_span_days,50.42194228009259,50.42194228009259,1.9836573943023441,log1p_then_standardize,<=,x[10] <= -1.8785711677925958 AND x[3] <= 3.451524853236259 AND x[7] <= 1.9836573943023441,3,951,exkmc_0.0.3
rich,20260801,4,16,1,1,0,0,10,distinct_top_categories,6.661338147750961e-15,6.661338147750961e-15,-1.8785711677925958,log1p_then_standardize,<=,x[10] <= -1.8785711677925958 AND x[3] <= 3.451524853236259 AND x[7] > 1.9836573943023441,3,6,exkmc_0.0.3
rich,20260801,4,16,1,1,0,1,3,total_events,182.00000000000009,182.00000000000009,3.451524853236259,log1p_then_standardize,<=,x[10] <= -1.8785711677925958 AND x[3] <= 3.451524853236259 AND x[7] > 1.9836573943023441,3,6,exkmc_0.0.3
rich,20260801,4,16,1,1,0,2,7,activity_span_days,50.42194228009259,50.42194228009259,1.9836573943023441,log1p_then_standardize,>,x[10] <= -1.8785711677925958 AND x[3] <= 3.451524853236259 AND x[7] > 1.9836573943023441,3,6,exkmc_0.0.3
rich,20260801,4,16,2,2,3,0,10,distinct_top_categories,6.661338147750961e-15,6.661338147750961e-15,-1.8785711677925958,log1p_then_standardize,<=,x[10] <= -1.8785711677925958 AND x[3] > 3.451524853236259,2,1,exkmc_0.0.3
rich,20260801,4,16,2,2,3,1,3,total_events,182.00000000000009,182.00000000000009,3.451524853236259,log1p_then_standardize,>,x[10] <= -1.8785711677925958 AND x[3] > 3.451524853236259,2,1,exkmc_0.0.3
rich,20260801,4,16,3,3,2,0,10,distinct_top_categories,6.661338147750961e-15,6.661338147750961e-15,-1.8785711677925958,log1p_then_standardize,>,x[10] > -1.8785711677925958 AND x[1] <= 2.808992777586071 AND x[7] <= 0.00085621389559896184 AND x[9] <= 0.72571970717618783 AND x[3] <= 2.343664930443019 AND x[4] <= 0.17947689751918111,6,5304,exkmc_0.0.3
rich,20260801,4,16,3,3,2,1,1,purchase_occasion_count,3.9999999999999982,3.9999999999999982,2.808992777586071,log1p_then_standardize,<=,x[10] > -1.8785711677925958 AND x[1] <= 2.808992777586071 AND x[7] <= 0.00085621389559896184 AND x[9] <= 0.72571970717618783 AND x[3] <= 2.343664930443019 AND x[4] <= 0.17947689751918111,6,5304,exkmc_0.0.3
rich,20260801,4,16,3,3,2,2,7,activity_span_days,1.8230367824074072,1.8230367824074072,0.0008562138955989618,log1p_then_standardize,<=,x[10] > -1.8785711677925958 AND x[1] <= 2.808992777586071 AND x[7] <= 0.00085621389559896184 AND x[9] <= 0.72571970717618783 AND x[3] <= 2.343664930443019 AND x[4] <= 0.17947689751918111,6,5304,exkmc_0.0.3
rich,20260801,4,16,3,3,2,3,9,session_count_30m,3.9999999999999996,3.9999999999999996,0.7257197071761878,log1p_then_standardize,<=,x[10] > -1.8785711677925958 AND x[1] <= 2.808992777586071 AND x[7] <= 0.00085621389559896184 AND x[9] <= 0.72571970717618783 AND x[3] <= 2.343664930443019 AND x[4] <= 0.17947689751918111,6,5304,exkmc_0.0.3
rich,20260801,4,16,3,3,2,4,3,total_events,68.00000000000001,68.00000000000001,2.343664930443019,log1p_then_standardize,<=,x[10] > -1.8785711677925958 AND x[1] <= 2.808992777586071 AND x[7] <= 0.00085621389559896184 AND x[9] <= 0.72571970717618783 AND x[3] <= 2.343664930443019 AND x[4] <= 0.17947689751918111,6,5304,exkmc_0.0.3
rich,20260801,4,16,3,3,2,5,4,active_days,2.0000000000000004,2.0000000000000004,0.1794768975191811,log1p_then_standardize,<=,x[10] > -1.8785711677925958 AND x[1] <= 2.808992777586071 AND x[7] <= 0.00085621389559896184 AND x[9] <= 0.72571970717618783 AND x[3] <= 2.343664930443019 AND x[4] <= 0.17947689751918111,6,5304,exkmc_0.0.3
rich,20260801,4,16,4,4,0,0,10,distinct_top_categories,6.661338147750961e-15,6.661338147750961e-15,-1.8785711677925958,log1p_then_standardize,>,x[10] > -1.8785711677925958 AND x[1] <= 2.808992777586071 AND x[7] <= 0.00085621389559896184 AND x[9] <= 0.72571970717618783 AND x[3] <= 2.343664930443019 AND x[4] > 0.17947689751918111,6,21,exkmc_0.0.3
rich,20260801,4,16,4,4,0,1,1,purchase_occasion_count,3.9999999999999982,3.9999999999999982,2.808992777586071,log1p_then_standardize,<=,x[10] > -1.8785711677925958 AND x[1] <= 2.808992777586071 AND x[7] <= 0.00085621389559896184 AND x[9] <= 0.72571970717618783 AND x[3] <= 2.343664930443019 AND x[4] > 0.17947689751918111,6,21,exkmc_0.0.3
rich,20260801,4,16,4,4,0,2,7,activity_span_days,1.8230367824074072,1.8230367824074072,0.0008562138955989618,log1p_then_standardize,<=,x[10] > -1.8785711677925958 AND x[1] <= 2.808992777586071 AND x[7] <= 0.00085621389559896184 AND x[9] <= 0.72571970717618783 AND x[3] <= 2.343664930443019 AND x[4] > 0.17947689751918111,6,21,exkmc_0.0.3
rich,20260801,4,16,4,4,0,3,9,session_count_30m,3.9999999999999996,3.9999999999999996,0.7257197071761878,log1p_then_standardize,<=,x[10] > -1.8785711677925958 AND x[1] <= 2.808992777586071 AND x[7] <= 0.00085621389559896184 AND x[9] <= 0.72571970717618783 AND x[3] <= 2.343664930443019 AND x[4] > 0.17947689751918111,6,21,exkmc_0.0.3
rich,20260801,4,16,4,4,0,4,3,total_events,68.00000000000001,68.00000000000001,2.343664930443019,log1p_then_standardize,<=,x[10] > -1.8785711677925958 AND x[1] <= 2.808992777586071 AND x[7] <= 0.00085621389559896184 AND x[9] <= 0.72571970717618783 AND x[3] <= 2.343664930443019 AND x[4] > 0.17947689751918111,6,21,exkmc_0.0.3
rich,20260801,4,16,4,4,0,5,4,active_days,2.0000000000000004,2.0000000000000004,0.1794768975191811,log1p_then_standardize,>,x[10] > -1.8785711677925958 AND x[1] <= 2.808992777586071 AND x[7] <= 0.00085621389559896184 AND x[9] <= 0.72571970717618783 AND x[3] <= 2.343664930443019 AND x[4] > 0.17947689751918111,6,21,exkmc_0.0.3
rich,20260801,4,16,5,5,0,0,10,distinct_top_categories,6.661338147750961e-15,6.661338147750961e-15,-1.8785711677925958,log1p_then_standardize,>,x[10] > -1.8785711677925958 AND x[1] <= 2.808992777586071 AND x[7] <= 0.00085621389559896184 AND x[9] <= 0.72571970717618783 AND x[3] > 2.343664930443019,5,11,exkmc_0.0.3
rich,20260801,4,16,5,5,0,1,1,purchase_occasion_count,3.9999999999999982,3.9999999999999982,2.808992777586071,log1p_then_standardize,<=,x[10] > -1.8785711677925958 AND x[1] <= 2.808992777586071 AND x[7] <= 0.00085621389559896184 AND x[9] <= 0.72571970717618783 AND x[3] > 2.343664930443019,5,11,exkmc_0.0.3
rich,20260801,4,16,5,5,0,2,7,activity_span_days,1.8230367824074072,1.8230367824074072,0.0008562138955989618,log1p_then_standardize,<=,x[10] > -1.8785711677925958 AND x[1] <= 2.808992777586071 AND x[7] <= 0.00085621389559896184 AND x[9] <= 0.72571970717618783 AND x[3] > 2.343664930443019,5,11,exkmc_0.0.3
rich,20260801,4,16,5,5,0,3,9,session_count_30m,3.9999999999999996,3.9999999999999996,0.7257197071761878,log1p_then_standardize,<=,x[10] > -1.8785711677925958 AND x[1] <= 2.808992777586071 AND x[7] <= 0.00085621389559896184 AND x[9] <= 0.72571970717618783 AND x[3] > 2.343664930443019,5,11,exkmc_0.0.3
rich,20260801,4,16,5,5,0,4,3,total_events,68.00000000000001,68.00000000000001,2.343664930443019,log1p_then_standardize,>,x[10] > -1.8785711677925958 AND x[1] <= 2.808992777586071 AND x[7] <= 0.00085621389559896184 AND x[9] <= 0.72571970717618783 AND x[3] > 2.343664930443019,5,11,exkmc_0.0.3
rich,20260801,4,16,6,6,2,0,10,distinct_top_categories,6.661338147750961e-15,6.661338147750961e-15,-1.8785711677925958,log1p_then_standardize,>,x[10] > -1.8785711677925958 AND x[1] <= 2.808992777586071 AND x[7] <= 0.00085621389559896184 AND x[9] > 0.72571970717618783 AND x[4] <= -0.65091687219620409,5,9,exkmc_0.0.3
rich,20260801,4,16,6,6,2,1,1,purchase_occasion_count,3.9999999999999982,3.9999999999999982,2.808992777586071,log1p_then_standardize,<=,x[10] > -1.8785711677925958 AND x[1] <= 2.808992777586071 AND x[7] <= 0.00085621389559896184 AND x[9] > 0.72571970717618783 AND x[4] <= -0.65091687219620409,5,9,exkmc_0.0.3
rich,20260801,4,16,6,6,2,2,7,activity_span_days,1.8230367824074072,1.8230367824074072,0.0008562138955989618,log1p_then_standardize,<=,x[10] > -1.8785711677925958 AND x[1] <= 2.808992777586071 AND x[7] <= 0.00085621389559896184 AND x[9] > 0.72571970717618783 AND x[4] <= -0.65091687219620409,5,9,exkmc_0.0.3
rich,20260801,4,16,6,6,2,3,9,session_count_30m,3.9999999999999996,3.9999999999999996,0.7257197071761878,log1p_then_standardize,>,x[10] > -1.8785711677925958 AND x[1] <= 2.808992777586071 AND x[7] <= 0.00085621389559896184 AND x[9] > 0.72571970717618783 AND x[4] <= -0.65091687219620409,5,9,exkmc_0.0.3
rich,20260801,4,16,6,6,2,4,4,active_days,1.0,1.0,-0.6509168721962041,log1p_then_standardize,<=,x[10] > -1.8785711677925958 AND x[1] <= 2.808992777586071 AND x[7] <= 0.00085621389559896184 AND x[9] > 0.72571970717618783 AND x[4] <= -0.65091687219620409,5,9,exkmc_0.0.3
rich,20260801,4,16,7,7,0,0,10,distinct_top_categories,6.661338147750961e-15,6.661338147750961e-15,-1.8785711677925958,log1p_then_standardize,>,x[10] > -1.8785711677925958 AND x[1] <= 2.808992777586071 AND x[7] <= 0.00085621389559896184 AND x[9] > 0.72571970717618783 AND x[4] > -0.65091687219620409,5,58,exkmc_0.0.3
rich,20260801,4,16,7,7,0,1,1,purchase_occasion_count,3.9999999999999982,3.9999999999999982,2.808992777586071,log1p_then_standardize,<=,x[10] > -1.8785711677925958 AND x[1] <= 2.808992777586071 AND x[7] <= 0.00085621389559896184 AND x[9] > 0.72571970717618783 AND x[4] > -0.65091687219620409,5,58,exkmc_0.0.3
rich,20260801,4,16,7,7,0,2,7,activity_span_days,1.8230367824074072,1.8230367824074072,0.0008562138955989618,log1p_then_standardize,<=,x[10] > -1.8785711677925958 AND x[1] <= 2.808992777586071 AND x[7] <= 0.00085621389559896184 AND x[9] > 0.72571970717618783 AND x[4] > -0.65091687219620409,5,58,exkmc_0.0.3
rich,20260801,4,16,7,7,0,3,9,session_count_30m,3.9999999999999996,3.9999999999999996,0.7257197071761878,log1p_then_standardize,>,x[10] > -1.8785711677925958 AND x[1] <= 2.808992777586071 AND x[7] <= 0.00085621389559896184 AND x[9] > 0.72571970717618783 AND x[4] > -0.65091687219620409,5,58,exkmc_0.0.3
rich,20260801,4,16,7,7,0,4,4,active_days,1.0,1.0,-0.6509168721962041,log1p_then_standardize,>,x[10] > -1.8785711677925958 AND x[1] <= 2.808992777586071 AND x[7] <= 0.00085621389559896184 AND x[9] > 0.72571970717618783 AND x[4] > -0.65091687219620409,5,58,exkmc_0.0.3
rich,20260801,4,16,8,8,0,0,10,distinct_top_categories,6.661338147750961e-15,6.661338147750961e-15,-1.8785711677925958,log1p_then_standardize,>,x[10] > -1.8785711677925958 AND x[1] <= 2.808992777586071 AND x[7] > 0.00085621389559896184 AND x[10] <= 3.8779700573821931 AND x[2] <= 4.8498692713837546 AND x[6] <= 2.4538748022430679,6,2870,exkmc_0.0.3
rich,20260801,4,16,8,8,0,1,1,purchase_occasion_count,3.9999999999999982,3.9999999999999982,2.808992777586071,log1p_then_standardize,<=,x[10] > -1.8785711677925958 AND x[1] <= 2.808992777586071 AND x[7] > 0.00085621389559896184 AND x[10] <= 3.8779700573821931 AND x[2] <= 4.8498692713837546 AND x[6] <= 2.4538748022430679,6,2870,exkmc_0.0.3
rich,20260801,4,16,8,8,0,2,7,activity_span_days,1.8230367824074072,1.8230367824074072,0.0008562138955989618,log1p_then_standardize,>,x[10] > -1.8785711677925958 AND x[1] <= 2.808992777586071 AND x[7] > 0.00085621389559896184 AND x[10] <= 3.8779700573821931 AND x[2] <= 4.8498692713837546 AND x[6] <= 2.4538748022430679,6,2870,exkmc_0.0.3
rich,20260801,4,16,8,8,0,3,10,distinct_top_categories,9.000000000000002,9.000000000000002,3.877970057382193,log1p_then_standardize,<=,x[10] > -1.8785711677925958 AND x[1] <= 2.808992777586071 AND x[7] > 0.00085621389559896184 AND x[10] <= 3.8779700573821931 AND x[2] <= 4.8498692713837546 AND x[6] <= 2.4538748022430679,6,2870,exkmc_0.0.3
rich,20260801,4,16,8,8,0,4,2,purchase_event_count,16.0,16.0,4.849869271383755,log1p_then_standardize,<=,x[10] > -1.8785711677925958 AND x[1] <= 2.808992777586071 AND x[7] > 0.00085621389559896184 AND x[10] <= 3.8779700573821931 AND x[2] <= 4.8498692713837546 AND x[6] <= 2.4538748022430679,6,2870,exkmc_0.0.3
rich,20260801,4,16,8,8,0,5,6,transaction_per_view,1.4,1.4,2.453874802243068,standardize,<=,x[10] > -1.8785711677925958 AND x[1] <= 2.808992777586071 AND x[7] > 0.00085621389559896184 AND x[10] <= 3.8779700573821931 AND x[2] <= 4.8498692713837546 AND x[6] <= 2.4538748022430679,6,2870,exkmc_0.0.3
rich,20260801,4,16,9,9,2,0,10,distinct_top_categories,6.661338147750961e-15,6.661338147750961e-15,-1.8785711677925958,log1p_then_standardize,>,x[10] > -1.8785711677925958 AND x[1] <= 2.808992777586071 AND x[7] > 0.00085621389559896184 AND x[10] <= 3.8779700573821931 AND x[2] <= 4.8498692713837546 AND x[6] > 2.4538748022430679,6,14,exkmc_0.0.3
rich,20260801,4,16,9,9,2,1,1,purchase_occasion_count,3.9999999999999982,3.9999999999999982,2.808992777586071,log1p_then_standardize,<=,x[10] > -1.8785711677925958 AND x[1] <= 2.808992777586071 AND x[7] > 0.00085621389559896184 AND x[10] <= 3.8779700573821931 AND x[2] <= 4.8498692713837546 AND x[6] > 2.4538748022430679,6,14,exkmc_0.0.3
rich,20260801,4,16,9,9,2,2,7,activity_span_days,1.8230367824074072,1.8230367824074072,0.0008562138955989618,log1p_then_standardize,>,x[10] > -1.8785711677925958 AND x[1] <= 2.808992777586071 AND x[7] > 0.00085621389559896184 AND x[10] <= 3.8779700573821931 AND x[2] <= 4.8498692713837546 AND x[6] > 2.4538748022430679,6,14,exkmc_0.0.3
rich,20260801,4,16,9,9,2,3,10,distinct_top_categories,9.000000000000002,9.000000000000002,3.877970057382193,log1p_then_standardize,<=,x[10] > -1.8785711677925958 AND x[1] <= 2.808992777586071 AND x[7] > 0.00085621389559896184 AND x[10] <= 3.8779700573821931 AND x[2] <= 4.8498692713837546 AND x[6] > 2.4538748022430679,6,14,exkmc_0.0.3
rich,20260801,4,16,9,9,2,4,2,purchase_event_count,16.0,16.0,4.849869271383755,log1p_then_standardize,<=,x[10] > -1.8785711677925958 AND x[1] <= 2.808992777586071 AND x[7] > 0.00085621389559896184 AND x[10] <= 3.8779700573821931 AND x[2] <= 4.8498692713837546 AND x[6] > 2.4538748022430679,6,14,exkmc_0.0.3
rich,20260801,4,16,9,9,2,5,6,transaction_per_view,1.4,1.4,2.453874802243068,standardize,>,x[10] > -1.8785711677925958 AND x[1] <= 2.808992777586071 AND x[7] > 0.00085621389559896184 AND x[10] <= 3.8779700573821931 AND x[2] <= 4.8498692713837546 AND x[6] > 2.4538748022430679,6,14,exkmc_0.0.3
rich,20260801,4,16,10,10,3,0,10,distinct_top_categories,6.661338147750961e-15,6.661338147750961e-15,-1.8785711677925958,log1p_then_standardize,>,x[10] > -1.8785711677925958 AND x[1] <= 2.808992777586071 AND x[7] > 0.00085621389559896184 AND x[10] <= 3.8779700573821931 AND x[2] > 4.8498692713837546,5,6,exkmc_0.0.3
rich,20260801,4,16,10,10,3,1,1,purchase_occasion_count,3.9999999999999982,3.9999999999999982,2.808992777586071,log1p_then_standardize,<=,x[10] > -1.8785711677925958 AND x[1] <= 2.808992777586071 AND x[7] > 0.00085621389559896184 AND x[10] <= 3.8779700573821931 AND x[2] > 4.8498692713837546,5,6,exkmc_0.0.3
rich,20260801,4,16,10,10,3,2,7,activity_span_days,1.8230367824074072,1.8230367824074072,0.0008562138955989618,log1p_then_standardize,>,x[10] > -1.8785711677925958 AND x[1] <= 2.808992777586071 AND x[7] > 0.00085621389559896184 AND x[10] <= 3.8779700573821931 AND x[2] > 4.8498692713837546,5,6,exkmc_0.0.3
rich,20260801,4,16,10,10,3,3,10,distinct_top_categories,9.000000000000002,9.000000000000002,3.877970057382193,log1p_then_standardize,<=,x[10] > -1.8785711677925958 AND x[1] <= 2.808992777586071 AND x[7] > 0.00085621389559896184 AND x[10] <= 3.8779700573821931 AND x[2] > 4.8498692713837546,5,6,exkmc_0.0.3
rich,20260801,4,16,10,10,3,4,2,purchase_event_count,16.0,16.0,4.849869271383755,log1p_then_standardize,>,x[10] > -1.8785711677925958 AND x[1] <= 2.808992777586071 AND x[7] > 0.00085621389559896184 AND x[10] <= 3.8779700573821931 AND x[2] > 4.8498692713837546,5,6,exkmc_0.0.3
rich,20260801,4,16,11,11,0,0,10,distinct_top_categories,6.661338147750961e-15,6.661338147750961e-15,-1.8785711677925958,log1p_then_standardize,>,x[10] > -1.8785711677925958 AND x[1] <= 2.808992777586071 AND x[7] > 0.00085621389559896184 AND x[10] > 3.8779700573821931 AND x[1] <= -0.21256171974273758,5,4,exkmc_0.0.3
rich,20260801,4,16,11,11,0,1,1,purchase_occasion_count,3.9999999999999982,3.9999999999999982,2.808992777586071,log1p_then_standardize,<=,x[10] > -1.8785711677925958 AND x[1] <= 2.808992777586071 AND x[7] > 0.00085621389559896184 AND x[10] > 3.8779700573821931 AND x[1] <= -0.21256171974273758,5,4,exkmc_0.0.3
rich,20260801,4,16,11,11,0,2,7,activity_span_days,1.8230367824074072,1.8230367824074072,0.0008562138955989618,log1p_then_standardize,>,x[10] > -1.8785711677925958 AND x[1] <= 2.808992777586071 AND x[7] > 0.00085621389559896184 AND x[10] > 3.8779700573821931 AND x[1] <= -0.21256171974273758,5,4,exkmc_0.0.3
rich,20260801,4,16,11,11,0,3,10,distinct_top_categories,9.000000000000002,9.000000000000002,3.877970057382193,log1p_then_standardize,>,x[10] > -1.8785711677925958 AND x[1] <= 2.808992777586071 AND x[7] > 0.00085621389559896184 AND x[10] > 3.8779700573821931 AND x[1] <= -0.21256171974273758,5,4,exkmc_0.0.3
rich,20260801,4,16,11,11,0,4,1,purchase_occasion_count,1.0,1.0,-0.21256171974273758,log1p_then_standardize,<=,x[10] > -1.8785711677925958 AND x[1] <= 2.808992777586071 AND x[7] > 0.00085621389559896184 AND x[10] > 3.8779700573821931 AND x[1] <= -0.21256171974273758,5,4,exkmc_0.0.3
rich,20260801,4,16,12,12,3,0,10,distinct_top_categories,6.661338147750961e-15,6.661338147750961e-15,-1.8785711677925958,log1p_then_standardize,>,x[10] > -1.8785711677925958 AND x[1] <= 2.808992777586071 AND x[7] > 0.00085621389559896184 AND x[10] > 3.8779700573821931 AND x[1] > -0.21256171974273758,5,11,exkmc_0.0.3
rich,20260801,4,16,12,12,3,1,1,purchase_occasion_count,3.9999999999999982,3.9999999999999982,2.808992777586071,log1p_then_standardize,<=,x[10] > -1.8785711677925958 AND x[1] <= 2.808992777586071 AND x[7] > 0.00085621389559896184 AND x[10] > 3.8779700573821931 AND x[1] > -0.21256171974273758,5,11,exkmc_0.0.3
rich,20260801,4,16,12,12,3,2,7,activity_span_days,1.8230367824074072,1.8230367824074072,0.0008562138955989618,log1p_then_standardize,>,x[10] > -1.8785711677925958 AND x[1] <= 2.808992777586071 AND x[7] > 0.00085621389559896184 AND x[10] > 3.8779700573821931 AND x[1] > -0.21256171974273758,5,11,exkmc_0.0.3
rich,20260801,4,16,12,12,3,3,10,distinct_top_categories,9.000000000000002,9.000000000000002,3.877970057382193,log1p_then_standardize,>,x[10] > -1.8785711677925958 AND x[1] <= 2.808992777586071 AND x[7] > 0.00085621389559896184 AND x[10] > 3.8779700573821931 AND x[1] > -0.21256171974273758,5,11,exkmc_0.0.3
rich,20260801,4,16,12,12,3,4,1,purchase_occasion_count,1.0,1.0,-0.21256171974273758,log1p_then_standardize,>,x[10] > -1.8785711677925958 AND x[1] <= 2.808992777586071 AND x[7] > 0.00085621389559896184 AND x[10] > 3.8779700573821931 AND x[1] > -0.21256171974273758,5,11,exkmc_0.0.3
rich,20260801,4,16,13,13,2,0,10,distinct_top_categories,6.661338147750961e-15,6.661338147750961e-15,-1.8785711677925958,log1p_then_standardize,>,x[10] > -1.8785711677925958 AND x[1] > 2.808992777586071 AND x[3] <= 1.3976264947531207,3,3,exkmc_0.0.3
rich,20260801,4,16,13,13,2,1,1,purchase_occasion_count,3.9999999999999982,3.9999999999999982,2.808992777586071,log1p_then_standardize,>,x[10] > -1.8785711677925958 AND x[1] > 2.808992777586071 AND x[3] <= 1.3976264947531207,3,3,exkmc_0.0.3
rich,20260801,4,16,13,13,2,2,3,total_events,29.000000000000004,29.000000000000004,1.3976264947531207,log1p_then_standardize,<=,x[10] > -1.8785711677925958 AND x[1] > 2.808992777586071 AND x[3] <= 1.3976264947531207,3,3,exkmc_0.0.3
rich,20260801,4,16,14,14,0,0,10,distinct_top_categories,6.661338147750961e-15,6.661338147750961e-15,-1.8785711677925958,log1p_then_standardize,>,x[10] > -1.8785711677925958 AND x[1] > 2.808992777586071 AND x[3] > 1.3976264947531207 AND x[10] <= 0.86799700440825345,4,3,exkmc_0.0.3
rich,20260801,4,16,14,14,0,1,1,purchase_occasion_count,3.9999999999999982,3.9999999999999982,2.808992777586071,log1p_then_standardize,>,x[10] > -1.8785711677925958 AND x[1] > 2.808992777586071 AND x[3] > 1.3976264947531207 AND x[10] <= 0.86799700440825345,4,3,exkmc_0.0.3
rich,20260801,4,16,14,14,0,2,3,total_events,29.000000000000004,29.000000000000004,1.3976264947531207,log1p_then_standardize,>,x[10] > -1.8785711677925958 AND x[1] > 2.808992777586071 AND x[3] > 1.3976264947531207 AND x[10] <= 0.86799700440825345,4,3,exkmc_0.0.3
rich,20260801,4,16,14,14,0,3,10,distinct_top_categories,2.0000000000000004,2.0000000000000004,0.8679970044082534,log1p_then_standardize,<=,x[10] > -1.8785711677925958 AND x[1] > 2.808992777586071 AND x[3] > 1.3976264947531207 AND x[10] <= 0.86799700440825345,4,3,exkmc_0.0.3
rich,20260801,4,16,15,15,3,0,10,distinct_top_categories,6.661338147750961e-15,6.661338147750961e-15,-1.8785711677925958,log1p_then_standardize,>,x[10] > -1.8785711677925958 AND x[1] > 2.808992777586071 AND x[3] > 1.3976264947531207 AND x[10] > 0.86799700440825345,4,103,exkmc_0.0.3
rich,20260801,4,16,15,15,3,1,1,purchase_occasion_count,3.9999999999999982,3.9999999999999982,2.808992777586071,log1p_then_standardize,>,x[10] > -1.8785711677925958 AND x[1] > 2.808992777586071 AND x[3] > 1.3976264947531207 AND x[10] > 0.86799700440825345,4,103,exkmc_0.0.3
rich,20260801,4,16,15,15,3,2,3,total_events,29.000000000000004,29.000000000000004,1.3976264947531207,log1p_then_standardize,>,x[10] > -1.8785711677925958 AND x[1] > 2.808992777586071 AND x[3] > 1.3976264947531207 AND x[10] > 0.86799700440825345,4,103,exkmc_0.0.3
rich,20260801,4,16,15,15,3,3,10,distinct_top_categories,2.0000000000000004,2.0000000000000004,0.8679970044082534,log1p_then_standardize,>,x[10] > -1.8785711677925958 AND x[1] > 2.808992777586071 AND x[3] > 1.3976264947531207 AND x[10] > 0.86799700440825345,4,103,exkmc_0.0.3
rich,20260802,4,4,0,0,2,0,10,distinct_top_categories,6.994405055138511e-15,6.994405055138511e-15,-1.8953154495195101,log1p_then_standardize,<=,x[10] <= -1.8953154495195101,1,938,exkmc_0.0.3
rich,20260802,4,4,1,1,0,0,10,distinct_top_categories,6.994405055138511e-15,6.994405055138511e-15,-1.8953154495195101,log1p_then_standardize,>,x[10] > -1.8953154495195101 AND x[1] <= 2.809394314002192 AND x[7] <= -0.010925932685757809,3,5365,exkmc_0.0.3
rich,20260802,4,4,1,1,0,1,1,purchase_occasion_count,3.9999999999999996,3.9999999999999996,2.809394314002192,log1p_then_standardize,<=,x[10] > -1.8953154495195101 AND x[1] <= 2.809394314002192 AND x[7] <= -0.010925932685757809,3,5365,exkmc_0.0.3
rich,20260802,4,4,1,1,0,2,7,activity_span_days,1.8233806365740737,1.8233806365740737,-0.01092593268575781,log1p_then_standardize,<=,x[10] > -1.8953154495195101 AND x[1] <= 2.809394314002192 AND x[7] <= -0.010925932685757809,3,5365,exkmc_0.0.3
rich,20260802,4,4,2,2,3,0,10,distinct_top_categories,6.994405055138511e-15,6.994405055138511e-15,-1.8953154495195101,log1p_then_standardize,>,x[10] > -1.8953154495195101 AND x[1] <= 2.809394314002192 AND x[7] > -0.010925932685757809,3,2968,exkmc_0.0.3
rich,20260802,4,4,2,2,3,1,1,purchase_occasion_count,3.9999999999999996,3.9999999999999996,2.809394314002192,log1p_then_standardize,<=,x[10] > -1.8953154495195101 AND x[1] <= 2.809394314002192 AND x[7] > -0.010925932685757809,3,2968,exkmc_0.0.3
rich,20260802,4,4,2,2,3,2,7,activity_span_days,1.8233806365740737,1.8233806365740737,-0.01092593268575781,log1p_then_standardize,>,x[10] > -1.8953154495195101 AND x[1] <= 2.809394314002192 AND x[7] > -0.010925932685757809,3,2968,exkmc_0.0.3
rich,20260802,4,4,3,3,1,0,10,distinct_top_categories,6.994405055138511e-15,6.994405055138511e-15,-1.8953154495195101,log1p_then_standardize,>,x[10] > -1.8953154495195101 AND x[1] > 2.809394314002192,2,104,exkmc_0.0.3
rich,20260802,4,4,3,3,1,1,1,purchase_occasion_count,3.9999999999999996,3.9999999999999996,2.809394314002192,log1p_then_standardize,>,x[10] > -1.8953154495195101 AND x[1] > 2.809394314002192,2,104,exkmc_0.0.3
rich,20260802,4,5,0,0,2,0,10,distinct_top_categories,6.994405055138511e-15,6.994405055138511e-15,-1.8953154495195101,log1p_then_standardize,<=,x[10] <= -1.8953154495195101,1,938,exkmc_0.0.3
rich,20260802,4,5,1,1,0,0,10,distinct_top_categories,6.994405055138511e-15,6.994405055138511e-15,-1.8953154495195101,log1p_then_standardize,>,x[10] > -1.8953154495195101 AND x[1] <= 2.809394314002192 AND x[7] <= -0.010925932685757809,3,5365,exkmc_0.0.3
rich,20260802,4,5,1,1,0,1,1,purchase_occasion_count,3.9999999999999996,3.9999999999999996,2.809394314002192,log1p_then_standardize,<=,x[10] > -1.8953154495195101 AND x[1] <= 2.809394314002192 AND x[7] <= -0.010925932685757809,3,5365,exkmc_0.0.3
rich,20260802,4,5,1,1,0,2,7,activity_span_days,1.8233806365740737,1.8233806365740737,-0.01092593268575781,log1p_then_standardize,<=,x[10] > -1.8953154495195101 AND x[1] <= 2.809394314002192 AND x[7] <= -0.010925932685757809,3,5365,exkmc_0.0.3
rich,20260802,4,5,2,2,3,0,10,distinct_top_categories,6.994405055138511e-15,6.994405055138511e-15,-1.8953154495195101,log1p_then_standardize,>,x[10] > -1.8953154495195101 AND x[1] <= 2.809394314002192 AND x[7] > -0.010925932685757809 AND x[10] <= 3.8826817607338149,4,2955,exkmc_0.0.3
rich,20260802,4,5,2,2,3,1,1,purchase_occasion_count,3.9999999999999996,3.9999999999999996,2.809394314002192,log1p_then_standardize,<=,x[10] > -1.8953154495195101 AND x[1] <= 2.809394314002192 AND x[7] > -0.010925932685757809 AND x[10] <= 3.8826817607338149,4,2955,exkmc_0.0.3
rich,20260802,4,5,2,2,3,2,7,activity_span_days,1.8233806365740737,1.8233806365740737,-0.01092593268575781,log1p_then_standardize,>,x[10] > -1.8953154495195101 AND x[1] <= 2.809394314002192 AND x[7] > -0.010925932685757809 AND x[10] <= 3.8826817607338149,4,2955,exkmc_0.0.3
rich,20260802,4,5,2,2,3,3,10,distinct_top_categories,9.000000000000002,9.000000000000002,3.882681760733815,log1p_then_standardize,<=,x[10] > -1.8953154495195101 AND x[1] <= 2.809394314002192 AND x[7] > -0.010925932685757809 AND x[10] <= 3.8826817607338149,4,2955,exkmc_0.0.3
rich,20260802,4,5,3,3,1,0,10,distinct_top_categories,6.994405055138511e-15,6.994405055138511e-15,-1.8953154495195101,log1p_then_standardize,>,x[10] > -1.8953154495195101 AND x[1] <= 2.809394314002192 AND x[7] > -0.010925932685757809 AND x[10] > 3.8826817607338149,4,13,exkmc_0.0.3
rich,20260802,4,5,3,3,1,1,1,purchase_occasion_count,3.9999999999999996,3.9999999999999996,2.809394314002192,log1p_then_standardize,<=,x[10] > -1.8953154495195101 AND x[1] <= 2.809394314002192 AND x[7] > -0.010925932685757809 AND x[10] > 3.8826817607338149,4,13,exkmc_0.0.3
rich,20260802,4,5,3,3,1,2,7,activity_span_days,1.8233806365740737,1.8233806365740737,-0.01092593268575781,log1p_then_standardize,>,x[10] > -1.8953154495195101 AND x[1] <= 2.809394314002192 AND x[7] > -0.010925932685757809 AND x[10] > 3.8826817607338149,4,13,exkmc_0.0.3
rich,20260802,4,5,3,3,1,3,10,distinct_top_categories,9.000000000000002,9.000000000000002,3.882681760733815,log1p_then_standardize,>,x[10] > -1.8953154495195101 AND x[1] <= 2.809394314002192 AND x[7] > -0.010925932685757809 AND x[10] > 3.8826817607338149,4,13,exkmc_0.0.3
rich,20260802,4,5,4,4,1,0,10,distinct_top_categories,6.994405055138511e-15,6.994405055138511e-15,-1.8953154495195101,log1p_then_standardize,>,x[10] > -1.8953154495195101 AND x[1] > 2.809394314002192,2,104,exkmc_0.0.3
rich,20260802,4,5,4,4,1,1,1,purchase_occasion_count,3.9999999999999996,3.9999999999999996,2.809394314002192,log1p_then_standardize,>,x[10] > -1.8953154495195101 AND x[1] > 2.809394314002192,2,104,exkmc_0.0.3
rich,20260802,4,6,0,0,2,0,10,distinct_top_categories,6.994405055138511e-15,6.994405055138511e-15,-1.8953154495195101,log1p_then_standardize,<=,x[10] <= -1.8953154495195101,1,938,exkmc_0.0.3
rich,20260802,4,6,1,1,0,0,10,distinct_top_categories,6.994405055138511e-15,6.994405055138511e-15,-1.8953154495195101,log1p_then_standardize,>,x[10] > -1.8953154495195101 AND x[1] <= 2.809394314002192 AND x[7] <= -0.010925932685757809 AND x[9] <= 0.71489718485998954,4,5302,exkmc_0.0.3
rich,20260802,4,6,1,1,0,1,1,purchase_occasion_count,3.9999999999999996,3.9999999999999996,2.809394314002192,log1p_then_standardize,<=,x[10] > -1.8953154495195101 AND x[1] <= 2.809394314002192 AND x[7] <= -0.010925932685757809 AND x[9] <= 0.71489718485998954,4,5302,exkmc_0.0.3
rich,20260802,4,6,1,1,0,2,7,activity_span_days,1.8233806365740737,1.8233806365740737,-0.01092593268575781,log1p_then_standardize,<=,x[10] > -1.8953154495195101 AND x[1] <= 2.809394314002192 AND x[7] <= -0.010925932685757809 AND x[9] <= 0.71489718485998954,4,5302,exkmc_0.0.3
rich,20260802,4,6,1,1,0,3,9,session_count_30m,3.9999999999999996,3.9999999999999996,0.7148971848599895,log1p_then_standardize,<=,x[10] > -1.8953154495195101 AND x[1] <= 2.809394314002192 AND x[7] <= -0.010925932685757809 AND x[9] <= 0.71489718485998954,4,5302,exkmc_0.0.3
rich,20260802,4,6,2,2,3,0,10,distinct_top_categories,6.994405055138511e-15,6.994405055138511e-15,-1.8953154495195101,log1p_then_standardize,>,x[10] > -1.8953154495195101 AND x[1] <= 2.809394314002192 AND x[7] <= -0.010925932685757809 AND x[9] > 0.71489718485998954,4,63,exkmc_0.0.3
rich,20260802,4,6,2,2,3,1,1,purchase_occasion_count,3.9999999999999996,3.9999999999999996,2.809394314002192,log1p_then_standardize,<=,x[10] > -1.8953154495195101 AND x[1] <= 2.809394314002192 AND x[7] <= -0.010925932685757809 AND x[9] > 0.71489718485998954,4,63,exkmc_0.0.3
rich,20260802,4,6,2,2,3,2,7,activity_span_days,1.8233806365740737,1.8233806365740737,-0.01092593268575781,log1p_then_standardize,<=,x[10] > -1.8953154495195101 AND x[1] <= 2.809394314002192 AND x[7] <= -0.010925932685757809 AND x[9] > 0.71489718485998954,4,63,exkmc_0.0.3
rich,20260802,4,6,2,2,3,3,9,session_count_30m,3.9999999999999996,3.9999999999999996,0.7148971848599895,log1p_then_standardize,>,x[10] > -1.8953154495195101 AND x[1] <= 2.809394314002192 AND x[7] <= -0.010925932685757809 AND x[9] > 0.71489718485998954,4,63,exkmc_0.0.3
rich,20260802,4,6,3,3,3,0,10,distinct_top_categories,6.994405055138511e-15,6.994405055138511e-15,-1.8953154495195101,log1p_then_standardize,>,x[10] > -1.8953154495195101 AND x[1] <= 2.809394314002192 AND x[7] > -0.010925932685757809 AND x[10] <= 3.8826817607338149,4,2955,exkmc_0.0.3
rich,20260802,4,6,3,3,3,1,1,purchase_occasion_count,3.9999999999999996,3.9999999999999996,2.809394314002192,log1p_then_standardize,<=,x[10] > -1.8953154495195101 AND x[1] <= 2.809394314002192 AND x[7] > -0.010925932685757809 AND x[10] <= 3.8826817607338149,4,2955,exkmc_0.0.3
rich,20260802,4,6,3,3,3,2,7,activity_span_days,1.8233806365740737,1.8233806365740737,-0.01092593268575781,log1p_then_standardize,>,x[10] > -1.8953154495195101 AND x[1] <= 2.809394314002192 AND x[7] > -0.010925932685757809 AND x[10] <= 3.8826817607338149,4,2955,exkmc_0.0.3
rich,20260802,4,6,3,3,3,3,10,distinct_top_categories,9.000000000000002,9.000000000000002,3.882681760733815,log1p_then_standardize,<=,x[10] > -1.8953154495195101 AND x[1] <= 2.809394314002192 AND x[7] > -0.010925932685757809 AND x[10] <= 3.8826817607338149,4,2955,exkmc_0.0.3
rich,20260802,4,6,4,4,1,0,10,distinct_top_categories,6.994405055138511e-15,6.994405055138511e-15,-1.8953154495195101,log1p_then_standardize,>,x[10] > -1.8953154495195101 AND x[1] <= 2.809394314002192 AND x[7] > -0.010925932685757809 AND x[10] > 3.8826817607338149,4,13,exkmc_0.0.3
rich,20260802,4,6,4,4,1,1,1,purchase_occasion_count,3.9999999999999996,3.9999999999999996,2.809394314002192,log1p_then_standardize,<=,x[10] > -1.8953154495195101 AND x[1] <= 2.809394314002192 AND x[7] > -0.010925932685757809 AND x[10] > 3.8826817607338149,4,13,exkmc_0.0.3
rich,20260802,4,6,4,4,1,2,7,activity_span_days,1.8233806365740737,1.8233806365740737,-0.01092593268575781,log1p_then_standardize,>,x[10] > -1.8953154495195101 AND x[1] <= 2.809394314002192 AND x[7] > -0.010925932685757809 AND x[10] > 3.8826817607338149,4,13,exkmc_0.0.3
rich,20260802,4,6,4,4,1,3,10,distinct_top_categories,9.000000000000002,9.000000000000002,3.882681760733815,log1p_then_standardize,>,x[10] > -1.8953154495195101 AND x[1] <= 2.809394314002192 AND x[7] > -0.010925932685757809 AND x[10] > 3.8826817607338149,4,13,exkmc_0.0.3
rich,20260802,4,6,5,5,1,0,10,distinct_top_categories,6.994405055138511e-15,6.994405055138511e-15,-1.8953154495195101,log1p_then_standardize,>,x[10] > -1.8953154495195101 AND x[1] > 2.809394314002192,2,104,exkmc_0.0.3
rich,20260802,4,6,5,5,1,1,1,purchase_occasion_count,3.9999999999999996,3.9999999999999996,2.809394314002192,log1p_then_standardize,>,x[10] > -1.8953154495195101 AND x[1] > 2.809394314002192,2,104,exkmc_0.0.3
rich,20260802,4,7,0,0,2,0,10,distinct_top_categories,6.994405055138511e-15,6.994405055138511e-15,-1.8953154495195101,log1p_then_standardize,<=,x[10] <= -1.8953154495195101,1,938,exkmc_0.0.3
rich,20260802,4,7,1,1,0,0,10,distinct_top_categories,6.994405055138511e-15,6.994405055138511e-15,-1.8953154495195101,log1p_then_standardize,>,x[10] > -1.8953154495195101 AND x[1] <= 2.809394314002192 AND x[7] <= -0.010925932685757809 AND x[9] <= 0.71489718485998954,4,5302,exkmc_0.0.3
rich,20260802,4,7,1,1,0,1,1,purchase_occasion_count,3.9999999999999996,3.9999999999999996,2.809394314002192,log1p_then_standardize,<=,x[10] > -1.8953154495195101 AND x[1] <= 2.809394314002192 AND x[7] <= -0.010925932685757809 AND x[9] <= 0.71489718485998954,4,5302,exkmc_0.0.3
rich,20260802,4,7,1,1,0,2,7,activity_span_days,1.8233806365740737,1.8233806365740737,-0.01092593268575781,log1p_then_standardize,<=,x[10] > -1.8953154495195101 AND x[1] <= 2.809394314002192 AND x[7] <= -0.010925932685757809 AND x[9] <= 0.71489718485998954,4,5302,exkmc_0.0.3
rich,20260802,4,7,1,1,0,3,9,session_count_30m,3.9999999999999996,3.9999999999999996,0.7148971848599895,log1p_then_standardize,<=,x[10] > -1.8953154495195101 AND x[1] <= 2.809394314002192 AND x[7] <= -0.010925932685757809 AND x[9] <= 0.71489718485998954,4,5302,exkmc_0.0.3
rich,20260802,4,7,2,2,3,0,10,distinct_top_categories,6.994405055138511e-15,6.994405055138511e-15,-1.8953154495195101,log1p_then_standardize,>,x[10] > -1.8953154495195101 AND x[1] <= 2.809394314002192 AND x[7] <= -0.010925932685757809 AND x[9] > 0.71489718485998954,4,63,exkmc_0.0.3
rich,20260802,4,7,2,2,3,1,1,purchase_occasion_count,3.9999999999999996,3.9999999999999996,2.809394314002192,log1p_then_standardize,<=,x[10] > -1.8953154495195101 AND x[1] <= 2.809394314002192 AND x[7] <= -0.010925932685757809 AND x[9] > 0.71489718485998954,4,63,exkmc_0.0.3
rich,20260802,4,7,2,2,3,2,7,activity_span_days,1.8233806365740737,1.8233806365740737,-0.01092593268575781,log1p_then_standardize,<=,x[10] > -1.8953154495195101 AND x[1] <= 2.809394314002192 AND x[7] <= -0.010925932685757809 AND x[9] > 0.71489718485998954,4,63,exkmc_0.0.3
rich,20260802,4,7,2,2,3,3,9,session_count_30m,3.9999999999999996,3.9999999999999996,0.7148971848599895,log1p_then_standardize,>,x[10] > -1.8953154495195101 AND x[1] <= 2.809394314002192 AND x[7] <= -0.010925932685757809 AND x[9] > 0.71489718485998954,4,63,exkmc_0.0.3
rich,20260802,4,7,3,3,3,0,10,distinct_top_categories,6.994405055138511e-15,6.994405055138511e-15,-1.8953154495195101,log1p_then_standardize,>,x[10] > -1.8953154495195101 AND x[1] <= 2.809394314002192 AND x[7] > -0.010925932685757809 AND x[10] <= 3.8826817607338149 AND x[2] <= 4.9200691514227426,5,2949,exkmc_0.0.3
rich,20260802,4,7,3,3,3,1,1,purchase_occasion_count,3.9999999999999996,3.9999999999999996,2.809394314002192,log1p_then_standardize,<=,x[10] > -1.8953154495195101 AND x[1] <= 2.809394314002192 AND x[7] > -0.010925932685757809 AND x[10] <= 3.8826817607338149 AND x[2] <= 4.9200691514227426,5,2949,exkmc_0.0.3
rich,20260802,4,7,3,3,3,2,7,activity_span_days,1.8233806365740737,1.8233806365740737,-0.01092593268575781,log1p_then_standardize,>,x[10] > -1.8953154495195101 AND x[1] <= 2.809394314002192 AND x[7] > -0.010925932685757809 AND x[10] <= 3.8826817607338149 AND x[2] <= 4.9200691514227426,5,2949,exkmc_0.0.3
rich,20260802,4,7,3,3,3,3,10,distinct_top_categories,9.000000000000002,9.000000000000002,3.882681760733815,log1p_then_standardize,<=,x[10] > -1.8953154495195101 AND x[1] <= 2.809394314002192 AND x[7] > -0.010925932685757809 AND x[10] <= 3.8826817607338149 AND x[2] <= 4.9200691514227426,5,2949,exkmc_0.0.3
rich,20260802,4,7,3,3,3,4,2,purchase_event_count,15.999999999999995,15.999999999999995,4.920069151422743,log1p_then_standardize,<=,x[10] > -1.8953154495195101 AND x[1] <= 2.809394314002192 AND x[7] > -0.010925932685757809 AND x[10] <= 3.8826817607338149 AND x[2] <= 4.9200691514227426,5,2949,exkmc_0.0.3
rich,20260802,4,7,4,4,1,0,10,distinct_top_categories,6.994405055138511e-15,6.994405055138511e-15,-1.8953154495195101,log1p_then_standardize,>,x[10] > -1.8953154495195101 AND x[1] <= 2.809394314002192 AND x[7] > -0.010925932685757809 AND x[10] <= 3.8826817607338149 AND x[2] > 4.9200691514227426,5,6,exkmc_0.0.3
rich,20260802,4,7,4,4,1,1,1,purchase_occasion_count,3.9999999999999996,3.9999999999999996,2.809394314002192,log1p_then_standardize,<=,x[10] > -1.8953154495195101 AND x[1] <= 2.809394314002192 AND x[7] > -0.010925932685757809 AND x[10] <= 3.8826817607338149 AND x[2] > 4.9200691514227426,5,6,exkmc_0.0.3
rich,20260802,4,7,4,4,1,2,7,activity_span_days,1.8233806365740737,1.8233806365740737,-0.01092593268575781,log1p_then_standardize,>,x[10] > -1.8953154495195101 AND x[1] <= 2.809394314002192 AND x[7] > -0.010925932685757809 AND x[10] <= 3.8826817607338149 AND x[2] > 4.9200691514227426,5,6,exkmc_0.0.3
rich,20260802,4,7,4,4,1,3,10,distinct_top_categories,9.000000000000002,9.000000000000002,3.882681760733815,log1p_then_standardize,<=,x[10] > -1.8953154495195101 AND x[1] <= 2.809394314002192 AND x[7] > -0.010925932685757809 AND x[10] <= 3.8826817607338149 AND x[2] > 4.9200691514227426,5,6,exkmc_0.0.3
rich,20260802,4,7,4,4,1,4,2,purchase_event_count,15.999999999999995,15.999999999999995,4.920069151422743,log1p_then_standardize,>,x[10] > -1.8953154495195101 AND x[1] <= 2.809394314002192 AND x[7] > -0.010925932685757809 AND x[10] <= 3.8826817607338149 AND x[2] > 4.9200691514227426,5,6,exkmc_0.0.3
rich,20260802,4,7,5,5,1,0,10,distinct_top_categories,6.994405055138511e-15,6.994405055138511e-15,-1.8953154495195101,log1p_then_standardize,>,x[10] > -1.8953154495195101 AND x[1] <= 2.809394314002192 AND x[7] > -0.010925932685757809 AND x[10] > 3.8826817607338149,4,13,exkmc_0.0.3
rich,20260802,4,7,5,5,1,1,1,purchase_occasion_count,3.9999999999999996,3.9999999999999996,2.809394314002192,log1p_then_standardize,<=,x[10] > -1.8953154495195101 AND x[1] <= 2.809394314002192 AND x[7] > -0.010925932685757809 AND x[10] > 3.8826817607338149,4,13,exkmc_0.0.3
rich,20260802,4,7,5,5,1,2,7,activity_span_days,1.8233806365740737,1.8233806365740737,-0.01092593268575781,log1p_then_standardize,>,x[10] > -1.8953154495195101 AND x[1] <= 2.809394314002192 AND x[7] > -0.010925932685757809 AND x[10] > 3.8826817607338149,4,13,exkmc_0.0.3
rich,20260802,4,7,5,5,1,3,10,distinct_top_categories,9.000000000000002,9.000000000000002,3.882681760733815,log1p_then_standardize,>,x[10] > -1.8953154495195101 AND x[1] <= 2.809394314002192 AND x[7] > -0.010925932685757809 AND x[10] > 3.8826817607338149,4,13,exkmc_0.0.3
rich,20260802,4,7,6,6,1,0,10,distinct_top_categories,6.994405055138511e-15,6.994405055138511e-15,-1.8953154495195101,log1p_then_standardize,>,x[10] > -1.8953154495195101 AND x[1] > 2.809394314002192,2,104,exkmc_0.0.3
rich,20260802,4,7,6,6,1,1,1,purchase_occasion_count,3.9999999999999996,3.9999999999999996,2.809394314002192,log1p_then_standardize,>,x[10] > -1.8953154495195101 AND x[1] > 2.809394314002192,2,104,exkmc_0.0.3
rich,20260802,4,8,0,0,2,0,10,distinct_top_categories,6.994405055138511e-15,6.994405055138511e-15,-1.8953154495195101,log1p_then_standardize,<=,x[10] <= -1.8953154495195101,1,938,exkmc_0.0.3
rich,20260802,4,8,1,1,0,0,10,distinct_top_categories,6.994405055138511e-15,6.994405055138511e-15,-1.8953154495195101,log1p_then_standardize,>,x[10] > -1.8953154495195101 AND x[1] <= 2.809394314002192 AND x[7] <= -0.010925932685757809 AND x[9] <= 0.71489718485998954,4,5302,exkmc_0.0.3
rich,20260802,4,8,1,1,0,1,1,purchase_occasion_count,3.9999999999999996,3.9999999999999996,2.809394314002192,log1p_then_standardize,<=,x[10] > -1.8953154495195101 AND x[1] <= 2.809394314002192 AND x[7] <= -0.010925932685757809 AND x[9] <= 0.71489718485998954,4,5302,exkmc_0.0.3
rich,20260802,4,8,1,1,0,2,7,activity_span_days,1.8233806365740737,1.8233806365740737,-0.01092593268575781,log1p_then_standardize,<=,x[10] > -1.8953154495195101 AND x[1] <= 2.809394314002192 AND x[7] <= -0.010925932685757809 AND x[9] <= 0.71489718485998954,4,5302,exkmc_0.0.3
rich,20260802,4,8,1,1,0,3,9,session_count_30m,3.9999999999999996,3.9999999999999996,0.7148971848599895,log1p_then_standardize,<=,x[10] > -1.8953154495195101 AND x[1] <= 2.809394314002192 AND x[7] <= -0.010925932685757809 AND x[9] <= 0.71489718485998954,4,5302,exkmc_0.0.3
rich,20260802,4,8,2,2,3,0,10,distinct_top_categories,6.994405055138511e-15,6.994405055138511e-15,-1.8953154495195101,log1p_then_standardize,>,x[10] > -1.8953154495195101 AND x[1] <= 2.809394314002192 AND x[7] <= -0.010925932685757809 AND x[9] > 0.71489718485998954,4,63,exkmc_0.0.3
rich,20260802,4,8,2,2,3,1,1,purchase_occasion_count,3.9999999999999996,3.9999999999999996,2.809394314002192,log1p_then_standardize,<=,x[10] > -1.8953154495195101 AND x[1] <= 2.809394314002192 AND x[7] <= -0.010925932685757809 AND x[9] > 0.71489718485998954,4,63,exkmc_0.0.3
rich,20260802,4,8,2,2,3,2,7,activity_span_days,1.8233806365740737,1.8233806365740737,-0.01092593268575781,log1p_then_standardize,<=,x[10] > -1.8953154495195101 AND x[1] <= 2.809394314002192 AND x[7] <= -0.010925932685757809 AND x[9] > 0.71489718485998954,4,63,exkmc_0.0.3
rich,20260802,4,8,2,2,3,3,9,session_count_30m,3.9999999999999996,3.9999999999999996,0.7148971848599895,log1p_then_standardize,>,x[10] > -1.8953154495195101 AND x[1] <= 2.809394314002192 AND x[7] <= -0.010925932685757809 AND x[9] > 0.71489718485998954,4,63,exkmc_0.0.3
rich,20260802,4,8,3,3,3,0,10,distinct_top_categories,6.994405055138511e-15,6.994405055138511e-15,-1.8953154495195101,log1p_then_standardize,>,x[10] > -1.8953154495195101 AND x[1] <= 2.809394314002192 AND x[7] > -0.010925932685757809 AND x[10] <= 3.8826817607338149 AND x[2] <= 4.9200691514227426,5,2949,exkmc_0.0.3
rich,20260802,4,8,3,3,3,1,1,purchase_occasion_count,3.9999999999999996,3.9999999999999996,2.809394314002192,log1p_then_standardize,<=,x[10] > -1.8953154495195101 AND x[1] <= 2.809394314002192 AND x[7] > -0.010925932685757809 AND x[10] <= 3.8826817607338149 AND x[2] <= 4.9200691514227426,5,2949,exkmc_0.0.3
rich,20260802,4,8,3,3,3,2,7,activity_span_days,1.8233806365740737,1.8233806365740737,-0.01092593268575781,log1p_then_standardize,>,x[10] > -1.8953154495195101 AND x[1] <= 2.809394314002192 AND x[7] > -0.010925932685757809 AND x[10] <= 3.8826817607338149 AND x[2] <= 4.9200691514227426,5,2949,exkmc_0.0.3
rich,20260802,4,8,3,3,3,3,10,distinct_top_categories,9.000000000000002,9.000000000000002,3.882681760733815,log1p_then_standardize,<=,x[10] > -1.8953154495195101 AND x[1] <= 2.809394314002192 AND x[7] > -0.010925932685757809 AND x[10] <= 3.8826817607338149 AND x[2] <= 4.9200691514227426,5,2949,exkmc_0.0.3
rich,20260802,4,8,3,3,3,4,2,purchase_event_count,15.999999999999995,15.999999999999995,4.920069151422743,log1p_then_standardize,<=,x[10] > -1.8953154495195101 AND x[1] <= 2.809394314002192 AND x[7] > -0.010925932685757809 AND x[10] <= 3.8826817607338149 AND x[2] <= 4.9200691514227426,5,2949,exkmc_0.0.3
rich,20260802,4,8,4,4,1,0,10,distinct_top_categories,6.994405055138511e-15,6.994405055138511e-15,-1.8953154495195101,log1p_then_standardize,>,x[10] > -1.8953154495195101 AND x[1] <= 2.809394314002192 AND x[7] > -0.010925932685757809 AND x[10] <= 3.8826817607338149 AND x[2] > 4.9200691514227426,5,6,exkmc_0.0.3
rich,20260802,4,8,4,4,1,1,1,purchase_occasion_count,3.9999999999999996,3.9999999999999996,2.809394314002192,log1p_then_standardize,<=,x[10] > -1.8953154495195101 AND x[1] <= 2.809394314002192 AND x[7] > -0.010925932685757809 AND x[10] <= 3.8826817607338149 AND x[2] > 4.9200691514227426,5,6,exkmc_0.0.3
rich,20260802,4,8,4,4,1,2,7,activity_span_days,1.8233806365740737,1.8233806365740737,-0.01092593268575781,log1p_then_standardize,>,x[10] > -1.8953154495195101 AND x[1] <= 2.809394314002192 AND x[7] > -0.010925932685757809 AND x[10] <= 3.8826817607338149 AND x[2] > 4.9200691514227426,5,6,exkmc_0.0.3
rich,20260802,4,8,4,4,1,3,10,distinct_top_categories,9.000000000000002,9.000000000000002,3.882681760733815,log1p_then_standardize,<=,x[10] > -1.8953154495195101 AND x[1] <= 2.809394314002192 AND x[7] > -0.010925932685757809 AND x[10] <= 3.8826817607338149 AND x[2] > 4.9200691514227426,5,6,exkmc_0.0.3
rich,20260802,4,8,4,4,1,4,2,purchase_event_count,15.999999999999995,15.999999999999995,4.920069151422743,log1p_then_standardize,>,x[10] > -1.8953154495195101 AND x[1] <= 2.809394314002192 AND x[7] > -0.010925932685757809 AND x[10] <= 3.8826817607338149 AND x[2] > 4.9200691514227426,5,6,exkmc_0.0.3
rich,20260802,4,8,5,5,1,0,10,distinct_top_categories,6.994405055138511e-15,6.994405055138511e-15,-1.8953154495195101,log1p_then_standardize,>,x[10] > -1.8953154495195101 AND x[1] <= 2.809394314002192 AND x[7] > -0.010925932685757809 AND x[10] > 3.8826817607338149,4,13,exkmc_0.0.3
rich,20260802,4,8,5,5,1,1,1,purchase_occasion_count,3.9999999999999996,3.9999999999999996,2.809394314002192,log1p_then_standardize,<=,x[10] > -1.8953154495195101 AND x[1] <= 2.809394314002192 AND x[7] > -0.010925932685757809 AND x[10] > 3.8826817607338149,4,13,exkmc_0.0.3
rich,20260802,4,8,5,5,1,2,7,activity_span_days,1.8233806365740737,1.8233806365740737,-0.01092593268575781,log1p_then_standardize,>,x[10] > -1.8953154495195101 AND x[1] <= 2.809394314002192 AND x[7] > -0.010925932685757809 AND x[10] > 3.8826817607338149,4,13,exkmc_0.0.3
rich,20260802,4,8,5,5,1,3,10,distinct_top_categories,9.000000000000002,9.000000000000002,3.882681760733815,log1p_then_standardize,>,x[10] > -1.8953154495195101 AND x[1] <= 2.809394314002192 AND x[7] > -0.010925932685757809 AND x[10] > 3.8826817607338149,4,13,exkmc_0.0.3
rich,20260802,4,8,6,6,3,0,10,distinct_top_categories,6.994405055138511e-15,6.994405055138511e-15,-1.8953154495195101,log1p_then_standardize,>,x[10] > -1.8953154495195101 AND x[1] > 2.809394314002192 AND x[10] <= 0.86148982920325645,3,3,exkmc_0.0.3
rich,20260802,4,8,6,6,3,1,1,purchase_occasion_count,3.9999999999999996,3.9999999999999996,2.809394314002192,log1p_then_standardize,>,x[10] > -1.8953154495195101 AND x[1] > 2.809394314002192 AND x[10] <= 0.86148982920325645,3,3,exkmc_0.0.3
rich,20260802,4,8,6,6,3,2,10,distinct_top_categories,2.0000000000000004,2.0000000000000004,0.8614898292032565,log1p_then_standardize,<=,x[10] > -1.8953154495195101 AND x[1] > 2.809394314002192 AND x[10] <= 0.86148982920325645,3,3,exkmc_0.0.3
rich,20260802,4,8,7,7,1,0,10,distinct_top_categories,6.994405055138511e-15,6.994405055138511e-15,-1.8953154495195101,log1p_then_standardize,>,x[10] > -1.8953154495195101 AND x[1] > 2.809394314002192 AND x[10] > 0.86148982920325645,3,101,exkmc_0.0.3
rich,20260802,4,8,7,7,1,1,1,purchase_occasion_count,3.9999999999999996,3.9999999999999996,2.809394314002192,log1p_then_standardize,>,x[10] > -1.8953154495195101 AND x[1] > 2.809394314002192 AND x[10] > 0.86148982920325645,3,101,exkmc_0.0.3
rich,20260802,4,8,7,7,1,2,10,distinct_top_categories,2.0000000000000004,2.0000000000000004,0.8614898292032565,log1p_then_standardize,>,x[10] > -1.8953154495195101 AND x[1] > 2.809394314002192 AND x[10] > 0.86148982920325645,3,101,exkmc_0.0.3
rich,20260802,4,9,0,0,2,0,10,distinct_top_categories,6.994405055138511e-15,6.994405055138511e-15,-1.8953154495195101,log1p_then_standardize,<=,x[10] <= -1.8953154495195101,1,938,exkmc_0.0.3
rich,20260802,4,9,1,1,0,0,10,distinct_top_categories,6.994405055138511e-15,6.994405055138511e-15,-1.8953154495195101,log1p_then_standardize,>,x[10] > -1.8953154495195101 AND x[1] <= 2.809394314002192 AND x[7] <= -0.010925932685757809 AND x[9] <= 0.71489718485998954,4,5302,exkmc_0.0.3
rich,20260802,4,9,1,1,0,1,1,purchase_occasion_count,3.9999999999999996,3.9999999999999996,2.809394314002192,log1p_then_standardize,<=,x[10] > -1.8953154495195101 AND x[1] <= 2.809394314002192 AND x[7] <= -0.010925932685757809 AND x[9] <= 0.71489718485998954,4,5302,exkmc_0.0.3
rich,20260802,4,9,1,1,0,2,7,activity_span_days,1.8233806365740737,1.8233806365740737,-0.01092593268575781,log1p_then_standardize,<=,x[10] > -1.8953154495195101 AND x[1] <= 2.809394314002192 AND x[7] <= -0.010925932685757809 AND x[9] <= 0.71489718485998954,4,5302,exkmc_0.0.3
rich,20260802,4,9,1,1,0,3,9,session_count_30m,3.9999999999999996,3.9999999999999996,0.7148971848599895,log1p_then_standardize,<=,x[10] > -1.8953154495195101 AND x[1] <= 2.809394314002192 AND x[7] <= -0.010925932685757809 AND x[9] <= 0.71489718485998954,4,5302,exkmc_0.0.3
rich,20260802,4,9,2,2,3,0,10,distinct_top_categories,6.994405055138511e-15,6.994405055138511e-15,-1.8953154495195101,log1p_then_standardize,>,x[10] > -1.8953154495195101 AND x[1] <= 2.809394314002192 AND x[7] <= -0.010925932685757809 AND x[9] > 0.71489718485998954,4,63,exkmc_0.0.3
rich,20260802,4,9,2,2,3,1,1,purchase_occasion_count,3.9999999999999996,3.9999999999999996,2.809394314002192,log1p_then_standardize,<=,x[10] > -1.8953154495195101 AND x[1] <= 2.809394314002192 AND x[7] <= -0.010925932685757809 AND x[9] > 0.71489718485998954,4,63,exkmc_0.0.3
rich,20260802,4,9,2,2,3,2,7,activity_span_days,1.8233806365740737,1.8233806365740737,-0.01092593268575781,log1p_then_standardize,<=,x[10] > -1.8953154495195101 AND x[1] <= 2.809394314002192 AND x[7] <= -0.010925932685757809 AND x[9] > 0.71489718485998954,4,63,exkmc_0.0.3
rich,20260802,4,9,2,2,3,3,9,session_count_30m,3.9999999999999996,3.9999999999999996,0.7148971848599895,log1p_then_standardize,>,x[10] > -1.8953154495195101 AND x[1] <= 2.809394314002192 AND x[7] <= -0.010925932685757809 AND x[9] > 0.71489718485998954,4,63,exkmc_0.0.3
rich,20260802,4,9,3,3,3,0,10,distinct_top_categories,6.994405055138511e-15,6.994405055138511e-15,-1.8953154495195101,log1p_then_standardize,>,x[10] > -1.8953154495195101 AND x[1] <= 2.809394314002192 AND x[7] > -0.010925932685757809 AND x[10] <= 3.8826817607338149 AND x[2] <= 4.9200691514227426,5,2949,exkmc_0.0.3
rich,20260802,4,9,3,3,3,1,1,purchase_occasion_count,3.9999999999999996,3.9999999999999996,2.809394314002192,log1p_then_standardize,<=,x[10] > -1.8953154495195101 AND x[1] <= 2.809394314002192 AND x[7] > -0.010925932685757809 AND x[10] <= 3.8826817607338149 AND x[2] <= 4.9200691514227426,5,2949,exkmc_0.0.3
rich,20260802,4,9,3,3,3,2,7,activity_span_days,1.8233806365740737,1.8233806365740737,-0.01092593268575781,log1p_then_standardize,>,x[10] > -1.8953154495195101 AND x[1] <= 2.809394314002192 AND x[7] > -0.010925932685757809 AND x[10] <= 3.8826817607338149 AND x[2] <= 4.9200691514227426,5,2949,exkmc_0.0.3
rich,20260802,4,9,3,3,3,3,10,distinct_top_categories,9.000000000000002,9.000000000000002,3.882681760733815,log1p_then_standardize,<=,x[10] > -1.8953154495195101 AND x[1] <= 2.809394314002192 AND x[7] > -0.010925932685757809 AND x[10] <= 3.8826817607338149 AND x[2] <= 4.9200691514227426,5,2949,exkmc_0.0.3
rich,20260802,4,9,3,3,3,4,2,purchase_event_count,15.999999999999995,15.999999999999995,4.920069151422743,log1p_then_standardize,<=,x[10] > -1.8953154495195101 AND x[1] <= 2.809394314002192 AND x[7] > -0.010925932685757809 AND x[10] <= 3.8826817607338149 AND x[2] <= 4.9200691514227426,5,2949,exkmc_0.0.3
rich,20260802,4,9,4,4,1,0,10,distinct_top_categories,6.994405055138511e-15,6.994405055138511e-15,-1.8953154495195101,log1p_then_standardize,>,x[10] > -1.8953154495195101 AND x[1] <= 2.809394314002192 AND x[7] > -0.010925932685757809 AND x[10] <= 3.8826817607338149 AND x[2] > 4.9200691514227426,5,6,exkmc_0.0.3
rich,20260802,4,9,4,4,1,1,1,purchase_occasion_count,3.9999999999999996,3.9999999999999996,2.809394314002192,log1p_then_standardize,<=,x[10] > -1.8953154495195101 AND x[1] <= 2.809394314002192 AND x[7] > -0.010925932685757809 AND x[10] <= 3.8826817607338149 AND x[2] > 4.9200691514227426,5,6,exkmc_0.0.3
rich,20260802,4,9,4,4,1,2,7,activity_span_days,1.8233806365740737,1.8233806365740737,-0.01092593268575781,log1p_then_standardize,>,x[10] > -1.8953154495195101 AND x[1] <= 2.809394314002192 AND x[7] > -0.010925932685757809 AND x[10] <= 3.8826817607338149 AND x[2] > 4.9200691514227426,5,6,exkmc_0.0.3
rich,20260802,4,9,4,4,1,3,10,distinct_top_categories,9.000000000000002,9.000000000000002,3.882681760733815,log1p_then_standardize,<=,x[10] > -1.8953154495195101 AND x[1] <= 2.809394314002192 AND x[7] > -0.010925932685757809 AND x[10] <= 3.8826817607338149 AND x[2] > 4.9200691514227426,5,6,exkmc_0.0.3
rich,20260802,4,9,4,4,1,4,2,purchase_event_count,15.999999999999995,15.999999999999995,4.920069151422743,log1p_then_standardize,>,x[10] > -1.8953154495195101 AND x[1] <= 2.809394314002192 AND x[7] > -0.010925932685757809 AND x[10] <= 3.8826817607338149 AND x[2] > 4.9200691514227426,5,6,exkmc_0.0.3
rich,20260802,4,9,5,5,3,0,10,distinct_top_categories,6.994405055138511e-15,6.994405055138511e-15,-1.8953154495195101,log1p_then_standardize,>,x[10] > -1.8953154495195101 AND x[1] <= 2.809394314002192 AND x[7] > -0.010925932685757809 AND x[10] > 3.8826817607338149 AND x[1] <= -0.2130282301728878,5,2,exkmc_0.0.3
rich,20260802,4,9,5,5,3,1,1,purchase_occasion_count,3.9999999999999996,3.9999999999999996,2.809394314002192,log1p_then_standardize,<=,x[10] > -1.8953154495195101 AND x[1] <= 2.809394314002192 AND x[7] > -0.010925932685757809 AND x[10] > 3.8826817607338149 AND x[1] <= -0.2130282301728878,5,2,exkmc_0.0.3
rich,20260802,4,9,5,5,3,2,7,activity_span_days,1.8233806365740737,1.8233806365740737,-0.01092593268575781,log1p_then_standardize,>,x[10] > -1.8953154495195101 AND x[1] <= 2.809394314002192 AND x[7] > -0.010925932685757809 AND x[10] > 3.8826817607338149 AND x[1] <= -0.2130282301728878,5,2,exkmc_0.0.3
rich,20260802,4,9,5,5,3,3,10,distinct_top_categories,9.000000000000002,9.000000000000002,3.882681760733815,log1p_then_standardize,>,x[10] > -1.8953154495195101 AND x[1] <= 2.809394314002192 AND x[7] > -0.010925932685757809 AND x[10] > 3.8826817607338149 AND x[1] <= -0.2130282301728878,5,2,exkmc_0.0.3
rich,20260802,4,9,5,5,3,4,1,purchase_occasion_count,1.0,1.0,-0.2130282301728878,log1p_then_standardize,<=,x[10] > -1.8953154495195101 AND x[1] <= 2.809394314002192 AND x[7] > -0.010925932685757809 AND x[10] > 3.8826817607338149 AND x[1] <= -0.2130282301728878,5,2,exkmc_0.0.3
rich,20260802,4,9,6,6,1,0,10,distinct_top_categories,6.994405055138511e-15,6.994405055138511e-15,-1.8953154495195101,log1p_then_standardize,>,x[10] > -1.8953154495195101 AND x[1] <= 2.809394314002192 AND x[7] > -0.010925932685757809 AND x[10] > 3.8826817607338149 AND x[1] > -0.2130282301728878,5,11,exkmc_0.0.3
rich,20260802,4,9,6,6,1,1,1,purchase_occasion_count,3.9999999999999996,3.9999999999999996,2.809394314002192,log1p_then_standardize,<=,x[10] > -1.8953154495195101 AND x[1] <= 2.809394314002192 AND x[7] > -0.010925932685757809 AND x[10] > 3.8826817607338149 AND x[1] > -0.2130282301728878,5,11,exkmc_0.0.3
rich,20260802,4,9,6,6,1,2,7,activity_span_days,1.8233806365740737,1.8233806365740737,-0.01092593268575781,log1p_then_standardize,>,x[10] > -1.8953154495195101 AND x[1] <= 2.809394314002192 AND x[7] > -0.010925932685757809 AND x[10] > 3.8826817607338149 AND x[1] > -0.2130282301728878,5,11,exkmc_0.0.3
rich,20260802,4,9,6,6,1,3,10,distinct_top_categories,9.000000000000002,9.000000000000002,3.882681760733815,log1p_then_standardize,>,x[10] > -1.8953154495195101 AND x[1] <= 2.809394314002192 AND x[7] > -0.010925932685757809 AND x[10] > 3.8826817607338149 AND x[1] > -0.2130282301728878,5,11,exkmc_0.0.3
rich,20260802,4,9,6,6,1,4,1,purchase_occasion_count,1.0,1.0,-0.2130282301728878,log1p_then_standardize,>,x[10] > -1.8953154495195101 AND x[1] <= 2.809394314002192 AND x[7] > -0.010925932685757809 AND x[10] > 3.8826817607338149 AND x[1] > -0.2130282301728878,5,11,exkmc_0.0.3
rich,20260802,4,9,7,7,3,0,10,distinct_top_categories,6.994405055138511e-15,6.994405055138511e-15,-1.8953154495195101,log1p_then_standardize,>,x[10] > -1.8953154495195101 AND x[1] > 2.809394314002192 AND x[10] <= 0.86148982920325645,3,3,exkmc_0.0.3
rich,20260802,4,9,7,7,3,1,1,purchase_occasion_count,3.9999999999999996,3.9999999999999996,2.809394314002192,log1p_then_standardize,>,x[10] > -1.8953154495195101 AND x[1] > 2.809394314002192 AND x[10] <= 0.86148982920325645,3,3,exkmc_0.0.3
rich,20260802,4,9,7,7,3,2,10,distinct_top_categories,2.0000000000000004,2.0000000000000004,0.8614898292032565,log1p_then_standardize,<=,x[10] > -1.8953154495195101 AND x[1] > 2.809394314002192 AND x[10] <= 0.86148982920325645,3,3,exkmc_0.0.3
rich,20260802,4,9,8,8,1,0,10,distinct_top_categories,6.994405055138511e-15,6.994405055138511e-15,-1.8953154495195101,log1p_then_standardize,>,x[10] > -1.8953154495195101 AND x[1] > 2.809394314002192 AND x[10] > 0.86148982920325645,3,101,exkmc_0.0.3
rich,20260802,4,9,8,8,1,1,1,purchase_occasion_count,3.9999999999999996,3.9999999999999996,2.809394314002192,log1p_then_standardize,>,x[10] > -1.8953154495195101 AND x[1] > 2.809394314002192 AND x[10] > 0.86148982920325645,3,101,exkmc_0.0.3
rich,20260802,4,9,8,8,1,2,10,distinct_top_categories,2.0000000000000004,2.0000000000000004,0.8614898292032565,log1p_then_standardize,>,x[10] > -1.8953154495195101 AND x[1] > 2.809394314002192 AND x[10] > 0.86148982920325645,3,101,exkmc_0.0.3
rich,20260802,4,10,0,0,2,0,10,distinct_top_categories,6.994405055138511e-15,6.994405055138511e-15,-1.8953154495195101,log1p_then_standardize,<=,x[10] <= -1.8953154495195101,1,938,exkmc_0.0.3
rich,20260802,4,10,1,1,0,0,10,distinct_top_categories,6.994405055138511e-15,6.994405055138511e-15,-1.8953154495195101,log1p_then_standardize,>,x[10] > -1.8953154495195101 AND x[1] <= 2.809394314002192 AND x[7] <= -0.010925932685757809 AND x[9] <= 0.71489718485998954 AND x[3] <= 2.3403203456169455,5,5292,exkmc_0.0.3
rich,20260802,4,10,1,1,0,1,1,purchase_occasion_count,3.9999999999999996,3.9999999999999996,2.809394314002192,log1p_then_standardize,<=,x[10] > -1.8953154495195101 AND x[1] <= 2.809394314002192 AND x[7] <= -0.010925932685757809 AND x[9] <= 0.71489718485998954 AND x[3] <= 2.3403203456169455,5,5292,exkmc_0.0.3
rich,20260802,4,10,1,1,0,2,7,activity_span_days,1.8233806365740737,1.8233806365740737,-0.01092593268575781,log1p_then_standardize,<=,x[10] > -1.8953154495195101 AND x[1] <= 2.809394314002192 AND x[7] <= -0.010925932685757809 AND x[9] <= 0.71489718485998954 AND x[3] <= 2.3403203456169455,5,5292,exkmc_0.0.3
rich,20260802,4,10,1,1,0,3,9,session_count_30m,3.9999999999999996,3.9999999999999996,0.7148971848599895,log1p_then_standardize,<=,x[10] > -1.8953154495195101 AND x[1] <= 2.809394314002192 AND x[7] <= -0.010925932685757809 AND x[9] <= 0.71489718485998954 AND x[3] <= 2.3403203456169455,5,5292,exkmc_0.0.3
rich,20260802,4,10,1,1,0,4,3,total_events,68.00000000000001,68.00000000000001,2.3403203456169455,log1p_then_standardize,<=,x[10] > -1.8953154495195101 AND x[1] <= 2.809394314002192 AND x[7] <= -0.010925932685757809 AND x[9] <= 0.71489718485998954 AND x[3] <= 2.3403203456169455,5,5292,exkmc_0.0.3
rich,20260802,4,10,2,2,3,0,10,distinct_top_categories,6.994405055138511e-15,6.994405055138511e-15,-1.8953154495195101,log1p_then_standardize,>,x[10] > -1.8953154495195101 AND x[1] <= 2.809394314002192 AND x[7] <= -0.010925932685757809 AND x[9] <= 0.71489718485998954 AND x[3] > 2.3403203456169455,5,10,exkmc_0.0.3
rich,20260802,4,10,2,2,3,1,1,purchase_occasion_count,3.9999999999999996,3.9999999999999996,2.809394314002192,log1p_then_standardize,<=,x[10] > -1.8953154495195101 AND x[1] <= 2.809394314002192 AND x[7] <= -0.010925932685757809 AND x[9] <= 0.71489718485998954 AND x[3] > 2.3403203456169455,5,10,exkmc_0.0.3
rich,20260802,4,10,2,2,3,2,7,activity_span_days,1.8233806365740737,1.8233806365740737,-0.01092593268575781,log1p_then_standardize,<=,x[10] > -1.8953154495195101 AND x[1] <= 2.809394314002192 AND x[7] <= -0.010925932685757809 AND x[9] <= 0.71489718485998954 AND x[3] > 2.3403203456169455,5,10,exkmc_0.0.3
rich,20260802,4,10,2,2,3,3,9,session_count_30m,3.9999999999999996,3.9999999999999996,0.7148971848599895,log1p_then_standardize,<=,x[10] > -1.8953154495195101 AND x[1] <= 2.809394314002192 AND x[7] <= -0.010925932685757809 AND x[9] <= 0.71489718485998954 AND x[3] > 2.3403203456169455,5,10,exkmc_0.0.3
rich,20260802,4,10,2,2,3,4,3,total_events,68.00000000000001,68.00000000000001,2.3403203456169455,log1p_then_standardize,>,x[10] > -1.8953154495195101 AND x[1] <= 2.809394314002192 AND x[7] <= -0.010925932685757809 AND x[9] <= 0.71489718485998954 AND x[3] > 2.3403203456169455,5,10,exkmc_0.0.3
rich,20260802,4,10,3,3,3,0,10,distinct_top_categories,6.994405055138511e-15,6.994405055138511e-15,-1.8953154495195101,log1p_then_standardize,>,x[10] > -1.8953154495195101 AND x[1] <= 2.809394314002192 AND x[7] <= -0.010925932685757809 AND x[9] > 0.71489718485998954,4,63,exkmc_0.0.3
rich,20260802,4,10,3,3,3,1,1,purchase_occasion_count,3.9999999999999996,3.9999999999999996,2.809394314002192,log1p_then_standardize,<=,x[10] > -1.8953154495195101 AND x[1] <= 2.809394314002192 AND x[7] <= -0.010925932685757809 AND x[9] > 0.71489718485998954,4,63,exkmc_0.0.3
rich,20260802,4,10,3,3,3,2,7,activity_span_days,1.8233806365740737,1.8233806365740737,-0.01092593268575781,log1p_then_standardize,<=,x[10] > -1.8953154495195101 AND x[1] <= 2.809394314002192 AND x[7] <= -0.010925932685757809 AND x[9] > 0.71489718485998954,4,63,exkmc_0.0.3
rich,20260802,4,10,3,3,3,3,9,session_count_30m,3.9999999999999996,3.9999999999999996,0.7148971848599895,log1p_then_standardize,>,x[10] > -1.8953154495195101 AND x[1] <= 2.809394314002192 AND x[7] <= -0.010925932685757809 AND x[9] > 0.71489718485998954,4,63,exkmc_0.0.3
rich,20260802,4,10,4,4,3,0,10,distinct_top_categories,6.994405055138511e-15,6.994405055138511e-15,-1.8953154495195101,log1p_then_standardize,>,x[10] > -1.8953154495195101 AND x[1] <= 2.809394314002192 AND x[7] > -0.010925932685757809 AND x[10] <= 3.8826817607338149 AND x[2] <= 4.9200691514227426,5,2949,exkmc_0.0.3
rich,20260802,4,10,4,4,3,1,1,purchase_occasion_count,3.9999999999999996,3.9999999999999996,2.809394314002192,log1p_then_standardize,<=,x[10] > -1.8953154495195101 AND x[1] <= 2.809394314002192 AND x[7] > -0.010925932685757809 AND x[10] <= 3.8826817607338149 AND x[2] <= 4.9200691514227426,5,2949,exkmc_0.0.3
rich,20260802,4,10,4,4,3,2,7,activity_span_days,1.8233806365740737,1.8233806365740737,-0.01092593268575781,log1p_then_standardize,>,x[10] > -1.8953154495195101 AND x[1] <= 2.809394314002192 AND x[7] > -0.010925932685757809 AND x[10] <= 3.8826817607338149 AND x[2] <= 4.9200691514227426,5,2949,exkmc_0.0.3
rich,20260802,4,10,4,4,3,3,10,distinct_top_categories,9.000000000000002,9.000000000000002,3.882681760733815,log1p_then_standardize,<=,x[10] > -1.8953154495195101 AND x[1] <= 2.809394314002192 AND x[7] > -0.010925932685757809 AND x[10] <= 3.8826817607338149 AND x[2] <= 4.9200691514227426,5,2949,exkmc_0.0.3
rich,20260802,4,10,4,4,3,4,2,purchase_event_count,15.999999999999995,15.999999999999995,4.920069151422743,log1p_then_standardize,<=,x[10] > -1.8953154495195101 AND x[1] <= 2.809394314002192 AND x[7] > -0.010925932685757809 AND x[10] <= 3.8826817607338149 AND x[2] <= 4.9200691514227426,5,2949,exkmc_0.0.3
rich,20260802,4,10,5,5,1,0,10,distinct_top_categories,6.994405055138511e-15,6.994405055138511e-15,-1.8953154495195101,log1p_then_standardize,>,x[10] > -1.8953154495195101 AND x[1] <= 2.809394314002192 AND x[7] > -0.010925932685757809 AND x[10] <= 3.8826817607338149 AND x[2] > 4.9200691514227426,5,6,exkmc_0.0.3
rich,20260802,4,10,5,5,1,1,1,purchase_occasion_count,3.9999999999999996,3.9999999999999996,2.809394314002192,log1p_then_standardize,<=,x[10] > -1.8953154495195101 AND x[1] <= 2.809394314002192 AND x[7] > -0.010925932685757809 AND x[10] <= 3.8826817607338149 AND x[2] > 4.9200691514227426,5,6,exkmc_0.0.3
rich,20260802,4,10,5,5,1,2,7,activity_span_days,1.8233806365740737,1.8233806365740737,-0.01092593268575781,log1p_then_standardize,>,x[10] > -1.8953154495195101 AND x[1] <= 2.809394314002192 AND x[7] > -0.010925932685757809 AND x[10] <= 3.8826817607338149 AND x[2] > 4.9200691514227426,5,6,exkmc_0.0.3
rich,20260802,4,10,5,5,1,3,10,distinct_top_categories,9.000000000000002,9.000000000000002,3.882681760733815,log1p_then_standardize,<=,x[10] > -1.8953154495195101 AND x[1] <= 2.809394314002192 AND x[7] > -0.010925932685757809 AND x[10] <= 3.8826817607338149 AND x[2] > 4.9200691514227426,5,6,exkmc_0.0.3
rich,20260802,4,10,5,5,1,4,2,purchase_event_count,15.999999999999995,15.999999999999995,4.920069151422743,log1p_then_standardize,>,x[10] > -1.8953154495195101 AND x[1] <= 2.809394314002192 AND x[7] > -0.010925932685757809 AND x[10] <= 3.8826817607338149 AND x[2] > 4.9200691514227426,5,6,exkmc_0.0.3
rich,20260802,4,10,6,6,3,0,10,distinct_top_categories,6.994405055138511e-15,6.994405055138511e-15,-1.8953154495195101,log1p_then_standardize,>,x[10] > -1.8953154495195101 AND x[1] <= 2.809394314002192 AND x[7] > -0.010925932685757809 AND x[10] > 3.8826817607338149 AND x[1] <= -0.2130282301728878,5,2,exkmc_0.0.3
rich,20260802,4,10,6,6,3,1,1,purchase_occasion_count,3.9999999999999996,3.9999999999999996,2.809394314002192,log1p_then_standardize,<=,x[10] > -1.8953154495195101 AND x[1] <= 2.809394314002192 AND x[7] > -0.010925932685757809 AND x[10] > 3.8826817607338149 AND x[1] <= -0.2130282301728878,5,2,exkmc_0.0.3
rich,20260802,4,10,6,6,3,2,7,activity_span_days,1.8233806365740737,1.8233806365740737,-0.01092593268575781,log1p_then_standardize,>,x[10] > -1.8953154495195101 AND x[1] <= 2.809394314002192 AND x[7] > -0.010925932685757809 AND x[10] > 3.8826817607338149 AND x[1] <= -0.2130282301728878,5,2,exkmc_0.0.3
rich,20260802,4,10,6,6,3,3,10,distinct_top_categories,9.000000000000002,9.000000000000002,3.882681760733815,log1p_then_standardize,>,x[10] > -1.8953154495195101 AND x[1] <= 2.809394314002192 AND x[7] > -0.010925932685757809 AND x[10] > 3.8826817607338149 AND x[1] <= -0.2130282301728878,5,2,exkmc_0.0.3
rich,20260802,4,10,6,6,3,4,1,purchase_occasion_count,1.0,1.0,-0.2130282301728878,log1p_then_standardize,<=,x[10] > -1.8953154495195101 AND x[1] <= 2.809394314002192 AND x[7] > -0.010925932685757809 AND x[10] > 3.8826817607338149 AND x[1] <= -0.2130282301728878,5,2,exkmc_0.0.3
rich,20260802,4,10,7,7,1,0,10,distinct_top_categories,6.994405055138511e-15,6.994405055138511e-15,-1.8953154495195101,log1p_then_standardize,>,x[10] > -1.8953154495195101 AND x[1] <= 2.809394314002192 AND x[7] > -0.010925932685757809 AND x[10] > 3.8826817607338149 AND x[1] > -0.2130282301728878,5,11,exkmc_0.0.3
rich,20260802,4,10,7,7,1,1,1,purchase_occasion_count,3.9999999999999996,3.9999999999999996,2.809394314002192,log1p_then_standardize,<=,x[10] > -1.8953154495195101 AND x[1] <= 2.809394314002192 AND x[7] > -0.010925932685757809 AND x[10] > 3.8826817607338149 AND x[1] > -0.2130282301728878,5,11,exkmc_0.0.3
rich,20260802,4,10,7,7,1,2,7,activity_span_days,1.8233806365740737,1.8233806365740737,-0.01092593268575781,log1p_then_standardize,>,x[10] > -1.8953154495195101 AND x[1] <= 2.809394314002192 AND x[7] > -0.010925932685757809 AND x[10] > 3.8826817607338149 AND x[1] > -0.2130282301728878,5,11,exkmc_0.0.3
rich,20260802,4,10,7,7,1,3,10,distinct_top_categories,9.000000000000002,9.000000000000002,3.882681760733815,log1p_then_standardize,>,x[10] > -1.8953154495195101 AND x[1] <= 2.809394314002192 AND x[7] > -0.010925932685757809 AND x[10] > 3.8826817607338149 AND x[1] > -0.2130282301728878,5,11,exkmc_0.0.3
rich,20260802,4,10,7,7,1,4,1,purchase_occasion_count,1.0,1.0,-0.2130282301728878,log1p_then_standardize,>,x[10] > -1.8953154495195101 AND x[1] <= 2.809394314002192 AND x[7] > -0.010925932685757809 AND x[10] > 3.8826817607338149 AND x[1] > -0.2130282301728878,5,11,exkmc_0.0.3
rich,20260802,4,10,8,8,3,0,10,distinct_top_categories,6.994405055138511e-15,6.994405055138511e-15,-1.8953154495195101,log1p_then_standardize,>,x[10] > -1.8953154495195101 AND x[1] > 2.809394314002192 AND x[10] <= 0.86148982920325645,3,3,exkmc_0.0.3
rich,20260802,4,10,8,8,3,1,1,purchase_occasion_count,3.9999999999999996,3.9999999999999996,2.809394314002192,log1p_then_standardize,>,x[10] > -1.8953154495195101 AND x[1] > 2.809394314002192 AND x[10] <= 0.86148982920325645,3,3,exkmc_0.0.3
rich,20260802,4,10,8,8,3,2,10,distinct_top_categories,2.0000000000000004,2.0000000000000004,0.8614898292032565,log1p_then_standardize,<=,x[10] > -1.8953154495195101 AND x[1] > 2.809394314002192 AND x[10] <= 0.86148982920325645,3,3,exkmc_0.0.3
rich,20260802,4,10,9,9,1,0,10,distinct_top_categories,6.994405055138511e-15,6.994405055138511e-15,-1.8953154495195101,log1p_then_standardize,>,x[10] > -1.8953154495195101 AND x[1] > 2.809394314002192 AND x[10] > 0.86148982920325645,3,101,exkmc_0.0.3
rich,20260802,4,10,9,9,1,1,1,purchase_occasion_count,3.9999999999999996,3.9999999999999996,2.809394314002192,log1p_then_standardize,>,x[10] > -1.8953154495195101 AND x[1] > 2.809394314002192 AND x[10] > 0.86148982920325645,3,101,exkmc_0.0.3
rich,20260802,4,10,9,9,1,2,10,distinct_top_categories,2.0000000000000004,2.0000000000000004,0.8614898292032565,log1p_then_standardize,>,x[10] > -1.8953154495195101 AND x[1] > 2.809394314002192 AND x[10] > 0.86148982920325645,3,101,exkmc_0.0.3
rich,20260802,4,11,0,0,2,0,10,distinct_top_categories,6.994405055138511e-15,6.994405055138511e-15,-1.8953154495195101,log1p_then_standardize,<=,x[10] <= -1.8953154495195101,1,938,exkmc_0.0.3
rich,20260802,4,11,1,1,0,0,10,distinct_top_categories,6.994405055138511e-15,6.994405055138511e-15,-1.8953154495195101,log1p_then_standardize,>,x[10] > -1.8953154495195101 AND x[1] <= 2.809394314002192 AND x[7] <= -0.010925932685757809 AND x[9] <= 0.71489718485998954 AND x[3] <= 2.3403203456169455,5,5292,exkmc_0.0.3
rich,20260802,4,11,1,1,0,1,1,purchase_occasion_count,3.9999999999999996,3.9999999999999996,2.809394314002192,log1p_then_standardize,<=,x[10] > -1.8953154495195101 AND x[1] <= 2.809394314002192 AND x[7] <= -0.010925932685757809 AND x[9] <= 0.71489718485998954 AND x[3] <= 2.3403203456169455,5,5292,exkmc_0.0.3
rich,20260802,4,11,1,1,0,2,7,activity_span_days,1.8233806365740737,1.8233806365740737,-0.01092593268575781,log1p_then_standardize,<=,x[10] > -1.8953154495195101 AND x[1] <= 2.809394314002192 AND x[7] <= -0.010925932685757809 AND x[9] <= 0.71489718485998954 AND x[3] <= 2.3403203456169455,5,5292,exkmc_0.0.3
rich,20260802,4,11,1,1,0,3,9,session_count_30m,3.9999999999999996,3.9999999999999996,0.7148971848599895,log1p_then_standardize,<=,x[10] > -1.8953154495195101 AND x[1] <= 2.809394314002192 AND x[7] <= -0.010925932685757809 AND x[9] <= 0.71489718485998954 AND x[3] <= 2.3403203456169455,5,5292,exkmc_0.0.3
rich,20260802,4,11,1,1,0,4,3,total_events,68.00000000000001,68.00000000000001,2.3403203456169455,log1p_then_standardize,<=,x[10] > -1.8953154495195101 AND x[1] <= 2.809394314002192 AND x[7] <= -0.010925932685757809 AND x[9] <= 0.71489718485998954 AND x[3] <= 2.3403203456169455,5,5292,exkmc_0.0.3
rich,20260802,4,11,2,2,3,0,10,distinct_top_categories,6.994405055138511e-15,6.994405055138511e-15,-1.8953154495195101,log1p_then_standardize,>,x[10] > -1.8953154495195101 AND x[1] <= 2.809394314002192 AND x[7] <= -0.010925932685757809 AND x[9] <= 0.71489718485998954 AND x[3] > 2.3403203456169455,5,10,exkmc_0.0.3
rich,20260802,4,11,2,2,3,1,1,purchase_occasion_count,3.9999999999999996,3.9999999999999996,2.809394314002192,log1p_then_standardize,<=,x[10] > -1.8953154495195101 AND x[1] <= 2.809394314002192 AND x[7] <= -0.010925932685757809 AND x[9] <= 0.71489718485998954 AND x[3] > 2.3403203456169455,5,10,exkmc_0.0.3
rich,20260802,4,11,2,2,3,2,7,activity_span_days,1.8233806365740737,1.8233806365740737,-0.01092593268575781,log1p_then_standardize,<=,x[10] > -1.8953154495195101 AND x[1] <= 2.809394314002192 AND x[7] <= -0.010925932685757809 AND x[9] <= 0.71489718485998954 AND x[3] > 2.3403203456169455,5,10,exkmc_0.0.3
rich,20260802,4,11,2,2,3,3,9,session_count_30m,3.9999999999999996,3.9999999999999996,0.7148971848599895,log1p_then_standardize,<=,x[10] > -1.8953154495195101 AND x[1] <= 2.809394314002192 AND x[7] <= -0.010925932685757809 AND x[9] <= 0.71489718485998954 AND x[3] > 2.3403203456169455,5,10,exkmc_0.0.3
rich,20260802,4,11,2,2,3,4,3,total_events,68.00000000000001,68.00000000000001,2.3403203456169455,log1p_then_standardize,>,x[10] > -1.8953154495195101 AND x[1] <= 2.809394314002192 AND x[7] <= -0.010925932685757809 AND x[9] <= 0.71489718485998954 AND x[3] > 2.3403203456169455,5,10,exkmc_0.0.3
rich,20260802,4,11,3,3,3,0,10,distinct_top_categories,6.994405055138511e-15,6.994405055138511e-15,-1.8953154495195101,log1p_then_standardize,>,x[10] > -1.8953154495195101 AND x[1] <= 2.809394314002192 AND x[7] <= -0.010925932685757809 AND x[9] > 0.71489718485998954,4,63,exkmc_0.0.3
rich,20260802,4,11,3,3,3,1,1,purchase_occasion_count,3.9999999999999996,3.9999999999999996,2.809394314002192,log1p_then_standardize,<=,x[10] > -1.8953154495195101 AND x[1] <= 2.809394314002192 AND x[7] <= -0.010925932685757809 AND x[9] > 0.71489718485998954,4,63,exkmc_0.0.3
rich,20260802,4,11,3,3,3,2,7,activity_span_days,1.8233806365740737,1.8233806365740737,-0.01092593268575781,log1p_then_standardize,<=,x[10] > -1.8953154495195101 AND x[1] <= 2.809394314002192 AND x[7] <= -0.010925932685757809 AND x[9] > 0.71489718485998954,4,63,exkmc_0.0.3
rich,20260802,4,11,3,3,3,3,9,session_count_30m,3.9999999999999996,3.9999999999999996,0.7148971848599895,log1p_then_standardize,>,x[10] > -1.8953154495195101 AND x[1] <= 2.809394314002192 AND x[7] <= -0.010925932685757809 AND x[9] > 0.71489718485998954,4,63,exkmc_0.0.3
rich,20260802,4,11,4,4,3,0,10,distinct_top_categories,6.994405055138511e-15,6.994405055138511e-15,-1.8953154495195101,log1p_then_standardize,>,x[10] > -1.8953154495195101 AND x[1] <= 2.809394314002192 AND x[7] > -0.010925932685757809 AND x[10] <= 3.8826817607338149 AND x[2] <= 4.9200691514227426 AND x[6] <= 2.4951258743529956,6,2936,exkmc_0.0.3
rich,20260802,4,11,4,4,3,1,1,purchase_occasion_count,3.9999999999999996,3.9999999999999996,2.809394314002192,log1p_then_standardize,<=,x[10] > -1.8953154495195101 AND x[1] <= 2.809394314002192 AND x[7] > -0.010925932685757809 AND x[10] <= 3.8826817607338149 AND x[2] <= 4.9200691514227426 AND x[6] <= 2.4951258743529956,6,2936,exkmc_0.0.3
rich,20260802,4,11,4,4,3,2,7,activity_span_days,1.8233806365740737,1.8233806365740737,-0.01092593268575781,log1p_then_standardize,>,x[10] > -1.8953154495195101 AND x[1] <= 2.809394314002192 AND x[7] > -0.010925932685757809 AND x[10] <= 3.8826817607338149 AND x[2] <= 4.9200691514227426 AND x[6] <= 2.4951258743529956,6,2936,exkmc_0.0.3
rich,20260802,4,11,4,4,3,3,10,distinct_top_categories,9.000000000000002,9.000000000000002,3.882681760733815,log1p_then_standardize,<=,x[10] > -1.8953154495195101 AND x[1] <= 2.809394314002192 AND x[7] > -0.010925932685757809 AND x[10] <= 3.8826817607338149 AND x[2] <= 4.9200691514227426 AND x[6] <= 2.4951258743529956,6,2936,exkmc_0.0.3
rich,20260802,4,11,4,4,3,4,2,purchase_event_count,15.999999999999995,15.999999999999995,4.920069151422743,log1p_then_standardize,<=,x[10] > -1.8953154495195101 AND x[1] <= 2.809394314002192 AND x[7] > -0.010925932685757809 AND x[10] <= 3.8826817607338149 AND x[2] <= 4.9200691514227426 AND x[6] <= 2.4951258743529956,6,2936,exkmc_0.0.3
rich,20260802,4,11,4,4,3,5,6,transaction_per_view,1.4,1.4,2.4951258743529956,standardize,<=,x[10] > -1.8953154495195101 AND x[1] <= 2.809394314002192 AND x[7] > -0.010925932685757809 AND x[10] <= 3.8826817607338149 AND x[2] <= 4.9200691514227426 AND x[6] <= 2.4951258743529956,6,2936,exkmc_0.0.3
rich,20260802,4,11,5,5,0,0,10,distinct_top_categories,6.994405055138511e-15,6.994405055138511e-15,-1.8953154495195101,log1p_then_standardize,>,x[10] > -1.8953154495195101 AND x[1] <= 2.809394314002192 AND x[7] > -0.010925932685757809 AND x[10] <= 3.8826817607338149 AND x[2] <= 4.9200691514227426 AND x[6] > 2.4951258743529956,6,13,exkmc_0.0.3
rich,20260802,4,11,5,5,0,1,1,purchase_occasion_count,3.9999999999999996,3.9999999999999996,2.809394314002192,log1p_then_standardize,<=,x[10] > -1.8953154495195101 AND x[1] <= 2.809394314002192 AND x[7] > -0.010925932685757809 AND x[10] <= 3.8826817607338149 AND x[2] <= 4.9200691514227426 AND x[6] > 2.4951258743529956,6,13,exkmc_0.0.3
rich,20260802,4,11,5,5,0,2,7,activity_span_days,1.8233806365740737,1.8233806365740737,-0.01092593268575781,log1p_then_standardize,>,x[10] > -1.8953154495195101 AND x[1] <= 2.809394314002192 AND x[7] > -0.010925932685757809 AND x[10] <= 3.8826817607338149 AND x[2] <= 4.9200691514227426 AND x[6] > 2.4951258743529956,6,13,exkmc_0.0.3
rich,20260802,4,11,5,5,0,3,10,distinct_top_categories,9.000000000000002,9.000000000000002,3.882681760733815,log1p_then_standardize,<=,x[10] > -1.8953154495195101 AND x[1] <= 2.809394314002192 AND x[7] > -0.010925932685757809 AND x[10] <= 3.8826817607338149 AND x[2] <= 4.9200691514227426 AND x[6] > 2.4951258743529956,6,13,exkmc_0.0.3
rich,20260802,4,11,5,5,0,4,2,purchase_event_count,15.999999999999995,15.999999999999995,4.920069151422743,log1p_then_standardize,<=,x[10] > -1.8953154495195101 AND x[1] <= 2.809394314002192 AND x[7] > -0.010925932685757809 AND x[10] <= 3.8826817607338149 AND x[2] <= 4.9200691514227426 AND x[6] > 2.4951258743529956,6,13,exkmc_0.0.3
rich,20260802,4,11,5,5,0,5,6,transaction_per_view,1.4,1.4,2.4951258743529956,standardize,>,x[10] > -1.8953154495195101 AND x[1] <= 2.809394314002192 AND x[7] > -0.010925932685757809 AND x[10] <= 3.8826817607338149 AND x[2] <= 4.9200691514227426 AND x[6] > 2.4951258743529956,6,13,exkmc_0.0.3
rich,20260802,4,11,6,6,1,0,10,distinct_top_categories,6.994405055138511e-15,6.994405055138511e-15,-1.8953154495195101,log1p_then_standardize,>,x[10] > -1.8953154495195101 AND x[1] <= 2.809394314002192 AND x[7] > -0.010925932685757809 AND x[10] <= 3.8826817607338149 AND x[2] > 4.9200691514227426,5,6,exkmc_0.0.3
rich,20260802,4,11,6,6,1,1,1,purchase_occasion_count,3.9999999999999996,3.9999999999999996,2.809394314002192,log1p_then_standardize,<=,x[10] > -1.8953154495195101 AND x[1] <= 2.809394314002192 AND x[7] > -0.010925932685757809 AND x[10] <= 3.8826817607338149 AND x[2] > 4.9200691514227426,5,6,exkmc_0.0.3
rich,20260802,4,11,6,6,1,2,7,activity_span_days,1.8233806365740737,1.8233806365740737,-0.01092593268575781,log1p_then_standardize,>,x[10] > -1.8953154495195101 AND x[1] <= 2.809394314002192 AND x[7] > -0.010925932685757809 AND x[10] <= 3.8826817607338149 AND x[2] > 4.9200691514227426,5,6,exkmc_0.0.3
rich,20260802,4,11,6,6,1,3,10,distinct_top_categories,9.000000000000002,9.000000000000002,3.882681760733815,log1p_then_standardize,<=,x[10] > -1.8953154495195101 AND x[1] <= 2.809394314002192 AND x[7] > -0.010925932685757809 AND x[10] <= 3.8826817607338149 AND x[2] > 4.9200691514227426,5,6,exkmc_0.0.3
rich,20260802,4,11,6,6,1,4,2,purchase_event_count,15.999999999999995,15.999999999999995,4.920069151422743,log1p_then_standardize,>,x[10] > -1.8953154495195101 AND x[1] <= 2.809394314002192 AND x[7] > -0.010925932685757809 AND x[10] <= 3.8826817607338149 AND x[2] > 4.9200691514227426,5,6,exkmc_0.0.3
rich,20260802,4,11,7,7,3,0,10,distinct_top_categories,6.994405055138511e-15,6.994405055138511e-15,-1.8953154495195101,log1p_then_standardize,>,x[10] > -1.8953154495195101 AND x[1] <= 2.809394314002192 AND x[7] > -0.010925932685757809 AND x[10] > 3.8826817607338149 AND x[1] <= -0.2130282301728878,5,2,exkmc_0.0.3
rich,20260802,4,11,7,7,3,1,1,purchase_occasion_count,3.9999999999999996,3.9999999999999996,2.809394314002192,log1p_then_standardize,<=,x[10] > -1.8953154495195101 AND x[1] <= 2.809394314002192 AND x[7] > -0.010925932685757809 AND x[10] > 3.8826817607338149 AND x[1] <= -0.2130282301728878,5,2,exkmc_0.0.3
rich,20260802,4,11,7,7,3,2,7,activity_span_days,1.8233806365740737,1.8233806365740737,-0.01092593268575781,log1p_then_standardize,>,x[10] > -1.8953154495195101 AND x[1] <= 2.809394314002192 AND x[7] > -0.010925932685757809 AND x[10] > 3.8826817607338149 AND x[1] <= -0.2130282301728878,5,2,exkmc_0.0.3
rich,20260802,4,11,7,7,3,3,10,distinct_top_categories,9.000000000000002,9.000000000000002,3.882681760733815,log1p_then_standardize,>,x[10] > -1.8953154495195101 AND x[1] <= 2.809394314002192 AND x[7] > -0.010925932685757809 AND x[10] > 3.8826817607338149 AND x[1] <= -0.2130282301728878,5,2,exkmc_0.0.3
rich,20260802,4,11,7,7,3,4,1,purchase_occasion_count,1.0,1.0,-0.2130282301728878,log1p_then_standardize,<=,x[10] > -1.8953154495195101 AND x[1] <= 2.809394314002192 AND x[7] > -0.010925932685757809 AND x[10] > 3.8826817607338149 AND x[1] <= -0.2130282301728878,5,2,exkmc_0.0.3
rich,20260802,4,11,8,8,1,0,10,distinct_top_categories,6.994405055138511e-15,6.994405055138511e-15,-1.8953154495195101,log1p_then_standardize,>,x[10] > -1.8953154495195101 AND x[1] <= 2.809394314002192 AND x[7] > -0.010925932685757809 AND x[10] > 3.8826817607338149 AND x[1] > -0.2130282301728878,5,11,exkmc_0.0.3
rich,20260802,4,11,8,8,1,1,1,purchase_occasion_count,3.9999999999999996,3.9999999999999996,2.809394314002192,log1p_then_standardize,<=,x[10] > -1.8953154495195101 AND x[1] <= 2.809394314002192 AND x[7] > -0.010925932685757809 AND x[10] > 3.8826817607338149 AND x[1] > -0.2130282301728878,5,11,exkmc_0.0.3
rich,20260802,4,11,8,8,1,2,7,activity_span_days,1.8233806365740737,1.8233806365740737,-0.01092593268575781,log1p_then_standardize,>,x[10] > -1.8953154495195101 AND x[1] <= 2.809394314002192 AND x[7] > -0.010925932685757809 AND x[10] > 3.8826817607338149 AND x[1] > -0.2130282301728878,5,11,exkmc_0.0.3
rich,20260802,4,11,8,8,1,3,10,distinct_top_categories,9.000000000000002,9.000000000000002,3.882681760733815,log1p_then_standardize,>,x[10] > -1.8953154495195101 AND x[1] <= 2.809394314002192 AND x[7] > -0.010925932685757809 AND x[10] > 3.8826817607338149 AND x[1] > -0.2130282301728878,5,11,exkmc_0.0.3
rich,20260802,4,11,8,8,1,4,1,purchase_occasion_count,1.0,1.0,-0.2130282301728878,log1p_then_standardize,>,x[10] > -1.8953154495195101 AND x[1] <= 2.809394314002192 AND x[7] > -0.010925932685757809 AND x[10] > 3.8826817607338149 AND x[1] > -0.2130282301728878,5,11,exkmc_0.0.3
rich,20260802,4,11,9,9,3,0,10,distinct_top_categories,6.994405055138511e-15,6.994405055138511e-15,-1.8953154495195101,log1p_then_standardize,>,x[10] > -1.8953154495195101 AND x[1] > 2.809394314002192 AND x[10] <= 0.86148982920325645,3,3,exkmc_0.0.3
rich,20260802,4,11,9,9,3,1,1,purchase_occasion_count,3.9999999999999996,3.9999999999999996,2.809394314002192,log1p_then_standardize,>,x[10] > -1.8953154495195101 AND x[1] > 2.809394314002192 AND x[10] <= 0.86148982920325645,3,3,exkmc_0.0.3
rich,20260802,4,11,9,9,3,2,10,distinct_top_categories,2.0000000000000004,2.0000000000000004,0.8614898292032565,log1p_then_standardize,<=,x[10] > -1.8953154495195101 AND x[1] > 2.809394314002192 AND x[10] <= 0.86148982920325645,3,3,exkmc_0.0.3
rich,20260802,4,11,10,10,1,0,10,distinct_top_categories,6.994405055138511e-15,6.994405055138511e-15,-1.8953154495195101,log1p_then_standardize,>,x[10] > -1.8953154495195101 AND x[1] > 2.809394314002192 AND x[10] > 0.86148982920325645,3,101,exkmc_0.0.3
rich,20260802,4,11,10,10,1,1,1,purchase_occasion_count,3.9999999999999996,3.9999999999999996,2.809394314002192,log1p_then_standardize,>,x[10] > -1.8953154495195101 AND x[1] > 2.809394314002192 AND x[10] > 0.86148982920325645,3,101,exkmc_0.0.3
rich,20260802,4,11,10,10,1,2,10,distinct_top_categories,2.0000000000000004,2.0000000000000004,0.8614898292032565,log1p_then_standardize,>,x[10] > -1.8953154495195101 AND x[1] > 2.809394314002192 AND x[10] > 0.86148982920325645,3,101,exkmc_0.0.3
rich,20260802,4,12,0,0,2,0,10,distinct_top_categories,6.994405055138511e-15,6.994405055138511e-15,-1.8953154495195101,log1p_then_standardize,<=,x[10] <= -1.8953154495195101 AND x[1] <= 4.3597205537654879,2,936,exkmc_0.0.3
rich,20260802,4,12,0,0,2,1,1,purchase_occasion_count,6.999999999999998,6.999999999999998,4.359720553765488,log1p_then_standardize,<=,x[10] <= -1.8953154495195101 AND x[1] <= 4.3597205537654879,2,936,exkmc_0.0.3
rich,20260802,4,12,1,1,1,0,10,distinct_top_categories,6.994405055138511e-15,6.994405055138511e-15,-1.8953154495195101,log1p_then_standardize,<=,x[10] <= -1.8953154495195101 AND x[1] > 4.3597205537654879,2,2,exkmc_0.0.3
rich,20260802,4,12,1,1,1,1,1,purchase_occasion_count,6.999999999999998,6.999999999999998,4.359720553765488,log1p_then_standardize,>,x[10] <= -1.8953154495195101 AND x[1] > 4.3597205537654879,2,2,exkmc_0.0.3
rich,20260802,4,12,2,2,0,0,10,distinct_top_categories,6.994405055138511e-15,6.994405055138511e-15,-1.8953154495195101,log1p_then_standardize,>,x[10] > -1.8953154495195101 AND x[1] <= 2.809394314002192 AND x[7] <= -0.010925932685757809 AND x[9] <= 0.71489718485998954 AND x[3] <= 2.3403203456169455,5,5292,exkmc_0.0.3
rich,20260802,4,12,2,2,0,1,1,purchase_occasion_count,3.9999999999999996,3.9999999999999996,2.809394314002192,log1p_then_standardize,<=,x[10] > -1.8953154495195101 AND x[1] <= 2.809394314002192 AND x[7] <= -0.010925932685757809 AND x[9] <= 0.71489718485998954 AND x[3] <= 2.3403203456169455,5,5292,exkmc_0.0.3
rich,20260802,4,12,2,2,0,2,7,activity_span_days,1.8233806365740737,1.8233806365740737,-0.01092593268575781,log1p_then_standardize,<=,x[10] > -1.8953154495195101 AND x[1] <= 2.809394314002192 AND x[7] <= -0.010925932685757809 AND x[9] <= 0.71489718485998954 AND x[3] <= 2.3403203456169455,5,5292,exkmc_0.0.3
rich,20260802,4,12,2,2,0,3,9,session_count_30m,3.9999999999999996,3.9999999999999996,0.7148971848599895,log1p_then_standardize,<=,x[10] > -1.8953154495195101 AND x[1] <= 2.809394314002192 AND x[7] <= -0.010925932685757809 AND x[9] <= 0.71489718485998954 AND x[3] <= 2.3403203456169455,5,5292,exkmc_0.0.3
rich,20260802,4,12,2,2,0,4,3,total_events,68.00000000000001,68.00000000000001,2.3403203456169455,log1p_then_standardize,<=,x[10] > -1.8953154495195101 AND x[1] <= 2.809394314002192 AND x[7] <= -0.010925932685757809 AND x[9] <= 0.71489718485998954 AND x[3] <= 2.3403203456169455,5,5292,exkmc_0.0.3
rich,20260802,4,12,3,3,3,0,10,distinct_top_categories,6.994405055138511e-15,6.994405055138511e-15,-1.8953154495195101,log1p_then_standardize,>,x[10] > -1.8953154495195101 AND x[1] <= 2.809394314002192 AND x[7] <= -0.010925932685757809 AND x[9] <= 0.71489718485998954 AND x[3] > 2.3403203456169455,5,10,exkmc_0.0.3
rich,20260802,4,12,3,3,3,1,1,purchase_occasion_count,3.9999999999999996,3.9999999999999996,2.809394314002192,log1p_then_standardize,<=,x[10] > -1.8953154495195101 AND x[1] <= 2.809394314002192 AND x[7] <= -0.010925932685757809 AND x[9] <= 0.71489718485998954 AND x[3] > 2.3403203456169455,5,10,exkmc_0.0.3
rich,20260802,4,12,3,3,3,2,7,activity_span_days,1.8233806365740737,1.8233806365740737,-0.01092593268575781,log1p_then_standardize,<=,x[10] > -1.8953154495195101 AND x[1] <= 2.809394314002192 AND x[7] <= -0.010925932685757809 AND x[9] <= 0.71489718485998954 AND x[3] > 2.3403203456169455,5,10,exkmc_0.0.3
rich,20260802,4,12,3,3,3,3,9,session_count_30m,3.9999999999999996,3.9999999999999996,0.7148971848599895,log1p_then_standardize,<=,x[10] > -1.8953154495195101 AND x[1] <= 2.809394314002192 AND x[7] <= -0.010925932685757809 AND x[9] <= 0.71489718485998954 AND x[3] > 2.3403203456169455,5,10,exkmc_0.0.3
rich,20260802,4,12,3,3,3,4,3,total_events,68.00000000000001,68.00000000000001,2.3403203456169455,log1p_then_standardize,>,x[10] > -1.8953154495195101 AND x[1] <= 2.809394314002192 AND x[7] <= -0.010925932685757809 AND x[9] <= 0.71489718485998954 AND x[3] > 2.3403203456169455,5,10,exkmc_0.0.3
rich,20260802,4,12,4,4,3,0,10,distinct_top_categories,6.994405055138511e-15,6.994405055138511e-15,-1.8953154495195101,log1p_then_standardize,>,x[10] > -1.8953154495195101 AND x[1] <= 2.809394314002192 AND x[7] <= -0.010925932685757809 AND x[9] > 0.71489718485998954,4,63,exkmc_0.0.3
rich,20260802,4,12,4,4,3,1,1,purchase_occasion_count,3.9999999999999996,3.9999999999999996,2.809394314002192,log1p_then_standardize,<=,x[10] > -1.8953154495195101 AND x[1] <= 2.809394314002192 AND x[7] <= -0.010925932685757809 AND x[9] > 0.71489718485998954,4,63,exkmc_0.0.3
rich,20260802,4,12,4,4,3,2,7,activity_span_days,1.8233806365740737,1.8233806365740737,-0.01092593268575781,log1p_then_standardize,<=,x[10] > -1.8953154495195101 AND x[1] <= 2.809394314002192 AND x[7] <= -0.010925932685757809 AND x[9] > 0.71489718485998954,4,63,exkmc_0.0.3
rich,20260802,4,12,4,4,3,3,9,session_count_30m,3.9999999999999996,3.9999999999999996,0.7148971848599895,log1p_then_standardize,>,x[10] > -1.8953154495195101 AND x[1] <= 2.809394314002192 AND x[7] <= -0.010925932685757809 AND x[9] > 0.71489718485998954,4,63,exkmc_0.0.3
rich,20260802,4,12,5,5,3,0,10,distinct_top_categories,6.994405055138511e-15,6.994405055138511e-15,-1.8953154495195101,log1p_then_standardize,>,x[10] > -1.8953154495195101 AND x[1] <= 2.809394314002192 AND x[7] > -0.010925932685757809 AND x[10] <= 3.8826817607338149 AND x[2] <= 4.9200691514227426 AND x[6] <= 2.4951258743529956,6,2936,exkmc_0.0.3
rich,20260802,4,12,5,5,3,1,1,purchase_occasion_count,3.9999999999999996,3.9999999999999996,2.809394314002192,log1p_then_standardize,<=,x[10] > -1.8953154495195101 AND x[1] <= 2.809394314002192 AND x[7] > -0.010925932685757809 AND x[10] <= 3.8826817607338149 AND x[2] <= 4.9200691514227426 AND x[6] <= 2.4951258743529956,6,2936,exkmc_0.0.3
rich,20260802,4,12,5,5,3,2,7,activity_span_days,1.8233806365740737,1.8233806365740737,-0.01092593268575781,log1p_then_standardize,>,x[10] > -1.8953154495195101 AND x[1] <= 2.809394314002192 AND x[7] > -0.010925932685757809 AND x[10] <= 3.8826817607338149 AND x[2] <= 4.9200691514227426 AND x[6] <= 2.4951258743529956,6,2936,exkmc_0.0.3
rich,20260802,4,12,5,5,3,3,10,distinct_top_categories,9.000000000000002,9.000000000000002,3.882681760733815,log1p_then_standardize,<=,x[10] > -1.8953154495195101 AND x[1] <= 2.809394314002192 AND x[7] > -0.010925932685757809 AND x[10] <= 3.8826817607338149 AND x[2] <= 4.9200691514227426 AND x[6] <= 2.4951258743529956,6,2936,exkmc_0.0.3
rich,20260802,4,12,5,5,3,4,2,purchase_event_count,15.999999999999995,15.999999999999995,4.920069151422743,log1p_then_standardize,<=,x[10] > -1.8953154495195101 AND x[1] <= 2.809394314002192 AND x[7] > -0.010925932685757809 AND x[10] <= 3.8826817607338149 AND x[2] <= 4.9200691514227426 AND x[6] <= 2.4951258743529956,6,2936,exkmc_0.0.3
rich,20260802,4,12,5,5,3,5,6,transaction_per_view,1.4,1.4,2.4951258743529956,standardize,<=,x[10] > -1.8953154495195101 AND x[1] <= 2.809394314002192 AND x[7] > -0.010925932685757809 AND x[10] <= 3.8826817607338149 AND x[2] <= 4.9200691514227426 AND x[6] <= 2.4951258743529956,6,2936,exkmc_0.0.3
rich,20260802,4,12,6,6,0,0,10,distinct_top_categories,6.994405055138511e-15,6.994405055138511e-15,-1.8953154495195101,log1p_then_standardize,>,x[10] > -1.8953154495195101 AND x[1] <= 2.809394314002192 AND x[7] > -0.010925932685757809 AND x[10] <= 3.8826817607338149 AND x[2] <= 4.9200691514227426 AND x[6] > 2.4951258743529956,6,13,exkmc_0.0.3
rich,20260802,4,12,6,6,0,1,1,purchase_occasion_count,3.9999999999999996,3.9999999999999996,2.809394314002192,log1p_then_standardize,<=,x[10] > -1.8953154495195101 AND x[1] <= 2.809394314002192 AND x[7] > -0.010925932685757809 AND x[10] <= 3.8826817607338149 AND x[2] <= 4.9200691514227426 AND x[6] > 2.4951258743529956,6,13,exkmc_0.0.3
rich,20260802,4,12,6,6,0,2,7,activity_span_days,1.8233806365740737,1.8233806365740737,-0.01092593268575781,log1p_then_standardize,>,x[10] > -1.8953154495195101 AND x[1] <= 2.809394314002192 AND x[7] > -0.010925932685757809 AND x[10] <= 3.8826817607338149 AND x[2] <= 4.9200691514227426 AND x[6] > 2.4951258743529956,6,13,exkmc_0.0.3
rich,20260802,4,12,6,6,0,3,10,distinct_top_categories,9.000000000000002,9.000000000000002,3.882681760733815,log1p_then_standardize,<=,x[10] > -1.8953154495195101 AND x[1] <= 2.809394314002192 AND x[7] > -0.010925932685757809 AND x[10] <= 3.8826817607338149 AND x[2] <= 4.9200691514227426 AND x[6] > 2.4951258743529956,6,13,exkmc_0.0.3
rich,20260802,4,12,6,6,0,4,2,purchase_event_count,15.999999999999995,15.999999999999995,4.920069151422743,log1p_then_standardize,<=,x[10] > -1.8953154495195101 AND x[1] <= 2.809394314002192 AND x[7] > -0.010925932685757809 AND x[10] <= 3.8826817607338149 AND x[2] <= 4.9200691514227426 AND x[6] > 2.4951258743529956,6,13,exkmc_0.0.3
rich,20260802,4,12,6,6,0,5,6,transaction_per_view,1.4,1.4,2.4951258743529956,standardize,>,x[10] > -1.8953154495195101 AND x[1] <= 2.809394314002192 AND x[7] > -0.010925932685757809 AND x[10] <= 3.8826817607338149 AND x[2] <= 4.9200691514227426 AND x[6] > 2.4951258743529956,6,13,exkmc_0.0.3
rich,20260802,4,12,7,7,1,0,10,distinct_top_categories,6.994405055138511e-15,6.994405055138511e-15,-1.8953154495195101,log1p_then_standardize,>,x[10] > -1.8953154495195101 AND x[1] <= 2.809394314002192 AND x[7] > -0.010925932685757809 AND x[10] <= 3.8826817607338149 AND x[2] > 4.9200691514227426,5,6,exkmc_0.0.3
rich,20260802,4,12,7,7,1,1,1,purchase_occasion_count,3.9999999999999996,3.9999999999999996,2.809394314002192,log1p_then_standardize,<=,x[10] > -1.8953154495195101 AND x[1] <= 2.809394314002192 AND x[7] > -0.010925932685757809 AND x[10] <= 3.8826817607338149 AND x[2] > 4.9200691514227426,5,6,exkmc_0.0.3
rich,20260802,4,12,7,7,1,2,7,activity_span_days,1.8233806365740737,1.8233806365740737,-0.01092593268575781,log1p_then_standardize,>,x[10] > -1.8953154495195101 AND x[1] <= 2.809394314002192 AND x[7] > -0.010925932685757809 AND x[10] <= 3.8826817607338149 AND x[2] > 4.9200691514227426,5,6,exkmc_0.0.3
rich,20260802,4,12,7,7,1,3,10,distinct_top_categories,9.000000000000002,9.000000000000002,3.882681760733815,log1p_then_standardize,<=,x[10] > -1.8953154495195101 AND x[1] <= 2.809394314002192 AND x[7] > -0.010925932685757809 AND x[10] <= 3.8826817607338149 AND x[2] > 4.9200691514227426,5,6,exkmc_0.0.3
rich,20260802,4,12,7,7,1,4,2,purchase_event_count,15.999999999999995,15.999999999999995,4.920069151422743,log1p_then_standardize,>,x[10] > -1.8953154495195101 AND x[1] <= 2.809394314002192 AND x[7] > -0.010925932685757809 AND x[10] <= 3.8826817607338149 AND x[2] > 4.9200691514227426,5,6,exkmc_0.0.3
rich,20260802,4,12,8,8,3,0,10,distinct_top_categories,6.994405055138511e-15,6.994405055138511e-15,-1.8953154495195101,log1p_then_standardize,>,x[10] > -1.8953154495195101 AND x[1] <= 2.809394314002192 AND x[7] > -0.010925932685757809 AND x[10] > 3.8826817607338149 AND x[1] <= -0.2130282301728878,5,2,exkmc_0.0.3
rich,20260802,4,12,8,8,3,1,1,purchase_occasion_count,3.9999999999999996,3.9999999999999996,2.809394314002192,log1p_then_standardize,<=,x[10] > -1.8953154495195101 AND x[1] <= 2.809394314002192 AND x[7] > -0.010925932685757809 AND x[10] > 3.8826817607338149 AND x[1] <= -0.2130282301728878,5,2,exkmc_0.0.3
rich,20260802,4,12,8,8,3,2,7,activity_span_days,1.8233806365740737,1.8233806365740737,-0.01092593268575781,log1p_then_standardize,>,x[10] > -1.8953154495195101 AND x[1] <= 2.809394314002192 AND x[7] > -0.010925932685757809 AND x[10] > 3.8826817607338149 AND x[1] <= -0.2130282301728878,5,2,exkmc_0.0.3
rich,20260802,4,12,8,8,3,3,10,distinct_top_categories,9.000000000000002,9.000000000000002,3.882681760733815,log1p_then_standardize,>,x[10] > -1.8953154495195101 AND x[1] <= 2.809394314002192 AND x[7] > -0.010925932685757809 AND x[10] > 3.8826817607338149 AND x[1] <= -0.2130282301728878,5,2,exkmc_0.0.3
rich,20260802,4,12,8,8,3,4,1,purchase_occasion_count,1.0,1.0,-0.2130282301728878,log1p_then_standardize,<=,x[10] > -1.8953154495195101 AND x[1] <= 2.809394314002192 AND x[7] > -0.010925932685757809 AND x[10] > 3.8826817607338149 AND x[1] <= -0.2130282301728878,5,2,exkmc_0.0.3
rich,20260802,4,12,9,9,1,0,10,distinct_top_categories,6.994405055138511e-15,6.994405055138511e-15,-1.8953154495195101,log1p_then_standardize,>,x[10] > -1.8953154495195101 AND x[1] <= 2.809394314002192 AND x[7] > -0.010925932685757809 AND x[10] > 3.8826817607338149 AND x[1] > -0.2130282301728878,5,11,exkmc_0.0.3
rich,20260802,4,12,9,9,1,1,1,purchase_occasion_count,3.9999999999999996,3.9999999999999996,2.809394314002192,log1p_then_standardize,<=,x[10] > -1.8953154495195101 AND x[1] <= 2.809394314002192 AND x[7] > -0.010925932685757809 AND x[10] > 3.8826817607338149 AND x[1] > -0.2130282301728878,5,11,exkmc_0.0.3
rich,20260802,4,12,9,9,1,2,7,activity_span_days,1.8233806365740737,1.8233806365740737,-0.01092593268575781,log1p_then_standardize,>,x[10] > -1.8953154495195101 AND x[1] <= 2.809394314002192 AND x[7] > -0.010925932685757809 AND x[10] > 3.8826817607338149 AND x[1] > -0.2130282301728878,5,11,exkmc_0.0.3
rich,20260802,4,12,9,9,1,3,10,distinct_top_categories,9.000000000000002,9.000000000000002,3.882681760733815,log1p_then_standardize,>,x[10] > -1.8953154495195101 AND x[1] <= 2.809394314002192 AND x[7] > -0.010925932685757809 AND x[10] > 3.8826817607338149 AND x[1] > -0.2130282301728878,5,11,exkmc_0.0.3
rich,20260802,4,12,9,9,1,4,1,purchase_occasion_count,1.0,1.0,-0.2130282301728878,log1p_then_standardize,>,x[10] > -1.8953154495195101 AND x[1] <= 2.809394314002192 AND x[7] > -0.010925932685757809 AND x[10] > 3.8826817607338149 AND x[1] > -0.2130282301728878,5,11,exkmc_0.0.3
rich,20260802,4,12,10,10,3,0,10,distinct_top_categories,6.994405055138511e-15,6.994405055138511e-15,-1.8953154495195101,log1p_then_standardize,>,x[10] > -1.8953154495195101 AND x[1] > 2.809394314002192 AND x[10] <= 0.86148982920325645,3,3,exkmc_0.0.3
rich,20260802,4,12,10,10,3,1,1,purchase_occasion_count,3.9999999999999996,3.9999999999999996,2.809394314002192,log1p_then_standardize,>,x[10] > -1.8953154495195101 AND x[1] > 2.809394314002192 AND x[10] <= 0.86148982920325645,3,3,exkmc_0.0.3
rich,20260802,4,12,10,10,3,2,10,distinct_top_categories,2.0000000000000004,2.0000000000000004,0.8614898292032565,log1p_then_standardize,<=,x[10] > -1.8953154495195101 AND x[1] > 2.809394314002192 AND x[10] <= 0.86148982920325645,3,3,exkmc_0.0.3
rich,20260802,4,12,11,11,1,0,10,distinct_top_categories,6.994405055138511e-15,6.994405055138511e-15,-1.8953154495195101,log1p_then_standardize,>,x[10] > -1.8953154495195101 AND x[1] > 2.809394314002192 AND x[10] > 0.86148982920325645,3,101,exkmc_0.0.3
rich,20260802,4,12,11,11,1,1,1,purchase_occasion_count,3.9999999999999996,3.9999999999999996,2.809394314002192,log1p_then_standardize,>,x[10] > -1.8953154495195101 AND x[1] > 2.809394314002192 AND x[10] > 0.86148982920325645,3,101,exkmc_0.0.3
rich,20260802,4,12,11,11,1,2,10,distinct_top_categories,2.0000000000000004,2.0000000000000004,0.8614898292032565,log1p_then_standardize,>,x[10] > -1.8953154495195101 AND x[1] > 2.809394314002192 AND x[10] > 0.86148982920325645,3,101,exkmc_0.0.3
rich,20260802,4,13,0,0,2,0,10,distinct_top_categories,6.994405055138511e-15,6.994405055138511e-15,-1.8953154495195101,log1p_then_standardize,<=,x[10] <= -1.8953154495195101 AND x[1] <= 4.3597205537654879 AND x[4] <= 1.5754773208207058,3,932,exkmc_0.0.3
rich,20260802,4,13,0,0,2,1,1,purchase_occasion_count,6.999999999999998,6.999999999999998,4.359720553765488,log1p_then_standardize,<=,x[10] <= -1.8953154495195101 AND x[1] <= 4.3597205537654879 AND x[4] <= 1.5754773208207058,3,932,exkmc_0.0.3
rich,20260802,4,13,0,0,2,2,4,active_days,5.0,5.0,1.5754773208207058,log1p_then_standardize,<=,x[10] <= -1.8953154495195101 AND x[1] <= 4.3597205537654879 AND x[4] <= 1.5754773208207058,3,932,exkmc_0.0.3
rich,20260802,4,13,1,1,3,0,10,distinct_top_categories,6.994405055138511e-15,6.994405055138511e-15,-1.8953154495195101,log1p_then_standardize,<=,x[10] <= -1.8953154495195101 AND x[1] <= 4.3597205537654879 AND x[4] > 1.5754773208207058,3,4,exkmc_0.0.3
rich,20260802,4,13,1,1,3,1,1,purchase_occasion_count,6.999999999999998,6.999999999999998,4.359720553765488,log1p_then_standardize,<=,x[10] <= -1.8953154495195101 AND x[1] <= 4.3597205537654879 AND x[4] > 1.5754773208207058,3,4,exkmc_0.0.3
rich,20260802,4,13,1,1,3,2,4,active_days,5.0,5.0,1.5754773208207058,log1p_then_standardize,>,x[10] <= -1.8953154495195101 AND x[1] <= 4.3597205537654879 AND x[4] > 1.5754773208207058,3,4,exkmc_0.0.3
rich,20260802,4,13,2,2,1,0,10,distinct_top_categories,6.994405055138511e-15,6.994405055138511e-15,-1.8953154495195101,log1p_then_standardize,<=,x[10] <= -1.8953154495195101 AND x[1] > 4.3597205537654879,2,2,exkmc_0.0.3
rich,20260802,4,13,2,2,1,1,1,purchase_occasion_count,6.999999999999998,6.999999999999998,4.359720553765488,log1p_then_standardize,>,x[10] <= -1.8953154495195101 AND x[1] > 4.3597205537654879,2,2,exkmc_0.0.3
rich,20260802,4,13,3,3,0,0,10,distinct_top_categories,6.994405055138511e-15,6.994405055138511e-15,-1.8953154495195101,log1p_then_standardize,>,x[10] > -1.8953154495195101 AND x[1] <= 2.809394314002192 AND x[7] <= -0.010925932685757809 AND x[9] <= 0.71489718485998954 AND x[3] <= 2.3403203456169455,5,5292,exkmc_0.0.3
rich,20260802,4,13,3,3,0,1,1,purchase_occasion_count,3.9999999999999996,3.9999999999999996,2.809394314002192,log1p_then_standardize,<=,x[10] > -1.8953154495195101 AND x[1] <= 2.809394314002192 AND x[7] <= -0.010925932685757809 AND x[9] <= 0.71489718485998954 AND x[3] <= 2.3403203456169455,5,5292,exkmc_0.0.3
rich,20260802,4,13,3,3,0,2,7,activity_span_days,1.8233806365740737,1.8233806365740737,-0.01092593268575781,log1p_then_standardize,<=,x[10] > -1.8953154495195101 AND x[1] <= 2.809394314002192 AND x[7] <= -0.010925932685757809 AND x[9] <= 0.71489718485998954 AND x[3] <= 2.3403203456169455,5,5292,exkmc_0.0.3
rich,20260802,4,13,3,3,0,3,9,session_count_30m,3.9999999999999996,3.9999999999999996,0.7148971848599895,log1p_then_standardize,<=,x[10] > -1.8953154495195101 AND x[1] <= 2.809394314002192 AND x[7] <= -0.010925932685757809 AND x[9] <= 0.71489718485998954 AND x[3] <= 2.3403203456169455,5,5292,exkmc_0.0.3
rich,20260802,4,13,3,3,0,4,3,total_events,68.00000000000001,68.00000000000001,2.3403203456169455,log1p_then_standardize,<=,x[10] > -1.8953154495195101 AND x[1] <= 2.809394314002192 AND x[7] <= -0.010925932685757809 AND x[9] <= 0.71489718485998954 AND x[3] <= 2.3403203456169455,5,5292,exkmc_0.0.3
rich,20260802,4,13,4,4,3,0,10,distinct_top_categories,6.994405055138511e-15,6.994405055138511e-15,-1.8953154495195101,log1p_then_standardize,>,x[10] > -1.8953154495195101 AND x[1] <= 2.809394314002192 AND x[7] <= -0.010925932685757809 AND x[9] <= 0.71489718485998954 AND x[3] > 2.3403203456169455,5,10,exkmc_0.0.3
rich,20260802,4,13,4,4,3,1,1,purchase_occasion_count,3.9999999999999996,3.9999999999999996,2.809394314002192,log1p_then_standardize,<=,x[10] > -1.8953154495195101 AND x[1] <= 2.809394314002192 AND x[7] <= -0.010925932685757809 AND x[9] <= 0.71489718485998954 AND x[3] > 2.3403203456169455,5,10,exkmc_0.0.3
rich,20260802,4,13,4,4,3,2,7,activity_span_days,1.8233806365740737,1.8233806365740737,-0.01092593268575781,log1p_then_standardize,<=,x[10] > -1.8953154495195101 AND x[1] <= 2.809394314002192 AND x[7] <= -0.010925932685757809 AND x[9] <= 0.71489718485998954 AND x[3] > 2.3403203456169455,5,10,exkmc_0.0.3
rich,20260802,4,13,4,4,3,3,9,session_count_30m,3.9999999999999996,3.9999999999999996,0.7148971848599895,log1p_then_standardize,<=,x[10] > -1.8953154495195101 AND x[1] <= 2.809394314002192 AND x[7] <= -0.010925932685757809 AND x[9] <= 0.71489718485998954 AND x[3] > 2.3403203456169455,5,10,exkmc_0.0.3
rich,20260802,4,13,4,4,3,4,3,total_events,68.00000000000001,68.00000000000001,2.3403203456169455,log1p_then_standardize,>,x[10] > -1.8953154495195101 AND x[1] <= 2.809394314002192 AND x[7] <= -0.010925932685757809 AND x[9] <= 0.71489718485998954 AND x[3] > 2.3403203456169455,5,10,exkmc_0.0.3
rich,20260802,4,13,5,5,3,0,10,distinct_top_categories,6.994405055138511e-15,6.994405055138511e-15,-1.8953154495195101,log1p_then_standardize,>,x[10] > -1.8953154495195101 AND x[1] <= 2.809394314002192 AND x[7] <= -0.010925932685757809 AND x[9] > 0.71489718485998954,4,63,exkmc_0.0.3
rich,20260802,4,13,5,5,3,1,1,purchase_occasion_count,3.9999999999999996,3.9999999999999996,2.809394314002192,log1p_then_standardize,<=,x[10] > -1.8953154495195101 AND x[1] <= 2.809394314002192 AND x[7] <= -0.010925932685757809 AND x[9] > 0.71489718485998954,4,63,exkmc_0.0.3
rich,20260802,4,13,5,5,3,2,7,activity_span_days,1.8233806365740737,1.8233806365740737,-0.01092593268575781,log1p_then_standardize,<=,x[10] > -1.8953154495195101 AND x[1] <= 2.809394314002192 AND x[7] <= -0.010925932685757809 AND x[9] > 0.71489718485998954,4,63,exkmc_0.0.3
rich,20260802,4,13,5,5,3,3,9,session_count_30m,3.9999999999999996,3.9999999999999996,0.7148971848599895,log1p_then_standardize,>,x[10] > -1.8953154495195101 AND x[1] <= 2.809394314002192 AND x[7] <= -0.010925932685757809 AND x[9] > 0.71489718485998954,4,63,exkmc_0.0.3
rich,20260802,4,13,6,6,3,0,10,distinct_top_categories,6.994405055138511e-15,6.994405055138511e-15,-1.8953154495195101,log1p_then_standardize,>,x[10] > -1.8953154495195101 AND x[1] <= 2.809394314002192 AND x[7] > -0.010925932685757809 AND x[10] <= 3.8826817607338149 AND x[2] <= 4.9200691514227426 AND x[6] <= 2.4951258743529956,6,2936,exkmc_0.0.3
rich,20260802,4,13,6,6,3,1,1,purchase_occasion_count,3.9999999999999996,3.9999999999999996,2.809394314002192,log1p_then_standardize,<=,x[10] > -1.8953154495195101 AND x[1] <= 2.809394314002192 AND x[7] > -0.010925932685757809 AND x[10] <= 3.8826817607338149 AND x[2] <= 4.9200691514227426 AND x[6] <= 2.4951258743529956,6,2936,exkmc_0.0.3
rich,20260802,4,13,6,6,3,2,7,activity_span_days,1.8233806365740737,1.8233806365740737,-0.01092593268575781,log1p_then_standardize,>,x[10] > -1.8953154495195101 AND x[1] <= 2.809394314002192 AND x[7] > -0.010925932685757809 AND x[10] <= 3.8826817607338149 AND x[2] <= 4.9200691514227426 AND x[6] <= 2.4951258743529956,6,2936,exkmc_0.0.3
rich,20260802,4,13,6,6,3,3,10,distinct_top_categories,9.000000000000002,9.000000000000002,3.882681760733815,log1p_then_standardize,<=,x[10] > -1.8953154495195101 AND x[1] <= 2.809394314002192 AND x[7] > -0.010925932685757809 AND x[10] <= 3.8826817607338149 AND x[2] <= 4.9200691514227426 AND x[6] <= 2.4951258743529956,6,2936,exkmc_0.0.3
rich,20260802,4,13,6,6,3,4,2,purchase_event_count,15.999999999999995,15.999999999999995,4.920069151422743,log1p_then_standardize,<=,x[10] > -1.8953154495195101 AND x[1] <= 2.809394314002192 AND x[7] > -0.010925932685757809 AND x[10] <= 3.8826817607338149 AND x[2] <= 4.9200691514227426 AND x[6] <= 2.4951258743529956,6,2936,exkmc_0.0.3
rich,20260802,4,13,6,6,3,5,6,transaction_per_view,1.4,1.4,2.4951258743529956,standardize,<=,x[10] > -1.8953154495195101 AND x[1] <= 2.809394314002192 AND x[7] > -0.010925932685757809 AND x[10] <= 3.8826817607338149 AND x[2] <= 4.9200691514227426 AND x[6] <= 2.4951258743529956,6,2936,exkmc_0.0.3
rich,20260802,4,13,7,7,0,0,10,distinct_top_categories,6.994405055138511e-15,6.994405055138511e-15,-1.8953154495195101,log1p_then_standardize,>,x[10] > -1.8953154495195101 AND x[1] <= 2.809394314002192 AND x[7] > -0.010925932685757809 AND x[10] <= 3.8826817607338149 AND x[2] <= 4.9200691514227426 AND x[6] > 2.4951258743529956,6,13,exkmc_0.0.3
rich,20260802,4,13,7,7,0,1,1,purchase_occasion_count,3.9999999999999996,3.9999999999999996,2.809394314002192,log1p_then_standardize,<=,x[10] > -1.8953154495195101 AND x[1] <= 2.809394314002192 AND x[7] > -0.010925932685757809 AND x[10] <= 3.8826817607338149 AND x[2] <= 4.9200691514227426 AND x[6] > 2.4951258743529956,6,13,exkmc_0.0.3
rich,20260802,4,13,7,7,0,2,7,activity_span_days,1.8233806365740737,1.8233806365740737,-0.01092593268575781,log1p_then_standardize,>,x[10] > -1.8953154495195101 AND x[1] <= 2.809394314002192 AND x[7] > -0.010925932685757809 AND x[10] <= 3.8826817607338149 AND x[2] <= 4.9200691514227426 AND x[6] > 2.4951258743529956,6,13,exkmc_0.0.3
rich,20260802,4,13,7,7,0,3,10,distinct_top_categories,9.000000000000002,9.000000000000002,3.882681760733815,log1p_then_standardize,<=,x[10] > -1.8953154495195101 AND x[1] <= 2.809394314002192 AND x[7] > -0.010925932685757809 AND x[10] <= 3.8826817607338149 AND x[2] <= 4.9200691514227426 AND x[6] > 2.4951258743529956,6,13,exkmc_0.0.3
rich,20260802,4,13,7,7,0,4,2,purchase_event_count,15.999999999999995,15.999999999999995,4.920069151422743,log1p_then_standardize,<=,x[10] > -1.8953154495195101 AND x[1] <= 2.809394314002192 AND x[7] > -0.010925932685757809 AND x[10] <= 3.8826817607338149 AND x[2] <= 4.9200691514227426 AND x[6] > 2.4951258743529956,6,13,exkmc_0.0.3
rich,20260802,4,13,7,7,0,5,6,transaction_per_view,1.4,1.4,2.4951258743529956,standardize,>,x[10] > -1.8953154495195101 AND x[1] <= 2.809394314002192 AND x[7] > -0.010925932685757809 AND x[10] <= 3.8826817607338149 AND x[2] <= 4.9200691514227426 AND x[6] > 2.4951258743529956,6,13,exkmc_0.0.3
rich,20260802,4,13,8,8,1,0,10,distinct_top_categories,6.994405055138511e-15,6.994405055138511e-15,-1.8953154495195101,log1p_then_standardize,>,x[10] > -1.8953154495195101 AND x[1] <= 2.809394314002192 AND x[7] > -0.010925932685757809 AND x[10] <= 3.8826817607338149 AND x[2] > 4.9200691514227426,5,6,exkmc_0.0.3
rich,20260802,4,13,8,8,1,1,1,purchase_occasion_count,3.9999999999999996,3.9999999999999996,2.809394314002192,log1p_then_standardize,<=,x[10] > -1.8953154495195101 AND x[1] <= 2.809394314002192 AND x[7] > -0.010925932685757809 AND x[10] <= 3.8826817607338149 AND x[2] > 4.9200691514227426,5,6,exkmc_0.0.3
rich,20260802,4,13,8,8,1,2,7,activity_span_days,1.8233806365740737,1.8233806365740737,-0.01092593268575781,log1p_then_standardize,>,x[10] > -1.8953154495195101 AND x[1] <= 2.809394314002192 AND x[7] > -0.010925932685757809 AND x[10] <= 3.8826817607338149 AND x[2] > 4.9200691514227426,5,6,exkmc_0.0.3
rich,20260802,4,13,8,8,1,3,10,distinct_top_categories,9.000000000000002,9.000000000000002,3.882681760733815,log1p_then_standardize,<=,x[10] > -1.8953154495195101 AND x[1] <= 2.809394314002192 AND x[7] > -0.010925932685757809 AND x[10] <= 3.8826817607338149 AND x[2] > 4.9200691514227426,5,6,exkmc_0.0.3
rich,20260802,4,13,8,8,1,4,2,purchase_event_count,15.999999999999995,15.999999999999995,4.920069151422743,log1p_then_standardize,>,x[10] > -1.8953154495195101 AND x[1] <= 2.809394314002192 AND x[7] > -0.010925932685757809 AND x[10] <= 3.8826817607338149 AND x[2] > 4.9200691514227426,5,6,exkmc_0.0.3
rich,20260802,4,13,9,9,3,0,10,distinct_top_categories,6.994405055138511e-15,6.994405055138511e-15,-1.8953154495195101,log1p_then_standardize,>,x[10] > -1.8953154495195101 AND x[1] <= 2.809394314002192 AND x[7] > -0.010925932685757809 AND x[10] > 3.8826817607338149 AND x[1] <= -0.2130282301728878,5,2,exkmc_0.0.3
rich,20260802,4,13,9,9,3,1,1,purchase_occasion_count,3.9999999999999996,3.9999999999999996,2.809394314002192,log1p_then_standardize,<=,x[10] > -1.8953154495195101 AND x[1] <= 2.809394314002192 AND x[7] > -0.010925932685757809 AND x[10] > 3.8826817607338149 AND x[1] <= -0.2130282301728878,5,2,exkmc_0.0.3
rich,20260802,4,13,9,9,3,2,7,activity_span_days,1.8233806365740737,1.8233806365740737,-0.01092593268575781,log1p_then_standardize,>,x[10] > -1.8953154495195101 AND x[1] <= 2.809394314002192 AND x[7] > -0.010925932685757809 AND x[10] > 3.8826817607338149 AND x[1] <= -0.2130282301728878,5,2,exkmc_0.0.3
rich,20260802,4,13,9,9,3,3,10,distinct_top_categories,9.000000000000002,9.000000000000002,3.882681760733815,log1p_then_standardize,>,x[10] > -1.8953154495195101 AND x[1] <= 2.809394314002192 AND x[7] > -0.010925932685757809 AND x[10] > 3.8826817607338149 AND x[1] <= -0.2130282301728878,5,2,exkmc_0.0.3
rich,20260802,4,13,9,9,3,4,1,purchase_occasion_count,1.0,1.0,-0.2130282301728878,log1p_then_standardize,<=,x[10] > -1.8953154495195101 AND x[1] <= 2.809394314002192 AND x[7] > -0.010925932685757809 AND x[10] > 3.8826817607338149 AND x[1] <= -0.2130282301728878,5,2,exkmc_0.0.3
rich,20260802,4,13,10,10,1,0,10,distinct_top_categories,6.994405055138511e-15,6.994405055138511e-15,-1.8953154495195101,log1p_then_standardize,>,x[10] > -1.8953154495195101 AND x[1] <= 2.809394314002192 AND x[7] > -0.010925932685757809 AND x[10] > 3.8826817607338149 AND x[1] > -0.2130282301728878,5,11,exkmc_0.0.3
rich,20260802,4,13,10,10,1,1,1,purchase_occasion_count,3.9999999999999996,3.9999999999999996,2.809394314002192,log1p_then_standardize,<=,x[10] > -1.8953154495195101 AND x[1] <= 2.809394314002192 AND x[7] > -0.010925932685757809 AND x[10] > 3.8826817607338149 AND x[1] > -0.2130282301728878,5,11,exkmc_0.0.3
rich,20260802,4,13,10,10,1,2,7,activity_span_days,1.8233806365740737,1.8233806365740737,-0.01092593268575781,log1p_then_standardize,>,x[10] > -1.8953154495195101 AND x[1] <= 2.809394314002192 AND x[7] > -0.010925932685757809 AND x[10] > 3.8826817607338149 AND x[1] > -0.2130282301728878,5,11,exkmc_0.0.3
rich,20260802,4,13,10,10,1,3,10,distinct_top_categories,9.000000000000002,9.000000000000002,3.882681760733815,log1p_then_standardize,>,x[10] > -1.8953154495195101 AND x[1] <= 2.809394314002192 AND x[7] > -0.010925932685757809 AND x[10] > 3.8826817607338149 AND x[1] > -0.2130282301728878,5,11,exkmc_0.0.3
rich,20260802,4,13,10,10,1,4,1,purchase_occasion_count,1.0,1.0,-0.2130282301728878,log1p_then_standardize,>,x[10] > -1.8953154495195101 AND x[1] <= 2.809394314002192 AND x[7] > -0.010925932685757809 AND x[10] > 3.8826817607338149 AND x[1] > -0.2130282301728878,5,11,exkmc_0.0.3
rich,20260802,4,13,11,11,3,0,10,distinct_top_categories,6.994405055138511e-15,6.994405055138511e-15,-1.8953154495195101,log1p_then_standardize,>,x[10] > -1.8953154495195101 AND x[1] > 2.809394314002192 AND x[10] <= 0.86148982920325645,3,3,exkmc_0.0.3
rich,20260802,4,13,11,11,3,1,1,purchase_occasion_count,3.9999999999999996,3.9999999999999996,2.809394314002192,log1p_then_standardize,>,x[10] > -1.8953154495195101 AND x[1] > 2.809394314002192 AND x[10] <= 0.86148982920325645,3,3,exkmc_0.0.3
rich,20260802,4,13,11,11,3,2,10,distinct_top_categories,2.0000000000000004,2.0000000000000004,0.8614898292032565,log1p_then_standardize,<=,x[10] > -1.8953154495195101 AND x[1] > 2.809394314002192 AND x[10] <= 0.86148982920325645,3,3,exkmc_0.0.3
rich,20260802,4,13,12,12,1,0,10,distinct_top_categories,6.994405055138511e-15,6.994405055138511e-15,-1.8953154495195101,log1p_then_standardize,>,x[10] > -1.8953154495195101 AND x[1] > 2.809394314002192 AND x[10] > 0.86148982920325645,3,101,exkmc_0.0.3
rich,20260802,4,13,12,12,1,1,1,purchase_occasion_count,3.9999999999999996,3.9999999999999996,2.809394314002192,log1p_then_standardize,>,x[10] > -1.8953154495195101 AND x[1] > 2.809394314002192 AND x[10] > 0.86148982920325645,3,101,exkmc_0.0.3
rich,20260802,4,13,12,12,1,2,10,distinct_top_categories,2.0000000000000004,2.0000000000000004,0.8614898292032565,log1p_then_standardize,>,x[10] > -1.8953154495195101 AND x[1] > 2.809394314002192 AND x[10] > 0.86148982920325645,3,101,exkmc_0.0.3
rich,20260802,4,14,0,0,2,0,10,distinct_top_categories,6.994405055138511e-15,6.994405055138511e-15,-1.8953154495195101,log1p_then_standardize,<=,x[10] <= -1.8953154495195101 AND x[1] <= 4.3597205537654879 AND x[4] <= 1.5754773208207058,3,932,exkmc_0.0.3
rich,20260802,4,14,0,0,2,1,1,purchase_occasion_count,6.999999999999998,6.999999999999998,4.359720553765488,log1p_then_standardize,<=,x[10] <= -1.8953154495195101 AND x[1] <= 4.3597205537654879 AND x[4] <= 1.5754773208207058,3,932,exkmc_0.0.3
rich,20260802,4,14,0,0,2,2,4,active_days,5.0,5.0,1.5754773208207058,log1p_then_standardize,<=,x[10] <= -1.8953154495195101 AND x[1] <= 4.3597205537654879 AND x[4] <= 1.5754773208207058,3,932,exkmc_0.0.3
rich,20260802,4,14,1,1,3,0,10,distinct_top_categories,6.994405055138511e-15,6.994405055138511e-15,-1.8953154495195101,log1p_then_standardize,<=,x[10] <= -1.8953154495195101 AND x[1] <= 4.3597205537654879 AND x[4] > 1.5754773208207058,3,4,exkmc_0.0.3
rich,20260802,4,14,1,1,3,1,1,purchase_occasion_count,6.999999999999998,6.999999999999998,4.359720553765488,log1p_then_standardize,<=,x[10] <= -1.8953154495195101 AND x[1] <= 4.3597205537654879 AND x[4] > 1.5754773208207058,3,4,exkmc_0.0.3
rich,20260802,4,14,1,1,3,2,4,active_days,5.0,5.0,1.5754773208207058,log1p_then_standardize,>,x[10] <= -1.8953154495195101 AND x[1] <= 4.3597205537654879 AND x[4] > 1.5754773208207058,3,4,exkmc_0.0.3
rich,20260802,4,14,2,2,1,0,10,distinct_top_categories,6.994405055138511e-15,6.994405055138511e-15,-1.8953154495195101,log1p_then_standardize,<=,x[10] <= -1.8953154495195101 AND x[1] > 4.3597205537654879,2,2,exkmc_0.0.3
rich,20260802,4,14,2,2,1,1,1,purchase_occasion_count,6.999999999999998,6.999999999999998,4.359720553765488,log1p_then_standardize,>,x[10] <= -1.8953154495195101 AND x[1] > 4.3597205537654879,2,2,exkmc_0.0.3
rich,20260802,4,14,3,3,0,0,10,distinct_top_categories,6.994405055138511e-15,6.994405055138511e-15,-1.8953154495195101,log1p_then_standardize,>,x[10] > -1.8953154495195101 AND x[1] <= 2.809394314002192 AND x[7] <= -0.010925932685757809 AND x[9] <= 0.71489718485998954 AND x[3] <= 2.3403203456169455 AND x[4] <= 0.16700752504014091,6,5266,exkmc_0.0.3
rich,20260802,4,14,3,3,0,1,1,purchase_occasion_count,3.9999999999999996,3.9999999999999996,2.809394314002192,log1p_then_standardize,<=,x[10] > -1.8953154495195101 AND x[1] <= 2.809394314002192 AND x[7] <= -0.010925932685757809 AND x[9] <= 0.71489718485998954 AND x[3] <= 2.3403203456169455 AND x[4] <= 0.16700752504014091,6,5266,exkmc_0.0.3
rich,20260802,4,14,3,3,0,2,7,activity_span_days,1.8233806365740737,1.8233806365740737,-0.01092593268575781,log1p_then_standardize,<=,x[10] > -1.8953154495195101 AND x[1] <= 2.809394314002192 AND x[7] <= -0.010925932685757809 AND x[9] <= 0.71489718485998954 AND x[3] <= 2.3403203456169455 AND x[4] <= 0.16700752504014091,6,5266,exkmc_0.0.3
rich,20260802,4,14,3,3,0,3,9,session_count_30m,3.9999999999999996,3.9999999999999996,0.7148971848599895,log1p_then_standardize,<=,x[10] > -1.8953154495195101 AND x[1] <= 2.809394314002192 AND x[7] <= -0.010925932685757809 AND x[9] <= 0.71489718485998954 AND x[3] <= 2.3403203456169455 AND x[4] <= 0.16700752504014091,6,5266,exkmc_0.0.3
rich,20260802,4,14,3,3,0,4,3,total_events,68.00000000000001,68.00000000000001,2.3403203456169455,log1p_then_standardize,<=,x[10] > -1.8953154495195101 AND x[1] <= 2.809394314002192 AND x[7] <= -0.010925932685757809 AND x[9] <= 0.71489718485998954 AND x[3] <= 2.3403203456169455 AND x[4] <= 0.16700752504014091,6,5266,exkmc_0.0.3
rich,20260802,4,14,3,3,0,5,4,active_days,2.0000000000000004,2.0000000000000004,0.1670075250401409,log1p_then_standardize,<=,x[10] > -1.8953154495195101 AND x[1] <= 2.809394314002192 AND x[7] <= -0.010925932685757809 AND x[9] <= 0.71489718485998954 AND x[3] <= 2.3403203456169455 AND x[4] <= 0.16700752504014091,6,5266,exkmc_0.0.3
rich,20260802,4,14,4,4,3,0,10,distinct_top_categories,6.994405055138511e-15,6.994405055138511e-15,-1.8953154495195101,log1p_then_standardize,>,x[10] > -1.8953154495195101 AND x[1] <= 2.809394314002192 AND x[7] <= -0.010925932685757809 AND x[9] <= 0.71489718485998954 AND x[3] <= 2.3403203456169455 AND x[4] > 0.16700752504014091,6,26,exkmc_0.0.3
rich,20260802,4,14,4,4,3,1,1,purchase_occasion_count,3.9999999999999996,3.9999999999999996,2.809394314002192,log1p_then_standardize,<=,x[10] > -1.8953154495195101 AND x[1] <= 2.809394314002192 AND x[7] <= -0.010925932685757809 AND x[9] <= 0.71489718485998954 AND x[3] <= 2.3403203456169455 AND x[4] > 0.16700752504014091,6,26,exkmc_0.0.3
rich,20260802,4,14,4,4,3,2,7,activity_span_days,1.8233806365740737,1.8233806365740737,-0.01092593268575781,log1p_then_standardize,<=,x[10] > -1.8953154495195101 AND x[1] <= 2.809394314002192 AND x[7] <= -0.010925932685757809 AND x[9] <= 0.71489718485998954 AND x[3] <= 2.3403203456169455 AND x[4] > 0.16700752504014091,6,26,exkmc_0.0.3
rich,20260802,4,14,4,4,3,3,9,session_count_30m,3.9999999999999996,3.9999999999999996,0.7148971848599895,log1p_then_standardize,<=,x[10] > -1.8953154495195101 AND x[1] <= 2.809394314002192 AND x[7] <= -0.010925932685757809 AND x[9] <= 0.71489718485998954 AND x[3] <= 2.3403203456169455 AND x[4] > 0.16700752504014091,6,26,exkmc_0.0.3
rich,20260802,4,14,4,4,3,4,3,total_events,68.00000000000001,68.00000000000001,2.3403203456169455,log1p_then_standardize,<=,x[10] > -1.8953154495195101 AND x[1] <= 2.809394314002192 AND x[7] <= -0.010925932685757809 AND x[9] <= 0.71489718485998954 AND x[3] <= 2.3403203456169455 AND x[4] > 0.16700752504014091,6,26,exkmc_0.0.3
rich,20260802,4,14,4,4,3,5,4,active_days,2.0000000000000004,2.0000000000000004,0.1670075250401409,log1p_then_standardize,>,x[10] > -1.8953154495195101 AND x[1] <= 2.809394314002192 AND x[7] <= -0.010925932685757809 AND x[9] <= 0.71489718485998954 AND x[3] <= 2.3403203456169455 AND x[4] > 0.16700752504014091,6,26,exkmc_0.0.3
rich,20260802,4,14,5,5,3,0,10,distinct_top_categories,6.994405055138511e-15,6.994405055138511e-15,-1.8953154495195101,log1p_then_standardize,>,x[10] > -1.8953154495195101 AND x[1] <= 2.809394314002192 AND x[7] <= -0.010925932685757809 AND x[9] <= 0.71489718485998954 AND x[3] > 2.3403203456169455,5,10,exkmc_0.0.3
rich,20260802,4,14,5,5,3,1,1,purchase_occasion_count,3.9999999999999996,3.9999999999999996,2.809394314002192,log1p_then_standardize,<=,x[10] > -1.8953154495195101 AND x[1] <= 2.809394314002192 AND x[7] <= -0.010925932685757809 AND x[9] <= 0.71489718485998954 AND x[3] > 2.3403203456169455,5,10,exkmc_0.0.3
rich,20260802,4,14,5,5,3,2,7,activity_span_days,1.8233806365740737,1.8233806365740737,-0.01092593268575781,log1p_then_standardize,<=,x[10] > -1.8953154495195101 AND x[1] <= 2.809394314002192 AND x[7] <= -0.010925932685757809 AND x[9] <= 0.71489718485998954 AND x[3] > 2.3403203456169455,5,10,exkmc_0.0.3
rich,20260802,4,14,5,5,3,3,9,session_count_30m,3.9999999999999996,3.9999999999999996,0.7148971848599895,log1p_then_standardize,<=,x[10] > -1.8953154495195101 AND x[1] <= 2.809394314002192 AND x[7] <= -0.010925932685757809 AND x[9] <= 0.71489718485998954 AND x[3] > 2.3403203456169455,5,10,exkmc_0.0.3
rich,20260802,4,14,5,5,3,4,3,total_events,68.00000000000001,68.00000000000001,2.3403203456169455,log1p_then_standardize,>,x[10] > -1.8953154495195101 AND x[1] <= 2.809394314002192 AND x[7] <= -0.010925932685757809 AND x[9] <= 0.71489718485998954 AND x[3] > 2.3403203456169455,5,10,exkmc_0.0.3
rich,20260802,4,14,6,6,3,0,10,distinct_top_categories,6.994405055138511e-15,6.994405055138511e-15,-1.8953154495195101,log1p_then_standardize,>,x[10] > -1.8953154495195101 AND x[1] <= 2.809394314002192 AND x[7] <= -0.010925932685757809 AND x[9] > 0.71489718485998954,4,63,exkmc_0.0.3
rich,20260802,4,14,6,6,3,1,1,purchase_occasion_count,3.9999999999999996,3.9999999999999996,2.809394314002192,log1p_then_standardize,<=,x[10] > -1.8953154495195101 AND x[1] <= 2.809394314002192 AND x[7] <= -0.010925932685757809 AND x[9] > 0.71489718485998954,4,63,exkmc_0.0.3
rich,20260802,4,14,6,6,3,2,7,activity_span_days,1.8233806365740737,1.8233806365740737,-0.01092593268575781,log1p_then_standardize,<=,x[10] > -1.8953154495195101 AND x[1] <= 2.809394314002192 AND x[7] <= -0.010925932685757809 AND x[9] > 0.71489718485998954,4,63,exkmc_0.0.3
rich,20260802,4,14,6,6,3,3,9,session_count_30m,3.9999999999999996,3.9999999999999996,0.7148971848599895,log1p_then_standardize,>,x[10] > -1.8953154495195101 AND x[1] <= 2.809394314002192 AND x[7] <= -0.010925932685757809 AND x[9] > 0.71489718485998954,4,63,exkmc_0.0.3
rich,20260802,4,14,7,7,3,0,10,distinct_top_categories,6.994405055138511e-15,6.994405055138511e-15,-1.8953154495195101,log1p_then_standardize,>,x[10] > -1.8953154495195101 AND x[1] <= 2.809394314002192 AND x[7] > -0.010925932685757809 AND x[10] <= 3.8826817607338149 AND x[2] <= 4.9200691514227426 AND x[6] <= 2.4951258743529956,6,2936,exkmc_0.0.3
rich,20260802,4,14,7,7,3,1,1,purchase_occasion_count,3.9999999999999996,3.9999999999999996,2.809394314002192,log1p_then_standardize,<=,x[10] > -1.8953154495195101 AND x[1] <= 2.809394314002192 AND x[7] > -0.010925932685757809 AND x[10] <= 3.8826817607338149 AND x[2] <= 4.9200691514227426 AND x[6] <= 2.4951258743529956,6,2936,exkmc_0.0.3
rich,20260802,4,14,7,7,3,2,7,activity_span_days,1.8233806365740737,1.8233806365740737,-0.01092593268575781,log1p_then_standardize,>,x[10] > -1.8953154495195101 AND x[1] <= 2.809394314002192 AND x[7] > -0.010925932685757809 AND x[10] <= 3.8826817607338149 AND x[2] <= 4.9200691514227426 AND x[6] <= 2.4951258743529956,6,2936,exkmc_0.0.3
rich,20260802,4,14,7,7,3,3,10,distinct_top_categories,9.000000000000002,9.000000000000002,3.882681760733815,log1p_then_standardize,<=,x[10] > -1.8953154495195101 AND x[1] <= 2.809394314002192 AND x[7] > -0.010925932685757809 AND x[10] <= 3.8826817607338149 AND x[2] <= 4.9200691514227426 AND x[6] <= 2.4951258743529956,6,2936,exkmc_0.0.3
rich,20260802,4,14,7,7,3,4,2,purchase_event_count,15.999999999999995,15.999999999999995,4.920069151422743,log1p_then_standardize,<=,x[10] > -1.8953154495195101 AND x[1] <= 2.809394314002192 AND x[7] > -0.010925932685757809 AND x[10] <= 3.8826817607338149 AND x[2] <= 4.9200691514227426 AND x[6] <= 2.4951258743529956,6,2936,exkmc_0.0.3
rich,20260802,4,14,7,7,3,5,6,transaction_per_view,1.4,1.4,2.4951258743529956,standardize,<=,x[10] > -1.8953154495195101 AND x[1] <= 2.809394314002192 AND x[7] > -0.010925932685757809 AND x[10] <= 3.8826817607338149 AND x[2] <= 4.9200691514227426 AND x[6] <= 2.4951258743529956,6,2936,exkmc_0.0.3
rich,20260802,4,14,8,8,0,0,10,distinct_top_categories,6.994405055138511e-15,6.994405055138511e-15,-1.8953154495195101,log1p_then_standardize,>,x[10] > -1.8953154495195101 AND x[1] <= 2.809394314002192 AND x[7] > -0.010925932685757809 AND x[10] <= 3.8826817607338149 AND x[2] <= 4.9200691514227426 AND x[6] > 2.4951258743529956,6,13,exkmc_0.0.3
rich,20260802,4,14,8,8,0,1,1,purchase_occasion_count,3.9999999999999996,3.9999999999999996,2.809394314002192,log1p_then_standardize,<=,x[10] > -1.8953154495195101 AND x[1] <= 2.809394314002192 AND x[7] > -0.010925932685757809 AND x[10] <= 3.8826817607338149 AND x[2] <= 4.9200691514227426 AND x[6] > 2.4951258743529956,6,13,exkmc_0.0.3
rich,20260802,4,14,8,8,0,2,7,activity_span_days,1.8233806365740737,1.8233806365740737,-0.01092593268575781,log1p_then_standardize,>,x[10] > -1.8953154495195101 AND x[1] <= 2.809394314002192 AND x[7] > -0.010925932685757809 AND x[10] <= 3.8826817607338149 AND x[2] <= 4.9200691514227426 AND x[6] > 2.4951258743529956,6,13,exkmc_0.0.3
rich,20260802,4,14,8,8,0,3,10,distinct_top_categories,9.000000000000002,9.000000000000002,3.882681760733815,log1p_then_standardize,<=,x[10] > -1.8953154495195101 AND x[1] <= 2.809394314002192 AND x[7] > -0.010925932685757809 AND x[10] <= 3.8826817607338149 AND x[2] <= 4.9200691514227426 AND x[6] > 2.4951258743529956,6,13,exkmc_0.0.3
rich,20260802,4,14,8,8,0,4,2,purchase_event_count,15.999999999999995,15.999999999999995,4.920069151422743,log1p_then_standardize,<=,x[10] > -1.8953154495195101 AND x[1] <= 2.809394314002192 AND x[7] > -0.010925932685757809 AND x[10] <= 3.8826817607338149 AND x[2] <= 4.9200691514227426 AND x[6] > 2.4951258743529956,6,13,exkmc_0.0.3
rich,20260802,4,14,8,8,0,5,6,transaction_per_view,1.4,1.4,2.4951258743529956,standardize,>,x[10] > -1.8953154495195101 AND x[1] <= 2.809394314002192 AND x[7] > -0.010925932685757809 AND x[10] <= 3.8826817607338149 AND x[2] <= 4.9200691514227426 AND x[6] > 2.4951258743529956,6,13,exkmc_0.0.3
rich,20260802,4,14,9,9,1,0,10,distinct_top_categories,6.994405055138511e-15,6.994405055138511e-15,-1.8953154495195101,log1p_then_standardize,>,x[10] > -1.8953154495195101 AND x[1] <= 2.809394314002192 AND x[7] > -0.010925932685757809 AND x[10] <= 3.8826817607338149 AND x[2] > 4.9200691514227426,5,6,exkmc_0.0.3
rich,20260802,4,14,9,9,1,1,1,purchase_occasion_count,3.9999999999999996,3.9999999999999996,2.809394314002192,log1p_then_standardize,<=,x[10] > -1.8953154495195101 AND x[1] <= 2.809394314002192 AND x[7] > -0.010925932685757809 AND x[10] <= 3.8826817607338149 AND x[2] > 4.9200691514227426,5,6,exkmc_0.0.3
rich,20260802,4,14,9,9,1,2,7,activity_span_days,1.8233806365740737,1.8233806365740737,-0.01092593268575781,log1p_then_standardize,>,x[10] > -1.8953154495195101 AND x[1] <= 2.809394314002192 AND x[7] > -0.010925932685757809 AND x[10] <= 3.8826817607338149 AND x[2] > 4.9200691514227426,5,6,exkmc_0.0.3
rich,20260802,4,14,9,9,1,3,10,distinct_top_categories,9.000000000000002,9.000000000000002,3.882681760733815,log1p_then_standardize,<=,x[10] > -1.8953154495195101 AND x[1] <= 2.809394314002192 AND x[7] > -0.010925932685757809 AND x[10] <= 3.8826817607338149 AND x[2] > 4.9200691514227426,5,6,exkmc_0.0.3
rich,20260802,4,14,9,9,1,4,2,purchase_event_count,15.999999999999995,15.999999999999995,4.920069151422743,log1p_then_standardize,>,x[10] > -1.8953154495195101 AND x[1] <= 2.809394314002192 AND x[7] > -0.010925932685757809 AND x[10] <= 3.8826817607338149 AND x[2] > 4.9200691514227426,5,6,exkmc_0.0.3
rich,20260802,4,14,10,10,3,0,10,distinct_top_categories,6.994405055138511e-15,6.994405055138511e-15,-1.8953154495195101,log1p_then_standardize,>,x[10] > -1.8953154495195101 AND x[1] <= 2.809394314002192 AND x[7] > -0.010925932685757809 AND x[10] > 3.8826817607338149 AND x[1] <= -0.2130282301728878,5,2,exkmc_0.0.3
rich,20260802,4,14,10,10,3,1,1,purchase_occasion_count,3.9999999999999996,3.9999999999999996,2.809394314002192,log1p_then_standardize,<=,x[10] > -1.8953154495195101 AND x[1] <= 2.809394314002192 AND x[7] > -0.010925932685757809 AND x[10] > 3.8826817607338149 AND x[1] <= -0.2130282301728878,5,2,exkmc_0.0.3
rich,20260802,4,14,10,10,3,2,7,activity_span_days,1.8233806365740737,1.8233806365740737,-0.01092593268575781,log1p_then_standardize,>,x[10] > -1.8953154495195101 AND x[1] <= 2.809394314002192 AND x[7] > -0.010925932685757809 AND x[10] > 3.8826817607338149 AND x[1] <= -0.2130282301728878,5,2,exkmc_0.0.3
rich,20260802,4,14,10,10,3,3,10,distinct_top_categories,9.000000000000002,9.000000000000002,3.882681760733815,log1p_then_standardize,>,x[10] > -1.8953154495195101 AND x[1] <= 2.809394314002192 AND x[7] > -0.010925932685757809 AND x[10] > 3.8826817607338149 AND x[1] <= -0.2130282301728878,5,2,exkmc_0.0.3
rich,20260802,4,14,10,10,3,4,1,purchase_occasion_count,1.0,1.0,-0.2130282301728878,log1p_then_standardize,<=,x[10] > -1.8953154495195101 AND x[1] <= 2.809394314002192 AND x[7] > -0.010925932685757809 AND x[10] > 3.8826817607338149 AND x[1] <= -0.2130282301728878,5,2,exkmc_0.0.3
rich,20260802,4,14,11,11,1,0,10,distinct_top_categories,6.994405055138511e-15,6.994405055138511e-15,-1.8953154495195101,log1p_then_standardize,>,x[10] > -1.8953154495195101 AND x[1] <= 2.809394314002192 AND x[7] > -0.010925932685757809 AND x[10] > 3.8826817607338149 AND x[1] > -0.2130282301728878,5,11,exkmc_0.0.3
rich,20260802,4,14,11,11,1,1,1,purchase_occasion_count,3.9999999999999996,3.9999999999999996,2.809394314002192,log1p_then_standardize,<=,x[10] > -1.8953154495195101 AND x[1] <= 2.809394314002192 AND x[7] > -0.010925932685757809 AND x[10] > 3.8826817607338149 AND x[1] > -0.2130282301728878,5,11,exkmc_0.0.3
rich,20260802,4,14,11,11,1,2,7,activity_span_days,1.8233806365740737,1.8233806365740737,-0.01092593268575781,log1p_then_standardize,>,x[10] > -1.8953154495195101 AND x[1] <= 2.809394314002192 AND x[7] > -0.010925932685757809 AND x[10] > 3.8826817607338149 AND x[1] > -0.2130282301728878,5,11,exkmc_0.0.3
rich,20260802,4,14,11,11,1,3,10,distinct_top_categories,9.000000000000002,9.000000000000002,3.882681760733815,log1p_then_standardize,>,x[10] > -1.8953154495195101 AND x[1] <= 2.809394314002192 AND x[7] > -0.010925932685757809 AND x[10] > 3.8826817607338149 AND x[1] > -0.2130282301728878,5,11,exkmc_0.0.3
rich,20260802,4,14,11,11,1,4,1,purchase_occasion_count,1.0,1.0,-0.2130282301728878,log1p_then_standardize,>,x[10] > -1.8953154495195101 AND x[1] <= 2.809394314002192 AND x[7] > -0.010925932685757809 AND x[10] > 3.8826817607338149 AND x[1] > -0.2130282301728878,5,11,exkmc_0.0.3
rich,20260802,4,14,12,12,3,0,10,distinct_top_categories,6.994405055138511e-15,6.994405055138511e-15,-1.8953154495195101,log1p_then_standardize,>,x[10] > -1.8953154495195101 AND x[1] > 2.809394314002192 AND x[10] <= 0.86148982920325645,3,3,exkmc_0.0.3
rich,20260802,4,14,12,12,3,1,1,purchase_occasion_count,3.9999999999999996,3.9999999999999996,2.809394314002192,log1p_then_standardize,>,x[10] > -1.8953154495195101 AND x[1] > 2.809394314002192 AND x[10] <= 0.86148982920325645,3,3,exkmc_0.0.3
rich,20260802,4,14,12,12,3,2,10,distinct_top_categories,2.0000000000000004,2.0000000000000004,0.8614898292032565,log1p_then_standardize,<=,x[10] > -1.8953154495195101 AND x[1] > 2.809394314002192 AND x[10] <= 0.86148982920325645,3,3,exkmc_0.0.3
rich,20260802,4,14,13,13,1,0,10,distinct_top_categories,6.994405055138511e-15,6.994405055138511e-15,-1.8953154495195101,log1p_then_standardize,>,x[10] > -1.8953154495195101 AND x[1] > 2.809394314002192 AND x[10] > 0.86148982920325645,3,101,exkmc_0.0.3
rich,20260802,4,14,13,13,1,1,1,purchase_occasion_count,3.9999999999999996,3.9999999999999996,2.809394314002192,log1p_then_standardize,>,x[10] > -1.8953154495195101 AND x[1] > 2.809394314002192 AND x[10] > 0.86148982920325645,3,101,exkmc_0.0.3
rich,20260802,4,14,13,13,1,2,10,distinct_top_categories,2.0000000000000004,2.0000000000000004,0.8614898292032565,log1p_then_standardize,>,x[10] > -1.8953154495195101 AND x[1] > 2.809394314002192 AND x[10] > 0.86148982920325645,3,101,exkmc_0.0.3
rich,20260802,4,15,0,0,2,0,10,distinct_top_categories,6.994405055138511e-15,6.994405055138511e-15,-1.8953154495195101,log1p_then_standardize,<=,x[10] <= -1.8953154495195101 AND x[1] <= 4.3597205537654879 AND x[4] <= 1.5754773208207058,3,932,exkmc_0.0.3
rich,20260802,4,15,0,0,2,1,1,purchase_occasion_count,6.999999999999998,6.999999999999998,4.359720553765488,log1p_then_standardize,<=,x[10] <= -1.8953154495195101 AND x[1] <= 4.3597205537654879 AND x[4] <= 1.5754773208207058,3,932,exkmc_0.0.3
rich,20260802,4,15,0,0,2,2,4,active_days,5.0,5.0,1.5754773208207058,log1p_then_standardize,<=,x[10] <= -1.8953154495195101 AND x[1] <= 4.3597205537654879 AND x[4] <= 1.5754773208207058,3,932,exkmc_0.0.3
rich,20260802,4,15,1,1,3,0,10,distinct_top_categories,6.994405055138511e-15,6.994405055138511e-15,-1.8953154495195101,log1p_then_standardize,<=,x[10] <= -1.8953154495195101 AND x[1] <= 4.3597205537654879 AND x[4] > 1.5754773208207058,3,4,exkmc_0.0.3
rich,20260802,4,15,1,1,3,1,1,purchase_occasion_count,6.999999999999998,6.999999999999998,4.359720553765488,log1p_then_standardize,<=,x[10] <= -1.8953154495195101 AND x[1] <= 4.3597205537654879 AND x[4] > 1.5754773208207058,3,4,exkmc_0.0.3
rich,20260802,4,15,1,1,3,2,4,active_days,5.0,5.0,1.5754773208207058,log1p_then_standardize,>,x[10] <= -1.8953154495195101 AND x[1] <= 4.3597205537654879 AND x[4] > 1.5754773208207058,3,4,exkmc_0.0.3
rich,20260802,4,15,2,2,1,0,10,distinct_top_categories,6.994405055138511e-15,6.994405055138511e-15,-1.8953154495195101,log1p_then_standardize,<=,x[10] <= -1.8953154495195101 AND x[1] > 4.3597205537654879,2,2,exkmc_0.0.3
rich,20260802,4,15,2,2,1,1,1,purchase_occasion_count,6.999999999999998,6.999999999999998,4.359720553765488,log1p_then_standardize,>,x[10] <= -1.8953154495195101 AND x[1] > 4.3597205537654879,2,2,exkmc_0.0.3
rich,20260802,4,15,3,3,0,0,10,distinct_top_categories,6.994405055138511e-15,6.994405055138511e-15,-1.8953154495195101,log1p_then_standardize,>,x[10] > -1.8953154495195101 AND x[1] <= 2.809394314002192 AND x[7] <= -0.010925932685757809 AND x[9] <= 0.71489718485998954 AND x[3] <= 2.3403203456169455 AND x[4] <= 0.16700752504014091,6,5266,exkmc_0.0.3
rich,20260802,4,15,3,3,0,1,1,purchase_occasion_count,3.9999999999999996,3.9999999999999996,2.809394314002192,log1p_then_standardize,<=,x[10] > -1.8953154495195101 AND x[1] <= 2.809394314002192 AND x[7] <= -0.010925932685757809 AND x[9] <= 0.71489718485998954 AND x[3] <= 2.3403203456169455 AND x[4] <= 0.16700752504014091,6,5266,exkmc_0.0.3
rich,20260802,4,15,3,3,0,2,7,activity_span_days,1.8233806365740737,1.8233806365740737,-0.01092593268575781,log1p_then_standardize,<=,x[10] > -1.8953154495195101 AND x[1] <= 2.809394314002192 AND x[7] <= -0.010925932685757809 AND x[9] <= 0.71489718485998954 AND x[3] <= 2.3403203456169455 AND x[4] <= 0.16700752504014091,6,5266,exkmc_0.0.3
rich,20260802,4,15,3,3,0,3,9,session_count_30m,3.9999999999999996,3.9999999999999996,0.7148971848599895,log1p_then_standardize,<=,x[10] > -1.8953154495195101 AND x[1] <= 2.809394314002192 AND x[7] <= -0.010925932685757809 AND x[9] <= 0.71489718485998954 AND x[3] <= 2.3403203456169455 AND x[4] <= 0.16700752504014091,6,5266,exkmc_0.0.3
rich,20260802,4,15,3,3,0,4,3,total_events,68.00000000000001,68.00000000000001,2.3403203456169455,log1p_then_standardize,<=,x[10] > -1.8953154495195101 AND x[1] <= 2.809394314002192 AND x[7] <= -0.010925932685757809 AND x[9] <= 0.71489718485998954 AND x[3] <= 2.3403203456169455 AND x[4] <= 0.16700752504014091,6,5266,exkmc_0.0.3
rich,20260802,4,15,3,3,0,5,4,active_days,2.0000000000000004,2.0000000000000004,0.1670075250401409,log1p_then_standardize,<=,x[10] > -1.8953154495195101 AND x[1] <= 2.809394314002192 AND x[7] <= -0.010925932685757809 AND x[9] <= 0.71489718485998954 AND x[3] <= 2.3403203456169455 AND x[4] <= 0.16700752504014091,6,5266,exkmc_0.0.3
rich,20260802,4,15,4,4,3,0,10,distinct_top_categories,6.994405055138511e-15,6.994405055138511e-15,-1.8953154495195101,log1p_then_standardize,>,x[10] > -1.8953154495195101 AND x[1] <= 2.809394314002192 AND x[7] <= -0.010925932685757809 AND x[9] <= 0.71489718485998954 AND x[3] <= 2.3403203456169455 AND x[4] > 0.16700752504014091,6,26,exkmc_0.0.3
rich,20260802,4,15,4,4,3,1,1,purchase_occasion_count,3.9999999999999996,3.9999999999999996,2.809394314002192,log1p_then_standardize,<=,x[10] > -1.8953154495195101 AND x[1] <= 2.809394314002192 AND x[7] <= -0.010925932685757809 AND x[9] <= 0.71489718485998954 AND x[3] <= 2.3403203456169455 AND x[4] > 0.16700752504014091,6,26,exkmc_0.0.3
rich,20260802,4,15,4,4,3,2,7,activity_span_days,1.8233806365740737,1.8233806365740737,-0.01092593268575781,log1p_then_standardize,<=,x[10] > -1.8953154495195101 AND x[1] <= 2.809394314002192 AND x[7] <= -0.010925932685757809 AND x[9] <= 0.71489718485998954 AND x[3] <= 2.3403203456169455 AND x[4] > 0.16700752504014091,6,26,exkmc_0.0.3
rich,20260802,4,15,4,4,3,3,9,session_count_30m,3.9999999999999996,3.9999999999999996,0.7148971848599895,log1p_then_standardize,<=,x[10] > -1.8953154495195101 AND x[1] <= 2.809394314002192 AND x[7] <= -0.010925932685757809 AND x[9] <= 0.71489718485998954 AND x[3] <= 2.3403203456169455 AND x[4] > 0.16700752504014091,6,26,exkmc_0.0.3
rich,20260802,4,15,4,4,3,4,3,total_events,68.00000000000001,68.00000000000001,2.3403203456169455,log1p_then_standardize,<=,x[10] > -1.8953154495195101 AND x[1] <= 2.809394314002192 AND x[7] <= -0.010925932685757809 AND x[9] <= 0.71489718485998954 AND x[3] <= 2.3403203456169455 AND x[4] > 0.16700752504014091,6,26,exkmc_0.0.3
rich,20260802,4,15,4,4,3,5,4,active_days,2.0000000000000004,2.0000000000000004,0.1670075250401409,log1p_then_standardize,>,x[10] > -1.8953154495195101 AND x[1] <= 2.809394314002192 AND x[7] <= -0.010925932685757809 AND x[9] <= 0.71489718485998954 AND x[3] <= 2.3403203456169455 AND x[4] > 0.16700752504014091,6,26,exkmc_0.0.3
rich,20260802,4,15,5,5,3,0,10,distinct_top_categories,6.994405055138511e-15,6.994405055138511e-15,-1.8953154495195101,log1p_then_standardize,>,x[10] > -1.8953154495195101 AND x[1] <= 2.809394314002192 AND x[7] <= -0.010925932685757809 AND x[9] <= 0.71489718485998954 AND x[3] > 2.3403203456169455,5,10,exkmc_0.0.3
rich,20260802,4,15,5,5,3,1,1,purchase_occasion_count,3.9999999999999996,3.9999999999999996,2.809394314002192,log1p_then_standardize,<=,x[10] > -1.8953154495195101 AND x[1] <= 2.809394314002192 AND x[7] <= -0.010925932685757809 AND x[9] <= 0.71489718485998954 AND x[3] > 2.3403203456169455,5,10,exkmc_0.0.3
rich,20260802,4,15,5,5,3,2,7,activity_span_days,1.8233806365740737,1.8233806365740737,-0.01092593268575781,log1p_then_standardize,<=,x[10] > -1.8953154495195101 AND x[1] <= 2.809394314002192 AND x[7] <= -0.010925932685757809 AND x[9] <= 0.71489718485998954 AND x[3] > 2.3403203456169455,5,10,exkmc_0.0.3
rich,20260802,4,15,5,5,3,3,9,session_count_30m,3.9999999999999996,3.9999999999999996,0.7148971848599895,log1p_then_standardize,<=,x[10] > -1.8953154495195101 AND x[1] <= 2.809394314002192 AND x[7] <= -0.010925932685757809 AND x[9] <= 0.71489718485998954 AND x[3] > 2.3403203456169455,5,10,exkmc_0.0.3
rich,20260802,4,15,5,5,3,4,3,total_events,68.00000000000001,68.00000000000001,2.3403203456169455,log1p_then_standardize,>,x[10] > -1.8953154495195101 AND x[1] <= 2.809394314002192 AND x[7] <= -0.010925932685757809 AND x[9] <= 0.71489718485998954 AND x[3] > 2.3403203456169455,5,10,exkmc_0.0.3
rich,20260802,4,15,6,6,0,0,10,distinct_top_categories,6.994405055138511e-15,6.994405055138511e-15,-1.8953154495195101,log1p_then_standardize,>,x[10] > -1.8953154495195101 AND x[1] <= 2.809394314002192 AND x[7] <= -0.010925932685757809 AND x[9] > 0.71489718485998954 AND x[4] <= -0.65689448888987478,5,10,exkmc_0.0.3
rich,20260802,4,15,6,6,0,1,1,purchase_occasion_count,3.9999999999999996,3.9999999999999996,2.809394314002192,log1p_then_standardize,<=,x[10] > -1.8953154495195101 AND x[1] <= 2.809394314002192 AND x[7] <= -0.010925932685757809 AND x[9] > 0.71489718485998954 AND x[4] <= -0.65689448888987478,5,10,exkmc_0.0.3
rich,20260802,4,15,6,6,0,2,7,activity_span_days,1.8233806365740737,1.8233806365740737,-0.01092593268575781,log1p_then_standardize,<=,x[10] > -1.8953154495195101 AND x[1] <= 2.809394314002192 AND x[7] <= -0.010925932685757809 AND x[9] > 0.71489718485998954 AND x[4] <= -0.65689448888987478,5,10,exkmc_0.0.3
rich,20260802,4,15,6,6,0,3,9,session_count_30m,3.9999999999999996,3.9999999999999996,0.7148971848599895,log1p_then_standardize,>,x[10] > -1.8953154495195101 AND x[1] <= 2.809394314002192 AND x[7] <= -0.010925932685757809 AND x[9] > 0.71489718485998954 AND x[4] <= -0.65689448888987478,5,10,exkmc_0.0.3
rich,20260802,4,15,6,6,0,4,4,active_days,1.0,1.0,-0.6568944888898748,log1p_then_standardize,<=,x[10] > -1.8953154495195101 AND x[1] <= 2.809394314002192 AND x[7] <= -0.010925932685757809 AND x[9] > 0.71489718485998954 AND x[4] <= -0.65689448888987478,5,10,exkmc_0.0.3
rich,20260802,4,15,7,7,3,0,10,distinct_top_categories,6.994405055138511e-15,6.994405055138511e-15,-1.8953154495195101,log1p_then_standardize,>,x[10] > -1.8953154495195101 AND x[1] <= 2.809394314002192 AND x[7] <= -0.010925932685757809 AND x[9] > 0.71489718485998954 AND x[4] > -0.65689448888987478,5,53,exkmc_0.0.3
rich,20260802,4,15,7,7,3,1,1,purchase_occasion_count,3.9999999999999996,3.9999999999999996,2.809394314002192,log1p_then_standardize,<=,x[10] > -1.8953154495195101 AND x[1] <= 2.809394314002192 AND x[7] <= -0.010925932685757809 AND x[9] > 0.71489718485998954 AND x[4] > -0.65689448888987478,5,53,exkmc_0.0.3
rich,20260802,4,15,7,7,3,2,7,activity_span_days,1.8233806365740737,1.8233806365740737,-0.01092593268575781,log1p_then_standardize,<=,x[10] > -1.8953154495195101 AND x[1] <= 2.809394314002192 AND x[7] <= -0.010925932685757809 AND x[9] > 0.71489718485998954 AND x[4] > -0.65689448888987478,5,53,exkmc_0.0.3
rich,20260802,4,15,7,7,3,3,9,session_count_30m,3.9999999999999996,3.9999999999999996,0.7148971848599895,log1p_then_standardize,>,x[10] > -1.8953154495195101 AND x[1] <= 2.809394314002192 AND x[7] <= -0.010925932685757809 AND x[9] > 0.71489718485998954 AND x[4] > -0.65689448888987478,5,53,exkmc_0.0.3
rich,20260802,4,15,7,7,3,4,4,active_days,1.0,1.0,-0.6568944888898748,log1p_then_standardize,>,x[10] > -1.8953154495195101 AND x[1] <= 2.809394314002192 AND x[7] <= -0.010925932685757809 AND x[9] > 0.71489718485998954 AND x[4] > -0.65689448888987478,5,53,exkmc_0.0.3
rich,20260802,4,15,8,8,3,0,10,distinct_top_categories,6.994405055138511e-15,6.994405055138511e-15,-1.8953154495195101,log1p_then_standardize,>,x[10] > -1.8953154495195101 AND x[1] <= 2.809394314002192 AND x[7] > -0.010925932685757809 AND x[10] <= 3.8826817607338149 AND x[2] <= 4.9200691514227426 AND x[6] <= 2.4951258743529956,6,2936,exkmc_0.0.3
rich,20260802,4,15,8,8,3,1,1,purchase_occasion_count,3.9999999999999996,3.9999999999999996,2.809394314002192,log1p_then_standardize,<=,x[10] > -1.8953154495195101 AND x[1] <= 2.809394314002192 AND x[7] > -0.010925932685757809 AND x[10] <= 3.8826817607338149 AND x[2] <= 4.9200691514227426 AND x[6] <= 2.4951258743529956,6,2936,exkmc_0.0.3
rich,20260802,4,15,8,8,3,2,7,activity_span_days,1.8233806365740737,1.8233806365740737,-0.01092593268575781,log1p_then_standardize,>,x[10] > -1.8953154495195101 AND x[1] <= 2.809394314002192 AND x[7] > -0.010925932685757809 AND x[10] <= 3.8826817607338149 AND x[2] <= 4.9200691514227426 AND x[6] <= 2.4951258743529956,6,2936,exkmc_0.0.3
rich,20260802,4,15,8,8,3,3,10,distinct_top_categories,9.000000000000002,9.000000000000002,3.882681760733815,log1p_then_standardize,<=,x[10] > -1.8953154495195101 AND x[1] <= 2.809394314002192 AND x[7] > -0.010925932685757809 AND x[10] <= 3.8826817607338149 AND x[2] <= 4.9200691514227426 AND x[6] <= 2.4951258743529956,6,2936,exkmc_0.0.3
rich,20260802,4,15,8,8,3,4,2,purchase_event_count,15.999999999999995,15.999999999999995,4.920069151422743,log1p_then_standardize,<=,x[10] > -1.8953154495195101 AND x[1] <= 2.809394314002192 AND x[7] > -0.010925932685757809 AND x[10] <= 3.8826817607338149 AND x[2] <= 4.9200691514227426 AND x[6] <= 2.4951258743529956,6,2936,exkmc_0.0.3
rich,20260802,4,15,8,8,3,5,6,transaction_per_view,1.4,1.4,2.4951258743529956,standardize,<=,x[10] > -1.8953154495195101 AND x[1] <= 2.809394314002192 AND x[7] > -0.010925932685757809 AND x[10] <= 3.8826817607338149 AND x[2] <= 4.9200691514227426 AND x[6] <= 2.4951258743529956,6,2936,exkmc_0.0.3
rich,20260802,4,15,9,9,0,0,10,distinct_top_categories,6.994405055138511e-15,6.994405055138511e-15,-1.8953154495195101,log1p_then_standardize,>,x[10] > -1.8953154495195101 AND x[1] <= 2.809394314002192 AND x[7] > -0.010925932685757809 AND x[10] <= 3.8826817607338149 AND x[2] <= 4.9200691514227426 AND x[6] > 2.4951258743529956,6,13,exkmc_0.0.3
rich,20260802,4,15,9,9,0,1,1,purchase_occasion_count,3.9999999999999996,3.9999999999999996,2.809394314002192,log1p_then_standardize,<=,x[10] > -1.8953154495195101 AND x[1] <= 2.809394314002192 AND x[7] > -0.010925932685757809 AND x[10] <= 3.8826817607338149 AND x[2] <= 4.9200691514227426 AND x[6] > 2.4951258743529956,6,13,exkmc_0.0.3
rich,20260802,4,15,9,9,0,2,7,activity_span_days,1.8233806365740737,1.8233806365740737,-0.01092593268575781,log1p_then_standardize,>,x[10] > -1.8953154495195101 AND x[1] <= 2.809394314002192 AND x[7] > -0.010925932685757809 AND x[10] <= 3.8826817607338149 AND x[2] <= 4.9200691514227426 AND x[6] > 2.4951258743529956,6,13,exkmc_0.0.3
rich,20260802,4,15,9,9,0,3,10,distinct_top_categories,9.000000000000002,9.000000000000002,3.882681760733815,log1p_then_standardize,<=,x[10] > -1.8953154495195101 AND x[1] <= 2.809394314002192 AND x[7] > -0.010925932685757809 AND x[10] <= 3.8826817607338149 AND x[2] <= 4.9200691514227426 AND x[6] > 2.4951258743529956,6,13,exkmc_0.0.3
rich,20260802,4,15,9,9,0,4,2,purchase_event_count,15.999999999999995,15.999999999999995,4.920069151422743,log1p_then_standardize,<=,x[10] > -1.8953154495195101 AND x[1] <= 2.809394314002192 AND x[7] > -0.010925932685757809 AND x[10] <= 3.8826817607338149 AND x[2] <= 4.9200691514227426 AND x[6] > 2.4951258743529956,6,13,exkmc_0.0.3
rich,20260802,4,15,9,9,0,5,6,transaction_per_view,1.4,1.4,2.4951258743529956,standardize,>,x[10] > -1.8953154495195101 AND x[1] <= 2.809394314002192 AND x[7] > -0.010925932685757809 AND x[10] <= 3.8826817607338149 AND x[2] <= 4.9200691514227426 AND x[6] > 2.4951258743529956,6,13,exkmc_0.0.3
rich,20260802,4,15,10,10,1,0,10,distinct_top_categories,6.994405055138511e-15,6.994405055138511e-15,-1.8953154495195101,log1p_then_standardize,>,x[10] > -1.8953154495195101 AND x[1] <= 2.809394314002192 AND x[7] > -0.010925932685757809 AND x[10] <= 3.8826817607338149 AND x[2] > 4.9200691514227426,5,6,exkmc_0.0.3
rich,20260802,4,15,10,10,1,1,1,purchase_occasion_count,3.9999999999999996,3.9999999999999996,2.809394314002192,log1p_then_standardize,<=,x[10] > -1.8953154495195101 AND x[1] <= 2.809394314002192 AND x[7] > -0.010925932685757809 AND x[10] <= 3.8826817607338149 AND x[2] > 4.9200691514227426,5,6,exkmc_0.0.3
rich,20260802,4,15,10,10,1,2,7,activity_span_days,1.8233806365740737,1.8233806365740737,-0.01092593268575781,log1p_then_standardize,>,x[10] > -1.8953154495195101 AND x[1] <= 2.809394314002192 AND x[7] > -0.010925932685757809 AND x[10] <= 3.8826817607338149 AND x[2] > 4.9200691514227426,5,6,exkmc_0.0.3
rich,20260802,4,15,10,10,1,3,10,distinct_top_categories,9.000000000000002,9.000000000000002,3.882681760733815,log1p_then_standardize,<=,x[10] > -1.8953154495195101 AND x[1] <= 2.809394314002192 AND x[7] > -0.010925932685757809 AND x[10] <= 3.8826817607338149 AND x[2] > 4.9200691514227426,5,6,exkmc_0.0.3
rich,20260802,4,15,10,10,1,4,2,purchase_event_count,15.999999999999995,15.999999999999995,4.920069151422743,log1p_then_standardize,>,x[10] > -1.8953154495195101 AND x[1] <= 2.809394314002192 AND x[7] > -0.010925932685757809 AND x[10] <= 3.8826817607338149 AND x[2] > 4.9200691514227426,5,6,exkmc_0.0.3
rich,20260802,4,15,11,11,3,0,10,distinct_top_categories,6.994405055138511e-15,6.994405055138511e-15,-1.8953154495195101,log1p_then_standardize,>,x[10] > -1.8953154495195101 AND x[1] <= 2.809394314002192 AND x[7] > -0.010925932685757809 AND x[10] > 3.8826817607338149 AND x[1] <= -0.2130282301728878,5,2,exkmc_0.0.3
rich,20260802,4,15,11,11,3,1,1,purchase_occasion_count,3.9999999999999996,3.9999999999999996,2.809394314002192,log1p_then_standardize,<=,x[10] > -1.8953154495195101 AND x[1] <= 2.809394314002192 AND x[7] > -0.010925932685757809 AND x[10] > 3.8826817607338149 AND x[1] <= -0.2130282301728878,5,2,exkmc_0.0.3
rich,20260802,4,15,11,11,3,2,7,activity_span_days,1.8233806365740737,1.8233806365740737,-0.01092593268575781,log1p_then_standardize,>,x[10] > -1.8953154495195101 AND x[1] <= 2.809394314002192 AND x[7] > -0.010925932685757809 AND x[10] > 3.8826817607338149 AND x[1] <= -0.2130282301728878,5,2,exkmc_0.0.3
rich,20260802,4,15,11,11,3,3,10,distinct_top_categories,9.000000000000002,9.000000000000002,3.882681760733815,log1p_then_standardize,>,x[10] > -1.8953154495195101 AND x[1] <= 2.809394314002192 AND x[7] > -0.010925932685757809 AND x[10] > 3.8826817607338149 AND x[1] <= -0.2130282301728878,5,2,exkmc_0.0.3
rich,20260802,4,15,11,11,3,4,1,purchase_occasion_count,1.0,1.0,-0.2130282301728878,log1p_then_standardize,<=,x[10] > -1.8953154495195101 AND x[1] <= 2.809394314002192 AND x[7] > -0.010925932685757809 AND x[10] > 3.8826817607338149 AND x[1] <= -0.2130282301728878,5,2,exkmc_0.0.3
rich,20260802,4,15,12,12,1,0,10,distinct_top_categories,6.994405055138511e-15,6.994405055138511e-15,-1.8953154495195101,log1p_then_standardize,>,x[10] > -1.8953154495195101 AND x[1] <= 2.809394314002192 AND x[7] > -0.010925932685757809 AND x[10] > 3.8826817607338149 AND x[1] > -0.2130282301728878,5,11,exkmc_0.0.3
rich,20260802,4,15,12,12,1,1,1,purchase_occasion_count,3.9999999999999996,3.9999999999999996,2.809394314002192,log1p_then_standardize,<=,x[10] > -1.8953154495195101 AND x[1] <= 2.809394314002192 AND x[7] > -0.010925932685757809 AND x[10] > 3.8826817607338149 AND x[1] > -0.2130282301728878,5,11,exkmc_0.0.3
rich,20260802,4,15,12,12,1,2,7,activity_span_days,1.8233806365740737,1.8233806365740737,-0.01092593268575781,log1p_then_standardize,>,x[10] > -1.8953154495195101 AND x[1] <= 2.809394314002192 AND x[7] > -0.010925932685757809 AND x[10] > 3.8826817607338149 AND x[1] > -0.2130282301728878,5,11,exkmc_0.0.3
rich,20260802,4,15,12,12,1,3,10,distinct_top_categories,9.000000000000002,9.000000000000002,3.882681760733815,log1p_then_standardize,>,x[10] > -1.8953154495195101 AND x[1] <= 2.809394314002192 AND x[7] > -0.010925932685757809 AND x[10] > 3.8826817607338149 AND x[1] > -0.2130282301728878,5,11,exkmc_0.0.3
rich,20260802,4,15,12,12,1,4,1,purchase_occasion_count,1.0,1.0,-0.2130282301728878,log1p_then_standardize,>,x[10] > -1.8953154495195101 AND x[1] <= 2.809394314002192 AND x[7] > -0.010925932685757809 AND x[10] > 3.8826817607338149 AND x[1] > -0.2130282301728878,5,11,exkmc_0.0.3
rich,20260802,4,15,13,13,3,0,10,distinct_top_categories,6.994405055138511e-15,6.994405055138511e-15,-1.8953154495195101,log1p_then_standardize,>,x[10] > -1.8953154495195101 AND x[1] > 2.809394314002192 AND x[10] <= 0.86148982920325645,3,3,exkmc_0.0.3
rich,20260802,4,15,13,13,3,1,1,purchase_occasion_count,3.9999999999999996,3.9999999999999996,2.809394314002192,log1p_then_standardize,>,x[10] > -1.8953154495195101 AND x[1] > 2.809394314002192 AND x[10] <= 0.86148982920325645,3,3,exkmc_0.0.3
rich,20260802,4,15,13,13,3,2,10,distinct_top_categories,2.0000000000000004,2.0000000000000004,0.8614898292032565,log1p_then_standardize,<=,x[10] > -1.8953154495195101 AND x[1] > 2.809394314002192 AND x[10] <= 0.86148982920325645,3,3,exkmc_0.0.3
rich,20260802,4,15,14,14,1,0,10,distinct_top_categories,6.994405055138511e-15,6.994405055138511e-15,-1.8953154495195101,log1p_then_standardize,>,x[10] > -1.8953154495195101 AND x[1] > 2.809394314002192 AND x[10] > 0.86148982920325645,3,101,exkmc_0.0.3
rich,20260802,4,15,14,14,1,1,1,purchase_occasion_count,3.9999999999999996,3.9999999999999996,2.809394314002192,log1p_then_standardize,>,x[10] > -1.8953154495195101 AND x[1] > 2.809394314002192 AND x[10] > 0.86148982920325645,3,101,exkmc_0.0.3
rich,20260802,4,15,14,14,1,2,10,distinct_top_categories,2.0000000000000004,2.0000000000000004,0.8614898292032565,log1p_then_standardize,>,x[10] > -1.8953154495195101 AND x[1] > 2.809394314002192 AND x[10] > 0.86148982920325645,3,101,exkmc_0.0.3
rich,20260802,4,16,0,0,2,0,10,distinct_top_categories,6.994405055138511e-15,6.994405055138511e-15,-1.8953154495195101,log1p_then_standardize,<=,x[10] <= -1.8953154495195101 AND x[1] <= 4.3597205537654879 AND x[4] <= 1.5754773208207058,3,932,exkmc_0.0.3
rich,20260802,4,16,0,0,2,1,1,purchase_occasion_count,6.999999999999998,6.999999999999998,4.359720553765488,log1p_then_standardize,<=,x[10] <= -1.8953154495195101 AND x[1] <= 4.3597205537654879 AND x[4] <= 1.5754773208207058,3,932,exkmc_0.0.3
rich,20260802,4,16,0,0,2,2,4,active_days,5.0,5.0,1.5754773208207058,log1p_then_standardize,<=,x[10] <= -1.8953154495195101 AND x[1] <= 4.3597205537654879 AND x[4] <= 1.5754773208207058,3,932,exkmc_0.0.3
rich,20260802,4,16,1,1,3,0,10,distinct_top_categories,6.994405055138511e-15,6.994405055138511e-15,-1.8953154495195101,log1p_then_standardize,<=,x[10] <= -1.8953154495195101 AND x[1] <= 4.3597205537654879 AND x[4] > 1.5754773208207058,3,4,exkmc_0.0.3
rich,20260802,4,16,1,1,3,1,1,purchase_occasion_count,6.999999999999998,6.999999999999998,4.359720553765488,log1p_then_standardize,<=,x[10] <= -1.8953154495195101 AND x[1] <= 4.3597205537654879 AND x[4] > 1.5754773208207058,3,4,exkmc_0.0.3
rich,20260802,4,16,1,1,3,2,4,active_days,5.0,5.0,1.5754773208207058,log1p_then_standardize,>,x[10] <= -1.8953154495195101 AND x[1] <= 4.3597205537654879 AND x[4] > 1.5754773208207058,3,4,exkmc_0.0.3
rich,20260802,4,16,2,2,1,0,10,distinct_top_categories,6.994405055138511e-15,6.994405055138511e-15,-1.8953154495195101,log1p_then_standardize,<=,x[10] <= -1.8953154495195101 AND x[1] > 4.3597205537654879,2,2,exkmc_0.0.3
rich,20260802,4,16,2,2,1,1,1,purchase_occasion_count,6.999999999999998,6.999999999999998,4.359720553765488,log1p_then_standardize,>,x[10] <= -1.8953154495195101 AND x[1] > 4.3597205537654879,2,2,exkmc_0.0.3
rich,20260802,4,16,3,3,0,0,10,distinct_top_categories,6.994405055138511e-15,6.994405055138511e-15,-1.8953154495195101,log1p_then_standardize,>,x[10] > -1.8953154495195101 AND x[1] <= 2.809394314002192 AND x[7] <= -0.010925932685757809 AND x[9] <= 0.71489718485998954 AND x[3] <= 2.3403203456169455 AND x[4] <= 0.16700752504014091,6,5266,exkmc_0.0.3
rich,20260802,4,16,3,3,0,1,1,purchase_occasion_count,3.9999999999999996,3.9999999999999996,2.809394314002192,log1p_then_standardize,<=,x[10] > -1.8953154495195101 AND x[1] <= 2.809394314002192 AND x[7] <= -0.010925932685757809 AND x[9] <= 0.71489718485998954 AND x[3] <= 2.3403203456169455 AND x[4] <= 0.16700752504014091,6,5266,exkmc_0.0.3
rich,20260802,4,16,3,3,0,2,7,activity_span_days,1.8233806365740737,1.8233806365740737,-0.01092593268575781,log1p_then_standardize,<=,x[10] > -1.8953154495195101 AND x[1] <= 2.809394314002192 AND x[7] <= -0.010925932685757809 AND x[9] <= 0.71489718485998954 AND x[3] <= 2.3403203456169455 AND x[4] <= 0.16700752504014091,6,5266,exkmc_0.0.3
rich,20260802,4,16,3,3,0,3,9,session_count_30m,3.9999999999999996,3.9999999999999996,0.7148971848599895,log1p_then_standardize,<=,x[10] > -1.8953154495195101 AND x[1] <= 2.809394314002192 AND x[7] <= -0.010925932685757809 AND x[9] <= 0.71489718485998954 AND x[3] <= 2.3403203456169455 AND x[4] <= 0.16700752504014091,6,5266,exkmc_0.0.3
rich,20260802,4,16,3,3,0,4,3,total_events,68.00000000000001,68.00000000000001,2.3403203456169455,log1p_then_standardize,<=,x[10] > -1.8953154495195101 AND x[1] <= 2.809394314002192 AND x[7] <= -0.010925932685757809 AND x[9] <= 0.71489718485998954 AND x[3] <= 2.3403203456169455 AND x[4] <= 0.16700752504014091,6,5266,exkmc_0.0.3
rich,20260802,4,16,3,3,0,5,4,active_days,2.0000000000000004,2.0000000000000004,0.1670075250401409,log1p_then_standardize,<=,x[10] > -1.8953154495195101 AND x[1] <= 2.809394314002192 AND x[7] <= -0.010925932685757809 AND x[9] <= 0.71489718485998954 AND x[3] <= 2.3403203456169455 AND x[4] <= 0.16700752504014091,6,5266,exkmc_0.0.3
rich,20260802,4,16,4,4,3,0,10,distinct_top_categories,6.994405055138511e-15,6.994405055138511e-15,-1.8953154495195101,log1p_then_standardize,>,x[10] > -1.8953154495195101 AND x[1] <= 2.809394314002192 AND x[7] <= -0.010925932685757809 AND x[9] <= 0.71489718485998954 AND x[3] <= 2.3403203456169455 AND x[4] > 0.16700752504014091,6,26,exkmc_0.0.3
rich,20260802,4,16,4,4,3,1,1,purchase_occasion_count,3.9999999999999996,3.9999999999999996,2.809394314002192,log1p_then_standardize,<=,x[10] > -1.8953154495195101 AND x[1] <= 2.809394314002192 AND x[7] <= -0.010925932685757809 AND x[9] <= 0.71489718485998954 AND x[3] <= 2.3403203456169455 AND x[4] > 0.16700752504014091,6,26,exkmc_0.0.3
rich,20260802,4,16,4,4,3,2,7,activity_span_days,1.8233806365740737,1.8233806365740737,-0.01092593268575781,log1p_then_standardize,<=,x[10] > -1.8953154495195101 AND x[1] <= 2.809394314002192 AND x[7] <= -0.010925932685757809 AND x[9] <= 0.71489718485998954 AND x[3] <= 2.3403203456169455 AND x[4] > 0.16700752504014091,6,26,exkmc_0.0.3
rich,20260802,4,16,4,4,3,3,9,session_count_30m,3.9999999999999996,3.9999999999999996,0.7148971848599895,log1p_then_standardize,<=,x[10] > -1.8953154495195101 AND x[1] <= 2.809394314002192 AND x[7] <= -0.010925932685757809 AND x[9] <= 0.71489718485998954 AND x[3] <= 2.3403203456169455 AND x[4] > 0.16700752504014091,6,26,exkmc_0.0.3
rich,20260802,4,16,4,4,3,4,3,total_events,68.00000000000001,68.00000000000001,2.3403203456169455,log1p_then_standardize,<=,x[10] > -1.8953154495195101 AND x[1] <= 2.809394314002192 AND x[7] <= -0.010925932685757809 AND x[9] <= 0.71489718485998954 AND x[3] <= 2.3403203456169455 AND x[4] > 0.16700752504014091,6,26,exkmc_0.0.3
rich,20260802,4,16,4,4,3,5,4,active_days,2.0000000000000004,2.0000000000000004,0.1670075250401409,log1p_then_standardize,>,x[10] > -1.8953154495195101 AND x[1] <= 2.809394314002192 AND x[7] <= -0.010925932685757809 AND x[9] <= 0.71489718485998954 AND x[3] <= 2.3403203456169455 AND x[4] > 0.16700752504014091,6,26,exkmc_0.0.3
rich,20260802,4,16,5,5,3,0,10,distinct_top_categories,6.994405055138511e-15,6.994405055138511e-15,-1.8953154495195101,log1p_then_standardize,>,x[10] > -1.8953154495195101 AND x[1] <= 2.809394314002192 AND x[7] <= -0.010925932685757809 AND x[9] <= 0.71489718485998954 AND x[3] > 2.3403203456169455,5,10,exkmc_0.0.3
rich,20260802,4,16,5,5,3,1,1,purchase_occasion_count,3.9999999999999996,3.9999999999999996,2.809394314002192,log1p_then_standardize,<=,x[10] > -1.8953154495195101 AND x[1] <= 2.809394314002192 AND x[7] <= -0.010925932685757809 AND x[9] <= 0.71489718485998954 AND x[3] > 2.3403203456169455,5,10,exkmc_0.0.3
rich,20260802,4,16,5,5,3,2,7,activity_span_days,1.8233806365740737,1.8233806365740737,-0.01092593268575781,log1p_then_standardize,<=,x[10] > -1.8953154495195101 AND x[1] <= 2.809394314002192 AND x[7] <= -0.010925932685757809 AND x[9] <= 0.71489718485998954 AND x[3] > 2.3403203456169455,5,10,exkmc_0.0.3
rich,20260802,4,16,5,5,3,3,9,session_count_30m,3.9999999999999996,3.9999999999999996,0.7148971848599895,log1p_then_standardize,<=,x[10] > -1.8953154495195101 AND x[1] <= 2.809394314002192 AND x[7] <= -0.010925932685757809 AND x[9] <= 0.71489718485998954 AND x[3] > 2.3403203456169455,5,10,exkmc_0.0.3
rich,20260802,4,16,5,5,3,4,3,total_events,68.00000000000001,68.00000000000001,2.3403203456169455,log1p_then_standardize,>,x[10] > -1.8953154495195101 AND x[1] <= 2.809394314002192 AND x[7] <= -0.010925932685757809 AND x[9] <= 0.71489718485998954 AND x[3] > 2.3403203456169455,5,10,exkmc_0.0.3
rich,20260802,4,16,6,6,0,0,10,distinct_top_categories,6.994405055138511e-15,6.994405055138511e-15,-1.8953154495195101,log1p_then_standardize,>,x[10] > -1.8953154495195101 AND x[1] <= 2.809394314002192 AND x[7] <= -0.010925932685757809 AND x[9] > 0.71489718485998954 AND x[4] <= -0.65689448888987478,5,10,exkmc_0.0.3
rich,20260802,4,16,6,6,0,1,1,purchase_occasion_count,3.9999999999999996,3.9999999999999996,2.809394314002192,log1p_then_standardize,<=,x[10] > -1.8953154495195101 AND x[1] <= 2.809394314002192 AND x[7] <= -0.010925932685757809 AND x[9] > 0.71489718485998954 AND x[4] <= -0.65689448888987478,5,10,exkmc_0.0.3
rich,20260802,4,16,6,6,0,2,7,activity_span_days,1.8233806365740737,1.8233806365740737,-0.01092593268575781,log1p_then_standardize,<=,x[10] > -1.8953154495195101 AND x[1] <= 2.809394314002192 AND x[7] <= -0.010925932685757809 AND x[9] > 0.71489718485998954 AND x[4] <= -0.65689448888987478,5,10,exkmc_0.0.3
rich,20260802,4,16,6,6,0,3,9,session_count_30m,3.9999999999999996,3.9999999999999996,0.7148971848599895,log1p_then_standardize,>,x[10] > -1.8953154495195101 AND x[1] <= 2.809394314002192 AND x[7] <= -0.010925932685757809 AND x[9] > 0.71489718485998954 AND x[4] <= -0.65689448888987478,5,10,exkmc_0.0.3
rich,20260802,4,16,6,6,0,4,4,active_days,1.0,1.0,-0.6568944888898748,log1p_then_standardize,<=,x[10] > -1.8953154495195101 AND x[1] <= 2.809394314002192 AND x[7] <= -0.010925932685757809 AND x[9] > 0.71489718485998954 AND x[4] <= -0.65689448888987478,5,10,exkmc_0.0.3
rich,20260802,4,16,7,7,3,0,10,distinct_top_categories,6.994405055138511e-15,6.994405055138511e-15,-1.8953154495195101,log1p_then_standardize,>,x[10] > -1.8953154495195101 AND x[1] <= 2.809394314002192 AND x[7] <= -0.010925932685757809 AND x[9] > 0.71489718485998954 AND x[4] > -0.65689448888987478,5,53,exkmc_0.0.3
rich,20260802,4,16,7,7,3,1,1,purchase_occasion_count,3.9999999999999996,3.9999999999999996,2.809394314002192,log1p_then_standardize,<=,x[10] > -1.8953154495195101 AND x[1] <= 2.809394314002192 AND x[7] <= -0.010925932685757809 AND x[9] > 0.71489718485998954 AND x[4] > -0.65689448888987478,5,53,exkmc_0.0.3
rich,20260802,4,16,7,7,3,2,7,activity_span_days,1.8233806365740737,1.8233806365740737,-0.01092593268575781,log1p_then_standardize,<=,x[10] > -1.8953154495195101 AND x[1] <= 2.809394314002192 AND x[7] <= -0.010925932685757809 AND x[9] > 0.71489718485998954 AND x[4] > -0.65689448888987478,5,53,exkmc_0.0.3
rich,20260802,4,16,7,7,3,3,9,session_count_30m,3.9999999999999996,3.9999999999999996,0.7148971848599895,log1p_then_standardize,>,x[10] > -1.8953154495195101 AND x[1] <= 2.809394314002192 AND x[7] <= -0.010925932685757809 AND x[9] > 0.71489718485998954 AND x[4] > -0.65689448888987478,5,53,exkmc_0.0.3
rich,20260802,4,16,7,7,3,4,4,active_days,1.0,1.0,-0.6568944888898748,log1p_then_standardize,>,x[10] > -1.8953154495195101 AND x[1] <= 2.809394314002192 AND x[7] <= -0.010925932685757809 AND x[9] > 0.71489718485998954 AND x[4] > -0.65689448888987478,5,53,exkmc_0.0.3
rich,20260802,4,16,8,8,3,0,10,distinct_top_categories,6.994405055138511e-15,6.994405055138511e-15,-1.8953154495195101,log1p_then_standardize,>,x[10] > -1.8953154495195101 AND x[1] <= 2.809394314002192 AND x[7] > -0.010925932685757809 AND x[10] <= 3.8826817607338149 AND x[2] <= 4.9200691514227426 AND x[6] <= 2.4951258743529956,6,2936,exkmc_0.0.3
rich,20260802,4,16,8,8,3,1,1,purchase_occasion_count,3.9999999999999996,3.9999999999999996,2.809394314002192,log1p_then_standardize,<=,x[10] > -1.8953154495195101 AND x[1] <= 2.809394314002192 AND x[7] > -0.010925932685757809 AND x[10] <= 3.8826817607338149 AND x[2] <= 4.9200691514227426 AND x[6] <= 2.4951258743529956,6,2936,exkmc_0.0.3
rich,20260802,4,16,8,8,3,2,7,activity_span_days,1.8233806365740737,1.8233806365740737,-0.01092593268575781,log1p_then_standardize,>,x[10] > -1.8953154495195101 AND x[1] <= 2.809394314002192 AND x[7] > -0.010925932685757809 AND x[10] <= 3.8826817607338149 AND x[2] <= 4.9200691514227426 AND x[6] <= 2.4951258743529956,6,2936,exkmc_0.0.3
rich,20260802,4,16,8,8,3,3,10,distinct_top_categories,9.000000000000002,9.000000000000002,3.882681760733815,log1p_then_standardize,<=,x[10] > -1.8953154495195101 AND x[1] <= 2.809394314002192 AND x[7] > -0.010925932685757809 AND x[10] <= 3.8826817607338149 AND x[2] <= 4.9200691514227426 AND x[6] <= 2.4951258743529956,6,2936,exkmc_0.0.3
rich,20260802,4,16,8,8,3,4,2,purchase_event_count,15.999999999999995,15.999999999999995,4.920069151422743,log1p_then_standardize,<=,x[10] > -1.8953154495195101 AND x[1] <= 2.809394314002192 AND x[7] > -0.010925932685757809 AND x[10] <= 3.8826817607338149 AND x[2] <= 4.9200691514227426 AND x[6] <= 2.4951258743529956,6,2936,exkmc_0.0.3
rich,20260802,4,16,8,8,3,5,6,transaction_per_view,1.4,1.4,2.4951258743529956,standardize,<=,x[10] > -1.8953154495195101 AND x[1] <= 2.809394314002192 AND x[7] > -0.010925932685757809 AND x[10] <= 3.8826817607338149 AND x[2] <= 4.9200691514227426 AND x[6] <= 2.4951258743529956,6,2936,exkmc_0.0.3
rich,20260802,4,16,9,9,0,0,10,distinct_top_categories,6.994405055138511e-15,6.994405055138511e-15,-1.8953154495195101,log1p_then_standardize,>,x[10] > -1.8953154495195101 AND x[1] <= 2.809394314002192 AND x[7] > -0.010925932685757809 AND x[10] <= 3.8826817607338149 AND x[2] <= 4.9200691514227426 AND x[6] > 2.4951258743529956,6,13,exkmc_0.0.3
rich,20260802,4,16,9,9,0,1,1,purchase_occasion_count,3.9999999999999996,3.9999999999999996,2.809394314002192,log1p_then_standardize,<=,x[10] > -1.8953154495195101 AND x[1] <= 2.809394314002192 AND x[7] > -0.010925932685757809 AND x[10] <= 3.8826817607338149 AND x[2] <= 4.9200691514227426 AND x[6] > 2.4951258743529956,6,13,exkmc_0.0.3
rich,20260802,4,16,9,9,0,2,7,activity_span_days,1.8233806365740737,1.8233806365740737,-0.01092593268575781,log1p_then_standardize,>,x[10] > -1.8953154495195101 AND x[1] <= 2.809394314002192 AND x[7] > -0.010925932685757809 AND x[10] <= 3.8826817607338149 AND x[2] <= 4.9200691514227426 AND x[6] > 2.4951258743529956,6,13,exkmc_0.0.3
rich,20260802,4,16,9,9,0,3,10,distinct_top_categories,9.000000000000002,9.000000000000002,3.882681760733815,log1p_then_standardize,<=,x[10] > -1.8953154495195101 AND x[1] <= 2.809394314002192 AND x[7] > -0.010925932685757809 AND x[10] <= 3.8826817607338149 AND x[2] <= 4.9200691514227426 AND x[6] > 2.4951258743529956,6,13,exkmc_0.0.3
rich,20260802,4,16,9,9,0,4,2,purchase_event_count,15.999999999999995,15.999999999999995,4.920069151422743,log1p_then_standardize,<=,x[10] > -1.8953154495195101 AND x[1] <= 2.809394314002192 AND x[7] > -0.010925932685757809 AND x[10] <= 3.8826817607338149 AND x[2] <= 4.9200691514227426 AND x[6] > 2.4951258743529956,6,13,exkmc_0.0.3
rich,20260802,4,16,9,9,0,5,6,transaction_per_view,1.4,1.4,2.4951258743529956,standardize,>,x[10] > -1.8953154495195101 AND x[1] <= 2.809394314002192 AND x[7] > -0.010925932685757809 AND x[10] <= 3.8826817607338149 AND x[2] <= 4.9200691514227426 AND x[6] > 2.4951258743529956,6,13,exkmc_0.0.3
rich,20260802,4,16,10,10,1,0,10,distinct_top_categories,6.994405055138511e-15,6.994405055138511e-15,-1.8953154495195101,log1p_then_standardize,>,x[10] > -1.8953154495195101 AND x[1] <= 2.809394314002192 AND x[7] > -0.010925932685757809 AND x[10] <= 3.8826817607338149 AND x[2] > 4.9200691514227426,5,6,exkmc_0.0.3
rich,20260802,4,16,10,10,1,1,1,purchase_occasion_count,3.9999999999999996,3.9999999999999996,2.809394314002192,log1p_then_standardize,<=,x[10] > -1.8953154495195101 AND x[1] <= 2.809394314002192 AND x[7] > -0.010925932685757809 AND x[10] <= 3.8826817607338149 AND x[2] > 4.9200691514227426,5,6,exkmc_0.0.3
rich,20260802,4,16,10,10,1,2,7,activity_span_days,1.8233806365740737,1.8233806365740737,-0.01092593268575781,log1p_then_standardize,>,x[10] > -1.8953154495195101 AND x[1] <= 2.809394314002192 AND x[7] > -0.010925932685757809 AND x[10] <= 3.8826817607338149 AND x[2] > 4.9200691514227426,5,6,exkmc_0.0.3
rich,20260802,4,16,10,10,1,3,10,distinct_top_categories,9.000000000000002,9.000000000000002,3.882681760733815,log1p_then_standardize,<=,x[10] > -1.8953154495195101 AND x[1] <= 2.809394314002192 AND x[7] > -0.010925932685757809 AND x[10] <= 3.8826817607338149 AND x[2] > 4.9200691514227426,5,6,exkmc_0.0.3
rich,20260802,4,16,10,10,1,4,2,purchase_event_count,15.999999999999995,15.999999999999995,4.920069151422743,log1p_then_standardize,>,x[10] > -1.8953154495195101 AND x[1] <= 2.809394314002192 AND x[7] > -0.010925932685757809 AND x[10] <= 3.8826817607338149 AND x[2] > 4.9200691514227426,5,6,exkmc_0.0.3
rich,20260802,4,16,11,11,3,0,10,distinct_top_categories,6.994405055138511e-15,6.994405055138511e-15,-1.8953154495195101,log1p_then_standardize,>,x[10] > -1.8953154495195101 AND x[1] <= 2.809394314002192 AND x[7] > -0.010925932685757809 AND x[10] > 3.8826817607338149 AND x[1] <= -0.2130282301728878,5,2,exkmc_0.0.3
rich,20260802,4,16,11,11,3,1,1,purchase_occasion_count,3.9999999999999996,3.9999999999999996,2.809394314002192,log1p_then_standardize,<=,x[10] > -1.8953154495195101 AND x[1] <= 2.809394314002192 AND x[7] > -0.010925932685757809 AND x[10] > 3.8826817607338149 AND x[1] <= -0.2130282301728878,5,2,exkmc_0.0.3
rich,20260802,4,16,11,11,3,2,7,activity_span_days,1.8233806365740737,1.8233806365740737,-0.01092593268575781,log1p_then_standardize,>,x[10] > -1.8953154495195101 AND x[1] <= 2.809394314002192 AND x[7] > -0.010925932685757809 AND x[10] > 3.8826817607338149 AND x[1] <= -0.2130282301728878,5,2,exkmc_0.0.3
rich,20260802,4,16,11,11,3,3,10,distinct_top_categories,9.000000000000002,9.000000000000002,3.882681760733815,log1p_then_standardize,>,x[10] > -1.8953154495195101 AND x[1] <= 2.809394314002192 AND x[7] > -0.010925932685757809 AND x[10] > 3.8826817607338149 AND x[1] <= -0.2130282301728878,5,2,exkmc_0.0.3
rich,20260802,4,16,11,11,3,4,1,purchase_occasion_count,1.0,1.0,-0.2130282301728878,log1p_then_standardize,<=,x[10] > -1.8953154495195101 AND x[1] <= 2.809394314002192 AND x[7] > -0.010925932685757809 AND x[10] > 3.8826817607338149 AND x[1] <= -0.2130282301728878,5,2,exkmc_0.0.3
rich,20260802,4,16,12,12,1,0,10,distinct_top_categories,6.994405055138511e-15,6.994405055138511e-15,-1.8953154495195101,log1p_then_standardize,>,x[10] > -1.8953154495195101 AND x[1] <= 2.809394314002192 AND x[7] > -0.010925932685757809 AND x[10] > 3.8826817607338149 AND x[1] > -0.2130282301728878,5,11,exkmc_0.0.3
rich,20260802,4,16,12,12,1,1,1,purchase_occasion_count,3.9999999999999996,3.9999999999999996,2.809394314002192,log1p_then_standardize,<=,x[10] > -1.8953154495195101 AND x[1] <= 2.809394314002192 AND x[7] > -0.010925932685757809 AND x[10] > 3.8826817607338149 AND x[1] > -0.2130282301728878,5,11,exkmc_0.0.3
rich,20260802,4,16,12,12,1,2,7,activity_span_days,1.8233806365740737,1.8233806365740737,-0.01092593268575781,log1p_then_standardize,>,x[10] > -1.8953154495195101 AND x[1] <= 2.809394314002192 AND x[7] > -0.010925932685757809 AND x[10] > 3.8826817607338149 AND x[1] > -0.2130282301728878,5,11,exkmc_0.0.3
rich,20260802,4,16,12,12,1,3,10,distinct_top_categories,9.000000000000002,9.000000000000002,3.882681760733815,log1p_then_standardize,>,x[10] > -1.8953154495195101 AND x[1] <= 2.809394314002192 AND x[7] > -0.010925932685757809 AND x[10] > 3.8826817607338149 AND x[1] > -0.2130282301728878,5,11,exkmc_0.0.3
rich,20260802,4,16,12,12,1,4,1,purchase_occasion_count,1.0,1.0,-0.2130282301728878,log1p_then_standardize,>,x[10] > -1.8953154495195101 AND x[1] <= 2.809394314002192 AND x[7] > -0.010925932685757809 AND x[10] > 3.8826817607338149 AND x[1] > -0.2130282301728878,5,11,exkmc_0.0.3
rich,20260802,4,16,13,13,0,0,10,distinct_top_categories,6.994405055138511e-15,6.994405055138511e-15,-1.8953154495195101,log1p_then_standardize,>,x[10] > -1.8953154495195101 AND x[1] > 2.809394314002192 AND x[10] <= 0.86148982920325645 AND x[0] <= -1.5735400903457295,4,1,exkmc_0.0.3
rich,20260802,4,16,13,13,0,1,1,purchase_occasion_count,3.9999999999999996,3.9999999999999996,2.809394314002192,log1p_then_standardize,>,x[10] > -1.8953154495195101 AND x[1] > 2.809394314002192 AND x[10] <= 0.86148982920325645 AND x[0] <= -1.5735400903457295,4,1,exkmc_0.0.3
rich,20260802,4,16,13,13,0,2,10,distinct_top_categories,2.0000000000000004,2.0000000000000004,0.8614898292032565,log1p_then_standardize,<=,x[10] > -1.8953154495195101 AND x[1] > 2.809394314002192 AND x[10] <= 0.86148982920325645 AND x[0] <= -1.5735400903457295,4,1,exkmc_0.0.3
rich,20260802,4,16,13,13,0,3,0,purchase_recency_days,15.034804074074072,15.034804074074072,-1.5735400903457295,log1p_then_standardize,<=,x[10] > -1.8953154495195101 AND x[1] > 2.809394314002192 AND x[10] <= 0.86148982920325645 AND x[0] <= -1.5735400903457295,4,1,exkmc_0.0.3
rich,20260802,4,16,14,14,3,0,10,distinct_top_categories,6.994405055138511e-15,6.994405055138511e-15,-1.8953154495195101,log1p_then_standardize,>,x[10] > -1.8953154495195101 AND x[1] > 2.809394314002192 AND x[10] <= 0.86148982920325645 AND x[0] > -1.5735400903457295,4,2,exkmc_0.0.3
rich,20260802,4,16,14,14,3,1,1,purchase_occasion_count,3.9999999999999996,3.9999999999999996,2.809394314002192,log1p_then_standardize,>,x[10] > -1.8953154495195101 AND x[1] > 2.809394314002192 AND x[10] <= 0.86148982920325645 AND x[0] > -1.5735400903457295,4,2,exkmc_0.0.3
rich,20260802,4,16,14,14,3,2,10,distinct_top_categories,2.0000000000000004,2.0000000000000004,0.8614898292032565,log1p_then_standardize,<=,x[10] > -1.8953154495195101 AND x[1] > 2.809394314002192 AND x[10] <= 0.86148982920325645 AND x[0] > -1.5735400903457295,4,2,exkmc_0.0.3
rich,20260802,4,16,14,14,3,3,0,purchase_recency_days,15.034804074074072,15.034804074074072,-1.5735400903457295,log1p_then_standardize,>,x[10] > -1.8953154495195101 AND x[1] > 2.809394314002192 AND x[10] <= 0.86148982920325645 AND x[0] > -1.5735400903457295,4,2,exkmc_0.0.3
rich,20260802,4,16,15,15,1,0,10,distinct_top_categories,6.994405055138511e-15,6.994405055138511e-15,-1.8953154495195101,log1p_then_standardize,>,x[10] > -1.8953154495195101 AND x[1] > 2.809394314002192 AND x[10] > 0.86148982920325645,3,101,exkmc_0.0.3
rich,20260802,4,16,15,15,1,1,1,purchase_occasion_count,3.9999999999999996,3.9999999999999996,2.809394314002192,log1p_then_standardize,>,x[10] > -1.8953154495195101 AND x[1] > 2.809394314002192 AND x[10] > 0.86148982920325645,3,101,exkmc_0.0.3
rich,20260802,4,16,15,15,1,2,10,distinct_top_categories,2.0000000000000004,2.0000000000000004,0.8614898292032565,log1p_then_standardize,>,x[10] > -1.8953154495195101 AND x[1] > 2.809394314002192 AND x[10] > 0.86148982920325645,3,101,exkmc_0.0.3
rich,20260803,4,4,0,0,3,0,10,distinct_top_categories,0.0,0.0,-1.9030283189744133,log1p_then_standardize,<=,x[10] <= -1.9030283189744133,1,917,exkmc_0.0.3
rich,20260803,4,4,1,1,0,0,10,distinct_top_categories,0.0,0.0,-1.9030283189744133,log1p_then_standardize,>,x[10] > -1.9030283189744133 AND x[1] <= 3.3623428235961432 AND x[7] <= -0.037588865930170627,3,5371,exkmc_0.0.3
rich,20260803,4,4,1,1,0,1,1,purchase_occasion_count,5.0,5.0,3.3623428235961432,log1p_then_standardize,<=,x[10] > -1.9030283189744133 AND x[1] <= 3.3623428235961432 AND x[7] <= -0.037588865930170627,3,5371,exkmc_0.0.3
rich,20260803,4,4,1,1,0,2,7,activity_span_days,1.681125775462963,1.681125775462963,-0.03758886593017063,log1p_then_standardize,<=,x[10] > -1.9030283189744133 AND x[1] <= 3.3623428235961432 AND x[7] <= -0.037588865930170627,3,5371,exkmc_0.0.3
rich,20260803,4,4,2,2,2,0,10,distinct_top_categories,0.0,0.0,-1.9030283189744133,log1p_then_standardize,>,x[10] > -1.9030283189744133 AND x[1] <= 3.3623428235961432 AND x[7] > -0.037588865930170627,3,2989,exkmc_0.0.3
rich,20260803,4,4,2,2,2,1,1,purchase_occasion_count,5.0,5.0,3.3623428235961432,log1p_then_standardize,<=,x[10] > -1.9030283189744133 AND x[1] <= 3.3623428235961432 AND x[7] > -0.037588865930170627,3,2989,exkmc_0.0.3
rich,20260803,4,4,2,2,2,2,7,activity_span_days,1.681125775462963,1.681125775462963,-0.03758886593017063,log1p_then_standardize,>,x[10] > -1.9030283189744133 AND x[1] <= 3.3623428235961432 AND x[7] > -0.037588865930170627,3,2989,exkmc_0.0.3
rich,20260803,4,4,3,3,1,0,10,distinct_top_categories,0.0,0.0,-1.9030283189744133,log1p_then_standardize,>,x[10] > -1.9030283189744133 AND x[1] > 3.3623428235961432,2,98,exkmc_0.0.3
rich,20260803,4,4,3,3,1,1,1,purchase_occasion_count,5.0,5.0,3.3623428235961432,log1p_then_standardize,>,x[10] > -1.9030283189744133 AND x[1] > 3.3623428235961432,2,98,exkmc_0.0.3
rich,20260803,4,5,0,0,3,0,10,distinct_top_categories,0.0,0.0,-1.9030283189744133,log1p_then_standardize,<=,x[10] <= -1.9030283189744133,1,917,exkmc_0.0.3
rich,20260803,4,5,1,1,0,0,10,distinct_top_categories,0.0,0.0,-1.9030283189744133,log1p_then_standardize,>,x[10] > -1.9030283189744133 AND x[1] <= 3.3623428235961432 AND x[7] <= -0.037588865930170627,3,5371,exkmc_0.0.3
rich,20260803,4,5,1,1,0,1,1,purchase_occasion_count,5.0,5.0,3.3623428235961432,log1p_then_standardize,<=,x[10] > -1.9030283189744133 AND x[1] <= 3.3623428235961432 AND x[7] <= -0.037588865930170627,3,5371,exkmc_0.0.3
rich,20260803,4,5,1,1,0,2,7,activity_span_days,1.681125775462963,1.681125775462963,-0.03758886593017063,log1p_then_standardize,<=,x[10] > -1.9030283189744133 AND x[1] <= 3.3623428235961432 AND x[7] <= -0.037588865930170627,3,5371,exkmc_0.0.3
rich,20260803,4,5,2,2,2,0,10,distinct_top_categories,0.0,0.0,-1.9030283189744133,log1p_then_standardize,>,x[10] > -1.9030283189744133 AND x[1] <= 3.3623428235961432 AND x[7] > -0.037588865930170627 AND x[10] <= 4.3506741517115595,4,2981,exkmc_0.0.3
rich,20260803,4,5,2,2,2,1,1,purchase_occasion_count,5.0,5.0,3.3623428235961432,log1p_then_standardize,<=,x[10] > -1.9030283189744133 AND x[1] <= 3.3623428235961432 AND x[7] > -0.037588865930170627 AND x[10] <= 4.3506741517115595,4,2981,exkmc_0.0.3
rich,20260803,4,5,2,2,2,2,7,activity_span_days,1.681125775462963,1.681125775462963,-0.03758886593017063,log1p_then_standardize,>,x[10] > -1.9030283189744133 AND x[1] <= 3.3623428235961432 AND x[7] > -0.037588865930170627 AND x[10] <= 4.3506741517115595,4,2981,exkmc_0.0.3
rich,20260803,4,5,2,2,2,3,10,distinct_top_categories,11.0,11.0,4.3506741517115595,log1p_then_standardize,<=,x[10] > -1.9030283189744133 AND x[1] <= 3.3623428235961432 AND x[7] > -0.037588865930170627 AND x[10] <= 4.3506741517115595,4,2981,exkmc_0.0.3
rich,20260803,4,5,3,3,1,0,10,distinct_top_categories,0.0,0.0,-1.9030283189744133,log1p_then_standardize,>,x[10] > -1.9030283189744133 AND x[1] <= 3.3623428235961432 AND x[7] > -0.037588865930170627 AND x[10] > 4.3506741517115595,4,8,exkmc_0.0.3
rich,20260803,4,5,3,3,1,1,1,purchase_occasion_count,5.0,5.0,3.3623428235961432,log1p_then_standardize,<=,x[10] > -1.9030283189744133 AND x[1] <= 3.3623428235961432 AND x[7] > -0.037588865930170627 AND x[10] > 4.3506741517115595,4,8,exkmc_0.0.3
rich,20260803,4,5,3,3,1,2,7,activity_span_days,1.681125775462963,1.681125775462963,-0.03758886593017063,log1p_then_standardize,>,x[10] > -1.9030283189744133 AND x[1] <= 3.3623428235961432 AND x[7] > -0.037588865930170627 AND x[10] > 4.3506741517115595,4,8,exkmc_0.0.3
rich,20260803,4,5,3,3,1,3,10,distinct_top_categories,11.0,11.0,4.3506741517115595,log1p_then_standardize,>,x[10] > -1.9030283189744133 AND x[1] <= 3.3623428235961432 AND x[7] > -0.037588865930170627 AND x[10] > 4.3506741517115595,4,8,exkmc_0.0.3
rich,20260803,4,5,4,4,1,0,10,distinct_top_categories,0.0,0.0,-1.9030283189744133,log1p_then_standardize,>,x[10] > -1.9030283189744133 AND x[1] > 3.3623428235961432,2,98,exkmc_0.0.3
rich,20260803,4,5,4,4,1,1,1,purchase_occasion_count,5.0,5.0,3.3623428235961432,log1p_then_standardize,>,x[10] > -1.9030283189744133 AND x[1] > 3.3623428235961432,2,98,exkmc_0.0.3
rich,20260803,4,6,0,0,3,0,10,distinct_top_categories,0.0,0.0,-1.9030283189744133,log1p_then_standardize,<=,x[10] <= -1.9030283189744133,1,917,exkmc_0.0.3
rich,20260803,4,6,1,1,0,0,10,distinct_top_categories,0.0,0.0,-1.9030283189744133,log1p_then_standardize,>,x[10] > -1.9030283189744133 AND x[1] <= 3.3623428235961432 AND x[7] <= -0.037588865930170627 AND x[9] <= 0.72770045027717445,4,5314,exkmc_0.0.3
rich,20260803,4,6,1,1,0,1,1,purchase_occasion_count,5.0,5.0,3.3623428235961432,log1p_then_standardize,<=,x[10] > -1.9030283189744133 AND x[1] <= 3.3623428235961432 AND x[7] <= -0.037588865930170627 AND x[9] <= 0.72770045027717445,4,5314,exkmc_0.0.3
rich,20260803,4,6,1,1,0,2,7,activity_span_days,1.681125775462963,1.681125775462963,-0.03758886593017063,log1p_then_standardize,<=,x[10] > -1.9030283189744133 AND x[1] <= 3.3623428235961432 AND x[7] <= -0.037588865930170627 AND x[9] <= 0.72770045027717445,4,5314,exkmc_0.0.3
rich,20260803,4,6,1,1,0,3,9,session_count_30m,3.9999999999999996,3.9999999999999996,0.7277004502771744,log1p_then_standardize,<=,x[10] > -1.9030283189744133 AND x[1] <= 3.3623428235961432 AND x[7] <= -0.037588865930170627 AND x[9] <= 0.72770045027717445,4,5314,exkmc_0.0.3
rich,20260803,4,6,2,2,2,0,10,distinct_top_categories,0.0,0.0,-1.9030283189744133,log1p_then_standardize,>,x[10] > -1.9030283189744133 AND x[1] <= 3.3623428235961432 AND x[7] <= -0.037588865930170627 AND x[9] > 0.72770045027717445,4,57,exkmc_0.0.3
rich,20260803,4,6,2,2,2,1,1,purchase_occasion_count,5.0,5.0,3.3623428235961432,log1p_then_standardize,<=,x[10] > -1.9030283189744133 AND x[1] <= 3.3623428235961432 AND x[7] <= -0.037588865930170627 AND x[9] > 0.72770045027717445,4,57,exkmc_0.0.3
rich,20260803,4,6,2,2,2,2,7,activity_span_days,1.681125775462963,1.681125775462963,-0.03758886593017063,log1p_then_standardize,<=,x[10] > -1.9030283189744133 AND x[1] <= 3.3623428235961432 AND x[7] <= -0.037588865930170627 AND x[9] > 0.72770045027717445,4,57,exkmc_0.0.3
rich,20260803,4,6,2,2,2,3,9,session_count_30m,3.9999999999999996,3.9999999999999996,0.7277004502771744,log1p_then_standardize,>,x[10] > -1.9030283189744133 AND x[1] <= 3.3623428235961432 AND x[7] <= -0.037588865930170627 AND x[9] > 0.72770045027717445,4,57,exkmc_0.0.3
rich,20260803,4,6,3,3,2,0,10,distinct_top_categories,0.0,0.0,-1.9030283189744133,log1p_then_standardize,>,x[10] > -1.9030283189744133 AND x[1] <= 3.3623428235961432 AND x[7] > -0.037588865930170627 AND x[10] <= 4.3506741517115595,4,2981,exkmc_0.0.3
rich,20260803,4,6,3,3,2,1,1,purchase_occasion_count,5.0,5.0,3.3623428235961432,log1p_then_standardize,<=,x[10] > -1.9030283189744133 AND x[1] <= 3.3623428235961432 AND x[7] > -0.037588865930170627 AND x[10] <= 4.3506741517115595,4,2981,exkmc_0.0.3
rich,20260803,4,6,3,3,2,2,7,activity_span_days,1.681125775462963,1.681125775462963,-0.03758886593017063,log1p_then_standardize,>,x[10] > -1.9030283189744133 AND x[1] <= 3.3623428235961432 AND x[7] > -0.037588865930170627 AND x[10] <= 4.3506741517115595,4,2981,exkmc_0.0.3
rich,20260803,4,6,3,3,2,3,10,distinct_top_categories,11.0,11.0,4.3506741517115595,log1p_then_standardize,<=,x[10] > -1.9030283189744133 AND x[1] <= 3.3623428235961432 AND x[7] > -0.037588865930170627 AND x[10] <= 4.3506741517115595,4,2981,exkmc_0.0.3
rich,20260803,4,6,4,4,1,0,10,distinct_top_categories,0.0,0.0,-1.9030283189744133,log1p_then_standardize,>,x[10] > -1.9030283189744133 AND x[1] <= 3.3623428235961432 AND x[7] > -0.037588865930170627 AND x[10] > 4.3506741517115595,4,8,exkmc_0.0.3
rich,20260803,4,6,4,4,1,1,1,purchase_occasion_count,5.0,5.0,3.3623428235961432,log1p_then_standardize,<=,x[10] > -1.9030283189744133 AND x[1] <= 3.3623428235961432 AND x[7] > -0.037588865930170627 AND x[10] > 4.3506741517115595,4,8,exkmc_0.0.3
rich,20260803,4,6,4,4,1,2,7,activity_span_days,1.681125775462963,1.681125775462963,-0.03758886593017063,log1p_then_standardize,>,x[10] > -1.9030283189744133 AND x[1] <= 3.3623428235961432 AND x[7] > -0.037588865930170627 AND x[10] > 4.3506741517115595,4,8,exkmc_0.0.3
rich,20260803,4,6,4,4,1,3,10,distinct_top_categories,11.0,11.0,4.3506741517115595,log1p_then_standardize,>,x[10] > -1.9030283189744133 AND x[1] <= 3.3623428235961432 AND x[7] > -0.037588865930170627 AND x[10] > 4.3506741517115595,4,8,exkmc_0.0.3
rich,20260803,4,6,5,5,1,0,10,distinct_top_categories,0.0,0.0,-1.9030283189744133,log1p_then_standardize,>,x[10] > -1.9030283189744133 AND x[1] > 3.3623428235961432,2,98,exkmc_0.0.3
rich,20260803,4,6,5,5,1,1,1,purchase_occasion_count,5.0,5.0,3.3623428235961432,log1p_then_standardize,>,x[10] > -1.9030283189744133 AND x[1] > 3.3623428235961432,2,98,exkmc_0.0.3
rich,20260803,4,7,0,0,3,0,10,distinct_top_categories,0.0,0.0,-1.9030283189744133,log1p_then_standardize,<=,x[10] <= -1.9030283189744133,1,917,exkmc_0.0.3
rich,20260803,4,7,1,1,0,0,10,distinct_top_categories,0.0,0.0,-1.9030283189744133,log1p_then_standardize,>,x[10] > -1.9030283189744133 AND x[1] <= 3.3623428235961432 AND x[7] <= -0.037588865930170627 AND x[9] <= 0.72770045027717445,4,5314,exkmc_0.0.3
rich,20260803,4,7,1,1,0,1,1,purchase_occasion_count,5.0,5.0,3.3623428235961432,log1p_then_standardize,<=,x[10] > -1.9030283189744133 AND x[1] <= 3.3623428235961432 AND x[7] <= -0.037588865930170627 AND x[9] <= 0.72770045027717445,4,5314,exkmc_0.0.3
rich,20260803,4,7,1,1,0,2,7,activity_span_days,1.681125775462963,1.681125775462963,-0.03758886593017063,log1p_then_standardize,<=,x[10] > -1.9030283189744133 AND x[1] <= 3.3623428235961432 AND x[7] <= -0.037588865930170627 AND x[9] <= 0.72770045027717445,4,5314,exkmc_0.0.3
rich,20260803,4,7,1,1,0,3,9,session_count_30m,3.9999999999999996,3.9999999999999996,0.7277004502771744,log1p_then_standardize,<=,x[10] > -1.9030283189744133 AND x[1] <= 3.3623428235961432 AND x[7] <= -0.037588865930170627 AND x[9] <= 0.72770045027717445,4,5314,exkmc_0.0.3
rich,20260803,4,7,2,2,2,0,10,distinct_top_categories,0.0,0.0,-1.9030283189744133,log1p_then_standardize,>,x[10] > -1.9030283189744133 AND x[1] <= 3.3623428235961432 AND x[7] <= -0.037588865930170627 AND x[9] > 0.72770045027717445,4,57,exkmc_0.0.3
rich,20260803,4,7,2,2,2,1,1,purchase_occasion_count,5.0,5.0,3.3623428235961432,log1p_then_standardize,<=,x[10] > -1.9030283189744133 AND x[1] <= 3.3623428235961432 AND x[7] <= -0.037588865930170627 AND x[9] > 0.72770045027717445,4,57,exkmc_0.0.3
rich,20260803,4,7,2,2,2,2,7,activity_span_days,1.681125775462963,1.681125775462963,-0.03758886593017063,log1p_then_standardize,<=,x[10] > -1.9030283189744133 AND x[1] <= 3.3623428235961432 AND x[7] <= -0.037588865930170627 AND x[9] > 0.72770045027717445,4,57,exkmc_0.0.3
rich,20260803,4,7,2,2,2,3,9,session_count_30m,3.9999999999999996,3.9999999999999996,0.7277004502771744,log1p_then_standardize,>,x[10] > -1.9030283189744133 AND x[1] <= 3.3623428235961432 AND x[7] <= -0.037588865930170627 AND x[9] > 0.72770045027717445,4,57,exkmc_0.0.3
rich,20260803,4,7,3,3,2,0,10,distinct_top_categories,0.0,0.0,-1.9030283189744133,log1p_then_standardize,>,x[10] > -1.9030283189744133 AND x[1] <= 3.3623428235961432 AND x[7] > -0.037588865930170627 AND x[10] <= 4.3506741517115595,4,2981,exkmc_0.0.3
rich,20260803,4,7,3,3,2,1,1,purchase_occasion_count,5.0,5.0,3.3623428235961432,log1p_then_standardize,<=,x[10] > -1.9030283189744133 AND x[1] <= 3.3623428235961432 AND x[7] > -0.037588865930170627 AND x[10] <= 4.3506741517115595,4,2981,exkmc_0.0.3
rich,20260803,4,7,3,3,2,2,7,activity_span_days,1.681125775462963,1.681125775462963,-0.03758886593017063,log1p_then_standardize,>,x[10] > -1.9030283189744133 AND x[1] <= 3.3623428235961432 AND x[7] > -0.037588865930170627 AND x[10] <= 4.3506741517115595,4,2981,exkmc_0.0.3
rich,20260803,4,7,3,3,2,3,10,distinct_top_categories,11.0,11.0,4.3506741517115595,log1p_then_standardize,<=,x[10] > -1.9030283189744133 AND x[1] <= 3.3623428235961432 AND x[7] > -0.037588865930170627 AND x[10] <= 4.3506741517115595,4,2981,exkmc_0.0.3
rich,20260803,4,7,4,4,1,0,10,distinct_top_categories,0.0,0.0,-1.9030283189744133,log1p_then_standardize,>,x[10] > -1.9030283189744133 AND x[1] <= 3.3623428235961432 AND x[7] > -0.037588865930170627 AND x[10] > 4.3506741517115595,4,8,exkmc_0.0.3
rich,20260803,4,7,4,4,1,1,1,purchase_occasion_count,5.0,5.0,3.3623428235961432,log1p_then_standardize,<=,x[10] > -1.9030283189744133 AND x[1] <= 3.3623428235961432 AND x[7] > -0.037588865930170627 AND x[10] > 4.3506741517115595,4,8,exkmc_0.0.3
rich,20260803,4,7,4,4,1,2,7,activity_span_days,1.681125775462963,1.681125775462963,-0.03758886593017063,log1p_then_standardize,>,x[10] > -1.9030283189744133 AND x[1] <= 3.3623428235961432 AND x[7] > -0.037588865930170627 AND x[10] > 4.3506741517115595,4,8,exkmc_0.0.3
rich,20260803,4,7,4,4,1,3,10,distinct_top_categories,11.0,11.0,4.3506741517115595,log1p_then_standardize,>,x[10] > -1.9030283189744133 AND x[1] <= 3.3623428235961432 AND x[7] > -0.037588865930170627 AND x[10] > 4.3506741517115595,4,8,exkmc_0.0.3
rich,20260803,4,7,5,5,2,0,10,distinct_top_categories,0.0,0.0,-1.9030283189744133,log1p_then_standardize,>,x[10] > -1.9030283189744133 AND x[1] > 3.3623428235961432 AND x[3] <= 1.7218313732901287,3,4,exkmc_0.0.3
rich,20260803,4,7,5,5,2,1,1,purchase_occasion_count,5.0,5.0,3.3623428235961432,log1p_then_standardize,>,x[10] > -1.9030283189744133 AND x[1] > 3.3623428235961432 AND x[3] <= 1.7218313732901287,3,4,exkmc_0.0.3
rich,20260803,4,7,5,5,2,2,3,total_events,39.0,39.0,1.7218313732901287,log1p_then_standardize,<=,x[10] > -1.9030283189744133 AND x[1] > 3.3623428235961432 AND x[3] <= 1.7218313732901287,3,4,exkmc_0.0.3
rich,20260803,4,7,6,6,1,0,10,distinct_top_categories,0.0,0.0,-1.9030283189744133,log1p_then_standardize,>,x[10] > -1.9030283189744133 AND x[1] > 3.3623428235961432 AND x[3] > 1.7218313732901287,3,94,exkmc_0.0.3
rich,20260803,4,7,6,6,1,1,1,purchase_occasion_count,5.0,5.0,3.3623428235961432,log1p_then_standardize,>,x[10] > -1.9030283189744133 AND x[1] > 3.3623428235961432 AND x[3] > 1.7218313732901287,3,94,exkmc_0.0.3
rich,20260803,4,7,6,6,1,2,3,total_events,39.0,39.0,1.7218313732901287,log1p_then_standardize,>,x[10] > -1.9030283189744133 AND x[1] > 3.3623428235961432 AND x[3] > 1.7218313732901287,3,94,exkmc_0.0.3
rich,20260803,4,8,0,0,3,0,10,distinct_top_categories,0.0,0.0,-1.9030283189744133,log1p_then_standardize,<=,x[10] <= -1.9030283189744133,1,917,exkmc_0.0.3
rich,20260803,4,8,1,1,0,0,10,distinct_top_categories,0.0,0.0,-1.9030283189744133,log1p_then_standardize,>,x[10] > -1.9030283189744133 AND x[1] <= 3.3623428235961432 AND x[7] <= -0.037588865930170627 AND x[9] <= 0.72770045027717445 AND x[3] <= 2.3420876841428142,5,5301,exkmc_0.0.3
rich,20260803,4,8,1,1,0,1,1,purchase_occasion_count,5.0,5.0,3.3623428235961432,log1p_then_standardize,<=,x[10] > -1.9030283189744133 AND x[1] <= 3.3623428235961432 AND x[7] <= -0.037588865930170627 AND x[9] <= 0.72770045027717445 AND x[3] <= 2.3420876841428142,5,5301,exkmc_0.0.3
rich,20260803,4,8,1,1,0,2,7,activity_span_days,1.681125775462963,1.681125775462963,-0.03758886593017063,log1p_then_standardize,<=,x[10] > -1.9030283189744133 AND x[1] <= 3.3623428235961432 AND x[7] <= -0.037588865930170627 AND x[9] <= 0.72770045027717445 AND x[3] <= 2.3420876841428142,5,5301,exkmc_0.0.3
rich,20260803,4,8,1,1,0,3,9,session_count_30m,3.9999999999999996,3.9999999999999996,0.7277004502771744,log1p_then_standardize,<=,x[10] > -1.9030283189744133 AND x[1] <= 3.3623428235961432 AND x[7] <= -0.037588865930170627 AND x[9] <= 0.72770045027717445 AND x[3] <= 2.3420876841428142,5,5301,exkmc_0.0.3
rich,20260803,4,8,1,1,0,4,3,total_events,68.00000000000001,68.00000000000001,2.342087684142814,log1p_then_standardize,<=,x[10] > -1.9030283189744133 AND x[1] <= 3.3623428235961432 AND x[7] <= -0.037588865930170627 AND x[9] <= 0.72770045027717445 AND x[3] <= 2.3420876841428142,5,5301,exkmc_0.0.3
rich,20260803,4,8,2,2,2,0,10,distinct_top_categories,0.0,0.0,-1.9030283189744133,log1p_then_standardize,>,x[10] > -1.9030283189744133 AND x[1] <= 3.3623428235961432 AND x[7] <= -0.037588865930170627 AND x[9] <= 0.72770045027717445 AND x[3] > 2.3420876841428142,5,13,exkmc_0.0.3
rich,20260803,4,8,2,2,2,1,1,purchase_occasion_count,5.0,5.0,3.3623428235961432,log1p_then_standardize,<=,x[10] > -1.9030283189744133 AND x[1] <= 3.3623428235961432 AND x[7] <= -0.037588865930170627 AND x[9] <= 0.72770045027717445 AND x[3] > 2.3420876841428142,5,13,exkmc_0.0.3
rich,20260803,4,8,2,2,2,2,7,activity_span_days,1.681125775462963,1.681125775462963,-0.03758886593017063,log1p_then_standardize,<=,x[10] > -1.9030283189744133 AND x[1] <= 3.3623428235961432 AND x[7] <= -0.037588865930170627 AND x[9] <= 0.72770045027717445 AND x[3] > 2.3420876841428142,5,13,exkmc_0.0.3
rich,20260803,4,8,2,2,2,3,9,session_count_30m,3.9999999999999996,3.9999999999999996,0.7277004502771744,log1p_then_standardize,<=,x[10] > -1.9030283189744133 AND x[1] <= 3.3623428235961432 AND x[7] <= -0.037588865930170627 AND x[9] <= 0.72770045027717445 AND x[3] > 2.3420876841428142,5,13,exkmc_0.0.3
rich,20260803,4,8,2,2,2,4,3,total_events,68.00000000000001,68.00000000000001,2.342087684142814,log1p_then_standardize,>,x[10] > -1.9030283189744133 AND x[1] <= 3.3623428235961432 AND x[7] <= -0.037588865930170627 AND x[9] <= 0.72770045027717445 AND x[3] > 2.3420876841428142,5,13,exkmc_0.0.3
rich,20260803,4,8,3,3,2,0,10,distinct_top_categories,0.0,0.0,-1.9030283189744133,log1p_then_standardize,>,x[10] > -1.9030283189744133 AND x[1] <= 3.3623428235961432 AND x[7] <= -0.037588865930170627 AND x[9] > 0.72770045027717445,4,57,exkmc_0.0.3
rich,20260803,4,8,3,3,2,1,1,purchase_occasion_count,5.0,5.0,3.3623428235961432,log1p_then_standardize,<=,x[10] > -1.9030283189744133 AND x[1] <= 3.3623428235961432 AND x[7] <= -0.037588865930170627 AND x[9] > 0.72770045027717445,4,57,exkmc_0.0.3
rich,20260803,4,8,3,3,2,2,7,activity_span_days,1.681125775462963,1.681125775462963,-0.03758886593017063,log1p_then_standardize,<=,x[10] > -1.9030283189744133 AND x[1] <= 3.3623428235961432 AND x[7] <= -0.037588865930170627 AND x[9] > 0.72770045027717445,4,57,exkmc_0.0.3
rich,20260803,4,8,3,3,2,3,9,session_count_30m,3.9999999999999996,3.9999999999999996,0.7277004502771744,log1p_then_standardize,>,x[10] > -1.9030283189744133 AND x[1] <= 3.3623428235961432 AND x[7] <= -0.037588865930170627 AND x[9] > 0.72770045027717445,4,57,exkmc_0.0.3
rich,20260803,4,8,4,4,2,0,10,distinct_top_categories,0.0,0.0,-1.9030283189744133,log1p_then_standardize,>,x[10] > -1.9030283189744133 AND x[1] <= 3.3623428235961432 AND x[7] > -0.037588865930170627 AND x[10] <= 4.3506741517115595,4,2981,exkmc_0.0.3
rich,20260803,4,8,4,4,2,1,1,purchase_occasion_count,5.0,5.0,3.3623428235961432,log1p_then_standardize,<=,x[10] > -1.9030283189744133 AND x[1] <= 3.3623428235961432 AND x[7] > -0.037588865930170627 AND x[10] <= 4.3506741517115595,4,2981,exkmc_0.0.3
rich,20260803,4,8,4,4,2,2,7,activity_span_days,1.681125775462963,1.681125775462963,-0.03758886593017063,log1p_then_standardize,>,x[10] > -1.9030283189744133 AND x[1] <= 3.3623428235961432 AND x[7] > -0.037588865930170627 AND x[10] <= 4.3506741517115595,4,2981,exkmc_0.0.3
rich,20260803,4,8,4,4,2,3,10,distinct_top_categories,11.0,11.0,4.3506741517115595,log1p_then_standardize,<=,x[10] > -1.9030283189744133 AND x[1] <= 3.3623428235961432 AND x[7] > -0.037588865930170627 AND x[10] <= 4.3506741517115595,4,2981,exkmc_0.0.3
rich,20260803,4,8,5,5,1,0,10,distinct_top_categories,0.0,0.0,-1.9030283189744133,log1p_then_standardize,>,x[10] > -1.9030283189744133 AND x[1] <= 3.3623428235961432 AND x[7] > -0.037588865930170627 AND x[10] > 4.3506741517115595,4,8,exkmc_0.0.3
rich,20260803,4,8,5,5,1,1,1,purchase_occasion_count,5.0,5.0,3.3623428235961432,log1p_then_standardize,<=,x[10] > -1.9030283189744133 AND x[1] <= 3.3623428235961432 AND x[7] > -0.037588865930170627 AND x[10] > 4.3506741517115595,4,8,exkmc_0.0.3
rich,20260803,4,8,5,5,1,2,7,activity_span_days,1.681125775462963,1.681125775462963,-0.03758886593017063,log1p_then_standardize,>,x[10] > -1.9030283189744133 AND x[1] <= 3.3623428235961432 AND x[7] > -0.037588865930170627 AND x[10] > 4.3506741517115595,4,8,exkmc_0.0.3
rich,20260803,4,8,5,5,1,3,10,distinct_top_categories,11.0,11.0,4.3506741517115595,log1p_then_standardize,>,x[10] > -1.9030283189744133 AND x[1] <= 3.3623428235961432 AND x[7] > -0.037588865930170627 AND x[10] > 4.3506741517115595,4,8,exkmc_0.0.3
rich,20260803,4,8,6,6,2,0,10,distinct_top_categories,0.0,0.0,-1.9030283189744133,log1p_then_standardize,>,x[10] > -1.9030283189744133 AND x[1] > 3.3623428235961432 AND x[3] <= 1.7218313732901287,3,4,exkmc_0.0.3
rich,20260803,4,8,6,6,2,1,1,purchase_occasion_count,5.0,5.0,3.3623428235961432,log1p_then_standardize,>,x[10] > -1.9030283189744133 AND x[1] > 3.3623428235961432 AND x[3] <= 1.7218313732901287,3,4,exkmc_0.0.3
rich,20260803,4,8,6,6,2,2,3,total_events,39.0,39.0,1.7218313732901287,log1p_then_standardize,<=,x[10] > -1.9030283189744133 AND x[1] > 3.3623428235961432 AND x[3] <= 1.7218313732901287,3,4,exkmc_0.0.3
rich,20260803,4,8,7,7,1,0,10,distinct_top_categories,0.0,0.0,-1.9030283189744133,log1p_then_standardize,>,x[10] > -1.9030283189744133 AND x[1] > 3.3623428235961432 AND x[3] > 1.7218313732901287,3,94,exkmc_0.0.3
rich,20260803,4,8,7,7,1,1,1,purchase_occasion_count,5.0,5.0,3.3623428235961432,log1p_then_standardize,>,x[10] > -1.9030283189744133 AND x[1] > 3.3623428235961432 AND x[3] > 1.7218313732901287,3,94,exkmc_0.0.3
rich,20260803,4,8,7,7,1,2,3,total_events,39.0,39.0,1.7218313732901287,log1p_then_standardize,>,x[10] > -1.9030283189744133 AND x[1] > 3.3623428235961432 AND x[3] > 1.7218313732901287,3,94,exkmc_0.0.3
rich,20260803,4,9,0,0,3,0,10,distinct_top_categories,0.0,0.0,-1.9030283189744133,log1p_then_standardize,<=,x[10] <= -1.9030283189744133,1,917,exkmc_0.0.3
rich,20260803,4,9,1,1,0,0,10,distinct_top_categories,0.0,0.0,-1.9030283189744133,log1p_then_standardize,>,x[10] > -1.9030283189744133 AND x[1] <= 3.3623428235961432 AND x[7] <= -0.037588865930170627 AND x[9] <= 0.72770045027717445 AND x[3] <= 2.3420876841428142,5,5301,exkmc_0.0.3
rich,20260803,4,9,1,1,0,1,1,purchase_occasion_count,5.0,5.0,3.3623428235961432,log1p_then_standardize,<=,x[10] > -1.9030283189744133 AND x[1] <= 3.3623428235961432 AND x[7] <= -0.037588865930170627 AND x[9] <= 0.72770045027717445 AND x[3] <= 2.3420876841428142,5,5301,exkmc_0.0.3
rich,20260803,4,9,1,1,0,2,7,activity_span_days,1.681125775462963,1.681125775462963,-0.03758886593017063,log1p_then_standardize,<=,x[10] > -1.9030283189744133 AND x[1] <= 3.3623428235961432 AND x[7] <= -0.037588865930170627 AND x[9] <= 0.72770045027717445 AND x[3] <= 2.3420876841428142,5,5301,exkmc_0.0.3
rich,20260803,4,9,1,1,0,3,9,session_count_30m,3.9999999999999996,3.9999999999999996,0.7277004502771744,log1p_then_standardize,<=,x[10] > -1.9030283189744133 AND x[1] <= 3.3623428235961432 AND x[7] <= -0.037588865930170627 AND x[9] <= 0.72770045027717445 AND x[3] <= 2.3420876841428142,5,5301,exkmc_0.0.3
rich,20260803,4,9,1,1,0,4,3,total_events,68.00000000000001,68.00000000000001,2.342087684142814,log1p_then_standardize,<=,x[10] > -1.9030283189744133 AND x[1] <= 3.3623428235961432 AND x[7] <= -0.037588865930170627 AND x[9] <= 0.72770045027717445 AND x[3] <= 2.3420876841428142,5,5301,exkmc_0.0.3
rich,20260803,4,9,2,2,2,0,10,distinct_top_categories,0.0,0.0,-1.9030283189744133,log1p_then_standardize,>,x[10] > -1.9030283189744133 AND x[1] <= 3.3623428235961432 AND x[7] <= -0.037588865930170627 AND x[9] <= 0.72770045027717445 AND x[3] > 2.3420876841428142,5,13,exkmc_0.0.3
rich,20260803,4,9,2,2,2,1,1,purchase_occasion_count,5.0,5.0,3.3623428235961432,log1p_then_standardize,<=,x[10] > -1.9030283189744133 AND x[1] <= 3.3623428235961432 AND x[7] <= -0.037588865930170627 AND x[9] <= 0.72770045027717445 AND x[3] > 2.3420876841428142,5,13,exkmc_0.0.3
rich,20260803,4,9,2,2,2,2,7,activity_span_days,1.681125775462963,1.681125775462963,-0.03758886593017063,log1p_then_standardize,<=,x[10] > -1.9030283189744133 AND x[1] <= 3.3623428235961432 AND x[7] <= -0.037588865930170627 AND x[9] <= 0.72770045027717445 AND x[3] > 2.3420876841428142,5,13,exkmc_0.0.3
rich,20260803,4,9,2,2,2,3,9,session_count_30m,3.9999999999999996,3.9999999999999996,0.7277004502771744,log1p_then_standardize,<=,x[10] > -1.9030283189744133 AND x[1] <= 3.3623428235961432 AND x[7] <= -0.037588865930170627 AND x[9] <= 0.72770045027717445 AND x[3] > 2.3420876841428142,5,13,exkmc_0.0.3
rich,20260803,4,9,2,2,2,4,3,total_events,68.00000000000001,68.00000000000001,2.342087684142814,log1p_then_standardize,>,x[10] > -1.9030283189744133 AND x[1] <= 3.3623428235961432 AND x[7] <= -0.037588865930170627 AND x[9] <= 0.72770045027717445 AND x[3] > 2.3420876841428142,5,13,exkmc_0.0.3
rich,20260803,4,9,3,3,2,0,10,distinct_top_categories,0.0,0.0,-1.9030283189744133,log1p_then_standardize,>,x[10] > -1.9030283189744133 AND x[1] <= 3.3623428235961432 AND x[7] <= -0.037588865930170627 AND x[9] > 0.72770045027717445,4,57,exkmc_0.0.3
rich,20260803,4,9,3,3,2,1,1,purchase_occasion_count,5.0,5.0,3.3623428235961432,log1p_then_standardize,<=,x[10] > -1.9030283189744133 AND x[1] <= 3.3623428235961432 AND x[7] <= -0.037588865930170627 AND x[9] > 0.72770045027717445,4,57,exkmc_0.0.3
rich,20260803,4,9,3,3,2,2,7,activity_span_days,1.681125775462963,1.681125775462963,-0.03758886593017063,log1p_then_standardize,<=,x[10] > -1.9030283189744133 AND x[1] <= 3.3623428235961432 AND x[7] <= -0.037588865930170627 AND x[9] > 0.72770045027717445,4,57,exkmc_0.0.3
rich,20260803,4,9,3,3,2,3,9,session_count_30m,3.9999999999999996,3.9999999999999996,0.7277004502771744,log1p_then_standardize,>,x[10] > -1.9030283189744133 AND x[1] <= 3.3623428235961432 AND x[7] <= -0.037588865930170627 AND x[9] > 0.72770045027717445,4,57,exkmc_0.0.3
rich,20260803,4,9,4,4,2,0,10,distinct_top_categories,0.0,0.0,-1.9030283189744133,log1p_then_standardize,>,x[10] > -1.9030283189744133 AND x[1] <= 3.3623428235961432 AND x[7] > -0.037588865930170627 AND x[10] <= 4.3506741517115595 AND x[6] <= 2.4708503816658296,5,2968,exkmc_0.0.3
rich,20260803,4,9,4,4,2,1,1,purchase_occasion_count,5.0,5.0,3.3623428235961432,log1p_then_standardize,<=,x[10] > -1.9030283189744133 AND x[1] <= 3.3623428235961432 AND x[7] > -0.037588865930170627 AND x[10] <= 4.3506741517115595 AND x[6] <= 2.4708503816658296,5,2968,exkmc_0.0.3
rich,20260803,4,9,4,4,2,2,7,activity_span_days,1.681125775462963,1.681125775462963,-0.03758886593017063,log1p_then_standardize,>,x[10] > -1.9030283189744133 AND x[1] <= 3.3623428235961432 AND x[7] > -0.037588865930170627 AND x[10] <= 4.3506741517115595 AND x[6] <= 2.4708503816658296,5,2968,exkmc_0.0.3
rich,20260803,4,9,4,4,2,3,10,distinct_top_categories,11.0,11.0,4.3506741517115595,log1p_then_standardize,<=,x[10] > -1.9030283189744133 AND x[1] <= 3.3623428235961432 AND x[7] > -0.037588865930170627 AND x[10] <= 4.3506741517115595 AND x[6] <= 2.4708503816658296,5,2968,exkmc_0.0.3
rich,20260803,4,9,4,4,2,4,6,transaction_per_view,1.3999999999999997,1.3999999999999997,2.4708503816658296,standardize,<=,x[10] > -1.9030283189744133 AND x[1] <= 3.3623428235961432 AND x[7] > -0.037588865930170627 AND x[10] <= 4.3506741517115595 AND x[6] <= 2.4708503816658296,5,2968,exkmc_0.0.3
rich,20260803,4,9,5,5,0,0,10,distinct_top_categories,0.0,0.0,-1.9030283189744133,log1p_then_standardize,>,x[10] > -1.9030283189744133 AND x[1] <= 3.3623428235961432 AND x[7] > -0.037588865930170627 AND x[10] <= 4.3506741517115595 AND x[6] > 2.4708503816658296,5,13,exkmc_0.0.3
rich,20260803,4,9,5,5,0,1,1,purchase_occasion_count,5.0,5.0,3.3623428235961432,log1p_then_standardize,<=,x[10] > -1.9030283189744133 AND x[1] <= 3.3623428235961432 AND x[7] > -0.037588865930170627 AND x[10] <= 4.3506741517115595 AND x[6] > 2.4708503816658296,5,13,exkmc_0.0.3
rich,20260803,4,9,5,5,0,2,7,activity_span_days,1.681125775462963,1.681125775462963,-0.03758886593017063,log1p_then_standardize,>,x[10] > -1.9030283189744133 AND x[1] <= 3.3623428235961432 AND x[7] > -0.037588865930170627 AND x[10] <= 4.3506741517115595 AND x[6] > 2.4708503816658296,5,13,exkmc_0.0.3
rich,20260803,4,9,5,5,0,3,10,distinct_top_categories,11.0,11.0,4.3506741517115595,log1p_then_standardize,<=,x[10] > -1.9030283189744133 AND x[1] <= 3.3623428235961432 AND x[7] > -0.037588865930170627 AND x[10] <= 4.3506741517115595 AND x[6] > 2.4708503816658296,5,13,exkmc_0.0.3
rich,20260803,4,9,5,5,0,4,6,transaction_per_view,1.3999999999999997,1.3999999999999997,2.4708503816658296,standardize,>,x[10] > -1.9030283189744133 AND x[1] <= 3.3623428235961432 AND x[7] > -0.037588865930170627 AND x[10] <= 4.3506741517115595 AND x[6] > 2.4708503816658296,5,13,exkmc_0.0.3
rich,20260803,4,9,6,6,1,0,10,distinct_top_categories,0.0,0.0,-1.9030283189744133,log1p_then_standardize,>,x[10] > -1.9030283189744133 AND x[1] <= 3.3623428235961432 AND x[7] > -0.037588865930170627 AND x[10] > 4.3506741517115595,4,8,exkmc_0.0.3
rich,20260803,4,9,6,6,1,1,1,purchase_occasion_count,5.0,5.0,3.3623428235961432,log1p_then_standardize,<=,x[10] > -1.9030283189744133 AND x[1] <= 3.3623428235961432 AND x[7] > -0.037588865930170627 AND x[10] > 4.3506741517115595,4,8,exkmc_0.0.3
rich,20260803,4,9,6,6,1,2,7,activity_span_days,1.681125775462963,1.681125775462963,-0.03758886593017063,log1p_then_standardize,>,x[10] > -1.9030283189744133 AND x[1] <= 3.3623428235961432 AND x[7] > -0.037588865930170627 AND x[10] > 4.3506741517115595,4,8,exkmc_0.0.3
rich,20260803,4,9,6,6,1,3,10,distinct_top_categories,11.0,11.0,4.3506741517115595,log1p_then_standardize,>,x[10] > -1.9030283189744133 AND x[1] <= 3.3623428235961432 AND x[7] > -0.037588865930170627 AND x[10] > 4.3506741517115595,4,8,exkmc_0.0.3
rich,20260803,4,9,7,7,2,0,10,distinct_top_categories,0.0,0.0,-1.9030283189744133,log1p_then_standardize,>,x[10] > -1.9030283189744133 AND x[1] > 3.3623428235961432 AND x[3] <= 1.7218313732901287,3,4,exkmc_0.0.3
rich,20260803,4,9,7,7,2,1,1,purchase_occasion_count,5.0,5.0,3.3623428235961432,log1p_then_standardize,>,x[10] > -1.9030283189744133 AND x[1] > 3.3623428235961432 AND x[3] <= 1.7218313732901287,3,4,exkmc_0.0.3
rich,20260803,4,9,7,7,2,2,3,total_events,39.0,39.0,1.7218313732901287,log1p_then_standardize,<=,x[10] > -1.9030283189744133 AND x[1] > 3.3623428235961432 AND x[3] <= 1.7218313732901287,3,4,exkmc_0.0.3
rich,20260803,4,9,8,8,1,0,10,distinct_top_categories,0.0,0.0,-1.9030283189744133,log1p_then_standardize,>,x[10] > -1.9030283189744133 AND x[1] > 3.3623428235961432 AND x[3] > 1.7218313732901287,3,94,exkmc_0.0.3
rich,20260803,4,9,8,8,1,1,1,purchase_occasion_count,5.0,5.0,3.3623428235961432,log1p_then_standardize,>,x[10] > -1.9030283189744133 AND x[1] > 3.3623428235961432 AND x[3] > 1.7218313732901287,3,94,exkmc_0.0.3
rich,20260803,4,9,8,8,1,2,3,total_events,39.0,39.0,1.7218313732901287,log1p_then_standardize,>,x[10] > -1.9030283189744133 AND x[1] > 3.3623428235961432 AND x[3] > 1.7218313732901287,3,94,exkmc_0.0.3
rich,20260803,4,10,0,0,3,0,10,distinct_top_categories,0.0,0.0,-1.9030283189744133,log1p_then_standardize,<=,x[10] <= -1.9030283189744133 AND x[4] <= 1.5907869577542437,2,914,exkmc_0.0.3
rich,20260803,4,10,0,0,3,1,4,active_days,5.0,5.0,1.5907869577542437,log1p_then_standardize,<=,x[10] <= -1.9030283189744133 AND x[4] <= 1.5907869577542437,2,914,exkmc_0.0.3
rich,20260803,4,10,1,1,2,0,10,distinct_top_categories,0.0,0.0,-1.9030283189744133,log1p_then_standardize,<=,x[10] <= -1.9030283189744133 AND x[4] > 1.5907869577542437,2,3,exkmc_0.0.3
rich,20260803,4,10,1,1,2,1,4,active_days,5.0,5.0,1.5907869577542437,log1p_then_standardize,>,x[10] <= -1.9030283189744133 AND x[4] > 1.5907869577542437,2,3,exkmc_0.0.3
rich,20260803,4,10,2,2,0,0,10,distinct_top_categories,0.0,0.0,-1.9030283189744133,log1p_then_standardize,>,x[10] > -1.9030283189744133 AND x[1] <= 3.3623428235961432 AND x[7] <= -0.037588865930170627 AND x[9] <= 0.72770045027717445 AND x[3] <= 2.3420876841428142,5,5301,exkmc_0.0.3
rich,20260803,4,10,2,2,0,1,1,purchase_occasion_count,5.0,5.0,3.3623428235961432,log1p_then_standardize,<=,x[10] > -1.9030283189744133 AND x[1] <= 3.3623428235961432 AND x[7] <= -0.037588865930170627 AND x[9] <= 0.72770045027717445 AND x[3] <= 2.3420876841428142,5,5301,exkmc_0.0.3
rich,20260803,4,10,2,2,0,2,7,activity_span_days,1.681125775462963,1.681125775462963,-0.03758886593017063,log1p_then_standardize,<=,x[10] > -1.9030283189744133 AND x[1] <= 3.3623428235961432 AND x[7] <= -0.037588865930170627 AND x[9] <= 0.72770045027717445 AND x[3] <= 2.3420876841428142,5,5301,exkmc_0.0.3
rich,20260803,4,10,2,2,0,3,9,session_count_30m,3.9999999999999996,3.9999999999999996,0.7277004502771744,log1p_then_standardize,<=,x[10] > -1.9030283189744133 AND x[1] <= 3.3623428235961432 AND x[7] <= -0.037588865930170627 AND x[9] <= 0.72770045027717445 AND x[3] <= 2.3420876841428142,5,5301,exkmc_0.0.3
rich,20260803,4,10,2,2,0,4,3,total_events,68.00000000000001,68.00000000000001,2.342087684142814,log1p_then_standardize,<=,x[10] > -1.9030283189744133 AND x[1] <= 3.3623428235961432 AND x[7] <= -0.037588865930170627 AND x[9] <= 0.72770045027717445 AND x[3] <= 2.3420876841428142,5,5301,exkmc_0.0.3
rich,20260803,4,10,3,3,2,0,10,distinct_top_categories,0.0,0.0,-1.9030283189744133,log1p_then_standardize,>,x[10] > -1.9030283189744133 AND x[1] <= 3.3623428235961432 AND x[7] <= -0.037588865930170627 AND x[9] <= 0.72770045027717445 AND x[3] > 2.3420876841428142,5,13,exkmc_0.0.3
rich,20260803,4,10,3,3,2,1,1,purchase_occasion_count,5.0,5.0,3.3623428235961432,log1p_then_standardize,<=,x[10] > -1.9030283189744133 AND x[1] <= 3.3623428235961432 AND x[7] <= -0.037588865930170627 AND x[9] <= 0.72770045027717445 AND x[3] > 2.3420876841428142,5,13,exkmc_0.0.3
rich,20260803,4,10,3,3,2,2,7,activity_span_days,1.681125775462963,1.681125775462963,-0.03758886593017063,log1p_then_standardize,<=,x[10] > -1.9030283189744133 AND x[1] <= 3.3623428235961432 AND x[7] <= -0.037588865930170627 AND x[9] <= 0.72770045027717445 AND x[3] > 2.3420876841428142,5,13,exkmc_0.0.3
rich,20260803,4,10,3,3,2,3,9,session_count_30m,3.9999999999999996,3.9999999999999996,0.7277004502771744,log1p_then_standardize,<=,x[10] > -1.9030283189744133 AND x[1] <= 3.3623428235961432 AND x[7] <= -0.037588865930170627 AND x[9] <= 0.72770045027717445 AND x[3] > 2.3420876841428142,5,13,exkmc_0.0.3
rich,20260803,4,10,3,3,2,4,3,total_events,68.00000000000001,68.00000000000001,2.342087684142814,log1p_then_standardize,>,x[10] > -1.9030283189744133 AND x[1] <= 3.3623428235961432 AND x[7] <= -0.037588865930170627 AND x[9] <= 0.72770045027717445 AND x[3] > 2.3420876841428142,5,13,exkmc_0.0.3
rich,20260803,4,10,4,4,2,0,10,distinct_top_categories,0.0,0.0,-1.9030283189744133,log1p_then_standardize,>,x[10] > -1.9030283189744133 AND x[1] <= 3.3623428235961432 AND x[7] <= -0.037588865930170627 AND x[9] > 0.72770045027717445,4,57,exkmc_0.0.3
rich,20260803,4,10,4,4,2,1,1,purchase_occasion_count,5.0,5.0,3.3623428235961432,log1p_then_standardize,<=,x[10] > -1.9030283189744133 AND x[1] <= 3.3623428235961432 AND x[7] <= -0.037588865930170627 AND x[9] > 0.72770045027717445,4,57,exkmc_0.0.3
rich,20260803,4,10,4,4,2,2,7,activity_span_days,1.681125775462963,1.681125775462963,-0.03758886593017063,log1p_then_standardize,<=,x[10] > -1.9030283189744133 AND x[1] <= 3.3623428235961432 AND x[7] <= -0.037588865930170627 AND x[9] > 0.72770045027717445,4,57,exkmc_0.0.3
rich,20260803,4,10,4,4,2,3,9,session_count_30m,3.9999999999999996,3.9999999999999996,0.7277004502771744,log1p_then_standardize,>,x[10] > -1.9030283189744133 AND x[1] <= 3.3623428235961432 AND x[7] <= -0.037588865930170627 AND x[9] > 0.72770045027717445,4,57,exkmc_0.0.3
rich,20260803,4,10,5,5,2,0,10,distinct_top_categories,0.0,0.0,-1.9030283189744133,log1p_then_standardize,>,x[10] > -1.9030283189744133 AND x[1] <= 3.3623428235961432 AND x[7] > -0.037588865930170627 AND x[10] <= 4.3506741517115595 AND x[6] <= 2.4708503816658296,5,2968,exkmc_0.0.3
rich,20260803,4,10,5,5,2,1,1,purchase_occasion_count,5.0,5.0,3.3623428235961432,log1p_then_standardize,<=,x[10] > -1.9030283189744133 AND x[1] <= 3.3623428235961432 AND x[7] > -0.037588865930170627 AND x[10] <= 4.3506741517115595 AND x[6] <= 2.4708503816658296,5,2968,exkmc_0.0.3
rich,20260803,4,10,5,5,2,2,7,activity_span_days,1.681125775462963,1.681125775462963,-0.03758886593017063,log1p_then_standardize,>,x[10] > -1.9030283189744133 AND x[1] <= 3.3623428235961432 AND x[7] > -0.037588865930170627 AND x[10] <= 4.3506741517115595 AND x[6] <= 2.4708503816658296,5,2968,exkmc_0.0.3
rich,20260803,4,10,5,5,2,3,10,distinct_top_categories,11.0,11.0,4.3506741517115595,log1p_then_standardize,<=,x[10] > -1.9030283189744133 AND x[1] <= 3.3623428235961432 AND x[7] > -0.037588865930170627 AND x[10] <= 4.3506741517115595 AND x[6] <= 2.4708503816658296,5,2968,exkmc_0.0.3
rich,20260803,4,10,5,5,2,4,6,transaction_per_view,1.3999999999999997,1.3999999999999997,2.4708503816658296,standardize,<=,x[10] > -1.9030283189744133 AND x[1] <= 3.3623428235961432 AND x[7] > -0.037588865930170627 AND x[10] <= 4.3506741517115595 AND x[6] <= 2.4708503816658296,5,2968,exkmc_0.0.3
rich,20260803,4,10,6,6,0,0,10,distinct_top_categories,0.0,0.0,-1.9030283189744133,log1p_then_standardize,>,x[10] > -1.9030283189744133 AND x[1] <= 3.3623428235961432 AND x[7] > -0.037588865930170627 AND x[10] <= 4.3506741517115595 AND x[6] > 2.4708503816658296,5,13,exkmc_0.0.3
rich,20260803,4,10,6,6,0,1,1,purchase_occasion_count,5.0,5.0,3.3623428235961432,log1p_then_standardize,<=,x[10] > -1.9030283189744133 AND x[1] <= 3.3623428235961432 AND x[7] > -0.037588865930170627 AND x[10] <= 4.3506741517115595 AND x[6] > 2.4708503816658296,5,13,exkmc_0.0.3
rich,20260803,4,10,6,6,0,2,7,activity_span_days,1.681125775462963,1.681125775462963,-0.03758886593017063,log1p_then_standardize,>,x[10] > -1.9030283189744133 AND x[1] <= 3.3623428235961432 AND x[7] > -0.037588865930170627 AND x[10] <= 4.3506741517115595 AND x[6] > 2.4708503816658296,5,13,exkmc_0.0.3
rich,20260803,4,10,6,6,0,3,10,distinct_top_categories,11.0,11.0,4.3506741517115595,log1p_then_standardize,<=,x[10] > -1.9030283189744133 AND x[1] <= 3.3623428235961432 AND x[7] > -0.037588865930170627 AND x[10] <= 4.3506741517115595 AND x[6] > 2.4708503816658296,5,13,exkmc_0.0.3
rich,20260803,4,10,6,6,0,4,6,transaction_per_view,1.3999999999999997,1.3999999999999997,2.4708503816658296,standardize,>,x[10] > -1.9030283189744133 AND x[1] <= 3.3623428235961432 AND x[7] > -0.037588865930170627 AND x[10] <= 4.3506741517115595 AND x[6] > 2.4708503816658296,5,13,exkmc_0.0.3
rich,20260803,4,10,7,7,1,0,10,distinct_top_categories,0.0,0.0,-1.9030283189744133,log1p_then_standardize,>,x[10] > -1.9030283189744133 AND x[1] <= 3.3623428235961432 AND x[7] > -0.037588865930170627 AND x[10] > 4.3506741517115595,4,8,exkmc_0.0.3
rich,20260803,4,10,7,7,1,1,1,purchase_occasion_count,5.0,5.0,3.3623428235961432,log1p_then_standardize,<=,x[10] > -1.9030283189744133 AND x[1] <= 3.3623428235961432 AND x[7] > -0.037588865930170627 AND x[10] > 4.3506741517115595,4,8,exkmc_0.0.3
rich,20260803,4,10,7,7,1,2,7,activity_span_days,1.681125775462963,1.681125775462963,-0.03758886593017063,log1p_then_standardize,>,x[10] > -1.9030283189744133 AND x[1] <= 3.3623428235961432 AND x[7] > -0.037588865930170627 AND x[10] > 4.3506741517115595,4,8,exkmc_0.0.3
rich,20260803,4,10,7,7,1,3,10,distinct_top_categories,11.0,11.0,4.3506741517115595,log1p_then_standardize,>,x[10] > -1.9030283189744133 AND x[1] <= 3.3623428235961432 AND x[7] > -0.037588865930170627 AND x[10] > 4.3506741517115595,4,8,exkmc_0.0.3
rich,20260803,4,10,8,8,2,0,10,distinct_top_categories,0.0,0.0,-1.9030283189744133,log1p_then_standardize,>,x[10] > -1.9030283189744133 AND x[1] > 3.3623428235961432 AND x[3] <= 1.7218313732901287,3,4,exkmc_0.0.3
rich,20260803,4,10,8,8,2,1,1,purchase_occasion_count,5.0,5.0,3.3623428235961432,log1p_then_standardize,>,x[10] > -1.9030283189744133 AND x[1] > 3.3623428235961432 AND x[3] <= 1.7218313732901287,3,4,exkmc_0.0.3
rich,20260803,4,10,8,8,2,2,3,total_events,39.0,39.0,1.7218313732901287,log1p_then_standardize,<=,x[10] > -1.9030283189744133 AND x[1] > 3.3623428235961432 AND x[3] <= 1.7218313732901287,3,4,exkmc_0.0.3
rich,20260803,4,10,9,9,1,0,10,distinct_top_categories,0.0,0.0,-1.9030283189744133,log1p_then_standardize,>,x[10] > -1.9030283189744133 AND x[1] > 3.3623428235961432 AND x[3] > 1.7218313732901287,3,94,exkmc_0.0.3
rich,20260803,4,10,9,9,1,1,1,purchase_occasion_count,5.0,5.0,3.3623428235961432,log1p_then_standardize,>,x[10] > -1.9030283189744133 AND x[1] > 3.3623428235961432 AND x[3] > 1.7218313732901287,3,94,exkmc_0.0.3
rich,20260803,4,10,9,9,1,2,3,total_events,39.0,39.0,1.7218313732901287,log1p_then_standardize,>,x[10] > -1.9030283189744133 AND x[1] > 3.3623428235961432 AND x[3] > 1.7218313732901287,3,94,exkmc_0.0.3
rich,20260803,4,11,0,0,3,0,10,distinct_top_categories,0.0,0.0,-1.9030283189744133,log1p_then_standardize,<=,x[10] <= -1.9030283189744133 AND x[4] <= 1.5907869577542437,2,914,exkmc_0.0.3
rich,20260803,4,11,0,0,3,1,4,active_days,5.0,5.0,1.5907869577542437,log1p_then_standardize,<=,x[10] <= -1.9030283189744133 AND x[4] <= 1.5907869577542437,2,914,exkmc_0.0.3
rich,20260803,4,11,1,1,2,0,10,distinct_top_categories,0.0,0.0,-1.9030283189744133,log1p_then_standardize,<=,x[10] <= -1.9030283189744133 AND x[4] > 1.5907869577542437,2,3,exkmc_0.0.3
rich,20260803,4,11,1,1,2,1,4,active_days,5.0,5.0,1.5907869577542437,log1p_then_standardize,>,x[10] <= -1.9030283189744133 AND x[4] > 1.5907869577542437,2,3,exkmc_0.0.3
rich,20260803,4,11,2,2,0,0,10,distinct_top_categories,0.0,0.0,-1.9030283189744133,log1p_then_standardize,>,x[10] > -1.9030283189744133 AND x[1] <= 3.3623428235961432 AND x[7] <= -0.037588865930170627 AND x[9] <= 0.72770045027717445 AND x[3] <= 2.3420876841428142 AND x[4] <= 0.17314624180306931,6,5278,exkmc_0.0.3
rich,20260803,4,11,2,2,0,1,1,purchase_occasion_count,5.0,5.0,3.3623428235961432,log1p_then_standardize,<=,x[10] > -1.9030283189744133 AND x[1] <= 3.3623428235961432 AND x[7] <= -0.037588865930170627 AND x[9] <= 0.72770045027717445 AND x[3] <= 2.3420876841428142 AND x[4] <= 0.17314624180306931,6,5278,exkmc_0.0.3
rich,20260803,4,11,2,2,0,2,7,activity_span_days,1.681125775462963,1.681125775462963,-0.03758886593017063,log1p_then_standardize,<=,x[10] > -1.9030283189744133 AND x[1] <= 3.3623428235961432 AND x[7] <= -0.037588865930170627 AND x[9] <= 0.72770045027717445 AND x[3] <= 2.3420876841428142 AND x[4] <= 0.17314624180306931,6,5278,exkmc_0.0.3
rich,20260803,4,11,2,2,0,3,9,session_count_30m,3.9999999999999996,3.9999999999999996,0.7277004502771744,log1p_then_standardize,<=,x[10] > -1.9030283189744133 AND x[1] <= 3.3623428235961432 AND x[7] <= -0.037588865930170627 AND x[9] <= 0.72770045027717445 AND x[3] <= 2.3420876841428142 AND x[4] <= 0.17314624180306931,6,5278,exkmc_0.0.3
rich,20260803,4,11,2,2,0,4,3,total_events,68.00000000000001,68.00000000000001,2.342087684142814,log1p_then_standardize,<=,x[10] > -1.9030283189744133 AND x[1] <= 3.3623428235961432 AND x[7] <= -0.037588865930170627 AND x[9] <= 0.72770045027717445 AND x[3] <= 2.3420876841428142 AND x[4] <= 0.17314624180306931,6,5278,exkmc_0.0.3
rich,20260803,4,11,2,2,0,5,4,active_days,2.0000000000000004,2.0000000000000004,0.1731462418030693,log1p_then_standardize,<=,x[10] > -1.9030283189744133 AND x[1] <= 3.3623428235961432 AND x[7] <= -0.037588865930170627 AND x[9] <= 0.72770045027717445 AND x[3] <= 2.3420876841428142 AND x[4] <= 0.17314624180306931,6,5278,exkmc_0.0.3
rich,20260803,4,11,3,3,2,0,10,distinct_top_categories,0.0,0.0,-1.9030283189744133,log1p_then_standardize,>,x[10] > -1.9030283189744133 AND x[1] <= 3.3623428235961432 AND x[7] <= -0.037588865930170627 AND x[9] <= 0.72770045027717445 AND x[3] <= 2.3420876841428142 AND x[4] > 0.17314624180306931,6,23,exkmc_0.0.3
rich,20260803,4,11,3,3,2,1,1,purchase_occasion_count,5.0,5.0,3.3623428235961432,log1p_then_standardize,<=,x[10] > -1.9030283189744133 AND x[1] <= 3.3623428235961432 AND x[7] <= -0.037588865930170627 AND x[9] <= 0.72770045027717445 AND x[3] <= 2.3420876841428142 AND x[4] > 0.17314624180306931,6,23,exkmc_0.0.3
rich,20260803,4,11,3,3,2,2,7,activity_span_days,1.681125775462963,1.681125775462963,-0.03758886593017063,log1p_then_standardize,<=,x[10] > -1.9030283189744133 AND x[1] <= 3.3623428235961432 AND x[7] <= -0.037588865930170627 AND x[9] <= 0.72770045027717445 AND x[3] <= 2.3420876841428142 AND x[4] > 0.17314624180306931,6,23,exkmc_0.0.3
rich,20260803,4,11,3,3,2,3,9,session_count_30m,3.9999999999999996,3.9999999999999996,0.7277004502771744,log1p_then_standardize,<=,x[10] > -1.9030283189744133 AND x[1] <= 3.3623428235961432 AND x[7] <= -0.037588865930170627 AND x[9] <= 0.72770045027717445 AND x[3] <= 2.3420876841428142 AND x[4] > 0.17314624180306931,6,23,exkmc_0.0.3
rich,20260803,4,11,3,3,2,4,3,total_events,68.00000000000001,68.00000000000001,2.342087684142814,log1p_then_standardize,<=,x[10] > -1.9030283189744133 AND x[1] <= 3.3623428235961432 AND x[7] <= -0.037588865930170627 AND x[9] <= 0.72770045027717445 AND x[3] <= 2.3420876841428142 AND x[4] > 0.17314624180306931,6,23,exkmc_0.0.3
rich,20260803,4,11,3,3,2,5,4,active_days,2.0000000000000004,2.0000000000000004,0.1731462418030693,log1p_then_standardize,>,x[10] > -1.9030283189744133 AND x[1] <= 3.3623428235961432 AND x[7] <= -0.037588865930170627 AND x[9] <= 0.72770045027717445 AND x[3] <= 2.3420876841428142 AND x[4] > 0.17314624180306931,6,23,exkmc_0.0.3
rich,20260803,4,11,4,4,2,0,10,distinct_top_categories,0.0,0.0,-1.9030283189744133,log1p_then_standardize,>,x[10] > -1.9030283189744133 AND x[1] <= 3.3623428235961432 AND x[7] <= -0.037588865930170627 AND x[9] <= 0.72770045027717445 AND x[3] > 2.3420876841428142,5,13,exkmc_0.0.3
rich,20260803,4,11,4,4,2,1,1,purchase_occasion_count,5.0,5.0,3.3623428235961432,log1p_then_standardize,<=,x[10] > -1.9030283189744133 AND x[1] <= 3.3623428235961432 AND x[7] <= -0.037588865930170627 AND x[9] <= 0.72770045027717445 AND x[3] > 2.3420876841428142,5,13,exkmc_0.0.3
rich,20260803,4,11,4,4,2,2,7,activity_span_days,1.681125775462963,1.681125775462963,-0.03758886593017063,log1p_then_standardize,<=,x[10] > -1.9030283189744133 AND x[1] <= 3.3623428235961432 AND x[7] <= -0.037588865930170627 AND x[9] <= 0.72770045027717445 AND x[3] > 2.3420876841428142,5,13,exkmc_0.0.3
rich,20260803,4,11,4,4,2,3,9,session_count_30m,3.9999999999999996,3.9999999999999996,0.7277004502771744,log1p_then_standardize,<=,x[10] > -1.9030283189744133 AND x[1] <= 3.3623428235961432 AND x[7] <= -0.037588865930170627 AND x[9] <= 0.72770045027717445 AND x[3] > 2.3420876841428142,5,13,exkmc_0.0.3
rich,20260803,4,11,4,4,2,4,3,total_events,68.00000000000001,68.00000000000001,2.342087684142814,log1p_then_standardize,>,x[10] > -1.9030283189744133 AND x[1] <= 3.3623428235961432 AND x[7] <= -0.037588865930170627 AND x[9] <= 0.72770045027717445 AND x[3] > 2.3420876841428142,5,13,exkmc_0.0.3
rich,20260803,4,11,5,5,2,0,10,distinct_top_categories,0.0,0.0,-1.9030283189744133,log1p_then_standardize,>,x[10] > -1.9030283189744133 AND x[1] <= 3.3623428235961432 AND x[7] <= -0.037588865930170627 AND x[9] > 0.72770045027717445,4,57,exkmc_0.0.3
rich,20260803,4,11,5,5,2,1,1,purchase_occasion_count,5.0,5.0,3.3623428235961432,log1p_then_standardize,<=,x[10] > -1.9030283189744133 AND x[1] <= 3.3623428235961432 AND x[7] <= -0.037588865930170627 AND x[9] > 0.72770045027717445,4,57,exkmc_0.0.3
rich,20260803,4,11,5,5,2,2,7,activity_span_days,1.681125775462963,1.681125775462963,-0.03758886593017063,log1p_then_standardize,<=,x[10] > -1.9030283189744133 AND x[1] <= 3.3623428235961432 AND x[7] <= -0.037588865930170627 AND x[9] > 0.72770045027717445,4,57,exkmc_0.0.3
rich,20260803,4,11,5,5,2,3,9,session_count_30m,3.9999999999999996,3.9999999999999996,0.7277004502771744,log1p_then_standardize,>,x[10] > -1.9030283189744133 AND x[1] <= 3.3623428235961432 AND x[7] <= -0.037588865930170627 AND x[9] > 0.72770045027717445,4,57,exkmc_0.0.3
rich,20260803,4,11,6,6,2,0,10,distinct_top_categories,0.0,0.0,-1.9030283189744133,log1p_then_standardize,>,x[10] > -1.9030283189744133 AND x[1] <= 3.3623428235961432 AND x[7] > -0.037588865930170627 AND x[10] <= 4.3506741517115595 AND x[6] <= 2.4708503816658296,5,2968,exkmc_0.0.3
rich,20260803,4,11,6,6,2,1,1,purchase_occasion_count,5.0,5.0,3.3623428235961432,log1p_then_standardize,<=,x[10] > -1.9030283189744133 AND x[1] <= 3.3623428235961432 AND x[7] > -0.037588865930170627 AND x[10] <= 4.3506741517115595 AND x[6] <= 2.4708503816658296,5,2968,exkmc_0.0.3
rich,20260803,4,11,6,6,2,2,7,activity_span_days,1.681125775462963,1.681125775462963,-0.03758886593017063,log1p_then_standardize,>,x[10] > -1.9030283189744133 AND x[1] <= 3.3623428235961432 AND x[7] > -0.037588865930170627 AND x[10] <= 4.3506741517115595 AND x[6] <= 2.4708503816658296,5,2968,exkmc_0.0.3
rich,20260803,4,11,6,6,2,3,10,distinct_top_categories,11.0,11.0,4.3506741517115595,log1p_then_standardize,<=,x[10] > -1.9030283189744133 AND x[1] <= 3.3623428235961432 AND x[7] > -0.037588865930170627 AND x[10] <= 4.3506741517115595 AND x[6] <= 2.4708503816658296,5,2968,exkmc_0.0.3
rich,20260803,4,11,6,6,2,4,6,transaction_per_view,1.3999999999999997,1.3999999999999997,2.4708503816658296,standardize,<=,x[10] > -1.9030283189744133 AND x[1] <= 3.3623428235961432 AND x[7] > -0.037588865930170627 AND x[10] <= 4.3506741517115595 AND x[6] <= 2.4708503816658296,5,2968,exkmc_0.0.3
rich,20260803,4,11,7,7,0,0,10,distinct_top_categories,0.0,0.0,-1.9030283189744133,log1p_then_standardize,>,x[10] > -1.9030283189744133 AND x[1] <= 3.3623428235961432 AND x[7] > -0.037588865930170627 AND x[10] <= 4.3506741517115595 AND x[6] > 2.4708503816658296,5,13,exkmc_0.0.3
rich,20260803,4,11,7,7,0,1,1,purchase_occasion_count,5.0,5.0,3.3623428235961432,log1p_then_standardize,<=,x[10] > -1.9030283189744133 AND x[1] <= 3.3623428235961432 AND x[7] > -0.037588865930170627 AND x[10] <= 4.3506741517115595 AND x[6] > 2.4708503816658296,5,13,exkmc_0.0.3
rich,20260803,4,11,7,7,0,2,7,activity_span_days,1.681125775462963,1.681125775462963,-0.03758886593017063,log1p_then_standardize,>,x[10] > -1.9030283189744133 AND x[1] <= 3.3623428235961432 AND x[7] > -0.037588865930170627 AND x[10] <= 4.3506741517115595 AND x[6] > 2.4708503816658296,5,13,exkmc_0.0.3
rich,20260803,4,11,7,7,0,3,10,distinct_top_categories,11.0,11.0,4.3506741517115595,log1p_then_standardize,<=,x[10] > -1.9030283189744133 AND x[1] <= 3.3623428235961432 AND x[7] > -0.037588865930170627 AND x[10] <= 4.3506741517115595 AND x[6] > 2.4708503816658296,5,13,exkmc_0.0.3
rich,20260803,4,11,7,7,0,4,6,transaction_per_view,1.3999999999999997,1.3999999999999997,2.4708503816658296,standardize,>,x[10] > -1.9030283189744133 AND x[1] <= 3.3623428235961432 AND x[7] > -0.037588865930170627 AND x[10] <= 4.3506741517115595 AND x[6] > 2.4708503816658296,5,13,exkmc_0.0.3
rich,20260803,4,11,8,8,1,0,10,distinct_top_categories,0.0,0.0,-1.9030283189744133,log1p_then_standardize,>,x[10] > -1.9030283189744133 AND x[1] <= 3.3623428235961432 AND x[7] > -0.037588865930170627 AND x[10] > 4.3506741517115595,4,8,exkmc_0.0.3
rich,20260803,4,11,8,8,1,1,1,purchase_occasion_count,5.0,5.0,3.3623428235961432,log1p_then_standardize,<=,x[10] > -1.9030283189744133 AND x[1] <= 3.3623428235961432 AND x[7] > -0.037588865930170627 AND x[10] > 4.3506741517115595,4,8,exkmc_0.0.3
rich,20260803,4,11,8,8,1,2,7,activity_span_days,1.681125775462963,1.681125775462963,-0.03758886593017063,log1p_then_standardize,>,x[10] > -1.9030283189744133 AND x[1] <= 3.3623428235961432 AND x[7] > -0.037588865930170627 AND x[10] > 4.3506741517115595,4,8,exkmc_0.0.3
rich,20260803,4,11,8,8,1,3,10,distinct_top_categories,11.0,11.0,4.3506741517115595,log1p_then_standardize,>,x[10] > -1.9030283189744133 AND x[1] <= 3.3623428235961432 AND x[7] > -0.037588865930170627 AND x[10] > 4.3506741517115595,4,8,exkmc_0.0.3
rich,20260803,4,11,9,9,2,0,10,distinct_top_categories,0.0,0.0,-1.9030283189744133,log1p_then_standardize,>,x[10] > -1.9030283189744133 AND x[1] > 3.3623428235961432 AND x[3] <= 1.7218313732901287,3,4,exkmc_0.0.3
rich,20260803,4,11,9,9,2,1,1,purchase_occasion_count,5.0,5.0,3.3623428235961432,log1p_then_standardize,>,x[10] > -1.9030283189744133 AND x[1] > 3.3623428235961432 AND x[3] <= 1.7218313732901287,3,4,exkmc_0.0.3
rich,20260803,4,11,9,9,2,2,3,total_events,39.0,39.0,1.7218313732901287,log1p_then_standardize,<=,x[10] > -1.9030283189744133 AND x[1] > 3.3623428235961432 AND x[3] <= 1.7218313732901287,3,4,exkmc_0.0.3
rich,20260803,4,11,10,10,1,0,10,distinct_top_categories,0.0,0.0,-1.9030283189744133,log1p_then_standardize,>,x[10] > -1.9030283189744133 AND x[1] > 3.3623428235961432 AND x[3] > 1.7218313732901287,3,94,exkmc_0.0.3
rich,20260803,4,11,10,10,1,1,1,purchase_occasion_count,5.0,5.0,3.3623428235961432,log1p_then_standardize,>,x[10] > -1.9030283189744133 AND x[1] > 3.3623428235961432 AND x[3] > 1.7218313732901287,3,94,exkmc_0.0.3
rich,20260803,4,11,10,10,1,2,3,total_events,39.0,39.0,1.7218313732901287,log1p_then_standardize,>,x[10] > -1.9030283189744133 AND x[1] > 3.3623428235961432 AND x[3] > 1.7218313732901287,3,94,exkmc_0.0.3
rich,20260803,4,12,0,0,3,0,10,distinct_top_categories,0.0,0.0,-1.9030283189744133,log1p_then_standardize,<=,x[10] <= -1.9030283189744133 AND x[4] <= 1.5907869577542437,2,914,exkmc_0.0.3
rich,20260803,4,12,0,0,3,1,4,active_days,5.0,5.0,1.5907869577542437,log1p_then_standardize,<=,x[10] <= -1.9030283189744133 AND x[4] <= 1.5907869577542437,2,914,exkmc_0.0.3
rich,20260803,4,12,1,1,2,0,10,distinct_top_categories,0.0,0.0,-1.9030283189744133,log1p_then_standardize,<=,x[10] <= -1.9030283189744133 AND x[4] > 1.5907869577542437,2,3,exkmc_0.0.3
rich,20260803,4,12,1,1,2,1,4,active_days,5.0,5.0,1.5907869577542437,log1p_then_standardize,>,x[10] <= -1.9030283189744133 AND x[4] > 1.5907869577542437,2,3,exkmc_0.0.3
rich,20260803,4,12,2,2,0,0,10,distinct_top_categories,0.0,0.0,-1.9030283189744133,log1p_then_standardize,>,x[10] > -1.9030283189744133 AND x[1] <= 3.3623428235961432 AND x[7] <= -0.037588865930170627 AND x[9] <= 0.72770045027717445 AND x[3] <= 2.3420876841428142 AND x[4] <= 0.17314624180306931,6,5278,exkmc_0.0.3
rich,20260803,4,12,2,2,0,1,1,purchase_occasion_count,5.0,5.0,3.3623428235961432,log1p_then_standardize,<=,x[10] > -1.9030283189744133 AND x[1] <= 3.3623428235961432 AND x[7] <= -0.037588865930170627 AND x[9] <= 0.72770045027717445 AND x[3] <= 2.3420876841428142 AND x[4] <= 0.17314624180306931,6,5278,exkmc_0.0.3
rich,20260803,4,12,2,2,0,2,7,activity_span_days,1.681125775462963,1.681125775462963,-0.03758886593017063,log1p_then_standardize,<=,x[10] > -1.9030283189744133 AND x[1] <= 3.3623428235961432 AND x[7] <= -0.037588865930170627 AND x[9] <= 0.72770045027717445 AND x[3] <= 2.3420876841428142 AND x[4] <= 0.17314624180306931,6,5278,exkmc_0.0.3
rich,20260803,4,12,2,2,0,3,9,session_count_30m,3.9999999999999996,3.9999999999999996,0.7277004502771744,log1p_then_standardize,<=,x[10] > -1.9030283189744133 AND x[1] <= 3.3623428235961432 AND x[7] <= -0.037588865930170627 AND x[9] <= 0.72770045027717445 AND x[3] <= 2.3420876841428142 AND x[4] <= 0.17314624180306931,6,5278,exkmc_0.0.3
rich,20260803,4,12,2,2,0,4,3,total_events,68.00000000000001,68.00000000000001,2.342087684142814,log1p_then_standardize,<=,x[10] > -1.9030283189744133 AND x[1] <= 3.3623428235961432 AND x[7] <= -0.037588865930170627 AND x[9] <= 0.72770045027717445 AND x[3] <= 2.3420876841428142 AND x[4] <= 0.17314624180306931,6,5278,exkmc_0.0.3
rich,20260803,4,12,2,2,0,5,4,active_days,2.0000000000000004,2.0000000000000004,0.1731462418030693,log1p_then_standardize,<=,x[10] > -1.9030283189744133 AND x[1] <= 3.3623428235961432 AND x[7] <= -0.037588865930170627 AND x[9] <= 0.72770045027717445 AND x[3] <= 2.3420876841428142 AND x[4] <= 0.17314624180306931,6,5278,exkmc_0.0.3
rich,20260803,4,12,3,3,2,0,10,distinct_top_categories,0.0,0.0,-1.9030283189744133,log1p_then_standardize,>,x[10] > -1.9030283189744133 AND x[1] <= 3.3623428235961432 AND x[7] <= -0.037588865930170627 AND x[9] <= 0.72770045027717445 AND x[3] <= 2.3420876841428142 AND x[4] > 0.17314624180306931,6,23,exkmc_0.0.3
rich,20260803,4,12,3,3,2,1,1,purchase_occasion_count,5.0,5.0,3.3623428235961432,log1p_then_standardize,<=,x[10] > -1.9030283189744133 AND x[1] <= 3.3623428235961432 AND x[7] <= -0.037588865930170627 AND x[9] <= 0.72770045027717445 AND x[3] <= 2.3420876841428142 AND x[4] > 0.17314624180306931,6,23,exkmc_0.0.3
rich,20260803,4,12,3,3,2,2,7,activity_span_days,1.681125775462963,1.681125775462963,-0.03758886593017063,log1p_then_standardize,<=,x[10] > -1.9030283189744133 AND x[1] <= 3.3623428235961432 AND x[7] <= -0.037588865930170627 AND x[9] <= 0.72770045027717445 AND x[3] <= 2.3420876841428142 AND x[4] > 0.17314624180306931,6,23,exkmc_0.0.3
rich,20260803,4,12,3,3,2,3,9,session_count_30m,3.9999999999999996,3.9999999999999996,0.7277004502771744,log1p_then_standardize,<=,x[10] > -1.9030283189744133 AND x[1] <= 3.3623428235961432 AND x[7] <= -0.037588865930170627 AND x[9] <= 0.72770045027717445 AND x[3] <= 2.3420876841428142 AND x[4] > 0.17314624180306931,6,23,exkmc_0.0.3
rich,20260803,4,12,3,3,2,4,3,total_events,68.00000000000001,68.00000000000001,2.342087684142814,log1p_then_standardize,<=,x[10] > -1.9030283189744133 AND x[1] <= 3.3623428235961432 AND x[7] <= -0.037588865930170627 AND x[9] <= 0.72770045027717445 AND x[3] <= 2.3420876841428142 AND x[4] > 0.17314624180306931,6,23,exkmc_0.0.3
rich,20260803,4,12,3,3,2,5,4,active_days,2.0000000000000004,2.0000000000000004,0.1731462418030693,log1p_then_standardize,>,x[10] > -1.9030283189744133 AND x[1] <= 3.3623428235961432 AND x[7] <= -0.037588865930170627 AND x[9] <= 0.72770045027717445 AND x[3] <= 2.3420876841428142 AND x[4] > 0.17314624180306931,6,23,exkmc_0.0.3
rich,20260803,4,12,4,4,2,0,10,distinct_top_categories,0.0,0.0,-1.9030283189744133,log1p_then_standardize,>,x[10] > -1.9030283189744133 AND x[1] <= 3.3623428235961432 AND x[7] <= -0.037588865930170627 AND x[9] <= 0.72770045027717445 AND x[3] > 2.3420876841428142,5,13,exkmc_0.0.3
rich,20260803,4,12,4,4,2,1,1,purchase_occasion_count,5.0,5.0,3.3623428235961432,log1p_then_standardize,<=,x[10] > -1.9030283189744133 AND x[1] <= 3.3623428235961432 AND x[7] <= -0.037588865930170627 AND x[9] <= 0.72770045027717445 AND x[3] > 2.3420876841428142,5,13,exkmc_0.0.3
rich,20260803,4,12,4,4,2,2,7,activity_span_days,1.681125775462963,1.681125775462963,-0.03758886593017063,log1p_then_standardize,<=,x[10] > -1.9030283189744133 AND x[1] <= 3.3623428235961432 AND x[7] <= -0.037588865930170627 AND x[9] <= 0.72770045027717445 AND x[3] > 2.3420876841428142,5,13,exkmc_0.0.3
rich,20260803,4,12,4,4,2,3,9,session_count_30m,3.9999999999999996,3.9999999999999996,0.7277004502771744,log1p_then_standardize,<=,x[10] > -1.9030283189744133 AND x[1] <= 3.3623428235961432 AND x[7] <= -0.037588865930170627 AND x[9] <= 0.72770045027717445 AND x[3] > 2.3420876841428142,5,13,exkmc_0.0.3
rich,20260803,4,12,4,4,2,4,3,total_events,68.00000000000001,68.00000000000001,2.342087684142814,log1p_then_standardize,>,x[10] > -1.9030283189744133 AND x[1] <= 3.3623428235961432 AND x[7] <= -0.037588865930170627 AND x[9] <= 0.72770045027717445 AND x[3] > 2.3420876841428142,5,13,exkmc_0.0.3
rich,20260803,4,12,5,5,0,0,10,distinct_top_categories,0.0,0.0,-1.9030283189744133,log1p_then_standardize,>,x[10] > -1.9030283189744133 AND x[1] <= 3.3623428235961432 AND x[7] <= -0.037588865930170627 AND x[9] > 0.72770045027717445 AND x[4] <= -0.65612041652386022,5,9,exkmc_0.0.3
rich,20260803,4,12,5,5,0,1,1,purchase_occasion_count,5.0,5.0,3.3623428235961432,log1p_then_standardize,<=,x[10] > -1.9030283189744133 AND x[1] <= 3.3623428235961432 AND x[7] <= -0.037588865930170627 AND x[9] > 0.72770045027717445 AND x[4] <= -0.65612041652386022,5,9,exkmc_0.0.3
rich,20260803,4,12,5,5,0,2,7,activity_span_days,1.681125775462963,1.681125775462963,-0.03758886593017063,log1p_then_standardize,<=,x[10] > -1.9030283189744133 AND x[1] <= 3.3623428235961432 AND x[7] <= -0.037588865930170627 AND x[9] > 0.72770045027717445 AND x[4] <= -0.65612041652386022,5,9,exkmc_0.0.3
rich,20260803,4,12,5,5,0,3,9,session_count_30m,3.9999999999999996,3.9999999999999996,0.7277004502771744,log1p_then_standardize,>,x[10] > -1.9030283189744133 AND x[1] <= 3.3623428235961432 AND x[7] <= -0.037588865930170627 AND x[9] > 0.72770045027717445 AND x[4] <= -0.65612041652386022,5,9,exkmc_0.0.3
rich,20260803,4,12,5,5,0,4,4,active_days,1.0,1.0,-0.6561204165238602,log1p_then_standardize,<=,x[10] > -1.9030283189744133 AND x[1] <= 3.3623428235961432 AND x[7] <= -0.037588865930170627 AND x[9] > 0.72770045027717445 AND x[4] <= -0.65612041652386022,5,9,exkmc_0.0.3
rich,20260803,4,12,6,6,2,0,10,distinct_top_categories,0.0,0.0,-1.9030283189744133,log1p_then_standardize,>,x[10] > -1.9030283189744133 AND x[1] <= 3.3623428235961432 AND x[7] <= -0.037588865930170627 AND x[9] > 0.72770045027717445 AND x[4] > -0.65612041652386022,5,48,exkmc_0.0.3
rich,20260803,4,12,6,6,2,1,1,purchase_occasion_count,5.0,5.0,3.3623428235961432,log1p_then_standardize,<=,x[10] > -1.9030283189744133 AND x[1] <= 3.3623428235961432 AND x[7] <= -0.037588865930170627 AND x[9] > 0.72770045027717445 AND x[4] > -0.65612041652386022,5,48,exkmc_0.0.3
rich,20260803,4,12,6,6,2,2,7,activity_span_days,1.681125775462963,1.681125775462963,-0.03758886593017063,log1p_then_standardize,<=,x[10] > -1.9030283189744133 AND x[1] <= 3.3623428235961432 AND x[7] <= -0.037588865930170627 AND x[9] > 0.72770045027717445 AND x[4] > -0.65612041652386022,5,48,exkmc_0.0.3
rich,20260803,4,12,6,6,2,3,9,session_count_30m,3.9999999999999996,3.9999999999999996,0.7277004502771744,log1p_then_standardize,>,x[10] > -1.9030283189744133 AND x[1] <= 3.3623428235961432 AND x[7] <= -0.037588865930170627 AND x[9] > 0.72770045027717445 AND x[4] > -0.65612041652386022,5,48,exkmc_0.0.3
rich,20260803,4,12,6,6,2,4,4,active_days,1.0,1.0,-0.6561204165238602,log1p_then_standardize,>,x[10] > -1.9030283189744133 AND x[1] <= 3.3623428235961432 AND x[7] <= -0.037588865930170627 AND x[9] > 0.72770045027717445 AND x[4] > -0.65612041652386022,5,48,exkmc_0.0.3
rich,20260803,4,12,7,7,2,0,10,distinct_top_categories,0.0,0.0,-1.9030283189744133,log1p_then_standardize,>,x[10] > -1.9030283189744133 AND x[1] <= 3.3623428235961432 AND x[7] > -0.037588865930170627 AND x[10] <= 4.3506741517115595 AND x[6] <= 2.4708503816658296,5,2968,exkmc_0.0.3
rich,20260803,4,12,7,7,2,1,1,purchase_occasion_count,5.0,5.0,3.3623428235961432,log1p_then_standardize,<=,x[10] > -1.9030283189744133 AND x[1] <= 3.3623428235961432 AND x[7] > -0.037588865930170627 AND x[10] <= 4.3506741517115595 AND x[6] <= 2.4708503816658296,5,2968,exkmc_0.0.3
rich,20260803,4,12,7,7,2,2,7,activity_span_days,1.681125775462963,1.681125775462963,-0.03758886593017063,log1p_then_standardize,>,x[10] > -1.9030283189744133 AND x[1] <= 3.3623428235961432 AND x[7] > -0.037588865930170627 AND x[10] <= 4.3506741517115595 AND x[6] <= 2.4708503816658296,5,2968,exkmc_0.0.3
rich,20260803,4,12,7,7,2,3,10,distinct_top_categories,11.0,11.0,4.3506741517115595,log1p_then_standardize,<=,x[10] > -1.9030283189744133 AND x[1] <= 3.3623428235961432 AND x[7] > -0.037588865930170627 AND x[10] <= 4.3506741517115595 AND x[6] <= 2.4708503816658296,5,2968,exkmc_0.0.3
rich,20260803,4,12,7,7,2,4,6,transaction_per_view,1.3999999999999997,1.3999999999999997,2.4708503816658296,standardize,<=,x[10] > -1.9030283189744133 AND x[1] <= 3.3623428235961432 AND x[7] > -0.037588865930170627 AND x[10] <= 4.3506741517115595 AND x[6] <= 2.4708503816658296,5,2968,exkmc_0.0.3
rich,20260803,4,12,8,8,0,0,10,distinct_top_categories,0.0,0.0,-1.9030283189744133,log1p_then_standardize,>,x[10] > -1.9030283189744133 AND x[1] <= 3.3623428235961432 AND x[7] > -0.037588865930170627 AND x[10] <= 4.3506741517115595 AND x[6] > 2.4708503816658296,5,13,exkmc_0.0.3
rich,20260803,4,12,8,8,0,1,1,purchase_occasion_count,5.0,5.0,3.3623428235961432,log1p_then_standardize,<=,x[10] > -1.9030283189744133 AND x[1] <= 3.3623428235961432 AND x[7] > -0.037588865930170627 AND x[10] <= 4.3506741517115595 AND x[6] > 2.4708503816658296,5,13,exkmc_0.0.3
rich,20260803,4,12,8,8,0,2,7,activity_span_days,1.681125775462963,1.681125775462963,-0.03758886593017063,log1p_then_standardize,>,x[10] > -1.9030283189744133 AND x[1] <= 3.3623428235961432 AND x[7] > -0.037588865930170627 AND x[10] <= 4.3506741517115595 AND x[6] > 2.4708503816658296,5,13,exkmc_0.0.3
rich,20260803,4,12,8,8,0,3,10,distinct_top_categories,11.0,11.0,4.3506741517115595,log1p_then_standardize,<=,x[10] > -1.9030283189744133 AND x[1] <= 3.3623428235961432 AND x[7] > -0.037588865930170627 AND x[10] <= 4.3506741517115595 AND x[6] > 2.4708503816658296,5,13,exkmc_0.0.3
rich,20260803,4,12,8,8,0,4,6,transaction_per_view,1.3999999999999997,1.3999999999999997,2.4708503816658296,standardize,>,x[10] > -1.9030283189744133 AND x[1] <= 3.3623428235961432 AND x[7] > -0.037588865930170627 AND x[10] <= 4.3506741517115595 AND x[6] > 2.4708503816658296,5,13,exkmc_0.0.3
rich,20260803,4,12,9,9,1,0,10,distinct_top_categories,0.0,0.0,-1.9030283189744133,log1p_then_standardize,>,x[10] > -1.9030283189744133 AND x[1] <= 3.3623428235961432 AND x[7] > -0.037588865930170627 AND x[10] > 4.3506741517115595,4,8,exkmc_0.0.3
rich,20260803,4,12,9,9,1,1,1,purchase_occasion_count,5.0,5.0,3.3623428235961432,log1p_then_standardize,<=,x[10] > -1.9030283189744133 AND x[1] <= 3.3623428235961432 AND x[7] > -0.037588865930170627 AND x[10] > 4.3506741517115595,4,8,exkmc_0.0.3
rich,20260803,4,12,9,9,1,2,7,activity_span_days,1.681125775462963,1.681125775462963,-0.03758886593017063,log1p_then_standardize,>,x[10] > -1.9030283189744133 AND x[1] <= 3.3623428235961432 AND x[7] > -0.037588865930170627 AND x[10] > 4.3506741517115595,4,8,exkmc_0.0.3
rich,20260803,4,12,9,9,1,3,10,distinct_top_categories,11.0,11.0,4.3506741517115595,log1p_then_standardize,>,x[10] > -1.9030283189744133 AND x[1] <= 3.3623428235961432 AND x[7] > -0.037588865930170627 AND x[10] > 4.3506741517115595,4,8,exkmc_0.0.3
rich,20260803,4,12,10,10,2,0,10,distinct_top_categories,0.0,0.0,-1.9030283189744133,log1p_then_standardize,>,x[10] > -1.9030283189744133 AND x[1] > 3.3623428235961432 AND x[3] <= 1.7218313732901287,3,4,exkmc_0.0.3
rich,20260803,4,12,10,10,2,1,1,purchase_occasion_count,5.0,5.0,3.3623428235961432,log1p_then_standardize,>,x[10] > -1.9030283189744133 AND x[1] > 3.3623428235961432 AND x[3] <= 1.7218313732901287,3,4,exkmc_0.0.3
rich,20260803,4,12,10,10,2,2,3,total_events,39.0,39.0,1.7218313732901287,log1p_then_standardize,<=,x[10] > -1.9030283189744133 AND x[1] > 3.3623428235961432 AND x[3] <= 1.7218313732901287,3,4,exkmc_0.0.3
rich,20260803,4,12,11,11,1,0,10,distinct_top_categories,0.0,0.0,-1.9030283189744133,log1p_then_standardize,>,x[10] > -1.9030283189744133 AND x[1] > 3.3623428235961432 AND x[3] > 1.7218313732901287,3,94,exkmc_0.0.3
rich,20260803,4,12,11,11,1,1,1,purchase_occasion_count,5.0,5.0,3.3623428235961432,log1p_then_standardize,>,x[10] > -1.9030283189744133 AND x[1] > 3.3623428235961432 AND x[3] > 1.7218313732901287,3,94,exkmc_0.0.3
rich,20260803,4,12,11,11,1,2,3,total_events,39.0,39.0,1.7218313732901287,log1p_then_standardize,>,x[10] > -1.9030283189744133 AND x[1] > 3.3623428235961432 AND x[3] > 1.7218313732901287,3,94,exkmc_0.0.3
rich,20260803,4,13,0,0,3,0,10,distinct_top_categories,0.0,0.0,-1.9030283189744133,log1p_then_standardize,<=,x[10] <= -1.9030283189744133 AND x[4] <= 1.5907869577542437,2,914,exkmc_0.0.3
rich,20260803,4,13,0,0,3,1,4,active_days,5.0,5.0,1.5907869577542437,log1p_then_standardize,<=,x[10] <= -1.9030283189744133 AND x[4] <= 1.5907869577542437,2,914,exkmc_0.0.3
rich,20260803,4,13,1,1,2,0,10,distinct_top_categories,0.0,0.0,-1.9030283189744133,log1p_then_standardize,<=,x[10] <= -1.9030283189744133 AND x[4] > 1.5907869577542437,2,3,exkmc_0.0.3
rich,20260803,4,13,1,1,2,1,4,active_days,5.0,5.0,1.5907869577542437,log1p_then_standardize,>,x[10] <= -1.9030283189744133 AND x[4] > 1.5907869577542437,2,3,exkmc_0.0.3
rich,20260803,4,13,2,2,0,0,10,distinct_top_categories,0.0,0.0,-1.9030283189744133,log1p_then_standardize,>,x[10] > -1.9030283189744133 AND x[1] <= 3.3623428235961432 AND x[7] <= -0.037588865930170627 AND x[9] <= 0.72770045027717445 AND x[3] <= 2.3420876841428142 AND x[4] <= 0.17314624180306931,6,5278,exkmc_0.0.3
rich,20260803,4,13,2,2,0,1,1,purchase_occasion_count,5.0,5.0,3.3623428235961432,log1p_then_standardize,<=,x[10] > -1.9030283189744133 AND x[1] <= 3.3623428235961432 AND x[7] <= -0.037588865930170627 AND x[9] <= 0.72770045027717445 AND x[3] <= 2.3420876841428142 AND x[4] <= 0.17314624180306931,6,5278,exkmc_0.0.3
rich,20260803,4,13,2,2,0,2,7,activity_span_days,1.681125775462963,1.681125775462963,-0.03758886593017063,log1p_then_standardize,<=,x[10] > -1.9030283189744133 AND x[1] <= 3.3623428235961432 AND x[7] <= -0.037588865930170627 AND x[9] <= 0.72770045027717445 AND x[3] <= 2.3420876841428142 AND x[4] <= 0.17314624180306931,6,5278,exkmc_0.0.3
rich,20260803,4,13,2,2,0,3,9,session_count_30m,3.9999999999999996,3.9999999999999996,0.7277004502771744,log1p_then_standardize,<=,x[10] > -1.9030283189744133 AND x[1] <= 3.3623428235961432 AND x[7] <= -0.037588865930170627 AND x[9] <= 0.72770045027717445 AND x[3] <= 2.3420876841428142 AND x[4] <= 0.17314624180306931,6,5278,exkmc_0.0.3
rich,20260803,4,13,2,2,0,4,3,total_events,68.00000000000001,68.00000000000001,2.342087684142814,log1p_then_standardize,<=,x[10] > -1.9030283189744133 AND x[1] <= 3.3623428235961432 AND x[7] <= -0.037588865930170627 AND x[9] <= 0.72770045027717445 AND x[3] <= 2.3420876841428142 AND x[4] <= 0.17314624180306931,6,5278,exkmc_0.0.3
rich,20260803,4,13,2,2,0,5,4,active_days,2.0000000000000004,2.0000000000000004,0.1731462418030693,log1p_then_standardize,<=,x[10] > -1.9030283189744133 AND x[1] <= 3.3623428235961432 AND x[7] <= -0.037588865930170627 AND x[9] <= 0.72770045027717445 AND x[3] <= 2.3420876841428142 AND x[4] <= 0.17314624180306931,6,5278,exkmc_0.0.3
rich,20260803,4,13,3,3,2,0,10,distinct_top_categories,0.0,0.0,-1.9030283189744133,log1p_then_standardize,>,x[10] > -1.9030283189744133 AND x[1] <= 3.3623428235961432 AND x[7] <= -0.037588865930170627 AND x[9] <= 0.72770045027717445 AND x[3] <= 2.3420876841428142 AND x[4] > 0.17314624180306931,6,23,exkmc_0.0.3
rich,20260803,4,13,3,3,2,1,1,purchase_occasion_count,5.0,5.0,3.3623428235961432,log1p_then_standardize,<=,x[10] > -1.9030283189744133 AND x[1] <= 3.3623428235961432 AND x[7] <= -0.037588865930170627 AND x[9] <= 0.72770045027717445 AND x[3] <= 2.3420876841428142 AND x[4] > 0.17314624180306931,6,23,exkmc_0.0.3
rich,20260803,4,13,3,3,2,2,7,activity_span_days,1.681125775462963,1.681125775462963,-0.03758886593017063,log1p_then_standardize,<=,x[10] > -1.9030283189744133 AND x[1] <= 3.3623428235961432 AND x[7] <= -0.037588865930170627 AND x[9] <= 0.72770045027717445 AND x[3] <= 2.3420876841428142 AND x[4] > 0.17314624180306931,6,23,exkmc_0.0.3
rich,20260803,4,13,3,3,2,3,9,session_count_30m,3.9999999999999996,3.9999999999999996,0.7277004502771744,log1p_then_standardize,<=,x[10] > -1.9030283189744133 AND x[1] <= 3.3623428235961432 AND x[7] <= -0.037588865930170627 AND x[9] <= 0.72770045027717445 AND x[3] <= 2.3420876841428142 AND x[4] > 0.17314624180306931,6,23,exkmc_0.0.3
rich,20260803,4,13,3,3,2,4,3,total_events,68.00000000000001,68.00000000000001,2.342087684142814,log1p_then_standardize,<=,x[10] > -1.9030283189744133 AND x[1] <= 3.3623428235961432 AND x[7] <= -0.037588865930170627 AND x[9] <= 0.72770045027717445 AND x[3] <= 2.3420876841428142 AND x[4] > 0.17314624180306931,6,23,exkmc_0.0.3
rich,20260803,4,13,3,3,2,5,4,active_days,2.0000000000000004,2.0000000000000004,0.1731462418030693,log1p_then_standardize,>,x[10] > -1.9030283189744133 AND x[1] <= 3.3623428235961432 AND x[7] <= -0.037588865930170627 AND x[9] <= 0.72770045027717445 AND x[3] <= 2.3420876841428142 AND x[4] > 0.17314624180306931,6,23,exkmc_0.0.3
rich,20260803,4,13,4,4,2,0,10,distinct_top_categories,0.0,0.0,-1.9030283189744133,log1p_then_standardize,>,x[10] > -1.9030283189744133 AND x[1] <= 3.3623428235961432 AND x[7] <= -0.037588865930170627 AND x[9] <= 0.72770045027717445 AND x[3] > 2.3420876841428142,5,13,exkmc_0.0.3
rich,20260803,4,13,4,4,2,1,1,purchase_occasion_count,5.0,5.0,3.3623428235961432,log1p_then_standardize,<=,x[10] > -1.9030283189744133 AND x[1] <= 3.3623428235961432 AND x[7] <= -0.037588865930170627 AND x[9] <= 0.72770045027717445 AND x[3] > 2.3420876841428142,5,13,exkmc_0.0.3
rich,20260803,4,13,4,4,2,2,7,activity_span_days,1.681125775462963,1.681125775462963,-0.03758886593017063,log1p_then_standardize,<=,x[10] > -1.9030283189744133 AND x[1] <= 3.3623428235961432 AND x[7] <= -0.037588865930170627 AND x[9] <= 0.72770045027717445 AND x[3] > 2.3420876841428142,5,13,exkmc_0.0.3
rich,20260803,4,13,4,4,2,3,9,session_count_30m,3.9999999999999996,3.9999999999999996,0.7277004502771744,log1p_then_standardize,<=,x[10] > -1.9030283189744133 AND x[1] <= 3.3623428235961432 AND x[7] <= -0.037588865930170627 AND x[9] <= 0.72770045027717445 AND x[3] > 2.3420876841428142,5,13,exkmc_0.0.3
rich,20260803,4,13,4,4,2,4,3,total_events,68.00000000000001,68.00000000000001,2.342087684142814,log1p_then_standardize,>,x[10] > -1.9030283189744133 AND x[1] <= 3.3623428235961432 AND x[7] <= -0.037588865930170627 AND x[9] <= 0.72770045027717445 AND x[3] > 2.3420876841428142,5,13,exkmc_0.0.3
rich,20260803,4,13,5,5,0,0,10,distinct_top_categories,0.0,0.0,-1.9030283189744133,log1p_then_standardize,>,x[10] > -1.9030283189744133 AND x[1] <= 3.3623428235961432 AND x[7] <= -0.037588865930170627 AND x[9] > 0.72770045027717445 AND x[4] <= -0.65612041652386022,5,9,exkmc_0.0.3
rich,20260803,4,13,5,5,0,1,1,purchase_occasion_count,5.0,5.0,3.3623428235961432,log1p_then_standardize,<=,x[10] > -1.9030283189744133 AND x[1] <= 3.3623428235961432 AND x[7] <= -0.037588865930170627 AND x[9] > 0.72770045027717445 AND x[4] <= -0.65612041652386022,5,9,exkmc_0.0.3
rich,20260803,4,13,5,5,0,2,7,activity_span_days,1.681125775462963,1.681125775462963,-0.03758886593017063,log1p_then_standardize,<=,x[10] > -1.9030283189744133 AND x[1] <= 3.3623428235961432 AND x[7] <= -0.037588865930170627 AND x[9] > 0.72770045027717445 AND x[4] <= -0.65612041652386022,5,9,exkmc_0.0.3
rich,20260803,4,13,5,5,0,3,9,session_count_30m,3.9999999999999996,3.9999999999999996,0.7277004502771744,log1p_then_standardize,>,x[10] > -1.9030283189744133 AND x[1] <= 3.3623428235961432 AND x[7] <= -0.037588865930170627 AND x[9] > 0.72770045027717445 AND x[4] <= -0.65612041652386022,5,9,exkmc_0.0.3
rich,20260803,4,13,5,5,0,4,4,active_days,1.0,1.0,-0.6561204165238602,log1p_then_standardize,<=,x[10] > -1.9030283189744133 AND x[1] <= 3.3623428235961432 AND x[7] <= -0.037588865930170627 AND x[9] > 0.72770045027717445 AND x[4] <= -0.65612041652386022,5,9,exkmc_0.0.3
rich,20260803,4,13,6,6,2,0,10,distinct_top_categories,0.0,0.0,-1.9030283189744133,log1p_then_standardize,>,x[10] > -1.9030283189744133 AND x[1] <= 3.3623428235961432 AND x[7] <= -0.037588865930170627 AND x[9] > 0.72770045027717445 AND x[4] > -0.65612041652386022,5,48,exkmc_0.0.3
rich,20260803,4,13,6,6,2,1,1,purchase_occasion_count,5.0,5.0,3.3623428235961432,log1p_then_standardize,<=,x[10] > -1.9030283189744133 AND x[1] <= 3.3623428235961432 AND x[7] <= -0.037588865930170627 AND x[9] > 0.72770045027717445 AND x[4] > -0.65612041652386022,5,48,exkmc_0.0.3
rich,20260803,4,13,6,6,2,2,7,activity_span_days,1.681125775462963,1.681125775462963,-0.03758886593017063,log1p_then_standardize,<=,x[10] > -1.9030283189744133 AND x[1] <= 3.3623428235961432 AND x[7] <= -0.037588865930170627 AND x[9] > 0.72770045027717445 AND x[4] > -0.65612041652386022,5,48,exkmc_0.0.3
rich,20260803,4,13,6,6,2,3,9,session_count_30m,3.9999999999999996,3.9999999999999996,0.7277004502771744,log1p_then_standardize,>,x[10] > -1.9030283189744133 AND x[1] <= 3.3623428235961432 AND x[7] <= -0.037588865930170627 AND x[9] > 0.72770045027717445 AND x[4] > -0.65612041652386022,5,48,exkmc_0.0.3
rich,20260803,4,13,6,6,2,4,4,active_days,1.0,1.0,-0.6561204165238602,log1p_then_standardize,>,x[10] > -1.9030283189744133 AND x[1] <= 3.3623428235961432 AND x[7] <= -0.037588865930170627 AND x[9] > 0.72770045027717445 AND x[4] > -0.65612041652386022,5,48,exkmc_0.0.3
rich,20260803,4,13,7,7,2,0,10,distinct_top_categories,0.0,0.0,-1.9030283189744133,log1p_then_standardize,>,x[10] > -1.9030283189744133 AND x[1] <= 3.3623428235961432 AND x[7] > -0.037588865930170627 AND x[10] <= 4.3506741517115595 AND x[6] <= 2.4708503816658296 AND x[2] <= 6.5809937436745738,6,2967,exkmc_0.0.3
rich,20260803,4,13,7,7,2,1,1,purchase_occasion_count,5.0,5.0,3.3623428235961432,log1p_then_standardize,<=,x[10] > -1.9030283189744133 AND x[1] <= 3.3623428235961432 AND x[7] > -0.037588865930170627 AND x[10] <= 4.3506741517115595 AND x[6] <= 2.4708503816658296 AND x[2] <= 6.5809937436745738,6,2967,exkmc_0.0.3
rich,20260803,4,13,7,7,2,2,7,activity_span_days,1.681125775462963,1.681125775462963,-0.03758886593017063,log1p_then_standardize,>,x[10] > -1.9030283189744133 AND x[1] <= 3.3623428235961432 AND x[7] > -0.037588865930170627 AND x[10] <= 4.3506741517115595 AND x[6] <= 2.4708503816658296 AND x[2] <= 6.5809937436745738,6,2967,exkmc_0.0.3
rich,20260803,4,13,7,7,2,3,10,distinct_top_categories,11.0,11.0,4.3506741517115595,log1p_then_standardize,<=,x[10] > -1.9030283189744133 AND x[1] <= 3.3623428235961432 AND x[7] > -0.037588865930170627 AND x[10] <= 4.3506741517115595 AND x[6] <= 2.4708503816658296 AND x[2] <= 6.5809937436745738,6,2967,exkmc_0.0.3
rich,20260803,4,13,7,7,2,4,6,transaction_per_view,1.3999999999999997,1.3999999999999997,2.4708503816658296,standardize,<=,x[10] > -1.9030283189744133 AND x[1] <= 3.3623428235961432 AND x[7] > -0.037588865930170627 AND x[10] <= 4.3506741517115595 AND x[6] <= 2.4708503816658296 AND x[2] <= 6.5809937436745738,6,2967,exkmc_0.0.3
rich,20260803,4,13,7,7,2,5,2,purchase_event_count,34.00000000000001,34.00000000000001,6.580993743674574,log1p_then_standardize,<=,x[10] > -1.9030283189744133 AND x[1] <= 3.3623428235961432 AND x[7] > -0.037588865930170627 AND x[10] <= 4.3506741517115595 AND x[6] <= 2.4708503816658296 AND x[2] <= 6.5809937436745738,6,2967,exkmc_0.0.3
rich,20260803,4,13,8,8,1,0,10,distinct_top_categories,0.0,0.0,-1.9030283189744133,log1p_then_standardize,>,x[10] > -1.9030283189744133 AND x[1] <= 3.3623428235961432 AND x[7] > -0.037588865930170627 AND x[10] <= 4.3506741517115595 AND x[6] <= 2.4708503816658296 AND x[2] > 6.5809937436745738,6,1,exkmc_0.0.3
rich,20260803,4,13,8,8,1,1,1,purchase_occasion_count,5.0,5.0,3.3623428235961432,log1p_then_standardize,<=,x[10] > -1.9030283189744133 AND x[1] <= 3.3623428235961432 AND x[7] > -0.037588865930170627 AND x[10] <= 4.3506741517115595 AND x[6] <= 2.4708503816658296 AND x[2] > 6.5809937436745738,6,1,exkmc_0.0.3
rich,20260803,4,13,8,8,1,2,7,activity_span_days,1.681125775462963,1.681125775462963,-0.03758886593017063,log1p_then_standardize,>,x[10] > -1.9030283189744133 AND x[1] <= 3.3623428235961432 AND x[7] > -0.037588865930170627 AND x[10] <= 4.3506741517115595 AND x[6] <= 2.4708503816658296 AND x[2] > 6.5809937436745738,6,1,exkmc_0.0.3
rich,20260803,4,13,8,8,1,3,10,distinct_top_categories,11.0,11.0,4.3506741517115595,log1p_then_standardize,<=,x[10] > -1.9030283189744133 AND x[1] <= 3.3623428235961432 AND x[7] > -0.037588865930170627 AND x[10] <= 4.3506741517115595 AND x[6] <= 2.4708503816658296 AND x[2] > 6.5809937436745738,6,1,exkmc_0.0.3
rich,20260803,4,13,8,8,1,4,6,transaction_per_view,1.3999999999999997,1.3999999999999997,2.4708503816658296,standardize,<=,x[10] > -1.9030283189744133 AND x[1] <= 3.3623428235961432 AND x[7] > -0.037588865930170627 AND x[10] <= 4.3506741517115595 AND x[6] <= 2.4708503816658296 AND x[2] > 6.5809937436745738,6,1,exkmc_0.0.3
rich,20260803,4,13,8,8,1,5,2,purchase_event_count,34.00000000000001,34.00000000000001,6.580993743674574,log1p_then_standardize,>,x[10] > -1.9030283189744133 AND x[1] <= 3.3623428235961432 AND x[7] > -0.037588865930170627 AND x[10] <= 4.3506741517115595 AND x[6] <= 2.4708503816658296 AND x[2] > 6.5809937436745738,6,1,exkmc_0.0.3
rich,20260803,4,13,9,9,0,0,10,distinct_top_categories,0.0,0.0,-1.9030283189744133,log1p_then_standardize,>,x[10] > -1.9030283189744133 AND x[1] <= 3.3623428235961432 AND x[7] > -0.037588865930170627 AND x[10] <= 4.3506741517115595 AND x[6] > 2.4708503816658296,5,13,exkmc_0.0.3
rich,20260803,4,13,9,9,0,1,1,purchase_occasion_count,5.0,5.0,3.3623428235961432,log1p_then_standardize,<=,x[10] > -1.9030283189744133 AND x[1] <= 3.3623428235961432 AND x[7] > -0.037588865930170627 AND x[10] <= 4.3506741517115595 AND x[6] > 2.4708503816658296,5,13,exkmc_0.0.3
rich,20260803,4,13,9,9,0,2,7,activity_span_days,1.681125775462963,1.681125775462963,-0.03758886593017063,log1p_then_standardize,>,x[10] > -1.9030283189744133 AND x[1] <= 3.3623428235961432 AND x[7] > -0.037588865930170627 AND x[10] <= 4.3506741517115595 AND x[6] > 2.4708503816658296,5,13,exkmc_0.0.3
rich,20260803,4,13,9,9,0,3,10,distinct_top_categories,11.0,11.0,4.3506741517115595,log1p_then_standardize,<=,x[10] > -1.9030283189744133 AND x[1] <= 3.3623428235961432 AND x[7] > -0.037588865930170627 AND x[10] <= 4.3506741517115595 AND x[6] > 2.4708503816658296,5,13,exkmc_0.0.3
rich,20260803,4,13,9,9,0,4,6,transaction_per_view,1.3999999999999997,1.3999999999999997,2.4708503816658296,standardize,>,x[10] > -1.9030283189744133 AND x[1] <= 3.3623428235961432 AND x[7] > -0.037588865930170627 AND x[10] <= 4.3506741517115595 AND x[6] > 2.4708503816658296,5,13,exkmc_0.0.3
rich,20260803,4,13,10,10,1,0,10,distinct_top_categories,0.0,0.0,-1.9030283189744133,log1p_then_standardize,>,x[10] > -1.9030283189744133 AND x[1] <= 3.3623428235961432 AND x[7] > -0.037588865930170627 AND x[10] > 4.3506741517115595,4,8,exkmc_0.0.3
rich,20260803,4,13,10,10,1,1,1,purchase_occasion_count,5.0,5.0,3.3623428235961432,log1p_then_standardize,<=,x[10] > -1.9030283189744133 AND x[1] <= 3.3623428235961432 AND x[7] > -0.037588865930170627 AND x[10] > 4.3506741517115595,4,8,exkmc_0.0.3
rich,20260803,4,13,10,10,1,2,7,activity_span_days,1.681125775462963,1.681125775462963,-0.03758886593017063,log1p_then_standardize,>,x[10] > -1.9030283189744133 AND x[1] <= 3.3623428235961432 AND x[7] > -0.037588865930170627 AND x[10] > 4.3506741517115595,4,8,exkmc_0.0.3
rich,20260803,4,13,10,10,1,3,10,distinct_top_categories,11.0,11.0,4.3506741517115595,log1p_then_standardize,>,x[10] > -1.9030283189744133 AND x[1] <= 3.3623428235961432 AND x[7] > -0.037588865930170627 AND x[10] > 4.3506741517115595,4,8,exkmc_0.0.3
rich,20260803,4,13,11,11,2,0,10,distinct_top_categories,0.0,0.0,-1.9030283189744133,log1p_then_standardize,>,x[10] > -1.9030283189744133 AND x[1] > 3.3623428235961432 AND x[3] <= 1.7218313732901287,3,4,exkmc_0.0.3
rich,20260803,4,13,11,11,2,1,1,purchase_occasion_count,5.0,5.0,3.3623428235961432,log1p_then_standardize,>,x[10] > -1.9030283189744133 AND x[1] > 3.3623428235961432 AND x[3] <= 1.7218313732901287,3,4,exkmc_0.0.3
rich,20260803,4,13,11,11,2,2,3,total_events,39.0,39.0,1.7218313732901287,log1p_then_standardize,<=,x[10] > -1.9030283189744133 AND x[1] > 3.3623428235961432 AND x[3] <= 1.7218313732901287,3,4,exkmc_0.0.3
rich,20260803,4,13,12,12,1,0,10,distinct_top_categories,0.0,0.0,-1.9030283189744133,log1p_then_standardize,>,x[10] > -1.9030283189744133 AND x[1] > 3.3623428235961432 AND x[3] > 1.7218313732901287,3,94,exkmc_0.0.3
rich,20260803,4,13,12,12,1,1,1,purchase_occasion_count,5.0,5.0,3.3623428235961432,log1p_then_standardize,>,x[10] > -1.9030283189744133 AND x[1] > 3.3623428235961432 AND x[3] > 1.7218313732901287,3,94,exkmc_0.0.3
rich,20260803,4,13,12,12,1,2,3,total_events,39.0,39.0,1.7218313732901287,log1p_then_standardize,>,x[10] > -1.9030283189744133 AND x[1] > 3.3623428235961432 AND x[3] > 1.7218313732901287,3,94,exkmc_0.0.3
rich,20260803,4,14,0,0,3,0,10,distinct_top_categories,0.0,0.0,-1.9030283189744133,log1p_then_standardize,<=,x[10] <= -1.9030283189744133 AND x[4] <= 1.5907869577542437,2,914,exkmc_0.0.3
rich,20260803,4,14,0,0,3,1,4,active_days,5.0,5.0,1.5907869577542437,log1p_then_standardize,<=,x[10] <= -1.9030283189744133 AND x[4] <= 1.5907869577542437,2,914,exkmc_0.0.3
rich,20260803,4,14,1,1,2,0,10,distinct_top_categories,0.0,0.0,-1.9030283189744133,log1p_then_standardize,<=,x[10] <= -1.9030283189744133 AND x[4] > 1.5907869577542437,2,3,exkmc_0.0.3
rich,20260803,4,14,1,1,2,1,4,active_days,5.0,5.0,1.5907869577542437,log1p_then_standardize,>,x[10] <= -1.9030283189744133 AND x[4] > 1.5907869577542437,2,3,exkmc_0.0.3
rich,20260803,4,14,2,2,0,0,10,distinct_top_categories,0.0,0.0,-1.9030283189744133,log1p_then_standardize,>,x[10] > -1.9030283189744133 AND x[1] <= 3.3623428235961432 AND x[7] <= -0.037588865930170627 AND x[9] <= 0.72770045027717445 AND x[3] <= 2.3420876841428142 AND x[4] <= 0.17314624180306931,6,5278,exkmc_0.0.3
rich,20260803,4,14,2,2,0,1,1,purchase_occasion_count,5.0,5.0,3.3623428235961432,log1p_then_standardize,<=,x[10] > -1.9030283189744133 AND x[1] <= 3.3623428235961432 AND x[7] <= -0.037588865930170627 AND x[9] <= 0.72770045027717445 AND x[3] <= 2.3420876841428142 AND x[4] <= 0.17314624180306931,6,5278,exkmc_0.0.3
rich,20260803,4,14,2,2,0,2,7,activity_span_days,1.681125775462963,1.681125775462963,-0.03758886593017063,log1p_then_standardize,<=,x[10] > -1.9030283189744133 AND x[1] <= 3.3623428235961432 AND x[7] <= -0.037588865930170627 AND x[9] <= 0.72770045027717445 AND x[3] <= 2.3420876841428142 AND x[4] <= 0.17314624180306931,6,5278,exkmc_0.0.3
rich,20260803,4,14,2,2,0,3,9,session_count_30m,3.9999999999999996,3.9999999999999996,0.7277004502771744,log1p_then_standardize,<=,x[10] > -1.9030283189744133 AND x[1] <= 3.3623428235961432 AND x[7] <= -0.037588865930170627 AND x[9] <= 0.72770045027717445 AND x[3] <= 2.3420876841428142 AND x[4] <= 0.17314624180306931,6,5278,exkmc_0.0.3
rich,20260803,4,14,2,2,0,4,3,total_events,68.00000000000001,68.00000000000001,2.342087684142814,log1p_then_standardize,<=,x[10] > -1.9030283189744133 AND x[1] <= 3.3623428235961432 AND x[7] <= -0.037588865930170627 AND x[9] <= 0.72770045027717445 AND x[3] <= 2.3420876841428142 AND x[4] <= 0.17314624180306931,6,5278,exkmc_0.0.3
rich,20260803,4,14,2,2,0,5,4,active_days,2.0000000000000004,2.0000000000000004,0.1731462418030693,log1p_then_standardize,<=,x[10] > -1.9030283189744133 AND x[1] <= 3.3623428235961432 AND x[7] <= -0.037588865930170627 AND x[9] <= 0.72770045027717445 AND x[3] <= 2.3420876841428142 AND x[4] <= 0.17314624180306931,6,5278,exkmc_0.0.3
rich,20260803,4,14,3,3,2,0,10,distinct_top_categories,0.0,0.0,-1.9030283189744133,log1p_then_standardize,>,x[10] > -1.9030283189744133 AND x[1] <= 3.3623428235961432 AND x[7] <= -0.037588865930170627 AND x[9] <= 0.72770045027717445 AND x[3] <= 2.3420876841428142 AND x[4] > 0.17314624180306931,6,23,exkmc_0.0.3
rich,20260803,4,14,3,3,2,1,1,purchase_occasion_count,5.0,5.0,3.3623428235961432,log1p_then_standardize,<=,x[10] > -1.9030283189744133 AND x[1] <= 3.3623428235961432 AND x[7] <= -0.037588865930170627 AND x[9] <= 0.72770045027717445 AND x[3] <= 2.3420876841428142 AND x[4] > 0.17314624180306931,6,23,exkmc_0.0.3
rich,20260803,4,14,3,3,2,2,7,activity_span_days,1.681125775462963,1.681125775462963,-0.03758886593017063,log1p_then_standardize,<=,x[10] > -1.9030283189744133 AND x[1] <= 3.3623428235961432 AND x[7] <= -0.037588865930170627 AND x[9] <= 0.72770045027717445 AND x[3] <= 2.3420876841428142 AND x[4] > 0.17314624180306931,6,23,exkmc_0.0.3
rich,20260803,4,14,3,3,2,3,9,session_count_30m,3.9999999999999996,3.9999999999999996,0.7277004502771744,log1p_then_standardize,<=,x[10] > -1.9030283189744133 AND x[1] <= 3.3623428235961432 AND x[7] <= -0.037588865930170627 AND x[9] <= 0.72770045027717445 AND x[3] <= 2.3420876841428142 AND x[4] > 0.17314624180306931,6,23,exkmc_0.0.3
rich,20260803,4,14,3,3,2,4,3,total_events,68.00000000000001,68.00000000000001,2.342087684142814,log1p_then_standardize,<=,x[10] > -1.9030283189744133 AND x[1] <= 3.3623428235961432 AND x[7] <= -0.037588865930170627 AND x[9] <= 0.72770045027717445 AND x[3] <= 2.3420876841428142 AND x[4] > 0.17314624180306931,6,23,exkmc_0.0.3
rich,20260803,4,14,3,3,2,5,4,active_days,2.0000000000000004,2.0000000000000004,0.1731462418030693,log1p_then_standardize,>,x[10] > -1.9030283189744133 AND x[1] <= 3.3623428235961432 AND x[7] <= -0.037588865930170627 AND x[9] <= 0.72770045027717445 AND x[3] <= 2.3420876841428142 AND x[4] > 0.17314624180306931,6,23,exkmc_0.0.3
rich,20260803,4,14,4,4,2,0,10,distinct_top_categories,0.0,0.0,-1.9030283189744133,log1p_then_standardize,>,x[10] > -1.9030283189744133 AND x[1] <= 3.3623428235961432 AND x[7] <= -0.037588865930170627 AND x[9] <= 0.72770045027717445 AND x[3] > 2.3420876841428142,5,13,exkmc_0.0.3
rich,20260803,4,14,4,4,2,1,1,purchase_occasion_count,5.0,5.0,3.3623428235961432,log1p_then_standardize,<=,x[10] > -1.9030283189744133 AND x[1] <= 3.3623428235961432 AND x[7] <= -0.037588865930170627 AND x[9] <= 0.72770045027717445 AND x[3] > 2.3420876841428142,5,13,exkmc_0.0.3
rich,20260803,4,14,4,4,2,2,7,activity_span_days,1.681125775462963,1.681125775462963,-0.03758886593017063,log1p_then_standardize,<=,x[10] > -1.9030283189744133 AND x[1] <= 3.3623428235961432 AND x[7] <= -0.037588865930170627 AND x[9] <= 0.72770045027717445 AND x[3] > 2.3420876841428142,5,13,exkmc_0.0.3
rich,20260803,4,14,4,4,2,3,9,session_count_30m,3.9999999999999996,3.9999999999999996,0.7277004502771744,log1p_then_standardize,<=,x[10] > -1.9030283189744133 AND x[1] <= 3.3623428235961432 AND x[7] <= -0.037588865930170627 AND x[9] <= 0.72770045027717445 AND x[3] > 2.3420876841428142,5,13,exkmc_0.0.3
rich,20260803,4,14,4,4,2,4,3,total_events,68.00000000000001,68.00000000000001,2.342087684142814,log1p_then_standardize,>,x[10] > -1.9030283189744133 AND x[1] <= 3.3623428235961432 AND x[7] <= -0.037588865930170627 AND x[9] <= 0.72770045027717445 AND x[3] > 2.3420876841428142,5,13,exkmc_0.0.3
rich,20260803,4,14,5,5,0,0,10,distinct_top_categories,0.0,0.0,-1.9030283189744133,log1p_then_standardize,>,x[10] > -1.9030283189744133 AND x[1] <= 3.3623428235961432 AND x[7] <= -0.037588865930170627 AND x[9] > 0.72770045027717445 AND x[4] <= -0.65612041652386022,5,9,exkmc_0.0.3
rich,20260803,4,14,5,5,0,1,1,purchase_occasion_count,5.0,5.0,3.3623428235961432,log1p_then_standardize,<=,x[10] > -1.9030283189744133 AND x[1] <= 3.3623428235961432 AND x[7] <= -0.037588865930170627 AND x[9] > 0.72770045027717445 AND x[4] <= -0.65612041652386022,5,9,exkmc_0.0.3
rich,20260803,4,14,5,5,0,2,7,activity_span_days,1.681125775462963,1.681125775462963,-0.03758886593017063,log1p_then_standardize,<=,x[10] > -1.9030283189744133 AND x[1] <= 3.3623428235961432 AND x[7] <= -0.037588865930170627 AND x[9] > 0.72770045027717445 AND x[4] <= -0.65612041652386022,5,9,exkmc_0.0.3
rich,20260803,4,14,5,5,0,3,9,session_count_30m,3.9999999999999996,3.9999999999999996,0.7277004502771744,log1p_then_standardize,>,x[10] > -1.9030283189744133 AND x[1] <= 3.3623428235961432 AND x[7] <= -0.037588865930170627 AND x[9] > 0.72770045027717445 AND x[4] <= -0.65612041652386022,5,9,exkmc_0.0.3
rich,20260803,4,14,5,5,0,4,4,active_days,1.0,1.0,-0.6561204165238602,log1p_then_standardize,<=,x[10] > -1.9030283189744133 AND x[1] <= 3.3623428235961432 AND x[7] <= -0.037588865930170627 AND x[9] > 0.72770045027717445 AND x[4] <= -0.65612041652386022,5,9,exkmc_0.0.3
rich,20260803,4,14,6,6,2,0,10,distinct_top_categories,0.0,0.0,-1.9030283189744133,log1p_then_standardize,>,x[10] > -1.9030283189744133 AND x[1] <= 3.3623428235961432 AND x[7] <= -0.037588865930170627 AND x[9] > 0.72770045027717445 AND x[4] > -0.65612041652386022,5,48,exkmc_0.0.3
rich,20260803,4,14,6,6,2,1,1,purchase_occasion_count,5.0,5.0,3.3623428235961432,log1p_then_standardize,<=,x[10] > -1.9030283189744133 AND x[1] <= 3.3623428235961432 AND x[7] <= -0.037588865930170627 AND x[9] > 0.72770045027717445 AND x[4] > -0.65612041652386022,5,48,exkmc_0.0.3
rich,20260803,4,14,6,6,2,2,7,activity_span_days,1.681125775462963,1.681125775462963,-0.03758886593017063,log1p_then_standardize,<=,x[10] > -1.9030283189744133 AND x[1] <= 3.3623428235961432 AND x[7] <= -0.037588865930170627 AND x[9] > 0.72770045027717445 AND x[4] > -0.65612041652386022,5,48,exkmc_0.0.3
rich,20260803,4,14,6,6,2,3,9,session_count_30m,3.9999999999999996,3.9999999999999996,0.7277004502771744,log1p_then_standardize,>,x[10] > -1.9030283189744133 AND x[1] <= 3.3623428235961432 AND x[7] <= -0.037588865930170627 AND x[9] > 0.72770045027717445 AND x[4] > -0.65612041652386022,5,48,exkmc_0.0.3
rich,20260803,4,14,6,6,2,4,4,active_days,1.0,1.0,-0.6561204165238602,log1p_then_standardize,>,x[10] > -1.9030283189744133 AND x[1] <= 3.3623428235961432 AND x[7] <= -0.037588865930170627 AND x[9] > 0.72770045027717445 AND x[4] > -0.65612041652386022,5,48,exkmc_0.0.3
rich,20260803,4,14,7,7,2,0,10,distinct_top_categories,0.0,0.0,-1.9030283189744133,log1p_then_standardize,>,x[10] > -1.9030283189744133 AND x[1] <= 3.3623428235961432 AND x[7] > -0.037588865930170627 AND x[10] <= 4.3506741517115595 AND x[6] <= 2.4708503816658296 AND x[2] <= 6.5809937436745738,6,2967,exkmc_0.0.3
rich,20260803,4,14,7,7,2,1,1,purchase_occasion_count,5.0,5.0,3.3623428235961432,log1p_then_standardize,<=,x[10] > -1.9030283189744133 AND x[1] <= 3.3623428235961432 AND x[7] > -0.037588865930170627 AND x[10] <= 4.3506741517115595 AND x[6] <= 2.4708503816658296 AND x[2] <= 6.5809937436745738,6,2967,exkmc_0.0.3
rich,20260803,4,14,7,7,2,2,7,activity_span_days,1.681125775462963,1.681125775462963,-0.03758886593017063,log1p_then_standardize,>,x[10] > -1.9030283189744133 AND x[1] <= 3.3623428235961432 AND x[7] > -0.037588865930170627 AND x[10] <= 4.3506741517115595 AND x[6] <= 2.4708503816658296 AND x[2] <= 6.5809937436745738,6,2967,exkmc_0.0.3
rich,20260803,4,14,7,7,2,3,10,distinct_top_categories,11.0,11.0,4.3506741517115595,log1p_then_standardize,<=,x[10] > -1.9030283189744133 AND x[1] <= 3.3623428235961432 AND x[7] > -0.037588865930170627 AND x[10] <= 4.3506741517115595 AND x[6] <= 2.4708503816658296 AND x[2] <= 6.5809937436745738,6,2967,exkmc_0.0.3
rich,20260803,4,14,7,7,2,4,6,transaction_per_view,1.3999999999999997,1.3999999999999997,2.4708503816658296,standardize,<=,x[10] > -1.9030283189744133 AND x[1] <= 3.3623428235961432 AND x[7] > -0.037588865930170627 AND x[10] <= 4.3506741517115595 AND x[6] <= 2.4708503816658296 AND x[2] <= 6.5809937436745738,6,2967,exkmc_0.0.3
rich,20260803,4,14,7,7,2,5,2,purchase_event_count,34.00000000000001,34.00000000000001,6.580993743674574,log1p_then_standardize,<=,x[10] > -1.9030283189744133 AND x[1] <= 3.3623428235961432 AND x[7] > -0.037588865930170627 AND x[10] <= 4.3506741517115595 AND x[6] <= 2.4708503816658296 AND x[2] <= 6.5809937436745738,6,2967,exkmc_0.0.3
rich,20260803,4,14,8,8,1,0,10,distinct_top_categories,0.0,0.0,-1.9030283189744133,log1p_then_standardize,>,x[10] > -1.9030283189744133 AND x[1] <= 3.3623428235961432 AND x[7] > -0.037588865930170627 AND x[10] <= 4.3506741517115595 AND x[6] <= 2.4708503816658296 AND x[2] > 6.5809937436745738,6,1,exkmc_0.0.3
rich,20260803,4,14,8,8,1,1,1,purchase_occasion_count,5.0,5.0,3.3623428235961432,log1p_then_standardize,<=,x[10] > -1.9030283189744133 AND x[1] <= 3.3623428235961432 AND x[7] > -0.037588865930170627 AND x[10] <= 4.3506741517115595 AND x[6] <= 2.4708503816658296 AND x[2] > 6.5809937436745738,6,1,exkmc_0.0.3
rich,20260803,4,14,8,8,1,2,7,activity_span_days,1.681125775462963,1.681125775462963,-0.03758886593017063,log1p_then_standardize,>,x[10] > -1.9030283189744133 AND x[1] <= 3.3623428235961432 AND x[7] > -0.037588865930170627 AND x[10] <= 4.3506741517115595 AND x[6] <= 2.4708503816658296 AND x[2] > 6.5809937436745738,6,1,exkmc_0.0.3
rich,20260803,4,14,8,8,1,3,10,distinct_top_categories,11.0,11.0,4.3506741517115595,log1p_then_standardize,<=,x[10] > -1.9030283189744133 AND x[1] <= 3.3623428235961432 AND x[7] > -0.037588865930170627 AND x[10] <= 4.3506741517115595 AND x[6] <= 2.4708503816658296 AND x[2] > 6.5809937436745738,6,1,exkmc_0.0.3
rich,20260803,4,14,8,8,1,4,6,transaction_per_view,1.3999999999999997,1.3999999999999997,2.4708503816658296,standardize,<=,x[10] > -1.9030283189744133 AND x[1] <= 3.3623428235961432 AND x[7] > -0.037588865930170627 AND x[10] <= 4.3506741517115595 AND x[6] <= 2.4708503816658296 AND x[2] > 6.5809937436745738,6,1,exkmc_0.0.3
rich,20260803,4,14,8,8,1,5,2,purchase_event_count,34.00000000000001,34.00000000000001,6.580993743674574,log1p_then_standardize,>,x[10] > -1.9030283189744133 AND x[1] <= 3.3623428235961432 AND x[7] > -0.037588865930170627 AND x[10] <= 4.3506741517115595 AND x[6] <= 2.4708503816658296 AND x[2] > 6.5809937436745738,6,1,exkmc_0.0.3
rich,20260803,4,14,9,9,0,0,10,distinct_top_categories,0.0,0.0,-1.9030283189744133,log1p_then_standardize,>,x[10] > -1.9030283189744133 AND x[1] <= 3.3623428235961432 AND x[7] > -0.037588865930170627 AND x[10] <= 4.3506741517115595 AND x[6] > 2.4708503816658296,5,13,exkmc_0.0.3
rich,20260803,4,14,9,9,0,1,1,purchase_occasion_count,5.0,5.0,3.3623428235961432,log1p_then_standardize,<=,x[10] > -1.9030283189744133 AND x[1] <= 3.3623428235961432 AND x[7] > -0.037588865930170627 AND x[10] <= 4.3506741517115595 AND x[6] > 2.4708503816658296,5,13,exkmc_0.0.3
rich,20260803,4,14,9,9,0,2,7,activity_span_days,1.681125775462963,1.681125775462963,-0.03758886593017063,log1p_then_standardize,>,x[10] > -1.9030283189744133 AND x[1] <= 3.3623428235961432 AND x[7] > -0.037588865930170627 AND x[10] <= 4.3506741517115595 AND x[6] > 2.4708503816658296,5,13,exkmc_0.0.3
rich,20260803,4,14,9,9,0,3,10,distinct_top_categories,11.0,11.0,4.3506741517115595,log1p_then_standardize,<=,x[10] > -1.9030283189744133 AND x[1] <= 3.3623428235961432 AND x[7] > -0.037588865930170627 AND x[10] <= 4.3506741517115595 AND x[6] > 2.4708503816658296,5,13,exkmc_0.0.3
rich,20260803,4,14,9,9,0,4,6,transaction_per_view,1.3999999999999997,1.3999999999999997,2.4708503816658296,standardize,>,x[10] > -1.9030283189744133 AND x[1] <= 3.3623428235961432 AND x[7] > -0.037588865930170627 AND x[10] <= 4.3506741517115595 AND x[6] > 2.4708503816658296,5,13,exkmc_0.0.3
rich,20260803,4,14,10,10,1,0,10,distinct_top_categories,0.0,0.0,-1.9030283189744133,log1p_then_standardize,>,x[10] > -1.9030283189744133 AND x[1] <= 3.3623428235961432 AND x[7] > -0.037588865930170627 AND x[10] > 4.3506741517115595,4,8,exkmc_0.0.3
rich,20260803,4,14,10,10,1,1,1,purchase_occasion_count,5.0,5.0,3.3623428235961432,log1p_then_standardize,<=,x[10] > -1.9030283189744133 AND x[1] <= 3.3623428235961432 AND x[7] > -0.037588865930170627 AND x[10] > 4.3506741517115595,4,8,exkmc_0.0.3
rich,20260803,4,14,10,10,1,2,7,activity_span_days,1.681125775462963,1.681125775462963,-0.03758886593017063,log1p_then_standardize,>,x[10] > -1.9030283189744133 AND x[1] <= 3.3623428235961432 AND x[7] > -0.037588865930170627 AND x[10] > 4.3506741517115595,4,8,exkmc_0.0.3
rich,20260803,4,14,10,10,1,3,10,distinct_top_categories,11.0,11.0,4.3506741517115595,log1p_then_standardize,>,x[10] > -1.9030283189744133 AND x[1] <= 3.3623428235961432 AND x[7] > -0.037588865930170627 AND x[10] > 4.3506741517115595,4,8,exkmc_0.0.3
rich,20260803,4,14,11,11,2,0,10,distinct_top_categories,0.0,0.0,-1.9030283189744133,log1p_then_standardize,>,x[10] > -1.9030283189744133 AND x[1] > 3.3623428235961432 AND x[3] <= 1.7218313732901287,3,4,exkmc_0.0.3
rich,20260803,4,14,11,11,2,1,1,purchase_occasion_count,5.0,5.0,3.3623428235961432,log1p_then_standardize,>,x[10] > -1.9030283189744133 AND x[1] > 3.3623428235961432 AND x[3] <= 1.7218313732901287,3,4,exkmc_0.0.3
rich,20260803,4,14,11,11,2,2,3,total_events,39.0,39.0,1.7218313732901287,log1p_then_standardize,<=,x[10] > -1.9030283189744133 AND x[1] > 3.3623428235961432 AND x[3] <= 1.7218313732901287,3,4,exkmc_0.0.3
rich,20260803,4,14,12,12,2,0,10,distinct_top_categories,0.0,0.0,-1.9030283189744133,log1p_then_standardize,>,x[10] > -1.9030283189744133 AND x[1] > 3.3623428235961432 AND x[3] > 1.7218313732901287 AND x[4] <= -0.65612041652386022,4,1,exkmc_0.0.3
rich,20260803,4,14,12,12,2,1,1,purchase_occasion_count,5.0,5.0,3.3623428235961432,log1p_then_standardize,>,x[10] > -1.9030283189744133 AND x[1] > 3.3623428235961432 AND x[3] > 1.7218313732901287 AND x[4] <= -0.65612041652386022,4,1,exkmc_0.0.3
rich,20260803,4,14,12,12,2,2,3,total_events,39.0,39.0,1.7218313732901287,log1p_then_standardize,>,x[10] > -1.9030283189744133 AND x[1] > 3.3623428235961432 AND x[3] > 1.7218313732901287 AND x[4] <= -0.65612041652386022,4,1,exkmc_0.0.3
rich,20260803,4,14,12,12,2,3,4,active_days,1.0,1.0,-0.6561204165238602,log1p_then_standardize,<=,x[10] > -1.9030283189744133 AND x[1] > 3.3623428235961432 AND x[3] > 1.7218313732901287 AND x[4] <= -0.65612041652386022,4,1,exkmc_0.0.3
rich,20260803,4,14,13,13,1,0,10,distinct_top_categories,0.0,0.0,-1.9030283189744133,log1p_then_standardize,>,x[10] > -1.9030283189744133 AND x[1] > 3.3623428235961432 AND x[3] > 1.7218313732901287 AND x[4] > -0.65612041652386022,4,93,exkmc_0.0.3
rich,20260803,4,14,13,13,1,1,1,purchase_occasion_count,5.0,5.0,3.3623428235961432,log1p_then_standardize,>,x[10] > -1.9030283189744133 AND x[1] > 3.3623428235961432 AND x[3] > 1.7218313732901287 AND x[4] > -0.65612041652386022,4,93,exkmc_0.0.3
rich,20260803,4,14,13,13,1,2,3,total_events,39.0,39.0,1.7218313732901287,log1p_then_standardize,>,x[10] > -1.9030283189744133 AND x[1] > 3.3623428235961432 AND x[3] > 1.7218313732901287 AND x[4] > -0.65612041652386022,4,93,exkmc_0.0.3
rich,20260803,4,14,13,13,1,3,4,active_days,1.0,1.0,-0.6561204165238602,log1p_then_standardize,>,x[10] > -1.9030283189744133 AND x[1] > 3.3623428235961432 AND x[3] > 1.7218313732901287 AND x[4] > -0.65612041652386022,4,93,exkmc_0.0.3
rich,20260803,4,15,0,0,3,0,10,distinct_top_categories,0.0,0.0,-1.9030283189744133,log1p_then_standardize,<=,x[10] <= -1.9030283189744133 AND x[4] <= 1.5907869577542437,2,914,exkmc_0.0.3
rich,20260803,4,15,0,0,3,1,4,active_days,5.0,5.0,1.5907869577542437,log1p_then_standardize,<=,x[10] <= -1.9030283189744133 AND x[4] <= 1.5907869577542437,2,914,exkmc_0.0.3
rich,20260803,4,15,1,1,2,0,10,distinct_top_categories,0.0,0.0,-1.9030283189744133,log1p_then_standardize,<=,x[10] <= -1.9030283189744133 AND x[4] > 1.5907869577542437,2,3,exkmc_0.0.3
rich,20260803,4,15,1,1,2,1,4,active_days,5.0,5.0,1.5907869577542437,log1p_then_standardize,>,x[10] <= -1.9030283189744133 AND x[4] > 1.5907869577542437,2,3,exkmc_0.0.3
rich,20260803,4,15,2,2,0,0,10,distinct_top_categories,0.0,0.0,-1.9030283189744133,log1p_then_standardize,>,x[10] > -1.9030283189744133 AND x[1] <= 3.3623428235961432 AND x[7] <= -0.037588865930170627 AND x[9] <= 0.72770045027717445 AND x[3] <= 2.3420876841428142 AND x[4] <= 0.17314624180306931,6,5278,exkmc_0.0.3
rich,20260803,4,15,2,2,0,1,1,purchase_occasion_count,5.0,5.0,3.3623428235961432,log1p_then_standardize,<=,x[10] > -1.9030283189744133 AND x[1] <= 3.3623428235961432 AND x[7] <= -0.037588865930170627 AND x[9] <= 0.72770045027717445 AND x[3] <= 2.3420876841428142 AND x[4] <= 0.17314624180306931,6,5278,exkmc_0.0.3
rich,20260803,4,15,2,2,0,2,7,activity_span_days,1.681125775462963,1.681125775462963,-0.03758886593017063,log1p_then_standardize,<=,x[10] > -1.9030283189744133 AND x[1] <= 3.3623428235961432 AND x[7] <= -0.037588865930170627 AND x[9] <= 0.72770045027717445 AND x[3] <= 2.3420876841428142 AND x[4] <= 0.17314624180306931,6,5278,exkmc_0.0.3
rich,20260803,4,15,2,2,0,3,9,session_count_30m,3.9999999999999996,3.9999999999999996,0.7277004502771744,log1p_then_standardize,<=,x[10] > -1.9030283189744133 AND x[1] <= 3.3623428235961432 AND x[7] <= -0.037588865930170627 AND x[9] <= 0.72770045027717445 AND x[3] <= 2.3420876841428142 AND x[4] <= 0.17314624180306931,6,5278,exkmc_0.0.3
rich,20260803,4,15,2,2,0,4,3,total_events,68.00000000000001,68.00000000000001,2.342087684142814,log1p_then_standardize,<=,x[10] > -1.9030283189744133 AND x[1] <= 3.3623428235961432 AND x[7] <= -0.037588865930170627 AND x[9] <= 0.72770045027717445 AND x[3] <= 2.3420876841428142 AND x[4] <= 0.17314624180306931,6,5278,exkmc_0.0.3
rich,20260803,4,15,2,2,0,5,4,active_days,2.0000000000000004,2.0000000000000004,0.1731462418030693,log1p_then_standardize,<=,x[10] > -1.9030283189744133 AND x[1] <= 3.3623428235961432 AND x[7] <= -0.037588865930170627 AND x[9] <= 0.72770045027717445 AND x[3] <= 2.3420876841428142 AND x[4] <= 0.17314624180306931,6,5278,exkmc_0.0.3
rich,20260803,4,15,3,3,2,0,10,distinct_top_categories,0.0,0.0,-1.9030283189744133,log1p_then_standardize,>,x[10] > -1.9030283189744133 AND x[1] <= 3.3623428235961432 AND x[7] <= -0.037588865930170627 AND x[9] <= 0.72770045027717445 AND x[3] <= 2.3420876841428142 AND x[4] > 0.17314624180306931,6,23,exkmc_0.0.3
rich,20260803,4,15,3,3,2,1,1,purchase_occasion_count,5.0,5.0,3.3623428235961432,log1p_then_standardize,<=,x[10] > -1.9030283189744133 AND x[1] <= 3.3623428235961432 AND x[7] <= -0.037588865930170627 AND x[9] <= 0.72770045027717445 AND x[3] <= 2.3420876841428142 AND x[4] > 0.17314624180306931,6,23,exkmc_0.0.3
rich,20260803,4,15,3,3,2,2,7,activity_span_days,1.681125775462963,1.681125775462963,-0.03758886593017063,log1p_then_standardize,<=,x[10] > -1.9030283189744133 AND x[1] <= 3.3623428235961432 AND x[7] <= -0.037588865930170627 AND x[9] <= 0.72770045027717445 AND x[3] <= 2.3420876841428142 AND x[4] > 0.17314624180306931,6,23,exkmc_0.0.3
rich,20260803,4,15,3,3,2,3,9,session_count_30m,3.9999999999999996,3.9999999999999996,0.7277004502771744,log1p_then_standardize,<=,x[10] > -1.9030283189744133 AND x[1] <= 3.3623428235961432 AND x[7] <= -0.037588865930170627 AND x[9] <= 0.72770045027717445 AND x[3] <= 2.3420876841428142 AND x[4] > 0.17314624180306931,6,23,exkmc_0.0.3
rich,20260803,4,15,3,3,2,4,3,total_events,68.00000000000001,68.00000000000001,2.342087684142814,log1p_then_standardize,<=,x[10] > -1.9030283189744133 AND x[1] <= 3.3623428235961432 AND x[7] <= -0.037588865930170627 AND x[9] <= 0.72770045027717445 AND x[3] <= 2.3420876841428142 AND x[4] > 0.17314624180306931,6,23,exkmc_0.0.3
rich,20260803,4,15,3,3,2,5,4,active_days,2.0000000000000004,2.0000000000000004,0.1731462418030693,log1p_then_standardize,>,x[10] > -1.9030283189744133 AND x[1] <= 3.3623428235961432 AND x[7] <= -0.037588865930170627 AND x[9] <= 0.72770045027717445 AND x[3] <= 2.3420876841428142 AND x[4] > 0.17314624180306931,6,23,exkmc_0.0.3
rich,20260803,4,15,4,4,2,0,10,distinct_top_categories,0.0,0.0,-1.9030283189744133,log1p_then_standardize,>,x[10] > -1.9030283189744133 AND x[1] <= 3.3623428235961432 AND x[7] <= -0.037588865930170627 AND x[9] <= 0.72770045027717445 AND x[3] > 2.3420876841428142,5,13,exkmc_0.0.3
rich,20260803,4,15,4,4,2,1,1,purchase_occasion_count,5.0,5.0,3.3623428235961432,log1p_then_standardize,<=,x[10] > -1.9030283189744133 AND x[1] <= 3.3623428235961432 AND x[7] <= -0.037588865930170627 AND x[9] <= 0.72770045027717445 AND x[3] > 2.3420876841428142,5,13,exkmc_0.0.3
rich,20260803,4,15,4,4,2,2,7,activity_span_days,1.681125775462963,1.681125775462963,-0.03758886593017063,log1p_then_standardize,<=,x[10] > -1.9030283189744133 AND x[1] <= 3.3623428235961432 AND x[7] <= -0.037588865930170627 AND x[9] <= 0.72770045027717445 AND x[3] > 2.3420876841428142,5,13,exkmc_0.0.3
rich,20260803,4,15,4,4,2,3,9,session_count_30m,3.9999999999999996,3.9999999999999996,0.7277004502771744,log1p_then_standardize,<=,x[10] > -1.9030283189744133 AND x[1] <= 3.3623428235961432 AND x[7] <= -0.037588865930170627 AND x[9] <= 0.72770045027717445 AND x[3] > 2.3420876841428142,5,13,exkmc_0.0.3
rich,20260803,4,15,4,4,2,4,3,total_events,68.00000000000001,68.00000000000001,2.342087684142814,log1p_then_standardize,>,x[10] > -1.9030283189744133 AND x[1] <= 3.3623428235961432 AND x[7] <= -0.037588865930170627 AND x[9] <= 0.72770045027717445 AND x[3] > 2.3420876841428142,5,13,exkmc_0.0.3
rich,20260803,4,15,5,5,0,0,10,distinct_top_categories,0.0,0.0,-1.9030283189744133,log1p_then_standardize,>,x[10] > -1.9030283189744133 AND x[1] <= 3.3623428235961432 AND x[7] <= -0.037588865930170627 AND x[9] > 0.72770045027717445 AND x[4] <= -0.65612041652386022,5,9,exkmc_0.0.3
rich,20260803,4,15,5,5,0,1,1,purchase_occasion_count,5.0,5.0,3.3623428235961432,log1p_then_standardize,<=,x[10] > -1.9030283189744133 AND x[1] <= 3.3623428235961432 AND x[7] <= -0.037588865930170627 AND x[9] > 0.72770045027717445 AND x[4] <= -0.65612041652386022,5,9,exkmc_0.0.3
rich,20260803,4,15,5,5,0,2,7,activity_span_days,1.681125775462963,1.681125775462963,-0.03758886593017063,log1p_then_standardize,<=,x[10] > -1.9030283189744133 AND x[1] <= 3.3623428235961432 AND x[7] <= -0.037588865930170627 AND x[9] > 0.72770045027717445 AND x[4] <= -0.65612041652386022,5,9,exkmc_0.0.3
rich,20260803,4,15,5,5,0,3,9,session_count_30m,3.9999999999999996,3.9999999999999996,0.7277004502771744,log1p_then_standardize,>,x[10] > -1.9030283189744133 AND x[1] <= 3.3623428235961432 AND x[7] <= -0.037588865930170627 AND x[9] > 0.72770045027717445 AND x[4] <= -0.65612041652386022,5,9,exkmc_0.0.3
rich,20260803,4,15,5,5,0,4,4,active_days,1.0,1.0,-0.6561204165238602,log1p_then_standardize,<=,x[10] > -1.9030283189744133 AND x[1] <= 3.3623428235961432 AND x[7] <= -0.037588865930170627 AND x[9] > 0.72770045027717445 AND x[4] <= -0.65612041652386022,5,9,exkmc_0.0.3
rich,20260803,4,15,6,6,2,0,10,distinct_top_categories,0.0,0.0,-1.9030283189744133,log1p_then_standardize,>,x[10] > -1.9030283189744133 AND x[1] <= 3.3623428235961432 AND x[7] <= -0.037588865930170627 AND x[9] > 0.72770045027717445 AND x[4] > -0.65612041652386022,5,48,exkmc_0.0.3
rich,20260803,4,15,6,6,2,1,1,purchase_occasion_count,5.0,5.0,3.3623428235961432,log1p_then_standardize,<=,x[10] > -1.9030283189744133 AND x[1] <= 3.3623428235961432 AND x[7] <= -0.037588865930170627 AND x[9] > 0.72770045027717445 AND x[4] > -0.65612041652386022,5,48,exkmc_0.0.3
rich,20260803,4,15,6,6,2,2,7,activity_span_days,1.681125775462963,1.681125775462963,-0.03758886593017063,log1p_then_standardize,<=,x[10] > -1.9030283189744133 AND x[1] <= 3.3623428235961432 AND x[7] <= -0.037588865930170627 AND x[9] > 0.72770045027717445 AND x[4] > -0.65612041652386022,5,48,exkmc_0.0.3
rich,20260803,4,15,6,6,2,3,9,session_count_30m,3.9999999999999996,3.9999999999999996,0.7277004502771744,log1p_then_standardize,>,x[10] > -1.9030283189744133 AND x[1] <= 3.3623428235961432 AND x[7] <= -0.037588865930170627 AND x[9] > 0.72770045027717445 AND x[4] > -0.65612041652386022,5,48,exkmc_0.0.3
rich,20260803,4,15,6,6,2,4,4,active_days,1.0,1.0,-0.6561204165238602,log1p_then_standardize,>,x[10] > -1.9030283189744133 AND x[1] <= 3.3623428235961432 AND x[7] <= -0.037588865930170627 AND x[9] > 0.72770045027717445 AND x[4] > -0.65612041652386022,5,48,exkmc_0.0.3
rich,20260803,4,15,7,7,2,0,10,distinct_top_categories,0.0,0.0,-1.9030283189744133,log1p_then_standardize,>,x[10] > -1.9030283189744133 AND x[1] <= 3.3623428235961432 AND x[7] > -0.037588865930170627 AND x[10] <= 4.3506741517115595 AND x[6] <= 2.4708503816658296 AND x[2] <= 6.5809937436745738,6,2967,exkmc_0.0.3
rich,20260803,4,15,7,7,2,1,1,purchase_occasion_count,5.0,5.0,3.3623428235961432,log1p_then_standardize,<=,x[10] > -1.9030283189744133 AND x[1] <= 3.3623428235961432 AND x[7] > -0.037588865930170627 AND x[10] <= 4.3506741517115595 AND x[6] <= 2.4708503816658296 AND x[2] <= 6.5809937436745738,6,2967,exkmc_0.0.3
rich,20260803,4,15,7,7,2,2,7,activity_span_days,1.681125775462963,1.681125775462963,-0.03758886593017063,log1p_then_standardize,>,x[10] > -1.9030283189744133 AND x[1] <= 3.3623428235961432 AND x[7] > -0.037588865930170627 AND x[10] <= 4.3506741517115595 AND x[6] <= 2.4708503816658296 AND x[2] <= 6.5809937436745738,6,2967,exkmc_0.0.3
rich,20260803,4,15,7,7,2,3,10,distinct_top_categories,11.0,11.0,4.3506741517115595,log1p_then_standardize,<=,x[10] > -1.9030283189744133 AND x[1] <= 3.3623428235961432 AND x[7] > -0.037588865930170627 AND x[10] <= 4.3506741517115595 AND x[6] <= 2.4708503816658296 AND x[2] <= 6.5809937436745738,6,2967,exkmc_0.0.3
rich,20260803,4,15,7,7,2,4,6,transaction_per_view,1.3999999999999997,1.3999999999999997,2.4708503816658296,standardize,<=,x[10] > -1.9030283189744133 AND x[1] <= 3.3623428235961432 AND x[7] > -0.037588865930170627 AND x[10] <= 4.3506741517115595 AND x[6] <= 2.4708503816658296 AND x[2] <= 6.5809937436745738,6,2967,exkmc_0.0.3
rich,20260803,4,15,7,7,2,5,2,purchase_event_count,34.00000000000001,34.00000000000001,6.580993743674574,log1p_then_standardize,<=,x[10] > -1.9030283189744133 AND x[1] <= 3.3623428235961432 AND x[7] > -0.037588865930170627 AND x[10] <= 4.3506741517115595 AND x[6] <= 2.4708503816658296 AND x[2] <= 6.5809937436745738,6,2967,exkmc_0.0.3
rich,20260803,4,15,8,8,1,0,10,distinct_top_categories,0.0,0.0,-1.9030283189744133,log1p_then_standardize,>,x[10] > -1.9030283189744133 AND x[1] <= 3.3623428235961432 AND x[7] > -0.037588865930170627 AND x[10] <= 4.3506741517115595 AND x[6] <= 2.4708503816658296 AND x[2] > 6.5809937436745738,6,1,exkmc_0.0.3
rich,20260803,4,15,8,8,1,1,1,purchase_occasion_count,5.0,5.0,3.3623428235961432,log1p_then_standardize,<=,x[10] > -1.9030283189744133 AND x[1] <= 3.3623428235961432 AND x[7] > -0.037588865930170627 AND x[10] <= 4.3506741517115595 AND x[6] <= 2.4708503816658296 AND x[2] > 6.5809937436745738,6,1,exkmc_0.0.3
rich,20260803,4,15,8,8,1,2,7,activity_span_days,1.681125775462963,1.681125775462963,-0.03758886593017063,log1p_then_standardize,>,x[10] > -1.9030283189744133 AND x[1] <= 3.3623428235961432 AND x[7] > -0.037588865930170627 AND x[10] <= 4.3506741517115595 AND x[6] <= 2.4708503816658296 AND x[2] > 6.5809937436745738,6,1,exkmc_0.0.3
rich,20260803,4,15,8,8,1,3,10,distinct_top_categories,11.0,11.0,4.3506741517115595,log1p_then_standardize,<=,x[10] > -1.9030283189744133 AND x[1] <= 3.3623428235961432 AND x[7] > -0.037588865930170627 AND x[10] <= 4.3506741517115595 AND x[6] <= 2.4708503816658296 AND x[2] > 6.5809937436745738,6,1,exkmc_0.0.3
rich,20260803,4,15,8,8,1,4,6,transaction_per_view,1.3999999999999997,1.3999999999999997,2.4708503816658296,standardize,<=,x[10] > -1.9030283189744133 AND x[1] <= 3.3623428235961432 AND x[7] > -0.037588865930170627 AND x[10] <= 4.3506741517115595 AND x[6] <= 2.4708503816658296 AND x[2] > 6.5809937436745738,6,1,exkmc_0.0.3
rich,20260803,4,15,8,8,1,5,2,purchase_event_count,34.00000000000001,34.00000000000001,6.580993743674574,log1p_then_standardize,>,x[10] > -1.9030283189744133 AND x[1] <= 3.3623428235961432 AND x[7] > -0.037588865930170627 AND x[10] <= 4.3506741517115595 AND x[6] <= 2.4708503816658296 AND x[2] > 6.5809937436745738,6,1,exkmc_0.0.3
rich,20260803,4,15,9,9,0,0,10,distinct_top_categories,0.0,0.0,-1.9030283189744133,log1p_then_standardize,>,x[10] > -1.9030283189744133 AND x[1] <= 3.3623428235961432 AND x[7] > -0.037588865930170627 AND x[10] <= 4.3506741517115595 AND x[6] > 2.4708503816658296,5,13,exkmc_0.0.3
rich,20260803,4,15,9,9,0,1,1,purchase_occasion_count,5.0,5.0,3.3623428235961432,log1p_then_standardize,<=,x[10] > -1.9030283189744133 AND x[1] <= 3.3623428235961432 AND x[7] > -0.037588865930170627 AND x[10] <= 4.3506741517115595 AND x[6] > 2.4708503816658296,5,13,exkmc_0.0.3
rich,20260803,4,15,9,9,0,2,7,activity_span_days,1.681125775462963,1.681125775462963,-0.03758886593017063,log1p_then_standardize,>,x[10] > -1.9030283189744133 AND x[1] <= 3.3623428235961432 AND x[7] > -0.037588865930170627 AND x[10] <= 4.3506741517115595 AND x[6] > 2.4708503816658296,5,13,exkmc_0.0.3
rich,20260803,4,15,9,9,0,3,10,distinct_top_categories,11.0,11.0,4.3506741517115595,log1p_then_standardize,<=,x[10] > -1.9030283189744133 AND x[1] <= 3.3623428235961432 AND x[7] > -0.037588865930170627 AND x[10] <= 4.3506741517115595 AND x[6] > 2.4708503816658296,5,13,exkmc_0.0.3
rich,20260803,4,15,9,9,0,4,6,transaction_per_view,1.3999999999999997,1.3999999999999997,2.4708503816658296,standardize,>,x[10] > -1.9030283189744133 AND x[1] <= 3.3623428235961432 AND x[7] > -0.037588865930170627 AND x[10] <= 4.3506741517115595 AND x[6] > 2.4708503816658296,5,13,exkmc_0.0.3
rich,20260803,4,15,10,10,2,0,10,distinct_top_categories,0.0,0.0,-1.9030283189744133,log1p_then_standardize,>,x[10] > -1.9030283189744133 AND x[1] <= 3.3623428235961432 AND x[7] > -0.037588865930170627 AND x[10] > 4.3506741517115595 AND x[2] <= 0.60545383950739751,5,2,exkmc_0.0.3
rich,20260803,4,15,10,10,2,1,1,purchase_occasion_count,5.0,5.0,3.3623428235961432,log1p_then_standardize,<=,x[10] > -1.9030283189744133 AND x[1] <= 3.3623428235961432 AND x[7] > -0.037588865930170627 AND x[10] > 4.3506741517115595 AND x[2] <= 0.60545383950739751,5,2,exkmc_0.0.3
rich,20260803,4,15,10,10,2,2,7,activity_span_days,1.681125775462963,1.681125775462963,-0.03758886593017063,log1p_then_standardize,>,x[10] > -1.9030283189744133 AND x[1] <= 3.3623428235961432 AND x[7] > -0.037588865930170627 AND x[10] > 4.3506741517115595 AND x[2] <= 0.60545383950739751,5,2,exkmc_0.0.3
rich,20260803,4,15,10,10,2,3,10,distinct_top_categories,11.0,11.0,4.3506741517115595,log1p_then_standardize,>,x[10] > -1.9030283189744133 AND x[1] <= 3.3623428235961432 AND x[7] > -0.037588865930170627 AND x[10] > 4.3506741517115595 AND x[2] <= 0.60545383950739751,5,2,exkmc_0.0.3
rich,20260803,4,15,10,10,2,4,2,purchase_event_count,2.0000000000000004,2.0000000000000004,0.6054538395073975,log1p_then_standardize,<=,x[10] > -1.9030283189744133 AND x[1] <= 3.3623428235961432 AND x[7] > -0.037588865930170627 AND x[10] > 4.3506741517115595 AND x[2] <= 0.60545383950739751,5,2,exkmc_0.0.3
rich,20260803,4,15,11,11,1,0,10,distinct_top_categories,0.0,0.0,-1.9030283189744133,log1p_then_standardize,>,x[10] > -1.9030283189744133 AND x[1] <= 3.3623428235961432 AND x[7] > -0.037588865930170627 AND x[10] > 4.3506741517115595 AND x[2] > 0.60545383950739751,5,6,exkmc_0.0.3
rich,20260803,4,15,11,11,1,1,1,purchase_occasion_count,5.0,5.0,3.3623428235961432,log1p_then_standardize,<=,x[10] > -1.9030283189744133 AND x[1] <= 3.3623428235961432 AND x[7] > -0.037588865930170627 AND x[10] > 4.3506741517115595 AND x[2] > 0.60545383950739751,5,6,exkmc_0.0.3
rich,20260803,4,15,11,11,1,2,7,activity_span_days,1.681125775462963,1.681125775462963,-0.03758886593017063,log1p_then_standardize,>,x[10] > -1.9030283189744133 AND x[1] <= 3.3623428235961432 AND x[7] > -0.037588865930170627 AND x[10] > 4.3506741517115595 AND x[2] > 0.60545383950739751,5,6,exkmc_0.0.3
rich,20260803,4,15,11,11,1,3,10,distinct_top_categories,11.0,11.0,4.3506741517115595,log1p_then_standardize,>,x[10] > -1.9030283189744133 AND x[1] <= 3.3623428235961432 AND x[7] > -0.037588865930170627 AND x[10] > 4.3506741517115595 AND x[2] > 0.60545383950739751,5,6,exkmc_0.0.3
rich,20260803,4,15,11,11,1,4,2,purchase_event_count,2.0000000000000004,2.0000000000000004,0.6054538395073975,log1p_then_standardize,>,x[10] > -1.9030283189744133 AND x[1] <= 3.3623428235961432 AND x[7] > -0.037588865930170627 AND x[10] > 4.3506741517115595 AND x[2] > 0.60545383950739751,5,6,exkmc_0.0.3
rich,20260803,4,15,12,12,2,0,10,distinct_top_categories,0.0,0.0,-1.9030283189744133,log1p_then_standardize,>,x[10] > -1.9030283189744133 AND x[1] > 3.3623428235961432 AND x[3] <= 1.7218313732901287,3,4,exkmc_0.0.3
rich,20260803,4,15,12,12,2,1,1,purchase_occasion_count,5.0,5.0,3.3623428235961432,log1p_then_standardize,>,x[10] > -1.9030283189744133 AND x[1] > 3.3623428235961432 AND x[3] <= 1.7218313732901287,3,4,exkmc_0.0.3
rich,20260803,4,15,12,12,2,2,3,total_events,39.0,39.0,1.7218313732901287,log1p_then_standardize,<=,x[10] > -1.9030283189744133 AND x[1] > 3.3623428235961432 AND x[3] <= 1.7218313732901287,3,4,exkmc_0.0.3
rich,20260803,4,15,13,13,2,0,10,distinct_top_categories,0.0,0.0,-1.9030283189744133,log1p_then_standardize,>,x[10] > -1.9030283189744133 AND x[1] > 3.3623428235961432 AND x[3] > 1.7218313732901287 AND x[4] <= -0.65612041652386022,4,1,exkmc_0.0.3
rich,20260803,4,15,13,13,2,1,1,purchase_occasion_count,5.0,5.0,3.3623428235961432,log1p_then_standardize,>,x[10] > -1.9030283189744133 AND x[1] > 3.3623428235961432 AND x[3] > 1.7218313732901287 AND x[4] <= -0.65612041652386022,4,1,exkmc_0.0.3
rich,20260803,4,15,13,13,2,2,3,total_events,39.0,39.0,1.7218313732901287,log1p_then_standardize,>,x[10] > -1.9030283189744133 AND x[1] > 3.3623428235961432 AND x[3] > 1.7218313732901287 AND x[4] <= -0.65612041652386022,4,1,exkmc_0.0.3
rich,20260803,4,15,13,13,2,3,4,active_days,1.0,1.0,-0.6561204165238602,log1p_then_standardize,<=,x[10] > -1.9030283189744133 AND x[1] > 3.3623428235961432 AND x[3] > 1.7218313732901287 AND x[4] <= -0.65612041652386022,4,1,exkmc_0.0.3
rich,20260803,4,15,14,14,1,0,10,distinct_top_categories,0.0,0.0,-1.9030283189744133,log1p_then_standardize,>,x[10] > -1.9030283189744133 AND x[1] > 3.3623428235961432 AND x[3] > 1.7218313732901287 AND x[4] > -0.65612041652386022,4,93,exkmc_0.0.3
rich,20260803,4,15,14,14,1,1,1,purchase_occasion_count,5.0,5.0,3.3623428235961432,log1p_then_standardize,>,x[10] > -1.9030283189744133 AND x[1] > 3.3623428235961432 AND x[3] > 1.7218313732901287 AND x[4] > -0.65612041652386022,4,93,exkmc_0.0.3
rich,20260803,4,15,14,14,1,2,3,total_events,39.0,39.0,1.7218313732901287,log1p_then_standardize,>,x[10] > -1.9030283189744133 AND x[1] > 3.3623428235961432 AND x[3] > 1.7218313732901287 AND x[4] > -0.65612041652386022,4,93,exkmc_0.0.3
rich,20260803,4,15,14,14,1,3,4,active_days,1.0,1.0,-0.6561204165238602,log1p_then_standardize,>,x[10] > -1.9030283189744133 AND x[1] > 3.3623428235961432 AND x[3] > 1.7218313732901287 AND x[4] > -0.65612041652386022,4,93,exkmc_0.0.3
rich,20260803,4,16,0,0,3,0,10,distinct_top_categories,0.0,0.0,-1.9030283189744133,log1p_then_standardize,<=,x[10] <= -1.9030283189744133 AND x[4] <= 1.5907869577542437 AND x[3] <= 2.8197180532040562,3,912,exkmc_0.0.3
rich,20260803,4,16,0,0,3,1,4,active_days,5.0,5.0,1.5907869577542437,log1p_then_standardize,<=,x[10] <= -1.9030283189744133 AND x[4] <= 1.5907869577542437 AND x[3] <= 2.8197180532040562,3,912,exkmc_0.0.3
rich,20260803,4,16,0,0,3,2,3,total_events,103.99999999999997,103.99999999999997,2.819718053204056,log1p_then_standardize,<=,x[10] <= -1.9030283189744133 AND x[4] <= 1.5907869577542437 AND x[3] <= 2.8197180532040562,3,912,exkmc_0.0.3
rich,20260803,4,16,1,1,1,0,10,distinct_top_categories,0.0,0.0,-1.9030283189744133,log1p_then_standardize,<=,x[10] <= -1.9030283189744133 AND x[4] <= 1.5907869577542437 AND x[3] > 2.8197180532040562,3,2,exkmc_0.0.3
rich,20260803,4,16,1,1,1,1,4,active_days,5.0,5.0,1.5907869577542437,log1p_then_standardize,<=,x[10] <= -1.9030283189744133 AND x[4] <= 1.5907869577542437 AND x[3] > 2.8197180532040562,3,2,exkmc_0.0.3
rich,20260803,4,16,1,1,1,2,3,total_events,103.99999999999997,103.99999999999997,2.819718053204056,log1p_then_standardize,>,x[10] <= -1.9030283189744133 AND x[4] <= 1.5907869577542437 AND x[3] > 2.8197180532040562,3,2,exkmc_0.0.3
rich,20260803,4,16,2,2,2,0,10,distinct_top_categories,0.0,0.0,-1.9030283189744133,log1p_then_standardize,<=,x[10] <= -1.9030283189744133 AND x[4] > 1.5907869577542437,2,3,exkmc_0.0.3
rich,20260803,4,16,2,2,2,1,4,active_days,5.0,5.0,1.5907869577542437,log1p_then_standardize,>,x[10] <= -1.9030283189744133 AND x[4] > 1.5907869577542437,2,3,exkmc_0.0.3
rich,20260803,4,16,3,3,0,0,10,distinct_top_categories,0.0,0.0,-1.9030283189744133,log1p_then_standardize,>,x[10] > -1.9030283189744133 AND x[1] <= 3.3623428235961432 AND x[7] <= -0.037588865930170627 AND x[9] <= 0.72770045027717445 AND x[3] <= 2.3420876841428142 AND x[4] <= 0.17314624180306931,6,5278,exkmc_0.0.3
rich,20260803,4,16,3,3,0,1,1,purchase_occasion_count,5.0,5.0,3.3623428235961432,log1p_then_standardize,<=,x[10] > -1.9030283189744133 AND x[1] <= 3.3623428235961432 AND x[7] <= -0.037588865930170627 AND x[9] <= 0.72770045027717445 AND x[3] <= 2.3420876841428142 AND x[4] <= 0.17314624180306931,6,5278,exkmc_0.0.3
rich,20260803,4,16,3,3,0,2,7,activity_span_days,1.681125775462963,1.681125775462963,-0.03758886593017063,log1p_then_standardize,<=,x[10] > -1.9030283189744133 AND x[1] <= 3.3623428235961432 AND x[7] <= -0.037588865930170627 AND x[9] <= 0.72770045027717445 AND x[3] <= 2.3420876841428142 AND x[4] <= 0.17314624180306931,6,5278,exkmc_0.0.3
rich,20260803,4,16,3,3,0,3,9,session_count_30m,3.9999999999999996,3.9999999999999996,0.7277004502771744,log1p_then_standardize,<=,x[10] > -1.9030283189744133 AND x[1] <= 3.3623428235961432 AND x[7] <= -0.037588865930170627 AND x[9] <= 0.72770045027717445 AND x[3] <= 2.3420876841428142 AND x[4] <= 0.17314624180306931,6,5278,exkmc_0.0.3
rich,20260803,4,16,3,3,0,4,3,total_events,68.00000000000001,68.00000000000001,2.342087684142814,log1p_then_standardize,<=,x[10] > -1.9030283189744133 AND x[1] <= 3.3623428235961432 AND x[7] <= -0.037588865930170627 AND x[9] <= 0.72770045027717445 AND x[3] <= 2.3420876841428142 AND x[4] <= 0.17314624180306931,6,5278,exkmc_0.0.3
rich,20260803,4,16,3,3,0,5,4,active_days,2.0000000000000004,2.0000000000000004,0.1731462418030693,log1p_then_standardize,<=,x[10] > -1.9030283189744133 AND x[1] <= 3.3623428235961432 AND x[7] <= -0.037588865930170627 AND x[9] <= 0.72770045027717445 AND x[3] <= 2.3420876841428142 AND x[4] <= 0.17314624180306931,6,5278,exkmc_0.0.3
rich,20260803,4,16,4,4,2,0,10,distinct_top_categories,0.0,0.0,-1.9030283189744133,log1p_then_standardize,>,x[10] > -1.9030283189744133 AND x[1] <= 3.3623428235961432 AND x[7] <= -0.037588865930170627 AND x[9] <= 0.72770045027717445 AND x[3] <= 2.3420876841428142 AND x[4] > 0.17314624180306931,6,23,exkmc_0.0.3
rich,20260803,4,16,4,4,2,1,1,purchase_occasion_count,5.0,5.0,3.3623428235961432,log1p_then_standardize,<=,x[10] > -1.9030283189744133 AND x[1] <= 3.3623428235961432 AND x[7] <= -0.037588865930170627 AND x[9] <= 0.72770045027717445 AND x[3] <= 2.3420876841428142 AND x[4] > 0.17314624180306931,6,23,exkmc_0.0.3
rich,20260803,4,16,4,4,2,2,7,activity_span_days,1.681125775462963,1.681125775462963,-0.03758886593017063,log1p_then_standardize,<=,x[10] > -1.9030283189744133 AND x[1] <= 3.3623428235961432 AND x[7] <= -0.037588865930170627 AND x[9] <= 0.72770045027717445 AND x[3] <= 2.3420876841428142 AND x[4] > 0.17314624180306931,6,23,exkmc_0.0.3
rich,20260803,4,16,4,4,2,3,9,session_count_30m,3.9999999999999996,3.9999999999999996,0.7277004502771744,log1p_then_standardize,<=,x[10] > -1.9030283189744133 AND x[1] <= 3.3623428235961432 AND x[7] <= -0.037588865930170627 AND x[9] <= 0.72770045027717445 AND x[3] <= 2.3420876841428142 AND x[4] > 0.17314624180306931,6,23,exkmc_0.0.3
rich,20260803,4,16,4,4,2,4,3,total_events,68.00000000000001,68.00000000000001,2.342087684142814,log1p_then_standardize,<=,x[10] > -1.9030283189744133 AND x[1] <= 3.3623428235961432 AND x[7] <= -0.037588865930170627 AND x[9] <= 0.72770045027717445 AND x[3] <= 2.3420876841428142 AND x[4] > 0.17314624180306931,6,23,exkmc_0.0.3
rich,20260803,4,16,4,4,2,5,4,active_days,2.0000000000000004,2.0000000000000004,0.1731462418030693,log1p_then_standardize,>,x[10] > -1.9030283189744133 AND x[1] <= 3.3623428235961432 AND x[7] <= -0.037588865930170627 AND x[9] <= 0.72770045027717445 AND x[3] <= 2.3420876841428142 AND x[4] > 0.17314624180306931,6,23,exkmc_0.0.3
rich,20260803,4,16,5,5,2,0,10,distinct_top_categories,0.0,0.0,-1.9030283189744133,log1p_then_standardize,>,x[10] > -1.9030283189744133 AND x[1] <= 3.3623428235961432 AND x[7] <= -0.037588865930170627 AND x[9] <= 0.72770045027717445 AND x[3] > 2.3420876841428142,5,13,exkmc_0.0.3
rich,20260803,4,16,5,5,2,1,1,purchase_occasion_count,5.0,5.0,3.3623428235961432,log1p_then_standardize,<=,x[10] > -1.9030283189744133 AND x[1] <= 3.3623428235961432 AND x[7] <= -0.037588865930170627 AND x[9] <= 0.72770045027717445 AND x[3] > 2.3420876841428142,5,13,exkmc_0.0.3
rich,20260803,4,16,5,5,2,2,7,activity_span_days,1.681125775462963,1.681125775462963,-0.03758886593017063,log1p_then_standardize,<=,x[10] > -1.9030283189744133 AND x[1] <= 3.3623428235961432 AND x[7] <= -0.037588865930170627 AND x[9] <= 0.72770045027717445 AND x[3] > 2.3420876841428142,5,13,exkmc_0.0.3
rich,20260803,4,16,5,5,2,3,9,session_count_30m,3.9999999999999996,3.9999999999999996,0.7277004502771744,log1p_then_standardize,<=,x[10] > -1.9030283189744133 AND x[1] <= 3.3623428235961432 AND x[7] <= -0.037588865930170627 AND x[9] <= 0.72770045027717445 AND x[3] > 2.3420876841428142,5,13,exkmc_0.0.3
rich,20260803,4,16,5,5,2,4,3,total_events,68.00000000000001,68.00000000000001,2.342087684142814,log1p_then_standardize,>,x[10] > -1.9030283189744133 AND x[1] <= 3.3623428235961432 AND x[7] <= -0.037588865930170627 AND x[9] <= 0.72770045027717445 AND x[3] > 2.3420876841428142,5,13,exkmc_0.0.3
rich,20260803,4,16,6,6,0,0,10,distinct_top_categories,0.0,0.0,-1.9030283189744133,log1p_then_standardize,>,x[10] > -1.9030283189744133 AND x[1] <= 3.3623428235961432 AND x[7] <= -0.037588865930170627 AND x[9] > 0.72770045027717445 AND x[4] <= -0.65612041652386022,5,9,exkmc_0.0.3
rich,20260803,4,16,6,6,0,1,1,purchase_occasion_count,5.0,5.0,3.3623428235961432,log1p_then_standardize,<=,x[10] > -1.9030283189744133 AND x[1] <= 3.3623428235961432 AND x[7] <= -0.037588865930170627 AND x[9] > 0.72770045027717445 AND x[4] <= -0.65612041652386022,5,9,exkmc_0.0.3
rich,20260803,4,16,6,6,0,2,7,activity_span_days,1.681125775462963,1.681125775462963,-0.03758886593017063,log1p_then_standardize,<=,x[10] > -1.9030283189744133 AND x[1] <= 3.3623428235961432 AND x[7] <= -0.037588865930170627 AND x[9] > 0.72770045027717445 AND x[4] <= -0.65612041652386022,5,9,exkmc_0.0.3
rich,20260803,4,16,6,6,0,3,9,session_count_30m,3.9999999999999996,3.9999999999999996,0.7277004502771744,log1p_then_standardize,>,x[10] > -1.9030283189744133 AND x[1] <= 3.3623428235961432 AND x[7] <= -0.037588865930170627 AND x[9] > 0.72770045027717445 AND x[4] <= -0.65612041652386022,5,9,exkmc_0.0.3
rich,20260803,4,16,6,6,0,4,4,active_days,1.0,1.0,-0.6561204165238602,log1p_then_standardize,<=,x[10] > -1.9030283189744133 AND x[1] <= 3.3623428235961432 AND x[7] <= -0.037588865930170627 AND x[9] > 0.72770045027717445 AND x[4] <= -0.65612041652386022,5,9,exkmc_0.0.3
rich,20260803,4,16,7,7,2,0,10,distinct_top_categories,0.0,0.0,-1.9030283189744133,log1p_then_standardize,>,x[10] > -1.9030283189744133 AND x[1] <= 3.3623428235961432 AND x[7] <= -0.037588865930170627 AND x[9] > 0.72770045027717445 AND x[4] > -0.65612041652386022,5,48,exkmc_0.0.3
rich,20260803,4,16,7,7,2,1,1,purchase_occasion_count,5.0,5.0,3.3623428235961432,log1p_then_standardize,<=,x[10] > -1.9030283189744133 AND x[1] <= 3.3623428235961432 AND x[7] <= -0.037588865930170627 AND x[9] > 0.72770045027717445 AND x[4] > -0.65612041652386022,5,48,exkmc_0.0.3
rich,20260803,4,16,7,7,2,2,7,activity_span_days,1.681125775462963,1.681125775462963,-0.03758886593017063,log1p_then_standardize,<=,x[10] > -1.9030283189744133 AND x[1] <= 3.3623428235961432 AND x[7] <= -0.037588865930170627 AND x[9] > 0.72770045027717445 AND x[4] > -0.65612041652386022,5,48,exkmc_0.0.3
rich,20260803,4,16,7,7,2,3,9,session_count_30m,3.9999999999999996,3.9999999999999996,0.7277004502771744,log1p_then_standardize,>,x[10] > -1.9030283189744133 AND x[1] <= 3.3623428235961432 AND x[7] <= -0.037588865930170627 AND x[9] > 0.72770045027717445 AND x[4] > -0.65612041652386022,5,48,exkmc_0.0.3
rich,20260803,4,16,7,7,2,4,4,active_days,1.0,1.0,-0.6561204165238602,log1p_then_standardize,>,x[10] > -1.9030283189744133 AND x[1] <= 3.3623428235961432 AND x[7] <= -0.037588865930170627 AND x[9] > 0.72770045027717445 AND x[4] > -0.65612041652386022,5,48,exkmc_0.0.3
rich,20260803,4,16,8,8,2,0,10,distinct_top_categories,0.0,0.0,-1.9030283189744133,log1p_then_standardize,>,x[10] > -1.9030283189744133 AND x[1] <= 3.3623428235961432 AND x[7] > -0.037588865930170627 AND x[10] <= 4.3506741517115595 AND x[6] <= 2.4708503816658296 AND x[2] <= 6.5809937436745738,6,2967,exkmc_0.0.3
rich,20260803,4,16,8,8,2,1,1,purchase_occasion_count,5.0,5.0,3.3623428235961432,log1p_then_standardize,<=,x[10] > -1.9030283189744133 AND x[1] <= 3.3623428235961432 AND x[7] > -0.037588865930170627 AND x[10] <= 4.3506741517115595 AND x[6] <= 2.4708503816658296 AND x[2] <= 6.5809937436745738,6,2967,exkmc_0.0.3
rich,20260803,4,16,8,8,2,2,7,activity_span_days,1.681125775462963,1.681125775462963,-0.03758886593017063,log1p_then_standardize,>,x[10] > -1.9030283189744133 AND x[1] <= 3.3623428235961432 AND x[7] > -0.037588865930170627 AND x[10] <= 4.3506741517115595 AND x[6] <= 2.4708503816658296 AND x[2] <= 6.5809937436745738,6,2967,exkmc_0.0.3
rich,20260803,4,16,8,8,2,3,10,distinct_top_categories,11.0,11.0,4.3506741517115595,log1p_then_standardize,<=,x[10] > -1.9030283189744133 AND x[1] <= 3.3623428235961432 AND x[7] > -0.037588865930170627 AND x[10] <= 4.3506741517115595 AND x[6] <= 2.4708503816658296 AND x[2] <= 6.5809937436745738,6,2967,exkmc_0.0.3
rich,20260803,4,16,8,8,2,4,6,transaction_per_view,1.3999999999999997,1.3999999999999997,2.4708503816658296,standardize,<=,x[10] > -1.9030283189744133 AND x[1] <= 3.3623428235961432 AND x[7] > -0.037588865930170627 AND x[10] <= 4.3506741517115595 AND x[6] <= 2.4708503816658296 AND x[2] <= 6.5809937436745738,6,2967,exkmc_0.0.3
rich,20260803,4,16,8,8,2,5,2,purchase_event_count,34.00000000000001,34.00000000000001,6.580993743674574,log1p_then_standardize,<=,x[10] > -1.9030283189744133 AND x[1] <= 3.3623428235961432 AND x[7] > -0.037588865930170627 AND x[10] <= 4.3506741517115595 AND x[6] <= 2.4708503816658296 AND x[2] <= 6.5809937436745738,6,2967,exkmc_0.0.3
rich,20260803,4,16,9,9,1,0,10,distinct_top_categories,0.0,0.0,-1.9030283189744133,log1p_then_standardize,>,x[10] > -1.9030283189744133 AND x[1] <= 3.3623428235961432 AND x[7] > -0.037588865930170627 AND x[10] <= 4.3506741517115595 AND x[6] <= 2.4708503816658296 AND x[2] > 6.5809937436745738,6,1,exkmc_0.0.3
rich,20260803,4,16,9,9,1,1,1,purchase_occasion_count,5.0,5.0,3.3623428235961432,log1p_then_standardize,<=,x[10] > -1.9030283189744133 AND x[1] <= 3.3623428235961432 AND x[7] > -0.037588865930170627 AND x[10] <= 4.3506741517115595 AND x[6] <= 2.4708503816658296 AND x[2] > 6.5809937436745738,6,1,exkmc_0.0.3
rich,20260803,4,16,9,9,1,2,7,activity_span_days,1.681125775462963,1.681125775462963,-0.03758886593017063,log1p_then_standardize,>,x[10] > -1.9030283189744133 AND x[1] <= 3.3623428235961432 AND x[7] > -0.037588865930170627 AND x[10] <= 4.3506741517115595 AND x[6] <= 2.4708503816658296 AND x[2] > 6.5809937436745738,6,1,exkmc_0.0.3
rich,20260803,4,16,9,9,1,3,10,distinct_top_categories,11.0,11.0,4.3506741517115595,log1p_then_standardize,<=,x[10] > -1.9030283189744133 AND x[1] <= 3.3623428235961432 AND x[7] > -0.037588865930170627 AND x[10] <= 4.3506741517115595 AND x[6] <= 2.4708503816658296 AND x[2] > 6.5809937436745738,6,1,exkmc_0.0.3
rich,20260803,4,16,9,9,1,4,6,transaction_per_view,1.3999999999999997,1.3999999999999997,2.4708503816658296,standardize,<=,x[10] > -1.9030283189744133 AND x[1] <= 3.3623428235961432 AND x[7] > -0.037588865930170627 AND x[10] <= 4.3506741517115595 AND x[6] <= 2.4708503816658296 AND x[2] > 6.5809937436745738,6,1,exkmc_0.0.3
rich,20260803,4,16,9,9,1,5,2,purchase_event_count,34.00000000000001,34.00000000000001,6.580993743674574,log1p_then_standardize,>,x[10] > -1.9030283189744133 AND x[1] <= 3.3623428235961432 AND x[7] > -0.037588865930170627 AND x[10] <= 4.3506741517115595 AND x[6] <= 2.4708503816658296 AND x[2] > 6.5809937436745738,6,1,exkmc_0.0.3
rich,20260803,4,16,10,10,0,0,10,distinct_top_categories,0.0,0.0,-1.9030283189744133,log1p_then_standardize,>,x[10] > -1.9030283189744133 AND x[1] <= 3.3623428235961432 AND x[7] > -0.037588865930170627 AND x[10] <= 4.3506741517115595 AND x[6] > 2.4708503816658296,5,13,exkmc_0.0.3
rich,20260803,4,16,10,10,0,1,1,purchase_occasion_count,5.0,5.0,3.3623428235961432,log1p_then_standardize,<=,x[10] > -1.9030283189744133 AND x[1] <= 3.3623428235961432 AND x[7] > -0.037588865930170627 AND x[10] <= 4.3506741517115595 AND x[6] > 2.4708503816658296,5,13,exkmc_0.0.3
rich,20260803,4,16,10,10,0,2,7,activity_span_days,1.681125775462963,1.681125775462963,-0.03758886593017063,log1p_then_standardize,>,x[10] > -1.9030283189744133 AND x[1] <= 3.3623428235961432 AND x[7] > -0.037588865930170627 AND x[10] <= 4.3506741517115595 AND x[6] > 2.4708503816658296,5,13,exkmc_0.0.3
rich,20260803,4,16,10,10,0,3,10,distinct_top_categories,11.0,11.0,4.3506741517115595,log1p_then_standardize,<=,x[10] > -1.9030283189744133 AND x[1] <= 3.3623428235961432 AND x[7] > -0.037588865930170627 AND x[10] <= 4.3506741517115595 AND x[6] > 2.4708503816658296,5,13,exkmc_0.0.3
rich,20260803,4,16,10,10,0,4,6,transaction_per_view,1.3999999999999997,1.3999999999999997,2.4708503816658296,standardize,>,x[10] > -1.9030283189744133 AND x[1] <= 3.3623428235961432 AND x[7] > -0.037588865930170627 AND x[10] <= 4.3506741517115595 AND x[6] > 2.4708503816658296,5,13,exkmc_0.0.3
rich,20260803,4,16,11,11,2,0,10,distinct_top_categories,0.0,0.0,-1.9030283189744133,log1p_then_standardize,>,x[10] > -1.9030283189744133 AND x[1] <= 3.3623428235961432 AND x[7] > -0.037588865930170627 AND x[10] > 4.3506741517115595 AND x[2] <= 0.60545383950739751,5,2,exkmc_0.0.3
rich,20260803,4,16,11,11,2,1,1,purchase_occasion_count,5.0,5.0,3.3623428235961432,log1p_then_standardize,<=,x[10] > -1.9030283189744133 AND x[1] <= 3.3623428235961432 AND x[7] > -0.037588865930170627 AND x[10] > 4.3506741517115595 AND x[2] <= 0.60545383950739751,5,2,exkmc_0.0.3
rich,20260803,4,16,11,11,2,2,7,activity_span_days,1.681125775462963,1.681125775462963,-0.03758886593017063,log1p_then_standardize,>,x[10] > -1.9030283189744133 AND x[1] <= 3.3623428235961432 AND x[7] > -0.037588865930170627 AND x[10] > 4.3506741517115595 AND x[2] <= 0.60545383950739751,5,2,exkmc_0.0.3
rich,20260803,4,16,11,11,2,3,10,distinct_top_categories,11.0,11.0,4.3506741517115595,log1p_then_standardize,>,x[10] > -1.9030283189744133 AND x[1] <= 3.3623428235961432 AND x[7] > -0.037588865930170627 AND x[10] > 4.3506741517115595 AND x[2] <= 0.60545383950739751,5,2,exkmc_0.0.3
rich,20260803,4,16,11,11,2,4,2,purchase_event_count,2.0000000000000004,2.0000000000000004,0.6054538395073975,log1p_then_standardize,<=,x[10] > -1.9030283189744133 AND x[1] <= 3.3623428235961432 AND x[7] > -0.037588865930170627 AND x[10] > 4.3506741517115595 AND x[2] <= 0.60545383950739751,5,2,exkmc_0.0.3
rich,20260803,4,16,12,12,1,0,10,distinct_top_categories,0.0,0.0,-1.9030283189744133,log1p_then_standardize,>,x[10] > -1.9030283189744133 AND x[1] <= 3.3623428235961432 AND x[7] > -0.037588865930170627 AND x[10] > 4.3506741517115595 AND x[2] > 0.60545383950739751,5,6,exkmc_0.0.3
rich,20260803,4,16,12,12,1,1,1,purchase_occasion_count,5.0,5.0,3.3623428235961432,log1p_then_standardize,<=,x[10] > -1.9030283189744133 AND x[1] <= 3.3623428235961432 AND x[7] > -0.037588865930170627 AND x[10] > 4.3506741517115595 AND x[2] > 0.60545383950739751,5,6,exkmc_0.0.3
rich,20260803,4,16,12,12,1,2,7,activity_span_days,1.681125775462963,1.681125775462963,-0.03758886593017063,log1p_then_standardize,>,x[10] > -1.9030283189744133 AND x[1] <= 3.3623428235961432 AND x[7] > -0.037588865930170627 AND x[10] > 4.3506741517115595 AND x[2] > 0.60545383950739751,5,6,exkmc_0.0.3
rich,20260803,4,16,12,12,1,3,10,distinct_top_categories,11.0,11.0,4.3506741517115595,log1p_then_standardize,>,x[10] > -1.9030283189744133 AND x[1] <= 3.3623428235961432 AND x[7] > -0.037588865930170627 AND x[10] > 4.3506741517115595 AND x[2] > 0.60545383950739751,5,6,exkmc_0.0.3
rich,20260803,4,16,12,12,1,4,2,purchase_event_count,2.0000000000000004,2.0000000000000004,0.6054538395073975,log1p_then_standardize,>,x[10] > -1.9030283189744133 AND x[1] <= 3.3623428235961432 AND x[7] > -0.037588865930170627 AND x[10] > 4.3506741517115595 AND x[2] > 0.60545383950739751,5,6,exkmc_0.0.3
rich,20260803,4,16,13,13,2,0,10,distinct_top_categories,0.0,0.0,-1.9030283189744133,log1p_then_standardize,>,x[10] > -1.9030283189744133 AND x[1] > 3.3623428235961432 AND x[3] <= 1.7218313732901287,3,4,exkmc_0.0.3
rich,20260803,4,16,13,13,2,1,1,purchase_occasion_count,5.0,5.0,3.3623428235961432,log1p_then_standardize,>,x[10] > -1.9030283189744133 AND x[1] > 3.3623428235961432 AND x[3] <= 1.7218313732901287,3,4,exkmc_0.0.3
rich,20260803,4,16,13,13,2,2,3,total_events,39.0,39.0,1.7218313732901287,log1p_then_standardize,<=,x[10] > -1.9030283189744133 AND x[1] > 3.3623428235961432 AND x[3] <= 1.7218313732901287,3,4,exkmc_0.0.3
rich,20260803,4,16,14,14,2,0,10,distinct_top_categories,0.0,0.0,-1.9030283189744133,log1p_then_standardize,>,x[10] > -1.9030283189744133 AND x[1] > 3.3623428235961432 AND x[3] > 1.7218313732901287 AND x[4] <= -0.65612041652386022,4,1,exkmc_0.0.3
rich,20260803,4,16,14,14,2,1,1,purchase_occasion_count,5.0,5.0,3.3623428235961432,log1p_then_standardize,>,x[10] > -1.9030283189744133 AND x[1] > 3.3623428235961432 AND x[3] > 1.7218313732901287 AND x[4] <= -0.65612041652386022,4,1,exkmc_0.0.3
rich,20260803,4,16,14,14,2,2,3,total_events,39.0,39.0,1.7218313732901287,log1p_then_standardize,>,x[10] > -1.9030283189744133 AND x[1] > 3.3623428235961432 AND x[3] > 1.7218313732901287 AND x[4] <= -0.65612041652386022,4,1,exkmc_0.0.3
rich,20260803,4,16,14,14,2,3,4,active_days,1.0,1.0,-0.6561204165238602,log1p_then_standardize,<=,x[10] > -1.9030283189744133 AND x[1] > 3.3623428235961432 AND x[3] > 1.7218313732901287 AND x[4] <= -0.65612041652386022,4,1,exkmc_0.0.3
rich,20260803,4,16,15,15,1,0,10,distinct_top_categories,0.0,0.0,-1.9030283189744133,log1p_then_standardize,>,x[10] > -1.9030283189744133 AND x[1] > 3.3623428235961432 AND x[3] > 1.7218313732901287 AND x[4] > -0.65612041652386022,4,93,exkmc_0.0.3
rich,20260803,4,16,15,15,1,1,1,purchase_occasion_count,5.0,5.0,3.3623428235961432,log1p_then_standardize,>,x[10] > -1.9030283189744133 AND x[1] > 3.3623428235961432 AND x[3] > 1.7218313732901287 AND x[4] > -0.65612041652386022,4,93,exkmc_0.0.3
rich,20260803,4,16,15,15,1,2,3,total_events,39.0,39.0,1.7218313732901287,log1p_then_standardize,>,x[10] > -1.9030283189744133 AND x[1] > 3.3623428235961432 AND x[3] > 1.7218313732901287 AND x[4] > -0.65612041652386022,4,93,exkmc_0.0.3
rich,20260803,4,16,15,15,1,3,4,active_days,1.0,1.0,-0.6561204165238602,log1p_then_standardize,>,x[10] > -1.9030283189744133 AND x[1] > 3.3623428235961432 AND x[3] > 1.7218313732901287 AND x[4] > -0.65612041652386022,4,93,exkmc_0.0.3
rich,20260804,4,4,0,0,3,0,10,distinct_top_categories,0.0,0.0,-1.9019534331706072,log1p_then_standardize,<=,x[10] <= -1.9019534331706072,1,937,exkmc_0.0.3
rich,20260804,4,4,1,1,0,0,10,distinct_top_categories,0.0,0.0,-1.9019534331706072,log1p_then_standardize,>,x[10] > -1.9019534331706072 AND x[1] <= 2.9111740804211106 AND x[7] <= 0.043475467911853784,3,5520,exkmc_0.0.3
rich,20260804,4,4,1,1,0,1,1,purchase_occasion_count,3.9999999999999996,3.9999999999999996,2.9111740804211106,log1p_then_standardize,<=,x[10] > -1.9019534331706072 AND x[1] <= 2.9111740804211106 AND x[7] <= 0.043475467911853784,3,5520,exkmc_0.0.3
rich,20260804,4,4,1,1,0,2,7,activity_span_days,2.0289837384259264,2.0289837384259264,0.043475467911853784,log1p_then_standardize,<=,x[10] > -1.9019534331706072 AND x[1] <= 2.9111740804211106 AND x[7] <= 0.043475467911853784,3,5520,exkmc_0.0.3
rich,20260804,4,4,2,2,1,0,10,distinct_top_categories,0.0,0.0,-1.9019534331706072,log1p_then_standardize,>,x[10] > -1.9019534331706072 AND x[1] <= 2.9111740804211106 AND x[7] > 0.043475467911853784,3,2816,exkmc_0.0.3
rich,20260804,4,4,2,2,1,1,1,purchase_occasion_count,3.9999999999999996,3.9999999999999996,2.9111740804211106,log1p_then_standardize,<=,x[10] > -1.9019534331706072 AND x[1] <= 2.9111740804211106 AND x[7] > 0.043475467911853784,3,2816,exkmc_0.0.3
rich,20260804,4,4,2,2,1,2,7,activity_span_days,2.0289837384259264,2.0289837384259264,0.043475467911853784,log1p_then_standardize,>,x[10] > -1.9019534331706072 AND x[1] <= 2.9111740804211106 AND x[7] > 0.043475467911853784,3,2816,exkmc_0.0.3
rich,20260804,4,4,3,3,2,0,10,distinct_top_categories,0.0,0.0,-1.9019534331706072,log1p_then_standardize,>,x[10] > -1.9019534331706072 AND x[1] > 2.9111740804211106,2,102,exkmc_0.0.3
rich,20260804,4,4,3,3,2,1,1,purchase_occasion_count,3.9999999999999996,3.9999999999999996,2.9111740804211106,log1p_then_standardize,>,x[10] > -1.9019534331706072 AND x[1] > 2.9111740804211106,2,102,exkmc_0.0.3
rich,20260804,4,5,0,0,3,0,10,distinct_top_categories,0.0,0.0,-1.9019534331706072,log1p_then_standardize,<=,x[10] <= -1.9019534331706072,1,937,exkmc_0.0.3
rich,20260804,4,5,1,1,0,0,10,distinct_top_categories,0.0,0.0,-1.9019534331706072,log1p_then_standardize,>,x[10] > -1.9019534331706072 AND x[1] <= 2.9111740804211106 AND x[7] <= 0.043475467911853784 AND x[9] <= 0.71493381506872844,4,5432,exkmc_0.0.3
rich,20260804,4,5,1,1,0,1,1,purchase_occasion_count,3.9999999999999996,3.9999999999999996,2.9111740804211106,log1p_then_standardize,<=,x[10] > -1.9019534331706072 AND x[1] <= 2.9111740804211106 AND x[7] <= 0.043475467911853784 AND x[9] <= 0.71493381506872844,4,5432,exkmc_0.0.3
rich,20260804,4,5,1,1,0,2,7,activity_span_days,2.0289837384259264,2.0289837384259264,0.043475467911853784,log1p_then_standardize,<=,x[10] > -1.9019534331706072 AND x[1] <= 2.9111740804211106 AND x[7] <= 0.043475467911853784 AND x[9] <= 0.71493381506872844,4,5432,exkmc_0.0.3
rich,20260804,4,5,1,1,0,3,9,session_count_30m,3.9999999999999996,3.9999999999999996,0.7149338150687284,log1p_then_standardize,<=,x[10] > -1.9019534331706072 AND x[1] <= 2.9111740804211106 AND x[7] <= 0.043475467911853784 AND x[9] <= 0.71493381506872844,4,5432,exkmc_0.0.3
rich,20260804,4,5,2,2,1,0,10,distinct_top_categories,0.0,0.0,-1.9019534331706072,log1p_then_standardize,>,x[10] > -1.9019534331706072 AND x[1] <= 2.9111740804211106 AND x[7] <= 0.043475467911853784 AND x[9] > 0.71493381506872844,4,88,exkmc_0.0.3
rich,20260804,4,5,2,2,1,1,1,purchase_occasion_count,3.9999999999999996,3.9999999999999996,2.9111740804211106,log1p_then_standardize,<=,x[10] > -1.9019534331706072 AND x[1] <= 2.9111740804211106 AND x[7] <= 0.043475467911853784 AND x[9] > 0.71493381506872844,4,88,exkmc_0.0.3
rich,20260804,4,5,2,2,1,2,7,activity_span_days,2.0289837384259264,2.0289837384259264,0.043475467911853784,log1p_then_standardize,<=,x[10] > -1.9019534331706072 AND x[1] <= 2.9111740804211106 AND x[7] <= 0.043475467911853784 AND x[9] > 0.71493381506872844,4,88,exkmc_0.0.3
rich,20260804,4,5,2,2,1,3,9,session_count_30m,3.9999999999999996,3.9999999999999996,0.7149338150687284,log1p_then_standardize,>,x[10] > -1.9019534331706072 AND x[1] <= 2.9111740804211106 AND x[7] <= 0.043475467911853784 AND x[9] > 0.71493381506872844,4,88,exkmc_0.0.3
rich,20260804,4,5,3,3,1,0,10,distinct_top_categories,0.0,0.0,-1.9019534331706072,log1p_then_standardize,>,x[10] > -1.9019534331706072 AND x[1] <= 2.9111740804211106 AND x[7] > 0.043475467911853784,3,2816,exkmc_0.0.3
rich,20260804,4,5,3,3,1,1,1,purchase_occasion_count,3.9999999999999996,3.9999999999999996,2.9111740804211106,log1p_then_standardize,<=,x[10] > -1.9019534331706072 AND x[1] <= 2.9111740804211106 AND x[7] > 0.043475467911853784,3,2816,exkmc_0.0.3
rich,20260804,4,5,3,3,1,2,7,activity_span_days,2.0289837384259264,2.0289837384259264,0.043475467911853784,log1p_then_standardize,>,x[10] > -1.9019534331706072 AND x[1] <= 2.9111740804211106 AND x[7] > 0.043475467911853784,3,2816,exkmc_0.0.3
rich,20260804,4,5,4,4,2,0,10,distinct_top_categories,0.0,0.0,-1.9019534331706072,log1p_then_standardize,>,x[10] > -1.9019534331706072 AND x[1] > 2.9111740804211106,2,102,exkmc_0.0.3
rich,20260804,4,5,4,4,2,1,1,purchase_occasion_count,3.9999999999999996,3.9999999999999996,2.9111740804211106,log1p_then_standardize,>,x[10] > -1.9019534331706072 AND x[1] > 2.9111740804211106,2,102,exkmc_0.0.3
rich,20260804,4,6,0,0,3,0,10,distinct_top_categories,0.0,0.0,-1.9019534331706072,log1p_then_standardize,<=,x[10] <= -1.9019534331706072,1,937,exkmc_0.0.3
rich,20260804,4,6,1,1,0,0,10,distinct_top_categories,0.0,0.0,-1.9019534331706072,log1p_then_standardize,>,x[10] > -1.9019534331706072 AND x[1] <= 2.9111740804211106 AND x[7] <= 0.043475467911853784 AND x[9] <= 0.71493381506872844,4,5432,exkmc_0.0.3
rich,20260804,4,6,1,1,0,1,1,purchase_occasion_count,3.9999999999999996,3.9999999999999996,2.9111740804211106,log1p_then_standardize,<=,x[10] > -1.9019534331706072 AND x[1] <= 2.9111740804211106 AND x[7] <= 0.043475467911853784 AND x[9] <= 0.71493381506872844,4,5432,exkmc_0.0.3
rich,20260804,4,6,1,1,0,2,7,activity_span_days,2.0289837384259264,2.0289837384259264,0.043475467911853784,log1p_then_standardize,<=,x[10] > -1.9019534331706072 AND x[1] <= 2.9111740804211106 AND x[7] <= 0.043475467911853784 AND x[9] <= 0.71493381506872844,4,5432,exkmc_0.0.3
rich,20260804,4,6,1,1,0,3,9,session_count_30m,3.9999999999999996,3.9999999999999996,0.7149338150687284,log1p_then_standardize,<=,x[10] > -1.9019534331706072 AND x[1] <= 2.9111740804211106 AND x[7] <= 0.043475467911853784 AND x[9] <= 0.71493381506872844,4,5432,exkmc_0.0.3
rich,20260804,4,6,2,2,1,0,10,distinct_top_categories,0.0,0.0,-1.9019534331706072,log1p_then_standardize,>,x[10] > -1.9019534331706072 AND x[1] <= 2.9111740804211106 AND x[7] <= 0.043475467911853784 AND x[9] > 0.71493381506872844,4,88,exkmc_0.0.3
rich,20260804,4,6,2,2,1,1,1,purchase_occasion_count,3.9999999999999996,3.9999999999999996,2.9111740804211106,log1p_then_standardize,<=,x[10] > -1.9019534331706072 AND x[1] <= 2.9111740804211106 AND x[7] <= 0.043475467911853784 AND x[9] > 0.71493381506872844,4,88,exkmc_0.0.3
rich,20260804,4,6,2,2,1,2,7,activity_span_days,2.0289837384259264,2.0289837384259264,0.043475467911853784,log1p_then_standardize,<=,x[10] > -1.9019534331706072 AND x[1] <= 2.9111740804211106 AND x[7] <= 0.043475467911853784 AND x[9] > 0.71493381506872844,4,88,exkmc_0.0.3
rich,20260804,4,6,2,2,1,3,9,session_count_30m,3.9999999999999996,3.9999999999999996,0.7149338150687284,log1p_then_standardize,>,x[10] > -1.9019534331706072 AND x[1] <= 2.9111740804211106 AND x[7] <= 0.043475467911853784 AND x[9] > 0.71493381506872844,4,88,exkmc_0.0.3
rich,20260804,4,6,3,3,1,0,10,distinct_top_categories,0.0,0.0,-1.9019534331706072,log1p_then_standardize,>,x[10] > -1.9019534331706072 AND x[1] <= 2.9111740804211106 AND x[7] > 0.043475467911853784 AND x[10] <= 3.9168247324227337,4,2801,exkmc_0.0.3
rich,20260804,4,6,3,3,1,1,1,purchase_occasion_count,3.9999999999999996,3.9999999999999996,2.9111740804211106,log1p_then_standardize,<=,x[10] > -1.9019534331706072 AND x[1] <= 2.9111740804211106 AND x[7] > 0.043475467911853784 AND x[10] <= 3.9168247324227337,4,2801,exkmc_0.0.3
rich,20260804,4,6,3,3,1,2,7,activity_span_days,2.0289837384259264,2.0289837384259264,0.043475467911853784,log1p_then_standardize,>,x[10] > -1.9019534331706072 AND x[1] <= 2.9111740804211106 AND x[7] > 0.043475467911853784 AND x[10] <= 3.9168247324227337,4,2801,exkmc_0.0.3
rich,20260804,4,6,3,3,1,3,10,distinct_top_categories,9.000000000000002,9.000000000000002,3.9168247324227337,log1p_then_standardize,<=,x[10] > -1.9019534331706072 AND x[1] <= 2.9111740804211106 AND x[7] > 0.043475467911853784 AND x[10] <= 3.9168247324227337,4,2801,exkmc_0.0.3
rich,20260804,4,6,4,4,2,0,10,distinct_top_categories,0.0,0.0,-1.9019534331706072,log1p_then_standardize,>,x[10] > -1.9019534331706072 AND x[1] <= 2.9111740804211106 AND x[7] > 0.043475467911853784 AND x[10] > 3.9168247324227337,4,15,exkmc_0.0.3
rich,20260804,4,6,4,4,2,1,1,purchase_occasion_count,3.9999999999999996,3.9999999999999996,2.9111740804211106,log1p_then_standardize,<=,x[10] > -1.9019534331706072 AND x[1] <= 2.9111740804211106 AND x[7] > 0.043475467911853784 AND x[10] > 3.9168247324227337,4,15,exkmc_0.0.3
rich,20260804,4,6,4,4,2,2,7,activity_span_days,2.0289837384259264,2.0289837384259264,0.043475467911853784,log1p_then_standardize,>,x[10] > -1.9019534331706072 AND x[1] <= 2.9111740804211106 AND x[7] > 0.043475467911853784 AND x[10] > 3.9168247324227337,4,15,exkmc_0.0.3
rich,20260804,4,6,4,4,2,3,10,distinct_top_categories,9.000000000000002,9.000000000000002,3.9168247324227337,log1p_then_standardize,>,x[10] > -1.9019534331706072 AND x[1] <= 2.9111740804211106 AND x[7] > 0.043475467911853784 AND x[10] > 3.9168247324227337,4,15,exkmc_0.0.3
rich,20260804,4,6,5,5,2,0,10,distinct_top_categories,0.0,0.0,-1.9019534331706072,log1p_then_standardize,>,x[10] > -1.9019534331706072 AND x[1] > 2.9111740804211106,2,102,exkmc_0.0.3
rich,20260804,4,6,5,5,2,1,1,purchase_occasion_count,3.9999999999999996,3.9999999999999996,2.9111740804211106,log1p_then_standardize,>,x[10] > -1.9019534331706072 AND x[1] > 2.9111740804211106,2,102,exkmc_0.0.3
rich,20260804,4,7,0,0,3,0,10,distinct_top_categories,0.0,0.0,-1.9019534331706072,log1p_then_standardize,<=,x[10] <= -1.9019534331706072,1,937,exkmc_0.0.3
rich,20260804,4,7,1,1,0,0,10,distinct_top_categories,0.0,0.0,-1.9019534331706072,log1p_then_standardize,>,x[10] > -1.9019534331706072 AND x[1] <= 2.9111740804211106 AND x[7] <= 0.043475467911853784 AND x[9] <= 0.71493381506872844,4,5432,exkmc_0.0.3
rich,20260804,4,7,1,1,0,1,1,purchase_occasion_count,3.9999999999999996,3.9999999999999996,2.9111740804211106,log1p_then_standardize,<=,x[10] > -1.9019534331706072 AND x[1] <= 2.9111740804211106 AND x[7] <= 0.043475467911853784 AND x[9] <= 0.71493381506872844,4,5432,exkmc_0.0.3
rich,20260804,4,7,1,1,0,2,7,activity_span_days,2.0289837384259264,2.0289837384259264,0.043475467911853784,log1p_then_standardize,<=,x[10] > -1.9019534331706072 AND x[1] <= 2.9111740804211106 AND x[7] <= 0.043475467911853784 AND x[9] <= 0.71493381506872844,4,5432,exkmc_0.0.3
rich,20260804,4,7,1,1,0,3,9,session_count_30m,3.9999999999999996,3.9999999999999996,0.7149338150687284,log1p_then_standardize,<=,x[10] > -1.9019534331706072 AND x[1] <= 2.9111740804211106 AND x[7] <= 0.043475467911853784 AND x[9] <= 0.71493381506872844,4,5432,exkmc_0.0.3
rich,20260804,4,7,2,2,1,0,10,distinct_top_categories,0.0,0.0,-1.9019534331706072,log1p_then_standardize,>,x[10] > -1.9019534331706072 AND x[1] <= 2.9111740804211106 AND x[7] <= 0.043475467911853784 AND x[9] > 0.71493381506872844,4,88,exkmc_0.0.3
rich,20260804,4,7,2,2,1,1,1,purchase_occasion_count,3.9999999999999996,3.9999999999999996,2.9111740804211106,log1p_then_standardize,<=,x[10] > -1.9019534331706072 AND x[1] <= 2.9111740804211106 AND x[7] <= 0.043475467911853784 AND x[9] > 0.71493381506872844,4,88,exkmc_0.0.3
rich,20260804,4,7,2,2,1,2,7,activity_span_days,2.0289837384259264,2.0289837384259264,0.043475467911853784,log1p_then_standardize,<=,x[10] > -1.9019534331706072 AND x[1] <= 2.9111740804211106 AND x[7] <= 0.043475467911853784 AND x[9] > 0.71493381506872844,4,88,exkmc_0.0.3
rich,20260804,4,7,2,2,1,3,9,session_count_30m,3.9999999999999996,3.9999999999999996,0.7149338150687284,log1p_then_standardize,>,x[10] > -1.9019534331706072 AND x[1] <= 2.9111740804211106 AND x[7] <= 0.043475467911853784 AND x[9] > 0.71493381506872844,4,88,exkmc_0.0.3
rich,20260804,4,7,3,3,1,0,10,distinct_top_categories,0.0,0.0,-1.9019534331706072,log1p_then_standardize,>,x[10] > -1.9019534331706072 AND x[1] <= 2.9111740804211106 AND x[7] > 0.043475467911853784 AND x[10] <= 3.9168247324227337,4,2801,exkmc_0.0.3
rich,20260804,4,7,3,3,1,1,1,purchase_occasion_count,3.9999999999999996,3.9999999999999996,2.9111740804211106,log1p_then_standardize,<=,x[10] > -1.9019534331706072 AND x[1] <= 2.9111740804211106 AND x[7] > 0.043475467911853784 AND x[10] <= 3.9168247324227337,4,2801,exkmc_0.0.3
rich,20260804,4,7,3,3,1,2,7,activity_span_days,2.0289837384259264,2.0289837384259264,0.043475467911853784,log1p_then_standardize,>,x[10] > -1.9019534331706072 AND x[1] <= 2.9111740804211106 AND x[7] > 0.043475467911853784 AND x[10] <= 3.9168247324227337,4,2801,exkmc_0.0.3
rich,20260804,4,7,3,3,1,3,10,distinct_top_categories,9.000000000000002,9.000000000000002,3.9168247324227337,log1p_then_standardize,<=,x[10] > -1.9019534331706072 AND x[1] <= 2.9111740804211106 AND x[7] > 0.043475467911853784 AND x[10] <= 3.9168247324227337,4,2801,exkmc_0.0.3
rich,20260804,4,7,4,4,2,0,10,distinct_top_categories,0.0,0.0,-1.9019534331706072,log1p_then_standardize,>,x[10] > -1.9019534331706072 AND x[1] <= 2.9111740804211106 AND x[7] > 0.043475467911853784 AND x[10] > 3.9168247324227337,4,15,exkmc_0.0.3
rich,20260804,4,7,4,4,2,1,1,purchase_occasion_count,3.9999999999999996,3.9999999999999996,2.9111740804211106,log1p_then_standardize,<=,x[10] > -1.9019534331706072 AND x[1] <= 2.9111740804211106 AND x[7] > 0.043475467911853784 AND x[10] > 3.9168247324227337,4,15,exkmc_0.0.3
rich,20260804,4,7,4,4,2,2,7,activity_span_days,2.0289837384259264,2.0289837384259264,0.043475467911853784,log1p_then_standardize,>,x[10] > -1.9019534331706072 AND x[1] <= 2.9111740804211106 AND x[7] > 0.043475467911853784 AND x[10] > 3.9168247324227337,4,15,exkmc_0.0.3
rich,20260804,4,7,4,4,2,3,10,distinct_top_categories,9.000000000000002,9.000000000000002,3.9168247324227337,log1p_then_standardize,>,x[10] > -1.9019534331706072 AND x[1] <= 2.9111740804211106 AND x[7] > 0.043475467911853784 AND x[10] > 3.9168247324227337,4,15,exkmc_0.0.3
rich,20260804,4,7,5,5,1,0,10,distinct_top_categories,0.0,0.0,-1.9019534331706072,log1p_then_standardize,>,x[10] > -1.9019534331706072 AND x[1] > 2.9111740804211106 AND x[10] <= 0.87430930613266333,3,5,exkmc_0.0.3
rich,20260804,4,7,5,5,1,1,1,purchase_occasion_count,3.9999999999999996,3.9999999999999996,2.9111740804211106,log1p_then_standardize,>,x[10] > -1.9019534331706072 AND x[1] > 2.9111740804211106 AND x[10] <= 0.87430930613266333,3,5,exkmc_0.0.3
rich,20260804,4,7,5,5,1,2,10,distinct_top_categories,2.0000000000000004,2.0000000000000004,0.8743093061326633,log1p_then_standardize,<=,x[10] > -1.9019534331706072 AND x[1] > 2.9111740804211106 AND x[10] <= 0.87430930613266333,3,5,exkmc_0.0.3
rich,20260804,4,7,6,6,2,0,10,distinct_top_categories,0.0,0.0,-1.9019534331706072,log1p_then_standardize,>,x[10] > -1.9019534331706072 AND x[1] > 2.9111740804211106 AND x[10] > 0.87430930613266333,3,97,exkmc_0.0.3
rich,20260804,4,7,6,6,2,1,1,purchase_occasion_count,3.9999999999999996,3.9999999999999996,2.9111740804211106,log1p_then_standardize,>,x[10] > -1.9019534331706072 AND x[1] > 2.9111740804211106 AND x[10] > 0.87430930613266333,3,97,exkmc_0.0.3
rich,20260804,4,7,6,6,2,2,10,distinct_top_categories,2.0000000000000004,2.0000000000000004,0.8743093061326633,log1p_then_standardize,>,x[10] > -1.9019534331706072 AND x[1] > 2.9111740804211106 AND x[10] > 0.87430930613266333,3,97,exkmc_0.0.3
rich,20260804,4,8,0,0,3,0,10,distinct_top_categories,0.0,0.0,-1.9019534331706072,log1p_then_standardize,<=,x[10] <= -1.9019534331706072,1,937,exkmc_0.0.3
rich,20260804,4,8,1,1,0,0,10,distinct_top_categories,0.0,0.0,-1.9019534331706072,log1p_then_standardize,>,x[10] > -1.9019534331706072 AND x[1] <= 2.9111740804211106 AND x[7] <= 0.043475467911853784 AND x[9] <= 0.71493381506872844 AND x[4] <= 0.17349218069471267,5,5388,exkmc_0.0.3
rich,20260804,4,8,1,1,0,1,1,purchase_occasion_count,3.9999999999999996,3.9999999999999996,2.9111740804211106,log1p_then_standardize,<=,x[10] > -1.9019534331706072 AND x[1] <= 2.9111740804211106 AND x[7] <= 0.043475467911853784 AND x[9] <= 0.71493381506872844 AND x[4] <= 0.17349218069471267,5,5388,exkmc_0.0.3
rich,20260804,4,8,1,1,0,2,7,activity_span_days,2.0289837384259264,2.0289837384259264,0.043475467911853784,log1p_then_standardize,<=,x[10] > -1.9019534331706072 AND x[1] <= 2.9111740804211106 AND x[7] <= 0.043475467911853784 AND x[9] <= 0.71493381506872844 AND x[4] <= 0.17349218069471267,5,5388,exkmc_0.0.3
rich,20260804,4,8,1,1,0,3,9,session_count_30m,3.9999999999999996,3.9999999999999996,0.7149338150687284,log1p_then_standardize,<=,x[10] > -1.9019534331706072 AND x[1] <= 2.9111740804211106 AND x[7] <= 0.043475467911853784 AND x[9] <= 0.71493381506872844 AND x[4] <= 0.17349218069471267,5,5388,exkmc_0.0.3
rich,20260804,4,8,1,1,0,4,4,active_days,2.0000000000000004,2.0000000000000004,0.17349218069471267,log1p_then_standardize,<=,x[10] > -1.9019534331706072 AND x[1] <= 2.9111740804211106 AND x[7] <= 0.043475467911853784 AND x[9] <= 0.71493381506872844 AND x[4] <= 0.17349218069471267,5,5388,exkmc_0.0.3
rich,20260804,4,8,2,2,1,0,10,distinct_top_categories,0.0,0.0,-1.9019534331706072,log1p_then_standardize,>,x[10] > -1.9019534331706072 AND x[1] <= 2.9111740804211106 AND x[7] <= 0.043475467911853784 AND x[9] <= 0.71493381506872844 AND x[4] > 0.17349218069471267,5,44,exkmc_0.0.3
rich,20260804,4,8,2,2,1,1,1,purchase_occasion_count,3.9999999999999996,3.9999999999999996,2.9111740804211106,log1p_then_standardize,<=,x[10] > -1.9019534331706072 AND x[1] <= 2.9111740804211106 AND x[7] <= 0.043475467911853784 AND x[9] <= 0.71493381506872844 AND x[4] > 0.17349218069471267,5,44,exkmc_0.0.3
rich,20260804,4,8,2,2,1,2,7,activity_span_days,2.0289837384259264,2.0289837384259264,0.043475467911853784,log1p_then_standardize,<=,x[10] > -1.9019534331706072 AND x[1] <= 2.9111740804211106 AND x[7] <= 0.043475467911853784 AND x[9] <= 0.71493381506872844 AND x[4] > 0.17349218069471267,5,44,exkmc_0.0.3
rich,20260804,4,8,2,2,1,3,9,session_count_30m,3.9999999999999996,3.9999999999999996,0.7149338150687284,log1p_then_standardize,<=,x[10] > -1.9019534331706072 AND x[1] <= 2.9111740804211106 AND x[7] <= 0.043475467911853784 AND x[9] <= 0.71493381506872844 AND x[4] > 0.17349218069471267,5,44,exkmc_0.0.3
rich,20260804,4,8,2,2,1,4,4,active_days,2.0000000000000004,2.0000000000000004,0.17349218069471267,log1p_then_standardize,>,x[10] > -1.9019534331706072 AND x[1] <= 2.9111740804211106 AND x[7] <= 0.043475467911853784 AND x[9] <= 0.71493381506872844 AND x[4] > 0.17349218069471267,5,44,exkmc_0.0.3
rich,20260804,4,8,3,3,1,0,10,distinct_top_categories,0.0,0.0,-1.9019534331706072,log1p_then_standardize,>,x[10] > -1.9019534331706072 AND x[1] <= 2.9111740804211106 AND x[7] <= 0.043475467911853784 AND x[9] > 0.71493381506872844,4,88,exkmc_0.0.3
rich,20260804,4,8,3,3,1,1,1,purchase_occasion_count,3.9999999999999996,3.9999999999999996,2.9111740804211106,log1p_then_standardize,<=,x[10] > -1.9019534331706072 AND x[1] <= 2.9111740804211106 AND x[7] <= 0.043475467911853784 AND x[9] > 0.71493381506872844,4,88,exkmc_0.0.3
rich,20260804,4,8,3,3,1,2,7,activity_span_days,2.0289837384259264,2.0289837384259264,0.043475467911853784,log1p_then_standardize,<=,x[10] > -1.9019534331706072 AND x[1] <= 2.9111740804211106 AND x[7] <= 0.043475467911853784 AND x[9] > 0.71493381506872844,4,88,exkmc_0.0.3
rich,20260804,4,8,3,3,1,3,9,session_count_30m,3.9999999999999996,3.9999999999999996,0.7149338150687284,log1p_then_standardize,>,x[10] > -1.9019534331706072 AND x[1] <= 2.9111740804211106 AND x[7] <= 0.043475467911853784 AND x[9] > 0.71493381506872844,4,88,exkmc_0.0.3
rich,20260804,4,8,4,4,1,0,10,distinct_top_categories,0.0,0.0,-1.9019534331706072,log1p_then_standardize,>,x[10] > -1.9019534331706072 AND x[1] <= 2.9111740804211106 AND x[7] > 0.043475467911853784 AND x[10] <= 3.9168247324227337,4,2801,exkmc_0.0.3
rich,20260804,4,8,4,4,1,1,1,purchase_occasion_count,3.9999999999999996,3.9999999999999996,2.9111740804211106,log1p_then_standardize,<=,x[10] > -1.9019534331706072 AND x[1] <= 2.9111740804211106 AND x[7] > 0.043475467911853784 AND x[10] <= 3.9168247324227337,4,2801,exkmc_0.0.3
rich,20260804,4,8,4,4,1,2,7,activity_span_days,2.0289837384259264,2.0289837384259264,0.043475467911853784,log1p_then_standardize,>,x[10] > -1.9019534331706072 AND x[1] <= 2.9111740804211106 AND x[7] > 0.043475467911853784 AND x[10] <= 3.9168247324227337,4,2801,exkmc_0.0.3
rich,20260804,4,8,4,4,1,3,10,distinct_top_categories,9.000000000000002,9.000000000000002,3.9168247324227337,log1p_then_standardize,<=,x[10] > -1.9019534331706072 AND x[1] <= 2.9111740804211106 AND x[7] > 0.043475467911853784 AND x[10] <= 3.9168247324227337,4,2801,exkmc_0.0.3
rich,20260804,4,8,5,5,2,0,10,distinct_top_categories,0.0,0.0,-1.9019534331706072,log1p_then_standardize,>,x[10] > -1.9019534331706072 AND x[1] <= 2.9111740804211106 AND x[7] > 0.043475467911853784 AND x[10] > 3.9168247324227337,4,15,exkmc_0.0.3
rich,20260804,4,8,5,5,2,1,1,purchase_occasion_count,3.9999999999999996,3.9999999999999996,2.9111740804211106,log1p_then_standardize,<=,x[10] > -1.9019534331706072 AND x[1] <= 2.9111740804211106 AND x[7] > 0.043475467911853784 AND x[10] > 3.9168247324227337,4,15,exkmc_0.0.3
rich,20260804,4,8,5,5,2,2,7,activity_span_days,2.0289837384259264,2.0289837384259264,0.043475467911853784,log1p_then_standardize,>,x[10] > -1.9019534331706072 AND x[1] <= 2.9111740804211106 AND x[7] > 0.043475467911853784 AND x[10] > 3.9168247324227337,4,15,exkmc_0.0.3
rich,20260804,4,8,5,5,2,3,10,distinct_top_categories,9.000000000000002,9.000000000000002,3.9168247324227337,log1p_then_standardize,>,x[10] > -1.9019534331706072 AND x[1] <= 2.9111740804211106 AND x[7] > 0.043475467911853784 AND x[10] > 3.9168247324227337,4,15,exkmc_0.0.3
rich,20260804,4,8,6,6,1,0,10,distinct_top_categories,0.0,0.0,-1.9019534331706072,log1p_then_standardize,>,x[10] > -1.9019534331706072 AND x[1] > 2.9111740804211106 AND x[10] <= 0.87430930613266333,3,5,exkmc_0.0.3
rich,20260804,4,8,6,6,1,1,1,purchase_occasion_count,3.9999999999999996,3.9999999999999996,2.9111740804211106,log1p_then_standardize,>,x[10] > -1.9019534331706072 AND x[1] > 2.9111740804211106 AND x[10] <= 0.87430930613266333,3,5,exkmc_0.0.3
rich,20260804,4,8,6,6,1,2,10,distinct_top_categories,2.0000000000000004,2.0000000000000004,0.8743093061326633,log1p_then_standardize,<=,x[10] > -1.9019534331706072 AND x[1] > 2.9111740804211106 AND x[10] <= 0.87430930613266333,3,5,exkmc_0.0.3
rich,20260804,4,8,7,7,2,0,10,distinct_top_categories,0.0,0.0,-1.9019534331706072,log1p_then_standardize,>,x[10] > -1.9019534331706072 AND x[1] > 2.9111740804211106 AND x[10] > 0.87430930613266333,3,97,exkmc_0.0.3
rich,20260804,4,8,7,7,2,1,1,purchase_occasion_count,3.9999999999999996,3.9999999999999996,2.9111740804211106,log1p_then_standardize,>,x[10] > -1.9019534331706072 AND x[1] > 2.9111740804211106 AND x[10] > 0.87430930613266333,3,97,exkmc_0.0.3
rich,20260804,4,8,7,7,2,2,10,distinct_top_categories,2.0000000000000004,2.0000000000000004,0.8743093061326633,log1p_then_standardize,>,x[10] > -1.9019534331706072 AND x[1] > 2.9111740804211106 AND x[10] > 0.87430930613266333,3,97,exkmc_0.0.3
rich,20260804,4,9,0,0,3,0,10,distinct_top_categories,0.0,0.0,-1.9019534331706072,log1p_then_standardize,<=,x[10] <= -1.9019534331706072,1,937,exkmc_0.0.3
rich,20260804,4,9,1,1,0,0,10,distinct_top_categories,0.0,0.0,-1.9019534331706072,log1p_then_standardize,>,x[10] > -1.9019534331706072 AND x[1] <= 2.9111740804211106 AND x[7] <= 0.043475467911853784 AND x[9] <= 0.71493381506872844 AND x[4] <= 0.17349218069471267,5,5388,exkmc_0.0.3
rich,20260804,4,9,1,1,0,1,1,purchase_occasion_count,3.9999999999999996,3.9999999999999996,2.9111740804211106,log1p_then_standardize,<=,x[10] > -1.9019534331706072 AND x[1] <= 2.9111740804211106 AND x[7] <= 0.043475467911853784 AND x[9] <= 0.71493381506872844 AND x[4] <= 0.17349218069471267,5,5388,exkmc_0.0.3
rich,20260804,4,9,1,1,0,2,7,activity_span_days,2.0289837384259264,2.0289837384259264,0.043475467911853784,log1p_then_standardize,<=,x[10] > -1.9019534331706072 AND x[1] <= 2.9111740804211106 AND x[7] <= 0.043475467911853784 AND x[9] <= 0.71493381506872844 AND x[4] <= 0.17349218069471267,5,5388,exkmc_0.0.3
rich,20260804,4,9,1,1,0,3,9,session_count_30m,3.9999999999999996,3.9999999999999996,0.7149338150687284,log1p_then_standardize,<=,x[10] > -1.9019534331706072 AND x[1] <= 2.9111740804211106 AND x[7] <= 0.043475467911853784 AND x[9] <= 0.71493381506872844 AND x[4] <= 0.17349218069471267,5,5388,exkmc_0.0.3
rich,20260804,4,9,1,1,0,4,4,active_days,2.0000000000000004,2.0000000000000004,0.17349218069471267,log1p_then_standardize,<=,x[10] > -1.9019534331706072 AND x[1] <= 2.9111740804211106 AND x[7] <= 0.043475467911853784 AND x[9] <= 0.71493381506872844 AND x[4] <= 0.17349218069471267,5,5388,exkmc_0.0.3
rich,20260804,4,9,2,2,1,0,10,distinct_top_categories,0.0,0.0,-1.9019534331706072,log1p_then_standardize,>,x[10] > -1.9019534331706072 AND x[1] <= 2.9111740804211106 AND x[7] <= 0.043475467911853784 AND x[9] <= 0.71493381506872844 AND x[4] > 0.17349218069471267,5,44,exkmc_0.0.3
rich,20260804,4,9,2,2,1,1,1,purchase_occasion_count,3.9999999999999996,3.9999999999999996,2.9111740804211106,log1p_then_standardize,<=,x[10] > -1.9019534331706072 AND x[1] <= 2.9111740804211106 AND x[7] <= 0.043475467911853784 AND x[9] <= 0.71493381506872844 AND x[4] > 0.17349218069471267,5,44,exkmc_0.0.3
rich,20260804,4,9,2,2,1,2,7,activity_span_days,2.0289837384259264,2.0289837384259264,0.043475467911853784,log1p_then_standardize,<=,x[10] > -1.9019534331706072 AND x[1] <= 2.9111740804211106 AND x[7] <= 0.043475467911853784 AND x[9] <= 0.71493381506872844 AND x[4] > 0.17349218069471267,5,44,exkmc_0.0.3
rich,20260804,4,9,2,2,1,3,9,session_count_30m,3.9999999999999996,3.9999999999999996,0.7149338150687284,log1p_then_standardize,<=,x[10] > -1.9019534331706072 AND x[1] <= 2.9111740804211106 AND x[7] <= 0.043475467911853784 AND x[9] <= 0.71493381506872844 AND x[4] > 0.17349218069471267,5,44,exkmc_0.0.3
rich,20260804,4,9,2,2,1,4,4,active_days,2.0000000000000004,2.0000000000000004,0.17349218069471267,log1p_then_standardize,>,x[10] > -1.9019534331706072 AND x[1] <= 2.9111740804211106 AND x[7] <= 0.043475467911853784 AND x[9] <= 0.71493381506872844 AND x[4] > 0.17349218069471267,5,44,exkmc_0.0.3
rich,20260804,4,9,3,3,1,0,10,distinct_top_categories,0.0,0.0,-1.9019534331706072,log1p_then_standardize,>,x[10] > -1.9019534331706072 AND x[1] <= 2.9111740804211106 AND x[7] <= 0.043475467911853784 AND x[9] > 0.71493381506872844,4,88,exkmc_0.0.3
rich,20260804,4,9,3,3,1,1,1,purchase_occasion_count,3.9999999999999996,3.9999999999999996,2.9111740804211106,log1p_then_standardize,<=,x[10] > -1.9019534331706072 AND x[1] <= 2.9111740804211106 AND x[7] <= 0.043475467911853784 AND x[9] > 0.71493381506872844,4,88,exkmc_0.0.3
rich,20260804,4,9,3,3,1,2,7,activity_span_days,2.0289837384259264,2.0289837384259264,0.043475467911853784,log1p_then_standardize,<=,x[10] > -1.9019534331706072 AND x[1] <= 2.9111740804211106 AND x[7] <= 0.043475467911853784 AND x[9] > 0.71493381506872844,4,88,exkmc_0.0.3
rich,20260804,4,9,3,3,1,3,9,session_count_30m,3.9999999999999996,3.9999999999999996,0.7149338150687284,log1p_then_standardize,>,x[10] > -1.9019534331706072 AND x[1] <= 2.9111740804211106 AND x[7] <= 0.043475467911853784 AND x[9] > 0.71493381506872844,4,88,exkmc_0.0.3
rich,20260804,4,9,4,4,1,0,10,distinct_top_categories,0.0,0.0,-1.9019534331706072,log1p_then_standardize,>,x[10] > -1.9019534331706072 AND x[1] <= 2.9111740804211106 AND x[7] > 0.043475467911853784 AND x[10] <= 3.9168247324227337 AND x[2] <= 4.6753659623122381,5,2793,exkmc_0.0.3
rich,20260804,4,9,4,4,1,1,1,purchase_occasion_count,3.9999999999999996,3.9999999999999996,2.9111740804211106,log1p_then_standardize,<=,x[10] > -1.9019534331706072 AND x[1] <= 2.9111740804211106 AND x[7] > 0.043475467911853784 AND x[10] <= 3.9168247324227337 AND x[2] <= 4.6753659623122381,5,2793,exkmc_0.0.3
rich,20260804,4,9,4,4,1,2,7,activity_span_days,2.0289837384259264,2.0289837384259264,0.043475467911853784,log1p_then_standardize,>,x[10] > -1.9019534331706072 AND x[1] <= 2.9111740804211106 AND x[7] > 0.043475467911853784 AND x[10] <= 3.9168247324227337 AND x[2] <= 4.6753659623122381,5,2793,exkmc_0.0.3
rich,20260804,4,9,4,4,1,3,10,distinct_top_categories,9.000000000000002,9.000000000000002,3.9168247324227337,log1p_then_standardize,<=,x[10] > -1.9019534331706072 AND x[1] <= 2.9111740804211106 AND x[7] > 0.043475467911853784 AND x[10] <= 3.9168247324227337 AND x[2] <= 4.6753659623122381,5,2793,exkmc_0.0.3
rich,20260804,4,9,4,4,1,4,2,purchase_event_count,14.0,14.0,4.675365962312238,log1p_then_standardize,<=,x[10] > -1.9019534331706072 AND x[1] <= 2.9111740804211106 AND x[7] > 0.043475467911853784 AND x[10] <= 3.9168247324227337 AND x[2] <= 4.6753659623122381,5,2793,exkmc_0.0.3
rich,20260804,4,9,5,5,2,0,10,distinct_top_categories,0.0,0.0,-1.9019534331706072,log1p_then_standardize,>,x[10] > -1.9019534331706072 AND x[1] <= 2.9111740804211106 AND x[7] > 0.043475467911853784 AND x[10] <= 3.9168247324227337 AND x[2] > 4.6753659623122381,5,8,exkmc_0.0.3
rich,20260804,4,9,5,5,2,1,1,purchase_occasion_count,3.9999999999999996,3.9999999999999996,2.9111740804211106,log1p_then_standardize,<=,x[10] > -1.9019534331706072 AND x[1] <= 2.9111740804211106 AND x[7] > 0.043475467911853784 AND x[10] <= 3.9168247324227337 AND x[2] > 4.6753659623122381,5,8,exkmc_0.0.3
rich,20260804,4,9,5,5,2,2,7,activity_span_days,2.0289837384259264,2.0289837384259264,0.043475467911853784,log1p_then_standardize,>,x[10] > -1.9019534331706072 AND x[1] <= 2.9111740804211106 AND x[7] > 0.043475467911853784 AND x[10] <= 3.9168247324227337 AND x[2] > 4.6753659623122381,5,8,exkmc_0.0.3
rich,20260804,4,9,5,5,2,3,10,distinct_top_categories,9.000000000000002,9.000000000000002,3.9168247324227337,log1p_then_standardize,<=,x[10] > -1.9019534331706072 AND x[1] <= 2.9111740804211106 AND x[7] > 0.043475467911853784 AND x[10] <= 3.9168247324227337 AND x[2] > 4.6753659623122381,5,8,exkmc_0.0.3
rich,20260804,4,9,5,5,2,4,2,purchase_event_count,14.0,14.0,4.675365962312238,log1p_then_standardize,>,x[10] > -1.9019534331706072 AND x[1] <= 2.9111740804211106 AND x[7] > 0.043475467911853784 AND x[10] <= 3.9168247324227337 AND x[2] > 4.6753659623122381,5,8,exkmc_0.0.3
rich,20260804,4,9,6,6,2,0,10,distinct_top_categories,0.0,0.0,-1.9019534331706072,log1p_then_standardize,>,x[10] > -1.9019534331706072 AND x[1] <= 2.9111740804211106 AND x[7] > 0.043475467911853784 AND x[10] > 3.9168247324227337,4,15,exkmc_0.0.3
rich,20260804,4,9,6,6,2,1,1,purchase_occasion_count,3.9999999999999996,3.9999999999999996,2.9111740804211106,log1p_then_standardize,<=,x[10] > -1.9019534331706072 AND x[1] <= 2.9111740804211106 AND x[7] > 0.043475467911853784 AND x[10] > 3.9168247324227337,4,15,exkmc_0.0.3
rich,20260804,4,9,6,6,2,2,7,activity_span_days,2.0289837384259264,2.0289837384259264,0.043475467911853784,log1p_then_standardize,>,x[10] > -1.9019534331706072 AND x[1] <= 2.9111740804211106 AND x[7] > 0.043475467911853784 AND x[10] > 3.9168247324227337,4,15,exkmc_0.0.3
rich,20260804,4,9,6,6,2,3,10,distinct_top_categories,9.000000000000002,9.000000000000002,3.9168247324227337,log1p_then_standardize,>,x[10] > -1.9019534331706072 AND x[1] <= 2.9111740804211106 AND x[7] > 0.043475467911853784 AND x[10] > 3.9168247324227337,4,15,exkmc_0.0.3
rich,20260804,4,9,7,7,1,0,10,distinct_top_categories,0.0,0.0,-1.9019534331706072,log1p_then_standardize,>,x[10] > -1.9019534331706072 AND x[1] > 2.9111740804211106 AND x[10] <= 0.87430930613266333,3,5,exkmc_0.0.3
rich,20260804,4,9,7,7,1,1,1,purchase_occasion_count,3.9999999999999996,3.9999999999999996,2.9111740804211106,log1p_then_standardize,>,x[10] > -1.9019534331706072 AND x[1] > 2.9111740804211106 AND x[10] <= 0.87430930613266333,3,5,exkmc_0.0.3
rich,20260804,4,9,7,7,1,2,10,distinct_top_categories,2.0000000000000004,2.0000000000000004,0.8743093061326633,log1p_then_standardize,<=,x[10] > -1.9019534331706072 AND x[1] > 2.9111740804211106 AND x[10] <= 0.87430930613266333,3,5,exkmc_0.0.3
rich,20260804,4,9,8,8,2,0,10,distinct_top_categories,0.0,0.0,-1.9019534331706072,log1p_then_standardize,>,x[10] > -1.9019534331706072 AND x[1] > 2.9111740804211106 AND x[10] > 0.87430930613266333,3,97,exkmc_0.0.3
rich,20260804,4,9,8,8,2,1,1,purchase_occasion_count,3.9999999999999996,3.9999999999999996,2.9111740804211106,log1p_then_standardize,>,x[10] > -1.9019534331706072 AND x[1] > 2.9111740804211106 AND x[10] > 0.87430930613266333,3,97,exkmc_0.0.3
rich,20260804,4,9,8,8,2,2,10,distinct_top_categories,2.0000000000000004,2.0000000000000004,0.8743093061326633,log1p_then_standardize,>,x[10] > -1.9019534331706072 AND x[1] > 2.9111740804211106 AND x[10] > 0.87430930613266333,3,97,exkmc_0.0.3
rich,20260804,4,10,0,0,3,0,10,distinct_top_categories,0.0,0.0,-1.9019534331706072,log1p_then_standardize,<=,x[10] <= -1.9019534331706072,1,937,exkmc_0.0.3
rich,20260804,4,10,1,1,0,0,10,distinct_top_categories,0.0,0.0,-1.9019534331706072,log1p_then_standardize,>,x[10] > -1.9019534331706072 AND x[1] <= 2.9111740804211106 AND x[7] <= 0.043475467911853784 AND x[9] <= 0.71493381506872844 AND x[4] <= 0.17349218069471267,5,5388,exkmc_0.0.3
rich,20260804,4,10,1,1,0,1,1,purchase_occasion_count,3.9999999999999996,3.9999999999999996,2.9111740804211106,log1p_then_standardize,<=,x[10] > -1.9019534331706072 AND x[1] <= 2.9111740804211106 AND x[7] <= 0.043475467911853784 AND x[9] <= 0.71493381506872844 AND x[4] <= 0.17349218069471267,5,5388,exkmc_0.0.3
rich,20260804,4,10,1,1,0,2,7,activity_span_days,2.0289837384259264,2.0289837384259264,0.043475467911853784,log1p_then_standardize,<=,x[10] > -1.9019534331706072 AND x[1] <= 2.9111740804211106 AND x[7] <= 0.043475467911853784 AND x[9] <= 0.71493381506872844 AND x[4] <= 0.17349218069471267,5,5388,exkmc_0.0.3
rich,20260804,4,10,1,1,0,3,9,session_count_30m,3.9999999999999996,3.9999999999999996,0.7149338150687284,log1p_then_standardize,<=,x[10] > -1.9019534331706072 AND x[1] <= 2.9111740804211106 AND x[7] <= 0.043475467911853784 AND x[9] <= 0.71493381506872844 AND x[4] <= 0.17349218069471267,5,5388,exkmc_0.0.3
rich,20260804,4,10,1,1,0,4,4,active_days,2.0000000000000004,2.0000000000000004,0.17349218069471267,log1p_then_standardize,<=,x[10] > -1.9019534331706072 AND x[1] <= 2.9111740804211106 AND x[7] <= 0.043475467911853784 AND x[9] <= 0.71493381506872844 AND x[4] <= 0.17349218069471267,5,5388,exkmc_0.0.3
rich,20260804,4,10,2,2,1,0,10,distinct_top_categories,0.0,0.0,-1.9019534331706072,log1p_then_standardize,>,x[10] > -1.9019534331706072 AND x[1] <= 2.9111740804211106 AND x[7] <= 0.043475467911853784 AND x[9] <= 0.71493381506872844 AND x[4] > 0.17349218069471267,5,44,exkmc_0.0.3
rich,20260804,4,10,2,2,1,1,1,purchase_occasion_count,3.9999999999999996,3.9999999999999996,2.9111740804211106,log1p_then_standardize,<=,x[10] > -1.9019534331706072 AND x[1] <= 2.9111740804211106 AND x[7] <= 0.043475467911853784 AND x[9] <= 0.71493381506872844 AND x[4] > 0.17349218069471267,5,44,exkmc_0.0.3
rich,20260804,4,10,2,2,1,2,7,activity_span_days,2.0289837384259264,2.0289837384259264,0.043475467911853784,log1p_then_standardize,<=,x[10] > -1.9019534331706072 AND x[1] <= 2.9111740804211106 AND x[7] <= 0.043475467911853784 AND x[9] <= 0.71493381506872844 AND x[4] > 0.17349218069471267,5,44,exkmc_0.0.3
rich,20260804,4,10,2,2,1,3,9,session_count_30m,3.9999999999999996,3.9999999999999996,0.7149338150687284,log1p_then_standardize,<=,x[10] > -1.9019534331706072 AND x[1] <= 2.9111740804211106 AND x[7] <= 0.043475467911853784 AND x[9] <= 0.71493381506872844 AND x[4] > 0.17349218069471267,5,44,exkmc_0.0.3
rich,20260804,4,10,2,2,1,4,4,active_days,2.0000000000000004,2.0000000000000004,0.17349218069471267,log1p_then_standardize,>,x[10] > -1.9019534331706072 AND x[1] <= 2.9111740804211106 AND x[7] <= 0.043475467911853784 AND x[9] <= 0.71493381506872844 AND x[4] > 0.17349218069471267,5,44,exkmc_0.0.3
rich,20260804,4,10,3,3,1,0,10,distinct_top_categories,0.0,0.0,-1.9019534331706072,log1p_then_standardize,>,x[10] > -1.9019534331706072 AND x[1] <= 2.9111740804211106 AND x[7] <= 0.043475467911853784 AND x[9] > 0.71493381506872844,4,88,exkmc_0.0.3
rich,20260804,4,10,3,3,1,1,1,purchase_occasion_count,3.9999999999999996,3.9999999999999996,2.9111740804211106,log1p_then_standardize,<=,x[10] > -1.9019534331706072 AND x[1] <= 2.9111740804211106 AND x[7] <= 0.043475467911853784 AND x[9] > 0.71493381506872844,4,88,exkmc_0.0.3
rich,20260804,4,10,3,3,1,2,7,activity_span_days,2.0289837384259264,2.0289837384259264,0.043475467911853784,log1p_then_standardize,<=,x[10] > -1.9019534331706072 AND x[1] <= 2.9111740804211106 AND x[7] <= 0.043475467911853784 AND x[9] > 0.71493381506872844,4,88,exkmc_0.0.3
rich,20260804,4,10,3,3,1,3,9,session_count_30m,3.9999999999999996,3.9999999999999996,0.7149338150687284,log1p_then_standardize,>,x[10] > -1.9019534331706072 AND x[1] <= 2.9111740804211106 AND x[7] <= 0.043475467911853784 AND x[9] > 0.71493381506872844,4,88,exkmc_0.0.3
rich,20260804,4,10,4,4,1,0,10,distinct_top_categories,0.0,0.0,-1.9019534331706072,log1p_then_standardize,>,x[10] > -1.9019534331706072 AND x[1] <= 2.9111740804211106 AND x[7] > 0.043475467911853784 AND x[10] <= 3.9168247324227337 AND x[2] <= 4.6753659623122381,5,2793,exkmc_0.0.3
rich,20260804,4,10,4,4,1,1,1,purchase_occasion_count,3.9999999999999996,3.9999999999999996,2.9111740804211106,log1p_then_standardize,<=,x[10] > -1.9019534331706072 AND x[1] <= 2.9111740804211106 AND x[7] > 0.043475467911853784 AND x[10] <= 3.9168247324227337 AND x[2] <= 4.6753659623122381,5,2793,exkmc_0.0.3
rich,20260804,4,10,4,4,1,2,7,activity_span_days,2.0289837384259264,2.0289837384259264,0.043475467911853784,log1p_then_standardize,>,x[10] > -1.9019534331706072 AND x[1] <= 2.9111740804211106 AND x[7] > 0.043475467911853784 AND x[10] <= 3.9168247324227337 AND x[2] <= 4.6753659623122381,5,2793,exkmc_0.0.3
rich,20260804,4,10,4,4,1,3,10,distinct_top_categories,9.000000000000002,9.000000000000002,3.9168247324227337,log1p_then_standardize,<=,x[10] > -1.9019534331706072 AND x[1] <= 2.9111740804211106 AND x[7] > 0.043475467911853784 AND x[10] <= 3.9168247324227337 AND x[2] <= 4.6753659623122381,5,2793,exkmc_0.0.3
rich,20260804,4,10,4,4,1,4,2,purchase_event_count,14.0,14.0,4.675365962312238,log1p_then_standardize,<=,x[10] > -1.9019534331706072 AND x[1] <= 2.9111740804211106 AND x[7] > 0.043475467911853784 AND x[10] <= 3.9168247324227337 AND x[2] <= 4.6753659623122381,5,2793,exkmc_0.0.3
rich,20260804,4,10,5,5,2,0,10,distinct_top_categories,0.0,0.0,-1.9019534331706072,log1p_then_standardize,>,x[10] > -1.9019534331706072 AND x[1] <= 2.9111740804211106 AND x[7] > 0.043475467911853784 AND x[10] <= 3.9168247324227337 AND x[2] > 4.6753659623122381,5,8,exkmc_0.0.3
rich,20260804,4,10,5,5,2,1,1,purchase_occasion_count,3.9999999999999996,3.9999999999999996,2.9111740804211106,log1p_then_standardize,<=,x[10] > -1.9019534331706072 AND x[1] <= 2.9111740804211106 AND x[7] > 0.043475467911853784 AND x[10] <= 3.9168247324227337 AND x[2] > 4.6753659623122381,5,8,exkmc_0.0.3
rich,20260804,4,10,5,5,2,2,7,activity_span_days,2.0289837384259264,2.0289837384259264,0.043475467911853784,log1p_then_standardize,>,x[10] > -1.9019534331706072 AND x[1] <= 2.9111740804211106 AND x[7] > 0.043475467911853784 AND x[10] <= 3.9168247324227337 AND x[2] > 4.6753659623122381,5,8,exkmc_0.0.3
rich,20260804,4,10,5,5,2,3,10,distinct_top_categories,9.000000000000002,9.000000000000002,3.9168247324227337,log1p_then_standardize,<=,x[10] > -1.9019534331706072 AND x[1] <= 2.9111740804211106 AND x[7] > 0.043475467911853784 AND x[10] <= 3.9168247324227337 AND x[2] > 4.6753659623122381,5,8,exkmc_0.0.3
rich,20260804,4,10,5,5,2,4,2,purchase_event_count,14.0,14.0,4.675365962312238,log1p_then_standardize,>,x[10] > -1.9019534331706072 AND x[1] <= 2.9111740804211106 AND x[7] > 0.043475467911853784 AND x[10] <= 3.9168247324227337 AND x[2] > 4.6753659623122381,5,8,exkmc_0.0.3
rich,20260804,4,10,6,6,1,0,10,distinct_top_categories,0.0,0.0,-1.9019534331706072,log1p_then_standardize,>,x[10] > -1.9019534331706072 AND x[1] <= 2.9111740804211106 AND x[7] > 0.043475467911853784 AND x[10] > 3.9168247324227337 AND x[1] <= -0.21160950588791436,5,4,exkmc_0.0.3
rich,20260804,4,10,6,6,1,1,1,purchase_occasion_count,3.9999999999999996,3.9999999999999996,2.9111740804211106,log1p_then_standardize,<=,x[10] > -1.9019534331706072 AND x[1] <= 2.9111740804211106 AND x[7] > 0.043475467911853784 AND x[10] > 3.9168247324227337 AND x[1] <= -0.21160950588791436,5,4,exkmc_0.0.3
rich,20260804,4,10,6,6,1,2,7,activity_span_days,2.0289837384259264,2.0289837384259264,0.043475467911853784,log1p_then_standardize,>,x[10] > -1.9019534331706072 AND x[1] <= 2.9111740804211106 AND x[7] > 0.043475467911853784 AND x[10] > 3.9168247324227337 AND x[1] <= -0.21160950588791436,5,4,exkmc_0.0.3
rich,20260804,4,10,6,6,1,3,10,distinct_top_categories,9.000000000000002,9.000000000000002,3.9168247324227337,log1p_then_standardize,>,x[10] > -1.9019534331706072 AND x[1] <= 2.9111740804211106 AND x[7] > 0.043475467911853784 AND x[10] > 3.9168247324227337 AND x[1] <= -0.21160950588791436,5,4,exkmc_0.0.3
rich,20260804,4,10,6,6,1,4,1,purchase_occasion_count,1.0,1.0,-0.21160950588791436,log1p_then_standardize,<=,x[10] > -1.9019534331706072 AND x[1] <= 2.9111740804211106 AND x[7] > 0.043475467911853784 AND x[10] > 3.9168247324227337 AND x[1] <= -0.21160950588791436,5,4,exkmc_0.0.3
rich,20260804,4,10,7,7,2,0,10,distinct_top_categories,0.0,0.0,-1.9019534331706072,log1p_then_standardize,>,x[10] > -1.9019534331706072 AND x[1] <= 2.9111740804211106 AND x[7] > 0.043475467911853784 AND x[10] > 3.9168247324227337 AND x[1] > -0.21160950588791436,5,11,exkmc_0.0.3
rich,20260804,4,10,7,7,2,1,1,purchase_occasion_count,3.9999999999999996,3.9999999999999996,2.9111740804211106,log1p_then_standardize,<=,x[10] > -1.9019534331706072 AND x[1] <= 2.9111740804211106 AND x[7] > 0.043475467911853784 AND x[10] > 3.9168247324227337 AND x[1] > -0.21160950588791436,5,11,exkmc_0.0.3
rich,20260804,4,10,7,7,2,2,7,activity_span_days,2.0289837384259264,2.0289837384259264,0.043475467911853784,log1p_then_standardize,>,x[10] > -1.9019534331706072 AND x[1] <= 2.9111740804211106 AND x[7] > 0.043475467911853784 AND x[10] > 3.9168247324227337 AND x[1] > -0.21160950588791436,5,11,exkmc_0.0.3
rich,20260804,4,10,7,7,2,3,10,distinct_top_categories,9.000000000000002,9.000000000000002,3.9168247324227337,log1p_then_standardize,>,x[10] > -1.9019534331706072 AND x[1] <= 2.9111740804211106 AND x[7] > 0.043475467911853784 AND x[10] > 3.9168247324227337 AND x[1] > -0.21160950588791436,5,11,exkmc_0.0.3
rich,20260804,4,10,7,7,2,4,1,purchase_occasion_count,1.0,1.0,-0.21160950588791436,log1p_then_standardize,>,x[10] > -1.9019534331706072 AND x[1] <= 2.9111740804211106 AND x[7] > 0.043475467911853784 AND x[10] > 3.9168247324227337 AND x[1] > -0.21160950588791436,5,11,exkmc_0.0.3
rich,20260804,4,10,8,8,1,0,10,distinct_top_categories,0.0,0.0,-1.9019534331706072,log1p_then_standardize,>,x[10] > -1.9019534331706072 AND x[1] > 2.9111740804211106 AND x[10] <= 0.87430930613266333,3,5,exkmc_0.0.3
rich,20260804,4,10,8,8,1,1,1,purchase_occasion_count,3.9999999999999996,3.9999999999999996,2.9111740804211106,log1p_then_standardize,>,x[10] > -1.9019534331706072 AND x[1] > 2.9111740804211106 AND x[10] <= 0.87430930613266333,3,5,exkmc_0.0.3
rich,20260804,4,10,8,8,1,2,10,distinct_top_categories,2.0000000000000004,2.0000000000000004,0.8743093061326633,log1p_then_standardize,<=,x[10] > -1.9019534331706072 AND x[1] > 2.9111740804211106 AND x[10] <= 0.87430930613266333,3,5,exkmc_0.0.3
rich,20260804,4,10,9,9,2,0,10,distinct_top_categories,0.0,0.0,-1.9019534331706072,log1p_then_standardize,>,x[10] > -1.9019534331706072 AND x[1] > 2.9111740804211106 AND x[10] > 0.87430930613266333,3,97,exkmc_0.0.3
rich,20260804,4,10,9,9,2,1,1,purchase_occasion_count,3.9999999999999996,3.9999999999999996,2.9111740804211106,log1p_then_standardize,>,x[10] > -1.9019534331706072 AND x[1] > 2.9111740804211106 AND x[10] > 0.87430930613266333,3,97,exkmc_0.0.3
rich,20260804,4,10,9,9,2,2,10,distinct_top_categories,2.0000000000000004,2.0000000000000004,0.8743093061326633,log1p_then_standardize,>,x[10] > -1.9019534331706072 AND x[1] > 2.9111740804211106 AND x[10] > 0.87430930613266333,3,97,exkmc_0.0.3
rich,20260804,4,11,0,0,3,0,10,distinct_top_categories,0.0,0.0,-1.9019534331706072,log1p_then_standardize,<=,x[10] <= -1.9019534331706072,1,937,exkmc_0.0.3
rich,20260804,4,11,1,1,0,0,10,distinct_top_categories,0.0,0.0,-1.9019534331706072,log1p_then_standardize,>,x[10] > -1.9019534331706072 AND x[1] <= 2.9111740804211106 AND x[7] <= 0.043475467911853784 AND x[9] <= 0.71493381506872844 AND x[4] <= 0.17349218069471267 AND x[3] <= 2.3490252025687672,6,5377,exkmc_0.0.3
rich,20260804,4,11,1,1,0,1,1,purchase_occasion_count,3.9999999999999996,3.9999999999999996,2.9111740804211106,log1p_then_standardize,<=,x[10] > -1.9019534331706072 AND x[1] <= 2.9111740804211106 AND x[7] <= 0.043475467911853784 AND x[9] <= 0.71493381506872844 AND x[4] <= 0.17349218069471267 AND x[3] <= 2.3490252025687672,6,5377,exkmc_0.0.3
rich,20260804,4,11,1,1,0,2,7,activity_span_days,2.0289837384259264,2.0289837384259264,0.043475467911853784,log1p_then_standardize,<=,x[10] > -1.9019534331706072 AND x[1] <= 2.9111740804211106 AND x[7] <= 0.043475467911853784 AND x[9] <= 0.71493381506872844 AND x[4] <= 0.17349218069471267 AND x[3] <= 2.3490252025687672,6,5377,exkmc_0.0.3
rich,20260804,4,11,1,1,0,3,9,session_count_30m,3.9999999999999996,3.9999999999999996,0.7149338150687284,log1p_then_standardize,<=,x[10] > -1.9019534331706072 AND x[1] <= 2.9111740804211106 AND x[7] <= 0.043475467911853784 AND x[9] <= 0.71493381506872844 AND x[4] <= 0.17349218069471267 AND x[3] <= 2.3490252025687672,6,5377,exkmc_0.0.3
rich,20260804,4,11,1,1,0,4,4,active_days,2.0000000000000004,2.0000000000000004,0.17349218069471267,log1p_then_standardize,<=,x[10] > -1.9019534331706072 AND x[1] <= 2.9111740804211106 AND x[7] <= 0.043475467911853784 AND x[9] <= 0.71493381506872844 AND x[4] <= 0.17349218069471267 AND x[3] <= 2.3490252025687672,6,5377,exkmc_0.0.3
rich,20260804,4,11,1,1,0,5,3,total_events,68.00000000000001,68.00000000000001,2.3490252025687672,log1p_then_standardize,<=,x[10] > -1.9019534331706072 AND x[1] <= 2.9111740804211106 AND x[7] <= 0.043475467911853784 AND x[9] <= 0.71493381506872844 AND x[4] <= 0.17349218069471267 AND x[3] <= 2.3490252025687672,6,5377,exkmc_0.0.3
rich,20260804,4,11,2,2,1,0,10,distinct_top_categories,0.0,0.0,-1.9019534331706072,log1p_then_standardize,>,x[10] > -1.9019534331706072 AND x[1] <= 2.9111740804211106 AND x[7] <= 0.043475467911853784 AND x[9] <= 0.71493381506872844 AND x[4] <= 0.17349218069471267 AND x[3] > 2.3490252025687672,6,11,exkmc_0.0.3
rich,20260804,4,11,2,2,1,1,1,purchase_occasion_count,3.9999999999999996,3.9999999999999996,2.9111740804211106,log1p_then_standardize,<=,x[10] > -1.9019534331706072 AND x[1] <= 2.9111740804211106 AND x[7] <= 0.043475467911853784 AND x[9] <= 0.71493381506872844 AND x[4] <= 0.17349218069471267 AND x[3] > 2.3490252025687672,6,11,exkmc_0.0.3
rich,20260804,4,11,2,2,1,2,7,activity_span_days,2.0289837384259264,2.0289837384259264,0.043475467911853784,log1p_then_standardize,<=,x[10] > -1.9019534331706072 AND x[1] <= 2.9111740804211106 AND x[7] <= 0.043475467911853784 AND x[9] <= 0.71493381506872844 AND x[4] <= 0.17349218069471267 AND x[3] > 2.3490252025687672,6,11,exkmc_0.0.3
rich,20260804,4,11,2,2,1,3,9,session_count_30m,3.9999999999999996,3.9999999999999996,0.7149338150687284,log1p_then_standardize,<=,x[10] > -1.9019534331706072 AND x[1] <= 2.9111740804211106 AND x[7] <= 0.043475467911853784 AND x[9] <= 0.71493381506872844 AND x[4] <= 0.17349218069471267 AND x[3] > 2.3490252025687672,6,11,exkmc_0.0.3
rich,20260804,4,11,2,2,1,4,4,active_days,2.0000000000000004,2.0000000000000004,0.17349218069471267,log1p_then_standardize,<=,x[10] > -1.9019534331706072 AND x[1] <= 2.9111740804211106 AND x[7] <= 0.043475467911853784 AND x[9] <= 0.71493381506872844 AND x[4] <= 0.17349218069471267 AND x[3] > 2.3490252025687672,6,11,exkmc_0.0.3
rich,20260804,4,11,2,2,1,5,3,total_events,68.00000000000001,68.00000000000001,2.3490252025687672,log1p_then_standardize,>,x[10] > -1.9019534331706072 AND x[1] <= 2.9111740804211106 AND x[7] <= 0.043475467911853784 AND x[9] <= 0.71493381506872844 AND x[4] <= 0.17349218069471267 AND x[3] > 2.3490252025687672,6,11,exkmc_0.0.3
rich,20260804,4,11,3,3,1,0,10,distinct_top_categories,0.0,0.0,-1.9019534331706072,log1p_then_standardize,>,x[10] > -1.9019534331706072 AND x[1] <= 2.9111740804211106 AND x[7] <= 0.043475467911853784 AND x[9] <= 0.71493381506872844 AND x[4] > 0.17349218069471267,5,44,exkmc_0.0.3
rich,20260804,4,11,3,3,1,1,1,purchase_occasion_count,3.9999999999999996,3.9999999999999996,2.9111740804211106,log1p_then_standardize,<=,x[10] > -1.9019534331706072 AND x[1] <= 2.9111740804211106 AND x[7] <= 0.043475467911853784 AND x[9] <= 0.71493381506872844 AND x[4] > 0.17349218069471267,5,44,exkmc_0.0.3
rich,20260804,4,11,3,3,1,2,7,activity_span_days,2.0289837384259264,2.0289837384259264,0.043475467911853784,log1p_then_standardize,<=,x[10] > -1.9019534331706072 AND x[1] <= 2.9111740804211106 AND x[7] <= 0.043475467911853784 AND x[9] <= 0.71493381506872844 AND x[4] > 0.17349218069471267,5,44,exkmc_0.0.3
rich,20260804,4,11,3,3,1,3,9,session_count_30m,3.9999999999999996,3.9999999999999996,0.7149338150687284,log1p_then_standardize,<=,x[10] > -1.9019534331706072 AND x[1] <= 2.9111740804211106 AND x[7] <= 0.043475467911853784 AND x[9] <= 0.71493381506872844 AND x[4] > 0.17349218069471267,5,44,exkmc_0.0.3
rich,20260804,4,11,3,3,1,4,4,active_days,2.0000000000000004,2.0000000000000004,0.17349218069471267,log1p_then_standardize,>,x[10] > -1.9019534331706072 AND x[1] <= 2.9111740804211106 AND x[7] <= 0.043475467911853784 AND x[9] <= 0.71493381506872844 AND x[4] > 0.17349218069471267,5,44,exkmc_0.0.3
rich,20260804,4,11,4,4,1,0,10,distinct_top_categories,0.0,0.0,-1.9019534331706072,log1p_then_standardize,>,x[10] > -1.9019534331706072 AND x[1] <= 2.9111740804211106 AND x[7] <= 0.043475467911853784 AND x[9] > 0.71493381506872844,4,88,exkmc_0.0.3
rich,20260804,4,11,4,4,1,1,1,purchase_occasion_count,3.9999999999999996,3.9999999999999996,2.9111740804211106,log1p_then_standardize,<=,x[10] > -1.9019534331706072 AND x[1] <= 2.9111740804211106 AND x[7] <= 0.043475467911853784 AND x[9] > 0.71493381506872844,4,88,exkmc_0.0.3
rich,20260804,4,11,4,4,1,2,7,activity_span_days,2.0289837384259264,2.0289837384259264,0.043475467911853784,log1p_then_standardize,<=,x[10] > -1.9019534331706072 AND x[1] <= 2.9111740804211106 AND x[7] <= 0.043475467911853784 AND x[9] > 0.71493381506872844,4,88,exkmc_0.0.3
rich,20260804,4,11,4,4,1,3,9,session_count_30m,3.9999999999999996,3.9999999999999996,0.7149338150687284,log1p_then_standardize,>,x[10] > -1.9019534331706072 AND x[1] <= 2.9111740804211106 AND x[7] <= 0.043475467911853784 AND x[9] > 0.71493381506872844,4,88,exkmc_0.0.3
rich,20260804,4,11,5,5,1,0,10,distinct_top_categories,0.0,0.0,-1.9019534331706072,log1p_then_standardize,>,x[10] > -1.9019534331706072 AND x[1] <= 2.9111740804211106 AND x[7] > 0.043475467911853784 AND x[10] <= 3.9168247324227337 AND x[2] <= 4.6753659623122381,5,2793,exkmc_0.0.3
rich,20260804,4,11,5,5,1,1,1,purchase_occasion_count,3.9999999999999996,3.9999999999999996,2.9111740804211106,log1p_then_standardize,<=,x[10] > -1.9019534331706072 AND x[1] <= 2.9111740804211106 AND x[7] > 0.043475467911853784 AND x[10] <= 3.9168247324227337 AND x[2] <= 4.6753659623122381,5,2793,exkmc_0.0.3
rich,20260804,4,11,5,5,1,2,7,activity_span_days,2.0289837384259264,2.0289837384259264,0.043475467911853784,log1p_then_standardize,>,x[10] > -1.9019534331706072 AND x[1] <= 2.9111740804211106 AND x[7] > 0.043475467911853784 AND x[10] <= 3.9168247324227337 AND x[2] <= 4.6753659623122381,5,2793,exkmc_0.0.3
rich,20260804,4,11,5,5,1,3,10,distinct_top_categories,9.000000000000002,9.000000000000002,3.9168247324227337,log1p_then_standardize,<=,x[10] > -1.9019534331706072 AND x[1] <= 2.9111740804211106 AND x[7] > 0.043475467911853784 AND x[10] <= 3.9168247324227337 AND x[2] <= 4.6753659623122381,5,2793,exkmc_0.0.3
rich,20260804,4,11,5,5,1,4,2,purchase_event_count,14.0,14.0,4.675365962312238,log1p_then_standardize,<=,x[10] > -1.9019534331706072 AND x[1] <= 2.9111740804211106 AND x[7] > 0.043475467911853784 AND x[10] <= 3.9168247324227337 AND x[2] <= 4.6753659623122381,5,2793,exkmc_0.0.3
rich,20260804,4,11,6,6,2,0,10,distinct_top_categories,0.0,0.0,-1.9019534331706072,log1p_then_standardize,>,x[10] > -1.9019534331706072 AND x[1] <= 2.9111740804211106 AND x[7] > 0.043475467911853784 AND x[10] <= 3.9168247324227337 AND x[2] > 4.6753659623122381,5,8,exkmc_0.0.3
rich,20260804,4,11,6,6,2,1,1,purchase_occasion_count,3.9999999999999996,3.9999999999999996,2.9111740804211106,log1p_then_standardize,<=,x[10] > -1.9019534331706072 AND x[1] <= 2.9111740804211106 AND x[7] > 0.043475467911853784 AND x[10] <= 3.9168247324227337 AND x[2] > 4.6753659623122381,5,8,exkmc_0.0.3
rich,20260804,4,11,6,6,2,2,7,activity_span_days,2.0289837384259264,2.0289837384259264,0.043475467911853784,log1p_then_standardize,>,x[10] > -1.9019534331706072 AND x[1] <= 2.9111740804211106 AND x[7] > 0.043475467911853784 AND x[10] <= 3.9168247324227337 AND x[2] > 4.6753659623122381,5,8,exkmc_0.0.3
rich,20260804,4,11,6,6,2,3,10,distinct_top_categories,9.000000000000002,9.000000000000002,3.9168247324227337,log1p_then_standardize,<=,x[10] > -1.9019534331706072 AND x[1] <= 2.9111740804211106 AND x[7] > 0.043475467911853784 AND x[10] <= 3.9168247324227337 AND x[2] > 4.6753659623122381,5,8,exkmc_0.0.3
rich,20260804,4,11,6,6,2,4,2,purchase_event_count,14.0,14.0,4.675365962312238,log1p_then_standardize,>,x[10] > -1.9019534331706072 AND x[1] <= 2.9111740804211106 AND x[7] > 0.043475467911853784 AND x[10] <= 3.9168247324227337 AND x[2] > 4.6753659623122381,5,8,exkmc_0.0.3
rich,20260804,4,11,7,7,1,0,10,distinct_top_categories,0.0,0.0,-1.9019534331706072,log1p_then_standardize,>,x[10] > -1.9019534331706072 AND x[1] <= 2.9111740804211106 AND x[7] > 0.043475467911853784 AND x[10] > 3.9168247324227337 AND x[1] <= -0.21160950588791436,5,4,exkmc_0.0.3
rich,20260804,4,11,7,7,1,1,1,purchase_occasion_count,3.9999999999999996,3.9999999999999996,2.9111740804211106,log1p_then_standardize,<=,x[10] > -1.9019534331706072 AND x[1] <= 2.9111740804211106 AND x[7] > 0.043475467911853784 AND x[10] > 3.9168247324227337 AND x[1] <= -0.21160950588791436,5,4,exkmc_0.0.3
rich,20260804,4,11,7,7,1,2,7,activity_span_days,2.0289837384259264,2.0289837384259264,0.043475467911853784,log1p_then_standardize,>,x[10] > -1.9019534331706072 AND x[1] <= 2.9111740804211106 AND x[7] > 0.043475467911853784 AND x[10] > 3.9168247324227337 AND x[1] <= -0.21160950588791436,5,4,exkmc_0.0.3
rich,20260804,4,11,7,7,1,3,10,distinct_top_categories,9.000000000000002,9.000000000000002,3.9168247324227337,log1p_then_standardize,>,x[10] > -1.9019534331706072 AND x[1] <= 2.9111740804211106 AND x[7] > 0.043475467911853784 AND x[10] > 3.9168247324227337 AND x[1] <= -0.21160950588791436,5,4,exkmc_0.0.3
rich,20260804,4,11,7,7,1,4,1,purchase_occasion_count,1.0,1.0,-0.21160950588791436,log1p_then_standardize,<=,x[10] > -1.9019534331706072 AND x[1] <= 2.9111740804211106 AND x[7] > 0.043475467911853784 AND x[10] > 3.9168247324227337 AND x[1] <= -0.21160950588791436,5,4,exkmc_0.0.3
rich,20260804,4,11,8,8,2,0,10,distinct_top_categories,0.0,0.0,-1.9019534331706072,log1p_then_standardize,>,x[10] > -1.9019534331706072 AND x[1] <= 2.9111740804211106 AND x[7] > 0.043475467911853784 AND x[10] > 3.9168247324227337 AND x[1] > -0.21160950588791436,5,11,exkmc_0.0.3
rich,20260804,4,11,8,8,2,1,1,purchase_occasion_count,3.9999999999999996,3.9999999999999996,2.9111740804211106,log1p_then_standardize,<=,x[10] > -1.9019534331706072 AND x[1] <= 2.9111740804211106 AND x[7] > 0.043475467911853784 AND x[10] > 3.9168247324227337 AND x[1] > -0.21160950588791436,5,11,exkmc_0.0.3
rich,20260804,4,11,8,8,2,2,7,activity_span_days,2.0289837384259264,2.0289837384259264,0.043475467911853784,log1p_then_standardize,>,x[10] > -1.9019534331706072 AND x[1] <= 2.9111740804211106 AND x[7] > 0.043475467911853784 AND x[10] > 3.9168247324227337 AND x[1] > -0.21160950588791436,5,11,exkmc_0.0.3
rich,20260804,4,11,8,8,2,3,10,distinct_top_categories,9.000000000000002,9.000000000000002,3.9168247324227337,log1p_then_standardize,>,x[10] > -1.9019534331706072 AND x[1] <= 2.9111740804211106 AND x[7] > 0.043475467911853784 AND x[10] > 3.9168247324227337 AND x[1] > -0.21160950588791436,5,11,exkmc_0.0.3
rich,20260804,4,11,8,8,2,4,1,purchase_occasion_count,1.0,1.0,-0.21160950588791436,log1p_then_standardize,>,x[10] > -1.9019534331706072 AND x[1] <= 2.9111740804211106 AND x[7] > 0.043475467911853784 AND x[10] > 3.9168247324227337 AND x[1] > -0.21160950588791436,5,11,exkmc_0.0.3
rich,20260804,4,11,9,9,1,0,10,distinct_top_categories,0.0,0.0,-1.9019534331706072,log1p_then_standardize,>,x[10] > -1.9019534331706072 AND x[1] > 2.9111740804211106 AND x[10] <= 0.87430930613266333,3,5,exkmc_0.0.3
rich,20260804,4,11,9,9,1,1,1,purchase_occasion_count,3.9999999999999996,3.9999999999999996,2.9111740804211106,log1p_then_standardize,>,x[10] > -1.9019534331706072 AND x[1] > 2.9111740804211106 AND x[10] <= 0.87430930613266333,3,5,exkmc_0.0.3
rich,20260804,4,11,9,9,1,2,10,distinct_top_categories,2.0000000000000004,2.0000000000000004,0.8743093061326633,log1p_then_standardize,<=,x[10] > -1.9019534331706072 AND x[1] > 2.9111740804211106 AND x[10] <= 0.87430930613266333,3,5,exkmc_0.0.3
rich,20260804,4,11,10,10,2,0,10,distinct_top_categories,0.0,0.0,-1.9019534331706072,log1p_then_standardize,>,x[10] > -1.9019534331706072 AND x[1] > 2.9111740804211106 AND x[10] > 0.87430930613266333,3,97,exkmc_0.0.3
rich,20260804,4,11,10,10,2,1,1,purchase_occasion_count,3.9999999999999996,3.9999999999999996,2.9111740804211106,log1p_then_standardize,>,x[10] > -1.9019534331706072 AND x[1] > 2.9111740804211106 AND x[10] > 0.87430930613266333,3,97,exkmc_0.0.3
rich,20260804,4,11,10,10,2,2,10,distinct_top_categories,2.0000000000000004,2.0000000000000004,0.8743093061326633,log1p_then_standardize,>,x[10] > -1.9019534331706072 AND x[1] > 2.9111740804211106 AND x[10] > 0.87430930613266333,3,97,exkmc_0.0.3
rich,20260804,4,12,0,0,3,0,10,distinct_top_categories,0.0,0.0,-1.9019534331706072,log1p_then_standardize,<=,x[10] <= -1.9019534331706072,1,937,exkmc_0.0.3
rich,20260804,4,12,1,1,0,0,10,distinct_top_categories,0.0,0.0,-1.9019534331706072,log1p_then_standardize,>,x[10] > -1.9019534331706072 AND x[1] <= 2.9111740804211106 AND x[7] <= 0.043475467911853784 AND x[9] <= 0.71493381506872844 AND x[4] <= 0.17349218069471267 AND x[3] <= 2.3490252025687672,6,5377,exkmc_0.0.3
rich,20260804,4,12,1,1,0,1,1,purchase_occasion_count,3.9999999999999996,3.9999999999999996,2.9111740804211106,log1p_then_standardize,<=,x[10] > -1.9019534331706072 AND x[1] <= 2.9111740804211106 AND x[7] <= 0.043475467911853784 AND x[9] <= 0.71493381506872844 AND x[4] <= 0.17349218069471267 AND x[3] <= 2.3490252025687672,6,5377,exkmc_0.0.3
rich,20260804,4,12,1,1,0,2,7,activity_span_days,2.0289837384259264,2.0289837384259264,0.043475467911853784,log1p_then_standardize,<=,x[10] > -1.9019534331706072 AND x[1] <= 2.9111740804211106 AND x[7] <= 0.043475467911853784 AND x[9] <= 0.71493381506872844 AND x[4] <= 0.17349218069471267 AND x[3] <= 2.3490252025687672,6,5377,exkmc_0.0.3
rich,20260804,4,12,1,1,0,3,9,session_count_30m,3.9999999999999996,3.9999999999999996,0.7149338150687284,log1p_then_standardize,<=,x[10] > -1.9019534331706072 AND x[1] <= 2.9111740804211106 AND x[7] <= 0.043475467911853784 AND x[9] <= 0.71493381506872844 AND x[4] <= 0.17349218069471267 AND x[3] <= 2.3490252025687672,6,5377,exkmc_0.0.3
rich,20260804,4,12,1,1,0,4,4,active_days,2.0000000000000004,2.0000000000000004,0.17349218069471267,log1p_then_standardize,<=,x[10] > -1.9019534331706072 AND x[1] <= 2.9111740804211106 AND x[7] <= 0.043475467911853784 AND x[9] <= 0.71493381506872844 AND x[4] <= 0.17349218069471267 AND x[3] <= 2.3490252025687672,6,5377,exkmc_0.0.3
rich,20260804,4,12,1,1,0,5,3,total_events,68.00000000000001,68.00000000000001,2.3490252025687672,log1p_then_standardize,<=,x[10] > -1.9019534331706072 AND x[1] <= 2.9111740804211106 AND x[7] <= 0.043475467911853784 AND x[9] <= 0.71493381506872844 AND x[4] <= 0.17349218069471267 AND x[3] <= 2.3490252025687672,6,5377,exkmc_0.0.3
rich,20260804,4,12,2,2,1,0,10,distinct_top_categories,0.0,0.0,-1.9019534331706072,log1p_then_standardize,>,x[10] > -1.9019534331706072 AND x[1] <= 2.9111740804211106 AND x[7] <= 0.043475467911853784 AND x[9] <= 0.71493381506872844 AND x[4] <= 0.17349218069471267 AND x[3] > 2.3490252025687672,6,11,exkmc_0.0.3
rich,20260804,4,12,2,2,1,1,1,purchase_occasion_count,3.9999999999999996,3.9999999999999996,2.9111740804211106,log1p_then_standardize,<=,x[10] > -1.9019534331706072 AND x[1] <= 2.9111740804211106 AND x[7] <= 0.043475467911853784 AND x[9] <= 0.71493381506872844 AND x[4] <= 0.17349218069471267 AND x[3] > 2.3490252025687672,6,11,exkmc_0.0.3
rich,20260804,4,12,2,2,1,2,7,activity_span_days,2.0289837384259264,2.0289837384259264,0.043475467911853784,log1p_then_standardize,<=,x[10] > -1.9019534331706072 AND x[1] <= 2.9111740804211106 AND x[7] <= 0.043475467911853784 AND x[9] <= 0.71493381506872844 AND x[4] <= 0.17349218069471267 AND x[3] > 2.3490252025687672,6,11,exkmc_0.0.3
rich,20260804,4,12,2,2,1,3,9,session_count_30m,3.9999999999999996,3.9999999999999996,0.7149338150687284,log1p_then_standardize,<=,x[10] > -1.9019534331706072 AND x[1] <= 2.9111740804211106 AND x[7] <= 0.043475467911853784 AND x[9] <= 0.71493381506872844 AND x[4] <= 0.17349218069471267 AND x[3] > 2.3490252025687672,6,11,exkmc_0.0.3
rich,20260804,4,12,2,2,1,4,4,active_days,2.0000000000000004,2.0000000000000004,0.17349218069471267,log1p_then_standardize,<=,x[10] > -1.9019534331706072 AND x[1] <= 2.9111740804211106 AND x[7] <= 0.043475467911853784 AND x[9] <= 0.71493381506872844 AND x[4] <= 0.17349218069471267 AND x[3] > 2.3490252025687672,6,11,exkmc_0.0.3
rich,20260804,4,12,2,2,1,5,3,total_events,68.00000000000001,68.00000000000001,2.3490252025687672,log1p_then_standardize,>,x[10] > -1.9019534331706072 AND x[1] <= 2.9111740804211106 AND x[7] <= 0.043475467911853784 AND x[9] <= 0.71493381506872844 AND x[4] <= 0.17349218069471267 AND x[3] > 2.3490252025687672,6,11,exkmc_0.0.3
rich,20260804,4,12,3,3,1,0,10,distinct_top_categories,0.0,0.0,-1.9019534331706072,log1p_then_standardize,>,x[10] > -1.9019534331706072 AND x[1] <= 2.9111740804211106 AND x[7] <= 0.043475467911853784 AND x[9] <= 0.71493381506872844 AND x[4] > 0.17349218069471267,5,44,exkmc_0.0.3
rich,20260804,4,12,3,3,1,1,1,purchase_occasion_count,3.9999999999999996,3.9999999999999996,2.9111740804211106,log1p_then_standardize,<=,x[10] > -1.9019534331706072 AND x[1] <= 2.9111740804211106 AND x[7] <= 0.043475467911853784 AND x[9] <= 0.71493381506872844 AND x[4] > 0.17349218069471267,5,44,exkmc_0.0.3
rich,20260804,4,12,3,3,1,2,7,activity_span_days,2.0289837384259264,2.0289837384259264,0.043475467911853784,log1p_then_standardize,<=,x[10] > -1.9019534331706072 AND x[1] <= 2.9111740804211106 AND x[7] <= 0.043475467911853784 AND x[9] <= 0.71493381506872844 AND x[4] > 0.17349218069471267,5,44,exkmc_0.0.3
rich,20260804,4,12,3,3,1,3,9,session_count_30m,3.9999999999999996,3.9999999999999996,0.7149338150687284,log1p_then_standardize,<=,x[10] > -1.9019534331706072 AND x[1] <= 2.9111740804211106 AND x[7] <= 0.043475467911853784 AND x[9] <= 0.71493381506872844 AND x[4] > 0.17349218069471267,5,44,exkmc_0.0.3
rich,20260804,4,12,3,3,1,4,4,active_days,2.0000000000000004,2.0000000000000004,0.17349218069471267,log1p_then_standardize,>,x[10] > -1.9019534331706072 AND x[1] <= 2.9111740804211106 AND x[7] <= 0.043475467911853784 AND x[9] <= 0.71493381506872844 AND x[4] > 0.17349218069471267,5,44,exkmc_0.0.3
rich,20260804,4,12,4,4,1,0,10,distinct_top_categories,0.0,0.0,-1.9019534331706072,log1p_then_standardize,>,x[10] > -1.9019534331706072 AND x[1] <= 2.9111740804211106 AND x[7] <= 0.043475467911853784 AND x[9] > 0.71493381506872844,4,88,exkmc_0.0.3
rich,20260804,4,12,4,4,1,1,1,purchase_occasion_count,3.9999999999999996,3.9999999999999996,2.9111740804211106,log1p_then_standardize,<=,x[10] > -1.9019534331706072 AND x[1] <= 2.9111740804211106 AND x[7] <= 0.043475467911853784 AND x[9] > 0.71493381506872844,4,88,exkmc_0.0.3
rich,20260804,4,12,4,4,1,2,7,activity_span_days,2.0289837384259264,2.0289837384259264,0.043475467911853784,log1p_then_standardize,<=,x[10] > -1.9019534331706072 AND x[1] <= 2.9111740804211106 AND x[7] <= 0.043475467911853784 AND x[9] > 0.71493381506872844,4,88,exkmc_0.0.3
rich,20260804,4,12,4,4,1,3,9,session_count_30m,3.9999999999999996,3.9999999999999996,0.7149338150687284,log1p_then_standardize,>,x[10] > -1.9019534331706072 AND x[1] <= 2.9111740804211106 AND x[7] <= 0.043475467911853784 AND x[9] > 0.71493381506872844,4,88,exkmc_0.0.3
rich,20260804,4,12,5,5,1,0,10,distinct_top_categories,0.0,0.0,-1.9019534331706072,log1p_then_standardize,>,x[10] > -1.9019534331706072 AND x[1] <= 2.9111740804211106 AND x[7] > 0.043475467911853784 AND x[10] <= 3.9168247324227337 AND x[2] <= 4.6753659623122381 AND x[5] <= 2.0964811419516867,6,2771,exkmc_0.0.3
rich,20260804,4,12,5,5,1,1,1,purchase_occasion_count,3.9999999999999996,3.9999999999999996,2.9111740804211106,log1p_then_standardize,<=,x[10] > -1.9019534331706072 AND x[1] <= 2.9111740804211106 AND x[7] > 0.043475467911853784 AND x[10] <= 3.9168247324227337 AND x[2] <= 4.6753659623122381 AND x[5] <= 2.0964811419516867,6,2771,exkmc_0.0.3
rich,20260804,4,12,5,5,1,2,7,activity_span_days,2.0289837384259264,2.0289837384259264,0.043475467911853784,log1p_then_standardize,>,x[10] > -1.9019534331706072 AND x[1] <= 2.9111740804211106 AND x[7] > 0.043475467911853784 AND x[10] <= 3.9168247324227337 AND x[2] <= 4.6753659623122381 AND x[5] <= 2.0964811419516867,6,2771,exkmc_0.0.3
rich,20260804,4,12,5,5,1,3,10,distinct_top_categories,9.000000000000002,9.000000000000002,3.9168247324227337,log1p_then_standardize,<=,x[10] > -1.9019534331706072 AND x[1] <= 2.9111740804211106 AND x[7] > 0.043475467911853784 AND x[10] <= 3.9168247324227337 AND x[2] <= 4.6753659623122381 AND x[5] <= 2.0964811419516867,6,2771,exkmc_0.0.3
rich,20260804,4,12,5,5,1,4,2,purchase_event_count,14.0,14.0,4.675365962312238,log1p_then_standardize,<=,x[10] > -1.9019534331706072 AND x[1] <= 2.9111740804211106 AND x[7] > 0.043475467911853784 AND x[10] <= 3.9168247324227337 AND x[2] <= 4.6753659623122381 AND x[5] <= 2.0964811419516867,6,2771,exkmc_0.0.3
rich,20260804,4,12,5,5,1,5,5,cart_per_view,1.3478260869565215,1.3478260869565215,2.0964811419516867,standardize,<=,x[10] > -1.9019534331706072 AND x[1] <= 2.9111740804211106 AND x[7] > 0.043475467911853784 AND x[10] <= 3.9168247324227337 AND x[2] <= 4.6753659623122381 AND x[5] <= 2.0964811419516867,6,2771,exkmc_0.0.3
rich,20260804,4,12,6,6,0,0,10,distinct_top_categories,0.0,0.0,-1.9019534331706072,log1p_then_standardize,>,x[10] > -1.9019534331706072 AND x[1] <= 2.9111740804211106 AND x[7] > 0.043475467911853784 AND x[10] <= 3.9168247324227337 AND x[2] <= 4.6753659623122381 AND x[5] > 2.0964811419516867,6,22,exkmc_0.0.3
rich,20260804,4,12,6,6,0,1,1,purchase_occasion_count,3.9999999999999996,3.9999999999999996,2.9111740804211106,log1p_then_standardize,<=,x[10] > -1.9019534331706072 AND x[1] <= 2.9111740804211106 AND x[7] > 0.043475467911853784 AND x[10] <= 3.9168247324227337 AND x[2] <= 4.6753659623122381 AND x[5] > 2.0964811419516867,6,22,exkmc_0.0.3
rich,20260804,4,12,6,6,0,2,7,activity_span_days,2.0289837384259264,2.0289837384259264,0.043475467911853784,log1p_then_standardize,>,x[10] > -1.9019534331706072 AND x[1] <= 2.9111740804211106 AND x[7] > 0.043475467911853784 AND x[10] <= 3.9168247324227337 AND x[2] <= 4.6753659623122381 AND x[5] > 2.0964811419516867,6,22,exkmc_0.0.3
rich,20260804,4,12,6,6,0,3,10,distinct_top_categories,9.000000000000002,9.000000000000002,3.9168247324227337,log1p_then_standardize,<=,x[10] > -1.9019534331706072 AND x[1] <= 2.9111740804211106 AND x[7] > 0.043475467911853784 AND x[10] <= 3.9168247324227337 AND x[2] <= 4.6753659623122381 AND x[5] > 2.0964811419516867,6,22,exkmc_0.0.3
rich,20260804,4,12,6,6,0,4,2,purchase_event_count,14.0,14.0,4.675365962312238,log1p_then_standardize,<=,x[10] > -1.9019534331706072 AND x[1] <= 2.9111740804211106 AND x[7] > 0.043475467911853784 AND x[10] <= 3.9168247324227337 AND x[2] <= 4.6753659623122381 AND x[5] > 2.0964811419516867,6,22,exkmc_0.0.3
rich,20260804,4,12,6,6,0,5,5,cart_per_view,1.3478260869565215,1.3478260869565215,2.0964811419516867,standardize,>,x[10] > -1.9019534331706072 AND x[1] <= 2.9111740804211106 AND x[7] > 0.043475467911853784 AND x[10] <= 3.9168247324227337 AND x[2] <= 4.6753659623122381 AND x[5] > 2.0964811419516867,6,22,exkmc_0.0.3
rich,20260804,4,12,7,7,2,0,10,distinct_top_categories,0.0,0.0,-1.9019534331706072,log1p_then_standardize,>,x[10] > -1.9019534331706072 AND x[1] <= 2.9111740804211106 AND x[7] > 0.043475467911853784 AND x[10] <= 3.9168247324227337 AND x[2] > 4.6753659623122381,5,8,exkmc_0.0.3
rich,20260804,4,12,7,7,2,1,1,purchase_occasion_count,3.9999999999999996,3.9999999999999996,2.9111740804211106,log1p_then_standardize,<=,x[10] > -1.9019534331706072 AND x[1] <= 2.9111740804211106 AND x[7] > 0.043475467911853784 AND x[10] <= 3.9168247324227337 AND x[2] > 4.6753659623122381,5,8,exkmc_0.0.3
rich,20260804,4,12,7,7,2,2,7,activity_span_days,2.0289837384259264,2.0289837384259264,0.043475467911853784,log1p_then_standardize,>,x[10] > -1.9019534331706072 AND x[1] <= 2.9111740804211106 AND x[7] > 0.043475467911853784 AND x[10] <= 3.9168247324227337 AND x[2] > 4.6753659623122381,5,8,exkmc_0.0.3
rich,20260804,4,12,7,7,2,3,10,distinct_top_categories,9.000000000000002,9.000000000000002,3.9168247324227337,log1p_then_standardize,<=,x[10] > -1.9019534331706072 AND x[1] <= 2.9111740804211106 AND x[7] > 0.043475467911853784 AND x[10] <= 3.9168247324227337 AND x[2] > 4.6753659623122381,5,8,exkmc_0.0.3
rich,20260804,4,12,7,7,2,4,2,purchase_event_count,14.0,14.0,4.675365962312238,log1p_then_standardize,>,x[10] > -1.9019534331706072 AND x[1] <= 2.9111740804211106 AND x[7] > 0.043475467911853784 AND x[10] <= 3.9168247324227337 AND x[2] > 4.6753659623122381,5,8,exkmc_0.0.3
rich,20260804,4,12,8,8,1,0,10,distinct_top_categories,0.0,0.0,-1.9019534331706072,log1p_then_standardize,>,x[10] > -1.9019534331706072 AND x[1] <= 2.9111740804211106 AND x[7] > 0.043475467911853784 AND x[10] > 3.9168247324227337 AND x[1] <= -0.21160950588791436,5,4,exkmc_0.0.3
rich,20260804,4,12,8,8,1,1,1,purchase_occasion_count,3.9999999999999996,3.9999999999999996,2.9111740804211106,log1p_then_standardize,<=,x[10] > -1.9019534331706072 AND x[1] <= 2.9111740804211106 AND x[7] > 0.043475467911853784 AND x[10] > 3.9168247324227337 AND x[1] <= -0.21160950588791436,5,4,exkmc_0.0.3
rich,20260804,4,12,8,8,1,2,7,activity_span_days,2.0289837384259264,2.0289837384259264,0.043475467911853784,log1p_then_standardize,>,x[10] > -1.9019534331706072 AND x[1] <= 2.9111740804211106 AND x[7] > 0.043475467911853784 AND x[10] > 3.9168247324227337 AND x[1] <= -0.21160950588791436,5,4,exkmc_0.0.3
rich,20260804,4,12,8,8,1,3,10,distinct_top_categories,9.000000000000002,9.000000000000002,3.9168247324227337,log1p_then_standardize,>,x[10] > -1.9019534331706072 AND x[1] <= 2.9111740804211106 AND x[7] > 0.043475467911853784 AND x[10] > 3.9168247324227337 AND x[1] <= -0.21160950588791436,5,4,exkmc_0.0.3
rich,20260804,4,12,8,8,1,4,1,purchase_occasion_count,1.0,1.0,-0.21160950588791436,log1p_then_standardize,<=,x[10] > -1.9019534331706072 AND x[1] <= 2.9111740804211106 AND x[7] > 0.043475467911853784 AND x[10] > 3.9168247324227337 AND x[1] <= -0.21160950588791436,5,4,exkmc_0.0.3
rich,20260804,4,12,9,9,2,0,10,distinct_top_categories,0.0,0.0,-1.9019534331706072,log1p_then_standardize,>,x[10] > -1.9019534331706072 AND x[1] <= 2.9111740804211106 AND x[7] > 0.043475467911853784 AND x[10] > 3.9168247324227337 AND x[1] > -0.21160950588791436,5,11,exkmc_0.0.3
rich,20260804,4,12,9,9,2,1,1,purchase_occasion_count,3.9999999999999996,3.9999999999999996,2.9111740804211106,log1p_then_standardize,<=,x[10] > -1.9019534331706072 AND x[1] <= 2.9111740804211106 AND x[7] > 0.043475467911853784 AND x[10] > 3.9168247324227337 AND x[1] > -0.21160950588791436,5,11,exkmc_0.0.3
rich,20260804,4,12,9,9,2,2,7,activity_span_days,2.0289837384259264,2.0289837384259264,0.043475467911853784,log1p_then_standardize,>,x[10] > -1.9019534331706072 AND x[1] <= 2.9111740804211106 AND x[7] > 0.043475467911853784 AND x[10] > 3.9168247324227337 AND x[1] > -0.21160950588791436,5,11,exkmc_0.0.3
rich,20260804,4,12,9,9,2,3,10,distinct_top_categories,9.000000000000002,9.000000000000002,3.9168247324227337,log1p_then_standardize,>,x[10] > -1.9019534331706072 AND x[1] <= 2.9111740804211106 AND x[7] > 0.043475467911853784 AND x[10] > 3.9168247324227337 AND x[1] > -0.21160950588791436,5,11,exkmc_0.0.3
rich,20260804,4,12,9,9,2,4,1,purchase_occasion_count,1.0,1.0,-0.21160950588791436,log1p_then_standardize,>,x[10] > -1.9019534331706072 AND x[1] <= 2.9111740804211106 AND x[7] > 0.043475467911853784 AND x[10] > 3.9168247324227337 AND x[1] > -0.21160950588791436,5,11,exkmc_0.0.3
rich,20260804,4,12,10,10,1,0,10,distinct_top_categories,0.0,0.0,-1.9019534331706072,log1p_then_standardize,>,x[10] > -1.9019534331706072 AND x[1] > 2.9111740804211106 AND x[10] <= 0.87430930613266333,3,5,exkmc_0.0.3
rich,20260804,4,12,10,10,1,1,1,purchase_occasion_count,3.9999999999999996,3.9999999999999996,2.9111740804211106,log1p_then_standardize,>,x[10] > -1.9019534331706072 AND x[1] > 2.9111740804211106 AND x[10] <= 0.87430930613266333,3,5,exkmc_0.0.3
rich,20260804,4,12,10,10,1,2,10,distinct_top_categories,2.0000000000000004,2.0000000000000004,0.8743093061326633,log1p_then_standardize,<=,x[10] > -1.9019534331706072 AND x[1] > 2.9111740804211106 AND x[10] <= 0.87430930613266333,3,5,exkmc_0.0.3
rich,20260804,4,12,11,11,2,0,10,distinct_top_categories,0.0,0.0,-1.9019534331706072,log1p_then_standardize,>,x[10] > -1.9019534331706072 AND x[1] > 2.9111740804211106 AND x[10] > 0.87430930613266333,3,97,exkmc_0.0.3
rich,20260804,4,12,11,11,2,1,1,purchase_occasion_count,3.9999999999999996,3.9999999999999996,2.9111740804211106,log1p_then_standardize,>,x[10] > -1.9019534331706072 AND x[1] > 2.9111740804211106 AND x[10] > 0.87430930613266333,3,97,exkmc_0.0.3
rich,20260804,4,12,11,11,2,2,10,distinct_top_categories,2.0000000000000004,2.0000000000000004,0.8743093061326633,log1p_then_standardize,>,x[10] > -1.9019534331706072 AND x[1] > 2.9111740804211106 AND x[10] > 0.87430930613266333,3,97,exkmc_0.0.3
rich,20260804,4,13,0,0,3,0,10,distinct_top_categories,0.0,0.0,-1.9019534331706072,log1p_then_standardize,<=,x[10] <= -1.9019534331706072,1,937,exkmc_0.0.3
rich,20260804,4,13,1,1,0,0,10,distinct_top_categories,0.0,0.0,-1.9019534331706072,log1p_then_standardize,>,x[10] > -1.9019534331706072 AND x[1] <= 2.9111740804211106 AND x[7] <= 0.043475467911853784 AND x[9] <= 0.71493381506872844 AND x[4] <= 0.17349218069471267 AND x[3] <= 2.3490252025687672,6,5377,exkmc_0.0.3
rich,20260804,4,13,1,1,0,1,1,purchase_occasion_count,3.9999999999999996,3.9999999999999996,2.9111740804211106,log1p_then_standardize,<=,x[10] > -1.9019534331706072 AND x[1] <= 2.9111740804211106 AND x[7] <= 0.043475467911853784 AND x[9] <= 0.71493381506872844 AND x[4] <= 0.17349218069471267 AND x[3] <= 2.3490252025687672,6,5377,exkmc_0.0.3
rich,20260804,4,13,1,1,0,2,7,activity_span_days,2.0289837384259264,2.0289837384259264,0.043475467911853784,log1p_then_standardize,<=,x[10] > -1.9019534331706072 AND x[1] <= 2.9111740804211106 AND x[7] <= 0.043475467911853784 AND x[9] <= 0.71493381506872844 AND x[4] <= 0.17349218069471267 AND x[3] <= 2.3490252025687672,6,5377,exkmc_0.0.3
rich,20260804,4,13,1,1,0,3,9,session_count_30m,3.9999999999999996,3.9999999999999996,0.7149338150687284,log1p_then_standardize,<=,x[10] > -1.9019534331706072 AND x[1] <= 2.9111740804211106 AND x[7] <= 0.043475467911853784 AND x[9] <= 0.71493381506872844 AND x[4] <= 0.17349218069471267 AND x[3] <= 2.3490252025687672,6,5377,exkmc_0.0.3
rich,20260804,4,13,1,1,0,4,4,active_days,2.0000000000000004,2.0000000000000004,0.17349218069471267,log1p_then_standardize,<=,x[10] > -1.9019534331706072 AND x[1] <= 2.9111740804211106 AND x[7] <= 0.043475467911853784 AND x[9] <= 0.71493381506872844 AND x[4] <= 0.17349218069471267 AND x[3] <= 2.3490252025687672,6,5377,exkmc_0.0.3
rich,20260804,4,13,1,1,0,5,3,total_events,68.00000000000001,68.00000000000001,2.3490252025687672,log1p_then_standardize,<=,x[10] > -1.9019534331706072 AND x[1] <= 2.9111740804211106 AND x[7] <= 0.043475467911853784 AND x[9] <= 0.71493381506872844 AND x[4] <= 0.17349218069471267 AND x[3] <= 2.3490252025687672,6,5377,exkmc_0.0.3
rich,20260804,4,13,2,2,1,0,10,distinct_top_categories,0.0,0.0,-1.9019534331706072,log1p_then_standardize,>,x[10] > -1.9019534331706072 AND x[1] <= 2.9111740804211106 AND x[7] <= 0.043475467911853784 AND x[9] <= 0.71493381506872844 AND x[4] <= 0.17349218069471267 AND x[3] > 2.3490252025687672,6,11,exkmc_0.0.3
rich,20260804,4,13,2,2,1,1,1,purchase_occasion_count,3.9999999999999996,3.9999999999999996,2.9111740804211106,log1p_then_standardize,<=,x[10] > -1.9019534331706072 AND x[1] <= 2.9111740804211106 AND x[7] <= 0.043475467911853784 AND x[9] <= 0.71493381506872844 AND x[4] <= 0.17349218069471267 AND x[3] > 2.3490252025687672,6,11,exkmc_0.0.3
rich,20260804,4,13,2,2,1,2,7,activity_span_days,2.0289837384259264,2.0289837384259264,0.043475467911853784,log1p_then_standardize,<=,x[10] > -1.9019534331706072 AND x[1] <= 2.9111740804211106 AND x[7] <= 0.043475467911853784 AND x[9] <= 0.71493381506872844 AND x[4] <= 0.17349218069471267 AND x[3] > 2.3490252025687672,6,11,exkmc_0.0.3
rich,20260804,4,13,2,2,1,3,9,session_count_30m,3.9999999999999996,3.9999999999999996,0.7149338150687284,log1p_then_standardize,<=,x[10] > -1.9019534331706072 AND x[1] <= 2.9111740804211106 AND x[7] <= 0.043475467911853784 AND x[9] <= 0.71493381506872844 AND x[4] <= 0.17349218069471267 AND x[3] > 2.3490252025687672,6,11,exkmc_0.0.3
rich,20260804,4,13,2,2,1,4,4,active_days,2.0000000000000004,2.0000000000000004,0.17349218069471267,log1p_then_standardize,<=,x[10] > -1.9019534331706072 AND x[1] <= 2.9111740804211106 AND x[7] <= 0.043475467911853784 AND x[9] <= 0.71493381506872844 AND x[4] <= 0.17349218069471267 AND x[3] > 2.3490252025687672,6,11,exkmc_0.0.3
rich,20260804,4,13,2,2,1,5,3,total_events,68.00000000000001,68.00000000000001,2.3490252025687672,log1p_then_standardize,>,x[10] > -1.9019534331706072 AND x[1] <= 2.9111740804211106 AND x[7] <= 0.043475467911853784 AND x[9] <= 0.71493381506872844 AND x[4] <= 0.17349218069471267 AND x[3] > 2.3490252025687672,6,11,exkmc_0.0.3
rich,20260804,4,13,3,3,1,0,10,distinct_top_categories,0.0,0.0,-1.9019534331706072,log1p_then_standardize,>,x[10] > -1.9019534331706072 AND x[1] <= 2.9111740804211106 AND x[7] <= 0.043475467911853784 AND x[9] <= 0.71493381506872844 AND x[4] > 0.17349218069471267,5,44,exkmc_0.0.3
rich,20260804,4,13,3,3,1,1,1,purchase_occasion_count,3.9999999999999996,3.9999999999999996,2.9111740804211106,log1p_then_standardize,<=,x[10] > -1.9019534331706072 AND x[1] <= 2.9111740804211106 AND x[7] <= 0.043475467911853784 AND x[9] <= 0.71493381506872844 AND x[4] > 0.17349218069471267,5,44,exkmc_0.0.3
rich,20260804,4,13,3,3,1,2,7,activity_span_days,2.0289837384259264,2.0289837384259264,0.043475467911853784,log1p_then_standardize,<=,x[10] > -1.9019534331706072 AND x[1] <= 2.9111740804211106 AND x[7] <= 0.043475467911853784 AND x[9] <= 0.71493381506872844 AND x[4] > 0.17349218069471267,5,44,exkmc_0.0.3
rich,20260804,4,13,3,3,1,3,9,session_count_30m,3.9999999999999996,3.9999999999999996,0.7149338150687284,log1p_then_standardize,<=,x[10] > -1.9019534331706072 AND x[1] <= 2.9111740804211106 AND x[7] <= 0.043475467911853784 AND x[9] <= 0.71493381506872844 AND x[4] > 0.17349218069471267,5,44,exkmc_0.0.3
rich,20260804,4,13,3,3,1,4,4,active_days,2.0000000000000004,2.0000000000000004,0.17349218069471267,log1p_then_standardize,>,x[10] > -1.9019534331706072 AND x[1] <= 2.9111740804211106 AND x[7] <= 0.043475467911853784 AND x[9] <= 0.71493381506872844 AND x[4] > 0.17349218069471267,5,44,exkmc_0.0.3
rich,20260804,4,13,4,4,1,0,10,distinct_top_categories,0.0,0.0,-1.9019534331706072,log1p_then_standardize,>,x[10] > -1.9019534331706072 AND x[1] <= 2.9111740804211106 AND x[7] <= 0.043475467911853784 AND x[9] > 0.71493381506872844 AND x[2] <= 2.7623780922801044,5,87,exkmc_0.0.3
rich,20260804,4,13,4,4,1,1,1,purchase_occasion_count,3.9999999999999996,3.9999999999999996,2.9111740804211106,log1p_then_standardize,<=,x[10] > -1.9019534331706072 AND x[1] <= 2.9111740804211106 AND x[7] <= 0.043475467911853784 AND x[9] > 0.71493381506872844 AND x[2] <= 2.7623780922801044,5,87,exkmc_0.0.3
rich,20260804,4,13,4,4,1,2,7,activity_span_days,2.0289837384259264,2.0289837384259264,0.043475467911853784,log1p_then_standardize,<=,x[10] > -1.9019534331706072 AND x[1] <= 2.9111740804211106 AND x[7] <= 0.043475467911853784 AND x[9] > 0.71493381506872844 AND x[2] <= 2.7623780922801044,5,87,exkmc_0.0.3
rich,20260804,4,13,4,4,1,3,9,session_count_30m,3.9999999999999996,3.9999999999999996,0.7149338150687284,log1p_then_standardize,>,x[10] > -1.9019534331706072 AND x[1] <= 2.9111740804211106 AND x[7] <= 0.043475467911853784 AND x[9] > 0.71493381506872844 AND x[2] <= 2.7623780922801044,5,87,exkmc_0.0.3
rich,20260804,4,13,4,4,1,4,2,purchase_event_count,5.999999999999999,5.999999999999999,2.7623780922801044,log1p_then_standardize,<=,x[10] > -1.9019534331706072 AND x[1] <= 2.9111740804211106 AND x[7] <= 0.043475467911853784 AND x[9] > 0.71493381506872844 AND x[2] <= 2.7623780922801044,5,87,exkmc_0.0.3
rich,20260804,4,13,5,5,2,0,10,distinct_top_categories,0.0,0.0,-1.9019534331706072,log1p_then_standardize,>,x[10] > -1.9019534331706072 AND x[1] <= 2.9111740804211106 AND x[7] <= 0.043475467911853784 AND x[9] > 0.71493381506872844 AND x[2] > 2.7623780922801044,5,1,exkmc_0.0.3
rich,20260804,4,13,5,5,2,1,1,purchase_occasion_count,3.9999999999999996,3.9999999999999996,2.9111740804211106,log1p_then_standardize,<=,x[10] > -1.9019534331706072 AND x[1] <= 2.9111740804211106 AND x[7] <= 0.043475467911853784 AND x[9] > 0.71493381506872844 AND x[2] > 2.7623780922801044,5,1,exkmc_0.0.3
rich,20260804,4,13,5,5,2,2,7,activity_span_days,2.0289837384259264,2.0289837384259264,0.043475467911853784,log1p_then_standardize,<=,x[10] > -1.9019534331706072 AND x[1] <= 2.9111740804211106 AND x[7] <= 0.043475467911853784 AND x[9] > 0.71493381506872844 AND x[2] > 2.7623780922801044,5,1,exkmc_0.0.3
rich,20260804,4,13,5,5,2,3,9,session_count_30m,3.9999999999999996,3.9999999999999996,0.7149338150687284,log1p_then_standardize,>,x[10] > -1.9019534331706072 AND x[1] <= 2.9111740804211106 AND x[7] <= 0.043475467911853784 AND x[9] > 0.71493381506872844 AND x[2] > 2.7623780922801044,5,1,exkmc_0.0.3
rich,20260804,4,13,5,5,2,4,2,purchase_event_count,5.999999999999999,5.999999999999999,2.7623780922801044,log1p_then_standardize,>,x[10] > -1.9019534331706072 AND x[1] <= 2.9111740804211106 AND x[7] <= 0.043475467911853784 AND x[9] > 0.71493381506872844 AND x[2] > 2.7623780922801044,5,1,exkmc_0.0.3
rich,20260804,4,13,6,6,1,0,10,distinct_top_categories,0.0,0.0,-1.9019534331706072,log1p_then_standardize,>,x[10] > -1.9019534331706072 AND x[1] <= 2.9111740804211106 AND x[7] > 0.043475467911853784 AND x[10] <= 3.9168247324227337 AND x[2] <= 4.6753659623122381 AND x[5] <= 2.0964811419516867,6,2771,exkmc_0.0.3
rich,20260804,4,13,6,6,1,1,1,purchase_occasion_count,3.9999999999999996,3.9999999999999996,2.9111740804211106,log1p_then_standardize,<=,x[10] > -1.9019534331706072 AND x[1] <= 2.9111740804211106 AND x[7] > 0.043475467911853784 AND x[10] <= 3.9168247324227337 AND x[2] <= 4.6753659623122381 AND x[5] <= 2.0964811419516867,6,2771,exkmc_0.0.3
rich,20260804,4,13,6,6,1,2,7,activity_span_days,2.0289837384259264,2.0289837384259264,0.043475467911853784,log1p_then_standardize,>,x[10] > -1.9019534331706072 AND x[1] <= 2.9111740804211106 AND x[7] > 0.043475467911853784 AND x[10] <= 3.9168247324227337 AND x[2] <= 4.6753659623122381 AND x[5] <= 2.0964811419516867,6,2771,exkmc_0.0.3
rich,20260804,4,13,6,6,1,3,10,distinct_top_categories,9.000000000000002,9.000000000000002,3.9168247324227337,log1p_then_standardize,<=,x[10] > -1.9019534331706072 AND x[1] <= 2.9111740804211106 AND x[7] > 0.043475467911853784 AND x[10] <= 3.9168247324227337 AND x[2] <= 4.6753659623122381 AND x[5] <= 2.0964811419516867,6,2771,exkmc_0.0.3
rich,20260804,4,13,6,6,1,4,2,purchase_event_count,14.0,14.0,4.675365962312238,log1p_then_standardize,<=,x[10] > -1.9019534331706072 AND x[1] <= 2.9111740804211106 AND x[7] > 0.043475467911853784 AND x[10] <= 3.9168247324227337 AND x[2] <= 4.6753659623122381 AND x[5] <= 2.0964811419516867,6,2771,exkmc_0.0.3
rich,20260804,4,13,6,6,1,5,5,cart_per_view,1.3478260869565215,1.3478260869565215,2.0964811419516867,standardize,<=,x[10] > -1.9019534331706072 AND x[1] <= 2.9111740804211106 AND x[7] > 0.043475467911853784 AND x[10] <= 3.9168247324227337 AND x[2] <= 4.6753659623122381 AND x[5] <= 2.0964811419516867,6,2771,exkmc_0.0.3
rich,20260804,4,13,7,7,0,0,10,distinct_top_categories,0.0,0.0,-1.9019534331706072,log1p_then_standardize,>,x[10] > -1.9019534331706072 AND x[1] <= 2.9111740804211106 AND x[7] > 0.043475467911853784 AND x[10] <= 3.9168247324227337 AND x[2] <= 4.6753659623122381 AND x[5] > 2.0964811419516867,6,22,exkmc_0.0.3
rich,20260804,4,13,7,7,0,1,1,purchase_occasion_count,3.9999999999999996,3.9999999999999996,2.9111740804211106,log1p_then_standardize,<=,x[10] > -1.9019534331706072 AND x[1] <= 2.9111740804211106 AND x[7] > 0.043475467911853784 AND x[10] <= 3.9168247324227337 AND x[2] <= 4.6753659623122381 AND x[5] > 2.0964811419516867,6,22,exkmc_0.0.3
rich,20260804,4,13,7,7,0,2,7,activity_span_days,2.0289837384259264,2.0289837384259264,0.043475467911853784,log1p_then_standardize,>,x[10] > -1.9019534331706072 AND x[1] <= 2.9111740804211106 AND x[7] > 0.043475467911853784 AND x[10] <= 3.9168247324227337 AND x[2] <= 4.6753659623122381 AND x[5] > 2.0964811419516867,6,22,exkmc_0.0.3
rich,20260804,4,13,7,7,0,3,10,distinct_top_categories,9.000000000000002,9.000000000000002,3.9168247324227337,log1p_then_standardize,<=,x[10] > -1.9019534331706072 AND x[1] <= 2.9111740804211106 AND x[7] > 0.043475467911853784 AND x[10] <= 3.9168247324227337 AND x[2] <= 4.6753659623122381 AND x[5] > 2.0964811419516867,6,22,exkmc_0.0.3
rich,20260804,4,13,7,7,0,4,2,purchase_event_count,14.0,14.0,4.675365962312238,log1p_then_standardize,<=,x[10] > -1.9019534331706072 AND x[1] <= 2.9111740804211106 AND x[7] > 0.043475467911853784 AND x[10] <= 3.9168247324227337 AND x[2] <= 4.6753659623122381 AND x[5] > 2.0964811419516867,6,22,exkmc_0.0.3
rich,20260804,4,13,7,7,0,5,5,cart_per_view,1.3478260869565215,1.3478260869565215,2.0964811419516867,standardize,>,x[10] > -1.9019534331706072 AND x[1] <= 2.9111740804211106 AND x[7] > 0.043475467911853784 AND x[10] <= 3.9168247324227337 AND x[2] <= 4.6753659623122381 AND x[5] > 2.0964811419516867,6,22,exkmc_0.0.3
rich,20260804,4,13,8,8,2,0,10,distinct_top_categories,0.0,0.0,-1.9019534331706072,log1p_then_standardize,>,x[10] > -1.9019534331706072 AND x[1] <= 2.9111740804211106 AND x[7] > 0.043475467911853784 AND x[10] <= 3.9168247324227337 AND x[2] > 4.6753659623122381,5,8,exkmc_0.0.3
rich,20260804,4,13,8,8,2,1,1,purchase_occasion_count,3.9999999999999996,3.9999999999999996,2.9111740804211106,log1p_then_standardize,<=,x[10] > -1.9019534331706072 AND x[1] <= 2.9111740804211106 AND x[7] > 0.043475467911853784 AND x[10] <= 3.9168247324227337 AND x[2] > 4.6753659623122381,5,8,exkmc_0.0.3
rich,20260804,4,13,8,8,2,2,7,activity_span_days,2.0289837384259264,2.0289837384259264,0.043475467911853784,log1p_then_standardize,>,x[10] > -1.9019534331706072 AND x[1] <= 2.9111740804211106 AND x[7] > 0.043475467911853784 AND x[10] <= 3.9168247324227337 AND x[2] > 4.6753659623122381,5,8,exkmc_0.0.3
rich,20260804,4,13,8,8,2,3,10,distinct_top_categories,9.000000000000002,9.000000000000002,3.9168247324227337,log1p_then_standardize,<=,x[10] > -1.9019534331706072 AND x[1] <= 2.9111740804211106 AND x[7] > 0.043475467911853784 AND x[10] <= 3.9168247324227337 AND x[2] > 4.6753659623122381,5,8,exkmc_0.0.3
rich,20260804,4,13,8,8,2,4,2,purchase_event_count,14.0,14.0,4.675365962312238,log1p_then_standardize,>,x[10] > -1.9019534331706072 AND x[1] <= 2.9111740804211106 AND x[7] > 0.043475467911853784 AND x[10] <= 3.9168247324227337 AND x[2] > 4.6753659623122381,5,8,exkmc_0.0.3
rich,20260804,4,13,9,9,1,0,10,distinct_top_categories,0.0,0.0,-1.9019534331706072,log1p_then_standardize,>,x[10] > -1.9019534331706072 AND x[1] <= 2.9111740804211106 AND x[7] > 0.043475467911853784 AND x[10] > 3.9168247324227337 AND x[1] <= -0.21160950588791436,5,4,exkmc_0.0.3
rich,20260804,4,13,9,9,1,1,1,purchase_occasion_count,3.9999999999999996,3.9999999999999996,2.9111740804211106,log1p_then_standardize,<=,x[10] > -1.9019534331706072 AND x[1] <= 2.9111740804211106 AND x[7] > 0.043475467911853784 AND x[10] > 3.9168247324227337 AND x[1] <= -0.21160950588791436,5,4,exkmc_0.0.3
rich,20260804,4,13,9,9,1,2,7,activity_span_days,2.0289837384259264,2.0289837384259264,0.043475467911853784,log1p_then_standardize,>,x[10] > -1.9019534331706072 AND x[1] <= 2.9111740804211106 AND x[7] > 0.043475467911853784 AND x[10] > 3.9168247324227337 AND x[1] <= -0.21160950588791436,5,4,exkmc_0.0.3
rich,20260804,4,13,9,9,1,3,10,distinct_top_categories,9.000000000000002,9.000000000000002,3.9168247324227337,log1p_then_standardize,>,x[10] > -1.9019534331706072 AND x[1] <= 2.9111740804211106 AND x[7] > 0.043475467911853784 AND x[10] > 3.9168247324227337 AND x[1] <= -0.21160950588791436,5,4,exkmc_0.0.3
rich,20260804,4,13,9,9,1,4,1,purchase_occasion_count,1.0,1.0,-0.21160950588791436,log1p_then_standardize,<=,x[10] > -1.9019534331706072 AND x[1] <= 2.9111740804211106 AND x[7] > 0.043475467911853784 AND x[10] > 3.9168247324227337 AND x[1] <= -0.21160950588791436,5,4,exkmc_0.0.3
rich,20260804,4,13,10,10,2,0,10,distinct_top_categories,0.0,0.0,-1.9019534331706072,log1p_then_standardize,>,x[10] > -1.9019534331706072 AND x[1] <= 2.9111740804211106 AND x[7] > 0.043475467911853784 AND x[10] > 3.9168247324227337 AND x[1] > -0.21160950588791436,5,11,exkmc_0.0.3
rich,20260804,4,13,10,10,2,1,1,purchase_occasion_count,3.9999999999999996,3.9999999999999996,2.9111740804211106,log1p_then_standardize,<=,x[10] > -1.9019534331706072 AND x[1] <= 2.9111740804211106 AND x[7] > 0.043475467911853784 AND x[10] > 3.9168247324227337 AND x[1] > -0.21160950588791436,5,11,exkmc_0.0.3
rich,20260804,4,13,10,10,2,2,7,activity_span_days,2.0289837384259264,2.0289837384259264,0.043475467911853784,log1p_then_standardize,>,x[10] > -1.9019534331706072 AND x[1] <= 2.9111740804211106 AND x[7] > 0.043475467911853784 AND x[10] > 3.9168247324227337 AND x[1] > -0.21160950588791436,5,11,exkmc_0.0.3
rich,20260804,4,13,10,10,2,3,10,distinct_top_categories,9.000000000000002,9.000000000000002,3.9168247324227337,log1p_then_standardize,>,x[10] > -1.9019534331706072 AND x[1] <= 2.9111740804211106 AND x[7] > 0.043475467911853784 AND x[10] > 3.9168247324227337 AND x[1] > -0.21160950588791436,5,11,exkmc_0.0.3
rich,20260804,4,13,10,10,2,4,1,purchase_occasion_count,1.0,1.0,-0.21160950588791436,log1p_then_standardize,>,x[10] > -1.9019534331706072 AND x[1] <= 2.9111740804211106 AND x[7] > 0.043475467911853784 AND x[10] > 3.9168247324227337 AND x[1] > -0.21160950588791436,5,11,exkmc_0.0.3
rich,20260804,4,13,11,11,1,0,10,distinct_top_categories,0.0,0.0,-1.9019534331706072,log1p_then_standardize,>,x[10] > -1.9019534331706072 AND x[1] > 2.9111740804211106 AND x[10] <= 0.87430930613266333,3,5,exkmc_0.0.3
rich,20260804,4,13,11,11,1,1,1,purchase_occasion_count,3.9999999999999996,3.9999999999999996,2.9111740804211106,log1p_then_standardize,>,x[10] > -1.9019534331706072 AND x[1] > 2.9111740804211106 AND x[10] <= 0.87430930613266333,3,5,exkmc_0.0.3
rich,20260804,4,13,11,11,1,2,10,distinct_top_categories,2.0000000000000004,2.0000000000000004,0.8743093061326633,log1p_then_standardize,<=,x[10] > -1.9019534331706072 AND x[1] > 2.9111740804211106 AND x[10] <= 0.87430930613266333,3,5,exkmc_0.0.3
rich,20260804,4,13,12,12,2,0,10,distinct_top_categories,0.0,0.0,-1.9019534331706072,log1p_then_standardize,>,x[10] > -1.9019534331706072 AND x[1] > 2.9111740804211106 AND x[10] > 0.87430930613266333,3,97,exkmc_0.0.3
rich,20260804,4,13,12,12,2,1,1,purchase_occasion_count,3.9999999999999996,3.9999999999999996,2.9111740804211106,log1p_then_standardize,>,x[10] > -1.9019534331706072 AND x[1] > 2.9111740804211106 AND x[10] > 0.87430930613266333,3,97,exkmc_0.0.3
rich,20260804,4,13,12,12,2,2,10,distinct_top_categories,2.0000000000000004,2.0000000000000004,0.8743093061326633,log1p_then_standardize,>,x[10] > -1.9019534331706072 AND x[1] > 2.9111740804211106 AND x[10] > 0.87430930613266333,3,97,exkmc_0.0.3
rich,20260804,4,14,0,0,3,0,10,distinct_top_categories,0.0,0.0,-1.9019534331706072,log1p_then_standardize,<=,x[10] <= -1.9019534331706072,1,937,exkmc_0.0.3
rich,20260804,4,14,1,1,0,0,10,distinct_top_categories,0.0,0.0,-1.9019534331706072,log1p_then_standardize,>,x[10] > -1.9019534331706072 AND x[1] <= 2.9111740804211106 AND x[7] <= 0.043475467911853784 AND x[9] <= 0.71493381506872844 AND x[4] <= 0.17349218069471267 AND x[3] <= 2.3490252025687672,6,5377,exkmc_0.0.3
rich,20260804,4,14,1,1,0,1,1,purchase_occasion_count,3.9999999999999996,3.9999999999999996,2.9111740804211106,log1p_then_standardize,<=,x[10] > -1.9019534331706072 AND x[1] <= 2.9111740804211106 AND x[7] <= 0.043475467911853784 AND x[9] <= 0.71493381506872844 AND x[4] <= 0.17349218069471267 AND x[3] <= 2.3490252025687672,6,5377,exkmc_0.0.3
rich,20260804,4,14,1,1,0,2,7,activity_span_days,2.0289837384259264,2.0289837384259264,0.043475467911853784,log1p_then_standardize,<=,x[10] > -1.9019534331706072 AND x[1] <= 2.9111740804211106 AND x[7] <= 0.043475467911853784 AND x[9] <= 0.71493381506872844 AND x[4] <= 0.17349218069471267 AND x[3] <= 2.3490252025687672,6,5377,exkmc_0.0.3
rich,20260804,4,14,1,1,0,3,9,session_count_30m,3.9999999999999996,3.9999999999999996,0.7149338150687284,log1p_then_standardize,<=,x[10] > -1.9019534331706072 AND x[1] <= 2.9111740804211106 AND x[7] <= 0.043475467911853784 AND x[9] <= 0.71493381506872844 AND x[4] <= 0.17349218069471267 AND x[3] <= 2.3490252025687672,6,5377,exkmc_0.0.3
rich,20260804,4,14,1,1,0,4,4,active_days,2.0000000000000004,2.0000000000000004,0.17349218069471267,log1p_then_standardize,<=,x[10] > -1.9019534331706072 AND x[1] <= 2.9111740804211106 AND x[7] <= 0.043475467911853784 AND x[9] <= 0.71493381506872844 AND x[4] <= 0.17349218069471267 AND x[3] <= 2.3490252025687672,6,5377,exkmc_0.0.3
rich,20260804,4,14,1,1,0,5,3,total_events,68.00000000000001,68.00000000000001,2.3490252025687672,log1p_then_standardize,<=,x[10] > -1.9019534331706072 AND x[1] <= 2.9111740804211106 AND x[7] <= 0.043475467911853784 AND x[9] <= 0.71493381506872844 AND x[4] <= 0.17349218069471267 AND x[3] <= 2.3490252025687672,6,5377,exkmc_0.0.3
rich,20260804,4,14,2,2,1,0,10,distinct_top_categories,0.0,0.0,-1.9019534331706072,log1p_then_standardize,>,x[10] > -1.9019534331706072 AND x[1] <= 2.9111740804211106 AND x[7] <= 0.043475467911853784 AND x[9] <= 0.71493381506872844 AND x[4] <= 0.17349218069471267 AND x[3] > 2.3490252025687672,6,11,exkmc_0.0.3
rich,20260804,4,14,2,2,1,1,1,purchase_occasion_count,3.9999999999999996,3.9999999999999996,2.9111740804211106,log1p_then_standardize,<=,x[10] > -1.9019534331706072 AND x[1] <= 2.9111740804211106 AND x[7] <= 0.043475467911853784 AND x[9] <= 0.71493381506872844 AND x[4] <= 0.17349218069471267 AND x[3] > 2.3490252025687672,6,11,exkmc_0.0.3
rich,20260804,4,14,2,2,1,2,7,activity_span_days,2.0289837384259264,2.0289837384259264,0.043475467911853784,log1p_then_standardize,<=,x[10] > -1.9019534331706072 AND x[1] <= 2.9111740804211106 AND x[7] <= 0.043475467911853784 AND x[9] <= 0.71493381506872844 AND x[4] <= 0.17349218069471267 AND x[3] > 2.3490252025687672,6,11,exkmc_0.0.3
rich,20260804,4,14,2,2,1,3,9,session_count_30m,3.9999999999999996,3.9999999999999996,0.7149338150687284,log1p_then_standardize,<=,x[10] > -1.9019534331706072 AND x[1] <= 2.9111740804211106 AND x[7] <= 0.043475467911853784 AND x[9] <= 0.71493381506872844 AND x[4] <= 0.17349218069471267 AND x[3] > 2.3490252025687672,6,11,exkmc_0.0.3
rich,20260804,4,14,2,2,1,4,4,active_days,2.0000000000000004,2.0000000000000004,0.17349218069471267,log1p_then_standardize,<=,x[10] > -1.9019534331706072 AND x[1] <= 2.9111740804211106 AND x[7] <= 0.043475467911853784 AND x[9] <= 0.71493381506872844 AND x[4] <= 0.17349218069471267 AND x[3] > 2.3490252025687672,6,11,exkmc_0.0.3
rich,20260804,4,14,2,2,1,5,3,total_events,68.00000000000001,68.00000000000001,2.3490252025687672,log1p_then_standardize,>,x[10] > -1.9019534331706072 AND x[1] <= 2.9111740804211106 AND x[7] <= 0.043475467911853784 AND x[9] <= 0.71493381506872844 AND x[4] <= 0.17349218069471267 AND x[3] > 2.3490252025687672,6,11,exkmc_0.0.3
rich,20260804,4,14,3,3,1,0,10,distinct_top_categories,0.0,0.0,-1.9019534331706072,log1p_then_standardize,>,x[10] > -1.9019534331706072 AND x[1] <= 2.9111740804211106 AND x[7] <= 0.043475467911853784 AND x[9] <= 0.71493381506872844 AND x[4] > 0.17349218069471267,5,44,exkmc_0.0.3
rich,20260804,4,14,3,3,1,1,1,purchase_occasion_count,3.9999999999999996,3.9999999999999996,2.9111740804211106,log1p_then_standardize,<=,x[10] > -1.9019534331706072 AND x[1] <= 2.9111740804211106 AND x[7] <= 0.043475467911853784 AND x[9] <= 0.71493381506872844 AND x[4] > 0.17349218069471267,5,44,exkmc_0.0.3
rich,20260804,4,14,3,3,1,2,7,activity_span_days,2.0289837384259264,2.0289837384259264,0.043475467911853784,log1p_then_standardize,<=,x[10] > -1.9019534331706072 AND x[1] <= 2.9111740804211106 AND x[7] <= 0.043475467911853784 AND x[9] <= 0.71493381506872844 AND x[4] > 0.17349218069471267,5,44,exkmc_0.0.3
rich,20260804,4,14,3,3,1,3,9,session_count_30m,3.9999999999999996,3.9999999999999996,0.7149338150687284,log1p_then_standardize,<=,x[10] > -1.9019534331706072 AND x[1] <= 2.9111740804211106 AND x[7] <= 0.043475467911853784 AND x[9] <= 0.71493381506872844 AND x[4] > 0.17349218069471267,5,44,exkmc_0.0.3
rich,20260804,4,14,3,3,1,4,4,active_days,2.0000000000000004,2.0000000000000004,0.17349218069471267,log1p_then_standardize,>,x[10] > -1.9019534331706072 AND x[1] <= 2.9111740804211106 AND x[7] <= 0.043475467911853784 AND x[9] <= 0.71493381506872844 AND x[4] > 0.17349218069471267,5,44,exkmc_0.0.3
rich,20260804,4,14,4,4,1,0,10,distinct_top_categories,0.0,0.0,-1.9019534331706072,log1p_then_standardize,>,x[10] > -1.9019534331706072 AND x[1] <= 2.9111740804211106 AND x[7] <= 0.043475467911853784 AND x[9] > 0.71493381506872844 AND x[2] <= 2.7623780922801044,5,87,exkmc_0.0.3
rich,20260804,4,14,4,4,1,1,1,purchase_occasion_count,3.9999999999999996,3.9999999999999996,2.9111740804211106,log1p_then_standardize,<=,x[10] > -1.9019534331706072 AND x[1] <= 2.9111740804211106 AND x[7] <= 0.043475467911853784 AND x[9] > 0.71493381506872844 AND x[2] <= 2.7623780922801044,5,87,exkmc_0.0.3
rich,20260804,4,14,4,4,1,2,7,activity_span_days,2.0289837384259264,2.0289837384259264,0.043475467911853784,log1p_then_standardize,<=,x[10] > -1.9019534331706072 AND x[1] <= 2.9111740804211106 AND x[7] <= 0.043475467911853784 AND x[9] > 0.71493381506872844 AND x[2] <= 2.7623780922801044,5,87,exkmc_0.0.3
rich,20260804,4,14,4,4,1,3,9,session_count_30m,3.9999999999999996,3.9999999999999996,0.7149338150687284,log1p_then_standardize,>,x[10] > -1.9019534331706072 AND x[1] <= 2.9111740804211106 AND x[7] <= 0.043475467911853784 AND x[9] > 0.71493381506872844 AND x[2] <= 2.7623780922801044,5,87,exkmc_0.0.3
rich,20260804,4,14,4,4,1,4,2,purchase_event_count,5.999999999999999,5.999999999999999,2.7623780922801044,log1p_then_standardize,<=,x[10] > -1.9019534331706072 AND x[1] <= 2.9111740804211106 AND x[7] <= 0.043475467911853784 AND x[9] > 0.71493381506872844 AND x[2] <= 2.7623780922801044,5,87,exkmc_0.0.3
rich,20260804,4,14,5,5,2,0,10,distinct_top_categories,0.0,0.0,-1.9019534331706072,log1p_then_standardize,>,x[10] > -1.9019534331706072 AND x[1] <= 2.9111740804211106 AND x[7] <= 0.043475467911853784 AND x[9] > 0.71493381506872844 AND x[2] > 2.7623780922801044,5,1,exkmc_0.0.3
rich,20260804,4,14,5,5,2,1,1,purchase_occasion_count,3.9999999999999996,3.9999999999999996,2.9111740804211106,log1p_then_standardize,<=,x[10] > -1.9019534331706072 AND x[1] <= 2.9111740804211106 AND x[7] <= 0.043475467911853784 AND x[9] > 0.71493381506872844 AND x[2] > 2.7623780922801044,5,1,exkmc_0.0.3
rich,20260804,4,14,5,5,2,2,7,activity_span_days,2.0289837384259264,2.0289837384259264,0.043475467911853784,log1p_then_standardize,<=,x[10] > -1.9019534331706072 AND x[1] <= 2.9111740804211106 AND x[7] <= 0.043475467911853784 AND x[9] > 0.71493381506872844 AND x[2] > 2.7623780922801044,5,1,exkmc_0.0.3
rich,20260804,4,14,5,5,2,3,9,session_count_30m,3.9999999999999996,3.9999999999999996,0.7149338150687284,log1p_then_standardize,>,x[10] > -1.9019534331706072 AND x[1] <= 2.9111740804211106 AND x[7] <= 0.043475467911853784 AND x[9] > 0.71493381506872844 AND x[2] > 2.7623780922801044,5,1,exkmc_0.0.3
rich,20260804,4,14,5,5,2,4,2,purchase_event_count,5.999999999999999,5.999999999999999,2.7623780922801044,log1p_then_standardize,>,x[10] > -1.9019534331706072 AND x[1] <= 2.9111740804211106 AND x[7] <= 0.043475467911853784 AND x[9] > 0.71493381506872844 AND x[2] > 2.7623780922801044,5,1,exkmc_0.0.3
rich,20260804,4,14,6,6,1,0,10,distinct_top_categories,0.0,0.0,-1.9019534331706072,log1p_then_standardize,>,x[10] > -1.9019534331706072 AND x[1] <= 2.9111740804211106 AND x[7] > 0.043475467911853784 AND x[10] <= 3.9168247324227337 AND x[2] <= 4.6753659623122381 AND x[5] <= 2.0964811419516867,6,2771,exkmc_0.0.3
rich,20260804,4,14,6,6,1,1,1,purchase_occasion_count,3.9999999999999996,3.9999999999999996,2.9111740804211106,log1p_then_standardize,<=,x[10] > -1.9019534331706072 AND x[1] <= 2.9111740804211106 AND x[7] > 0.043475467911853784 AND x[10] <= 3.9168247324227337 AND x[2] <= 4.6753659623122381 AND x[5] <= 2.0964811419516867,6,2771,exkmc_0.0.3
rich,20260804,4,14,6,6,1,2,7,activity_span_days,2.0289837384259264,2.0289837384259264,0.043475467911853784,log1p_then_standardize,>,x[10] > -1.9019534331706072 AND x[1] <= 2.9111740804211106 AND x[7] > 0.043475467911853784 AND x[10] <= 3.9168247324227337 AND x[2] <= 4.6753659623122381 AND x[5] <= 2.0964811419516867,6,2771,exkmc_0.0.3
rich,20260804,4,14,6,6,1,3,10,distinct_top_categories,9.000000000000002,9.000000000000002,3.9168247324227337,log1p_then_standardize,<=,x[10] > -1.9019534331706072 AND x[1] <= 2.9111740804211106 AND x[7] > 0.043475467911853784 AND x[10] <= 3.9168247324227337 AND x[2] <= 4.6753659623122381 AND x[5] <= 2.0964811419516867,6,2771,exkmc_0.0.3
rich,20260804,4,14,6,6,1,4,2,purchase_event_count,14.0,14.0,4.675365962312238,log1p_then_standardize,<=,x[10] > -1.9019534331706072 AND x[1] <= 2.9111740804211106 AND x[7] > 0.043475467911853784 AND x[10] <= 3.9168247324227337 AND x[2] <= 4.6753659623122381 AND x[5] <= 2.0964811419516867,6,2771,exkmc_0.0.3
rich,20260804,4,14,6,6,1,5,5,cart_per_view,1.3478260869565215,1.3478260869565215,2.0964811419516867,standardize,<=,x[10] > -1.9019534331706072 AND x[1] <= 2.9111740804211106 AND x[7] > 0.043475467911853784 AND x[10] <= 3.9168247324227337 AND x[2] <= 4.6753659623122381 AND x[5] <= 2.0964811419516867,6,2771,exkmc_0.0.3
rich,20260804,4,14,7,7,0,0,10,distinct_top_categories,0.0,0.0,-1.9019534331706072,log1p_then_standardize,>,x[10] > -1.9019534331706072 AND x[1] <= 2.9111740804211106 AND x[7] > 0.043475467911853784 AND x[10] <= 3.9168247324227337 AND x[2] <= 4.6753659623122381 AND x[5] > 2.0964811419516867,6,22,exkmc_0.0.3
rich,20260804,4,14,7,7,0,1,1,purchase_occasion_count,3.9999999999999996,3.9999999999999996,2.9111740804211106,log1p_then_standardize,<=,x[10] > -1.9019534331706072 AND x[1] <= 2.9111740804211106 AND x[7] > 0.043475467911853784 AND x[10] <= 3.9168247324227337 AND x[2] <= 4.6753659623122381 AND x[5] > 2.0964811419516867,6,22,exkmc_0.0.3
rich,20260804,4,14,7,7,0,2,7,activity_span_days,2.0289837384259264,2.0289837384259264,0.043475467911853784,log1p_then_standardize,>,x[10] > -1.9019534331706072 AND x[1] <= 2.9111740804211106 AND x[7] > 0.043475467911853784 AND x[10] <= 3.9168247324227337 AND x[2] <= 4.6753659623122381 AND x[5] > 2.0964811419516867,6,22,exkmc_0.0.3
rich,20260804,4,14,7,7,0,3,10,distinct_top_categories,9.000000000000002,9.000000000000002,3.9168247324227337,log1p_then_standardize,<=,x[10] > -1.9019534331706072 AND x[1] <= 2.9111740804211106 AND x[7] > 0.043475467911853784 AND x[10] <= 3.9168247324227337 AND x[2] <= 4.6753659623122381 AND x[5] > 2.0964811419516867,6,22,exkmc_0.0.3
rich,20260804,4,14,7,7,0,4,2,purchase_event_count,14.0,14.0,4.675365962312238,log1p_then_standardize,<=,x[10] > -1.9019534331706072 AND x[1] <= 2.9111740804211106 AND x[7] > 0.043475467911853784 AND x[10] <= 3.9168247324227337 AND x[2] <= 4.6753659623122381 AND x[5] > 2.0964811419516867,6,22,exkmc_0.0.3
rich,20260804,4,14,7,7,0,5,5,cart_per_view,1.3478260869565215,1.3478260869565215,2.0964811419516867,standardize,>,x[10] > -1.9019534331706072 AND x[1] <= 2.9111740804211106 AND x[7] > 0.043475467911853784 AND x[10] <= 3.9168247324227337 AND x[2] <= 4.6753659623122381 AND x[5] > 2.0964811419516867,6,22,exkmc_0.0.3
rich,20260804,4,14,8,8,1,0,10,distinct_top_categories,0.0,0.0,-1.9019534331706072,log1p_then_standardize,>,x[10] > -1.9019534331706072 AND x[1] <= 2.9111740804211106 AND x[7] > 0.043475467911853784 AND x[10] <= 3.9168247324227337 AND x[2] > 4.6753659623122381 AND x[1] <= -0.21160950588791436,6,1,exkmc_0.0.3
rich,20260804,4,14,8,8,1,1,1,purchase_occasion_count,3.9999999999999996,3.9999999999999996,2.9111740804211106,log1p_then_standardize,<=,x[10] > -1.9019534331706072 AND x[1] <= 2.9111740804211106 AND x[7] > 0.043475467911853784 AND x[10] <= 3.9168247324227337 AND x[2] > 4.6753659623122381 AND x[1] <= -0.21160950588791436,6,1,exkmc_0.0.3
rich,20260804,4,14,8,8,1,2,7,activity_span_days,2.0289837384259264,2.0289837384259264,0.043475467911853784,log1p_then_standardize,>,x[10] > -1.9019534331706072 AND x[1] <= 2.9111740804211106 AND x[7] > 0.043475467911853784 AND x[10] <= 3.9168247324227337 AND x[2] > 4.6753659623122381 AND x[1] <= -0.21160950588791436,6,1,exkmc_0.0.3
rich,20260804,4,14,8,8,1,3,10,distinct_top_categories,9.000000000000002,9.000000000000002,3.9168247324227337,log1p_then_standardize,<=,x[10] > -1.9019534331706072 AND x[1] <= 2.9111740804211106 AND x[7] > 0.043475467911853784 AND x[10] <= 3.9168247324227337 AND x[2] > 4.6753659623122381 AND x[1] <= -0.21160950588791436,6,1,exkmc_0.0.3
rich,20260804,4,14,8,8,1,4,2,purchase_event_count,14.0,14.0,4.675365962312238,log1p_then_standardize,>,x[10] > -1.9019534331706072 AND x[1] <= 2.9111740804211106 AND x[7] > 0.043475467911853784 AND x[10] <= 3.9168247324227337 AND x[2] > 4.6753659623122381 AND x[1] <= -0.21160950588791436,6,1,exkmc_0.0.3
rich,20260804,4,14,8,8,1,5,1,purchase_occasion_count,1.0,1.0,-0.21160950588791436,log1p_then_standardize,<=,x[10] > -1.9019534331706072 AND x[1] <= 2.9111740804211106 AND x[7] > 0.043475467911853784 AND x[10] <= 3.9168247324227337 AND x[2] > 4.6753659623122381 AND x[1] <= -0.21160950588791436,6,1,exkmc_0.0.3
rich,20260804,4,14,9,9,2,0,10,distinct_top_categories,0.0,0.0,-1.9019534331706072,log1p_then_standardize,>,x[10] > -1.9019534331706072 AND x[1] <= 2.9111740804211106 AND x[7] > 0.043475467911853784 AND x[10] <= 3.9168247324227337 AND x[2] > 4.6753659623122381 AND x[1] > -0.21160950588791436,6,7,exkmc_0.0.3
rich,20260804,4,14,9,9,2,1,1,purchase_occasion_count,3.9999999999999996,3.9999999999999996,2.9111740804211106,log1p_then_standardize,<=,x[10] > -1.9019534331706072 AND x[1] <= 2.9111740804211106 AND x[7] > 0.043475467911853784 AND x[10] <= 3.9168247324227337 AND x[2] > 4.6753659623122381 AND x[1] > -0.21160950588791436,6,7,exkmc_0.0.3
rich,20260804,4,14,9,9,2,2,7,activity_span_days,2.0289837384259264,2.0289837384259264,0.043475467911853784,log1p_then_standardize,>,x[10] > -1.9019534331706072 AND x[1] <= 2.9111740804211106 AND x[7] > 0.043475467911853784 AND x[10] <= 3.9168247324227337 AND x[2] > 4.6753659623122381 AND x[1] > -0.21160950588791436,6,7,exkmc_0.0.3
rich,20260804,4,14,9,9,2,3,10,distinct_top_categories,9.000000000000002,9.000000000000002,3.9168247324227337,log1p_then_standardize,<=,x[10] > -1.9019534331706072 AND x[1] <= 2.9111740804211106 AND x[7] > 0.043475467911853784 AND x[10] <= 3.9168247324227337 AND x[2] > 4.6753659623122381 AND x[1] > -0.21160950588791436,6,7,exkmc_0.0.3
rich,20260804,4,14,9,9,2,4,2,purchase_event_count,14.0,14.0,4.675365962312238,log1p_then_standardize,>,x[10] > -1.9019534331706072 AND x[1] <= 2.9111740804211106 AND x[7] > 0.043475467911853784 AND x[10] <= 3.9168247324227337 AND x[2] > 4.6753659623122381 AND x[1] > -0.21160950588791436,6,7,exkmc_0.0.3
rich,20260804,4,14,9,9,2,5,1,purchase_occasion_count,1.0,1.0,-0.21160950588791436,log1p_then_standardize,>,x[10] > -1.9019534331706072 AND x[1] <= 2.9111740804211106 AND x[7] > 0.043475467911853784 AND x[10] <= 3.9168247324227337 AND x[2] > 4.6753659623122381 AND x[1] > -0.21160950588791436,6,7,exkmc_0.0.3
rich,20260804,4,14,10,10,1,0,10,distinct_top_categories,0.0,0.0,-1.9019534331706072,log1p_then_standardize,>,x[10] > -1.9019534331706072 AND x[1] <= 2.9111740804211106 AND x[7] > 0.043475467911853784 AND x[10] > 3.9168247324227337 AND x[1] <= -0.21160950588791436,5,4,exkmc_0.0.3
rich,20260804,4,14,10,10,1,1,1,purchase_occasion_count,3.9999999999999996,3.9999999999999996,2.9111740804211106,log1p_then_standardize,<=,x[10] > -1.9019534331706072 AND x[1] <= 2.9111740804211106 AND x[7] > 0.043475467911853784 AND x[10] > 3.9168247324227337 AND x[1] <= -0.21160950588791436,5,4,exkmc_0.0.3
rich,20260804,4,14,10,10,1,2,7,activity_span_days,2.0289837384259264,2.0289837384259264,0.043475467911853784,log1p_then_standardize,>,x[10] > -1.9019534331706072 AND x[1] <= 2.9111740804211106 AND x[7] > 0.043475467911853784 AND x[10] > 3.9168247324227337 AND x[1] <= -0.21160950588791436,5,4,exkmc_0.0.3
rich,20260804,4,14,10,10,1,3,10,distinct_top_categories,9.000000000000002,9.000000000000002,3.9168247324227337,log1p_then_standardize,>,x[10] > -1.9019534331706072 AND x[1] <= 2.9111740804211106 AND x[7] > 0.043475467911853784 AND x[10] > 3.9168247324227337 AND x[1] <= -0.21160950588791436,5,4,exkmc_0.0.3
rich,20260804,4,14,10,10,1,4,1,purchase_occasion_count,1.0,1.0,-0.21160950588791436,log1p_then_standardize,<=,x[10] > -1.9019534331706072 AND x[1] <= 2.9111740804211106 AND x[7] > 0.043475467911853784 AND x[10] > 3.9168247324227337 AND x[1] <= -0.21160950588791436,5,4,exkmc_0.0.3
rich,20260804,4,14,11,11,2,0,10,distinct_top_categories,0.0,0.0,-1.9019534331706072,log1p_then_standardize,>,x[10] > -1.9019534331706072 AND x[1] <= 2.9111740804211106 AND x[7] > 0.043475467911853784 AND x[10] > 3.9168247324227337 AND x[1] > -0.21160950588791436,5,11,exkmc_0.0.3
rich,20260804,4,14,11,11,2,1,1,purchase_occasion_count,3.9999999999999996,3.9999999999999996,2.9111740804211106,log1p_then_standardize,<=,x[10] > -1.9019534331706072 AND x[1] <= 2.9111740804211106 AND x[7] > 0.043475467911853784 AND x[10] > 3.9168247324227337 AND x[1] > -0.21160950588791436,5,11,exkmc_0.0.3
rich,20260804,4,14,11,11,2,2,7,activity_span_days,2.0289837384259264,2.0289837384259264,0.043475467911853784,log1p_then_standardize,>,x[10] > -1.9019534331706072 AND x[1] <= 2.9111740804211106 AND x[7] > 0.043475467911853784 AND x[10] > 3.9168247324227337 AND x[1] > -0.21160950588791436,5,11,exkmc_0.0.3
rich,20260804,4,14,11,11,2,3,10,distinct_top_categories,9.000000000000002,9.000000000000002,3.9168247324227337,log1p_then_standardize,>,x[10] > -1.9019534331706072 AND x[1] <= 2.9111740804211106 AND x[7] > 0.043475467911853784 AND x[10] > 3.9168247324227337 AND x[1] > -0.21160950588791436,5,11,exkmc_0.0.3
rich,20260804,4,14,11,11,2,4,1,purchase_occasion_count,1.0,1.0,-0.21160950588791436,log1p_then_standardize,>,x[10] > -1.9019534331706072 AND x[1] <= 2.9111740804211106 AND x[7] > 0.043475467911853784 AND x[10] > 3.9168247324227337 AND x[1] > -0.21160950588791436,5,11,exkmc_0.0.3
rich,20260804,4,14,12,12,1,0,10,distinct_top_categories,0.0,0.0,-1.9019534331706072,log1p_then_standardize,>,x[10] > -1.9019534331706072 AND x[1] > 2.9111740804211106 AND x[10] <= 0.87430930613266333,3,5,exkmc_0.0.3
rich,20260804,4,14,12,12,1,1,1,purchase_occasion_count,3.9999999999999996,3.9999999999999996,2.9111740804211106,log1p_then_standardize,>,x[10] > -1.9019534331706072 AND x[1] > 2.9111740804211106 AND x[10] <= 0.87430930613266333,3,5,exkmc_0.0.3
rich,20260804,4,14,12,12,1,2,10,distinct_top_categories,2.0000000000000004,2.0000000000000004,0.8743093061326633,log1p_then_standardize,<=,x[10] > -1.9019534331706072 AND x[1] > 2.9111740804211106 AND x[10] <= 0.87430930613266333,3,5,exkmc_0.0.3
rich,20260804,4,14,13,13,2,0,10,distinct_top_categories,0.0,0.0,-1.9019534331706072,log1p_then_standardize,>,x[10] > -1.9019534331706072 AND x[1] > 2.9111740804211106 AND x[10] > 0.87430930613266333,3,97,exkmc_0.0.3
rich,20260804,4,14,13,13,2,1,1,purchase_occasion_count,3.9999999999999996,3.9999999999999996,2.9111740804211106,log1p_then_standardize,>,x[10] > -1.9019534331706072 AND x[1] > 2.9111740804211106 AND x[10] > 0.87430930613266333,3,97,exkmc_0.0.3
rich,20260804,4,14,13,13,2,2,10,distinct_top_categories,2.0000000000000004,2.0000000000000004,0.8743093061326633,log1p_then_standardize,>,x[10] > -1.9019534331706072 AND x[1] > 2.9111740804211106 AND x[10] > 0.87430930613266333,3,97,exkmc_0.0.3
rich,20260804,4,15,0,0,3,0,10,distinct_top_categories,0.0,0.0,-1.9019534331706072,log1p_then_standardize,<=,x[10] <= -1.9019534331706072,1,937,exkmc_0.0.3
rich,20260804,4,15,1,1,0,0,10,distinct_top_categories,0.0,0.0,-1.9019534331706072,log1p_then_standardize,>,x[10] > -1.9019534331706072 AND x[1] <= 2.9111740804211106 AND x[7] <= 0.043475467911853784 AND x[9] <= 0.71493381506872844 AND x[4] <= 0.17349218069471267 AND x[3] <= 2.3490252025687672,6,5377,exkmc_0.0.3
rich,20260804,4,15,1,1,0,1,1,purchase_occasion_count,3.9999999999999996,3.9999999999999996,2.9111740804211106,log1p_then_standardize,<=,x[10] > -1.9019534331706072 AND x[1] <= 2.9111740804211106 AND x[7] <= 0.043475467911853784 AND x[9] <= 0.71493381506872844 AND x[4] <= 0.17349218069471267 AND x[3] <= 2.3490252025687672,6,5377,exkmc_0.0.3
rich,20260804,4,15,1,1,0,2,7,activity_span_days,2.0289837384259264,2.0289837384259264,0.043475467911853784,log1p_then_standardize,<=,x[10] > -1.9019534331706072 AND x[1] <= 2.9111740804211106 AND x[7] <= 0.043475467911853784 AND x[9] <= 0.71493381506872844 AND x[4] <= 0.17349218069471267 AND x[3] <= 2.3490252025687672,6,5377,exkmc_0.0.3
rich,20260804,4,15,1,1,0,3,9,session_count_30m,3.9999999999999996,3.9999999999999996,0.7149338150687284,log1p_then_standardize,<=,x[10] > -1.9019534331706072 AND x[1] <= 2.9111740804211106 AND x[7] <= 0.043475467911853784 AND x[9] <= 0.71493381506872844 AND x[4] <= 0.17349218069471267 AND x[3] <= 2.3490252025687672,6,5377,exkmc_0.0.3
rich,20260804,4,15,1,1,0,4,4,active_days,2.0000000000000004,2.0000000000000004,0.17349218069471267,log1p_then_standardize,<=,x[10] > -1.9019534331706072 AND x[1] <= 2.9111740804211106 AND x[7] <= 0.043475467911853784 AND x[9] <= 0.71493381506872844 AND x[4] <= 0.17349218069471267 AND x[3] <= 2.3490252025687672,6,5377,exkmc_0.0.3
rich,20260804,4,15,1,1,0,5,3,total_events,68.00000000000001,68.00000000000001,2.3490252025687672,log1p_then_standardize,<=,x[10] > -1.9019534331706072 AND x[1] <= 2.9111740804211106 AND x[7] <= 0.043475467911853784 AND x[9] <= 0.71493381506872844 AND x[4] <= 0.17349218069471267 AND x[3] <= 2.3490252025687672,6,5377,exkmc_0.0.3
rich,20260804,4,15,2,2,1,0,10,distinct_top_categories,0.0,0.0,-1.9019534331706072,log1p_then_standardize,>,x[10] > -1.9019534331706072 AND x[1] <= 2.9111740804211106 AND x[7] <= 0.043475467911853784 AND x[9] <= 0.71493381506872844 AND x[4] <= 0.17349218069471267 AND x[3] > 2.3490252025687672,6,11,exkmc_0.0.3
rich,20260804,4,15,2,2,1,1,1,purchase_occasion_count,3.9999999999999996,3.9999999999999996,2.9111740804211106,log1p_then_standardize,<=,x[10] > -1.9019534331706072 AND x[1] <= 2.9111740804211106 AND x[7] <= 0.043475467911853784 AND x[9] <= 0.71493381506872844 AND x[4] <= 0.17349218069471267 AND x[3] > 2.3490252025687672,6,11,exkmc_0.0.3
rich,20260804,4,15,2,2,1,2,7,activity_span_days,2.0289837384259264,2.0289837384259264,0.043475467911853784,log1p_then_standardize,<=,x[10] > -1.9019534331706072 AND x[1] <= 2.9111740804211106 AND x[7] <= 0.043475467911853784 AND x[9] <= 0.71493381506872844 AND x[4] <= 0.17349218069471267 AND x[3] > 2.3490252025687672,6,11,exkmc_0.0.3
rich,20260804,4,15,2,2,1,3,9,session_count_30m,3.9999999999999996,3.9999999999999996,0.7149338150687284,log1p_then_standardize,<=,x[10] > -1.9019534331706072 AND x[1] <= 2.9111740804211106 AND x[7] <= 0.043475467911853784 AND x[9] <= 0.71493381506872844 AND x[4] <= 0.17349218069471267 AND x[3] > 2.3490252025687672,6,11,exkmc_0.0.3
rich,20260804,4,15,2,2,1,4,4,active_days,2.0000000000000004,2.0000000000000004,0.17349218069471267,log1p_then_standardize,<=,x[10] > -1.9019534331706072 AND x[1] <= 2.9111740804211106 AND x[7] <= 0.043475467911853784 AND x[9] <= 0.71493381506872844 AND x[4] <= 0.17349218069471267 AND x[3] > 2.3490252025687672,6,11,exkmc_0.0.3
rich,20260804,4,15,2,2,1,5,3,total_events,68.00000000000001,68.00000000000001,2.3490252025687672,log1p_then_standardize,>,x[10] > -1.9019534331706072 AND x[1] <= 2.9111740804211106 AND x[7] <= 0.043475467911853784 AND x[9] <= 0.71493381506872844 AND x[4] <= 0.17349218069471267 AND x[3] > 2.3490252025687672,6,11,exkmc_0.0.3
rich,20260804,4,15,3,3,1,0,10,distinct_top_categories,0.0,0.0,-1.9019534331706072,log1p_then_standardize,>,x[10] > -1.9019534331706072 AND x[1] <= 2.9111740804211106 AND x[7] <= 0.043475467911853784 AND x[9] <= 0.71493381506872844 AND x[4] > 0.17349218069471267,5,44,exkmc_0.0.3
rich,20260804,4,15,3,3,1,1,1,purchase_occasion_count,3.9999999999999996,3.9999999999999996,2.9111740804211106,log1p_then_standardize,<=,x[10] > -1.9019534331706072 AND x[1] <= 2.9111740804211106 AND x[7] <= 0.043475467911853784 AND x[9] <= 0.71493381506872844 AND x[4] > 0.17349218069471267,5,44,exkmc_0.0.3
rich,20260804,4,15,3,3,1,2,7,activity_span_days,2.0289837384259264,2.0289837384259264,0.043475467911853784,log1p_then_standardize,<=,x[10] > -1.9019534331706072 AND x[1] <= 2.9111740804211106 AND x[7] <= 0.043475467911853784 AND x[9] <= 0.71493381506872844 AND x[4] > 0.17349218069471267,5,44,exkmc_0.0.3
rich,20260804,4,15,3,3,1,3,9,session_count_30m,3.9999999999999996,3.9999999999999996,0.7149338150687284,log1p_then_standardize,<=,x[10] > -1.9019534331706072 AND x[1] <= 2.9111740804211106 AND x[7] <= 0.043475467911853784 AND x[9] <= 0.71493381506872844 AND x[4] > 0.17349218069471267,5,44,exkmc_0.0.3
rich,20260804,4,15,3,3,1,4,4,active_days,2.0000000000000004,2.0000000000000004,0.17349218069471267,log1p_then_standardize,>,x[10] > -1.9019534331706072 AND x[1] <= 2.9111740804211106 AND x[7] <= 0.043475467911853784 AND x[9] <= 0.71493381506872844 AND x[4] > 0.17349218069471267,5,44,exkmc_0.0.3
rich,20260804,4,15,4,4,1,0,10,distinct_top_categories,0.0,0.0,-1.9019534331706072,log1p_then_standardize,>,x[10] > -1.9019534331706072 AND x[1] <= 2.9111740804211106 AND x[7] <= 0.043475467911853784 AND x[9] > 0.71493381506872844 AND x[2] <= 2.7623780922801044,5,87,exkmc_0.0.3
rich,20260804,4,15,4,4,1,1,1,purchase_occasion_count,3.9999999999999996,3.9999999999999996,2.9111740804211106,log1p_then_standardize,<=,x[10] > -1.9019534331706072 AND x[1] <= 2.9111740804211106 AND x[7] <= 0.043475467911853784 AND x[9] > 0.71493381506872844 AND x[2] <= 2.7623780922801044,5,87,exkmc_0.0.3
rich,20260804,4,15,4,4,1,2,7,activity_span_days,2.0289837384259264,2.0289837384259264,0.043475467911853784,log1p_then_standardize,<=,x[10] > -1.9019534331706072 AND x[1] <= 2.9111740804211106 AND x[7] <= 0.043475467911853784 AND x[9] > 0.71493381506872844 AND x[2] <= 2.7623780922801044,5,87,exkmc_0.0.3
rich,20260804,4,15,4,4,1,3,9,session_count_30m,3.9999999999999996,3.9999999999999996,0.7149338150687284,log1p_then_standardize,>,x[10] > -1.9019534331706072 AND x[1] <= 2.9111740804211106 AND x[7] <= 0.043475467911853784 AND x[9] > 0.71493381506872844 AND x[2] <= 2.7623780922801044,5,87,exkmc_0.0.3
rich,20260804,4,15,4,4,1,4,2,purchase_event_count,5.999999999999999,5.999999999999999,2.7623780922801044,log1p_then_standardize,<=,x[10] > -1.9019534331706072 AND x[1] <= 2.9111740804211106 AND x[7] <= 0.043475467911853784 AND x[9] > 0.71493381506872844 AND x[2] <= 2.7623780922801044,5,87,exkmc_0.0.3
rich,20260804,4,15,5,5,2,0,10,distinct_top_categories,0.0,0.0,-1.9019534331706072,log1p_then_standardize,>,x[10] > -1.9019534331706072 AND x[1] <= 2.9111740804211106 AND x[7] <= 0.043475467911853784 AND x[9] > 0.71493381506872844 AND x[2] > 2.7623780922801044,5,1,exkmc_0.0.3
rich,20260804,4,15,5,5,2,1,1,purchase_occasion_count,3.9999999999999996,3.9999999999999996,2.9111740804211106,log1p_then_standardize,<=,x[10] > -1.9019534331706072 AND x[1] <= 2.9111740804211106 AND x[7] <= 0.043475467911853784 AND x[9] > 0.71493381506872844 AND x[2] > 2.7623780922801044,5,1,exkmc_0.0.3
rich,20260804,4,15,5,5,2,2,7,activity_span_days,2.0289837384259264,2.0289837384259264,0.043475467911853784,log1p_then_standardize,<=,x[10] > -1.9019534331706072 AND x[1] <= 2.9111740804211106 AND x[7] <= 0.043475467911853784 AND x[9] > 0.71493381506872844 AND x[2] > 2.7623780922801044,5,1,exkmc_0.0.3
rich,20260804,4,15,5,5,2,3,9,session_count_30m,3.9999999999999996,3.9999999999999996,0.7149338150687284,log1p_then_standardize,>,x[10] > -1.9019534331706072 AND x[1] <= 2.9111740804211106 AND x[7] <= 0.043475467911853784 AND x[9] > 0.71493381506872844 AND x[2] > 2.7623780922801044,5,1,exkmc_0.0.3
rich,20260804,4,15,5,5,2,4,2,purchase_event_count,5.999999999999999,5.999999999999999,2.7623780922801044,log1p_then_standardize,>,x[10] > -1.9019534331706072 AND x[1] <= 2.9111740804211106 AND x[7] <= 0.043475467911853784 AND x[9] > 0.71493381506872844 AND x[2] > 2.7623780922801044,5,1,exkmc_0.0.3
rich,20260804,4,15,6,6,1,0,10,distinct_top_categories,0.0,0.0,-1.9019534331706072,log1p_then_standardize,>,x[10] > -1.9019534331706072 AND x[1] <= 2.9111740804211106 AND x[7] > 0.043475467911853784 AND x[10] <= 3.9168247324227337 AND x[2] <= 4.6753659623122381 AND x[5] <= 2.0964811419516867,6,2771,exkmc_0.0.3
rich,20260804,4,15,6,6,1,1,1,purchase_occasion_count,3.9999999999999996,3.9999999999999996,2.9111740804211106,log1p_then_standardize,<=,x[10] > -1.9019534331706072 AND x[1] <= 2.9111740804211106 AND x[7] > 0.043475467911853784 AND x[10] <= 3.9168247324227337 AND x[2] <= 4.6753659623122381 AND x[5] <= 2.0964811419516867,6,2771,exkmc_0.0.3
rich,20260804,4,15,6,6,1,2,7,activity_span_days,2.0289837384259264,2.0289837384259264,0.043475467911853784,log1p_then_standardize,>,x[10] > -1.9019534331706072 AND x[1] <= 2.9111740804211106 AND x[7] > 0.043475467911853784 AND x[10] <= 3.9168247324227337 AND x[2] <= 4.6753659623122381 AND x[5] <= 2.0964811419516867,6,2771,exkmc_0.0.3
rich,20260804,4,15,6,6,1,3,10,distinct_top_categories,9.000000000000002,9.000000000000002,3.9168247324227337,log1p_then_standardize,<=,x[10] > -1.9019534331706072 AND x[1] <= 2.9111740804211106 AND x[7] > 0.043475467911853784 AND x[10] <= 3.9168247324227337 AND x[2] <= 4.6753659623122381 AND x[5] <= 2.0964811419516867,6,2771,exkmc_0.0.3
rich,20260804,4,15,6,6,1,4,2,purchase_event_count,14.0,14.0,4.675365962312238,log1p_then_standardize,<=,x[10] > -1.9019534331706072 AND x[1] <= 2.9111740804211106 AND x[7] > 0.043475467911853784 AND x[10] <= 3.9168247324227337 AND x[2] <= 4.6753659623122381 AND x[5] <= 2.0964811419516867,6,2771,exkmc_0.0.3
rich,20260804,4,15,6,6,1,5,5,cart_per_view,1.3478260869565215,1.3478260869565215,2.0964811419516867,standardize,<=,x[10] > -1.9019534331706072 AND x[1] <= 2.9111740804211106 AND x[7] > 0.043475467911853784 AND x[10] <= 3.9168247324227337 AND x[2] <= 4.6753659623122381 AND x[5] <= 2.0964811419516867,6,2771,exkmc_0.0.3
rich,20260804,4,15,7,7,1,0,10,distinct_top_categories,0.0,0.0,-1.9019534331706072,log1p_then_standardize,>,x[10] > -1.9019534331706072 AND x[1] <= 2.9111740804211106 AND x[7] > 0.043475467911853784 AND x[10] <= 3.9168247324227337 AND x[2] <= 4.6753659623122381 AND x[5] > 2.0964811419516867 AND x[6] <= -0.42330254361492825,7,2,exkmc_0.0.3
rich,20260804,4,15,7,7,1,1,1,purchase_occasion_count,3.9999999999999996,3.9999999999999996,2.9111740804211106,log1p_then_standardize,<=,x[10] > -1.9019534331706072 AND x[1] <= 2.9111740804211106 AND x[7] > 0.043475467911853784 AND x[10] <= 3.9168247324227337 AND x[2] <= 4.6753659623122381 AND x[5] > 2.0964811419516867 AND x[6] <= -0.42330254361492825,7,2,exkmc_0.0.3
rich,20260804,4,15,7,7,1,2,7,activity_span_days,2.0289837384259264,2.0289837384259264,0.043475467911853784,log1p_then_standardize,>,x[10] > -1.9019534331706072 AND x[1] <= 2.9111740804211106 AND x[7] > 0.043475467911853784 AND x[10] <= 3.9168247324227337 AND x[2] <= 4.6753659623122381 AND x[5] > 2.0964811419516867 AND x[6] <= -0.42330254361492825,7,2,exkmc_0.0.3
rich,20260804,4,15,7,7,1,3,10,distinct_top_categories,9.000000000000002,9.000000000000002,3.9168247324227337,log1p_then_standardize,<=,x[10] > -1.9019534331706072 AND x[1] <= 2.9111740804211106 AND x[7] > 0.043475467911853784 AND x[10] <= 3.9168247324227337 AND x[2] <= 4.6753659623122381 AND x[5] > 2.0964811419516867 AND x[6] <= -0.42330254361492825,7,2,exkmc_0.0.3
rich,20260804,4,15,7,7,1,4,2,purchase_event_count,14.0,14.0,4.675365962312238,log1p_then_standardize,<=,x[10] > -1.9019534331706072 AND x[1] <= 2.9111740804211106 AND x[7] > 0.043475467911853784 AND x[10] <= 3.9168247324227337 AND x[2] <= 4.6753659623122381 AND x[5] > 2.0964811419516867 AND x[6] <= -0.42330254361492825,7,2,exkmc_0.0.3
rich,20260804,4,15,7,7,1,5,5,cart_per_view,1.3478260869565215,1.3478260869565215,2.0964811419516867,standardize,>,x[10] > -1.9019534331706072 AND x[1] <= 2.9111740804211106 AND x[7] > 0.043475467911853784 AND x[10] <= 3.9168247324227337 AND x[2] <= 4.6753659623122381 AND x[5] > 2.0964811419516867 AND x[6] <= -0.42330254361492825,7,2,exkmc_0.0.3
rich,20260804,4,15,7,7,1,6,6,transaction_per_view,0.25,0.25,-0.42330254361492825,standardize,<=,x[10] > -1.9019534331706072 AND x[1] <= 2.9111740804211106 AND x[7] > 0.043475467911853784 AND x[10] <= 3.9168247324227337 AND x[2] <= 4.6753659623122381 AND x[5] > 2.0964811419516867 AND x[6] <= -0.42330254361492825,7,2,exkmc_0.0.3
rich,20260804,4,15,8,8,0,0,10,distinct_top_categories,0.0,0.0,-1.9019534331706072,log1p_then_standardize,>,x[10] > -1.9019534331706072 AND x[1] <= 2.9111740804211106 AND x[7] > 0.043475467911853784 AND x[10] <= 3.9168247324227337 AND x[2] <= 4.6753659623122381 AND x[5] > 2.0964811419516867 AND x[6] > -0.42330254361492825,7,20,exkmc_0.0.3
rich,20260804,4,15,8,8,0,1,1,purchase_occasion_count,3.9999999999999996,3.9999999999999996,2.9111740804211106,log1p_then_standardize,<=,x[10] > -1.9019534331706072 AND x[1] <= 2.9111740804211106 AND x[7] > 0.043475467911853784 AND x[10] <= 3.9168247324227337 AND x[2] <= 4.6753659623122381 AND x[5] > 2.0964811419516867 AND x[6] > -0.42330254361492825,7,20,exkmc_0.0.3
rich,20260804,4,15,8,8,0,2,7,activity_span_days,2.0289837384259264,2.0289837384259264,0.043475467911853784,log1p_then_standardize,>,x[10] > -1.9019534331706072 AND x[1] <= 2.9111740804211106 AND x[7] > 0.043475467911853784 AND x[10] <= 3.9168247324227337 AND x[2] <= 4.6753659623122381 AND x[5] > 2.0964811419516867 AND x[6] > -0.42330254361492825,7,20,exkmc_0.0.3
rich,20260804,4,15,8,8,0,3,10,distinct_top_categories,9.000000000000002,9.000000000000002,3.9168247324227337,log1p_then_standardize,<=,x[10] > -1.9019534331706072 AND x[1] <= 2.9111740804211106 AND x[7] > 0.043475467911853784 AND x[10] <= 3.9168247324227337 AND x[2] <= 4.6753659623122381 AND x[5] > 2.0964811419516867 AND x[6] > -0.42330254361492825,7,20,exkmc_0.0.3
rich,20260804,4,15,8,8,0,4,2,purchase_event_count,14.0,14.0,4.675365962312238,log1p_then_standardize,<=,x[10] > -1.9019534331706072 AND x[1] <= 2.9111740804211106 AND x[7] > 0.043475467911853784 AND x[10] <= 3.9168247324227337 AND x[2] <= 4.6753659623122381 AND x[5] > 2.0964811419516867 AND x[6] > -0.42330254361492825,7,20,exkmc_0.0.3
rich,20260804,4,15,8,8,0,5,5,cart_per_view,1.3478260869565215,1.3478260869565215,2.0964811419516867,standardize,>,x[10] > -1.9019534331706072 AND x[1] <= 2.9111740804211106 AND x[7] > 0.043475467911853784 AND x[10] <= 3.9168247324227337 AND x[2] <= 4.6753659623122381 AND x[5] > 2.0964811419516867 AND x[6] > -0.42330254361492825,7,20,exkmc_0.0.3
rich,20260804,4,15,8,8,0,6,6,transaction_per_view,0.25,0.25,-0.42330254361492825,standardize,>,x[10] > -1.9019534331706072 AND x[1] <= 2.9111740804211106 AND x[7] > 0.043475467911853784 AND x[10] <= 3.9168247324227337 AND x[2] <= 4.6753659623122381 AND x[5] > 2.0964811419516867 AND x[6] > -0.42330254361492825,7,20,exkmc_0.0.3
rich,20260804,4,15,9,9,1,0,10,distinct_top_categories,0.0,0.0,-1.9019534331706072,log1p_then_standardize,>,x[10] > -1.9019534331706072 AND x[1] <= 2.9111740804211106 AND x[7] > 0.043475467911853784 AND x[10] <= 3.9168247324227337 AND x[2] > 4.6753659623122381 AND x[1] <= -0.21160950588791436,6,1,exkmc_0.0.3
rich,20260804,4,15,9,9,1,1,1,purchase_occasion_count,3.9999999999999996,3.9999999999999996,2.9111740804211106,log1p_then_standardize,<=,x[10] > -1.9019534331706072 AND x[1] <= 2.9111740804211106 AND x[7] > 0.043475467911853784 AND x[10] <= 3.9168247324227337 AND x[2] > 4.6753659623122381 AND x[1] <= -0.21160950588791436,6,1,exkmc_0.0.3
rich,20260804,4,15,9,9,1,2,7,activity_span_days,2.0289837384259264,2.0289837384259264,0.043475467911853784,log1p_then_standardize,>,x[10] > -1.9019534331706072 AND x[1] <= 2.9111740804211106 AND x[7] > 0.043475467911853784 AND x[10] <= 3.9168247324227337 AND x[2] > 4.6753659623122381 AND x[1] <= -0.21160950588791436,6,1,exkmc_0.0.3
rich,20260804,4,15,9,9,1,3,10,distinct_top_categories,9.000000000000002,9.000000000000002,3.9168247324227337,log1p_then_standardize,<=,x[10] > -1.9019534331706072 AND x[1] <= 2.9111740804211106 AND x[7] > 0.043475467911853784 AND x[10] <= 3.9168247324227337 AND x[2] > 4.6753659623122381 AND x[1] <= -0.21160950588791436,6,1,exkmc_0.0.3
rich,20260804,4,15,9,9,1,4,2,purchase_event_count,14.0,14.0,4.675365962312238,log1p_then_standardize,>,x[10] > -1.9019534331706072 AND x[1] <= 2.9111740804211106 AND x[7] > 0.043475467911853784 AND x[10] <= 3.9168247324227337 AND x[2] > 4.6753659623122381 AND x[1] <= -0.21160950588791436,6,1,exkmc_0.0.3
rich,20260804,4,15,9,9,1,5,1,purchase_occasion_count,1.0,1.0,-0.21160950588791436,log1p_then_standardize,<=,x[10] > -1.9019534331706072 AND x[1] <= 2.9111740804211106 AND x[7] > 0.043475467911853784 AND x[10] <= 3.9168247324227337 AND x[2] > 4.6753659623122381 AND x[1] <= -0.21160950588791436,6,1,exkmc_0.0.3
rich,20260804,4,15,10,10,2,0,10,distinct_top_categories,0.0,0.0,-1.9019534331706072,log1p_then_standardize,>,x[10] > -1.9019534331706072 AND x[1] <= 2.9111740804211106 AND x[7] > 0.043475467911853784 AND x[10] <= 3.9168247324227337 AND x[2] > 4.6753659623122381 AND x[1] > -0.21160950588791436,6,7,exkmc_0.0.3
rich,20260804,4,15,10,10,2,1,1,purchase_occasion_count,3.9999999999999996,3.9999999999999996,2.9111740804211106,log1p_then_standardize,<=,x[10] > -1.9019534331706072 AND x[1] <= 2.9111740804211106 AND x[7] > 0.043475467911853784 AND x[10] <= 3.9168247324227337 AND x[2] > 4.6753659623122381 AND x[1] > -0.21160950588791436,6,7,exkmc_0.0.3
rich,20260804,4,15,10,10,2,2,7,activity_span_days,2.0289837384259264,2.0289837384259264,0.043475467911853784,log1p_then_standardize,>,x[10] > -1.9019534331706072 AND x[1] <= 2.9111740804211106 AND x[7] > 0.043475467911853784 AND x[10] <= 3.9168247324227337 AND x[2] > 4.6753659623122381 AND x[1] > -0.21160950588791436,6,7,exkmc_0.0.3
rich,20260804,4,15,10,10,2,3,10,distinct_top_categories,9.000000000000002,9.000000000000002,3.9168247324227337,log1p_then_standardize,<=,x[10] > -1.9019534331706072 AND x[1] <= 2.9111740804211106 AND x[7] > 0.043475467911853784 AND x[10] <= 3.9168247324227337 AND x[2] > 4.6753659623122381 AND x[1] > -0.21160950588791436,6,7,exkmc_0.0.3
rich,20260804,4,15,10,10,2,4,2,purchase_event_count,14.0,14.0,4.675365962312238,log1p_then_standardize,>,x[10] > -1.9019534331706072 AND x[1] <= 2.9111740804211106 AND x[7] > 0.043475467911853784 AND x[10] <= 3.9168247324227337 AND x[2] > 4.6753659623122381 AND x[1] > -0.21160950588791436,6,7,exkmc_0.0.3
rich,20260804,4,15,10,10,2,5,1,purchase_occasion_count,1.0,1.0,-0.21160950588791436,log1p_then_standardize,>,x[10] > -1.9019534331706072 AND x[1] <= 2.9111740804211106 AND x[7] > 0.043475467911853784 AND x[10] <= 3.9168247324227337 AND x[2] > 4.6753659623122381 AND x[1] > -0.21160950588791436,6,7,exkmc_0.0.3
rich,20260804,4,15,11,11,1,0,10,distinct_top_categories,0.0,0.0,-1.9019534331706072,log1p_then_standardize,>,x[10] > -1.9019534331706072 AND x[1] <= 2.9111740804211106 AND x[7] > 0.043475467911853784 AND x[10] > 3.9168247324227337 AND x[1] <= -0.21160950588791436,5,4,exkmc_0.0.3
rich,20260804,4,15,11,11,1,1,1,purchase_occasion_count,3.9999999999999996,3.9999999999999996,2.9111740804211106,log1p_then_standardize,<=,x[10] > -1.9019534331706072 AND x[1] <= 2.9111740804211106 AND x[7] > 0.043475467911853784 AND x[10] > 3.9168247324227337 AND x[1] <= -0.21160950588791436,5,4,exkmc_0.0.3
rich,20260804,4,15,11,11,1,2,7,activity_span_days,2.0289837384259264,2.0289837384259264,0.043475467911853784,log1p_then_standardize,>,x[10] > -1.9019534331706072 AND x[1] <= 2.9111740804211106 AND x[7] > 0.043475467911853784 AND x[10] > 3.9168247324227337 AND x[1] <= -0.21160950588791436,5,4,exkmc_0.0.3
rich,20260804,4,15,11,11,1,3,10,distinct_top_categories,9.000000000000002,9.000000000000002,3.9168247324227337,log1p_then_standardize,>,x[10] > -1.9019534331706072 AND x[1] <= 2.9111740804211106 AND x[7] > 0.043475467911853784 AND x[10] > 3.9168247324227337 AND x[1] <= -0.21160950588791436,5,4,exkmc_0.0.3
rich,20260804,4,15,11,11,1,4,1,purchase_occasion_count,1.0,1.0,-0.21160950588791436,log1p_then_standardize,<=,x[10] > -1.9019534331706072 AND x[1] <= 2.9111740804211106 AND x[7] > 0.043475467911853784 AND x[10] > 3.9168247324227337 AND x[1] <= -0.21160950588791436,5,4,exkmc_0.0.3
rich,20260804,4,15,12,12,2,0,10,distinct_top_categories,0.0,0.0,-1.9019534331706072,log1p_then_standardize,>,x[10] > -1.9019534331706072 AND x[1] <= 2.9111740804211106 AND x[7] > 0.043475467911853784 AND x[10] > 3.9168247324227337 AND x[1] > -0.21160950588791436,5,11,exkmc_0.0.3
rich,20260804,4,15,12,12,2,1,1,purchase_occasion_count,3.9999999999999996,3.9999999999999996,2.9111740804211106,log1p_then_standardize,<=,x[10] > -1.9019534331706072 AND x[1] <= 2.9111740804211106 AND x[7] > 0.043475467911853784 AND x[10] > 3.9168247324227337 AND x[1] > -0.21160950588791436,5,11,exkmc_0.0.3
rich,20260804,4,15,12,12,2,2,7,activity_span_days,2.0289837384259264,2.0289837384259264,0.043475467911853784,log1p_then_standardize,>,x[10] > -1.9019534331706072 AND x[1] <= 2.9111740804211106 AND x[7] > 0.043475467911853784 AND x[10] > 3.9168247324227337 AND x[1] > -0.21160950588791436,5,11,exkmc_0.0.3
rich,20260804,4,15,12,12,2,3,10,distinct_top_categories,9.000000000000002,9.000000000000002,3.9168247324227337,log1p_then_standardize,>,x[10] > -1.9019534331706072 AND x[1] <= 2.9111740804211106 AND x[7] > 0.043475467911853784 AND x[10] > 3.9168247324227337 AND x[1] > -0.21160950588791436,5,11,exkmc_0.0.3
rich,20260804,4,15,12,12,2,4,1,purchase_occasion_count,1.0,1.0,-0.21160950588791436,log1p_then_standardize,>,x[10] > -1.9019534331706072 AND x[1] <= 2.9111740804211106 AND x[7] > 0.043475467911853784 AND x[10] > 3.9168247324227337 AND x[1] > -0.21160950588791436,5,11,exkmc_0.0.3
rich,20260804,4,15,13,13,1,0,10,distinct_top_categories,0.0,0.0,-1.9019534331706072,log1p_then_standardize,>,x[10] > -1.9019534331706072 AND x[1] > 2.9111740804211106 AND x[10] <= 0.87430930613266333,3,5,exkmc_0.0.3
rich,20260804,4,15,13,13,1,1,1,purchase_occasion_count,3.9999999999999996,3.9999999999999996,2.9111740804211106,log1p_then_standardize,>,x[10] > -1.9019534331706072 AND x[1] > 2.9111740804211106 AND x[10] <= 0.87430930613266333,3,5,exkmc_0.0.3
rich,20260804,4,15,13,13,1,2,10,distinct_top_categories,2.0000000000000004,2.0000000000000004,0.8743093061326633,log1p_then_standardize,<=,x[10] > -1.9019534331706072 AND x[1] > 2.9111740804211106 AND x[10] <= 0.87430930613266333,3,5,exkmc_0.0.3
rich,20260804,4,15,14,14,2,0,10,distinct_top_categories,0.0,0.0,-1.9019534331706072,log1p_then_standardize,>,x[10] > -1.9019534331706072 AND x[1] > 2.9111740804211106 AND x[10] > 0.87430930613266333,3,97,exkmc_0.0.3
rich,20260804,4,15,14,14,2,1,1,purchase_occasion_count,3.9999999999999996,3.9999999999999996,2.9111740804211106,log1p_then_standardize,>,x[10] > -1.9019534331706072 AND x[1] > 2.9111740804211106 AND x[10] > 0.87430930613266333,3,97,exkmc_0.0.3
rich,20260804,4,15,14,14,2,2,10,distinct_top_categories,2.0000000000000004,2.0000000000000004,0.8743093061326633,log1p_then_standardize,>,x[10] > -1.9019534331706072 AND x[1] > 2.9111740804211106 AND x[10] > 0.87430930613266333,3,97,exkmc_0.0.3
rich,20260804,4,16,0,0,3,0,10,distinct_top_categories,0.0,0.0,-1.9019534331706072,log1p_then_standardize,<=,x[10] <= -1.9019534331706072,1,937,exkmc_0.0.3
rich,20260804,4,16,1,1,0,0,10,distinct_top_categories,0.0,0.0,-1.9019534331706072,log1p_then_standardize,>,x[10] > -1.9019534331706072 AND x[1] <= 2.9111740804211106 AND x[7] <= 0.043475467911853784 AND x[9] <= 0.71493381506872844 AND x[4] <= 0.17349218069471267 AND x[3] <= 2.3490252025687672,6,5377,exkmc_0.0.3
rich,20260804,4,16,1,1,0,1,1,purchase_occasion_count,3.9999999999999996,3.9999999999999996,2.9111740804211106,log1p_then_standardize,<=,x[10] > -1.9019534331706072 AND x[1] <= 2.9111740804211106 AND x[7] <= 0.043475467911853784 AND x[9] <= 0.71493381506872844 AND x[4] <= 0.17349218069471267 AND x[3] <= 2.3490252025687672,6,5377,exkmc_0.0.3
rich,20260804,4,16,1,1,0,2,7,activity_span_days,2.0289837384259264,2.0289837384259264,0.043475467911853784,log1p_then_standardize,<=,x[10] > -1.9019534331706072 AND x[1] <= 2.9111740804211106 AND x[7] <= 0.043475467911853784 AND x[9] <= 0.71493381506872844 AND x[4] <= 0.17349218069471267 AND x[3] <= 2.3490252025687672,6,5377,exkmc_0.0.3
rich,20260804,4,16,1,1,0,3,9,session_count_30m,3.9999999999999996,3.9999999999999996,0.7149338150687284,log1p_then_standardize,<=,x[10] > -1.9019534331706072 AND x[1] <= 2.9111740804211106 AND x[7] <= 0.043475467911853784 AND x[9] <= 0.71493381506872844 AND x[4] <= 0.17349218069471267 AND x[3] <= 2.3490252025687672,6,5377,exkmc_0.0.3
rich,20260804,4,16,1,1,0,4,4,active_days,2.0000000000000004,2.0000000000000004,0.17349218069471267,log1p_then_standardize,<=,x[10] > -1.9019534331706072 AND x[1] <= 2.9111740804211106 AND x[7] <= 0.043475467911853784 AND x[9] <= 0.71493381506872844 AND x[4] <= 0.17349218069471267 AND x[3] <= 2.3490252025687672,6,5377,exkmc_0.0.3
rich,20260804,4,16,1,1,0,5,3,total_events,68.00000000000001,68.00000000000001,2.3490252025687672,log1p_then_standardize,<=,x[10] > -1.9019534331706072 AND x[1] <= 2.9111740804211106 AND x[7] <= 0.043475467911853784 AND x[9] <= 0.71493381506872844 AND x[4] <= 0.17349218069471267 AND x[3] <= 2.3490252025687672,6,5377,exkmc_0.0.3
rich,20260804,4,16,2,2,1,0,10,distinct_top_categories,0.0,0.0,-1.9019534331706072,log1p_then_standardize,>,x[10] > -1.9019534331706072 AND x[1] <= 2.9111740804211106 AND x[7] <= 0.043475467911853784 AND x[9] <= 0.71493381506872844 AND x[4] <= 0.17349218069471267 AND x[3] > 2.3490252025687672,6,11,exkmc_0.0.3
rich,20260804,4,16,2,2,1,1,1,purchase_occasion_count,3.9999999999999996,3.9999999999999996,2.9111740804211106,log1p_then_standardize,<=,x[10] > -1.9019534331706072 AND x[1] <= 2.9111740804211106 AND x[7] <= 0.043475467911853784 AND x[9] <= 0.71493381506872844 AND x[4] <= 0.17349218069471267 AND x[3] > 2.3490252025687672,6,11,exkmc_0.0.3
rich,20260804,4,16,2,2,1,2,7,activity_span_days,2.0289837384259264,2.0289837384259264,0.043475467911853784,log1p_then_standardize,<=,x[10] > -1.9019534331706072 AND x[1] <= 2.9111740804211106 AND x[7] <= 0.043475467911853784 AND x[9] <= 0.71493381506872844 AND x[4] <= 0.17349218069471267 AND x[3] > 2.3490252025687672,6,11,exkmc_0.0.3
rich,20260804,4,16,2,2,1,3,9,session_count_30m,3.9999999999999996,3.9999999999999996,0.7149338150687284,log1p_then_standardize,<=,x[10] > -1.9019534331706072 AND x[1] <= 2.9111740804211106 AND x[7] <= 0.043475467911853784 AND x[9] <= 0.71493381506872844 AND x[4] <= 0.17349218069471267 AND x[3] > 2.3490252025687672,6,11,exkmc_0.0.3
rich,20260804,4,16,2,2,1,4,4,active_days,2.0000000000000004,2.0000000000000004,0.17349218069471267,log1p_then_standardize,<=,x[10] > -1.9019534331706072 AND x[1] <= 2.9111740804211106 AND x[7] <= 0.043475467911853784 AND x[9] <= 0.71493381506872844 AND x[4] <= 0.17349218069471267 AND x[3] > 2.3490252025687672,6,11,exkmc_0.0.3
rich,20260804,4,16,2,2,1,5,3,total_events,68.00000000000001,68.00000000000001,2.3490252025687672,log1p_then_standardize,>,x[10] > -1.9019534331706072 AND x[1] <= 2.9111740804211106 AND x[7] <= 0.043475467911853784 AND x[9] <= 0.71493381506872844 AND x[4] <= 0.17349218069471267 AND x[3] > 2.3490252025687672,6,11,exkmc_0.0.3
rich,20260804,4,16,3,3,1,0,10,distinct_top_categories,0.0,0.0,-1.9019534331706072,log1p_then_standardize,>,x[10] > -1.9019534331706072 AND x[1] <= 2.9111740804211106 AND x[7] <= 0.043475467911853784 AND x[9] <= 0.71493381506872844 AND x[4] > 0.17349218069471267,5,44,exkmc_0.0.3
rich,20260804,4,16,3,3,1,1,1,purchase_occasion_count,3.9999999999999996,3.9999999999999996,2.9111740804211106,log1p_then_standardize,<=,x[10] > -1.9019534331706072 AND x[1] <= 2.9111740804211106 AND x[7] <= 0.043475467911853784 AND x[9] <= 0.71493381506872844 AND x[4] > 0.17349218069471267,5,44,exkmc_0.0.3
rich,20260804,4,16,3,3,1,2,7,activity_span_days,2.0289837384259264,2.0289837384259264,0.043475467911853784,log1p_then_standardize,<=,x[10] > -1.9019534331706072 AND x[1] <= 2.9111740804211106 AND x[7] <= 0.043475467911853784 AND x[9] <= 0.71493381506872844 AND x[4] > 0.17349218069471267,5,44,exkmc_0.0.3
rich,20260804,4,16,3,3,1,3,9,session_count_30m,3.9999999999999996,3.9999999999999996,0.7149338150687284,log1p_then_standardize,<=,x[10] > -1.9019534331706072 AND x[1] <= 2.9111740804211106 AND x[7] <= 0.043475467911853784 AND x[9] <= 0.71493381506872844 AND x[4] > 0.17349218069471267,5,44,exkmc_0.0.3
rich,20260804,4,16,3,3,1,4,4,active_days,2.0000000000000004,2.0000000000000004,0.17349218069471267,log1p_then_standardize,>,x[10] > -1.9019534331706072 AND x[1] <= 2.9111740804211106 AND x[7] <= 0.043475467911853784 AND x[9] <= 0.71493381506872844 AND x[4] > 0.17349218069471267,5,44,exkmc_0.0.3
rich,20260804,4,16,4,4,1,0,10,distinct_top_categories,0.0,0.0,-1.9019534331706072,log1p_then_standardize,>,x[10] > -1.9019534331706072 AND x[1] <= 2.9111740804211106 AND x[7] <= 0.043475467911853784 AND x[9] > 0.71493381506872844 AND x[2] <= 2.7623780922801044,5,87,exkmc_0.0.3
rich,20260804,4,16,4,4,1,1,1,purchase_occasion_count,3.9999999999999996,3.9999999999999996,2.9111740804211106,log1p_then_standardize,<=,x[10] > -1.9019534331706072 AND x[1] <= 2.9111740804211106 AND x[7] <= 0.043475467911853784 AND x[9] > 0.71493381506872844 AND x[2] <= 2.7623780922801044,5,87,exkmc_0.0.3
rich,20260804,4,16,4,4,1,2,7,activity_span_days,2.0289837384259264,2.0289837384259264,0.043475467911853784,log1p_then_standardize,<=,x[10] > -1.9019534331706072 AND x[1] <= 2.9111740804211106 AND x[7] <= 0.043475467911853784 AND x[9] > 0.71493381506872844 AND x[2] <= 2.7623780922801044,5,87,exkmc_0.0.3
rich,20260804,4,16,4,4,1,3,9,session_count_30m,3.9999999999999996,3.9999999999999996,0.7149338150687284,log1p_then_standardize,>,x[10] > -1.9019534331706072 AND x[1] <= 2.9111740804211106 AND x[7] <= 0.043475467911853784 AND x[9] > 0.71493381506872844 AND x[2] <= 2.7623780922801044,5,87,exkmc_0.0.3
rich,20260804,4,16,4,4,1,4,2,purchase_event_count,5.999999999999999,5.999999999999999,2.7623780922801044,log1p_then_standardize,<=,x[10] > -1.9019534331706072 AND x[1] <= 2.9111740804211106 AND x[7] <= 0.043475467911853784 AND x[9] > 0.71493381506872844 AND x[2] <= 2.7623780922801044,5,87,exkmc_0.0.3
rich,20260804,4,16,5,5,2,0,10,distinct_top_categories,0.0,0.0,-1.9019534331706072,log1p_then_standardize,>,x[10] > -1.9019534331706072 AND x[1] <= 2.9111740804211106 AND x[7] <= 0.043475467911853784 AND x[9] > 0.71493381506872844 AND x[2] > 2.7623780922801044,5,1,exkmc_0.0.3
rich,20260804,4,16,5,5,2,1,1,purchase_occasion_count,3.9999999999999996,3.9999999999999996,2.9111740804211106,log1p_then_standardize,<=,x[10] > -1.9019534331706072 AND x[1] <= 2.9111740804211106 AND x[7] <= 0.043475467911853784 AND x[9] > 0.71493381506872844 AND x[2] > 2.7623780922801044,5,1,exkmc_0.0.3
rich,20260804,4,16,5,5,2,2,7,activity_span_days,2.0289837384259264,2.0289837384259264,0.043475467911853784,log1p_then_standardize,<=,x[10] > -1.9019534331706072 AND x[1] <= 2.9111740804211106 AND x[7] <= 0.043475467911853784 AND x[9] > 0.71493381506872844 AND x[2] > 2.7623780922801044,5,1,exkmc_0.0.3
rich,20260804,4,16,5,5,2,3,9,session_count_30m,3.9999999999999996,3.9999999999999996,0.7149338150687284,log1p_then_standardize,>,x[10] > -1.9019534331706072 AND x[1] <= 2.9111740804211106 AND x[7] <= 0.043475467911853784 AND x[9] > 0.71493381506872844 AND x[2] > 2.7623780922801044,5,1,exkmc_0.0.3
rich,20260804,4,16,5,5,2,4,2,purchase_event_count,5.999999999999999,5.999999999999999,2.7623780922801044,log1p_then_standardize,>,x[10] > -1.9019534331706072 AND x[1] <= 2.9111740804211106 AND x[7] <= 0.043475467911853784 AND x[9] > 0.71493381506872844 AND x[2] > 2.7623780922801044,5,1,exkmc_0.0.3
rich,20260804,4,16,6,6,1,0,10,distinct_top_categories,0.0,0.0,-1.9019534331706072,log1p_then_standardize,>,x[10] > -1.9019534331706072 AND x[1] <= 2.9111740804211106 AND x[7] > 0.043475467911853784 AND x[10] <= 3.9168247324227337 AND x[2] <= 4.6753659623122381 AND x[5] <= 2.0964811419516867 AND x[4] <= 5.5734922642094098,7,2768,exkmc_0.0.3
rich,20260804,4,16,6,6,1,1,1,purchase_occasion_count,3.9999999999999996,3.9999999999999996,2.9111740804211106,log1p_then_standardize,<=,x[10] > -1.9019534331706072 AND x[1] <= 2.9111740804211106 AND x[7] > 0.043475467911853784 AND x[10] <= 3.9168247324227337 AND x[2] <= 4.6753659623122381 AND x[5] <= 2.0964811419516867 AND x[4] <= 5.5734922642094098,7,2768,exkmc_0.0.3
rich,20260804,4,16,6,6,1,2,7,activity_span_days,2.0289837384259264,2.0289837384259264,0.043475467911853784,log1p_then_standardize,>,x[10] > -1.9019534331706072 AND x[1] <= 2.9111740804211106 AND x[7] > 0.043475467911853784 AND x[10] <= 3.9168247324227337 AND x[2] <= 4.6753659623122381 AND x[5] <= 2.0964811419516867 AND x[4] <= 5.5734922642094098,7,2768,exkmc_0.0.3
rich,20260804,4,16,6,6,1,3,10,distinct_top_categories,9.000000000000002,9.000000000000002,3.9168247324227337,log1p_then_standardize,<=,x[10] > -1.9019534331706072 AND x[1] <= 2.9111740804211106 AND x[7] > 0.043475467911853784 AND x[10] <= 3.9168247324227337 AND x[2] <= 4.6753659623122381 AND x[5] <= 2.0964811419516867 AND x[4] <= 5.5734922642094098,7,2768,exkmc_0.0.3
rich,20260804,4,16,6,6,1,4,2,purchase_event_count,14.0,14.0,4.675365962312238,log1p_then_standardize,<=,x[10] > -1.9019534331706072 AND x[1] <= 2.9111740804211106 AND x[7] > 0.043475467911853784 AND x[10] <= 3.9168247324227337 AND x[2] <= 4.6753659623122381 AND x[5] <= 2.0964811419516867 AND x[4] <= 5.5734922642094098,7,2768,exkmc_0.0.3
rich,20260804,4,16,6,6,1,5,5,cart_per_view,1.3478260869565215,1.3478260869565215,2.0964811419516867,standardize,<=,x[10] > -1.9019534331706072 AND x[1] <= 2.9111740804211106 AND x[7] > 0.043475467911853784 AND x[10] <= 3.9168247324227337 AND x[2] <= 4.6753659623122381 AND x[5] <= 2.0964811419516867 AND x[4] <= 5.5734922642094098,7,2768,exkmc_0.0.3
rich,20260804,4,16,6,6,1,6,4,active_days,42.0,42.0,5.57349226420941,log1p_then_standardize,<=,x[10] > -1.9019534331706072 AND x[1] <= 2.9111740804211106 AND x[7] > 0.043475467911853784 AND x[10] <= 3.9168247324227337 AND x[2] <= 4.6753659623122381 AND x[5] <= 2.0964811419516867 AND x[4] <= 5.5734922642094098,7,2768,exkmc_0.0.3
rich,20260804,4,16,7,7,2,0,10,distinct_top_categories,0.0,0.0,-1.9019534331706072,log1p_then_standardize,>,x[10] > -1.9019534331706072 AND x[1] <= 2.9111740804211106 AND x[7] > 0.043475467911853784 AND x[10] <= 3.9168247324227337 AND x[2] <= 4.6753659623122381 AND x[5] <= 2.0964811419516867 AND x[4] > 5.5734922642094098,7,3,exkmc_0.0.3
rich,20260804,4,16,7,7,2,1,1,purchase_occasion_count,3.9999999999999996,3.9999999999999996,2.9111740804211106,log1p_then_standardize,<=,x[10] > -1.9019534331706072 AND x[1] <= 2.9111740804211106 AND x[7] > 0.043475467911853784 AND x[10] <= 3.9168247324227337 AND x[2] <= 4.6753659623122381 AND x[5] <= 2.0964811419516867 AND x[4] > 5.5734922642094098,7,3,exkmc_0.0.3
rich,20260804,4,16,7,7,2,2,7,activity_span_days,2.0289837384259264,2.0289837384259264,0.043475467911853784,log1p_then_standardize,>,x[10] > -1.9019534331706072 AND x[1] <= 2.9111740804211106 AND x[7] > 0.043475467911853784 AND x[10] <= 3.9168247324227337 AND x[2] <= 4.6753659623122381 AND x[5] <= 2.0964811419516867 AND x[4] > 5.5734922642094098,7,3,exkmc_0.0.3
rich,20260804,4,16,7,7,2,3,10,distinct_top_categories,9.000000000000002,9.000000000000002,3.9168247324227337,log1p_then_standardize,<=,x[10] > -1.9019534331706072 AND x[1] <= 2.9111740804211106 AND x[7] > 0.043475467911853784 AND x[10] <= 3.9168247324227337 AND x[2] <= 4.6753659623122381 AND x[5] <= 2.0964811419516867 AND x[4] > 5.5734922642094098,7,3,exkmc_0.0.3
rich,20260804,4,16,7,7,2,4,2,purchase_event_count,14.0,14.0,4.675365962312238,log1p_then_standardize,<=,x[10] > -1.9019534331706072 AND x[1] <= 2.9111740804211106 AND x[7] > 0.043475467911853784 AND x[10] <= 3.9168247324227337 AND x[2] <= 4.6753659623122381 AND x[5] <= 2.0964811419516867 AND x[4] > 5.5734922642094098,7,3,exkmc_0.0.3
rich,20260804,4,16,7,7,2,5,5,cart_per_view,1.3478260869565215,1.3478260869565215,2.0964811419516867,standardize,<=,x[10] > -1.9019534331706072 AND x[1] <= 2.9111740804211106 AND x[7] > 0.043475467911853784 AND x[10] <= 3.9168247324227337 AND x[2] <= 4.6753659623122381 AND x[5] <= 2.0964811419516867 AND x[4] > 5.5734922642094098,7,3,exkmc_0.0.3
rich,20260804,4,16,7,7,2,6,4,active_days,42.0,42.0,5.57349226420941,log1p_then_standardize,>,x[10] > -1.9019534331706072 AND x[1] <= 2.9111740804211106 AND x[7] > 0.043475467911853784 AND x[10] <= 3.9168247324227337 AND x[2] <= 4.6753659623122381 AND x[5] <= 2.0964811419516867 AND x[4] > 5.5734922642094098,7,3,exkmc_0.0.3
rich,20260804,4,16,8,8,1,0,10,distinct_top_categories,0.0,0.0,-1.9019534331706072,log1p_then_standardize,>,x[10] > -1.9019534331706072 AND x[1] <= 2.9111740804211106 AND x[7] > 0.043475467911853784 AND x[10] <= 3.9168247324227337 AND x[2] <= 4.6753659623122381 AND x[5] > 2.0964811419516867 AND x[6] <= -0.42330254361492825,7,2,exkmc_0.0.3
rich,20260804,4,16,8,8,1,1,1,purchase_occasion_count,3.9999999999999996,3.9999999999999996,2.9111740804211106,log1p_then_standardize,<=,x[10] > -1.9019534331706072 AND x[1] <= 2.9111740804211106 AND x[7] > 0.043475467911853784 AND x[10] <= 3.9168247324227337 AND x[2] <= 4.6753659623122381 AND x[5] > 2.0964811419516867 AND x[6] <= -0.42330254361492825,7,2,exkmc_0.0.3
rich,20260804,4,16,8,8,1,2,7,activity_span_days,2.0289837384259264,2.0289837384259264,0.043475467911853784,log1p_then_standardize,>,x[10] > -1.9019534331706072 AND x[1] <= 2.9111740804211106 AND x[7] > 0.043475467911853784 AND x[10] <= 3.9168247324227337 AND x[2] <= 4.6753659623122381 AND x[5] > 2.0964811419516867 AND x[6] <= -0.42330254361492825,7,2,exkmc_0.0.3
rich,20260804,4,16,8,8,1,3,10,distinct_top_categories,9.000000000000002,9.000000000000002,3.9168247324227337,log1p_then_standardize,<=,x[10] > -1.9019534331706072 AND x[1] <= 2.9111740804211106 AND x[7] > 0.043475467911853784 AND x[10] <= 3.9168247324227337 AND x[2] <= 4.6753659623122381 AND x[5] > 2.0964811419516867 AND x[6] <= -0.42330254361492825,7,2,exkmc_0.0.3
rich,20260804,4,16,8,8,1,4,2,purchase_event_count,14.0,14.0,4.675365962312238,log1p_then_standardize,<=,x[10] > -1.9019534331706072 AND x[1] <= 2.9111740804211106 AND x[7] > 0.043475467911853784 AND x[10] <= 3.9168247324227337 AND x[2] <= 4.6753659623122381 AND x[5] > 2.0964811419516867 AND x[6] <= -0.42330254361492825,7,2,exkmc_0.0.3
rich,20260804,4,16,8,8,1,5,5,cart_per_view,1.3478260869565215,1.3478260869565215,2.0964811419516867,standardize,>,x[10] > -1.9019534331706072 AND x[1] <= 2.9111740804211106 AND x[7] > 0.043475467911853784 AND x[10] <= 3.9168247324227337 AND x[2] <= 4.6753659623122381 AND x[5] > 2.0964811419516867 AND x[6] <= -0.42330254361492825,7,2,exkmc_0.0.3
rich,20260804,4,16,8,8,1,6,6,transaction_per_view,0.25,0.25,-0.42330254361492825,standardize,<=,x[10] > -1.9019534331706072 AND x[1] <= 2.9111740804211106 AND x[7] > 0.043475467911853784 AND x[10] <= 3.9168247324227337 AND x[2] <= 4.6753659623122381 AND x[5] > 2.0964811419516867 AND x[6] <= -0.42330254361492825,7,2,exkmc_0.0.3
rich,20260804,4,16,9,9,0,0,10,distinct_top_categories,0.0,0.0,-1.9019534331706072,log1p_then_standardize,>,x[10] > -1.9019534331706072 AND x[1] <= 2.9111740804211106 AND x[7] > 0.043475467911853784 AND x[10] <= 3.9168247324227337 AND x[2] <= 4.6753659623122381 AND x[5] > 2.0964811419516867 AND x[6] > -0.42330254361492825,7,20,exkmc_0.0.3
rich,20260804,4,16,9,9,0,1,1,purchase_occasion_count,3.9999999999999996,3.9999999999999996,2.9111740804211106,log1p_then_standardize,<=,x[10] > -1.9019534331706072 AND x[1] <= 2.9111740804211106 AND x[7] > 0.043475467911853784 AND x[10] <= 3.9168247324227337 AND x[2] <= 4.6753659623122381 AND x[5] > 2.0964811419516867 AND x[6] > -0.42330254361492825,7,20,exkmc_0.0.3
rich,20260804,4,16,9,9,0,2,7,activity_span_days,2.0289837384259264,2.0289837384259264,0.043475467911853784,log1p_then_standardize,>,x[10] > -1.9019534331706072 AND x[1] <= 2.9111740804211106 AND x[7] > 0.043475467911853784 AND x[10] <= 3.9168247324227337 AND x[2] <= 4.6753659623122381 AND x[5] > 2.0964811419516867 AND x[6] > -0.42330254361492825,7,20,exkmc_0.0.3
rich,20260804,4,16,9,9,0,3,10,distinct_top_categories,9.000000000000002,9.000000000000002,3.9168247324227337,log1p_then_standardize,<=,x[10] > -1.9019534331706072 AND x[1] <= 2.9111740804211106 AND x[7] > 0.043475467911853784 AND x[10] <= 3.9168247324227337 AND x[2] <= 4.6753659623122381 AND x[5] > 2.0964811419516867 AND x[6] > -0.42330254361492825,7,20,exkmc_0.0.3
rich,20260804,4,16,9,9,0,4,2,purchase_event_count,14.0,14.0,4.675365962312238,log1p_then_standardize,<=,x[10] > -1.9019534331706072 AND x[1] <= 2.9111740804211106 AND x[7] > 0.043475467911853784 AND x[10] <= 3.9168247324227337 AND x[2] <= 4.6753659623122381 AND x[5] > 2.0964811419516867 AND x[6] > -0.42330254361492825,7,20,exkmc_0.0.3
rich,20260804,4,16,9,9,0,5,5,cart_per_view,1.3478260869565215,1.3478260869565215,2.0964811419516867,standardize,>,x[10] > -1.9019534331706072 AND x[1] <= 2.9111740804211106 AND x[7] > 0.043475467911853784 AND x[10] <= 3.9168247324227337 AND x[2] <= 4.6753659623122381 AND x[5] > 2.0964811419516867 AND x[6] > -0.42330254361492825,7,20,exkmc_0.0.3
rich,20260804,4,16,9,9,0,6,6,transaction_per_view,0.25,0.25,-0.42330254361492825,standardize,>,x[10] > -1.9019534331706072 AND x[1] <= 2.9111740804211106 AND x[7] > 0.043475467911853784 AND x[10] <= 3.9168247324227337 AND x[2] <= 4.6753659623122381 AND x[5] > 2.0964811419516867 AND x[6] > -0.42330254361492825,7,20,exkmc_0.0.3
rich,20260804,4,16,10,10,1,0,10,distinct_top_categories,0.0,0.0,-1.9019534331706072,log1p_then_standardize,>,x[10] > -1.9019534331706072 AND x[1] <= 2.9111740804211106 AND x[7] > 0.043475467911853784 AND x[10] <= 3.9168247324227337 AND x[2] > 4.6753659623122381 AND x[1] <= -0.21160950588791436,6,1,exkmc_0.0.3
rich,20260804,4,16,10,10,1,1,1,purchase_occasion_count,3.9999999999999996,3.9999999999999996,2.9111740804211106,log1p_then_standardize,<=,x[10] > -1.9019534331706072 AND x[1] <= 2.9111740804211106 AND x[7] > 0.043475467911853784 AND x[10] <= 3.9168247324227337 AND x[2] > 4.6753659623122381 AND x[1] <= -0.21160950588791436,6,1,exkmc_0.0.3
rich,20260804,4,16,10,10,1,2,7,activity_span_days,2.0289837384259264,2.0289837384259264,0.043475467911853784,log1p_then_standardize,>,x[10] > -1.9019534331706072 AND x[1] <= 2.9111740804211106 AND x[7] > 0.043475467911853784 AND x[10] <= 3.9168247324227337 AND x[2] > 4.6753659623122381 AND x[1] <= -0.21160950588791436,6,1,exkmc_0.0.3
rich,20260804,4,16,10,10,1,3,10,distinct_top_categories,9.000000000000002,9.000000000000002,3.9168247324227337,log1p_then_standardize,<=,x[10] > -1.9019534331706072 AND x[1] <= 2.9111740804211106 AND x[7] > 0.043475467911853784 AND x[10] <= 3.9168247324227337 AND x[2] > 4.6753659623122381 AND x[1] <= -0.21160950588791436,6,1,exkmc_0.0.3
rich,20260804,4,16,10,10,1,4,2,purchase_event_count,14.0,14.0,4.675365962312238,log1p_then_standardize,>,x[10] > -1.9019534331706072 AND x[1] <= 2.9111740804211106 AND x[7] > 0.043475467911853784 AND x[10] <= 3.9168247324227337 AND x[2] > 4.6753659623122381 AND x[1] <= -0.21160950588791436,6,1,exkmc_0.0.3
rich,20260804,4,16,10,10,1,5,1,purchase_occasion_count,1.0,1.0,-0.21160950588791436,log1p_then_standardize,<=,x[10] > -1.9019534331706072 AND x[1] <= 2.9111740804211106 AND x[7] > 0.043475467911853784 AND x[10] <= 3.9168247324227337 AND x[2] > 4.6753659623122381 AND x[1] <= -0.21160950588791436,6,1,exkmc_0.0.3
rich,20260804,4,16,11,11,2,0,10,distinct_top_categories,0.0,0.0,-1.9019534331706072,log1p_then_standardize,>,x[10] > -1.9019534331706072 AND x[1] <= 2.9111740804211106 AND x[7] > 0.043475467911853784 AND x[10] <= 3.9168247324227337 AND x[2] > 4.6753659623122381 AND x[1] > -0.21160950588791436,6,7,exkmc_0.0.3
rich,20260804,4,16,11,11,2,1,1,purchase_occasion_count,3.9999999999999996,3.9999999999999996,2.9111740804211106,log1p_then_standardize,<=,x[10] > -1.9019534331706072 AND x[1] <= 2.9111740804211106 AND x[7] > 0.043475467911853784 AND x[10] <= 3.9168247324227337 AND x[2] > 4.6753659623122381 AND x[1] > -0.21160950588791436,6,7,exkmc_0.0.3
rich,20260804,4,16,11,11,2,2,7,activity_span_days,2.0289837384259264,2.0289837384259264,0.043475467911853784,log1p_then_standardize,>,x[10] > -1.9019534331706072 AND x[1] <= 2.9111740804211106 AND x[7] > 0.043475467911853784 AND x[10] <= 3.9168247324227337 AND x[2] > 4.6753659623122381 AND x[1] > -0.21160950588791436,6,7,exkmc_0.0.3
rich,20260804,4,16,11,11,2,3,10,distinct_top_categories,9.000000000000002,9.000000000000002,3.9168247324227337,log1p_then_standardize,<=,x[10] > -1.9019534331706072 AND x[1] <= 2.9111740804211106 AND x[7] > 0.043475467911853784 AND x[10] <= 3.9168247324227337 AND x[2] > 4.6753659623122381 AND x[1] > -0.21160950588791436,6,7,exkmc_0.0.3
rich,20260804,4,16,11,11,2,4,2,purchase_event_count,14.0,14.0,4.675365962312238,log1p_then_standardize,>,x[10] > -1.9019534331706072 AND x[1] <= 2.9111740804211106 AND x[7] > 0.043475467911853784 AND x[10] <= 3.9168247324227337 AND x[2] > 4.6753659623122381 AND x[1] > -0.21160950588791436,6,7,exkmc_0.0.3
rich,20260804,4,16,11,11,2,5,1,purchase_occasion_count,1.0,1.0,-0.21160950588791436,log1p_then_standardize,>,x[10] > -1.9019534331706072 AND x[1] <= 2.9111740804211106 AND x[7] > 0.043475467911853784 AND x[10] <= 3.9168247324227337 AND x[2] > 4.6753659623122381 AND x[1] > -0.21160950588791436,6,7,exkmc_0.0.3
rich,20260804,4,16,12,12,1,0,10,distinct_top_categories,0.0,0.0,-1.9019534331706072,log1p_then_standardize,>,x[10] > -1.9019534331706072 AND x[1] <= 2.9111740804211106 AND x[7] > 0.043475467911853784 AND x[10] > 3.9168247324227337 AND x[1] <= -0.21160950588791436,5,4,exkmc_0.0.3
rich,20260804,4,16,12,12,1,1,1,purchase_occasion_count,3.9999999999999996,3.9999999999999996,2.9111740804211106,log1p_then_standardize,<=,x[10] > -1.9019534331706072 AND x[1] <= 2.9111740804211106 AND x[7] > 0.043475467911853784 AND x[10] > 3.9168247324227337 AND x[1] <= -0.21160950588791436,5,4,exkmc_0.0.3
rich,20260804,4,16,12,12,1,2,7,activity_span_days,2.0289837384259264,2.0289837384259264,0.043475467911853784,log1p_then_standardize,>,x[10] > -1.9019534331706072 AND x[1] <= 2.9111740804211106 AND x[7] > 0.043475467911853784 AND x[10] > 3.9168247324227337 AND x[1] <= -0.21160950588791436,5,4,exkmc_0.0.3
rich,20260804,4,16,12,12,1,3,10,distinct_top_categories,9.000000000000002,9.000000000000002,3.9168247324227337,log1p_then_standardize,>,x[10] > -1.9019534331706072 AND x[1] <= 2.9111740804211106 AND x[7] > 0.043475467911853784 AND x[10] > 3.9168247324227337 AND x[1] <= -0.21160950588791436,5,4,exkmc_0.0.3
rich,20260804,4,16,12,12,1,4,1,purchase_occasion_count,1.0,1.0,-0.21160950588791436,log1p_then_standardize,<=,x[10] > -1.9019534331706072 AND x[1] <= 2.9111740804211106 AND x[7] > 0.043475467911853784 AND x[10] > 3.9168247324227337 AND x[1] <= -0.21160950588791436,5,4,exkmc_0.0.3
rich,20260804,4,16,13,13,2,0,10,distinct_top_categories,0.0,0.0,-1.9019534331706072,log1p_then_standardize,>,x[10] > -1.9019534331706072 AND x[1] <= 2.9111740804211106 AND x[7] > 0.043475467911853784 AND x[10] > 3.9168247324227337 AND x[1] > -0.21160950588791436,5,11,exkmc_0.0.3
rich,20260804,4,16,13,13,2,1,1,purchase_occasion_count,3.9999999999999996,3.9999999999999996,2.9111740804211106,log1p_then_standardize,<=,x[10] > -1.9019534331706072 AND x[1] <= 2.9111740804211106 AND x[7] > 0.043475467911853784 AND x[10] > 3.9168247324227337 AND x[1] > -0.21160950588791436,5,11,exkmc_0.0.3
rich,20260804,4,16,13,13,2,2,7,activity_span_days,2.0289837384259264,2.0289837384259264,0.043475467911853784,log1p_then_standardize,>,x[10] > -1.9019534331706072 AND x[1] <= 2.9111740804211106 AND x[7] > 0.043475467911853784 AND x[10] > 3.9168247324227337 AND x[1] > -0.21160950588791436,5,11,exkmc_0.0.3
rich,20260804,4,16,13,13,2,3,10,distinct_top_categories,9.000000000000002,9.000000000000002,3.9168247324227337,log1p_then_standardize,>,x[10] > -1.9019534331706072 AND x[1] <= 2.9111740804211106 AND x[7] > 0.043475467911853784 AND x[10] > 3.9168247324227337 AND x[1] > -0.21160950588791436,5,11,exkmc_0.0.3
rich,20260804,4,16,13,13,2,4,1,purchase_occasion_count,1.0,1.0,-0.21160950588791436,log1p_then_standardize,>,x[10] > -1.9019534331706072 AND x[1] <= 2.9111740804211106 AND x[7] > 0.043475467911853784 AND x[10] > 3.9168247324227337 AND x[1] > -0.21160950588791436,5,11,exkmc_0.0.3
rich,20260804,4,16,14,14,1,0,10,distinct_top_categories,0.0,0.0,-1.9019534331706072,log1p_then_standardize,>,x[10] > -1.9019534331706072 AND x[1] > 2.9111740804211106 AND x[10] <= 0.87430930613266333,3,5,exkmc_0.0.3
rich,20260804,4,16,14,14,1,1,1,purchase_occasion_count,3.9999999999999996,3.9999999999999996,2.9111740804211106,log1p_then_standardize,>,x[10] > -1.9019534331706072 AND x[1] > 2.9111740804211106 AND x[10] <= 0.87430930613266333,3,5,exkmc_0.0.3
rich,20260804,4,16,14,14,1,2,10,distinct_top_categories,2.0000000000000004,2.0000000000000004,0.8743093061326633,log1p_then_standardize,<=,x[10] > -1.9019534331706072 AND x[1] > 2.9111740804211106 AND x[10] <= 0.87430930613266333,3,5,exkmc_0.0.3
rich,20260804,4,16,15,15,2,0,10,distinct_top_categories,0.0,0.0,-1.9019534331706072,log1p_then_standardize,>,x[10] > -1.9019534331706072 AND x[1] > 2.9111740804211106 AND x[10] > 0.87430930613266333,3,97,exkmc_0.0.3
rich,20260804,4,16,15,15,2,1,1,purchase_occasion_count,3.9999999999999996,3.9999999999999996,2.9111740804211106,log1p_then_standardize,>,x[10] > -1.9019534331706072 AND x[1] > 2.9111740804211106 AND x[10] > 0.87430930613266333,3,97,exkmc_0.0.3
rich,20260804,4,16,15,15,2,2,10,distinct_top_categories,2.0000000000000004,2.0000000000000004,0.8743093061326633,log1p_then_standardize,>,x[10] > -1.9019534331706072 AND x[1] > 2.9111740804211106 AND x[10] > 0.87430930613266333,3,97,exkmc_0.0.3
rich,20260805,4,4,0,0,0,0,10,distinct_top_categories,5.3290705182007656e-15,5.3290705182007656e-15,-1.9021513423199352,log1p_then_standardize,<=,x[10] <= -1.9021513423199352,1,919,exkmc_0.0.3
rich,20260805,4,4,1,1,3,0,10,distinct_top_categories,5.3290705182007656e-15,5.3290705182007656e-15,-1.9021513423199352,log1p_then_standardize,>,x[10] > -1.9021513423199352 AND x[1] <= 2.8848336472518796 AND x[7] <= 0.0036833638886256217,3,5442,exkmc_0.0.3
rich,20260805,4,4,1,1,3,1,1,purchase_occasion_count,3.9999999999999996,3.9999999999999996,2.8848336472518796,log1p_then_standardize,<=,x[10] > -1.9021513423199352 AND x[1] <= 2.8848336472518796 AND x[7] <= 0.0036833638886256217,3,5442,exkmc_0.0.3
rich,20260805,4,4,1,1,3,2,7,activity_span_days,1.8233806365740737,1.8233806365740737,0.0036833638886256217,log1p_then_standardize,<=,x[10] > -1.9021513423199352 AND x[1] <= 2.8848336472518796 AND x[7] <= 0.0036833638886256217,3,5442,exkmc_0.0.3
rich,20260805,4,4,2,2,1,0,10,distinct_top_categories,5.3290705182007656e-15,5.3290705182007656e-15,-1.9021513423199352,log1p_then_standardize,>,x[10] > -1.9021513423199352 AND x[1] <= 2.8848336472518796 AND x[7] > 0.0036833638886256217,3,2906,exkmc_0.0.3
rich,20260805,4,4,2,2,1,1,1,purchase_occasion_count,3.9999999999999996,3.9999999999999996,2.8848336472518796,log1p_then_standardize,<=,x[10] > -1.9021513423199352 AND x[1] <= 2.8848336472518796 AND x[7] > 0.0036833638886256217,3,2906,exkmc_0.0.3
rich,20260805,4,4,2,2,1,2,7,activity_span_days,1.8233806365740737,1.8233806365740737,0.0036833638886256217,log1p_then_standardize,>,x[10] > -1.9021513423199352 AND x[1] <= 2.8848336472518796 AND x[7] > 0.0036833638886256217,3,2906,exkmc_0.0.3
rich,20260805,4,4,3,3,2,0,10,distinct_top_categories,5.3290705182007656e-15,5.3290705182007656e-15,-1.9021513423199352,log1p_then_standardize,>,x[10] > -1.9021513423199352 AND x[1] > 2.8848336472518796,2,108,exkmc_0.0.3
rich,20260805,4,4,3,3,2,1,1,purchase_occasion_count,3.9999999999999996,3.9999999999999996,2.8848336472518796,log1p_then_standardize,>,x[10] > -1.9021513423199352 AND x[1] > 2.8848336472518796,2,108,exkmc_0.0.3
rich,20260805,4,5,0,0,0,0,10,distinct_top_categories,5.3290705182007656e-15,5.3290705182007656e-15,-1.9021513423199352,log1p_then_standardize,<=,x[10] <= -1.9021513423199352,1,919,exkmc_0.0.3
rich,20260805,4,5,1,1,3,0,10,distinct_top_categories,5.3290705182007656e-15,5.3290705182007656e-15,-1.9021513423199352,log1p_then_standardize,>,x[10] > -1.9021513423199352 AND x[1] <= 2.8848336472518796 AND x[7] <= 0.0036833638886256217,3,5442,exkmc_0.0.3
rich,20260805,4,5,1,1,3,1,1,purchase_occasion_count,3.9999999999999996,3.9999999999999996,2.8848336472518796,log1p_then_standardize,<=,x[10] > -1.9021513423199352 AND x[1] <= 2.8848336472518796 AND x[7] <= 0.0036833638886256217,3,5442,exkmc_0.0.3
rich,20260805,4,5,1,1,3,2,7,activity_span_days,1.8233806365740737,1.8233806365740737,0.0036833638886256217,log1p_then_standardize,<=,x[10] > -1.9021513423199352 AND x[1] <= 2.8848336472518796 AND x[7] <= 0.0036833638886256217,3,5442,exkmc_0.0.3
rich,20260805,4,5,2,2,1,0,10,distinct_top_categories,5.3290705182007656e-15,5.3290705182007656e-15,-1.9021513423199352,log1p_then_standardize,>,x[10] > -1.9021513423199352 AND x[1] <= 2.8848336472518796 AND x[7] > 0.0036833638886256217 AND x[10] <= 3.8992739806364312,4,2892,exkmc_0.0.3
rich,20260805,4,5,2,2,1,1,1,purchase_occasion_count,3.9999999999999996,3.9999999999999996,2.8848336472518796,log1p_then_standardize,<=,x[10] > -1.9021513423199352 AND x[1] <= 2.8848336472518796 AND x[7] > 0.0036833638886256217 AND x[10] <= 3.8992739806364312,4,2892,exkmc_0.0.3
rich,20260805,4,5,2,2,1,2,7,activity_span_days,1.8233806365740737,1.8233806365740737,0.0036833638886256217,log1p_then_standardize,>,x[10] > -1.9021513423199352 AND x[1] <= 2.8848336472518796 AND x[7] > 0.0036833638886256217 AND x[10] <= 3.8992739806364312,4,2892,exkmc_0.0.3
rich,20260805,4,5,2,2,1,3,10,distinct_top_categories,9.000000000000002,9.000000000000002,3.899273980636431,log1p_then_standardize,<=,x[10] > -1.9021513423199352 AND x[1] <= 2.8848336472518796 AND x[7] > 0.0036833638886256217 AND x[10] <= 3.8992739806364312,4,2892,exkmc_0.0.3
rich,20260805,4,5,3,3,2,0,10,distinct_top_categories,5.3290705182007656e-15,5.3290705182007656e-15,-1.9021513423199352,log1p_then_standardize,>,x[10] > -1.9021513423199352 AND x[1] <= 2.8848336472518796 AND x[7] > 0.0036833638886256217 AND x[10] > 3.8992739806364312,4,14,exkmc_0.0.3
rich,20260805,4,5,3,3,2,1,1,purchase_occasion_count,3.9999999999999996,3.9999999999999996,2.8848336472518796,log1p_then_standardize,<=,x[10] > -1.9021513423199352 AND x[1] <= 2.8848336472518796 AND x[7] > 0.0036833638886256217 AND x[10] > 3.8992739806364312,4,14,exkmc_0.0.3
rich,20260805,4,5,3,3,2,2,7,activity_span_days,1.8233806365740737,1.8233806365740737,0.0036833638886256217,log1p_then_standardize,>,x[10] > -1.9021513423199352 AND x[1] <= 2.8848336472518796 AND x[7] > 0.0036833638886256217 AND x[10] > 3.8992739806364312,4,14,exkmc_0.0.3
rich,20260805,4,5,3,3,2,3,10,distinct_top_categories,9.000000000000002,9.000000000000002,3.899273980636431,log1p_then_standardize,>,x[10] > -1.9021513423199352 AND x[1] <= 2.8848336472518796 AND x[7] > 0.0036833638886256217 AND x[10] > 3.8992739806364312,4,14,exkmc_0.0.3
rich,20260805,4,5,4,4,2,0,10,distinct_top_categories,5.3290705182007656e-15,5.3290705182007656e-15,-1.9021513423199352,log1p_then_standardize,>,x[10] > -1.9021513423199352 AND x[1] > 2.8848336472518796,2,108,exkmc_0.0.3
rich,20260805,4,5,4,4,2,1,1,purchase_occasion_count,3.9999999999999996,3.9999999999999996,2.8848336472518796,log1p_then_standardize,>,x[10] > -1.9021513423199352 AND x[1] > 2.8848336472518796,2,108,exkmc_0.0.3
rich,20260805,4,6,0,0,0,0,10,distinct_top_categories,5.3290705182007656e-15,5.3290705182007656e-15,-1.9021513423199352,log1p_then_standardize,<=,x[10] <= -1.9021513423199352,1,919,exkmc_0.0.3
rich,20260805,4,6,1,1,3,0,10,distinct_top_categories,5.3290705182007656e-15,5.3290705182007656e-15,-1.9021513423199352,log1p_then_standardize,>,x[10] > -1.9021513423199352 AND x[1] <= 2.8848336472518796 AND x[7] <= 0.0036833638886256217 AND x[9] <= 0.72108607949579473,4,5374,exkmc_0.0.3
rich,20260805,4,6,1,1,3,1,1,purchase_occasion_count,3.9999999999999996,3.9999999999999996,2.8848336472518796,log1p_then_standardize,<=,x[10] > -1.9021513423199352 AND x[1] <= 2.8848336472518796 AND x[7] <= 0.0036833638886256217 AND x[9] <= 0.72108607949579473,4,5374,exkmc_0.0.3
rich,20260805,4,6,1,1,3,2,7,activity_span_days,1.8233806365740737,1.8233806365740737,0.0036833638886256217,log1p_then_standardize,<=,x[10] > -1.9021513423199352 AND x[1] <= 2.8848336472518796 AND x[7] <= 0.0036833638886256217 AND x[9] <= 0.72108607949579473,4,5374,exkmc_0.0.3
rich,20260805,4,6,1,1,3,3,9,session_count_30m,3.9999999999999996,3.9999999999999996,0.7210860794957947,log1p_then_standardize,<=,x[10] > -1.9021513423199352 AND x[1] <= 2.8848336472518796 AND x[7] <= 0.0036833638886256217 AND x[9] <= 0.72108607949579473,4,5374,exkmc_0.0.3
rich,20260805,4,6,2,2,1,0,10,distinct_top_categories,5.3290705182007656e-15,5.3290705182007656e-15,-1.9021513423199352,log1p_then_standardize,>,x[10] > -1.9021513423199352 AND x[1] <= 2.8848336472518796 AND x[7] <= 0.0036833638886256217 AND x[9] > 0.72108607949579473,4,68,exkmc_0.0.3
rich,20260805,4,6,2,2,1,1,1,purchase_occasion_count,3.9999999999999996,3.9999999999999996,2.8848336472518796,log1p_then_standardize,<=,x[10] > -1.9021513423199352 AND x[1] <= 2.8848336472518796 AND x[7] <= 0.0036833638886256217 AND x[9] > 0.72108607949579473,4,68,exkmc_0.0.3
rich,20260805,4,6,2,2,1,2,7,activity_span_days,1.8233806365740737,1.8233806365740737,0.0036833638886256217,log1p_then_standardize,<=,x[10] > -1.9021513423199352 AND x[1] <= 2.8848336472518796 AND x[7] <= 0.0036833638886256217 AND x[9] > 0.72108607949579473,4,68,exkmc_0.0.3
rich,20260805,4,6,2,2,1,3,9,session_count_30m,3.9999999999999996,3.9999999999999996,0.7210860794957947,log1p_then_standardize,>,x[10] > -1.9021513423199352 AND x[1] <= 2.8848336472518796 AND x[7] <= 0.0036833638886256217 AND x[9] > 0.72108607949579473,4,68,exkmc_0.0.3
rich,20260805,4,6,3,3,1,0,10,distinct_top_categories,5.3290705182007656e-15,5.3290705182007656e-15,-1.9021513423199352,log1p_then_standardize,>,x[10] > -1.9021513423199352 AND x[1] <= 2.8848336472518796 AND x[7] > 0.0036833638886256217 AND x[10] <= 3.8992739806364312,4,2892,exkmc_0.0.3
rich,20260805,4,6,3,3,1,1,1,purchase_occasion_count,3.9999999999999996,3.9999999999999996,2.8848336472518796,log1p_then_standardize,<=,x[10] > -1.9021513423199352 AND x[1] <= 2.8848336472518796 AND x[7] > 0.0036833638886256217 AND x[10] <= 3.8992739806364312,4,2892,exkmc_0.0.3
rich,20260805,4,6,3,3,1,2,7,activity_span_days,1.8233806365740737,1.8233806365740737,0.0036833638886256217,log1p_then_standardize,>,x[10] > -1.9021513423199352 AND x[1] <= 2.8848336472518796 AND x[7] > 0.0036833638886256217 AND x[10] <= 3.8992739806364312,4,2892,exkmc_0.0.3
rich,20260805,4,6,3,3,1,3,10,distinct_top_categories,9.000000000000002,9.000000000000002,3.899273980636431,log1p_then_standardize,<=,x[10] > -1.9021513423199352 AND x[1] <= 2.8848336472518796 AND x[7] > 0.0036833638886256217 AND x[10] <= 3.8992739806364312,4,2892,exkmc_0.0.3
rich,20260805,4,6,4,4,2,0,10,distinct_top_categories,5.3290705182007656e-15,5.3290705182007656e-15,-1.9021513423199352,log1p_then_standardize,>,x[10] > -1.9021513423199352 AND x[1] <= 2.8848336472518796 AND x[7] > 0.0036833638886256217 AND x[10] > 3.8992739806364312,4,14,exkmc_0.0.3
rich,20260805,4,6,4,4,2,1,1,purchase_occasion_count,3.9999999999999996,3.9999999999999996,2.8848336472518796,log1p_then_standardize,<=,x[10] > -1.9021513423199352 AND x[1] <= 2.8848336472518796 AND x[7] > 0.0036833638886256217 AND x[10] > 3.8992739806364312,4,14,exkmc_0.0.3
rich,20260805,4,6,4,4,2,2,7,activity_span_days,1.8233806365740737,1.8233806365740737,0.0036833638886256217,log1p_then_standardize,>,x[10] > -1.9021513423199352 AND x[1] <= 2.8848336472518796 AND x[7] > 0.0036833638886256217 AND x[10] > 3.8992739806364312,4,14,exkmc_0.0.3
rich,20260805,4,6,4,4,2,3,10,distinct_top_categories,9.000000000000002,9.000000000000002,3.899273980636431,log1p_then_standardize,>,x[10] > -1.9021513423199352 AND x[1] <= 2.8848336472518796 AND x[7] > 0.0036833638886256217 AND x[10] > 3.8992739806364312,4,14,exkmc_0.0.3
rich,20260805,4,6,5,5,2,0,10,distinct_top_categories,5.3290705182007656e-15,5.3290705182007656e-15,-1.9021513423199352,log1p_then_standardize,>,x[10] > -1.9021513423199352 AND x[1] > 2.8848336472518796,2,108,exkmc_0.0.3
rich,20260805,4,6,5,5,2,1,1,purchase_occasion_count,3.9999999999999996,3.9999999999999996,2.8848336472518796,log1p_then_standardize,>,x[10] > -1.9021513423199352 AND x[1] > 2.8848336472518796,2,108,exkmc_0.0.3
rich,20260805,4,7,0,0,0,0,10,distinct_top_categories,5.3290705182007656e-15,5.3290705182007656e-15,-1.9021513423199352,log1p_then_standardize,<=,x[10] <= -1.9021513423199352,1,919,exkmc_0.0.3
rich,20260805,4,7,1,1,3,0,10,distinct_top_categories,5.3290705182007656e-15,5.3290705182007656e-15,-1.9021513423199352,log1p_then_standardize,>,x[10] > -1.9021513423199352 AND x[1] <= 2.8848336472518796 AND x[7] <= 0.0036833638886256217 AND x[9] <= 0.72108607949579473,4,5374,exkmc_0.0.3
rich,20260805,4,7,1,1,3,1,1,purchase_occasion_count,3.9999999999999996,3.9999999999999996,2.8848336472518796,log1p_then_standardize,<=,x[10] > -1.9021513423199352 AND x[1] <= 2.8848336472518796 AND x[7] <= 0.0036833638886256217 AND x[9] <= 0.72108607949579473,4,5374,exkmc_0.0.3
rich,20260805,4,7,1,1,3,2,7,activity_span_days,1.8233806365740737,1.8233806365740737,0.0036833638886256217,log1p_then_standardize,<=,x[10] > -1.9021513423199352 AND x[1] <= 2.8848336472518796 AND x[7] <= 0.0036833638886256217 AND x[9] <= 0.72108607949579473,4,5374,exkmc_0.0.3
rich,20260805,4,7,1,1,3,3,9,session_count_30m,3.9999999999999996,3.9999999999999996,0.7210860794957947,log1p_then_standardize,<=,x[10] > -1.9021513423199352 AND x[1] <= 2.8848336472518796 AND x[7] <= 0.0036833638886256217 AND x[9] <= 0.72108607949579473,4,5374,exkmc_0.0.3
rich,20260805,4,7,2,2,1,0,10,distinct_top_categories,5.3290705182007656e-15,5.3290705182007656e-15,-1.9021513423199352,log1p_then_standardize,>,x[10] > -1.9021513423199352 AND x[1] <= 2.8848336472518796 AND x[7] <= 0.0036833638886256217 AND x[9] > 0.72108607949579473,4,68,exkmc_0.0.3
rich,20260805,4,7,2,2,1,1,1,purchase_occasion_count,3.9999999999999996,3.9999999999999996,2.8848336472518796,log1p_then_standardize,<=,x[10] > -1.9021513423199352 AND x[1] <= 2.8848336472518796 AND x[7] <= 0.0036833638886256217 AND x[9] > 0.72108607949579473,4,68,exkmc_0.0.3
rich,20260805,4,7,2,2,1,2,7,activity_span_days,1.8233806365740737,1.8233806365740737,0.0036833638886256217,log1p_then_standardize,<=,x[10] > -1.9021513423199352 AND x[1] <= 2.8848336472518796 AND x[7] <= 0.0036833638886256217 AND x[9] > 0.72108607949579473,4,68,exkmc_0.0.3
rich,20260805,4,7,2,2,1,3,9,session_count_30m,3.9999999999999996,3.9999999999999996,0.7210860794957947,log1p_then_standardize,>,x[10] > -1.9021513423199352 AND x[1] <= 2.8848336472518796 AND x[7] <= 0.0036833638886256217 AND x[9] > 0.72108607949579473,4,68,exkmc_0.0.3
rich,20260805,4,7,3,3,1,0,10,distinct_top_categories,5.3290705182007656e-15,5.3290705182007656e-15,-1.9021513423199352,log1p_then_standardize,>,x[10] > -1.9021513423199352 AND x[1] <= 2.8848336472518796 AND x[7] > 0.0036833638886256217 AND x[10] <= 3.8992739806364312,4,2892,exkmc_0.0.3
rich,20260805,4,7,3,3,1,1,1,purchase_occasion_count,3.9999999999999996,3.9999999999999996,2.8848336472518796,log1p_then_standardize,<=,x[10] > -1.9021513423199352 AND x[1] <= 2.8848336472518796 AND x[7] > 0.0036833638886256217 AND x[10] <= 3.8992739806364312,4,2892,exkmc_0.0.3
rich,20260805,4,7,3,3,1,2,7,activity_span_days,1.8233806365740737,1.8233806365740737,0.0036833638886256217,log1p_then_standardize,>,x[10] > -1.9021513423199352 AND x[1] <= 2.8848336472518796 AND x[7] > 0.0036833638886256217 AND x[10] <= 3.8992739806364312,4,2892,exkmc_0.0.3
rich,20260805,4,7,3,3,1,3,10,distinct_top_categories,9.000000000000002,9.000000000000002,3.899273980636431,log1p_then_standardize,<=,x[10] > -1.9021513423199352 AND x[1] <= 2.8848336472518796 AND x[7] > 0.0036833638886256217 AND x[10] <= 3.8992739806364312,4,2892,exkmc_0.0.3
rich,20260805,4,7,4,4,2,0,10,distinct_top_categories,5.3290705182007656e-15,5.3290705182007656e-15,-1.9021513423199352,log1p_then_standardize,>,x[10] > -1.9021513423199352 AND x[1] <= 2.8848336472518796 AND x[7] > 0.0036833638886256217 AND x[10] > 3.8992739806364312,4,14,exkmc_0.0.3
rich,20260805,4,7,4,4,2,1,1,purchase_occasion_count,3.9999999999999996,3.9999999999999996,2.8848336472518796,log1p_then_standardize,<=,x[10] > -1.9021513423199352 AND x[1] <= 2.8848336472518796 AND x[7] > 0.0036833638886256217 AND x[10] > 3.8992739806364312,4,14,exkmc_0.0.3
rich,20260805,4,7,4,4,2,2,7,activity_span_days,1.8233806365740737,1.8233806365740737,0.0036833638886256217,log1p_then_standardize,>,x[10] > -1.9021513423199352 AND x[1] <= 2.8848336472518796 AND x[7] > 0.0036833638886256217 AND x[10] > 3.8992739806364312,4,14,exkmc_0.0.3
rich,20260805,4,7,4,4,2,3,10,distinct_top_categories,9.000000000000002,9.000000000000002,3.899273980636431,log1p_then_standardize,>,x[10] > -1.9021513423199352 AND x[1] <= 2.8848336472518796 AND x[7] > 0.0036833638886256217 AND x[10] > 3.8992739806364312,4,14,exkmc_0.0.3
rich,20260805,4,7,5,5,3,0,10,distinct_top_categories,5.3290705182007656e-15,5.3290705182007656e-15,-1.9021513423199352,log1p_then_standardize,>,x[10] > -1.9021513423199352 AND x[1] > 2.8848336472518796 AND x[3] <= 1.4018817915434529,3,4,exkmc_0.0.3
rich,20260805,4,7,5,5,3,1,1,purchase_occasion_count,3.9999999999999996,3.9999999999999996,2.8848336472518796,log1p_then_standardize,>,x[10] > -1.9021513423199352 AND x[1] > 2.8848336472518796 AND x[3] <= 1.4018817915434529,3,4,exkmc_0.0.3
rich,20260805,4,7,5,5,3,2,3,total_events,29.000000000000004,29.000000000000004,1.401881791543453,log1p_then_standardize,<=,x[10] > -1.9021513423199352 AND x[1] > 2.8848336472518796 AND x[3] <= 1.4018817915434529,3,4,exkmc_0.0.3
rich,20260805,4,7,6,6,2,0,10,distinct_top_categories,5.3290705182007656e-15,5.3290705182007656e-15,-1.9021513423199352,log1p_then_standardize,>,x[10] > -1.9021513423199352 AND x[1] > 2.8848336472518796 AND x[3] > 1.4018817915434529,3,104,exkmc_0.0.3
rich,20260805,4,7,6,6,2,1,1,purchase_occasion_count,3.9999999999999996,3.9999999999999996,2.8848336472518796,log1p_then_standardize,>,x[10] > -1.9021513423199352 AND x[1] > 2.8848336472518796 AND x[3] > 1.4018817915434529,3,104,exkmc_0.0.3
rich,20260805,4,7,6,6,2,2,3,total_events,29.000000000000004,29.000000000000004,1.401881791543453,log1p_then_standardize,>,x[10] > -1.9021513423199352 AND x[1] > 2.8848336472518796 AND x[3] > 1.4018817915434529,3,104,exkmc_0.0.3
rich,20260805,4,8,0,0,0,0,10,distinct_top_categories,5.3290705182007656e-15,5.3290705182007656e-15,-1.9021513423199352,log1p_then_standardize,<=,x[10] <= -1.9021513423199352,1,919,exkmc_0.0.3
rich,20260805,4,8,1,1,3,0,10,distinct_top_categories,5.3290705182007656e-15,5.3290705182007656e-15,-1.9021513423199352,log1p_then_standardize,>,x[10] > -1.9021513423199352 AND x[1] <= 2.8848336472518796 AND x[7] <= 0.0036833638886256217 AND x[9] <= 0.72108607949579473,4,5374,exkmc_0.0.3
rich,20260805,4,8,1,1,3,1,1,purchase_occasion_count,3.9999999999999996,3.9999999999999996,2.8848336472518796,log1p_then_standardize,<=,x[10] > -1.9021513423199352 AND x[1] <= 2.8848336472518796 AND x[7] <= 0.0036833638886256217 AND x[9] <= 0.72108607949579473,4,5374,exkmc_0.0.3
rich,20260805,4,8,1,1,3,2,7,activity_span_days,1.8233806365740737,1.8233806365740737,0.0036833638886256217,log1p_then_standardize,<=,x[10] > -1.9021513423199352 AND x[1] <= 2.8848336472518796 AND x[7] <= 0.0036833638886256217 AND x[9] <= 0.72108607949579473,4,5374,exkmc_0.0.3
rich,20260805,4,8,1,1,3,3,9,session_count_30m,3.9999999999999996,3.9999999999999996,0.7210860794957947,log1p_then_standardize,<=,x[10] > -1.9021513423199352 AND x[1] <= 2.8848336472518796 AND x[7] <= 0.0036833638886256217 AND x[9] <= 0.72108607949579473,4,5374,exkmc_0.0.3
rich,20260805,4,8,2,2,1,0,10,distinct_top_categories,5.3290705182007656e-15,5.3290705182007656e-15,-1.9021513423199352,log1p_then_standardize,>,x[10] > -1.9021513423199352 AND x[1] <= 2.8848336472518796 AND x[7] <= 0.0036833638886256217 AND x[9] > 0.72108607949579473,4,68,exkmc_0.0.3
rich,20260805,4,8,2,2,1,1,1,purchase_occasion_count,3.9999999999999996,3.9999999999999996,2.8848336472518796,log1p_then_standardize,<=,x[10] > -1.9021513423199352 AND x[1] <= 2.8848336472518796 AND x[7] <= 0.0036833638886256217 AND x[9] > 0.72108607949579473,4,68,exkmc_0.0.3
rich,20260805,4,8,2,2,1,2,7,activity_span_days,1.8233806365740737,1.8233806365740737,0.0036833638886256217,log1p_then_standardize,<=,x[10] > -1.9021513423199352 AND x[1] <= 2.8848336472518796 AND x[7] <= 0.0036833638886256217 AND x[9] > 0.72108607949579473,4,68,exkmc_0.0.3
rich,20260805,4,8,2,2,1,3,9,session_count_30m,3.9999999999999996,3.9999999999999996,0.7210860794957947,log1p_then_standardize,>,x[10] > -1.9021513423199352 AND x[1] <= 2.8848336472518796 AND x[7] <= 0.0036833638886256217 AND x[9] > 0.72108607949579473,4,68,exkmc_0.0.3
rich,20260805,4,8,3,3,1,0,10,distinct_top_categories,5.3290705182007656e-15,5.3290705182007656e-15,-1.9021513423199352,log1p_then_standardize,>,x[10] > -1.9021513423199352 AND x[1] <= 2.8848336472518796 AND x[7] > 0.0036833638886256217 AND x[10] <= 3.8992739806364312,4,2892,exkmc_0.0.3
rich,20260805,4,8,3,3,1,1,1,purchase_occasion_count,3.9999999999999996,3.9999999999999996,2.8848336472518796,log1p_then_standardize,<=,x[10] > -1.9021513423199352 AND x[1] <= 2.8848336472518796 AND x[7] > 0.0036833638886256217 AND x[10] <= 3.8992739806364312,4,2892,exkmc_0.0.3
rich,20260805,4,8,3,3,1,2,7,activity_span_days,1.8233806365740737,1.8233806365740737,0.0036833638886256217,log1p_then_standardize,>,x[10] > -1.9021513423199352 AND x[1] <= 2.8848336472518796 AND x[7] > 0.0036833638886256217 AND x[10] <= 3.8992739806364312,4,2892,exkmc_0.0.3
rich,20260805,4,8,3,3,1,3,10,distinct_top_categories,9.000000000000002,9.000000000000002,3.899273980636431,log1p_then_standardize,<=,x[10] > -1.9021513423199352 AND x[1] <= 2.8848336472518796 AND x[7] > 0.0036833638886256217 AND x[10] <= 3.8992739806364312,4,2892,exkmc_0.0.3
rich,20260805,4,8,4,4,1,0,10,distinct_top_categories,5.3290705182007656e-15,5.3290705182007656e-15,-1.9021513423199352,log1p_then_standardize,>,x[10] > -1.9021513423199352 AND x[1] <= 2.8848336472518796 AND x[7] > 0.0036833638886256217 AND x[10] > 3.8992739806364312 AND x[1] <= -0.21831032766726416,5,3,exkmc_0.0.3
rich,20260805,4,8,4,4,1,1,1,purchase_occasion_count,3.9999999999999996,3.9999999999999996,2.8848336472518796,log1p_then_standardize,<=,x[10] > -1.9021513423199352 AND x[1] <= 2.8848336472518796 AND x[7] > 0.0036833638886256217 AND x[10] > 3.8992739806364312 AND x[1] <= -0.21831032766726416,5,3,exkmc_0.0.3
rich,20260805,4,8,4,4,1,2,7,activity_span_days,1.8233806365740737,1.8233806365740737,0.0036833638886256217,log1p_then_standardize,>,x[10] > -1.9021513423199352 AND x[1] <= 2.8848336472518796 AND x[7] > 0.0036833638886256217 AND x[10] > 3.8992739806364312 AND x[1] <= -0.21831032766726416,5,3,exkmc_0.0.3
rich,20260805,4,8,4,4,1,3,10,distinct_top_categories,9.000000000000002,9.000000000000002,3.899273980636431,log1p_then_standardize,>,x[10] > -1.9021513423199352 AND x[1] <= 2.8848336472518796 AND x[7] > 0.0036833638886256217 AND x[10] > 3.8992739806364312 AND x[1] <= -0.21831032766726416,5,3,exkmc_0.0.3
rich,20260805,4,8,4,4,1,4,1,purchase_occasion_count,1.0,1.0,-0.21831032766726416,log1p_then_standardize,<=,x[10] > -1.9021513423199352 AND x[1] <= 2.8848336472518796 AND x[7] > 0.0036833638886256217 AND x[10] > 3.8992739806364312 AND x[1] <= -0.21831032766726416,5,3,exkmc_0.0.3
rich,20260805,4,8,5,5,2,0,10,distinct_top_categories,5.3290705182007656e-15,5.3290705182007656e-15,-1.9021513423199352,log1p_then_standardize,>,x[10] > -1.9021513423199352 AND x[1] <= 2.8848336472518796 AND x[7] > 0.0036833638886256217 AND x[10] > 3.8992739806364312 AND x[1] > -0.21831032766726416,5,11,exkmc_0.0.3
rich,20260805,4,8,5,5,2,1,1,purchase_occasion_count,3.9999999999999996,3.9999999999999996,2.8848336472518796,log1p_then_standardize,<=,x[10] > -1.9021513423199352 AND x[1] <= 2.8848336472518796 AND x[7] > 0.0036833638886256217 AND x[10] > 3.8992739806364312 AND x[1] > -0.21831032766726416,5,11,exkmc_0.0.3
rich,20260805,4,8,5,5,2,2,7,activity_span_days,1.8233806365740737,1.8233806365740737,0.0036833638886256217,log1p_then_standardize,>,x[10] > -1.9021513423199352 AND x[1] <= 2.8848336472518796 AND x[7] > 0.0036833638886256217 AND x[10] > 3.8992739806364312 AND x[1] > -0.21831032766726416,5,11,exkmc_0.0.3
rich,20260805,4,8,5,5,2,3,10,distinct_top_categories,9.000000000000002,9.000000000000002,3.899273980636431,log1p_then_standardize,>,x[10] > -1.9021513423199352 AND x[1] <= 2.8848336472518796 AND x[7] > 0.0036833638886256217 AND x[10] > 3.8992739806364312 AND x[1] > -0.21831032766726416,5,11,exkmc_0.0.3
rich,20260805,4,8,5,5,2,4,1,purchase_occasion_count,1.0,1.0,-0.21831032766726416,log1p_then_standardize,>,x[10] > -1.9021513423199352 AND x[1] <= 2.8848336472518796 AND x[7] > 0.0036833638886256217 AND x[10] > 3.8992739806364312 AND x[1] > -0.21831032766726416,5,11,exkmc_0.0.3
rich,20260805,4,8,6,6,3,0,10,distinct_top_categories,5.3290705182007656e-15,5.3290705182007656e-15,-1.9021513423199352,log1p_then_standardize,>,x[10] > -1.9021513423199352 AND x[1] > 2.8848336472518796 AND x[3] <= 1.4018817915434529,3,4,exkmc_0.0.3
rich,20260805,4,8,6,6,3,1,1,purchase_occasion_count,3.9999999999999996,3.9999999999999996,2.8848336472518796,log1p_then_standardize,>,x[10] > -1.9021513423199352 AND x[1] > 2.8848336472518796 AND x[3] <= 1.4018817915434529,3,4,exkmc_0.0.3
rich,20260805,4,8,6,6,3,2,3,total_events,29.000000000000004,29.000000000000004,1.401881791543453,log1p_then_standardize,<=,x[10] > -1.9021513423199352 AND x[1] > 2.8848336472518796 AND x[3] <= 1.4018817915434529,3,4,exkmc_0.0.3
rich,20260805,4,8,7,7,2,0,10,distinct_top_categories,5.3290705182007656e-15,5.3290705182007656e-15,-1.9021513423199352,log1p_then_standardize,>,x[10] > -1.9021513423199352 AND x[1] > 2.8848336472518796 AND x[3] > 1.4018817915434529,3,104,exkmc_0.0.3
rich,20260805,4,8,7,7,2,1,1,purchase_occasion_count,3.9999999999999996,3.9999999999999996,2.8848336472518796,log1p_then_standardize,>,x[10] > -1.9021513423199352 AND x[1] > 2.8848336472518796 AND x[3] > 1.4018817915434529,3,104,exkmc_0.0.3
rich,20260805,4,8,7,7,2,2,3,total_events,29.000000000000004,29.000000000000004,1.401881791543453,log1p_then_standardize,>,x[10] > -1.9021513423199352 AND x[1] > 2.8848336472518796 AND x[3] > 1.4018817915434529,3,104,exkmc_0.0.3
rich,20260805,4,9,0,0,0,0,10,distinct_top_categories,5.3290705182007656e-15,5.3290705182007656e-15,-1.9021513423199352,log1p_then_standardize,<=,x[10] <= -1.9021513423199352,1,919,exkmc_0.0.3
rich,20260805,4,9,1,1,3,0,10,distinct_top_categories,5.3290705182007656e-15,5.3290705182007656e-15,-1.9021513423199352,log1p_then_standardize,>,x[10] > -1.9021513423199352 AND x[1] <= 2.8848336472518796 AND x[7] <= 0.0036833638886256217 AND x[9] <= 0.72108607949579473 AND x[3] <= 2.3497926218931107,5,5363,exkmc_0.0.3
rich,20260805,4,9,1,1,3,1,1,purchase_occasion_count,3.9999999999999996,3.9999999999999996,2.8848336472518796,log1p_then_standardize,<=,x[10] > -1.9021513423199352 AND x[1] <= 2.8848336472518796 AND x[7] <= 0.0036833638886256217 AND x[9] <= 0.72108607949579473 AND x[3] <= 2.3497926218931107,5,5363,exkmc_0.0.3
rich,20260805,4,9,1,1,3,2,7,activity_span_days,1.8233806365740737,1.8233806365740737,0.0036833638886256217,log1p_then_standardize,<=,x[10] > -1.9021513423199352 AND x[1] <= 2.8848336472518796 AND x[7] <= 0.0036833638886256217 AND x[9] <= 0.72108607949579473 AND x[3] <= 2.3497926218931107,5,5363,exkmc_0.0.3
rich,20260805,4,9,1,1,3,3,9,session_count_30m,3.9999999999999996,3.9999999999999996,0.7210860794957947,log1p_then_standardize,<=,x[10] > -1.9021513423199352 AND x[1] <= 2.8848336472518796 AND x[7] <= 0.0036833638886256217 AND x[9] <= 0.72108607949579473 AND x[3] <= 2.3497926218931107,5,5363,exkmc_0.0.3
rich,20260805,4,9,1,1,3,4,3,total_events,68.00000000000001,68.00000000000001,2.3497926218931107,log1p_then_standardize,<=,x[10] > -1.9021513423199352 AND x[1] <= 2.8848336472518796 AND x[7] <= 0.0036833638886256217 AND x[9] <= 0.72108607949579473 AND x[3] <= 2.3497926218931107,5,5363,exkmc_0.0.3
rich,20260805,4,9,2,2,1,0,10,distinct_top_categories,5.3290705182007656e-15,5.3290705182007656e-15,-1.9021513423199352,log1p_then_standardize,>,x[10] > -1.9021513423199352 AND x[1] <= 2.8848336472518796 AND x[7] <= 0.0036833638886256217 AND x[9] <= 0.72108607949579473 AND x[3] > 2.3497926218931107,5,11,exkmc_0.0.3
rich,20260805,4,9,2,2,1,1,1,purchase_occasion_count,3.9999999999999996,3.9999999999999996,2.8848336472518796,log1p_then_standardize,<=,x[10] > -1.9021513423199352 AND x[1] <= 2.8848336472518796 AND x[7] <= 0.0036833638886256217 AND x[9] <= 0.72108607949579473 AND x[3] > 2.3497926218931107,5,11,exkmc_0.0.3
rich,20260805,4,9,2,2,1,2,7,activity_span_days,1.8233806365740737,1.8233806365740737,0.0036833638886256217,log1p_then_standardize,<=,x[10] > -1.9021513423199352 AND x[1] <= 2.8848336472518796 AND x[7] <= 0.0036833638886256217 AND x[9] <= 0.72108607949579473 AND x[3] > 2.3497926218931107,5,11,exkmc_0.0.3
rich,20260805,4,9,2,2,1,3,9,session_count_30m,3.9999999999999996,3.9999999999999996,0.7210860794957947,log1p_then_standardize,<=,x[10] > -1.9021513423199352 AND x[1] <= 2.8848336472518796 AND x[7] <= 0.0036833638886256217 AND x[9] <= 0.72108607949579473 AND x[3] > 2.3497926218931107,5,11,exkmc_0.0.3
rich,20260805,4,9,2,2,1,4,3,total_events,68.00000000000001,68.00000000000001,2.3497926218931107,log1p_then_standardize,>,x[10] > -1.9021513423199352 AND x[1] <= 2.8848336472518796 AND x[7] <= 0.0036833638886256217 AND x[9] <= 0.72108607949579473 AND x[3] > 2.3497926218931107,5,11,exkmc_0.0.3
rich,20260805,4,9,3,3,1,0,10,distinct_top_categories,5.3290705182007656e-15,5.3290705182007656e-15,-1.9021513423199352,log1p_then_standardize,>,x[10] > -1.9021513423199352 AND x[1] <= 2.8848336472518796 AND x[7] <= 0.0036833638886256217 AND x[9] > 0.72108607949579473,4,68,exkmc_0.0.3
rich,20260805,4,9,3,3,1,1,1,purchase_occasion_count,3.9999999999999996,3.9999999999999996,2.8848336472518796,log1p_then_standardize,<=,x[10] > -1.9021513423199352 AND x[1] <= 2.8848336472518796 AND x[7] <= 0.0036833638886256217 AND x[9] > 0.72108607949579473,4,68,exkmc_0.0.3
rich,20260805,4,9,3,3,1,2,7,activity_span_days,1.8233806365740737,1.8233806365740737,0.0036833638886256217,log1p_then_standardize,<=,x[10] > -1.9021513423199352 AND x[1] <= 2.8848336472518796 AND x[7] <= 0.0036833638886256217 AND x[9] > 0.72108607949579473,4,68,exkmc_0.0.3
rich,20260805,4,9,3,3,1,3,9,session_count_30m,3.9999999999999996,3.9999999999999996,0.7210860794957947,log1p_then_standardize,>,x[10] > -1.9021513423199352 AND x[1] <= 2.8848336472518796 AND x[7] <= 0.0036833638886256217 AND x[9] > 0.72108607949579473,4,68,exkmc_0.0.3
rich,20260805,4,9,4,4,1,0,10,distinct_top_categories,5.3290705182007656e-15,5.3290705182007656e-15,-1.9021513423199352,log1p_then_standardize,>,x[10] > -1.9021513423199352 AND x[1] <= 2.8848336472518796 AND x[7] > 0.0036833638886256217 AND x[10] <= 3.8992739806364312,4,2892,exkmc_0.0.3
rich,20260805,4,9,4,4,1,1,1,purchase_occasion_count,3.9999999999999996,3.9999999999999996,2.8848336472518796,log1p_then_standardize,<=,x[10] > -1.9021513423199352 AND x[1] <= 2.8848336472518796 AND x[7] > 0.0036833638886256217 AND x[10] <= 3.8992739806364312,4,2892,exkmc_0.0.3
rich,20260805,4,9,4,4,1,2,7,activity_span_days,1.8233806365740737,1.8233806365740737,0.0036833638886256217,log1p_then_standardize,>,x[10] > -1.9021513423199352 AND x[1] <= 2.8848336472518796 AND x[7] > 0.0036833638886256217 AND x[10] <= 3.8992739806364312,4,2892,exkmc_0.0.3
rich,20260805,4,9,4,4,1,3,10,distinct_top_categories,9.000000000000002,9.000000000000002,3.899273980636431,log1p_then_standardize,<=,x[10] > -1.9021513423199352 AND x[1] <= 2.8848336472518796 AND x[7] > 0.0036833638886256217 AND x[10] <= 3.8992739806364312,4,2892,exkmc_0.0.3
rich,20260805,4,9,5,5,1,0,10,distinct_top_categories,5.3290705182007656e-15,5.3290705182007656e-15,-1.9021513423199352,log1p_then_standardize,>,x[10] > -1.9021513423199352 AND x[1] <= 2.8848336472518796 AND x[7] > 0.0036833638886256217 AND x[10] > 3.8992739806364312 AND x[1] <= -0.21831032766726416,5,3,exkmc_0.0.3
rich,20260805,4,9,5,5,1,1,1,purchase_occasion_count,3.9999999999999996,3.9999999999999996,2.8848336472518796,log1p_then_standardize,<=,x[10] > -1.9021513423199352 AND x[1] <= 2.8848336472518796 AND x[7] > 0.0036833638886256217 AND x[10] > 3.8992739806364312 AND x[1] <= -0.21831032766726416,5,3,exkmc_0.0.3
rich,20260805,4,9,5,5,1,2,7,activity_span_days,1.8233806365740737,1.8233806365740737,0.0036833638886256217,log1p_then_standardize,>,x[10] > -1.9021513423199352 AND x[1] <= 2.8848336472518796 AND x[7] > 0.0036833638886256217 AND x[10] > 3.8992739806364312 AND x[1] <= -0.21831032766726416,5,3,exkmc_0.0.3
rich,20260805,4,9,5,5,1,3,10,distinct_top_categories,9.000000000000002,9.000000000000002,3.899273980636431,log1p_then_standardize,>,x[10] > -1.9021513423199352 AND x[1] <= 2.8848336472518796 AND x[7] > 0.0036833638886256217 AND x[10] > 3.8992739806364312 AND x[1] <= -0.21831032766726416,5,3,exkmc_0.0.3
rich,20260805,4,9,5,5,1,4,1,purchase_occasion_count,1.0,1.0,-0.21831032766726416,log1p_then_standardize,<=,x[10] > -1.9021513423199352 AND x[1] <= 2.8848336472518796 AND x[7] > 0.0036833638886256217 AND x[10] > 3.8992739806364312 AND x[1] <= -0.21831032766726416,5,3,exkmc_0.0.3
rich,20260805,4,9,6,6,2,0,10,distinct_top_categories,5.3290705182007656e-15,5.3290705182007656e-15,-1.9021513423199352,log1p_then_standardize,>,x[10] > -1.9021513423199352 AND x[1] <= 2.8848336472518796 AND x[7] > 0.0036833638886256217 AND x[10] > 3.8992739806364312 AND x[1] > -0.21831032766726416,5,11,exkmc_0.0.3
rich,20260805,4,9,6,6,2,1,1,purchase_occasion_count,3.9999999999999996,3.9999999999999996,2.8848336472518796,log1p_then_standardize,<=,x[10] > -1.9021513423199352 AND x[1] <= 2.8848336472518796 AND x[7] > 0.0036833638886256217 AND x[10] > 3.8992739806364312 AND x[1] > -0.21831032766726416,5,11,exkmc_0.0.3
rich,20260805,4,9,6,6,2,2,7,activity_span_days,1.8233806365740737,1.8233806365740737,0.0036833638886256217,log1p_then_standardize,>,x[10] > -1.9021513423199352 AND x[1] <= 2.8848336472518796 AND x[7] > 0.0036833638886256217 AND x[10] > 3.8992739806364312 AND x[1] > -0.21831032766726416,5,11,exkmc_0.0.3
rich,20260805,4,9,6,6,2,3,10,distinct_top_categories,9.000000000000002,9.000000000000002,3.899273980636431,log1p_then_standardize,>,x[10] > -1.9021513423199352 AND x[1] <= 2.8848336472518796 AND x[7] > 0.0036833638886256217 AND x[10] > 3.8992739806364312 AND x[1] > -0.21831032766726416,5,11,exkmc_0.0.3
rich,20260805,4,9,6,6,2,4,1,purchase_occasion_count,1.0,1.0,-0.21831032766726416,log1p_then_standardize,>,x[10] > -1.9021513423199352 AND x[1] <= 2.8848336472518796 AND x[7] > 0.0036833638886256217 AND x[10] > 3.8992739806364312 AND x[1] > -0.21831032766726416,5,11,exkmc_0.0.3
rich,20260805,4,9,7,7,3,0,10,distinct_top_categories,5.3290705182007656e-15,5.3290705182007656e-15,-1.9021513423199352,log1p_then_standardize,>,x[10] > -1.9021513423199352 AND x[1] > 2.8848336472518796 AND x[3] <= 1.4018817915434529,3,4,exkmc_0.0.3
rich,20260805,4,9,7,7,3,1,1,purchase_occasion_count,3.9999999999999996,3.9999999999999996,2.8848336472518796,log1p_then_standardize,>,x[10] > -1.9021513423199352 AND x[1] > 2.8848336472518796 AND x[3] <= 1.4018817915434529,3,4,exkmc_0.0.3
rich,20260805,4,9,7,7,3,2,3,total_events,29.000000000000004,29.000000000000004,1.401881791543453,log1p_then_standardize,<=,x[10] > -1.9021513423199352 AND x[1] > 2.8848336472518796 AND x[3] <= 1.4018817915434529,3,4,exkmc_0.0.3
rich,20260805,4,9,8,8,2,0,10,distinct_top_categories,5.3290705182007656e-15,5.3290705182007656e-15,-1.9021513423199352,log1p_then_standardize,>,x[10] > -1.9021513423199352 AND x[1] > 2.8848336472518796 AND x[3] > 1.4018817915434529,3,104,exkmc_0.0.3
rich,20260805,4,9,8,8,2,1,1,purchase_occasion_count,3.9999999999999996,3.9999999999999996,2.8848336472518796,log1p_then_standardize,>,x[10] > -1.9021513423199352 AND x[1] > 2.8848336472518796 AND x[3] > 1.4018817915434529,3,104,exkmc_0.0.3
rich,20260805,4,9,8,8,2,2,3,total_events,29.000000000000004,29.000000000000004,1.401881791543453,log1p_then_standardize,>,x[10] > -1.9021513423199352 AND x[1] > 2.8848336472518796 AND x[3] > 1.4018817915434529,3,104,exkmc_0.0.3
rich,20260805,4,10,0,0,0,0,10,distinct_top_categories,5.3290705182007656e-15,5.3290705182007656e-15,-1.9021513423199352,log1p_then_standardize,<=,x[10] <= -1.9021513423199352,1,919,exkmc_0.0.3
rich,20260805,4,10,1,1,3,0,10,distinct_top_categories,5.3290705182007656e-15,5.3290705182007656e-15,-1.9021513423199352,log1p_then_standardize,>,x[10] > -1.9021513423199352 AND x[1] <= 2.8848336472518796 AND x[7] <= 0.0036833638886256217 AND x[9] <= 0.72108607949579473 AND x[3] <= 2.3497926218931107,5,5363,exkmc_0.0.3
rich,20260805,4,10,1,1,3,1,1,purchase_occasion_count,3.9999999999999996,3.9999999999999996,2.8848336472518796,log1p_then_standardize,<=,x[10] > -1.9021513423199352 AND x[1] <= 2.8848336472518796 AND x[7] <= 0.0036833638886256217 AND x[9] <= 0.72108607949579473 AND x[3] <= 2.3497926218931107,5,5363,exkmc_0.0.3
rich,20260805,4,10,1,1,3,2,7,activity_span_days,1.8233806365740737,1.8233806365740737,0.0036833638886256217,log1p_then_standardize,<=,x[10] > -1.9021513423199352 AND x[1] <= 2.8848336472518796 AND x[7] <= 0.0036833638886256217 AND x[9] <= 0.72108607949579473 AND x[3] <= 2.3497926218931107,5,5363,exkmc_0.0.3
rich,20260805,4,10,1,1,3,3,9,session_count_30m,3.9999999999999996,3.9999999999999996,0.7210860794957947,log1p_then_standardize,<=,x[10] > -1.9021513423199352 AND x[1] <= 2.8848336472518796 AND x[7] <= 0.0036833638886256217 AND x[9] <= 0.72108607949579473 AND x[3] <= 2.3497926218931107,5,5363,exkmc_0.0.3
rich,20260805,4,10,1,1,3,4,3,total_events,68.00000000000001,68.00000000000001,2.3497926218931107,log1p_then_standardize,<=,x[10] > -1.9021513423199352 AND x[1] <= 2.8848336472518796 AND x[7] <= 0.0036833638886256217 AND x[9] <= 0.72108607949579473 AND x[3] <= 2.3497926218931107,5,5363,exkmc_0.0.3
rich,20260805,4,10,2,2,1,0,10,distinct_top_categories,5.3290705182007656e-15,5.3290705182007656e-15,-1.9021513423199352,log1p_then_standardize,>,x[10] > -1.9021513423199352 AND x[1] <= 2.8848336472518796 AND x[7] <= 0.0036833638886256217 AND x[9] <= 0.72108607949579473 AND x[3] > 2.3497926218931107,5,11,exkmc_0.0.3
rich,20260805,4,10,2,2,1,1,1,purchase_occasion_count,3.9999999999999996,3.9999999999999996,2.8848336472518796,log1p_then_standardize,<=,x[10] > -1.9021513423199352 AND x[1] <= 2.8848336472518796 AND x[7] <= 0.0036833638886256217 AND x[9] <= 0.72108607949579473 AND x[3] > 2.3497926218931107,5,11,exkmc_0.0.3
rich,20260805,4,10,2,2,1,2,7,activity_span_days,1.8233806365740737,1.8233806365740737,0.0036833638886256217,log1p_then_standardize,<=,x[10] > -1.9021513423199352 AND x[1] <= 2.8848336472518796 AND x[7] <= 0.0036833638886256217 AND x[9] <= 0.72108607949579473 AND x[3] > 2.3497926218931107,5,11,exkmc_0.0.3
rich,20260805,4,10,2,2,1,3,9,session_count_30m,3.9999999999999996,3.9999999999999996,0.7210860794957947,log1p_then_standardize,<=,x[10] > -1.9021513423199352 AND x[1] <= 2.8848336472518796 AND x[7] <= 0.0036833638886256217 AND x[9] <= 0.72108607949579473 AND x[3] > 2.3497926218931107,5,11,exkmc_0.0.3
rich,20260805,4,10,2,2,1,4,3,total_events,68.00000000000001,68.00000000000001,2.3497926218931107,log1p_then_standardize,>,x[10] > -1.9021513423199352 AND x[1] <= 2.8848336472518796 AND x[7] <= 0.0036833638886256217 AND x[9] <= 0.72108607949579473 AND x[3] > 2.3497926218931107,5,11,exkmc_0.0.3
rich,20260805,4,10,3,3,1,0,10,distinct_top_categories,5.3290705182007656e-15,5.3290705182007656e-15,-1.9021513423199352,log1p_then_standardize,>,x[10] > -1.9021513423199352 AND x[1] <= 2.8848336472518796 AND x[7] <= 0.0036833638886256217 AND x[9] > 0.72108607949579473,4,68,exkmc_0.0.3
rich,20260805,4,10,3,3,1,1,1,purchase_occasion_count,3.9999999999999996,3.9999999999999996,2.8848336472518796,log1p_then_standardize,<=,x[10] > -1.9021513423199352 AND x[1] <= 2.8848336472518796 AND x[7] <= 0.0036833638886256217 AND x[9] > 0.72108607949579473,4,68,exkmc_0.0.3
rich,20260805,4,10,3,3,1,2,7,activity_span_days,1.8233806365740737,1.8233806365740737,0.0036833638886256217,log1p_then_standardize,<=,x[10] > -1.9021513423199352 AND x[1] <= 2.8848336472518796 AND x[7] <= 0.0036833638886256217 AND x[9] > 0.72108607949579473,4,68,exkmc_0.0.3
rich,20260805,4,10,3,3,1,3,9,session_count_30m,3.9999999999999996,3.9999999999999996,0.7210860794957947,log1p_then_standardize,>,x[10] > -1.9021513423199352 AND x[1] <= 2.8848336472518796 AND x[7] <= 0.0036833638886256217 AND x[9] > 0.72108607949579473,4,68,exkmc_0.0.3
rich,20260805,4,10,4,4,1,0,10,distinct_top_categories,5.3290705182007656e-15,5.3290705182007656e-15,-1.9021513423199352,log1p_then_standardize,>,x[10] > -1.9021513423199352 AND x[1] <= 2.8848336472518796 AND x[7] > 0.0036833638886256217 AND x[10] <= 3.8992739806364312 AND x[2] <= 5.01327138250441,5,2889,exkmc_0.0.3
rich,20260805,4,10,4,4,1,1,1,purchase_occasion_count,3.9999999999999996,3.9999999999999996,2.8848336472518796,log1p_then_standardize,<=,x[10] > -1.9021513423199352 AND x[1] <= 2.8848336472518796 AND x[7] > 0.0036833638886256217 AND x[10] <= 3.8992739806364312 AND x[2] <= 5.01327138250441,5,2889,exkmc_0.0.3
rich,20260805,4,10,4,4,1,2,7,activity_span_days,1.8233806365740737,1.8233806365740737,0.0036833638886256217,log1p_then_standardize,>,x[10] > -1.9021513423199352 AND x[1] <= 2.8848336472518796 AND x[7] > 0.0036833638886256217 AND x[10] <= 3.8992739806364312 AND x[2] <= 5.01327138250441,5,2889,exkmc_0.0.3
rich,20260805,4,10,4,4,1,3,10,distinct_top_categories,9.000000000000002,9.000000000000002,3.899273980636431,log1p_then_standardize,<=,x[10] > -1.9021513423199352 AND x[1] <= 2.8848336472518796 AND x[7] > 0.0036833638886256217 AND x[10] <= 3.8992739806364312 AND x[2] <= 5.01327138250441,5,2889,exkmc_0.0.3
rich,20260805,4,10,4,4,1,4,2,purchase_event_count,16.0,16.0,5.01327138250441,log1p_then_standardize,<=,x[10] > -1.9021513423199352 AND x[1] <= 2.8848336472518796 AND x[7] > 0.0036833638886256217 AND x[10] <= 3.8992739806364312 AND x[2] <= 5.01327138250441,5,2889,exkmc_0.0.3
rich,20260805,4,10,5,5,2,0,10,distinct_top_categories,5.3290705182007656e-15,5.3290705182007656e-15,-1.9021513423199352,log1p_then_standardize,>,x[10] > -1.9021513423199352 AND x[1] <= 2.8848336472518796 AND x[7] > 0.0036833638886256217 AND x[10] <= 3.8992739806364312 AND x[2] > 5.01327138250441,5,3,exkmc_0.0.3
rich,20260805,4,10,5,5,2,1,1,purchase_occasion_count,3.9999999999999996,3.9999999999999996,2.8848336472518796,log1p_then_standardize,<=,x[10] > -1.9021513423199352 AND x[1] <= 2.8848336472518796 AND x[7] > 0.0036833638886256217 AND x[10] <= 3.8992739806364312 AND x[2] > 5.01327138250441,5,3,exkmc_0.0.3
rich,20260805,4,10,5,5,2,2,7,activity_span_days,1.8233806365740737,1.8233806365740737,0.0036833638886256217,log1p_then_standardize,>,x[10] > -1.9021513423199352 AND x[1] <= 2.8848336472518796 AND x[7] > 0.0036833638886256217 AND x[10] <= 3.8992739806364312 AND x[2] > 5.01327138250441,5,3,exkmc_0.0.3
rich,20260805,4,10,5,5,2,3,10,distinct_top_categories,9.000000000000002,9.000000000000002,3.899273980636431,log1p_then_standardize,<=,x[10] > -1.9021513423199352 AND x[1] <= 2.8848336472518796 AND x[7] > 0.0036833638886256217 AND x[10] <= 3.8992739806364312 AND x[2] > 5.01327138250441,5,3,exkmc_0.0.3
rich,20260805,4,10,5,5,2,4,2,purchase_event_count,16.0,16.0,5.01327138250441,log1p_then_standardize,>,x[10] > -1.9021513423199352 AND x[1] <= 2.8848336472518796 AND x[7] > 0.0036833638886256217 AND x[10] <= 3.8992739806364312 AND x[2] > 5.01327138250441,5,3,exkmc_0.0.3
rich,20260805,4,10,6,6,1,0,10,distinct_top_categories,5.3290705182007656e-15,5.3290705182007656e-15,-1.9021513423199352,log1p_then_standardize,>,x[10] > -1.9021513423199352 AND x[1] <= 2.8848336472518796 AND x[7] > 0.0036833638886256217 AND x[10] > 3.8992739806364312 AND x[1] <= -0.21831032766726416,5,3,exkmc_0.0.3
rich,20260805,4,10,6,6,1,1,1,purchase_occasion_count,3.9999999999999996,3.9999999999999996,2.8848336472518796,log1p_then_standardize,<=,x[10] > -1.9021513423199352 AND x[1] <= 2.8848336472518796 AND x[7] > 0.0036833638886256217 AND x[10] > 3.8992739806364312 AND x[1] <= -0.21831032766726416,5,3,exkmc_0.0.3
rich,20260805,4,10,6,6,1,2,7,activity_span_days,1.8233806365740737,1.8233806365740737,0.0036833638886256217,log1p_then_standardize,>,x[10] > -1.9021513423199352 AND x[1] <= 2.8848336472518796 AND x[7] > 0.0036833638886256217 AND x[10] > 3.8992739806364312 AND x[1] <= -0.21831032766726416,5,3,exkmc_0.0.3
rich,20260805,4,10,6,6,1,3,10,distinct_top_categories,9.000000000000002,9.000000000000002,3.899273980636431,log1p_then_standardize,>,x[10] > -1.9021513423199352 AND x[1] <= 2.8848336472518796 AND x[7] > 0.0036833638886256217 AND x[10] > 3.8992739806364312 AND x[1] <= -0.21831032766726416,5,3,exkmc_0.0.3
rich,20260805,4,10,6,6,1,4,1,purchase_occasion_count,1.0,1.0,-0.21831032766726416,log1p_then_standardize,<=,x[10] > -1.9021513423199352 AND x[1] <= 2.8848336472518796 AND x[7] > 0.0036833638886256217 AND x[10] > 3.8992739806364312 AND x[1] <= -0.21831032766726416,5,3,exkmc_0.0.3
rich,20260805,4,10,7,7,2,0,10,distinct_top_categories,5.3290705182007656e-15,5.3290705182007656e-15,-1.9021513423199352,log1p_then_standardize,>,x[10] > -1.9021513423199352 AND x[1] <= 2.8848336472518796 AND x[7] > 0.0036833638886256217 AND x[10] > 3.8992739806364312 AND x[1] > -0.21831032766726416,5,11,exkmc_0.0.3
rich,20260805,4,10,7,7,2,1,1,purchase_occasion_count,3.9999999999999996,3.9999999999999996,2.8848336472518796,log1p_then_standardize,<=,x[10] > -1.9021513423199352 AND x[1] <= 2.8848336472518796 AND x[7] > 0.0036833638886256217 AND x[10] > 3.8992739806364312 AND x[1] > -0.21831032766726416,5,11,exkmc_0.0.3
rich,20260805,4,10,7,7,2,2,7,activity_span_days,1.8233806365740737,1.8233806365740737,0.0036833638886256217,log1p_then_standardize,>,x[10] > -1.9021513423199352 AND x[1] <= 2.8848336472518796 AND x[7] > 0.0036833638886256217 AND x[10] > 3.8992739806364312 AND x[1] > -0.21831032766726416,5,11,exkmc_0.0.3
rich,20260805,4,10,7,7,2,3,10,distinct_top_categories,9.000000000000002,9.000000000000002,3.899273980636431,log1p_then_standardize,>,x[10] > -1.9021513423199352 AND x[1] <= 2.8848336472518796 AND x[7] > 0.0036833638886256217 AND x[10] > 3.8992739806364312 AND x[1] > -0.21831032766726416,5,11,exkmc_0.0.3
rich,20260805,4,10,7,7,2,4,1,purchase_occasion_count,1.0,1.0,-0.21831032766726416,log1p_then_standardize,>,x[10] > -1.9021513423199352 AND x[1] <= 2.8848336472518796 AND x[7] > 0.0036833638886256217 AND x[10] > 3.8992739806364312 AND x[1] > -0.21831032766726416,5,11,exkmc_0.0.3
rich,20260805,4,10,8,8,3,0,10,distinct_top_categories,5.3290705182007656e-15,5.3290705182007656e-15,-1.9021513423199352,log1p_then_standardize,>,x[10] > -1.9021513423199352 AND x[1] > 2.8848336472518796 AND x[3] <= 1.4018817915434529,3,4,exkmc_0.0.3
rich,20260805,4,10,8,8,3,1,1,purchase_occasion_count,3.9999999999999996,3.9999999999999996,2.8848336472518796,log1p_then_standardize,>,x[10] > -1.9021513423199352 AND x[1] > 2.8848336472518796 AND x[3] <= 1.4018817915434529,3,4,exkmc_0.0.3
rich,20260805,4,10,8,8,3,2,3,total_events,29.000000000000004,29.000000000000004,1.401881791543453,log1p_then_standardize,<=,x[10] > -1.9021513423199352 AND x[1] > 2.8848336472518796 AND x[3] <= 1.4018817915434529,3,4,exkmc_0.0.3
rich,20260805,4,10,9,9,2,0,10,distinct_top_categories,5.3290705182007656e-15,5.3290705182007656e-15,-1.9021513423199352,log1p_then_standardize,>,x[10] > -1.9021513423199352 AND x[1] > 2.8848336472518796 AND x[3] > 1.4018817915434529,3,104,exkmc_0.0.3
rich,20260805,4,10,9,9,2,1,1,purchase_occasion_count,3.9999999999999996,3.9999999999999996,2.8848336472518796,log1p_then_standardize,>,x[10] > -1.9021513423199352 AND x[1] > 2.8848336472518796 AND x[3] > 1.4018817915434529,3,104,exkmc_0.0.3
rich,20260805,4,10,9,9,2,2,3,total_events,29.000000000000004,29.000000000000004,1.401881791543453,log1p_then_standardize,>,x[10] > -1.9021513423199352 AND x[1] > 2.8848336472518796 AND x[3] > 1.4018817915434529,3,104,exkmc_0.0.3
rich,20260805,4,11,0,0,0,0,10,distinct_top_categories,5.3290705182007656e-15,5.3290705182007656e-15,-1.9021513423199352,log1p_then_standardize,<=,x[10] <= -1.9021513423199352,1,919,exkmc_0.0.3
rich,20260805,4,11,1,1,3,0,10,distinct_top_categories,5.3290705182007656e-15,5.3290705182007656e-15,-1.9021513423199352,log1p_then_standardize,>,x[10] > -1.9021513423199352 AND x[1] <= 2.8848336472518796 AND x[7] <= 0.0036833638886256217 AND x[9] <= 0.72108607949579473 AND x[3] <= 2.3497926218931107,5,5363,exkmc_0.0.3
rich,20260805,4,11,1,1,3,1,1,purchase_occasion_count,3.9999999999999996,3.9999999999999996,2.8848336472518796,log1p_then_standardize,<=,x[10] > -1.9021513423199352 AND x[1] <= 2.8848336472518796 AND x[7] <= 0.0036833638886256217 AND x[9] <= 0.72108607949579473 AND x[3] <= 2.3497926218931107,5,5363,exkmc_0.0.3
rich,20260805,4,11,1,1,3,2,7,activity_span_days,1.8233806365740737,1.8233806365740737,0.0036833638886256217,log1p_then_standardize,<=,x[10] > -1.9021513423199352 AND x[1] <= 2.8848336472518796 AND x[7] <= 0.0036833638886256217 AND x[9] <= 0.72108607949579473 AND x[3] <= 2.3497926218931107,5,5363,exkmc_0.0.3
rich,20260805,4,11,1,1,3,3,9,session_count_30m,3.9999999999999996,3.9999999999999996,0.7210860794957947,log1p_then_standardize,<=,x[10] > -1.9021513423199352 AND x[1] <= 2.8848336472518796 AND x[7] <= 0.0036833638886256217 AND x[9] <= 0.72108607949579473 AND x[3] <= 2.3497926218931107,5,5363,exkmc_0.0.3
rich,20260805,4,11,1,1,3,4,3,total_events,68.00000000000001,68.00000000000001,2.3497926218931107,log1p_then_standardize,<=,x[10] > -1.9021513423199352 AND x[1] <= 2.8848336472518796 AND x[7] <= 0.0036833638886256217 AND x[9] <= 0.72108607949579473 AND x[3] <= 2.3497926218931107,5,5363,exkmc_0.0.3
rich,20260805,4,11,2,2,1,0,10,distinct_top_categories,5.3290705182007656e-15,5.3290705182007656e-15,-1.9021513423199352,log1p_then_standardize,>,x[10] > -1.9021513423199352 AND x[1] <= 2.8848336472518796 AND x[7] <= 0.0036833638886256217 AND x[9] <= 0.72108607949579473 AND x[3] > 2.3497926218931107,5,11,exkmc_0.0.3
rich,20260805,4,11,2,2,1,1,1,purchase_occasion_count,3.9999999999999996,3.9999999999999996,2.8848336472518796,log1p_then_standardize,<=,x[10] > -1.9021513423199352 AND x[1] <= 2.8848336472518796 AND x[7] <= 0.0036833638886256217 AND x[9] <= 0.72108607949579473 AND x[3] > 2.3497926218931107,5,11,exkmc_0.0.3
rich,20260805,4,11,2,2,1,2,7,activity_span_days,1.8233806365740737,1.8233806365740737,0.0036833638886256217,log1p_then_standardize,<=,x[10] > -1.9021513423199352 AND x[1] <= 2.8848336472518796 AND x[7] <= 0.0036833638886256217 AND x[9] <= 0.72108607949579473 AND x[3] > 2.3497926218931107,5,11,exkmc_0.0.3
rich,20260805,4,11,2,2,1,3,9,session_count_30m,3.9999999999999996,3.9999999999999996,0.7210860794957947,log1p_then_standardize,<=,x[10] > -1.9021513423199352 AND x[1] <= 2.8848336472518796 AND x[7] <= 0.0036833638886256217 AND x[9] <= 0.72108607949579473 AND x[3] > 2.3497926218931107,5,11,exkmc_0.0.3
rich,20260805,4,11,2,2,1,4,3,total_events,68.00000000000001,68.00000000000001,2.3497926218931107,log1p_then_standardize,>,x[10] > -1.9021513423199352 AND x[1] <= 2.8848336472518796 AND x[7] <= 0.0036833638886256217 AND x[9] <= 0.72108607949579473 AND x[3] > 2.3497926218931107,5,11,exkmc_0.0.3
rich,20260805,4,11,3,3,1,0,10,distinct_top_categories,5.3290705182007656e-15,5.3290705182007656e-15,-1.9021513423199352,log1p_then_standardize,>,x[10] > -1.9021513423199352 AND x[1] <= 2.8848336472518796 AND x[7] <= 0.0036833638886256217 AND x[9] > 0.72108607949579473,4,68,exkmc_0.0.3
rich,20260805,4,11,3,3,1,1,1,purchase_occasion_count,3.9999999999999996,3.9999999999999996,2.8848336472518796,log1p_then_standardize,<=,x[10] > -1.9021513423199352 AND x[1] <= 2.8848336472518796 AND x[7] <= 0.0036833638886256217 AND x[9] > 0.72108607949579473,4,68,exkmc_0.0.3
rich,20260805,4,11,3,3,1,2,7,activity_span_days,1.8233806365740737,1.8233806365740737,0.0036833638886256217,log1p_then_standardize,<=,x[10] > -1.9021513423199352 AND x[1] <= 2.8848336472518796 AND x[7] <= 0.0036833638886256217 AND x[9] > 0.72108607949579473,4,68,exkmc_0.0.3
rich,20260805,4,11,3,3,1,3,9,session_count_30m,3.9999999999999996,3.9999999999999996,0.7210860794957947,log1p_then_standardize,>,x[10] > -1.9021513423199352 AND x[1] <= 2.8848336472518796 AND x[7] <= 0.0036833638886256217 AND x[9] > 0.72108607949579473,4,68,exkmc_0.0.3
rich,20260805,4,11,4,4,1,0,10,distinct_top_categories,5.3290705182007656e-15,5.3290705182007656e-15,-1.9021513423199352,log1p_then_standardize,>,x[10] > -1.9021513423199352 AND x[1] <= 2.8848336472518796 AND x[7] > 0.0036833638886256217 AND x[10] <= 3.8992739806364312 AND x[2] <= 5.01327138250441 AND x[6] <= 2.2806698692150329,6,2877,exkmc_0.0.3
rich,20260805,4,11,4,4,1,1,1,purchase_occasion_count,3.9999999999999996,3.9999999999999996,2.8848336472518796,log1p_then_standardize,<=,x[10] > -1.9021513423199352 AND x[1] <= 2.8848336472518796 AND x[7] > 0.0036833638886256217 AND x[10] <= 3.8992739806364312 AND x[2] <= 5.01327138250441 AND x[6] <= 2.2806698692150329,6,2877,exkmc_0.0.3
rich,20260805,4,11,4,4,1,2,7,activity_span_days,1.8233806365740737,1.8233806365740737,0.0036833638886256217,log1p_then_standardize,>,x[10] > -1.9021513423199352 AND x[1] <= 2.8848336472518796 AND x[7] > 0.0036833638886256217 AND x[10] <= 3.8992739806364312 AND x[2] <= 5.01327138250441 AND x[6] <= 2.2806698692150329,6,2877,exkmc_0.0.3
rich,20260805,4,11,4,4,1,3,10,distinct_top_categories,9.000000000000002,9.000000000000002,3.899273980636431,log1p_then_standardize,<=,x[10] > -1.9021513423199352 AND x[1] <= 2.8848336472518796 AND x[7] > 0.0036833638886256217 AND x[10] <= 3.8992739806364312 AND x[2] <= 5.01327138250441 AND x[6] <= 2.2806698692150329,6,2877,exkmc_0.0.3
rich,20260805,4,11,4,4,1,4,2,purchase_event_count,16.0,16.0,5.01327138250441,log1p_then_standardize,<=,x[10] > -1.9021513423199352 AND x[1] <= 2.8848336472518796 AND x[7] > 0.0036833638886256217 AND x[10] <= 3.8992739806364312 AND x[2] <= 5.01327138250441 AND x[6] <= 2.2806698692150329,6,2877,exkmc_0.0.3
rich,20260805,4,11,4,4,1,5,6,transaction_per_view,1.3333333333333333,1.3333333333333333,2.280669869215033,standardize,<=,x[10] > -1.9021513423199352 AND x[1] <= 2.8848336472518796 AND x[7] > 0.0036833638886256217 AND x[10] <= 3.8992739806364312 AND x[2] <= 5.01327138250441 AND x[6] <= 2.2806698692150329,6,2877,exkmc_0.0.3
rich,20260805,4,11,5,5,3,0,10,distinct_top_categories,5.3290705182007656e-15,5.3290705182007656e-15,-1.9021513423199352,log1p_then_standardize,>,x[10] > -1.9021513423199352 AND x[1] <= 2.8848336472518796 AND x[7] > 0.0036833638886256217 AND x[10] <= 3.8992739806364312 AND x[2] <= 5.01327138250441 AND x[6] > 2.2806698692150329,6,12,exkmc_0.0.3
rich,20260805,4,11,5,5,3,1,1,purchase_occasion_count,3.9999999999999996,3.9999999999999996,2.8848336472518796,log1p_then_standardize,<=,x[10] > -1.9021513423199352 AND x[1] <= 2.8848336472518796 AND x[7] > 0.0036833638886256217 AND x[10] <= 3.8992739806364312 AND x[2] <= 5.01327138250441 AND x[6] > 2.2806698692150329,6,12,exkmc_0.0.3
rich,20260805,4,11,5,5,3,2,7,activity_span_days,1.8233806365740737,1.8233806365740737,0.0036833638886256217,log1p_then_standardize,>,x[10] > -1.9021513423199352 AND x[1] <= 2.8848336472518796 AND x[7] > 0.0036833638886256217 AND x[10] <= 3.8992739806364312 AND x[2] <= 5.01327138250441 AND x[6] > 2.2806698692150329,6,12,exkmc_0.0.3
rich,20260805,4,11,5,5,3,3,10,distinct_top_categories,9.000000000000002,9.000000000000002,3.899273980636431,log1p_then_standardize,<=,x[10] > -1.9021513423199352 AND x[1] <= 2.8848336472518796 AND x[7] > 0.0036833638886256217 AND x[10] <= 3.8992739806364312 AND x[2] <= 5.01327138250441 AND x[6] > 2.2806698692150329,6,12,exkmc_0.0.3
rich,20260805,4,11,5,5,3,4,2,purchase_event_count,16.0,16.0,5.01327138250441,log1p_then_standardize,<=,x[10] > -1.9021513423199352 AND x[1] <= 2.8848336472518796 AND x[7] > 0.0036833638886256217 AND x[10] <= 3.8992739806364312 AND x[2] <= 5.01327138250441 AND x[6] > 2.2806698692150329,6,12,exkmc_0.0.3
rich,20260805,4,11,5,5,3,5,6,transaction_per_view,1.3333333333333333,1.3333333333333333,2.280669869215033,standardize,>,x[10] > -1.9021513423199352 AND x[1] <= 2.8848336472518796 AND x[7] > 0.0036833638886256217 AND x[10] <= 3.8992739806364312 AND x[2] <= 5.01327138250441 AND x[6] > 2.2806698692150329,6,12,exkmc_0.0.3
rich,20260805,4,11,6,6,2,0,10,distinct_top_categories,5.3290705182007656e-15,5.3290705182007656e-15,-1.9021513423199352,log1p_then_standardize,>,x[10] > -1.9021513423199352 AND x[1] <= 2.8848336472518796 AND x[7] > 0.0036833638886256217 AND x[10] <= 3.8992739806364312 AND x[2] > 5.01327138250441,5,3,exkmc_0.0.3
rich,20260805,4,11,6,6,2,1,1,purchase_occasion_count,3.9999999999999996,3.9999999999999996,2.8848336472518796,log1p_then_standardize,<=,x[10] > -1.9021513423199352 AND x[1] <= 2.8848336472518796 AND x[7] > 0.0036833638886256217 AND x[10] <= 3.8992739806364312 AND x[2] > 5.01327138250441,5,3,exkmc_0.0.3
rich,20260805,4,11,6,6,2,2,7,activity_span_days,1.8233806365740737,1.8233806365740737,0.0036833638886256217,log1p_then_standardize,>,x[10] > -1.9021513423199352 AND x[1] <= 2.8848336472518796 AND x[7] > 0.0036833638886256217 AND x[10] <= 3.8992739806364312 AND x[2] > 5.01327138250441,5,3,exkmc_0.0.3
rich,20260805,4,11,6,6,2,3,10,distinct_top_categories,9.000000000000002,9.000000000000002,3.899273980636431,log1p_then_standardize,<=,x[10] > -1.9021513423199352 AND x[1] <= 2.8848336472518796 AND x[7] > 0.0036833638886256217 AND x[10] <= 3.8992739806364312 AND x[2] > 5.01327138250441,5,3,exkmc_0.0.3
rich,20260805,4,11,6,6,2,4,2,purchase_event_count,16.0,16.0,5.01327138250441,log1p_then_standardize,>,x[10] > -1.9021513423199352 AND x[1] <= 2.8848336472518796 AND x[7] > 0.0036833638886256217 AND x[10] <= 3.8992739806364312 AND x[2] > 5.01327138250441,5,3,exkmc_0.0.3
rich,20260805,4,11,7,7,1,0,10,distinct_top_categories,5.3290705182007656e-15,5.3290705182007656e-15,-1.9021513423199352,log1p_then_standardize,>,x[10] > -1.9021513423199352 AND x[1] <= 2.8848336472518796 AND x[7] > 0.0036833638886256217 AND x[10] > 3.8992739806364312 AND x[1] <= -0.21831032766726416,5,3,exkmc_0.0.3
rich,20260805,4,11,7,7,1,1,1,purchase_occasion_count,3.9999999999999996,3.9999999999999996,2.8848336472518796,log1p_then_standardize,<=,x[10] > -1.9021513423199352 AND x[1] <= 2.8848336472518796 AND x[7] > 0.0036833638886256217 AND x[10] > 3.8992739806364312 AND x[1] <= -0.21831032766726416,5,3,exkmc_0.0.3
rich,20260805,4,11,7,7,1,2,7,activity_span_days,1.8233806365740737,1.8233806365740737,0.0036833638886256217,log1p_then_standardize,>,x[10] > -1.9021513423199352 AND x[1] <= 2.8848336472518796 AND x[7] > 0.0036833638886256217 AND x[10] > 3.8992739806364312 AND x[1] <= -0.21831032766726416,5,3,exkmc_0.0.3
rich,20260805,4,11,7,7,1,3,10,distinct_top_categories,9.000000000000002,9.000000000000002,3.899273980636431,log1p_then_standardize,>,x[10] > -1.9021513423199352 AND x[1] <= 2.8848336472518796 AND x[7] > 0.0036833638886256217 AND x[10] > 3.8992739806364312 AND x[1] <= -0.21831032766726416,5,3,exkmc_0.0.3
rich,20260805,4,11,7,7,1,4,1,purchase_occasion_count,1.0,1.0,-0.21831032766726416,log1p_then_standardize,<=,x[10] > -1.9021513423199352 AND x[1] <= 2.8848336472518796 AND x[7] > 0.0036833638886256217 AND x[10] > 3.8992739806364312 AND x[1] <= -0.21831032766726416,5,3,exkmc_0.0.3
rich,20260805,4,11,8,8,2,0,10,distinct_top_categories,5.3290705182007656e-15,5.3290705182007656e-15,-1.9021513423199352,log1p_then_standardize,>,x[10] > -1.9021513423199352 AND x[1] <= 2.8848336472518796 AND x[7] > 0.0036833638886256217 AND x[10] > 3.8992739806364312 AND x[1] > -0.21831032766726416,5,11,exkmc_0.0.3
rich,20260805,4,11,8,8,2,1,1,purchase_occasion_count,3.9999999999999996,3.9999999999999996,2.8848336472518796,log1p_then_standardize,<=,x[10] > -1.9021513423199352 AND x[1] <= 2.8848336472518796 AND x[7] > 0.0036833638886256217 AND x[10] > 3.8992739806364312 AND x[1] > -0.21831032766726416,5,11,exkmc_0.0.3
rich,20260805,4,11,8,8,2,2,7,activity_span_days,1.8233806365740737,1.8233806365740737,0.0036833638886256217,log1p_then_standardize,>,x[10] > -1.9021513423199352 AND x[1] <= 2.8848336472518796 AND x[7] > 0.0036833638886256217 AND x[10] > 3.8992739806364312 AND x[1] > -0.21831032766726416,5,11,exkmc_0.0.3
rich,20260805,4,11,8,8,2,3,10,distinct_top_categories,9.000000000000002,9.000000000000002,3.899273980636431,log1p_then_standardize,>,x[10] > -1.9021513423199352 AND x[1] <= 2.8848336472518796 AND x[7] > 0.0036833638886256217 AND x[10] > 3.8992739806364312 AND x[1] > -0.21831032766726416,5,11,exkmc_0.0.3
rich,20260805,4,11,8,8,2,4,1,purchase_occasion_count,1.0,1.0,-0.21831032766726416,log1p_then_standardize,>,x[10] > -1.9021513423199352 AND x[1] <= 2.8848336472518796 AND x[7] > 0.0036833638886256217 AND x[10] > 3.8992739806364312 AND x[1] > -0.21831032766726416,5,11,exkmc_0.0.3
rich,20260805,4,11,9,9,3,0,10,distinct_top_categories,5.3290705182007656e-15,5.3290705182007656e-15,-1.9021513423199352,log1p_then_standardize,>,x[10] > -1.9021513423199352 AND x[1] > 2.8848336472518796 AND x[3] <= 1.4018817915434529,3,4,exkmc_0.0.3
rich,20260805,4,11,9,9,3,1,1,purchase_occasion_count,3.9999999999999996,3.9999999999999996,2.8848336472518796,log1p_then_standardize,>,x[10] > -1.9021513423199352 AND x[1] > 2.8848336472518796 AND x[3] <= 1.4018817915434529,3,4,exkmc_0.0.3
rich,20260805,4,11,9,9,3,2,3,total_events,29.000000000000004,29.000000000000004,1.401881791543453,log1p_then_standardize,<=,x[10] > -1.9021513423199352 AND x[1] > 2.8848336472518796 AND x[3] <= 1.4018817915434529,3,4,exkmc_0.0.3
rich,20260805,4,11,10,10,2,0,10,distinct_top_categories,5.3290705182007656e-15,5.3290705182007656e-15,-1.9021513423199352,log1p_then_standardize,>,x[10] > -1.9021513423199352 AND x[1] > 2.8848336472518796 AND x[3] > 1.4018817915434529,3,104,exkmc_0.0.3
rich,20260805,4,11,10,10,2,1,1,purchase_occasion_count,3.9999999999999996,3.9999999999999996,2.8848336472518796,log1p_then_standardize,>,x[10] > -1.9021513423199352 AND x[1] > 2.8848336472518796 AND x[3] > 1.4018817915434529,3,104,exkmc_0.0.3
rich,20260805,4,11,10,10,2,2,3,total_events,29.000000000000004,29.000000000000004,1.401881791543453,log1p_then_standardize,>,x[10] > -1.9021513423199352 AND x[1] > 2.8848336472518796 AND x[3] > 1.4018817915434529,3,104,exkmc_0.0.3
rich,20260805,4,12,0,0,0,0,10,distinct_top_categories,5.3290705182007656e-15,5.3290705182007656e-15,-1.9021513423199352,log1p_then_standardize,<=,x[10] <= -1.9021513423199352 AND x[4] <= 1.5935236065707352,2,915,exkmc_0.0.3
rich,20260805,4,12,0,0,0,1,4,active_days,5.0,5.0,1.5935236065707352,log1p_then_standardize,<=,x[10] <= -1.9021513423199352 AND x[4] <= 1.5935236065707352,2,915,exkmc_0.0.3
rich,20260805,4,12,1,1,1,0,10,distinct_top_categories,5.3290705182007656e-15,5.3290705182007656e-15,-1.9021513423199352,log1p_then_standardize,<=,x[10] <= -1.9021513423199352 AND x[4] > 1.5935236065707352,2,4,exkmc_0.0.3
rich,20260805,4,12,1,1,1,1,4,active_days,5.0,5.0,1.5935236065707352,log1p_then_standardize,>,x[10] <= -1.9021513423199352 AND x[4] > 1.5935236065707352,2,4,exkmc_0.0.3
rich,20260805,4,12,2,2,3,0,10,distinct_top_categories,5.3290705182007656e-15,5.3290705182007656e-15,-1.9021513423199352,log1p_then_standardize,>,x[10] > -1.9021513423199352 AND x[1] <= 2.8848336472518796 AND x[7] <= 0.0036833638886256217 AND x[9] <= 0.72108607949579473 AND x[3] <= 2.3497926218931107,5,5363,exkmc_0.0.3
rich,20260805,4,12,2,2,3,1,1,purchase_occasion_count,3.9999999999999996,3.9999999999999996,2.8848336472518796,log1p_then_standardize,<=,x[10] > -1.9021513423199352 AND x[1] <= 2.8848336472518796 AND x[7] <= 0.0036833638886256217 AND x[9] <= 0.72108607949579473 AND x[3] <= 2.3497926218931107,5,5363,exkmc_0.0.3
rich,20260805,4,12,2,2,3,2,7,activity_span_days,1.8233806365740737,1.8233806365740737,0.0036833638886256217,log1p_then_standardize,<=,x[10] > -1.9021513423199352 AND x[1] <= 2.8848336472518796 AND x[7] <= 0.0036833638886256217 AND x[9] <= 0.72108607949579473 AND x[3] <= 2.3497926218931107,5,5363,exkmc_0.0.3
rich,20260805,4,12,2,2,3,3,9,session_count_30m,3.9999999999999996,3.9999999999999996,0.7210860794957947,log1p_then_standardize,<=,x[10] > -1.9021513423199352 AND x[1] <= 2.8848336472518796 AND x[7] <= 0.0036833638886256217 AND x[9] <= 0.72108607949579473 AND x[3] <= 2.3497926218931107,5,5363,exkmc_0.0.3
rich,20260805,4,12,2,2,3,4,3,total_events,68.00000000000001,68.00000000000001,2.3497926218931107,log1p_then_standardize,<=,x[10] > -1.9021513423199352 AND x[1] <= 2.8848336472518796 AND x[7] <= 0.0036833638886256217 AND x[9] <= 0.72108607949579473 AND x[3] <= 2.3497926218931107,5,5363,exkmc_0.0.3
rich,20260805,4,12,3,3,1,0,10,distinct_top_categories,5.3290705182007656e-15,5.3290705182007656e-15,-1.9021513423199352,log1p_then_standardize,>,x[10] > -1.9021513423199352 AND x[1] <= 2.8848336472518796 AND x[7] <= 0.0036833638886256217 AND x[9] <= 0.72108607949579473 AND x[3] > 2.3497926218931107,5,11,exkmc_0.0.3
rich,20260805,4,12,3,3,1,1,1,purchase_occasion_count,3.9999999999999996,3.9999999999999996,2.8848336472518796,log1p_then_standardize,<=,x[10] > -1.9021513423199352 AND x[1] <= 2.8848336472518796 AND x[7] <= 0.0036833638886256217 AND x[9] <= 0.72108607949579473 AND x[3] > 2.3497926218931107,5,11,exkmc_0.0.3
rich,20260805,4,12,3,3,1,2,7,activity_span_days,1.8233806365740737,1.8233806365740737,0.0036833638886256217,log1p_then_standardize,<=,x[10] > -1.9021513423199352 AND x[1] <= 2.8848336472518796 AND x[7] <= 0.0036833638886256217 AND x[9] <= 0.72108607949579473 AND x[3] > 2.3497926218931107,5,11,exkmc_0.0.3
rich,20260805,4,12,3,3,1,3,9,session_count_30m,3.9999999999999996,3.9999999999999996,0.7210860794957947,log1p_then_standardize,<=,x[10] > -1.9021513423199352 AND x[1] <= 2.8848336472518796 AND x[7] <= 0.0036833638886256217 AND x[9] <= 0.72108607949579473 AND x[3] > 2.3497926218931107,5,11,exkmc_0.0.3
rich,20260805,4,12,3,3,1,4,3,total_events,68.00000000000001,68.00000000000001,2.3497926218931107,log1p_then_standardize,>,x[10] > -1.9021513423199352 AND x[1] <= 2.8848336472518796 AND x[7] <= 0.0036833638886256217 AND x[9] <= 0.72108607949579473 AND x[3] > 2.3497926218931107,5,11,exkmc_0.0.3
rich,20260805,4,12,4,4,1,0,10,distinct_top_categories,5.3290705182007656e-15,5.3290705182007656e-15,-1.9021513423199352,log1p_then_standardize,>,x[10] > -1.9021513423199352 AND x[1] <= 2.8848336472518796 AND x[7] <= 0.0036833638886256217 AND x[9] > 0.72108607949579473,4,68,exkmc_0.0.3
rich,20260805,4,12,4,4,1,1,1,purchase_occasion_count,3.9999999999999996,3.9999999999999996,2.8848336472518796,log1p_then_standardize,<=,x[10] > -1.9021513423199352 AND x[1] <= 2.8848336472518796 AND x[7] <= 0.0036833638886256217 AND x[9] > 0.72108607949579473,4,68,exkmc_0.0.3
rich,20260805,4,12,4,4,1,2,7,activity_span_days,1.8233806365740737,1.8233806365740737,0.0036833638886256217,log1p_then_standardize,<=,x[10] > -1.9021513423199352 AND x[1] <= 2.8848336472518796 AND x[7] <= 0.0036833638886256217 AND x[9] > 0.72108607949579473,4,68,exkmc_0.0.3
rich,20260805,4,12,4,4,1,3,9,session_count_30m,3.9999999999999996,3.9999999999999996,0.7210860794957947,log1p_then_standardize,>,x[10] > -1.9021513423199352 AND x[1] <= 2.8848336472518796 AND x[7] <= 0.0036833638886256217 AND x[9] > 0.72108607949579473,4,68,exkmc_0.0.3
rich,20260805,4,12,5,5,1,0,10,distinct_top_categories,5.3290705182007656e-15,5.3290705182007656e-15,-1.9021513423199352,log1p_then_standardize,>,x[10] > -1.9021513423199352 AND x[1] <= 2.8848336472518796 AND x[7] > 0.0036833638886256217 AND x[10] <= 3.8992739806364312 AND x[2] <= 5.01327138250441 AND x[6] <= 2.2806698692150329,6,2877,exkmc_0.0.3
rich,20260805,4,12,5,5,1,1,1,purchase_occasion_count,3.9999999999999996,3.9999999999999996,2.8848336472518796,log1p_then_standardize,<=,x[10] > -1.9021513423199352 AND x[1] <= 2.8848336472518796 AND x[7] > 0.0036833638886256217 AND x[10] <= 3.8992739806364312 AND x[2] <= 5.01327138250441 AND x[6] <= 2.2806698692150329,6,2877,exkmc_0.0.3
rich,20260805,4,12,5,5,1,2,7,activity_span_days,1.8233806365740737,1.8233806365740737,0.0036833638886256217,log1p_then_standardize,>,x[10] > -1.9021513423199352 AND x[1] <= 2.8848336472518796 AND x[7] > 0.0036833638886256217 AND x[10] <= 3.8992739806364312 AND x[2] <= 5.01327138250441 AND x[6] <= 2.2806698692150329,6,2877,exkmc_0.0.3
rich,20260805,4,12,5,5,1,3,10,distinct_top_categories,9.000000000000002,9.000000000000002,3.899273980636431,log1p_then_standardize,<=,x[10] > -1.9021513423199352 AND x[1] <= 2.8848336472518796 AND x[7] > 0.0036833638886256217 AND x[10] <= 3.8992739806364312 AND x[2] <= 5.01327138250441 AND x[6] <= 2.2806698692150329,6,2877,exkmc_0.0.3
rich,20260805,4,12,5,5,1,4,2,purchase_event_count,16.0,16.0,5.01327138250441,log1p_then_standardize,<=,x[10] > -1.9021513423199352 AND x[1] <= 2.8848336472518796 AND x[7] > 0.0036833638886256217 AND x[10] <= 3.8992739806364312 AND x[2] <= 5.01327138250441 AND x[6] <= 2.2806698692150329,6,2877,exkmc_0.0.3
rich,20260805,4,12,5,5,1,5,6,transaction_per_view,1.3333333333333333,1.3333333333333333,2.280669869215033,standardize,<=,x[10] > -1.9021513423199352 AND x[1] <= 2.8848336472518796 AND x[7] > 0.0036833638886256217 AND x[10] <= 3.8992739806364312 AND x[2] <= 5.01327138250441 AND x[6] <= 2.2806698692150329,6,2877,exkmc_0.0.3
rich,20260805,4,12,6,6,3,0,10,distinct_top_categories,5.3290705182007656e-15,5.3290705182007656e-15,-1.9021513423199352,log1p_then_standardize,>,x[10] > -1.9021513423199352 AND x[1] <= 2.8848336472518796 AND x[7] > 0.0036833638886256217 AND x[10] <= 3.8992739806364312 AND x[2] <= 5.01327138250441 AND x[6] > 2.2806698692150329,6,12,exkmc_0.0.3
rich,20260805,4,12,6,6,3,1,1,purchase_occasion_count,3.9999999999999996,3.9999999999999996,2.8848336472518796,log1p_then_standardize,<=,x[10] > -1.9021513423199352 AND x[1] <= 2.8848336472518796 AND x[7] > 0.0036833638886256217 AND x[10] <= 3.8992739806364312 AND x[2] <= 5.01327138250441 AND x[6] > 2.2806698692150329,6,12,exkmc_0.0.3
rich,20260805,4,12,6,6,3,2,7,activity_span_days,1.8233806365740737,1.8233806365740737,0.0036833638886256217,log1p_then_standardize,>,x[10] > -1.9021513423199352 AND x[1] <= 2.8848336472518796 AND x[7] > 0.0036833638886256217 AND x[10] <= 3.8992739806364312 AND x[2] <= 5.01327138250441 AND x[6] > 2.2806698692150329,6,12,exkmc_0.0.3
rich,20260805,4,12,6,6,3,3,10,distinct_top_categories,9.000000000000002,9.000000000000002,3.899273980636431,log1p_then_standardize,<=,x[10] > -1.9021513423199352 AND x[1] <= 2.8848336472518796 AND x[7] > 0.0036833638886256217 AND x[10] <= 3.8992739806364312 AND x[2] <= 5.01327138250441 AND x[6] > 2.2806698692150329,6,12,exkmc_0.0.3
rich,20260805,4,12,6,6,3,4,2,purchase_event_count,16.0,16.0,5.01327138250441,log1p_then_standardize,<=,x[10] > -1.9021513423199352 AND x[1] <= 2.8848336472518796 AND x[7] > 0.0036833638886256217 AND x[10] <= 3.8992739806364312 AND x[2] <= 5.01327138250441 AND x[6] > 2.2806698692150329,6,12,exkmc_0.0.3
rich,20260805,4,12,6,6,3,5,6,transaction_per_view,1.3333333333333333,1.3333333333333333,2.280669869215033,standardize,>,x[10] > -1.9021513423199352 AND x[1] <= 2.8848336472518796 AND x[7] > 0.0036833638886256217 AND x[10] <= 3.8992739806364312 AND x[2] <= 5.01327138250441 AND x[6] > 2.2806698692150329,6,12,exkmc_0.0.3
rich,20260805,4,12,7,7,2,0,10,distinct_top_categories,5.3290705182007656e-15,5.3290705182007656e-15,-1.9021513423199352,log1p_then_standardize,>,x[10] > -1.9021513423199352 AND x[1] <= 2.8848336472518796 AND x[7] > 0.0036833638886256217 AND x[10] <= 3.8992739806364312 AND x[2] > 5.01327138250441,5,3,exkmc_0.0.3
rich,20260805,4,12,7,7,2,1,1,purchase_occasion_count,3.9999999999999996,3.9999999999999996,2.8848336472518796,log1p_then_standardize,<=,x[10] > -1.9021513423199352 AND x[1] <= 2.8848336472518796 AND x[7] > 0.0036833638886256217 AND x[10] <= 3.8992739806364312 AND x[2] > 5.01327138250441,5,3,exkmc_0.0.3
rich,20260805,4,12,7,7,2,2,7,activity_span_days,1.8233806365740737,1.8233806365740737,0.0036833638886256217,log1p_then_standardize,>,x[10] > -1.9021513423199352 AND x[1] <= 2.8848336472518796 AND x[7] > 0.0036833638886256217 AND x[10] <= 3.8992739806364312 AND x[2] > 5.01327138250441,5,3,exkmc_0.0.3
rich,20260805,4,12,7,7,2,3,10,distinct_top_categories,9.000000000000002,9.000000000000002,3.899273980636431,log1p_then_standardize,<=,x[10] > -1.9021513423199352 AND x[1] <= 2.8848336472518796 AND x[7] > 0.0036833638886256217 AND x[10] <= 3.8992739806364312 AND x[2] > 5.01327138250441,5,3,exkmc_0.0.3
rich,20260805,4,12,7,7,2,4,2,purchase_event_count,16.0,16.0,5.01327138250441,log1p_then_standardize,>,x[10] > -1.9021513423199352 AND x[1] <= 2.8848336472518796 AND x[7] > 0.0036833638886256217 AND x[10] <= 3.8992739806364312 AND x[2] > 5.01327138250441,5,3,exkmc_0.0.3
rich,20260805,4,12,8,8,1,0,10,distinct_top_categories,5.3290705182007656e-15,5.3290705182007656e-15,-1.9021513423199352,log1p_then_standardize,>,x[10] > -1.9021513423199352 AND x[1] <= 2.8848336472518796 AND x[7] > 0.0036833638886256217 AND x[10] > 3.8992739806364312 AND x[1] <= -0.21831032766726416,5,3,exkmc_0.0.3
rich,20260805,4,12,8,8,1,1,1,purchase_occasion_count,3.9999999999999996,3.9999999999999996,2.8848336472518796,log1p_then_standardize,<=,x[10] > -1.9021513423199352 AND x[1] <= 2.8848336472518796 AND x[7] > 0.0036833638886256217 AND x[10] > 3.8992739806364312 AND x[1] <= -0.21831032766726416,5,3,exkmc_0.0.3
rich,20260805,4,12,8,8,1,2,7,activity_span_days,1.8233806365740737,1.8233806365740737,0.0036833638886256217,log1p_then_standardize,>,x[10] > -1.9021513423199352 AND x[1] <= 2.8848336472518796 AND x[7] > 0.0036833638886256217 AND x[10] > 3.8992739806364312 AND x[1] <= -0.21831032766726416,5,3,exkmc_0.0.3
rich,20260805,4,12,8,8,1,3,10,distinct_top_categories,9.000000000000002,9.000000000000002,3.899273980636431,log1p_then_standardize,>,x[10] > -1.9021513423199352 AND x[1] <= 2.8848336472518796 AND x[7] > 0.0036833638886256217 AND x[10] > 3.8992739806364312 AND x[1] <= -0.21831032766726416,5,3,exkmc_0.0.3
rich,20260805,4,12,8,8,1,4,1,purchase_occasion_count,1.0,1.0,-0.21831032766726416,log1p_then_standardize,<=,x[10] > -1.9021513423199352 AND x[1] <= 2.8848336472518796 AND x[7] > 0.0036833638886256217 AND x[10] > 3.8992739806364312 AND x[1] <= -0.21831032766726416,5,3,exkmc_0.0.3
rich,20260805,4,12,9,9,2,0,10,distinct_top_categories,5.3290705182007656e-15,5.3290705182007656e-15,-1.9021513423199352,log1p_then_standardize,>,x[10] > -1.9021513423199352 AND x[1] <= 2.8848336472518796 AND x[7] > 0.0036833638886256217 AND x[10] > 3.8992739806364312 AND x[1] > -0.21831032766726416,5,11,exkmc_0.0.3
rich,20260805,4,12,9,9,2,1,1,purchase_occasion_count,3.9999999999999996,3.9999999999999996,2.8848336472518796,log1p_then_standardize,<=,x[10] > -1.9021513423199352 AND x[1] <= 2.8848336472518796 AND x[7] > 0.0036833638886256217 AND x[10] > 3.8992739806364312 AND x[1] > -0.21831032766726416,5,11,exkmc_0.0.3
rich,20260805,4,12,9,9,2,2,7,activity_span_days,1.8233806365740737,1.8233806365740737,0.0036833638886256217,log1p_then_standardize,>,x[10] > -1.9021513423199352 AND x[1] <= 2.8848336472518796 AND x[7] > 0.0036833638886256217 AND x[10] > 3.8992739806364312 AND x[1] > -0.21831032766726416,5,11,exkmc_0.0.3
rich,20260805,4,12,9,9,2,3,10,distinct_top_categories,9.000000000000002,9.000000000000002,3.899273980636431,log1p_then_standardize,>,x[10] > -1.9021513423199352 AND x[1] <= 2.8848336472518796 AND x[7] > 0.0036833638886256217 AND x[10] > 3.8992739806364312 AND x[1] > -0.21831032766726416,5,11,exkmc_0.0.3
rich,20260805,4,12,9,9,2,4,1,purchase_occasion_count,1.0,1.0,-0.21831032766726416,log1p_then_standardize,>,x[10] > -1.9021513423199352 AND x[1] <= 2.8848336472518796 AND x[7] > 0.0036833638886256217 AND x[10] > 3.8992739806364312 AND x[1] > -0.21831032766726416,5,11,exkmc_0.0.3
rich,20260805,4,12,10,10,3,0,10,distinct_top_categories,5.3290705182007656e-15,5.3290705182007656e-15,-1.9021513423199352,log1p_then_standardize,>,x[10] > -1.9021513423199352 AND x[1] > 2.8848336472518796 AND x[3] <= 1.4018817915434529,3,4,exkmc_0.0.3
rich,20260805,4,12,10,10,3,1,1,purchase_occasion_count,3.9999999999999996,3.9999999999999996,2.8848336472518796,log1p_then_standardize,>,x[10] > -1.9021513423199352 AND x[1] > 2.8848336472518796 AND x[3] <= 1.4018817915434529,3,4,exkmc_0.0.3
rich,20260805,4,12,10,10,3,2,3,total_events,29.000000000000004,29.000000000000004,1.401881791543453,log1p_then_standardize,<=,x[10] > -1.9021513423199352 AND x[1] > 2.8848336472518796 AND x[3] <= 1.4018817915434529,3,4,exkmc_0.0.3
rich,20260805,4,12,11,11,2,0,10,distinct_top_categories,5.3290705182007656e-15,5.3290705182007656e-15,-1.9021513423199352,log1p_then_standardize,>,x[10] > -1.9021513423199352 AND x[1] > 2.8848336472518796 AND x[3] > 1.4018817915434529,3,104,exkmc_0.0.3
rich,20260805,4,12,11,11,2,1,1,purchase_occasion_count,3.9999999999999996,3.9999999999999996,2.8848336472518796,log1p_then_standardize,>,x[10] > -1.9021513423199352 AND x[1] > 2.8848336472518796 AND x[3] > 1.4018817915434529,3,104,exkmc_0.0.3
rich,20260805,4,12,11,11,2,2,3,total_events,29.000000000000004,29.000000000000004,1.401881791543453,log1p_then_standardize,>,x[10] > -1.9021513423199352 AND x[1] > 2.8848336472518796 AND x[3] > 1.4018817915434529,3,104,exkmc_0.0.3
rich,20260805,4,13,0,0,0,0,10,distinct_top_categories,5.3290705182007656e-15,5.3290705182007656e-15,-1.9021513423199352,log1p_then_standardize,<=,x[10] <= -1.9021513423199352 AND x[4] <= 1.5935236065707352,2,915,exkmc_0.0.3
rich,20260805,4,13,0,0,0,1,4,active_days,5.0,5.0,1.5935236065707352,log1p_then_standardize,<=,x[10] <= -1.9021513423199352 AND x[4] <= 1.5935236065707352,2,915,exkmc_0.0.3
rich,20260805,4,13,1,1,1,0,10,distinct_top_categories,5.3290705182007656e-15,5.3290705182007656e-15,-1.9021513423199352,log1p_then_standardize,<=,x[10] <= -1.9021513423199352 AND x[4] > 1.5935236065707352,2,4,exkmc_0.0.3
rich,20260805,4,13,1,1,1,1,4,active_days,5.0,5.0,1.5935236065707352,log1p_then_standardize,>,x[10] <= -1.9021513423199352 AND x[4] > 1.5935236065707352,2,4,exkmc_0.0.3
rich,20260805,4,13,2,2,3,0,10,distinct_top_categories,5.3290705182007656e-15,5.3290705182007656e-15,-1.9021513423199352,log1p_then_standardize,>,x[10] > -1.9021513423199352 AND x[1] <= 2.8848336472518796 AND x[7] <= 0.0036833638886256217 AND x[9] <= 0.72108607949579473 AND x[3] <= 2.3497926218931107 AND x[4] <= 0.17875120996342164,6,5341,exkmc_0.0.3
rich,20260805,4,13,2,2,3,1,1,purchase_occasion_count,3.9999999999999996,3.9999999999999996,2.8848336472518796,log1p_then_standardize,<=,x[10] > -1.9021513423199352 AND x[1] <= 2.8848336472518796 AND x[7] <= 0.0036833638886256217 AND x[9] <= 0.72108607949579473 AND x[3] <= 2.3497926218931107 AND x[4] <= 0.17875120996342164,6,5341,exkmc_0.0.3
rich,20260805,4,13,2,2,3,2,7,activity_span_days,1.8233806365740737,1.8233806365740737,0.0036833638886256217,log1p_then_standardize,<=,x[10] > -1.9021513423199352 AND x[1] <= 2.8848336472518796 AND x[7] <= 0.0036833638886256217 AND x[9] <= 0.72108607949579473 AND x[3] <= 2.3497926218931107 AND x[4] <= 0.17875120996342164,6,5341,exkmc_0.0.3
rich,20260805,4,13,2,2,3,3,9,session_count_30m,3.9999999999999996,3.9999999999999996,0.7210860794957947,log1p_then_standardize,<=,x[10] > -1.9021513423199352 AND x[1] <= 2.8848336472518796 AND x[7] <= 0.0036833638886256217 AND x[9] <= 0.72108607949579473 AND x[3] <= 2.3497926218931107 AND x[4] <= 0.17875120996342164,6,5341,exkmc_0.0.3
rich,20260805,4,13,2,2,3,4,3,total_events,68.00000000000001,68.00000000000001,2.3497926218931107,log1p_then_standardize,<=,x[10] > -1.9021513423199352 AND x[1] <= 2.8848336472518796 AND x[7] <= 0.0036833638886256217 AND x[9] <= 0.72108607949579473 AND x[3] <= 2.3497926218931107 AND x[4] <= 0.17875120996342164,6,5341,exkmc_0.0.3
rich,20260805,4,13,2,2,3,5,4,active_days,2.0000000000000004,2.0000000000000004,0.17875120996342164,log1p_then_standardize,<=,x[10] > -1.9021513423199352 AND x[1] <= 2.8848336472518796 AND x[7] <= 0.0036833638886256217 AND x[9] <= 0.72108607949579473 AND x[3] <= 2.3497926218931107 AND x[4] <= 0.17875120996342164,6,5341,exkmc_0.0.3
rich,20260805,4,13,3,3,1,0,10,distinct_top_categories,5.3290705182007656e-15,5.3290705182007656e-15,-1.9021513423199352,log1p_then_standardize,>,x[10] > -1.9021513423199352 AND x[1] <= 2.8848336472518796 AND x[7] <= 0.0036833638886256217 AND x[9] <= 0.72108607949579473 AND x[3] <= 2.3497926218931107 AND x[4] > 0.17875120996342164,6,22,exkmc_0.0.3
rich,20260805,4,13,3,3,1,1,1,purchase_occasion_count,3.9999999999999996,3.9999999999999996,2.8848336472518796,log1p_then_standardize,<=,x[10] > -1.9021513423199352 AND x[1] <= 2.8848336472518796 AND x[7] <= 0.0036833638886256217 AND x[9] <= 0.72108607949579473 AND x[3] <= 2.3497926218931107 AND x[4] > 0.17875120996342164,6,22,exkmc_0.0.3
rich,20260805,4,13,3,3,1,2,7,activity_span_days,1.8233806365740737,1.8233806365740737,0.0036833638886256217,log1p_then_standardize,<=,x[10] > -1.9021513423199352 AND x[1] <= 2.8848336472518796 AND x[7] <= 0.0036833638886256217 AND x[9] <= 0.72108607949579473 AND x[3] <= 2.3497926218931107 AND x[4] > 0.17875120996342164,6,22,exkmc_0.0.3
rich,20260805,4,13,3,3,1,3,9,session_count_30m,3.9999999999999996,3.9999999999999996,0.7210860794957947,log1p_then_standardize,<=,x[10] > -1.9021513423199352 AND x[1] <= 2.8848336472518796 AND x[7] <= 0.0036833638886256217 AND x[9] <= 0.72108607949579473 AND x[3] <= 2.3497926218931107 AND x[4] > 0.17875120996342164,6,22,exkmc_0.0.3
rich,20260805,4,13,3,3,1,4,3,total_events,68.00000000000001,68.00000000000001,2.3497926218931107,log1p_then_standardize,<=,x[10] > -1.9021513423199352 AND x[1] <= 2.8848336472518796 AND x[7] <= 0.0036833638886256217 AND x[9] <= 0.72108607949579473 AND x[3] <= 2.3497926218931107 AND x[4] > 0.17875120996342164,6,22,exkmc_0.0.3
rich,20260805,4,13,3,3,1,5,4,active_days,2.0000000000000004,2.0000000000000004,0.17875120996342164,log1p_then_standardize,>,x[10] > -1.9021513423199352 AND x[1] <= 2.8848336472518796 AND x[7] <= 0.0036833638886256217 AND x[9] <= 0.72108607949579473 AND x[3] <= 2.3497926218931107 AND x[4] > 0.17875120996342164,6,22,exkmc_0.0.3
rich,20260805,4,13,4,4,1,0,10,distinct_top_categories,5.3290705182007656e-15,5.3290705182007656e-15,-1.9021513423199352,log1p_then_standardize,>,x[10] > -1.9021513423199352 AND x[1] <= 2.8848336472518796 AND x[7] <= 0.0036833638886256217 AND x[9] <= 0.72108607949579473 AND x[3] > 2.3497926218931107,5,11,exkmc_0.0.3
rich,20260805,4,13,4,4,1,1,1,purchase_occasion_count,3.9999999999999996,3.9999999999999996,2.8848336472518796,log1p_then_standardize,<=,x[10] > -1.9021513423199352 AND x[1] <= 2.8848336472518796 AND x[7] <= 0.0036833638886256217 AND x[9] <= 0.72108607949579473 AND x[3] > 2.3497926218931107,5,11,exkmc_0.0.3
rich,20260805,4,13,4,4,1,2,7,activity_span_days,1.8233806365740737,1.8233806365740737,0.0036833638886256217,log1p_then_standardize,<=,x[10] > -1.9021513423199352 AND x[1] <= 2.8848336472518796 AND x[7] <= 0.0036833638886256217 AND x[9] <= 0.72108607949579473 AND x[3] > 2.3497926218931107,5,11,exkmc_0.0.3
rich,20260805,4,13,4,4,1,3,9,session_count_30m,3.9999999999999996,3.9999999999999996,0.7210860794957947,log1p_then_standardize,<=,x[10] > -1.9021513423199352 AND x[1] <= 2.8848336472518796 AND x[7] <= 0.0036833638886256217 AND x[9] <= 0.72108607949579473 AND x[3] > 2.3497926218931107,5,11,exkmc_0.0.3
rich,20260805,4,13,4,4,1,4,3,total_events,68.00000000000001,68.00000000000001,2.3497926218931107,log1p_then_standardize,>,x[10] > -1.9021513423199352 AND x[1] <= 2.8848336472518796 AND x[7] <= 0.0036833638886256217 AND x[9] <= 0.72108607949579473 AND x[3] > 2.3497926218931107,5,11,exkmc_0.0.3
rich,20260805,4,13,5,5,1,0,10,distinct_top_categories,5.3290705182007656e-15,5.3290705182007656e-15,-1.9021513423199352,log1p_then_standardize,>,x[10] > -1.9021513423199352 AND x[1] <= 2.8848336472518796 AND x[7] <= 0.0036833638886256217 AND x[9] > 0.72108607949579473,4,68,exkmc_0.0.3
rich,20260805,4,13,5,5,1,1,1,purchase_occasion_count,3.9999999999999996,3.9999999999999996,2.8848336472518796,log1p_then_standardize,<=,x[10] > -1.9021513423199352 AND x[1] <= 2.8848336472518796 AND x[7] <= 0.0036833638886256217 AND x[9] > 0.72108607949579473,4,68,exkmc_0.0.3
rich,20260805,4,13,5,5,1,2,7,activity_span_days,1.8233806365740737,1.8233806365740737,0.0036833638886256217,log1p_then_standardize,<=,x[10] > -1.9021513423199352 AND x[1] <= 2.8848336472518796 AND x[7] <= 0.0036833638886256217 AND x[9] > 0.72108607949579473,4,68,exkmc_0.0.3
rich,20260805,4,13,5,5,1,3,9,session_count_30m,3.9999999999999996,3.9999999999999996,0.7210860794957947,log1p_then_standardize,>,x[10] > -1.9021513423199352 AND x[1] <= 2.8848336472518796 AND x[7] <= 0.0036833638886256217 AND x[9] > 0.72108607949579473,4,68,exkmc_0.0.3
rich,20260805,4,13,6,6,1,0,10,distinct_top_categories,5.3290705182007656e-15,5.3290705182007656e-15,-1.9021513423199352,log1p_then_standardize,>,x[10] > -1.9021513423199352 AND x[1] <= 2.8848336472518796 AND x[7] > 0.0036833638886256217 AND x[10] <= 3.8992739806364312 AND x[2] <= 5.01327138250441 AND x[6] <= 2.2806698692150329,6,2877,exkmc_0.0.3
rich,20260805,4,13,6,6,1,1,1,purchase_occasion_count,3.9999999999999996,3.9999999999999996,2.8848336472518796,log1p_then_standardize,<=,x[10] > -1.9021513423199352 AND x[1] <= 2.8848336472518796 AND x[7] > 0.0036833638886256217 AND x[10] <= 3.8992739806364312 AND x[2] <= 5.01327138250441 AND x[6] <= 2.2806698692150329,6,2877,exkmc_0.0.3
rich,20260805,4,13,6,6,1,2,7,activity_span_days,1.8233806365740737,1.8233806365740737,0.0036833638886256217,log1p_then_standardize,>,x[10] > -1.9021513423199352 AND x[1] <= 2.8848336472518796 AND x[7] > 0.0036833638886256217 AND x[10] <= 3.8992739806364312 AND x[2] <= 5.01327138250441 AND x[6] <= 2.2806698692150329,6,2877,exkmc_0.0.3
rich,20260805,4,13,6,6,1,3,10,distinct_top_categories,9.000000000000002,9.000000000000002,3.899273980636431,log1p_then_standardize,<=,x[10] > -1.9021513423199352 AND x[1] <= 2.8848336472518796 AND x[7] > 0.0036833638886256217 AND x[10] <= 3.8992739806364312 AND x[2] <= 5.01327138250441 AND x[6] <= 2.2806698692150329,6,2877,exkmc_0.0.3
rich,20260805,4,13,6,6,1,4,2,purchase_event_count,16.0,16.0,5.01327138250441,log1p_then_standardize,<=,x[10] > -1.9021513423199352 AND x[1] <= 2.8848336472518796 AND x[7] > 0.0036833638886256217 AND x[10] <= 3.8992739806364312 AND x[2] <= 5.01327138250441 AND x[6] <= 2.2806698692150329,6,2877,exkmc_0.0.3
rich,20260805,4,13,6,6,1,5,6,transaction_per_view,1.3333333333333333,1.3333333333333333,2.280669869215033,standardize,<=,x[10] > -1.9021513423199352 AND x[1] <= 2.8848336472518796 AND x[7] > 0.0036833638886256217 AND x[10] <= 3.8992739806364312 AND x[2] <= 5.01327138250441 AND x[6] <= 2.2806698692150329,6,2877,exkmc_0.0.3
rich,20260805,4,13,7,7,3,0,10,distinct_top_categories,5.3290705182007656e-15,5.3290705182007656e-15,-1.9021513423199352,log1p_then_standardize,>,x[10] > -1.9021513423199352 AND x[1] <= 2.8848336472518796 AND x[7] > 0.0036833638886256217 AND x[10] <= 3.8992739806364312 AND x[2] <= 5.01327138250441 AND x[6] > 2.2806698692150329,6,12,exkmc_0.0.3
rich,20260805,4,13,7,7,3,1,1,purchase_occasion_count,3.9999999999999996,3.9999999999999996,2.8848336472518796,log1p_then_standardize,<=,x[10] > -1.9021513423199352 AND x[1] <= 2.8848336472518796 AND x[7] > 0.0036833638886256217 AND x[10] <= 3.8992739806364312 AND x[2] <= 5.01327138250441 AND x[6] > 2.2806698692150329,6,12,exkmc_0.0.3
rich,20260805,4,13,7,7,3,2,7,activity_span_days,1.8233806365740737,1.8233806365740737,0.0036833638886256217,log1p_then_standardize,>,x[10] > -1.9021513423199352 AND x[1] <= 2.8848336472518796 AND x[7] > 0.0036833638886256217 AND x[10] <= 3.8992739806364312 AND x[2] <= 5.01327138250441 AND x[6] > 2.2806698692150329,6,12,exkmc_0.0.3
rich,20260805,4,13,7,7,3,3,10,distinct_top_categories,9.000000000000002,9.000000000000002,3.899273980636431,log1p_then_standardize,<=,x[10] > -1.9021513423199352 AND x[1] <= 2.8848336472518796 AND x[7] > 0.0036833638886256217 AND x[10] <= 3.8992739806364312 AND x[2] <= 5.01327138250441 AND x[6] > 2.2806698692150329,6,12,exkmc_0.0.3
rich,20260805,4,13,7,7,3,4,2,purchase_event_count,16.0,16.0,5.01327138250441,log1p_then_standardize,<=,x[10] > -1.9021513423199352 AND x[1] <= 2.8848336472518796 AND x[7] > 0.0036833638886256217 AND x[10] <= 3.8992739806364312 AND x[2] <= 5.01327138250441 AND x[6] > 2.2806698692150329,6,12,exkmc_0.0.3
rich,20260805,4,13,7,7,3,5,6,transaction_per_view,1.3333333333333333,1.3333333333333333,2.280669869215033,standardize,>,x[10] > -1.9021513423199352 AND x[1] <= 2.8848336472518796 AND x[7] > 0.0036833638886256217 AND x[10] <= 3.8992739806364312 AND x[2] <= 5.01327138250441 AND x[6] > 2.2806698692150329,6,12,exkmc_0.0.3
rich,20260805,4,13,8,8,2,0,10,distinct_top_categories,5.3290705182007656e-15,5.3290705182007656e-15,-1.9021513423199352,log1p_then_standardize,>,x[10] > -1.9021513423199352 AND x[1] <= 2.8848336472518796 AND x[7] > 0.0036833638886256217 AND x[10] <= 3.8992739806364312 AND x[2] > 5.01327138250441,5,3,exkmc_0.0.3
rich,20260805,4,13,8,8,2,1,1,purchase_occasion_count,3.9999999999999996,3.9999999999999996,2.8848336472518796,log1p_then_standardize,<=,x[10] > -1.9021513423199352 AND x[1] <= 2.8848336472518796 AND x[7] > 0.0036833638886256217 AND x[10] <= 3.8992739806364312 AND x[2] > 5.01327138250441,5,3,exkmc_0.0.3
rich,20260805,4,13,8,8,2,2,7,activity_span_days,1.8233806365740737,1.8233806365740737,0.0036833638886256217,log1p_then_standardize,>,x[10] > -1.9021513423199352 AND x[1] <= 2.8848336472518796 AND x[7] > 0.0036833638886256217 AND x[10] <= 3.8992739806364312 AND x[2] > 5.01327138250441,5,3,exkmc_0.0.3
rich,20260805,4,13,8,8,2,3,10,distinct_top_categories,9.000000000000002,9.000000000000002,3.899273980636431,log1p_then_standardize,<=,x[10] > -1.9021513423199352 AND x[1] <= 2.8848336472518796 AND x[7] > 0.0036833638886256217 AND x[10] <= 3.8992739806364312 AND x[2] > 5.01327138250441,5,3,exkmc_0.0.3
rich,20260805,4,13,8,8,2,4,2,purchase_event_count,16.0,16.0,5.01327138250441,log1p_then_standardize,>,x[10] > -1.9021513423199352 AND x[1] <= 2.8848336472518796 AND x[7] > 0.0036833638886256217 AND x[10] <= 3.8992739806364312 AND x[2] > 5.01327138250441,5,3,exkmc_0.0.3
rich,20260805,4,13,9,9,1,0,10,distinct_top_categories,5.3290705182007656e-15,5.3290705182007656e-15,-1.9021513423199352,log1p_then_standardize,>,x[10] > -1.9021513423199352 AND x[1] <= 2.8848336472518796 AND x[7] > 0.0036833638886256217 AND x[10] > 3.8992739806364312 AND x[1] <= -0.21831032766726416,5,3,exkmc_0.0.3
rich,20260805,4,13,9,9,1,1,1,purchase_occasion_count,3.9999999999999996,3.9999999999999996,2.8848336472518796,log1p_then_standardize,<=,x[10] > -1.9021513423199352 AND x[1] <= 2.8848336472518796 AND x[7] > 0.0036833638886256217 AND x[10] > 3.8992739806364312 AND x[1] <= -0.21831032766726416,5,3,exkmc_0.0.3
rich,20260805,4,13,9,9,1,2,7,activity_span_days,1.8233806365740737,1.8233806365740737,0.0036833638886256217,log1p_then_standardize,>,x[10] > -1.9021513423199352 AND x[1] <= 2.8848336472518796 AND x[7] > 0.0036833638886256217 AND x[10] > 3.8992739806364312 AND x[1] <= -0.21831032766726416,5,3,exkmc_0.0.3
rich,20260805,4,13,9,9,1,3,10,distinct_top_categories,9.000000000000002,9.000000000000002,3.899273980636431,log1p_then_standardize,>,x[10] > -1.9021513423199352 AND x[1] <= 2.8848336472518796 AND x[7] > 0.0036833638886256217 AND x[10] > 3.8992739806364312 AND x[1] <= -0.21831032766726416,5,3,exkmc_0.0.3
rich,20260805,4,13,9,9,1,4,1,purchase_occasion_count,1.0,1.0,-0.21831032766726416,log1p_then_standardize,<=,x[10] > -1.9021513423199352 AND x[1] <= 2.8848336472518796 AND x[7] > 0.0036833638886256217 AND x[10] > 3.8992739806364312 AND x[1] <= -0.21831032766726416,5,3,exkmc_0.0.3
rich,20260805,4,13,10,10,2,0,10,distinct_top_categories,5.3290705182007656e-15,5.3290705182007656e-15,-1.9021513423199352,log1p_then_standardize,>,x[10] > -1.9021513423199352 AND x[1] <= 2.8848336472518796 AND x[7] > 0.0036833638886256217 AND x[10] > 3.8992739806364312 AND x[1] > -0.21831032766726416,5,11,exkmc_0.0.3
rich,20260805,4,13,10,10,2,1,1,purchase_occasion_count,3.9999999999999996,3.9999999999999996,2.8848336472518796,log1p_then_standardize,<=,x[10] > -1.9021513423199352 AND x[1] <= 2.8848336472518796 AND x[7] > 0.0036833638886256217 AND x[10] > 3.8992739806364312 AND x[1] > -0.21831032766726416,5,11,exkmc_0.0.3
rich,20260805,4,13,10,10,2,2,7,activity_span_days,1.8233806365740737,1.8233806365740737,0.0036833638886256217,log1p_then_standardize,>,x[10] > -1.9021513423199352 AND x[1] <= 2.8848336472518796 AND x[7] > 0.0036833638886256217 AND x[10] > 3.8992739806364312 AND x[1] > -0.21831032766726416,5,11,exkmc_0.0.3
rich,20260805,4,13,10,10,2,3,10,distinct_top_categories,9.000000000000002,9.000000000000002,3.899273980636431,log1p_then_standardize,>,x[10] > -1.9021513423199352 AND x[1] <= 2.8848336472518796 AND x[7] > 0.0036833638886256217 AND x[10] > 3.8992739806364312 AND x[1] > -0.21831032766726416,5,11,exkmc_0.0.3
rich,20260805,4,13,10,10,2,4,1,purchase_occasion_count,1.0,1.0,-0.21831032766726416,log1p_then_standardize,>,x[10] > -1.9021513423199352 AND x[1] <= 2.8848336472518796 AND x[7] > 0.0036833638886256217 AND x[10] > 3.8992739806364312 AND x[1] > -0.21831032766726416,5,11,exkmc_0.0.3
rich,20260805,4,13,11,11,3,0,10,distinct_top_categories,5.3290705182007656e-15,5.3290705182007656e-15,-1.9021513423199352,log1p_then_standardize,>,x[10] > -1.9021513423199352 AND x[1] > 2.8848336472518796 AND x[3] <= 1.4018817915434529,3,4,exkmc_0.0.3
rich,20260805,4,13,11,11,3,1,1,purchase_occasion_count,3.9999999999999996,3.9999999999999996,2.8848336472518796,log1p_then_standardize,>,x[10] > -1.9021513423199352 AND x[1] > 2.8848336472518796 AND x[3] <= 1.4018817915434529,3,4,exkmc_0.0.3
rich,20260805,4,13,11,11,3,2,3,total_events,29.000000000000004,29.000000000000004,1.401881791543453,log1p_then_standardize,<=,x[10] > -1.9021513423199352 AND x[1] > 2.8848336472518796 AND x[3] <= 1.4018817915434529,3,4,exkmc_0.0.3
rich,20260805,4,13,12,12,2,0,10,distinct_top_categories,5.3290705182007656e-15,5.3290705182007656e-15,-1.9021513423199352,log1p_then_standardize,>,x[10] > -1.9021513423199352 AND x[1] > 2.8848336472518796 AND x[3] > 1.4018817915434529,3,104,exkmc_0.0.3
rich,20260805,4,13,12,12,2,1,1,purchase_occasion_count,3.9999999999999996,3.9999999999999996,2.8848336472518796,log1p_then_standardize,>,x[10] > -1.9021513423199352 AND x[1] > 2.8848336472518796 AND x[3] > 1.4018817915434529,3,104,exkmc_0.0.3
rich,20260805,4,13,12,12,2,2,3,total_events,29.000000000000004,29.000000000000004,1.401881791543453,log1p_then_standardize,>,x[10] > -1.9021513423199352 AND x[1] > 2.8848336472518796 AND x[3] > 1.4018817915434529,3,104,exkmc_0.0.3
rich,20260805,4,14,0,0,0,0,10,distinct_top_categories,5.3290705182007656e-15,5.3290705182007656e-15,-1.9021513423199352,log1p_then_standardize,<=,x[10] <= -1.9021513423199352 AND x[4] <= 1.5935236065707352 AND x[1] <= 4.4765652664300886,3,914,exkmc_0.0.3
rich,20260805,4,14,0,0,0,1,4,active_days,5.0,5.0,1.5935236065707352,log1p_then_standardize,<=,x[10] <= -1.9021513423199352 AND x[4] <= 1.5935236065707352 AND x[1] <= 4.4765652664300886,3,914,exkmc_0.0.3
rich,20260805,4,14,0,0,0,2,1,purchase_occasion_count,6.999999999999998,6.999999999999998,4.476565266430089,log1p_then_standardize,<=,x[10] <= -1.9021513423199352 AND x[4] <= 1.5935236065707352 AND x[1] <= 4.4765652664300886,3,914,exkmc_0.0.3
rich,20260805,4,14,1,1,2,0,10,distinct_top_categories,5.3290705182007656e-15,5.3290705182007656e-15,-1.9021513423199352,log1p_then_standardize,<=,x[10] <= -1.9021513423199352 AND x[4] <= 1.5935236065707352 AND x[1] > 4.4765652664300886,3,1,exkmc_0.0.3
rich,20260805,4,14,1,1,2,1,4,active_days,5.0,5.0,1.5935236065707352,log1p_then_standardize,<=,x[10] <= -1.9021513423199352 AND x[4] <= 1.5935236065707352 AND x[1] > 4.4765652664300886,3,1,exkmc_0.0.3
rich,20260805,4,14,1,1,2,2,1,purchase_occasion_count,6.999999999999998,6.999999999999998,4.476565266430089,log1p_then_standardize,>,x[10] <= -1.9021513423199352 AND x[4] <= 1.5935236065707352 AND x[1] > 4.4765652664300886,3,1,exkmc_0.0.3
rich,20260805,4,14,2,2,1,0,10,distinct_top_categories,5.3290705182007656e-15,5.3290705182007656e-15,-1.9021513423199352,log1p_then_standardize,<=,x[10] <= -1.9021513423199352 AND x[4] > 1.5935236065707352,2,4,exkmc_0.0.3
rich,20260805,4,14,2,2,1,1,4,active_days,5.0,5.0,1.5935236065707352,log1p_then_standardize,>,x[10] <= -1.9021513423199352 AND x[4] > 1.5935236065707352,2,4,exkmc_0.0.3
rich,20260805,4,14,3,3,3,0,10,distinct_top_categories,5.3290705182007656e-15,5.3290705182007656e-15,-1.9021513423199352,log1p_then_standardize,>,x[10] > -1.9021513423199352 AND x[1] <= 2.8848336472518796 AND x[7] <= 0.0036833638886256217 AND x[9] <= 0.72108607949579473 AND x[3] <= 2.3497926218931107 AND x[4] <= 0.17875120996342164,6,5341,exkmc_0.0.3
rich,20260805,4,14,3,3,3,1,1,purchase_occasion_count,3.9999999999999996,3.9999999999999996,2.8848336472518796,log1p_then_standardize,<=,x[10] > -1.9021513423199352 AND x[1] <= 2.8848336472518796 AND x[7] <= 0.0036833638886256217 AND x[9] <= 0.72108607949579473 AND x[3] <= 2.3497926218931107 AND x[4] <= 0.17875120996342164,6,5341,exkmc_0.0.3
rich,20260805,4,14,3,3,3,2,7,activity_span_days,1.8233806365740737,1.8233806365740737,0.0036833638886256217,log1p_then_standardize,<=,x[10] > -1.9021513423199352 AND x[1] <= 2.8848336472518796 AND x[7] <= 0.0036833638886256217 AND x[9] <= 0.72108607949579473 AND x[3] <= 2.3497926218931107 AND x[4] <= 0.17875120996342164,6,5341,exkmc_0.0.3
rich,20260805,4,14,3,3,3,3,9,session_count_30m,3.9999999999999996,3.9999999999999996,0.7210860794957947,log1p_then_standardize,<=,x[10] > -1.9021513423199352 AND x[1] <= 2.8848336472518796 AND x[7] <= 0.0036833638886256217 AND x[9] <= 0.72108607949579473 AND x[3] <= 2.3497926218931107 AND x[4] <= 0.17875120996342164,6,5341,exkmc_0.0.3
rich,20260805,4,14,3,3,3,4,3,total_events,68.00000000000001,68.00000000000001,2.3497926218931107,log1p_then_standardize,<=,x[10] > -1.9021513423199352 AND x[1] <= 2.8848336472518796 AND x[7] <= 0.0036833638886256217 AND x[9] <= 0.72108607949579473 AND x[3] <= 2.3497926218931107 AND x[4] <= 0.17875120996342164,6,5341,exkmc_0.0.3
rich,20260805,4,14,3,3,3,5,4,active_days,2.0000000000000004,2.0000000000000004,0.17875120996342164,log1p_then_standardize,<=,x[10] > -1.9021513423199352 AND x[1] <= 2.8848336472518796 AND x[7] <= 0.0036833638886256217 AND x[9] <= 0.72108607949579473 AND x[3] <= 2.3497926218931107 AND x[4] <= 0.17875120996342164,6,5341,exkmc_0.0.3
rich,20260805,4,14,4,4,1,0,10,distinct_top_categories,5.3290705182007656e-15,5.3290705182007656e-15,-1.9021513423199352,log1p_then_standardize,>,x[10] > -1.9021513423199352 AND x[1] <= 2.8848336472518796 AND x[7] <= 0.0036833638886256217 AND x[9] <= 0.72108607949579473 AND x[3] <= 2.3497926218931107 AND x[4] > 0.17875120996342164,6,22,exkmc_0.0.3
rich,20260805,4,14,4,4,1,1,1,purchase_occasion_count,3.9999999999999996,3.9999999999999996,2.8848336472518796,log1p_then_standardize,<=,x[10] > -1.9021513423199352 AND x[1] <= 2.8848336472518796 AND x[7] <= 0.0036833638886256217 AND x[9] <= 0.72108607949579473 AND x[3] <= 2.3497926218931107 AND x[4] > 0.17875120996342164,6,22,exkmc_0.0.3
rich,20260805,4,14,4,4,1,2,7,activity_span_days,1.8233806365740737,1.8233806365740737,0.0036833638886256217,log1p_then_standardize,<=,x[10] > -1.9021513423199352 AND x[1] <= 2.8848336472518796 AND x[7] <= 0.0036833638886256217 AND x[9] <= 0.72108607949579473 AND x[3] <= 2.3497926218931107 AND x[4] > 0.17875120996342164,6,22,exkmc_0.0.3
rich,20260805,4,14,4,4,1,3,9,session_count_30m,3.9999999999999996,3.9999999999999996,0.7210860794957947,log1p_then_standardize,<=,x[10] > -1.9021513423199352 AND x[1] <= 2.8848336472518796 AND x[7] <= 0.0036833638886256217 AND x[9] <= 0.72108607949579473 AND x[3] <= 2.3497926218931107 AND x[4] > 0.17875120996342164,6,22,exkmc_0.0.3
rich,20260805,4,14,4,4,1,4,3,total_events,68.00000000000001,68.00000000000001,2.3497926218931107,log1p_then_standardize,<=,x[10] > -1.9021513423199352 AND x[1] <= 2.8848336472518796 AND x[7] <= 0.0036833638886256217 AND x[9] <= 0.72108607949579473 AND x[3] <= 2.3497926218931107 AND x[4] > 0.17875120996342164,6,22,exkmc_0.0.3
rich,20260805,4,14,4,4,1,5,4,active_days,2.0000000000000004,2.0000000000000004,0.17875120996342164,log1p_then_standardize,>,x[10] > -1.9021513423199352 AND x[1] <= 2.8848336472518796 AND x[7] <= 0.0036833638886256217 AND x[9] <= 0.72108607949579473 AND x[3] <= 2.3497926218931107 AND x[4] > 0.17875120996342164,6,22,exkmc_0.0.3
rich,20260805,4,14,5,5,1,0,10,distinct_top_categories,5.3290705182007656e-15,5.3290705182007656e-15,-1.9021513423199352,log1p_then_standardize,>,x[10] > -1.9021513423199352 AND x[1] <= 2.8848336472518796 AND x[7] <= 0.0036833638886256217 AND x[9] <= 0.72108607949579473 AND x[3] > 2.3497926218931107,5,11,exkmc_0.0.3
rich,20260805,4,14,5,5,1,1,1,purchase_occasion_count,3.9999999999999996,3.9999999999999996,2.8848336472518796,log1p_then_standardize,<=,x[10] > -1.9021513423199352 AND x[1] <= 2.8848336472518796 AND x[7] <= 0.0036833638886256217 AND x[9] <= 0.72108607949579473 AND x[3] > 2.3497926218931107,5,11,exkmc_0.0.3
rich,20260805,4,14,5,5,1,2,7,activity_span_days,1.8233806365740737,1.8233806365740737,0.0036833638886256217,log1p_then_standardize,<=,x[10] > -1.9021513423199352 AND x[1] <= 2.8848336472518796 AND x[7] <= 0.0036833638886256217 AND x[9] <= 0.72108607949579473 AND x[3] > 2.3497926218931107,5,11,exkmc_0.0.3
rich,20260805,4,14,5,5,1,3,9,session_count_30m,3.9999999999999996,3.9999999999999996,0.7210860794957947,log1p_then_standardize,<=,x[10] > -1.9021513423199352 AND x[1] <= 2.8848336472518796 AND x[7] <= 0.0036833638886256217 AND x[9] <= 0.72108607949579473 AND x[3] > 2.3497926218931107,5,11,exkmc_0.0.3
rich,20260805,4,14,5,5,1,4,3,total_events,68.00000000000001,68.00000000000001,2.3497926218931107,log1p_then_standardize,>,x[10] > -1.9021513423199352 AND x[1] <= 2.8848336472518796 AND x[7] <= 0.0036833638886256217 AND x[9] <= 0.72108607949579473 AND x[3] > 2.3497926218931107,5,11,exkmc_0.0.3
rich,20260805,4,14,6,6,1,0,10,distinct_top_categories,5.3290705182007656e-15,5.3290705182007656e-15,-1.9021513423199352,log1p_then_standardize,>,x[10] > -1.9021513423199352 AND x[1] <= 2.8848336472518796 AND x[7] <= 0.0036833638886256217 AND x[9] > 0.72108607949579473,4,68,exkmc_0.0.3
rich,20260805,4,14,6,6,1,1,1,purchase_occasion_count,3.9999999999999996,3.9999999999999996,2.8848336472518796,log1p_then_standardize,<=,x[10] > -1.9021513423199352 AND x[1] <= 2.8848336472518796 AND x[7] <= 0.0036833638886256217 AND x[9] > 0.72108607949579473,4,68,exkmc_0.0.3
rich,20260805,4,14,6,6,1,2,7,activity_span_days,1.8233806365740737,1.8233806365740737,0.0036833638886256217,log1p_then_standardize,<=,x[10] > -1.9021513423199352 AND x[1] <= 2.8848336472518796 AND x[7] <= 0.0036833638886256217 AND x[9] > 0.72108607949579473,4,68,exkmc_0.0.3
rich,20260805,4,14,6,6,1,3,9,session_count_30m,3.9999999999999996,3.9999999999999996,0.7210860794957947,log1p_then_standardize,>,x[10] > -1.9021513423199352 AND x[1] <= 2.8848336472518796 AND x[7] <= 0.0036833638886256217 AND x[9] > 0.72108607949579473,4,68,exkmc_0.0.3
rich,20260805,4,14,7,7,1,0,10,distinct_top_categories,5.3290705182007656e-15,5.3290705182007656e-15,-1.9021513423199352,log1p_then_standardize,>,x[10] > -1.9021513423199352 AND x[1] <= 2.8848336472518796 AND x[7] > 0.0036833638886256217 AND x[10] <= 3.8992739806364312 AND x[2] <= 5.01327138250441 AND x[6] <= 2.2806698692150329,6,2877,exkmc_0.0.3
rich,20260805,4,14,7,7,1,1,1,purchase_occasion_count,3.9999999999999996,3.9999999999999996,2.8848336472518796,log1p_then_standardize,<=,x[10] > -1.9021513423199352 AND x[1] <= 2.8848336472518796 AND x[7] > 0.0036833638886256217 AND x[10] <= 3.8992739806364312 AND x[2] <= 5.01327138250441 AND x[6] <= 2.2806698692150329,6,2877,exkmc_0.0.3
rich,20260805,4,14,7,7,1,2,7,activity_span_days,1.8233806365740737,1.8233806365740737,0.0036833638886256217,log1p_then_standardize,>,x[10] > -1.9021513423199352 AND x[1] <= 2.8848336472518796 AND x[7] > 0.0036833638886256217 AND x[10] <= 3.8992739806364312 AND x[2] <= 5.01327138250441 AND x[6] <= 2.2806698692150329,6,2877,exkmc_0.0.3
rich,20260805,4,14,7,7,1,3,10,distinct_top_categories,9.000000000000002,9.000000000000002,3.899273980636431,log1p_then_standardize,<=,x[10] > -1.9021513423199352 AND x[1] <= 2.8848336472518796 AND x[7] > 0.0036833638886256217 AND x[10] <= 3.8992739806364312 AND x[2] <= 5.01327138250441 AND x[6] <= 2.2806698692150329,6,2877,exkmc_0.0.3
rich,20260805,4,14,7,7,1,4,2,purchase_event_count,16.0,16.0,5.01327138250441,log1p_then_standardize,<=,x[10] > -1.9021513423199352 AND x[1] <= 2.8848336472518796 AND x[7] > 0.0036833638886256217 AND x[10] <= 3.8992739806364312 AND x[2] <= 5.01327138250441 AND x[6] <= 2.2806698692150329,6,2877,exkmc_0.0.3
rich,20260805,4,14,7,7,1,5,6,transaction_per_view,1.3333333333333333,1.3333333333333333,2.280669869215033,standardize,<=,x[10] > -1.9021513423199352 AND x[1] <= 2.8848336472518796 AND x[7] > 0.0036833638886256217 AND x[10] <= 3.8992739806364312 AND x[2] <= 5.01327138250441 AND x[6] <= 2.2806698692150329,6,2877,exkmc_0.0.3
rich,20260805,4,14,8,8,3,0,10,distinct_top_categories,5.3290705182007656e-15,5.3290705182007656e-15,-1.9021513423199352,log1p_then_standardize,>,x[10] > -1.9021513423199352 AND x[1] <= 2.8848336472518796 AND x[7] > 0.0036833638886256217 AND x[10] <= 3.8992739806364312 AND x[2] <= 5.01327138250441 AND x[6] > 2.2806698692150329,6,12,exkmc_0.0.3
rich,20260805,4,14,8,8,3,1,1,purchase_occasion_count,3.9999999999999996,3.9999999999999996,2.8848336472518796,log1p_then_standardize,<=,x[10] > -1.9021513423199352 AND x[1] <= 2.8848336472518796 AND x[7] > 0.0036833638886256217 AND x[10] <= 3.8992739806364312 AND x[2] <= 5.01327138250441 AND x[6] > 2.2806698692150329,6,12,exkmc_0.0.3
rich,20260805,4,14,8,8,3,2,7,activity_span_days,1.8233806365740737,1.8233806365740737,0.0036833638886256217,log1p_then_standardize,>,x[10] > -1.9021513423199352 AND x[1] <= 2.8848336472518796 AND x[7] > 0.0036833638886256217 AND x[10] <= 3.8992739806364312 AND x[2] <= 5.01327138250441 AND x[6] > 2.2806698692150329,6,12,exkmc_0.0.3
rich,20260805,4,14,8,8,3,3,10,distinct_top_categories,9.000000000000002,9.000000000000002,3.899273980636431,log1p_then_standardize,<=,x[10] > -1.9021513423199352 AND x[1] <= 2.8848336472518796 AND x[7] > 0.0036833638886256217 AND x[10] <= 3.8992739806364312 AND x[2] <= 5.01327138250441 AND x[6] > 2.2806698692150329,6,12,exkmc_0.0.3
rich,20260805,4,14,8,8,3,4,2,purchase_event_count,16.0,16.0,5.01327138250441,log1p_then_standardize,<=,x[10] > -1.9021513423199352 AND x[1] <= 2.8848336472518796 AND x[7] > 0.0036833638886256217 AND x[10] <= 3.8992739806364312 AND x[2] <= 5.01327138250441 AND x[6] > 2.2806698692150329,6,12,exkmc_0.0.3
rich,20260805,4,14,8,8,3,5,6,transaction_per_view,1.3333333333333333,1.3333333333333333,2.280669869215033,standardize,>,x[10] > -1.9021513423199352 AND x[1] <= 2.8848336472518796 AND x[7] > 0.0036833638886256217 AND x[10] <= 3.8992739806364312 AND x[2] <= 5.01327138250441 AND x[6] > 2.2806698692150329,6,12,exkmc_0.0.3
rich,20260805,4,14,9,9,2,0,10,distinct_top_categories,5.3290705182007656e-15,5.3290705182007656e-15,-1.9021513423199352,log1p_then_standardize,>,x[10] > -1.9021513423199352 AND x[1] <= 2.8848336472518796 AND x[7] > 0.0036833638886256217 AND x[10] <= 3.8992739806364312 AND x[2] > 5.01327138250441,5,3,exkmc_0.0.3
rich,20260805,4,14,9,9,2,1,1,purchase_occasion_count,3.9999999999999996,3.9999999999999996,2.8848336472518796,log1p_then_standardize,<=,x[10] > -1.9021513423199352 AND x[1] <= 2.8848336472518796 AND x[7] > 0.0036833638886256217 AND x[10] <= 3.8992739806364312 AND x[2] > 5.01327138250441,5,3,exkmc_0.0.3
rich,20260805,4,14,9,9,2,2,7,activity_span_days,1.8233806365740737,1.8233806365740737,0.0036833638886256217,log1p_then_standardize,>,x[10] > -1.9021513423199352 AND x[1] <= 2.8848336472518796 AND x[7] > 0.0036833638886256217 AND x[10] <= 3.8992739806364312 AND x[2] > 5.01327138250441,5,3,exkmc_0.0.3
rich,20260805,4,14,9,9,2,3,10,distinct_top_categories,9.000000000000002,9.000000000000002,3.899273980636431,log1p_then_standardize,<=,x[10] > -1.9021513423199352 AND x[1] <= 2.8848336472518796 AND x[7] > 0.0036833638886256217 AND x[10] <= 3.8992739806364312 AND x[2] > 5.01327138250441,5,3,exkmc_0.0.3
rich,20260805,4,14,9,9,2,4,2,purchase_event_count,16.0,16.0,5.01327138250441,log1p_then_standardize,>,x[10] > -1.9021513423199352 AND x[1] <= 2.8848336472518796 AND x[7] > 0.0036833638886256217 AND x[10] <= 3.8992739806364312 AND x[2] > 5.01327138250441,5,3,exkmc_0.0.3
rich,20260805,4,14,10,10,1,0,10,distinct_top_categories,5.3290705182007656e-15,5.3290705182007656e-15,-1.9021513423199352,log1p_then_standardize,>,x[10] > -1.9021513423199352 AND x[1] <= 2.8848336472518796 AND x[7] > 0.0036833638886256217 AND x[10] > 3.8992739806364312 AND x[1] <= -0.21831032766726416,5,3,exkmc_0.0.3
rich,20260805,4,14,10,10,1,1,1,purchase_occasion_count,3.9999999999999996,3.9999999999999996,2.8848336472518796,log1p_then_standardize,<=,x[10] > -1.9021513423199352 AND x[1] <= 2.8848336472518796 AND x[7] > 0.0036833638886256217 AND x[10] > 3.8992739806364312 AND x[1] <= -0.21831032766726416,5,3,exkmc_0.0.3
rich,20260805,4,14,10,10,1,2,7,activity_span_days,1.8233806365740737,1.8233806365740737,0.0036833638886256217,log1p_then_standardize,>,x[10] > -1.9021513423199352 AND x[1] <= 2.8848336472518796 AND x[7] > 0.0036833638886256217 AND x[10] > 3.8992739806364312 AND x[1] <= -0.21831032766726416,5,3,exkmc_0.0.3
rich,20260805,4,14,10,10,1,3,10,distinct_top_categories,9.000000000000002,9.000000000000002,3.899273980636431,log1p_then_standardize,>,x[10] > -1.9021513423199352 AND x[1] <= 2.8848336472518796 AND x[7] > 0.0036833638886256217 AND x[10] > 3.8992739806364312 AND x[1] <= -0.21831032766726416,5,3,exkmc_0.0.3
rich,20260805,4,14,10,10,1,4,1,purchase_occasion_count,1.0,1.0,-0.21831032766726416,log1p_then_standardize,<=,x[10] > -1.9021513423199352 AND x[1] <= 2.8848336472518796 AND x[7] > 0.0036833638886256217 AND x[10] > 3.8992739806364312 AND x[1] <= -0.21831032766726416,5,3,exkmc_0.0.3
rich,20260805,4,14,11,11,2,0,10,distinct_top_categories,5.3290705182007656e-15,5.3290705182007656e-15,-1.9021513423199352,log1p_then_standardize,>,x[10] > -1.9021513423199352 AND x[1] <= 2.8848336472518796 AND x[7] > 0.0036833638886256217 AND x[10] > 3.8992739806364312 AND x[1] > -0.21831032766726416,5,11,exkmc_0.0.3
rich,20260805,4,14,11,11,2,1,1,purchase_occasion_count,3.9999999999999996,3.9999999999999996,2.8848336472518796,log1p_then_standardize,<=,x[10] > -1.9021513423199352 AND x[1] <= 2.8848336472518796 AND x[7] > 0.0036833638886256217 AND x[10] > 3.8992739806364312 AND x[1] > -0.21831032766726416,5,11,exkmc_0.0.3
rich,20260805,4,14,11,11,2,2,7,activity_span_days,1.8233806365740737,1.8233806365740737,0.0036833638886256217,log1p_then_standardize,>,x[10] > -1.9021513423199352 AND x[1] <= 2.8848336472518796 AND x[7] > 0.0036833638886256217 AND x[10] > 3.8992739806364312 AND x[1] > -0.21831032766726416,5,11,exkmc_0.0.3
rich,20260805,4,14,11,11,2,3,10,distinct_top_categories,9.000000000000002,9.000000000000002,3.899273980636431,log1p_then_standardize,>,x[10] > -1.9021513423199352 AND x[1] <= 2.8848336472518796 AND x[7] > 0.0036833638886256217 AND x[10] > 3.8992739806364312 AND x[1] > -0.21831032766726416,5,11,exkmc_0.0.3
rich,20260805,4,14,11,11,2,4,1,purchase_occasion_count,1.0,1.0,-0.21831032766726416,log1p_then_standardize,>,x[10] > -1.9021513423199352 AND x[1] <= 2.8848336472518796 AND x[7] > 0.0036833638886256217 AND x[10] > 3.8992739806364312 AND x[1] > -0.21831032766726416,5,11,exkmc_0.0.3
rich,20260805,4,14,12,12,3,0,10,distinct_top_categories,5.3290705182007656e-15,5.3290705182007656e-15,-1.9021513423199352,log1p_then_standardize,>,x[10] > -1.9021513423199352 AND x[1] > 2.8848336472518796 AND x[3] <= 1.4018817915434529,3,4,exkmc_0.0.3
rich,20260805,4,14,12,12,3,1,1,purchase_occasion_count,3.9999999999999996,3.9999999999999996,2.8848336472518796,log1p_then_standardize,>,x[10] > -1.9021513423199352 AND x[1] > 2.8848336472518796 AND x[3] <= 1.4018817915434529,3,4,exkmc_0.0.3
rich,20260805,4,14,12,12,3,2,3,total_events,29.000000000000004,29.000000000000004,1.401881791543453,log1p_then_standardize,<=,x[10] > -1.9021513423199352 AND x[1] > 2.8848336472518796 AND x[3] <= 1.4018817915434529,3,4,exkmc_0.0.3
rich,20260805,4,14,13,13,2,0,10,distinct_top_categories,5.3290705182007656e-15,5.3290705182007656e-15,-1.9021513423199352,log1p_then_standardize,>,x[10] > -1.9021513423199352 AND x[1] > 2.8848336472518796 AND x[3] > 1.4018817915434529,3,104,exkmc_0.0.3
rich,20260805,4,14,13,13,2,1,1,purchase_occasion_count,3.9999999999999996,3.9999999999999996,2.8848336472518796,log1p_then_standardize,>,x[10] > -1.9021513423199352 AND x[1] > 2.8848336472518796 AND x[3] > 1.4018817915434529,3,104,exkmc_0.0.3
rich,20260805,4,14,13,13,2,2,3,total_events,29.000000000000004,29.000000000000004,1.401881791543453,log1p_then_standardize,>,x[10] > -1.9021513423199352 AND x[1] > 2.8848336472518796 AND x[3] > 1.4018817915434529,3,104,exkmc_0.0.3
rich,20260805,4,15,0,0,0,0,10,distinct_top_categories,5.3290705182007656e-15,5.3290705182007656e-15,-1.9021513423199352,log1p_then_standardize,<=,x[10] <= -1.9021513423199352 AND x[4] <= 1.5935236065707352 AND x[1] <= 4.4765652664300886,3,914,exkmc_0.0.3
rich,20260805,4,15,0,0,0,1,4,active_days,5.0,5.0,1.5935236065707352,log1p_then_standardize,<=,x[10] <= -1.9021513423199352 AND x[4] <= 1.5935236065707352 AND x[1] <= 4.4765652664300886,3,914,exkmc_0.0.3
rich,20260805,4,15,0,0,0,2,1,purchase_occasion_count,6.999999999999998,6.999999999999998,4.476565266430089,log1p_then_standardize,<=,x[10] <= -1.9021513423199352 AND x[4] <= 1.5935236065707352 AND x[1] <= 4.4765652664300886,3,914,exkmc_0.0.3
rich,20260805,4,15,1,1,2,0,10,distinct_top_categories,5.3290705182007656e-15,5.3290705182007656e-15,-1.9021513423199352,log1p_then_standardize,<=,x[10] <= -1.9021513423199352 AND x[4] <= 1.5935236065707352 AND x[1] > 4.4765652664300886,3,1,exkmc_0.0.3
rich,20260805,4,15,1,1,2,1,4,active_days,5.0,5.0,1.5935236065707352,log1p_then_standardize,<=,x[10] <= -1.9021513423199352 AND x[4] <= 1.5935236065707352 AND x[1] > 4.4765652664300886,3,1,exkmc_0.0.3
rich,20260805,4,15,1,1,2,2,1,purchase_occasion_count,6.999999999999998,6.999999999999998,4.476565266430089,log1p_then_standardize,>,x[10] <= -1.9021513423199352 AND x[4] <= 1.5935236065707352 AND x[1] > 4.4765652664300886,3,1,exkmc_0.0.3
rich,20260805,4,15,2,2,1,0,10,distinct_top_categories,5.3290705182007656e-15,5.3290705182007656e-15,-1.9021513423199352,log1p_then_standardize,<=,x[10] <= -1.9021513423199352 AND x[4] > 1.5935236065707352,2,4,exkmc_0.0.3
rich,20260805,4,15,2,2,1,1,4,active_days,5.0,5.0,1.5935236065707352,log1p_then_standardize,>,x[10] <= -1.9021513423199352 AND x[4] > 1.5935236065707352,2,4,exkmc_0.0.3
rich,20260805,4,15,3,3,3,0,10,distinct_top_categories,5.3290705182007656e-15,5.3290705182007656e-15,-1.9021513423199352,log1p_then_standardize,>,x[10] > -1.9021513423199352 AND x[1] <= 2.8848336472518796 AND x[7] <= 0.0036833638886256217 AND x[9] <= 0.72108607949579473 AND x[3] <= 2.3497926218931107 AND x[4] <= 0.17875120996342164,6,5341,exkmc_0.0.3
rich,20260805,4,15,3,3,3,1,1,purchase_occasion_count,3.9999999999999996,3.9999999999999996,2.8848336472518796,log1p_then_standardize,<=,x[10] > -1.9021513423199352 AND x[1] <= 2.8848336472518796 AND x[7] <= 0.0036833638886256217 AND x[9] <= 0.72108607949579473 AND x[3] <= 2.3497926218931107 AND x[4] <= 0.17875120996342164,6,5341,exkmc_0.0.3
rich,20260805,4,15,3,3,3,2,7,activity_span_days,1.8233806365740737,1.8233806365740737,0.0036833638886256217,log1p_then_standardize,<=,x[10] > -1.9021513423199352 AND x[1] <= 2.8848336472518796 AND x[7] <= 0.0036833638886256217 AND x[9] <= 0.72108607949579473 AND x[3] <= 2.3497926218931107 AND x[4] <= 0.17875120996342164,6,5341,exkmc_0.0.3
rich,20260805,4,15,3,3,3,3,9,session_count_30m,3.9999999999999996,3.9999999999999996,0.7210860794957947,log1p_then_standardize,<=,x[10] > -1.9021513423199352 AND x[1] <= 2.8848336472518796 AND x[7] <= 0.0036833638886256217 AND x[9] <= 0.72108607949579473 AND x[3] <= 2.3497926218931107 AND x[4] <= 0.17875120996342164,6,5341,exkmc_0.0.3
rich,20260805,4,15,3,3,3,4,3,total_events,68.00000000000001,68.00000000000001,2.3497926218931107,log1p_then_standardize,<=,x[10] > -1.9021513423199352 AND x[1] <= 2.8848336472518796 AND x[7] <= 0.0036833638886256217 AND x[9] <= 0.72108607949579473 AND x[3] <= 2.3497926218931107 AND x[4] <= 0.17875120996342164,6,5341,exkmc_0.0.3
rich,20260805,4,15,3,3,3,5,4,active_days,2.0000000000000004,2.0000000000000004,0.17875120996342164,log1p_then_standardize,<=,x[10] > -1.9021513423199352 AND x[1] <= 2.8848336472518796 AND x[7] <= 0.0036833638886256217 AND x[9] <= 0.72108607949579473 AND x[3] <= 2.3497926218931107 AND x[4] <= 0.17875120996342164,6,5341,exkmc_0.0.3
rich,20260805,4,15,4,4,1,0,10,distinct_top_categories,5.3290705182007656e-15,5.3290705182007656e-15,-1.9021513423199352,log1p_then_standardize,>,x[10] > -1.9021513423199352 AND x[1] <= 2.8848336472518796 AND x[7] <= 0.0036833638886256217 AND x[9] <= 0.72108607949579473 AND x[3] <= 2.3497926218931107 AND x[4] > 0.17875120996342164,6,22,exkmc_0.0.3
rich,20260805,4,15,4,4,1,1,1,purchase_occasion_count,3.9999999999999996,3.9999999999999996,2.8848336472518796,log1p_then_standardize,<=,x[10] > -1.9021513423199352 AND x[1] <= 2.8848336472518796 AND x[7] <= 0.0036833638886256217 AND x[9] <= 0.72108607949579473 AND x[3] <= 2.3497926218931107 AND x[4] > 0.17875120996342164,6,22,exkmc_0.0.3
rich,20260805,4,15,4,4,1,2,7,activity_span_days,1.8233806365740737,1.8233806365740737,0.0036833638886256217,log1p_then_standardize,<=,x[10] > -1.9021513423199352 AND x[1] <= 2.8848336472518796 AND x[7] <= 0.0036833638886256217 AND x[9] <= 0.72108607949579473 AND x[3] <= 2.3497926218931107 AND x[4] > 0.17875120996342164,6,22,exkmc_0.0.3
rich,20260805,4,15,4,4,1,3,9,session_count_30m,3.9999999999999996,3.9999999999999996,0.7210860794957947,log1p_then_standardize,<=,x[10] > -1.9021513423199352 AND x[1] <= 2.8848336472518796 AND x[7] <= 0.0036833638886256217 AND x[9] <= 0.72108607949579473 AND x[3] <= 2.3497926218931107 AND x[4] > 0.17875120996342164,6,22,exkmc_0.0.3
rich,20260805,4,15,4,4,1,4,3,total_events,68.00000000000001,68.00000000000001,2.3497926218931107,log1p_then_standardize,<=,x[10] > -1.9021513423199352 AND x[1] <= 2.8848336472518796 AND x[7] <= 0.0036833638886256217 AND x[9] <= 0.72108607949579473 AND x[3] <= 2.3497926218931107 AND x[4] > 0.17875120996342164,6,22,exkmc_0.0.3
rich,20260805,4,15,4,4,1,5,4,active_days,2.0000000000000004,2.0000000000000004,0.17875120996342164,log1p_then_standardize,>,x[10] > -1.9021513423199352 AND x[1] <= 2.8848336472518796 AND x[7] <= 0.0036833638886256217 AND x[9] <= 0.72108607949579473 AND x[3] <= 2.3497926218931107 AND x[4] > 0.17875120996342164,6,22,exkmc_0.0.3
rich,20260805,4,15,5,5,1,0,10,distinct_top_categories,5.3290705182007656e-15,5.3290705182007656e-15,-1.9021513423199352,log1p_then_standardize,>,x[10] > -1.9021513423199352 AND x[1] <= 2.8848336472518796 AND x[7] <= 0.0036833638886256217 AND x[9] <= 0.72108607949579473 AND x[3] > 2.3497926218931107,5,11,exkmc_0.0.3
rich,20260805,4,15,5,5,1,1,1,purchase_occasion_count,3.9999999999999996,3.9999999999999996,2.8848336472518796,log1p_then_standardize,<=,x[10] > -1.9021513423199352 AND x[1] <= 2.8848336472518796 AND x[7] <= 0.0036833638886256217 AND x[9] <= 0.72108607949579473 AND x[3] > 2.3497926218931107,5,11,exkmc_0.0.3
rich,20260805,4,15,5,5,1,2,7,activity_span_days,1.8233806365740737,1.8233806365740737,0.0036833638886256217,log1p_then_standardize,<=,x[10] > -1.9021513423199352 AND x[1] <= 2.8848336472518796 AND x[7] <= 0.0036833638886256217 AND x[9] <= 0.72108607949579473 AND x[3] > 2.3497926218931107,5,11,exkmc_0.0.3
rich,20260805,4,15,5,5,1,3,9,session_count_30m,3.9999999999999996,3.9999999999999996,0.7210860794957947,log1p_then_standardize,<=,x[10] > -1.9021513423199352 AND x[1] <= 2.8848336472518796 AND x[7] <= 0.0036833638886256217 AND x[9] <= 0.72108607949579473 AND x[3] > 2.3497926218931107,5,11,exkmc_0.0.3
rich,20260805,4,15,5,5,1,4,3,total_events,68.00000000000001,68.00000000000001,2.3497926218931107,log1p_then_standardize,>,x[10] > -1.9021513423199352 AND x[1] <= 2.8848336472518796 AND x[7] <= 0.0036833638886256217 AND x[9] <= 0.72108607949579473 AND x[3] > 2.3497926218931107,5,11,exkmc_0.0.3
rich,20260805,4,15,6,6,3,0,10,distinct_top_categories,5.3290705182007656e-15,5.3290705182007656e-15,-1.9021513423199352,log1p_then_standardize,>,x[10] > -1.9021513423199352 AND x[1] <= 2.8848336472518796 AND x[7] <= 0.0036833638886256217 AND x[9] > 0.72108607949579473 AND x[4] <= -0.64883758910725631,5,10,exkmc_0.0.3
rich,20260805,4,15,6,6,3,1,1,purchase_occasion_count,3.9999999999999996,3.9999999999999996,2.8848336472518796,log1p_then_standardize,<=,x[10] > -1.9021513423199352 AND x[1] <= 2.8848336472518796 AND x[7] <= 0.0036833638886256217 AND x[9] > 0.72108607949579473 AND x[4] <= -0.64883758910725631,5,10,exkmc_0.0.3
rich,20260805,4,15,6,6,3,2,7,activity_span_days,1.8233806365740737,1.8233806365740737,0.0036833638886256217,log1p_then_standardize,<=,x[10] > -1.9021513423199352 AND x[1] <= 2.8848336472518796 AND x[7] <= 0.0036833638886256217 AND x[9] > 0.72108607949579473 AND x[4] <= -0.64883758910725631,5,10,exkmc_0.0.3
rich,20260805,4,15,6,6,3,3,9,session_count_30m,3.9999999999999996,3.9999999999999996,0.7210860794957947,log1p_then_standardize,>,x[10] > -1.9021513423199352 AND x[1] <= 2.8848336472518796 AND x[7] <= 0.0036833638886256217 AND x[9] > 0.72108607949579473 AND x[4] <= -0.64883758910725631,5,10,exkmc_0.0.3
rich,20260805,4,15,6,6,3,4,4,active_days,1.0,1.0,-0.6488375891072563,log1p_then_standardize,<=,x[10] > -1.9021513423199352 AND x[1] <= 2.8848336472518796 AND x[7] <= 0.0036833638886256217 AND x[9] > 0.72108607949579473 AND x[4] <= -0.64883758910725631,5,10,exkmc_0.0.3
rich,20260805,4,15,7,7,1,0,10,distinct_top_categories,5.3290705182007656e-15,5.3290705182007656e-15,-1.9021513423199352,log1p_then_standardize,>,x[10] > -1.9021513423199352 AND x[1] <= 2.8848336472518796 AND x[7] <= 0.0036833638886256217 AND x[9] > 0.72108607949579473 AND x[4] > -0.64883758910725631,5,58,exkmc_0.0.3
rich,20260805,4,15,7,7,1,1,1,purchase_occasion_count,3.9999999999999996,3.9999999999999996,2.8848336472518796,log1p_then_standardize,<=,x[10] > -1.9021513423199352 AND x[1] <= 2.8848336472518796 AND x[7] <= 0.0036833638886256217 AND x[9] > 0.72108607949579473 AND x[4] > -0.64883758910725631,5,58,exkmc_0.0.3
rich,20260805,4,15,7,7,1,2,7,activity_span_days,1.8233806365740737,1.8233806365740737,0.0036833638886256217,log1p_then_standardize,<=,x[10] > -1.9021513423199352 AND x[1] <= 2.8848336472518796 AND x[7] <= 0.0036833638886256217 AND x[9] > 0.72108607949579473 AND x[4] > -0.64883758910725631,5,58,exkmc_0.0.3
rich,20260805,4,15,7,7,1,3,9,session_count_30m,3.9999999999999996,3.9999999999999996,0.7210860794957947,log1p_then_standardize,>,x[10] > -1.9021513423199352 AND x[1] <= 2.8848336472518796 AND x[7] <= 0.0036833638886256217 AND x[9] > 0.72108607949579473 AND x[4] > -0.64883758910725631,5,58,exkmc_0.0.3
rich,20260805,4,15,7,7,1,4,4,active_days,1.0,1.0,-0.6488375891072563,log1p_then_standardize,>,x[10] > -1.9021513423199352 AND x[1] <= 2.8848336472518796 AND x[7] <= 0.0036833638886256217 AND x[9] > 0.72108607949579473 AND x[4] > -0.64883758910725631,5,58,exkmc_0.0.3
rich,20260805,4,15,8,8,1,0,10,distinct_top_categories,5.3290705182007656e-15,5.3290705182007656e-15,-1.9021513423199352,log1p_then_standardize,>,x[10] > -1.9021513423199352 AND x[1] <= 2.8848336472518796 AND x[7] > 0.0036833638886256217 AND x[10] <= 3.8992739806364312 AND x[2] <= 5.01327138250441 AND x[6] <= 2.2806698692150329,6,2877,exkmc_0.0.3
rich,20260805,4,15,8,8,1,1,1,purchase_occasion_count,3.9999999999999996,3.9999999999999996,2.8848336472518796,log1p_then_standardize,<=,x[10] > -1.9021513423199352 AND x[1] <= 2.8848336472518796 AND x[7] > 0.0036833638886256217 AND x[10] <= 3.8992739806364312 AND x[2] <= 5.01327138250441 AND x[6] <= 2.2806698692150329,6,2877,exkmc_0.0.3
rich,20260805,4,15,8,8,1,2,7,activity_span_days,1.8233806365740737,1.8233806365740737,0.0036833638886256217,log1p_then_standardize,>,x[10] > -1.9021513423199352 AND x[1] <= 2.8848336472518796 AND x[7] > 0.0036833638886256217 AND x[10] <= 3.8992739806364312 AND x[2] <= 5.01327138250441 AND x[6] <= 2.2806698692150329,6,2877,exkmc_0.0.3
rich,20260805,4,15,8,8,1,3,10,distinct_top_categories,9.000000000000002,9.000000000000002,3.899273980636431,log1p_then_standardize,<=,x[10] > -1.9021513423199352 AND x[1] <= 2.8848336472518796 AND x[7] > 0.0036833638886256217 AND x[10] <= 3.8992739806364312 AND x[2] <= 5.01327138250441 AND x[6] <= 2.2806698692150329,6,2877,exkmc_0.0.3
rich,20260805,4,15,8,8,1,4,2,purchase_event_count,16.0,16.0,5.01327138250441,log1p_then_standardize,<=,x[10] > -1.9021513423199352 AND x[1] <= 2.8848336472518796 AND x[7] > 0.0036833638886256217 AND x[10] <= 3.8992739806364312 AND x[2] <= 5.01327138250441 AND x[6] <= 2.2806698692150329,6,2877,exkmc_0.0.3
rich,20260805,4,15,8,8,1,5,6,transaction_per_view,1.3333333333333333,1.3333333333333333,2.280669869215033,standardize,<=,x[10] > -1.9021513423199352 AND x[1] <= 2.8848336472518796 AND x[7] > 0.0036833638886256217 AND x[10] <= 3.8992739806364312 AND x[2] <= 5.01327138250441 AND x[6] <= 2.2806698692150329,6,2877,exkmc_0.0.3
rich,20260805,4,15,9,9,3,0,10,distinct_top_categories,5.3290705182007656e-15,5.3290705182007656e-15,-1.9021513423199352,log1p_then_standardize,>,x[10] > -1.9021513423199352 AND x[1] <= 2.8848336472518796 AND x[7] > 0.0036833638886256217 AND x[10] <= 3.8992739806364312 AND x[2] <= 5.01327138250441 AND x[6] > 2.2806698692150329,6,12,exkmc_0.0.3
rich,20260805,4,15,9,9,3,1,1,purchase_occasion_count,3.9999999999999996,3.9999999999999996,2.8848336472518796,log1p_then_standardize,<=,x[10] > -1.9021513423199352 AND x[1] <= 2.8848336472518796 AND x[7] > 0.0036833638886256217 AND x[10] <= 3.8992739806364312 AND x[2] <= 5.01327138250441 AND x[6] > 2.2806698692150329,6,12,exkmc_0.0.3
rich,20260805,4,15,9,9,3,2,7,activity_span_days,1.8233806365740737,1.8233806365740737,0.0036833638886256217,log1p_then_standardize,>,x[10] > -1.9021513423199352 AND x[1] <= 2.8848336472518796 AND x[7] > 0.0036833638886256217 AND x[10] <= 3.8992739806364312 AND x[2] <= 5.01327138250441 AND x[6] > 2.2806698692150329,6,12,exkmc_0.0.3
rich,20260805,4,15,9,9,3,3,10,distinct_top_categories,9.000000000000002,9.000000000000002,3.899273980636431,log1p_then_standardize,<=,x[10] > -1.9021513423199352 AND x[1] <= 2.8848336472518796 AND x[7] > 0.0036833638886256217 AND x[10] <= 3.8992739806364312 AND x[2] <= 5.01327138250441 AND x[6] > 2.2806698692150329,6,12,exkmc_0.0.3
rich,20260805,4,15,9,9,3,4,2,purchase_event_count,16.0,16.0,5.01327138250441,log1p_then_standardize,<=,x[10] > -1.9021513423199352 AND x[1] <= 2.8848336472518796 AND x[7] > 0.0036833638886256217 AND x[10] <= 3.8992739806364312 AND x[2] <= 5.01327138250441 AND x[6] > 2.2806698692150329,6,12,exkmc_0.0.3
rich,20260805,4,15,9,9,3,5,6,transaction_per_view,1.3333333333333333,1.3333333333333333,2.280669869215033,standardize,>,x[10] > -1.9021513423199352 AND x[1] <= 2.8848336472518796 AND x[7] > 0.0036833638886256217 AND x[10] <= 3.8992739806364312 AND x[2] <= 5.01327138250441 AND x[6] > 2.2806698692150329,6,12,exkmc_0.0.3
rich,20260805,4,15,10,10,2,0,10,distinct_top_categories,5.3290705182007656e-15,5.3290705182007656e-15,-1.9021513423199352,log1p_then_standardize,>,x[10] > -1.9021513423199352 AND x[1] <= 2.8848336472518796 AND x[7] > 0.0036833638886256217 AND x[10] <= 3.8992739806364312 AND x[2] > 5.01327138250441,5,3,exkmc_0.0.3
rich,20260805,4,15,10,10,2,1,1,purchase_occasion_count,3.9999999999999996,3.9999999999999996,2.8848336472518796,log1p_then_standardize,<=,x[10] > -1.9021513423199352 AND x[1] <= 2.8848336472518796 AND x[7] > 0.0036833638886256217 AND x[10] <= 3.8992739806364312 AND x[2] > 5.01327138250441,5,3,exkmc_0.0.3
rich,20260805,4,15,10,10,2,2,7,activity_span_days,1.8233806365740737,1.8233806365740737,0.0036833638886256217,log1p_then_standardize,>,x[10] > -1.9021513423199352 AND x[1] <= 2.8848336472518796 AND x[7] > 0.0036833638886256217 AND x[10] <= 3.8992739806364312 AND x[2] > 5.01327138250441,5,3,exkmc_0.0.3
rich,20260805,4,15,10,10,2,3,10,distinct_top_categories,9.000000000000002,9.000000000000002,3.899273980636431,log1p_then_standardize,<=,x[10] > -1.9021513423199352 AND x[1] <= 2.8848336472518796 AND x[7] > 0.0036833638886256217 AND x[10] <= 3.8992739806364312 AND x[2] > 5.01327138250441,5,3,exkmc_0.0.3
rich,20260805,4,15,10,10,2,4,2,purchase_event_count,16.0,16.0,5.01327138250441,log1p_then_standardize,>,x[10] > -1.9021513423199352 AND x[1] <= 2.8848336472518796 AND x[7] > 0.0036833638886256217 AND x[10] <= 3.8992739806364312 AND x[2] > 5.01327138250441,5,3,exkmc_0.0.3
rich,20260805,4,15,11,11,1,0,10,distinct_top_categories,5.3290705182007656e-15,5.3290705182007656e-15,-1.9021513423199352,log1p_then_standardize,>,x[10] > -1.9021513423199352 AND x[1] <= 2.8848336472518796 AND x[7] > 0.0036833638886256217 AND x[10] > 3.8992739806364312 AND x[1] <= -0.21831032766726416,5,3,exkmc_0.0.3
rich,20260805,4,15,11,11,1,1,1,purchase_occasion_count,3.9999999999999996,3.9999999999999996,2.8848336472518796,log1p_then_standardize,<=,x[10] > -1.9021513423199352 AND x[1] <= 2.8848336472518796 AND x[7] > 0.0036833638886256217 AND x[10] > 3.8992739806364312 AND x[1] <= -0.21831032766726416,5,3,exkmc_0.0.3
rich,20260805,4,15,11,11,1,2,7,activity_span_days,1.8233806365740737,1.8233806365740737,0.0036833638886256217,log1p_then_standardize,>,x[10] > -1.9021513423199352 AND x[1] <= 2.8848336472518796 AND x[7] > 0.0036833638886256217 AND x[10] > 3.8992739806364312 AND x[1] <= -0.21831032766726416,5,3,exkmc_0.0.3
rich,20260805,4,15,11,11,1,3,10,distinct_top_categories,9.000000000000002,9.000000000000002,3.899273980636431,log1p_then_standardize,>,x[10] > -1.9021513423199352 AND x[1] <= 2.8848336472518796 AND x[7] > 0.0036833638886256217 AND x[10] > 3.8992739806364312 AND x[1] <= -0.21831032766726416,5,3,exkmc_0.0.3
rich,20260805,4,15,11,11,1,4,1,purchase_occasion_count,1.0,1.0,-0.21831032766726416,log1p_then_standardize,<=,x[10] > -1.9021513423199352 AND x[1] <= 2.8848336472518796 AND x[7] > 0.0036833638886256217 AND x[10] > 3.8992739806364312 AND x[1] <= -0.21831032766726416,5,3,exkmc_0.0.3
rich,20260805,4,15,12,12,2,0,10,distinct_top_categories,5.3290705182007656e-15,5.3290705182007656e-15,-1.9021513423199352,log1p_then_standardize,>,x[10] > -1.9021513423199352 AND x[1] <= 2.8848336472518796 AND x[7] > 0.0036833638886256217 AND x[10] > 3.8992739806364312 AND x[1] > -0.21831032766726416,5,11,exkmc_0.0.3
rich,20260805,4,15,12,12,2,1,1,purchase_occasion_count,3.9999999999999996,3.9999999999999996,2.8848336472518796,log1p_then_standardize,<=,x[10] > -1.9021513423199352 AND x[1] <= 2.8848336472518796 AND x[7] > 0.0036833638886256217 AND x[10] > 3.8992739806364312 AND x[1] > -0.21831032766726416,5,11,exkmc_0.0.3
rich,20260805,4,15,12,12,2,2,7,activity_span_days,1.8233806365740737,1.8233806365740737,0.0036833638886256217,log1p_then_standardize,>,x[10] > -1.9021513423199352 AND x[1] <= 2.8848336472518796 AND x[7] > 0.0036833638886256217 AND x[10] > 3.8992739806364312 AND x[1] > -0.21831032766726416,5,11,exkmc_0.0.3
rich,20260805,4,15,12,12,2,3,10,distinct_top_categories,9.000000000000002,9.000000000000002,3.899273980636431,log1p_then_standardize,>,x[10] > -1.9021513423199352 AND x[1] <= 2.8848336472518796 AND x[7] > 0.0036833638886256217 AND x[10] > 3.8992739806364312 AND x[1] > -0.21831032766726416,5,11,exkmc_0.0.3
rich,20260805,4,15,12,12,2,4,1,purchase_occasion_count,1.0,1.0,-0.21831032766726416,log1p_then_standardize,>,x[10] > -1.9021513423199352 AND x[1] <= 2.8848336472518796 AND x[7] > 0.0036833638886256217 AND x[10] > 3.8992739806364312 AND x[1] > -0.21831032766726416,5,11,exkmc_0.0.3
rich,20260805,4,15,13,13,3,0,10,distinct_top_categories,5.3290705182007656e-15,5.3290705182007656e-15,-1.9021513423199352,log1p_then_standardize,>,x[10] > -1.9021513423199352 AND x[1] > 2.8848336472518796 AND x[3] <= 1.4018817915434529,3,4,exkmc_0.0.3
rich,20260805,4,15,13,13,3,1,1,purchase_occasion_count,3.9999999999999996,3.9999999999999996,2.8848336472518796,log1p_then_standardize,>,x[10] > -1.9021513423199352 AND x[1] > 2.8848336472518796 AND x[3] <= 1.4018817915434529,3,4,exkmc_0.0.3
rich,20260805,4,15,13,13,3,2,3,total_events,29.000000000000004,29.000000000000004,1.401881791543453,log1p_then_standardize,<=,x[10] > -1.9021513423199352 AND x[1] > 2.8848336472518796 AND x[3] <= 1.4018817915434529,3,4,exkmc_0.0.3
rich,20260805,4,15,14,14,2,0,10,distinct_top_categories,5.3290705182007656e-15,5.3290705182007656e-15,-1.9021513423199352,log1p_then_standardize,>,x[10] > -1.9021513423199352 AND x[1] > 2.8848336472518796 AND x[3] > 1.4018817915434529,3,104,exkmc_0.0.3
rich,20260805,4,15,14,14,2,1,1,purchase_occasion_count,3.9999999999999996,3.9999999999999996,2.8848336472518796,log1p_then_standardize,>,x[10] > -1.9021513423199352 AND x[1] > 2.8848336472518796 AND x[3] > 1.4018817915434529,3,104,exkmc_0.0.3
rich,20260805,4,15,14,14,2,2,3,total_events,29.000000000000004,29.000000000000004,1.401881791543453,log1p_then_standardize,>,x[10] > -1.9021513423199352 AND x[1] > 2.8848336472518796 AND x[3] > 1.4018817915434529,3,104,exkmc_0.0.3
rich,20260805,4,16,0,0,0,0,10,distinct_top_categories,5.3290705182007656e-15,5.3290705182007656e-15,-1.9021513423199352,log1p_then_standardize,<=,x[10] <= -1.9021513423199352 AND x[4] <= 1.5935236065707352 AND x[1] <= 4.4765652664300886,3,914,exkmc_0.0.3
rich,20260805,4,16,0,0,0,1,4,active_days,5.0,5.0,1.5935236065707352,log1p_then_standardize,<=,x[10] <= -1.9021513423199352 AND x[4] <= 1.5935236065707352 AND x[1] <= 4.4765652664300886,3,914,exkmc_0.0.3
rich,20260805,4,16,0,0,0,2,1,purchase_occasion_count,6.999999999999998,6.999999999999998,4.476565266430089,log1p_then_standardize,<=,x[10] <= -1.9021513423199352 AND x[4] <= 1.5935236065707352 AND x[1] <= 4.4765652664300886,3,914,exkmc_0.0.3
rich,20260805,4,16,1,1,2,0,10,distinct_top_categories,5.3290705182007656e-15,5.3290705182007656e-15,-1.9021513423199352,log1p_then_standardize,<=,x[10] <= -1.9021513423199352 AND x[4] <= 1.5935236065707352 AND x[1] > 4.4765652664300886,3,1,exkmc_0.0.3
rich,20260805,4,16,1,1,2,1,4,active_days,5.0,5.0,1.5935236065707352,log1p_then_standardize,<=,x[10] <= -1.9021513423199352 AND x[4] <= 1.5935236065707352 AND x[1] > 4.4765652664300886,3,1,exkmc_0.0.3
rich,20260805,4,16,1,1,2,2,1,purchase_occasion_count,6.999999999999998,6.999999999999998,4.476565266430089,log1p_then_standardize,>,x[10] <= -1.9021513423199352 AND x[4] <= 1.5935236065707352 AND x[1] > 4.4765652664300886,3,1,exkmc_0.0.3
rich,20260805,4,16,2,2,1,0,10,distinct_top_categories,5.3290705182007656e-15,5.3290705182007656e-15,-1.9021513423199352,log1p_then_standardize,<=,x[10] <= -1.9021513423199352 AND x[4] > 1.5935236065707352,2,4,exkmc_0.0.3
rich,20260805,4,16,2,2,1,1,4,active_days,5.0,5.0,1.5935236065707352,log1p_then_standardize,>,x[10] <= -1.9021513423199352 AND x[4] > 1.5935236065707352,2,4,exkmc_0.0.3
rich,20260805,4,16,3,3,3,0,10,distinct_top_categories,5.3290705182007656e-15,5.3290705182007656e-15,-1.9021513423199352,log1p_then_standardize,>,x[10] > -1.9021513423199352 AND x[1] <= 2.8848336472518796 AND x[7] <= 0.0036833638886256217 AND x[9] <= 0.72108607949579473 AND x[3] <= 2.3497926218931107 AND x[4] <= 0.17875120996342164,6,5341,exkmc_0.0.3
rich,20260805,4,16,3,3,3,1,1,purchase_occasion_count,3.9999999999999996,3.9999999999999996,2.8848336472518796,log1p_then_standardize,<=,x[10] > -1.9021513423199352 AND x[1] <= 2.8848336472518796 AND x[7] <= 0.0036833638886256217 AND x[9] <= 0.72108607949579473 AND x[3] <= 2.3497926218931107 AND x[4] <= 0.17875120996342164,6,5341,exkmc_0.0.3
rich,20260805,4,16,3,3,3,2,7,activity_span_days,1.8233806365740737,1.8233806365740737,0.0036833638886256217,log1p_then_standardize,<=,x[10] > -1.9021513423199352 AND x[1] <= 2.8848336472518796 AND x[7] <= 0.0036833638886256217 AND x[9] <= 0.72108607949579473 AND x[3] <= 2.3497926218931107 AND x[4] <= 0.17875120996342164,6,5341,exkmc_0.0.3
rich,20260805,4,16,3,3,3,3,9,session_count_30m,3.9999999999999996,3.9999999999999996,0.7210860794957947,log1p_then_standardize,<=,x[10] > -1.9021513423199352 AND x[1] <= 2.8848336472518796 AND x[7] <= 0.0036833638886256217 AND x[9] <= 0.72108607949579473 AND x[3] <= 2.3497926218931107 AND x[4] <= 0.17875120996342164,6,5341,exkmc_0.0.3
rich,20260805,4,16,3,3,3,4,3,total_events,68.00000000000001,68.00000000000001,2.3497926218931107,log1p_then_standardize,<=,x[10] > -1.9021513423199352 AND x[1] <= 2.8848336472518796 AND x[7] <= 0.0036833638886256217 AND x[9] <= 0.72108607949579473 AND x[3] <= 2.3497926218931107 AND x[4] <= 0.17875120996342164,6,5341,exkmc_0.0.3
rich,20260805,4,16,3,3,3,5,4,active_days,2.0000000000000004,2.0000000000000004,0.17875120996342164,log1p_then_standardize,<=,x[10] > -1.9021513423199352 AND x[1] <= 2.8848336472518796 AND x[7] <= 0.0036833638886256217 AND x[9] <= 0.72108607949579473 AND x[3] <= 2.3497926218931107 AND x[4] <= 0.17875120996342164,6,5341,exkmc_0.0.3
rich,20260805,4,16,4,4,1,0,10,distinct_top_categories,5.3290705182007656e-15,5.3290705182007656e-15,-1.9021513423199352,log1p_then_standardize,>,x[10] > -1.9021513423199352 AND x[1] <= 2.8848336472518796 AND x[7] <= 0.0036833638886256217 AND x[9] <= 0.72108607949579473 AND x[3] <= 2.3497926218931107 AND x[4] > 0.17875120996342164,6,22,exkmc_0.0.3
rich,20260805,4,16,4,4,1,1,1,purchase_occasion_count,3.9999999999999996,3.9999999999999996,2.8848336472518796,log1p_then_standardize,<=,x[10] > -1.9021513423199352 AND x[1] <= 2.8848336472518796 AND x[7] <= 0.0036833638886256217 AND x[9] <= 0.72108607949579473 AND x[3] <= 2.3497926218931107 AND x[4] > 0.17875120996342164,6,22,exkmc_0.0.3
rich,20260805,4,16,4,4,1,2,7,activity_span_days,1.8233806365740737,1.8233806365740737,0.0036833638886256217,log1p_then_standardize,<=,x[10] > -1.9021513423199352 AND x[1] <= 2.8848336472518796 AND x[7] <= 0.0036833638886256217 AND x[9] <= 0.72108607949579473 AND x[3] <= 2.3497926218931107 AND x[4] > 0.17875120996342164,6,22,exkmc_0.0.3
rich,20260805,4,16,4,4,1,3,9,session_count_30m,3.9999999999999996,3.9999999999999996,0.7210860794957947,log1p_then_standardize,<=,x[10] > -1.9021513423199352 AND x[1] <= 2.8848336472518796 AND x[7] <= 0.0036833638886256217 AND x[9] <= 0.72108607949579473 AND x[3] <= 2.3497926218931107 AND x[4] > 0.17875120996342164,6,22,exkmc_0.0.3
rich,20260805,4,16,4,4,1,4,3,total_events,68.00000000000001,68.00000000000001,2.3497926218931107,log1p_then_standardize,<=,x[10] > -1.9021513423199352 AND x[1] <= 2.8848336472518796 AND x[7] <= 0.0036833638886256217 AND x[9] <= 0.72108607949579473 AND x[3] <= 2.3497926218931107 AND x[4] > 0.17875120996342164,6,22,exkmc_0.0.3
rich,20260805,4,16,4,4,1,5,4,active_days,2.0000000000000004,2.0000000000000004,0.17875120996342164,log1p_then_standardize,>,x[10] > -1.9021513423199352 AND x[1] <= 2.8848336472518796 AND x[7] <= 0.0036833638886256217 AND x[9] <= 0.72108607949579473 AND x[3] <= 2.3497926218931107 AND x[4] > 0.17875120996342164,6,22,exkmc_0.0.3
rich,20260805,4,16,5,5,1,0,10,distinct_top_categories,5.3290705182007656e-15,5.3290705182007656e-15,-1.9021513423199352,log1p_then_standardize,>,x[10] > -1.9021513423199352 AND x[1] <= 2.8848336472518796 AND x[7] <= 0.0036833638886256217 AND x[9] <= 0.72108607949579473 AND x[3] > 2.3497926218931107,5,11,exkmc_0.0.3
rich,20260805,4,16,5,5,1,1,1,purchase_occasion_count,3.9999999999999996,3.9999999999999996,2.8848336472518796,log1p_then_standardize,<=,x[10] > -1.9021513423199352 AND x[1] <= 2.8848336472518796 AND x[7] <= 0.0036833638886256217 AND x[9] <= 0.72108607949579473 AND x[3] > 2.3497926218931107,5,11,exkmc_0.0.3
rich,20260805,4,16,5,5,1,2,7,activity_span_days,1.8233806365740737,1.8233806365740737,0.0036833638886256217,log1p_then_standardize,<=,x[10] > -1.9021513423199352 AND x[1] <= 2.8848336472518796 AND x[7] <= 0.0036833638886256217 AND x[9] <= 0.72108607949579473 AND x[3] > 2.3497926218931107,5,11,exkmc_0.0.3
rich,20260805,4,16,5,5,1,3,9,session_count_30m,3.9999999999999996,3.9999999999999996,0.7210860794957947,log1p_then_standardize,<=,x[10] > -1.9021513423199352 AND x[1] <= 2.8848336472518796 AND x[7] <= 0.0036833638886256217 AND x[9] <= 0.72108607949579473 AND x[3] > 2.3497926218931107,5,11,exkmc_0.0.3
rich,20260805,4,16,5,5,1,4,3,total_events,68.00000000000001,68.00000000000001,2.3497926218931107,log1p_then_standardize,>,x[10] > -1.9021513423199352 AND x[1] <= 2.8848336472518796 AND x[7] <= 0.0036833638886256217 AND x[9] <= 0.72108607949579473 AND x[3] > 2.3497926218931107,5,11,exkmc_0.0.3
rich,20260805,4,16,6,6,3,0,10,distinct_top_categories,5.3290705182007656e-15,5.3290705182007656e-15,-1.9021513423199352,log1p_then_standardize,>,x[10] > -1.9021513423199352 AND x[1] <= 2.8848336472518796 AND x[7] <= 0.0036833638886256217 AND x[9] > 0.72108607949579473 AND x[4] <= -0.64883758910725631,5,10,exkmc_0.0.3
rich,20260805,4,16,6,6,3,1,1,purchase_occasion_count,3.9999999999999996,3.9999999999999996,2.8848336472518796,log1p_then_standardize,<=,x[10] > -1.9021513423199352 AND x[1] <= 2.8848336472518796 AND x[7] <= 0.0036833638886256217 AND x[9] > 0.72108607949579473 AND x[4] <= -0.64883758910725631,5,10,exkmc_0.0.3
rich,20260805,4,16,6,6,3,2,7,activity_span_days,1.8233806365740737,1.8233806365740737,0.0036833638886256217,log1p_then_standardize,<=,x[10] > -1.9021513423199352 AND x[1] <= 2.8848336472518796 AND x[7] <= 0.0036833638886256217 AND x[9] > 0.72108607949579473 AND x[4] <= -0.64883758910725631,5,10,exkmc_0.0.3
rich,20260805,4,16,6,6,3,3,9,session_count_30m,3.9999999999999996,3.9999999999999996,0.7210860794957947,log1p_then_standardize,>,x[10] > -1.9021513423199352 AND x[1] <= 2.8848336472518796 AND x[7] <= 0.0036833638886256217 AND x[9] > 0.72108607949579473 AND x[4] <= -0.64883758910725631,5,10,exkmc_0.0.3
rich,20260805,4,16,6,6,3,4,4,active_days,1.0,1.0,-0.6488375891072563,log1p_then_standardize,<=,x[10] > -1.9021513423199352 AND x[1] <= 2.8848336472518796 AND x[7] <= 0.0036833638886256217 AND x[9] > 0.72108607949579473 AND x[4] <= -0.64883758910725631,5,10,exkmc_0.0.3
rich,20260805,4,16,7,7,1,0,10,distinct_top_categories,5.3290705182007656e-15,5.3290705182007656e-15,-1.9021513423199352,log1p_then_standardize,>,x[10] > -1.9021513423199352 AND x[1] <= 2.8848336472518796 AND x[7] <= 0.0036833638886256217 AND x[9] > 0.72108607949579473 AND x[4] > -0.64883758910725631,5,58,exkmc_0.0.3
rich,20260805,4,16,7,7,1,1,1,purchase_occasion_count,3.9999999999999996,3.9999999999999996,2.8848336472518796,log1p_then_standardize,<=,x[10] > -1.9021513423199352 AND x[1] <= 2.8848336472518796 AND x[7] <= 0.0036833638886256217 AND x[9] > 0.72108607949579473 AND x[4] > -0.64883758910725631,5,58,exkmc_0.0.3
rich,20260805,4,16,7,7,1,2,7,activity_span_days,1.8233806365740737,1.8233806365740737,0.0036833638886256217,log1p_then_standardize,<=,x[10] > -1.9021513423199352 AND x[1] <= 2.8848336472518796 AND x[7] <= 0.0036833638886256217 AND x[9] > 0.72108607949579473 AND x[4] > -0.64883758910725631,5,58,exkmc_0.0.3
rich,20260805,4,16,7,7,1,3,9,session_count_30m,3.9999999999999996,3.9999999999999996,0.7210860794957947,log1p_then_standardize,>,x[10] > -1.9021513423199352 AND x[1] <= 2.8848336472518796 AND x[7] <= 0.0036833638886256217 AND x[9] > 0.72108607949579473 AND x[4] > -0.64883758910725631,5,58,exkmc_0.0.3
rich,20260805,4,16,7,7,1,4,4,active_days,1.0,1.0,-0.6488375891072563,log1p_then_standardize,>,x[10] > -1.9021513423199352 AND x[1] <= 2.8848336472518796 AND x[7] <= 0.0036833638886256217 AND x[9] > 0.72108607949579473 AND x[4] > -0.64883758910725631,5,58,exkmc_0.0.3
rich,20260805,4,16,8,8,1,0,10,distinct_top_categories,5.3290705182007656e-15,5.3290705182007656e-15,-1.9021513423199352,log1p_then_standardize,>,x[10] > -1.9021513423199352 AND x[1] <= 2.8848336472518796 AND x[7] > 0.0036833638886256217 AND x[10] <= 3.8992739806364312 AND x[2] <= 5.01327138250441 AND x[6] <= 2.2806698692150329 AND x[5] <= 4.6263478697062625,7,2876,exkmc_0.0.3
rich,20260805,4,16,8,8,1,1,1,purchase_occasion_count,3.9999999999999996,3.9999999999999996,2.8848336472518796,log1p_then_standardize,<=,x[10] > -1.9021513423199352 AND x[1] <= 2.8848336472518796 AND x[7] > 0.0036833638886256217 AND x[10] <= 3.8992739806364312 AND x[2] <= 5.01327138250441 AND x[6] <= 2.2806698692150329 AND x[5] <= 4.6263478697062625,7,2876,exkmc_0.0.3
rich,20260805,4,16,8,8,1,2,7,activity_span_days,1.8233806365740737,1.8233806365740737,0.0036833638886256217,log1p_then_standardize,>,x[10] > -1.9021513423199352 AND x[1] <= 2.8848336472518796 AND x[7] > 0.0036833638886256217 AND x[10] <= 3.8992739806364312 AND x[2] <= 5.01327138250441 AND x[6] <= 2.2806698692150329 AND x[5] <= 4.6263478697062625,7,2876,exkmc_0.0.3
rich,20260805,4,16,8,8,1,3,10,distinct_top_categories,9.000000000000002,9.000000000000002,3.899273980636431,log1p_then_standardize,<=,x[10] > -1.9021513423199352 AND x[1] <= 2.8848336472518796 AND x[7] > 0.0036833638886256217 AND x[10] <= 3.8992739806364312 AND x[2] <= 5.01327138250441 AND x[6] <= 2.2806698692150329 AND x[5] <= 4.6263478697062625,7,2876,exkmc_0.0.3
rich,20260805,4,16,8,8,1,4,2,purchase_event_count,16.0,16.0,5.01327138250441,log1p_then_standardize,<=,x[10] > -1.9021513423199352 AND x[1] <= 2.8848336472518796 AND x[7] > 0.0036833638886256217 AND x[10] <= 3.8992739806364312 AND x[2] <= 5.01327138250441 AND x[6] <= 2.2806698692150329 AND x[5] <= 4.6263478697062625,7,2876,exkmc_0.0.3
rich,20260805,4,16,8,8,1,5,6,transaction_per_view,1.3333333333333333,1.3333333333333333,2.280669869215033,standardize,<=,x[10] > -1.9021513423199352 AND x[1] <= 2.8848336472518796 AND x[7] > 0.0036833638886256217 AND x[10] <= 3.8992739806364312 AND x[2] <= 5.01327138250441 AND x[6] <= 2.2806698692150329 AND x[5] <= 4.6263478697062625,7,2876,exkmc_0.0.3
rich,20260805,4,16,8,8,1,6,5,cart_per_view,2.5,2.5,4.6263478697062625,standardize,<=,x[10] > -1.9021513423199352 AND x[1] <= 2.8848336472518796 AND x[7] > 0.0036833638886256217 AND x[10] <= 3.8992739806364312 AND x[2] <= 5.01327138250441 AND x[6] <= 2.2806698692150329 AND x[5] <= 4.6263478697062625,7,2876,exkmc_0.0.3
rich,20260805,4,16,9,9,3,0,10,distinct_top_categories,5.3290705182007656e-15,5.3290705182007656e-15,-1.9021513423199352,log1p_then_standardize,>,x[10] > -1.9021513423199352 AND x[1] <= 2.8848336472518796 AND x[7] > 0.0036833638886256217 AND x[10] <= 3.8992739806364312 AND x[2] <= 5.01327138250441 AND x[6] <= 2.2806698692150329 AND x[5] > 4.6263478697062625,7,1,exkmc_0.0.3
rich,20260805,4,16,9,9,3,1,1,purchase_occasion_count,3.9999999999999996,3.9999999999999996,2.8848336472518796,log1p_then_standardize,<=,x[10] > -1.9021513423199352 AND x[1] <= 2.8848336472518796 AND x[7] > 0.0036833638886256217 AND x[10] <= 3.8992739806364312 AND x[2] <= 5.01327138250441 AND x[6] <= 2.2806698692150329 AND x[5] > 4.6263478697062625,7,1,exkmc_0.0.3
rich,20260805,4,16,9,9,3,2,7,activity_span_days,1.8233806365740737,1.8233806365740737,0.0036833638886256217,log1p_then_standardize,>,x[10] > -1.9021513423199352 AND x[1] <= 2.8848336472518796 AND x[7] > 0.0036833638886256217 AND x[10] <= 3.8992739806364312 AND x[2] <= 5.01327138250441 AND x[6] <= 2.2806698692150329 AND x[5] > 4.6263478697062625,7,1,exkmc_0.0.3
rich,20260805,4,16,9,9,3,3,10,distinct_top_categories,9.000000000000002,9.000000000000002,3.899273980636431,log1p_then_standardize,<=,x[10] > -1.9021513423199352 AND x[1] <= 2.8848336472518796 AND x[7] > 0.0036833638886256217 AND x[10] <= 3.8992739806364312 AND x[2] <= 5.01327138250441 AND x[6] <= 2.2806698692150329 AND x[5] > 4.6263478697062625,7,1,exkmc_0.0.3
rich,20260805,4,16,9,9,3,4,2,purchase_event_count,16.0,16.0,5.01327138250441,log1p_then_standardize,<=,x[10] > -1.9021513423199352 AND x[1] <= 2.8848336472518796 AND x[7] > 0.0036833638886256217 AND x[10] <= 3.8992739806364312 AND x[2] <= 5.01327138250441 AND x[6] <= 2.2806698692150329 AND x[5] > 4.6263478697062625,7,1,exkmc_0.0.3
rich,20260805,4,16,9,9,3,5,6,transaction_per_view,1.3333333333333333,1.3333333333333333,2.280669869215033,standardize,<=,x[10] > -1.9021513423199352 AND x[1] <= 2.8848336472518796 AND x[7] > 0.0036833638886256217 AND x[10] <= 3.8992739806364312 AND x[2] <= 5.01327138250441 AND x[6] <= 2.2806698692150329 AND x[5] > 4.6263478697062625,7,1,exkmc_0.0.3
rich,20260805,4,16,9,9,3,6,5,cart_per_view,2.5,2.5,4.6263478697062625,standardize,>,x[10] > -1.9021513423199352 AND x[1] <= 2.8848336472518796 AND x[7] > 0.0036833638886256217 AND x[10] <= 3.8992739806364312 AND x[2] <= 5.01327138250441 AND x[6] <= 2.2806698692150329 AND x[5] > 4.6263478697062625,7,1,exkmc_0.0.3
rich,20260805,4,16,10,10,3,0,10,distinct_top_categories,5.3290705182007656e-15,5.3290705182007656e-15,-1.9021513423199352,log1p_then_standardize,>,x[10] > -1.9021513423199352 AND x[1] <= 2.8848336472518796 AND x[7] > 0.0036833638886256217 AND x[10] <= 3.8992739806364312 AND x[2] <= 5.01327138250441 AND x[6] > 2.2806698692150329,6,12,exkmc_0.0.3
rich,20260805,4,16,10,10,3,1,1,purchase_occasion_count,3.9999999999999996,3.9999999999999996,2.8848336472518796,log1p_then_standardize,<=,x[10] > -1.9021513423199352 AND x[1] <= 2.8848336472518796 AND x[7] > 0.0036833638886256217 AND x[10] <= 3.8992739806364312 AND x[2] <= 5.01327138250441 AND x[6] > 2.2806698692150329,6,12,exkmc_0.0.3
rich,20260805,4,16,10,10,3,2,7,activity_span_days,1.8233806365740737,1.8233806365740737,0.0036833638886256217,log1p_then_standardize,>,x[10] > -1.9021513423199352 AND x[1] <= 2.8848336472518796 AND x[7] > 0.0036833638886256217 AND x[10] <= 3.8992739806364312 AND x[2] <= 5.01327138250441 AND x[6] > 2.2806698692150329,6,12,exkmc_0.0.3
rich,20260805,4,16,10,10,3,3,10,distinct_top_categories,9.000000000000002,9.000000000000002,3.899273980636431,log1p_then_standardize,<=,x[10] > -1.9021513423199352 AND x[1] <= 2.8848336472518796 AND x[7] > 0.0036833638886256217 AND x[10] <= 3.8992739806364312 AND x[2] <= 5.01327138250441 AND x[6] > 2.2806698692150329,6,12,exkmc_0.0.3
rich,20260805,4,16,10,10,3,4,2,purchase_event_count,16.0,16.0,5.01327138250441,log1p_then_standardize,<=,x[10] > -1.9021513423199352 AND x[1] <= 2.8848336472518796 AND x[7] > 0.0036833638886256217 AND x[10] <= 3.8992739806364312 AND x[2] <= 5.01327138250441 AND x[6] > 2.2806698692150329,6,12,exkmc_0.0.3
rich,20260805,4,16,10,10,3,5,6,transaction_per_view,1.3333333333333333,1.3333333333333333,2.280669869215033,standardize,>,x[10] > -1.9021513423199352 AND x[1] <= 2.8848336472518796 AND x[7] > 0.0036833638886256217 AND x[10] <= 3.8992739806364312 AND x[2] <= 5.01327138250441 AND x[6] > 2.2806698692150329,6,12,exkmc_0.0.3
rich,20260805,4,16,11,11,2,0,10,distinct_top_categories,5.3290705182007656e-15,5.3290705182007656e-15,-1.9021513423199352,log1p_then_standardize,>,x[10] > -1.9021513423199352 AND x[1] <= 2.8848336472518796 AND x[7] > 0.0036833638886256217 AND x[10] <= 3.8992739806364312 AND x[2] > 5.01327138250441,5,3,exkmc_0.0.3
rich,20260805,4,16,11,11,2,1,1,purchase_occasion_count,3.9999999999999996,3.9999999999999996,2.8848336472518796,log1p_then_standardize,<=,x[10] > -1.9021513423199352 AND x[1] <= 2.8848336472518796 AND x[7] > 0.0036833638886256217 AND x[10] <= 3.8992739806364312 AND x[2] > 5.01327138250441,5,3,exkmc_0.0.3
rich,20260805,4,16,11,11,2,2,7,activity_span_days,1.8233806365740737,1.8233806365740737,0.0036833638886256217,log1p_then_standardize,>,x[10] > -1.9021513423199352 AND x[1] <= 2.8848336472518796 AND x[7] > 0.0036833638886256217 AND x[10] <= 3.8992739806364312 AND x[2] > 5.01327138250441,5,3,exkmc_0.0.3
rich,20260805,4,16,11,11,2,3,10,distinct_top_categories,9.000000000000002,9.000000000000002,3.899273980636431,log1p_then_standardize,<=,x[10] > -1.9021513423199352 AND x[1] <= 2.8848336472518796 AND x[7] > 0.0036833638886256217 AND x[10] <= 3.8992739806364312 AND x[2] > 5.01327138250441,5,3,exkmc_0.0.3
rich,20260805,4,16,11,11,2,4,2,purchase_event_count,16.0,16.0,5.01327138250441,log1p_then_standardize,>,x[10] > -1.9021513423199352 AND x[1] <= 2.8848336472518796 AND x[7] > 0.0036833638886256217 AND x[10] <= 3.8992739806364312 AND x[2] > 5.01327138250441,5,3,exkmc_0.0.3
rich,20260805,4,16,12,12,1,0,10,distinct_top_categories,5.3290705182007656e-15,5.3290705182007656e-15,-1.9021513423199352,log1p_then_standardize,>,x[10] > -1.9021513423199352 AND x[1] <= 2.8848336472518796 AND x[7] > 0.0036833638886256217 AND x[10] > 3.8992739806364312 AND x[1] <= -0.21831032766726416,5,3,exkmc_0.0.3
rich,20260805,4,16,12,12,1,1,1,purchase_occasion_count,3.9999999999999996,3.9999999999999996,2.8848336472518796,log1p_then_standardize,<=,x[10] > -1.9021513423199352 AND x[1] <= 2.8848336472518796 AND x[7] > 0.0036833638886256217 AND x[10] > 3.8992739806364312 AND x[1] <= -0.21831032766726416,5,3,exkmc_0.0.3
rich,20260805,4,16,12,12,1,2,7,activity_span_days,1.8233806365740737,1.8233806365740737,0.0036833638886256217,log1p_then_standardize,>,x[10] > -1.9021513423199352 AND x[1] <= 2.8848336472518796 AND x[7] > 0.0036833638886256217 AND x[10] > 3.8992739806364312 AND x[1] <= -0.21831032766726416,5,3,exkmc_0.0.3
rich,20260805,4,16,12,12,1,3,10,distinct_top_categories,9.000000000000002,9.000000000000002,3.899273980636431,log1p_then_standardize,>,x[10] > -1.9021513423199352 AND x[1] <= 2.8848336472518796 AND x[7] > 0.0036833638886256217 AND x[10] > 3.8992739806364312 AND x[1] <= -0.21831032766726416,5,3,exkmc_0.0.3
rich,20260805,4,16,12,12,1,4,1,purchase_occasion_count,1.0,1.0,-0.21831032766726416,log1p_then_standardize,<=,x[10] > -1.9021513423199352 AND x[1] <= 2.8848336472518796 AND x[7] > 0.0036833638886256217 AND x[10] > 3.8992739806364312 AND x[1] <= -0.21831032766726416,5,3,exkmc_0.0.3
rich,20260805,4,16,13,13,2,0,10,distinct_top_categories,5.3290705182007656e-15,5.3290705182007656e-15,-1.9021513423199352,log1p_then_standardize,>,x[10] > -1.9021513423199352 AND x[1] <= 2.8848336472518796 AND x[7] > 0.0036833638886256217 AND x[10] > 3.8992739806364312 AND x[1] > -0.21831032766726416,5,11,exkmc_0.0.3
rich,20260805,4,16,13,13,2,1,1,purchase_occasion_count,3.9999999999999996,3.9999999999999996,2.8848336472518796,log1p_then_standardize,<=,x[10] > -1.9021513423199352 AND x[1] <= 2.8848336472518796 AND x[7] > 0.0036833638886256217 AND x[10] > 3.8992739806364312 AND x[1] > -0.21831032766726416,5,11,exkmc_0.0.3
rich,20260805,4,16,13,13,2,2,7,activity_span_days,1.8233806365740737,1.8233806365740737,0.0036833638886256217,log1p_then_standardize,>,x[10] > -1.9021513423199352 AND x[1] <= 2.8848336472518796 AND x[7] > 0.0036833638886256217 AND x[10] > 3.8992739806364312 AND x[1] > -0.21831032766726416,5,11,exkmc_0.0.3
rich,20260805,4,16,13,13,2,3,10,distinct_top_categories,9.000000000000002,9.000000000000002,3.899273980636431,log1p_then_standardize,>,x[10] > -1.9021513423199352 AND x[1] <= 2.8848336472518796 AND x[7] > 0.0036833638886256217 AND x[10] > 3.8992739806364312 AND x[1] > -0.21831032766726416,5,11,exkmc_0.0.3
rich,20260805,4,16,13,13,2,4,1,purchase_occasion_count,1.0,1.0,-0.21831032766726416,log1p_then_standardize,>,x[10] > -1.9021513423199352 AND x[1] <= 2.8848336472518796 AND x[7] > 0.0036833638886256217 AND x[10] > 3.8992739806364312 AND x[1] > -0.21831032766726416,5,11,exkmc_0.0.3
rich,20260805,4,16,14,14,3,0,10,distinct_top_categories,5.3290705182007656e-15,5.3290705182007656e-15,-1.9021513423199352,log1p_then_standardize,>,x[10] > -1.9021513423199352 AND x[1] > 2.8848336472518796 AND x[3] <= 1.4018817915434529,3,4,exkmc_0.0.3
rich,20260805,4,16,14,14,3,1,1,purchase_occasion_count,3.9999999999999996,3.9999999999999996,2.8848336472518796,log1p_then_standardize,>,x[10] > -1.9021513423199352 AND x[1] > 2.8848336472518796 AND x[3] <= 1.4018817915434529,3,4,exkmc_0.0.3
rich,20260805,4,16,14,14,3,2,3,total_events,29.000000000000004,29.000000000000004,1.401881791543453,log1p_then_standardize,<=,x[10] > -1.9021513423199352 AND x[1] > 2.8848336472518796 AND x[3] <= 1.4018817915434529,3,4,exkmc_0.0.3
rich,20260805,4,16,15,15,2,0,10,distinct_top_categories,5.3290705182007656e-15,5.3290705182007656e-15,-1.9021513423199352,log1p_then_standardize,>,x[10] > -1.9021513423199352 AND x[1] > 2.8848336472518796 AND x[3] > 1.4018817915434529,3,104,exkmc_0.0.3
rich,20260805,4,16,15,15,2,1,1,purchase_occasion_count,3.9999999999999996,3.9999999999999996,2.8848336472518796,log1p_then_standardize,>,x[10] > -1.9021513423199352 AND x[1] > 2.8848336472518796 AND x[3] > 1.4018817915434529,3,104,exkmc_0.0.3
rich,20260805,4,16,15,15,2,2,3,total_events,29.000000000000004,29.000000000000004,1.401881791543453,log1p_then_standardize,>,x[10] > -1.9021513423199352 AND x[1] > 2.8848336472518796 AND x[3] > 1.4018817915434529,3,104,exkmc_0.0.3
